arm,score,threshold,TP,FP,FDR,precision,all_truth_recall,TP_retention,reportable_truth_recall,coverage,solver_FN,post_solver_true_loss
MILD_NNLS,rho_zero,0.002070645182677436,1,0,0.0,1.0,0.008,0.008,0.008,0.004739336492890996,0,124
MILD_NNLS,rho_zero,0.0015808966277790588,2,0,0.0,1.0,0.016,0.016,0.016,0.009478672985781991,0,123
MILD_NNLS,rho_zero,0.00035541208069585814,3,0,0.0,1.0,0.024,0.024,0.024,0.014218009478672985,0,122
MILD_NNLS,rho_zero,0.0002909273496917899,4,0,0.0,1.0,0.032,0.032,0.032,0.018957345971563982,0,121
MILD_NNLS,rho_zero,0.00024190180645163907,5,0,0.0,1.0,0.04,0.04,0.04,0.023696682464454975,0,120
MILD_NNLS,rho_zero,0.00018184137379182008,6,0,0.0,1.0,0.048,0.048,0.048,0.02843601895734597,0,119
MILD_NNLS,rho_zero,0.00012921013642358583,7,0,0.0,1.0,0.056,0.056,0.056,0.03317535545023697,0,118
MILD_NNLS,rho_zero,0.00010917467612850081,8,0,0.0,1.0,0.064,0.064,0.064,0.037914691943127965,0,117
MILD_NNLS,rho_zero,8.254303120015247e-05,9,0,0.0,1.0,0.072,0.072,0.072,0.04265402843601896,0,116
MILD_NNLS,rho_zero,7.446793528805293e-05,10,0,0.0,1.0,0.08,0.08,0.08,0.04739336492890995,0,115
MILD_NNLS,rho_zero,5.942505155796931e-05,11,0,0.0,1.0,0.088,0.088,0.088,0.052132701421800945,0,114
MILD_NNLS,rho_zero,5.8004979343681166e-05,12,0,0.0,1.0,0.096,0.096,0.096,0.05687203791469194,0,113
MILD_NNLS,rho_zero,5.420718097728402e-05,13,0,0.0,1.0,0.104,0.104,0.104,0.061611374407582936,0,112
MILD_NNLS,rho_zero,5.264267975691159e-05,14,0,0.0,1.0,0.112,0.112,0.112,0.06635071090047394,0,111
MILD_NNLS,rho_zero,5.131550505600969e-05,15,0,0.0,1.0,0.12,0.12,0.12,0.07109004739336493,0,110
MILD_NNLS,rho_zero,4.85505181597886e-05,16,0,0.0,1.0,0.128,0.128,0.128,0.07582938388625593,0,109
MILD_NNLS,rho_zero,4.767565484545883e-05,17,0,0.0,1.0,0.136,0.136,0.136,0.08056872037914692,0,108
MILD_NNLS,rho_zero,4.7214704469435585e-05,18,0,0.0,1.0,0.144,0.144,0.144,0.08530805687203792,0,107
MILD_NNLS,rho_zero,4.5061982021607466e-05,19,0,0.0,1.0,0.152,0.152,0.152,0.09004739336492891,0,106
MILD_NNLS,rho_zero,3.9999303122907696e-05,20,0,0.0,1.0,0.16,0.16,0.16,0.0947867298578199,0,105
MILD_NNLS,rho_zero,3.8554337605092954e-05,20,1,0.047619047619047616,0.9523809523809523,0.16,0.16,0.16,0.0995260663507109,0,105
MILD_NNLS,rho_zero,3.828690575080547e-05,21,1,0.045454545454545456,0.9545454545454546,0.168,0.168,0.168,0.10426540284360189,0,104
MILD_NNLS,rho_zero,3.7165958667292124e-05,22,1,0.043478260869565216,0.9565217391304348,0.176,0.176,0.176,0.10900473933649289,0,103
MILD_NNLS,rho_zero,2.9014858644664996e-05,23,1,0.041666666666666664,0.9583333333333334,0.184,0.184,0.184,0.11374407582938388,0,102
MILD_NNLS,rho_zero,2.884089101010703e-05,24,1,0.04,0.96,0.192,0.192,0.192,0.11848341232227488,0,101
MILD_NNLS,rho_zero,2.7148736016660327e-05,25,1,0.038461538461538464,0.9615384615384616,0.2,0.2,0.2,0.12322274881516587,0,100
MILD_NNLS,rho_zero,2.470147931174512e-05,26,1,0.037037037037037035,0.9629629629629629,0.208,0.208,0.208,0.12796208530805686,0,99
MILD_NNLS,rho_zero,2.365642657630528e-05,27,1,0.03571428571428571,0.9642857142857143,0.216,0.216,0.216,0.13270142180094788,0,98
MILD_NNLS,rho_zero,2.329625636972671e-05,28,1,0.034482758620689655,0.9655172413793104,0.224,0.224,0.224,0.13744075829383887,0,97
MILD_NNLS,rho_zero,2.2951148872229625e-05,28,2,0.06666666666666667,0.9333333333333333,0.224,0.224,0.224,0.14218009478672985,0,97
MILD_NNLS,rho_zero,2.213903556225154e-05,29,2,0.06451612903225806,0.9354838709677419,0.232,0.232,0.232,0.14691943127962084,0,96
MILD_NNLS,rho_zero,1.9950862623763457e-05,30,2,0.0625,0.9375,0.24,0.24,0.24,0.15165876777251186,0,95
MILD_NNLS,rho_zero,1.9403014256663548e-05,31,2,0.06060606060606061,0.9393939393939394,0.248,0.248,0.248,0.15639810426540285,0,94
MILD_NNLS,rho_zero,1.9372376049906116e-05,32,2,0.058823529411764705,0.9411764705882353,0.256,0.256,0.256,0.16113744075829384,0,93
MILD_NNLS,rho_zero,1.8564222906953895e-05,32,3,0.08571428571428572,0.9142857142857143,0.256,0.256,0.256,0.16587677725118483,0,93
MILD_NNLS,rho_zero,1.7543740552697457e-05,32,4,0.1111111111111111,0.8888888888888888,0.256,0.256,0.256,0.17061611374407584,0,93
MILD_NNLS,rho_zero,1.7512146450466613e-05,33,4,0.10810810810810811,0.8918918918918919,0.264,0.264,0.264,0.17535545023696683,0,92
MILD_NNLS,rho_zero,1.7247970376157353e-05,33,5,0.13157894736842105,0.868421052631579,0.264,0.264,0.264,0.18009478672985782,0,92
MILD_NNLS,rho_zero,1.6388739389102532e-05,34,5,0.1282051282051282,0.8717948717948718,0.272,0.272,0.272,0.1848341232227488,0,91
MILD_NNLS,rho_zero,1.4543012328957631e-05,35,5,0.125,0.875,0.28,0.28,0.28,0.1895734597156398,0,90
MILD_NNLS,rho_zero,1.3458915464334212e-05,36,5,0.12195121951219512,0.8780487804878049,0.288,0.288,0.288,0.1943127962085308,0,89
MILD_NNLS,rho_zero,1.3358524096542611e-05,36,6,0.14285714285714285,0.8571428571428571,0.288,0.288,0.288,0.1990521327014218,0,89
MILD_NNLS,rho_zero,1.3218154647409334e-05,37,6,0.13953488372093023,0.8604651162790697,0.296,0.296,0.296,0.2037914691943128,0,88
MILD_NNLS,rho_zero,1.1606919626331856e-05,37,7,0.1590909090909091,0.8409090909090909,0.296,0.296,0.296,0.20853080568720378,0,88
MILD_NNLS,rho_zero,1.0706220360063319e-05,38,7,0.15555555555555556,0.8444444444444444,0.304,0.304,0.304,0.2132701421800948,0,87
MILD_NNLS,rho_zero,1.0330772482951994e-05,38,8,0.17391304347826086,0.8260869565217391,0.304,0.304,0.304,0.21800947867298578,0,87
MILD_NNLS,rho_zero,9.806839998786968e-06,39,8,0.1702127659574468,0.8297872340425532,0.312,0.312,0.312,0.22274881516587677,0,86
MILD_NNLS,rho_zero,9.208863266961002e-06,40,8,0.16666666666666666,0.8333333333333334,0.32,0.32,0.32,0.22748815165876776,0,85
MILD_NNLS,rho_zero,9.019135255059453e-06,40,9,0.1836734693877551,0.8163265306122449,0.32,0.32,0.32,0.23222748815165878,0,85
MILD_NNLS,rho_zero,8.474893859679513e-06,40,10,0.2,0.8,0.32,0.32,0.32,0.23696682464454977,0,85
MILD_NNLS,rho_zero,7.658890297915767e-06,41,10,0.19607843137254902,0.803921568627451,0.328,0.328,0.328,0.24170616113744076,0,84
MILD_NNLS,rho_zero,7.640653914036409e-06,42,10,0.19230769230769232,0.8076923076923077,0.336,0.336,0.336,0.24644549763033174,0,83
MILD_NNLS,rho_zero,6.933346921735912e-06,43,10,0.18867924528301888,0.8113207547169812,0.344,0.344,0.344,0.25118483412322273,0,82
MILD_NNLS,rho_zero,6.1824595780249055e-06,43,11,0.2037037037037037,0.7962962962962963,0.344,0.344,0.344,0.2559241706161137,0,82
MILD_NNLS,rho_zero,6.1057144497455745e-06,43,12,0.21818181818181817,0.7818181818181819,0.344,0.344,0.344,0.26066350710900477,0,82
MILD_NNLS,rho_zero,6.011864886821913e-06,44,12,0.21428571428571427,0.7857142857142857,0.352,0.352,0.352,0.26540284360189575,0,81
MILD_NNLS,rho_zero,5.928902441520948e-06,45,12,0.21052631578947367,0.7894736842105263,0.36,0.36,0.36,0.27014218009478674,0,80
MILD_NNLS,rho_zero,5.8091438612578425e-06,46,12,0.20689655172413793,0.7931034482758621,0.368,0.368,0.368,0.27488151658767773,0,79
MILD_NNLS,rho_zero,5.563320381585912e-06,47,12,0.2033898305084746,0.7966101694915254,0.376,0.376,0.376,0.2796208530805687,0,78
MILD_NNLS,rho_zero,5.157507811758715e-06,48,12,0.2,0.8,0.384,0.384,0.384,0.2843601895734597,0,77
MILD_NNLS,rho_zero,5.0335288192311915e-06,49,12,0.19672131147540983,0.8032786885245902,0.392,0.392,0.392,0.2890995260663507,0,76
MILD_NNLS,rho_zero,4.882100253894233e-06,50,12,0.1935483870967742,0.8064516129032258,0.4,0.4,0.4,0.2938388625592417,0,75
MILD_NNLS,rho_zero,4.6078165220098575e-06,51,12,0.19047619047619047,0.8095238095238095,0.408,0.408,0.408,0.2985781990521327,0,74
MILD_NNLS,rho_zero,4.076341856791245e-06,52,12,0.1875,0.8125,0.416,0.416,0.416,0.3033175355450237,0,73
MILD_NNLS,rho_zero,3.719741916069899e-06,53,12,0.18461538461538463,0.8153846153846154,0.424,0.424,0.424,0.3080568720379147,0,72
MILD_NNLS,rho_zero,3.711634532459841e-06,54,12,0.18181818181818182,0.8181818181818182,0.432,0.432,0.432,0.3127962085308057,0,71
MILD_NNLS,rho_zero,3.4110935277019974e-06,55,12,0.1791044776119403,0.8208955223880597,0.44,0.44,0.44,0.3175355450236967,0,70
MILD_NNLS,rho_zero,3.213895515078806e-06,55,13,0.19117647058823528,0.8088235294117647,0.44,0.44,0.44,0.3222748815165877,0,70
MILD_NNLS,rho_zero,3.0396547484229727e-06,55,14,0.2028985507246377,0.7971014492753623,0.44,0.44,0.44,0.32701421800947866,0,70
MILD_NNLS,rho_zero,2.596508867838587e-06,55,15,0.21428571428571427,0.7857142857142857,0.44,0.44,0.44,0.33175355450236965,0,70
MILD_NNLS,rho_zero,2.3008224439347147e-06,56,15,0.2112676056338028,0.7887323943661971,0.448,0.448,0.448,0.33649289099526064,0,69
MILD_NNLS,rho_zero,2.2176691945372614e-06,56,16,0.2222222222222222,0.7777777777777778,0.448,0.448,0.448,0.3412322274881517,0,69
MILD_NNLS,rho_zero,1.9739720590925727e-06,56,17,0.2328767123287671,0.7671232876712328,0.448,0.448,0.448,0.3459715639810427,0,69
MILD_NNLS,rho_zero,1.9632249799889205e-06,57,17,0.22972972972972974,0.7702702702702703,0.456,0.456,0.456,0.35071090047393366,0,68
MILD_NNLS,rho_zero,1.9547166903403568e-06,58,17,0.22666666666666666,0.7733333333333333,0.464,0.464,0.464,0.35545023696682465,0,67
MILD_NNLS,rho_zero,1.9465127661081986e-06,59,17,0.2236842105263158,0.7763157894736842,0.472,0.472,0.472,0.36018957345971564,0,66
MILD_NNLS,rho_zero,1.7457523371189477e-06,60,17,0.22077922077922077,0.7792207792207793,0.48,0.48,0.48,0.36492890995260663,0,65
MILD_NNLS,rho_zero,1.7406337881408617e-06,61,17,0.21794871794871795,0.782051282051282,0.488,0.488,0.488,0.3696682464454976,0,64
MILD_NNLS,rho_zero,1.726494760920503e-06,62,17,0.21518987341772153,0.7848101265822784,0.496,0.496,0.496,0.3744075829383886,0,63
MILD_NNLS,rho_zero,1.7096233826733347e-06,62,18,0.225,0.775,0.496,0.496,0.496,0.3791469194312796,0,63
MILD_NNLS,rho_zero,1.5896968670285708e-06,63,18,0.2222222222222222,0.7777777777777778,0.504,0.504,0.504,0.38388625592417064,0,62
MILD_NNLS,rho_zero,1.3405515272793722e-06,63,19,0.23170731707317074,0.7682926829268293,0.504,0.504,0.504,0.3886255924170616,0,62
MILD_NNLS,rho_zero,1.3379837142782399e-06,64,19,0.2289156626506024,0.7710843373493976,0.512,0.512,0.512,0.3933649289099526,0,61
MILD_NNLS,rho_zero,1.3287116193309758e-06,65,19,0.2261904761904762,0.7738095238095238,0.52,0.52,0.52,0.3981042654028436,0,60
MILD_NNLS,rho_zero,1.2658698082906799e-06,66,19,0.2235294117647059,0.7764705882352941,0.528,0.528,0.528,0.4028436018957346,0,59
MILD_NNLS,rho_zero,1.1821317937721498e-06,66,20,0.23255813953488372,0.7674418604651163,0.528,0.528,0.528,0.4075829383886256,0,59
MILD_NNLS,rho_zero,1.1008056375859036e-06,66,21,0.2413793103448276,0.7586206896551724,0.528,0.528,0.528,0.41232227488151657,0,59
MILD_NNLS,rho_zero,1.090330298137343e-06,67,21,0.23863636363636365,0.7613636363636364,0.536,0.536,0.536,0.41706161137440756,0,58
MILD_NNLS,rho_zero,1.090299659591962e-06,68,21,0.23595505617977527,0.7640449438202247,0.544,0.544,0.544,0.4218009478672986,0,57
MILD_NNLS,rho_zero,1.0874742489116952e-06,68,22,0.24444444444444444,0.7555555555555555,0.544,0.544,0.544,0.4265402843601896,0,57
MILD_NNLS,rho_zero,9.072898632226733e-07,68,23,0.25274725274725274,0.7472527472527473,0.544,0.544,0.544,0.4312796208530806,0,57
MILD_NNLS,rho_zero,8.718766390187077e-07,69,23,0.25,0.75,0.552,0.552,0.552,0.43601895734597157,0,56
MILD_NNLS,rho_zero,8.030162348064791e-07,69,24,0.25806451612903225,0.7419354838709677,0.552,0.552,0.552,0.44075829383886256,0,56
MILD_NNLS,rho_zero,7.409885003223168e-07,70,24,0.2553191489361702,0.7446808510638298,0.56,0.56,0.56,0.44549763033175355,0,55
MILD_NNLS,rho_zero,7.183856999576672e-07,71,24,0.25263157894736843,0.7473684210526316,0.568,0.568,0.568,0.45023696682464454,0,54
MILD_NNLS,rho_zero,7.142282267242483e-07,71,25,0.2604166666666667,0.7395833333333334,0.568,0.568,0.568,0.4549763033175355,0,54
MILD_NNLS,rho_zero,7.132819448251793e-07,72,25,0.25773195876288657,0.7422680412371134,0.576,0.576,0.576,0.4597156398104265,0,53
MILD_NNLS,rho_zero,6.917752800400272e-07,73,25,0.25510204081632654,0.7448979591836735,0.584,0.584,0.584,0.46445497630331756,0,52
MILD_NNLS,rho_zero,6.849512970555647e-07,73,26,0.26262626262626265,0.7373737373737373,0.584,0.584,0.584,0.46919431279620855,0,52
MILD_NNLS,rho_zero,6.794001730614727e-07,74,26,0.26,0.74,0.592,0.592,0.592,0.47393364928909953,0,51
MILD_NNLS,rho_zero,6.784430086076244e-07,74,27,0.26732673267326734,0.7326732673267327,0.592,0.592,0.592,0.4786729857819905,0,51
MILD_NNLS,rho_zero,6.700814181229838e-07,74,28,0.27450980392156865,0.7254901960784313,0.592,0.592,0.592,0.4834123222748815,0,51
MILD_NNLS,rho_zero,6.277114508113899e-07,75,28,0.27184466019417475,0.7281553398058253,0.6,0.6,0.6,0.4881516587677725,0,50
MILD_NNLS,rho_zero,6.149296007707211e-07,75,29,0.27884615384615385,0.7211538461538461,0.6,0.6,0.6,0.4928909952606635,0,50
MILD_NNLS,rho_zero,5.849226620613857e-07,76,29,0.2761904761904762,0.7238095238095238,0.608,0.608,0.608,0.4976303317535545,0,49
MILD_NNLS,rho_zero,5.334277806883081e-07,76,30,0.2830188679245283,0.7169811320754716,0.608,0.608,0.608,0.5023696682464455,0,49
MILD_NNLS,rho_zero,5.135593729843997e-07,76,31,0.2897196261682243,0.7102803738317757,0.608,0.608,0.608,0.5071090047393365,0,49
MILD_NNLS,rho_zero,4.909797534784071e-07,77,31,0.28703703703703703,0.7129629629629629,0.616,0.616,0.616,0.5118483412322274,0,48
MILD_NNLS,rho_zero,4.6317622135604945e-07,77,32,0.29357798165137616,0.7064220183486238,0.616,0.616,0.616,0.5165876777251185,0,48
MILD_NNLS,rho_zero,3.4730254983860087e-07,77,33,0.3,0.7,0.616,0.616,0.616,0.5213270142180095,0,48
MILD_NNLS,rho_zero,3.117458540529789e-07,77,34,0.3063063063063063,0.6936936936936937,0.616,0.616,0.616,0.5260663507109005,0,48
MILD_NNLS,rho_zero,2.826494926257116e-07,77,35,0.3125,0.6875,0.616,0.616,0.616,0.5308056872037915,0,48
MILD_NNLS,rho_zero,2.76889556343824e-07,78,35,0.30973451327433627,0.6902654867256637,0.624,0.624,0.624,0.5355450236966824,0,47
MILD_NNLS,rho_zero,2.7244209733859825e-07,78,36,0.3157894736842105,0.6842105263157895,0.624,0.624,0.624,0.5402843601895735,0,47
MILD_NNLS,rho_zero,2.4007984944727786e-07,78,37,0.3217391304347826,0.6782608695652174,0.624,0.624,0.624,0.5450236966824644,0,47
MILD_NNLS,rho_zero,2.2826099457679038e-07,78,38,0.3275862068965517,0.6724137931034483,0.624,0.624,0.624,0.5497630331753555,0,47
MILD_NNLS,rho_zero,2.0194499964437213e-07,78,39,0.3333333333333333,0.6666666666666666,0.624,0.624,0.624,0.5545023696682464,0,47
MILD_NNLS,rho_zero,1.9880644236884497e-07,79,39,0.3305084745762712,0.6694915254237288,0.632,0.632,0.632,0.5592417061611374,0,46
MILD_NNLS,rho_zero,1.6863483420901576e-07,79,40,0.33613445378151263,0.6638655462184874,0.632,0.632,0.632,0.5639810426540285,0,46
MILD_NNLS,rho_zero,1.5799702338861383e-07,79,41,0.3416666666666667,0.6583333333333333,0.632,0.632,0.632,0.5687203791469194,0,46
MILD_NNLS,rho_zero,1.5317974788045981e-07,79,42,0.34710743801652894,0.6528925619834711,0.632,0.632,0.632,0.5734597156398105,0,46
MILD_NNLS,rho_zero,1.3451901312723516e-07,80,42,0.3442622950819672,0.6557377049180327,0.64,0.64,0.64,0.5781990521327014,0,45
MILD_NNLS,rho_zero,1.3196221071727676e-07,80,43,0.34959349593495936,0.6504065040650406,0.64,0.64,0.64,0.5829383886255924,0,45
MILD_NNLS,rho_zero,1.2745442857327864e-07,80,44,0.3548387096774194,0.6451612903225806,0.64,0.64,0.64,0.5876777251184834,0,45
MILD_NNLS,rho_zero,1.1454457500220701e-07,80,45,0.36,0.64,0.64,0.64,0.64,0.5924170616113744,0,45
MILD_NNLS,rho_zero,9.566292098304336e-08,80,46,0.36507936507936506,0.6349206349206349,0.64,0.64,0.64,0.5971563981042654,0,45
MILD_NNLS,rho_zero,9.265220323001758e-08,81,46,0.36220472440944884,0.6377952755905512,0.648,0.648,0.648,0.6018957345971564,0,44
MILD_NNLS,rho_zero,9.172086170267859e-08,81,47,0.3671875,0.6328125,0.648,0.648,0.648,0.6066350710900474,0,44
MILD_NNLS,rho_zero,9.049997496953484e-08,82,47,0.3643410852713178,0.6356589147286822,0.656,0.656,0.656,0.6113744075829384,0,43
MILD_NNLS,rho_zero,8.989085445777163e-08,83,47,0.36153846153846153,0.6384615384615384,0.664,0.664,0.664,0.6161137440758294,0,42
MILD_NNLS,rho_zero,6.84269940094514e-08,84,47,0.35877862595419846,0.6412213740458015,0.672,0.672,0.672,0.6208530805687204,0,41
MILD_NNLS,rho_zero,6.312731853660888e-08,84,48,0.36363636363636365,0.6363636363636364,0.672,0.672,0.672,0.6255924170616114,0,41
MILD_NNLS,rho_zero,5.091829618753391e-08,84,49,0.3684210526315789,0.631578947368421,0.672,0.672,0.672,0.6303317535545023,0,41
MILD_NNLS,rho_zero,4.1895751319354195e-08,84,50,0.373134328358209,0.6268656716417911,0.672,0.672,0.672,0.6350710900473934,0,41
MILD_NNLS,rho_zero,3.9087060114047604e-08,85,50,0.37037037037037035,0.6296296296296297,0.68,0.68,0.68,0.6398104265402843,0,40
MILD_NNLS,rho_zero,3.901584895451474e-08,85,51,0.375,0.625,0.68,0.68,0.68,0.6445497630331753,0,40
MILD_NNLS,rho_zero,3.776652699052412e-08,85,52,0.3795620437956204,0.6204379562043796,0.68,0.68,0.68,0.6492890995260664,0,40
MILD_NNLS,rho_zero,3.419002040045556e-08,86,52,0.37681159420289856,0.6231884057971014,0.688,0.688,0.688,0.6540284360189573,0,39
MILD_NNLS,rho_zero,3.325654413587819e-08,86,53,0.381294964028777,0.6187050359712231,0.688,0.688,0.688,0.6587677725118484,0,39
MILD_NNLS,rho_zero,2.919677675568251e-08,86,54,0.38571428571428573,0.6142857142857143,0.688,0.688,0.688,0.6635071090047393,0,39
MILD_NNLS,rho_zero,2.9056792623825783e-08,87,54,0.3829787234042553,0.6170212765957447,0.696,0.696,0.696,0.6682464454976303,0,38
MILD_NNLS,rho_zero,2.5763920432146425e-08,88,54,0.38028169014084506,0.6197183098591549,0.704,0.704,0.704,0.6729857819905213,0,37
MILD_NNLS,rho_zero,1.675518035817457e-08,88,55,0.38461538461538464,0.6153846153846154,0.704,0.704,0.704,0.6777251184834123,0,37
MILD_NNLS,rho_zero,1.2887134164824975e-08,89,55,0.3819444444444444,0.6180555555555556,0.712,0.712,0.712,0.6824644549763034,0,36
MILD_NNLS,rho_zero,8.810932391348591e-09,89,56,0.38620689655172413,0.6137931034482759,0.712,0.712,0.712,0.6872037914691943,0,36
MILD_NNLS,rho_zero,1.2613109430716862e-18,90,56,0.3835616438356164,0.6164383561643836,0.72,0.72,0.72,0.6919431279620853,0,35
MILD_NNLS,rho_zero,3.6037455516333895e-19,92,58,0.38666666666666666,0.6133333333333333,0.736,0.736,0.736,0.7109004739336493,0,33
MILD_NNLS,rho_zero,0.0,125,86,0.4075829383886256,0.5924170616113744,1.0,1.0,1.0,1.0,0,0
MILD_NNLS,X_hat,0.037443577055160784,1,0,0.0,1.0,0.008,0.008,0.008,0.004739336492890996,0,124
MILD_NNLS,X_hat,0.03286604268208233,2,0,0.0,1.0,0.016,0.016,0.016,0.009478672985781991,0,123
MILD_NNLS,X_hat,0.03255149535557404,3,0,0.0,1.0,0.024,0.024,0.024,0.014218009478672985,0,122
MILD_NNLS,X_hat,0.03128646223649208,4,0,0.0,1.0,0.032,0.032,0.032,0.018957345971563982,0,121
MILD_NNLS,X_hat,0.02955153571530705,5,0,0.0,1.0,0.04,0.04,0.04,0.023696682464454975,0,120
MILD_NNLS,X_hat,0.02952672701928366,6,0,0.0,1.0,0.048,0.048,0.048,0.02843601895734597,0,119
MILD_NNLS,X_hat,0.029429344631606996,7,0,0.0,1.0,0.056,0.056,0.056,0.03317535545023697,0,118
MILD_NNLS,X_hat,0.02940918811361412,8,0,0.0,1.0,0.064,0.064,0.064,0.037914691943127965,0,117
MILD_NNLS,X_hat,0.02928457318352041,9,0,0.0,1.0,0.072,0.072,0.072,0.04265402843601896,0,116
MILD_NNLS,X_hat,0.028792406023874267,10,0,0.0,1.0,0.08,0.08,0.08,0.04739336492890995,0,115
MILD_NNLS,X_hat,0.02844641825184943,11,0,0.0,1.0,0.088,0.088,0.088,0.052132701421800945,0,114
MILD_NNLS,X_hat,0.02836819250693464,12,0,0.0,1.0,0.096,0.096,0.096,0.05687203791469194,0,113
MILD_NNLS,X_hat,0.028255828360882744,13,0,0.0,1.0,0.104,0.104,0.104,0.061611374407582936,0,112
MILD_NNLS,X_hat,0.02787592014993979,14,0,0.0,1.0,0.112,0.112,0.112,0.06635071090047394,0,111
MILD_NNLS,X_hat,0.027274173546308008,15,0,0.0,1.0,0.12,0.12,0.12,0.07109004739336493,0,110
MILD_NNLS,X_hat,0.027235603044293767,16,0,0.0,1.0,0.128,0.128,0.128,0.07582938388625593,0,109
MILD_NNLS,X_hat,0.026541957027560768,17,0,0.0,1.0,0.136,0.136,0.136,0.08056872037914692,0,108
MILD_NNLS,X_hat,0.02646438341332247,18,0,0.0,1.0,0.144,0.144,0.144,0.08530805687203792,0,107
MILD_NNLS,X_hat,0.026152491965963316,19,0,0.0,1.0,0.152,0.152,0.152,0.09004739336492891,0,106
MILD_NNLS,X_hat,0.026111304602496697,20,0,0.0,1.0,0.16,0.16,0.16,0.0947867298578199,0,105
MILD_NNLS,X_hat,0.026031090440489537,21,0,0.0,1.0,0.168,0.168,0.168,0.0995260663507109,0,104
MILD_NNLS,X_hat,0.025849087462555518,22,0,0.0,1.0,0.176,0.176,0.176,0.10426540284360189,0,103
MILD_NNLS,X_hat,0.025606316071882962,23,0,0.0,1.0,0.184,0.184,0.184,0.10900473933649289,0,102
MILD_NNLS,X_hat,0.02560287834673864,24,0,0.0,1.0,0.192,0.192,0.192,0.11374407582938388,0,101
MILD_NNLS,X_hat,0.0255588255771708,25,0,0.0,1.0,0.2,0.2,0.2,0.11848341232227488,0,100
MILD_NNLS,X_hat,0.025525239849439867,26,0,0.0,1.0,0.208,0.208,0.208,0.12322274881516587,0,99
MILD_NNLS,X_hat,0.02543793024712611,27,0,0.0,1.0,0.216,0.216,0.216,0.12796208530805686,0,98
MILD_NNLS,X_hat,0.02535342981688917,28,0,0.0,1.0,0.224,0.224,0.224,0.13270142180094788,0,97
MILD_NNLS,X_hat,0.025300986550638463,29,0,0.0,1.0,0.232,0.232,0.232,0.13744075829383887,0,96
MILD_NNLS,X_hat,0.0250817136380844,30,0,0.0,1.0,0.24,0.24,0.24,0.14218009478672985,0,95
MILD_NNLS,X_hat,0.024866732518987193,31,0,0.0,1.0,0.248,0.248,0.248,0.14691943127962084,0,94
MILD_NNLS,X_hat,0.02418200292120068,32,0,0.0,1.0,0.256,0.256,0.256,0.15165876777251186,0,93
MILD_NNLS,X_hat,0.02367867958789995,33,0,0.0,1.0,0.264,0.264,0.264,0.15639810426540285,0,92
MILD_NNLS,X_hat,0.023534764043289986,34,0,0.0,1.0,0.272,0.272,0.272,0.16113744075829384,0,91
MILD_NNLS,X_hat,0.0230270582064779,35,0,0.0,1.0,0.28,0.28,0.28,0.16587677725118483,0,90
MILD_NNLS,X_hat,0.022226461012062253,36,0,0.0,1.0,0.288,0.288,0.288,0.17061611374407584,0,89
MILD_NNLS,X_hat,0.019913218053464552,37,0,0.0,1.0,0.296,0.296,0.296,0.17535545023696683,0,88
MILD_NNLS,X_hat,0.019902743609298817,38,0,0.0,1.0,0.304,0.304,0.304,0.18009478672985782,0,87
MILD_NNLS,X_hat,0.01966722872960898,39,0,0.0,1.0,0.312,0.312,0.312,0.1848341232227488,0,86
MILD_NNLS,X_hat,0.019582244996079,40,0,0.0,1.0,0.32,0.32,0.32,0.1895734597156398,0,85
MILD_NNLS,X_hat,0.01923545945221576,41,0,0.0,1.0,0.328,0.328,0.328,0.1943127962085308,0,84
MILD_NNLS,X_hat,0.01916143413892891,42,0,0.0,1.0,0.336,0.336,0.336,0.1990521327014218,0,83
MILD_NNLS,X_hat,0.018794659972922064,43,0,0.0,1.0,0.344,0.344,0.344,0.2037914691943128,0,82
MILD_NNLS,X_hat,0.018414296059840927,44,0,0.0,1.0,0.352,0.352,0.352,0.20853080568720378,0,81
MILD_NNLS,X_hat,0.018412355570183926,45,0,0.0,1.0,0.36,0.36,0.36,0.2132701421800948,0,80
MILD_NNLS,X_hat,0.018012962977881606,45,1,0.021739130434782608,0.9782608695652174,0.36,0.36,0.36,0.21800947867298578,0,80
MILD_NNLS,X_hat,0.017795285756527876,46,1,0.02127659574468085,0.9787234042553191,0.368,0.368,0.368,0.22274881516587677,0,79
MILD_NNLS,X_hat,0.017419135065479863,47,1,0.020833333333333332,0.9791666666666666,0.376,0.376,0.376,0.22748815165876776,0,78
MILD_NNLS,X_hat,0.01614339497327384,47,2,0.04081632653061224,0.9591836734693877,0.376,0.376,0.376,0.23222748815165878,0,78
MILD_NNLS,X_hat,0.015455969715431912,47,3,0.06,0.94,0.376,0.376,0.376,0.23696682464454977,0,78
MILD_NNLS,X_hat,0.015259561448278336,48,3,0.058823529411764705,0.9411764705882353,0.384,0.384,0.384,0.24170616113744076,0,77
MILD_NNLS,X_hat,0.015252090876572106,49,3,0.057692307692307696,0.9423076923076923,0.392,0.392,0.392,0.24644549763033174,0,76
MILD_NNLS,X_hat,0.015066095061970083,50,3,0.05660377358490566,0.9433962264150944,0.4,0.4,0.4,0.25118483412322273,0,75
MILD_NNLS,X_hat,0.014831852937702466,51,3,0.05555555555555555,0.9444444444444444,0.408,0.408,0.408,0.2559241706161137,0,74
MILD_NNLS,X_hat,0.014674515294907455,52,3,0.05454545454545454,0.9454545454545454,0.416,0.416,0.416,0.26066350710900477,0,73
MILD_NNLS,X_hat,0.014484504494967314,52,4,0.07142857142857142,0.9285714285714286,0.416,0.416,0.416,0.26540284360189575,0,73
MILD_NNLS,X_hat,0.014304456635737827,53,4,0.07017543859649122,0.9298245614035088,0.424,0.424,0.424,0.27014218009478674,0,72
MILD_NNLS,X_hat,0.013662682868544792,53,5,0.08620689655172414,0.9137931034482759,0.424,0.424,0.424,0.27488151658767773,0,72
MILD_NNLS,X_hat,0.013349541200931087,54,5,0.0847457627118644,0.9152542372881356,0.432,0.432,0.432,0.2796208530805687,0,71
MILD_NNLS,X_hat,0.012961993441570384,55,5,0.08333333333333333,0.9166666666666666,0.44,0.44,0.44,0.2843601895734597,0,70
MILD_NNLS,X_hat,0.01282613310691568,56,5,0.08196721311475409,0.9180327868852459,0.448,0.448,0.448,0.2890995260663507,0,69
MILD_NNLS,X_hat,0.012693685155800164,56,6,0.0967741935483871,0.9032258064516129,0.448,0.448,0.448,0.2938388625592417,0,69
MILD_NNLS,X_hat,0.012586186526031138,56,7,0.1111111111111111,0.8888888888888888,0.448,0.448,0.448,0.2985781990521327,0,69
MILD_NNLS,X_hat,0.012416798774639977,57,7,0.109375,0.890625,0.456,0.456,0.456,0.3033175355450237,0,68
MILD_NNLS,X_hat,0.012080289049489096,58,7,0.1076923076923077,0.8923076923076924,0.464,0.464,0.464,0.3080568720379147,0,67
MILD_NNLS,X_hat,0.012054262243989438,59,7,0.10606060606060606,0.8939393939393939,0.472,0.472,0.472,0.3127962085308057,0,66
MILD_NNLS,X_hat,0.012016046082271014,60,7,0.1044776119402985,0.8955223880597015,0.48,0.48,0.48,0.3175355450236967,0,65
MILD_NNLS,X_hat,0.011790539851074438,61,7,0.10294117647058823,0.8970588235294118,0.488,0.488,0.488,0.3222748815165877,0,64
MILD_NNLS,X_hat,0.01139053012683264,62,7,0.10144927536231885,0.8985507246376812,0.496,0.496,0.496,0.32701421800947866,0,63
MILD_NNLS,X_hat,0.011328789785131908,63,7,0.1,0.9,0.504,0.504,0.504,0.33175355450236965,0,62
MILD_NNLS,X_hat,0.011270374281856638,64,7,0.09859154929577464,0.9014084507042254,0.512,0.512,0.512,0.33649289099526064,0,61
MILD_NNLS,X_hat,0.011156757090457336,65,7,0.09722222222222222,0.9027777777777778,0.52,0.52,0.52,0.3412322274881517,0,60
MILD_NNLS,X_hat,0.010723414035108805,66,7,0.0958904109589041,0.9041095890410958,0.528,0.528,0.528,0.3459715639810427,0,59
MILD_NNLS,X_hat,0.0106228807445151,67,7,0.0945945945945946,0.9054054054054054,0.536,0.536,0.536,0.35071090047393366,0,58
MILD_NNLS,X_hat,0.01059487996038351,68,7,0.09333333333333334,0.9066666666666666,0.544,0.544,0.544,0.35545023696682465,0,57
MILD_NNLS,X_hat,0.010460263134482903,69,7,0.09210526315789473,0.9078947368421053,0.552,0.552,0.552,0.36018957345971564,0,56
MILD_NNLS,X_hat,0.010337375746300309,70,7,0.09090909090909091,0.9090909090909091,0.56,0.56,0.56,0.36492890995260663,0,55
MILD_NNLS,X_hat,0.009842100594524776,70,8,0.10256410256410256,0.8974358974358975,0.56,0.56,0.56,0.3696682464454976,0,55
MILD_NNLS,X_hat,0.009742517436075583,71,8,0.10126582278481013,0.8987341772151899,0.568,0.568,0.568,0.3744075829383886,0,54
MILD_NNLS,X_hat,0.009316927506681482,72,8,0.1,0.9,0.576,0.576,0.576,0.3791469194312796,0,53
MILD_NNLS,X_hat,0.009199362120159546,73,8,0.09876543209876543,0.9012345679012346,0.584,0.584,0.584,0.38388625592417064,0,52
MILD_NNLS,X_hat,0.00898066658350029,74,8,0.0975609756097561,0.9024390243902439,0.592,0.592,0.592,0.3886255924170616,0,51
MILD_NNLS,X_hat,0.00896173687965862,74,9,0.10843373493975904,0.891566265060241,0.592,0.592,0.592,0.3933649289099526,0,51
MILD_NNLS,X_hat,0.008637453311961247,74,10,0.11904761904761904,0.8809523809523809,0.592,0.592,0.592,0.3981042654028436,0,51
MILD_NNLS,X_hat,0.008631042798501706,74,11,0.12941176470588237,0.8705882352941177,0.592,0.592,0.592,0.4028436018957346,0,51
MILD_NNLS,X_hat,0.008603717423622207,75,11,0.12790697674418605,0.872093023255814,0.6,0.6,0.6,0.4075829383886256,0,50
MILD_NNLS,X_hat,0.008362775389193926,76,11,0.12643678160919541,0.8735632183908046,0.608,0.608,0.608,0.41232227488151657,0,49
MILD_NNLS,X_hat,0.008251439904865055,77,11,0.125,0.875,0.616,0.616,0.616,0.41706161137440756,0,48
MILD_NNLS,X_hat,0.008239094186584134,78,11,0.12359550561797752,0.8764044943820225,0.624,0.624,0.624,0.4218009478672986,0,47
MILD_NNLS,X_hat,0.008176234513289167,79,11,0.12222222222222222,0.8777777777777778,0.632,0.632,0.632,0.4265402843601896,0,46
MILD_NNLS,X_hat,0.008052630580618609,79,12,0.13186813186813187,0.8681318681318682,0.632,0.632,0.632,0.4312796208530806,0,46
MILD_NNLS,X_hat,0.008008462583445945,80,12,0.13043478260869565,0.8695652173913043,0.64,0.64,0.64,0.43601895734597157,0,45
MILD_NNLS,X_hat,0.007852920228573038,80,13,0.13978494623655913,0.8602150537634409,0.64,0.64,0.64,0.44075829383886256,0,45
MILD_NNLS,X_hat,0.007636022096418485,80,14,0.14893617021276595,0.851063829787234,0.64,0.64,0.64,0.44549763033175355,0,45
MILD_NNLS,X_hat,0.007580298817941742,80,15,0.15789473684210525,0.8421052631578947,0.64,0.64,0.64,0.45023696682464454,0,45
MILD_NNLS,X_hat,0.00744667935783274,80,16,0.16666666666666666,0.8333333333333334,0.64,0.64,0.64,0.4549763033175355,0,45
MILD_NNLS,X_hat,0.0074463295359074285,81,16,0.16494845360824742,0.8350515463917526,0.648,0.648,0.648,0.4597156398104265,0,44
MILD_NNLS,X_hat,0.007315523188842367,82,16,0.16326530612244897,0.8367346938775511,0.656,0.656,0.656,0.46445497630331756,0,43
MILD_NNLS,X_hat,0.007309647531704064,83,16,0.16161616161616163,0.8383838383838383,0.664,0.664,0.664,0.46919431279620855,0,42
MILD_NNLS,X_hat,0.007281994613320668,84,16,0.16,0.84,0.672,0.672,0.672,0.47393364928909953,0,41
MILD_NNLS,X_hat,0.007239848789760694,85,16,0.15841584158415842,0.8415841584158416,0.68,0.68,0.68,0.4786729857819905,0,40
MILD_NNLS,X_hat,0.007169176683362369,86,16,0.1568627450980392,0.8431372549019608,0.688,0.688,0.688,0.4834123222748815,0,39
MILD_NNLS,X_hat,0.007135581797406578,87,16,0.1553398058252427,0.8446601941747572,0.696,0.696,0.696,0.4881516587677725,0,38
MILD_NNLS,X_hat,0.007121952949931712,88,16,0.15384615384615385,0.8461538461538461,0.704,0.704,0.704,0.4928909952606635,0,37
MILD_NNLS,X_hat,0.007080112540724202,89,16,0.1523809523809524,0.8476190476190476,0.712,0.712,0.712,0.4976303317535545,0,36
MILD_NNLS,X_hat,0.007068732449646641,90,16,0.1509433962264151,0.8490566037735849,0.72,0.72,0.72,0.5023696682464455,0,35
MILD_NNLS,X_hat,0.007014768708820236,91,16,0.14953271028037382,0.8504672897196262,0.728,0.728,0.728,0.5071090047393365,0,34
MILD_NNLS,X_hat,0.006987192014184729,91,17,0.1574074074074074,0.8425925925925926,0.728,0.728,0.728,0.5118483412322274,0,34
MILD_NNLS,X_hat,0.0069522578173945105,92,17,0.1559633027522936,0.8440366972477065,0.736,0.736,0.736,0.5165876777251185,0,33
MILD_NNLS,X_hat,0.006673077758406503,92,18,0.16363636363636364,0.8363636363636363,0.736,0.736,0.736,0.5213270142180095,0,33
MILD_NNLS,X_hat,0.006459003468055472,92,19,0.17117117117117117,0.8288288288288288,0.736,0.736,0.736,0.5260663507109005,0,33
MILD_NNLS,X_hat,0.006451662881689921,93,19,0.16964285714285715,0.8303571428571429,0.744,0.744,0.744,0.5308056872037915,0,32
MILD_NNLS,X_hat,0.006393965938175638,93,20,0.17699115044247787,0.8230088495575221,0.744,0.744,0.744,0.5355450236966824,0,32
MILD_NNLS,X_hat,0.006391544618330325,94,20,0.17543859649122806,0.8245614035087719,0.752,0.752,0.752,0.5402843601895735,0,31
MILD_NNLS,X_hat,0.006150476306564225,95,20,0.17391304347826086,0.8260869565217391,0.76,0.76,0.76,0.5450236966824644,0,30
MILD_NNLS,X_hat,0.006089240186749077,96,20,0.1724137931034483,0.8275862068965517,0.768,0.768,0.768,0.5497630331753555,0,29
MILD_NNLS,X_hat,0.005985217518769151,97,20,0.17094017094017094,0.8290598290598291,0.776,0.776,0.776,0.5545023696682464,0,28
MILD_NNLS,X_hat,0.0059753991446226725,97,21,0.17796610169491525,0.8220338983050848,0.776,0.776,0.776,0.5592417061611374,0,28
MILD_NNLS,X_hat,0.005936801173512182,97,22,0.18487394957983194,0.8151260504201681,0.776,0.776,0.776,0.5639810426540285,0,28
MILD_NNLS,X_hat,0.005682998939934169,98,22,0.18333333333333332,0.8166666666666667,0.784,0.784,0.784,0.5687203791469194,0,27
MILD_NNLS,X_hat,0.005662543028641783,99,22,0.18181818181818182,0.8181818181818182,0.792,0.792,0.792,0.5734597156398105,0,26
MILD_NNLS,X_hat,0.005610092185783702,100,22,0.18032786885245902,0.819672131147541,0.8,0.8,0.8,0.5781990521327014,0,25
MILD_NNLS,X_hat,0.0055570081857406,101,22,0.17886178861788618,0.8211382113821138,0.808,0.808,0.808,0.5829383886255924,0,24
MILD_NNLS,X_hat,0.005477753681742413,102,22,0.1774193548387097,0.8225806451612904,0.816,0.816,0.816,0.5876777251184834,0,23
MILD_NNLS,X_hat,0.005340467723781604,102,23,0.184,0.816,0.816,0.816,0.816,0.5924170616113744,0,23
MILD_NNLS,X_hat,0.005163764932529731,102,24,0.19047619047619047,0.8095238095238095,0.816,0.816,0.816,0.5971563981042654,0,23
MILD_NNLS,X_hat,0.005076038922415049,102,25,0.1968503937007874,0.8031496062992126,0.816,0.816,0.816,0.6018957345971564,0,23
MILD_NNLS,X_hat,0.0048398833735400024,102,26,0.203125,0.796875,0.816,0.816,0.816,0.6066350710900474,0,23
MILD_NNLS,X_hat,0.004819914677160951,102,27,0.20930232558139536,0.7906976744186046,0.816,0.816,0.816,0.6113744075829384,0,23
MILD_NNLS,X_hat,0.004719718654974258,103,27,0.2076923076923077,0.7923076923076923,0.824,0.824,0.824,0.6161137440758294,0,22
MILD_NNLS,X_hat,0.004693774201093551,104,27,0.20610687022900764,0.7938931297709924,0.832,0.832,0.832,0.6208530805687204,0,21
MILD_NNLS,X_hat,0.004631008013107067,105,27,0.20454545454545456,0.7954545454545454,0.84,0.84,0.84,0.6255924170616114,0,20
MILD_NNLS,X_hat,0.004497366322694889,106,27,0.20300751879699247,0.7969924812030075,0.848,0.848,0.848,0.6303317535545023,0,19
MILD_NNLS,X_hat,0.004433185690467462,106,28,0.208955223880597,0.7910447761194029,0.848,0.848,0.848,0.6350710900473934,0,19
MILD_NNLS,X_hat,0.004417699608239912,107,28,0.2074074074074074,0.7925925925925926,0.856,0.856,0.856,0.6398104265402843,0,18
MILD_NNLS,X_hat,0.0043240158833631704,107,29,0.21323529411764705,0.7867647058823529,0.856,0.856,0.856,0.6445497630331753,0,18
MILD_NNLS,X_hat,0.004240831409744414,107,30,0.21897810218978103,0.781021897810219,0.856,0.856,0.856,0.6492890995260664,0,18
MILD_NNLS,X_hat,0.004230138074507786,107,31,0.2246376811594203,0.7753623188405797,0.856,0.856,0.856,0.6540284360189573,0,18
MILD_NNLS,X_hat,0.0041561617304416605,107,32,0.2302158273381295,0.7697841726618705,0.856,0.856,0.856,0.6587677725118484,0,18
MILD_NNLS,X_hat,0.004122898832879408,107,33,0.2357142857142857,0.7642857142857142,0.856,0.856,0.856,0.6635071090047393,0,18
MILD_NNLS,X_hat,0.00397716440430996,107,34,0.24113475177304963,0.7588652482269503,0.856,0.856,0.856,0.6682464454976303,0,18
MILD_NNLS,X_hat,0.003960933869430738,108,34,0.23943661971830985,0.7605633802816901,0.864,0.864,0.864,0.6729857819905213,0,17
MILD_NNLS,X_hat,0.0039040613639351406,108,35,0.24475524475524477,0.7552447552447552,0.864,0.864,0.864,0.6777251184834123,0,17
MILD_NNLS,X_hat,0.0035718869375212362,108,36,0.25,0.75,0.864,0.864,0.864,0.6824644549763034,0,17
MILD_NNLS,X_hat,0.0035580120146551223,108,37,0.25517241379310346,0.7448275862068966,0.864,0.864,0.864,0.6872037914691943,0,17
MILD_NNLS,X_hat,0.003479531099039532,108,38,0.2602739726027397,0.7397260273972602,0.864,0.864,0.864,0.6919431279620853,0,17
MILD_NNLS,X_hat,0.0032849154779331148,109,38,0.2585034013605442,0.7414965986394558,0.872,0.872,0.872,0.6966824644549763,0,16
MILD_NNLS,X_hat,0.0032622598558264835,110,38,0.25675675675675674,0.7432432432432432,0.88,0.88,0.88,0.7014218009478673,0,15
MILD_NNLS,X_hat,0.0032588833801337528,111,38,0.2550335570469799,0.7449664429530202,0.888,0.888,0.888,0.7061611374407583,0,14
MILD_NNLS,X_hat,0.003217690309649213,111,39,0.26,0.74,0.888,0.888,0.888,0.7109004739336493,0,14
MILD_NNLS,X_hat,0.0031504944136138695,112,39,0.2582781456953642,0.7417218543046358,0.896,0.896,0.896,0.7156398104265402,0,13
MILD_NNLS,X_hat,0.003047018946746146,113,39,0.2565789473684211,0.743421052631579,0.904,0.904,0.904,0.7203791469194313,0,12
MILD_NNLS,X_hat,0.003008717983882098,113,40,0.26143790849673204,0.738562091503268,0.904,0.904,0.904,0.7251184834123223,0,12
MILD_NNLS,X_hat,0.002860039789958389,113,41,0.2662337662337662,0.7337662337662337,0.904,0.904,0.904,0.7298578199052133,0,12
MILD_NNLS,X_hat,0.0026957404822109277,113,42,0.2709677419354839,0.7290322580645161,0.904,0.904,0.904,0.7345971563981043,0,12
MILD_NNLS,X_hat,0.0026912211546036863,113,43,0.27564102564102566,0.7243589743589743,0.904,0.904,0.904,0.7393364928909952,0,12
MILD_NNLS,X_hat,0.0026476156328466235,113,44,0.2802547770700637,0.7197452229299363,0.904,0.904,0.904,0.7440758293838863,0,12
MILD_NNLS,X_hat,0.0026389135880558936,113,45,0.2848101265822785,0.7151898734177216,0.904,0.904,0.904,0.7488151658767772,0,12
MILD_NNLS,X_hat,0.002603351723519023,114,45,0.2830188679245283,0.7169811320754716,0.912,0.912,0.912,0.7535545023696683,0,11
MILD_NNLS,X_hat,0.002472570364014822,114,46,0.2875,0.7125,0.912,0.912,0.912,0.7582938388625592,0,11
MILD_NNLS,X_hat,0.0023679807601370904,114,47,0.2919254658385093,0.7080745341614907,0.912,0.912,0.912,0.7630331753554502,0,11
MILD_NNLS,X_hat,0.0023288172817605706,115,47,0.29012345679012347,0.7098765432098766,0.92,0.92,0.92,0.7677725118483413,0,10
MILD_NNLS,X_hat,0.0022690852799708613,116,47,0.2883435582822086,0.7116564417177914,0.928,0.928,0.928,0.7725118483412322,0,9
MILD_NNLS,X_hat,0.002227791558320973,116,48,0.2926829268292683,0.7073170731707317,0.928,0.928,0.928,0.7772511848341233,0,9
MILD_NNLS,X_hat,0.002157681582561206,116,49,0.296969696969697,0.703030303030303,0.928,0.928,0.928,0.7819905213270142,0,9
MILD_NNLS,X_hat,0.0021045853957213662,116,50,0.30120481927710846,0.6987951807228916,0.928,0.928,0.928,0.7867298578199052,0,9
MILD_NNLS,X_hat,0.0020925367164831288,116,51,0.30538922155688625,0.6946107784431138,0.928,0.928,0.928,0.7914691943127962,0,9
MILD_NNLS,X_hat,0.0019899545017635794,117,51,0.30357142857142855,0.6964285714285714,0.936,0.936,0.936,0.7962085308056872,0,8
MILD_NNLS,X_hat,0.001963328900192817,117,52,0.3076923076923077,0.6923076923076923,0.936,0.936,0.936,0.8009478672985783,0,8
MILD_NNLS,X_hat,0.001810338682989176,117,53,0.31176470588235294,0.6882352941176471,0.936,0.936,0.936,0.8056872037914692,0,8
MILD_NNLS,X_hat,0.0018002649686401772,117,54,0.3157894736842105,0.6842105263157895,0.936,0.936,0.936,0.8104265402843602,0,8
MILD_NNLS,X_hat,0.001776189885130278,118,54,0.313953488372093,0.686046511627907,0.944,0.944,0.944,0.8151658767772512,0,7
MILD_NNLS,X_hat,0.001770172789624573,118,55,0.3179190751445087,0.6820809248554913,0.944,0.944,0.944,0.8199052132701422,0,7
MILD_NNLS,X_hat,0.001746945040168693,119,55,0.3160919540229885,0.6839080459770115,0.952,0.952,0.952,0.8246445497630331,0,6
MILD_NNLS,X_hat,0.0017191894673436443,119,56,0.32,0.68,0.952,0.952,0.952,0.8293838862559242,0,6
MILD_NNLS,X_hat,0.0017041254233068192,119,57,0.32386363636363635,0.6761363636363636,0.952,0.952,0.952,0.8341232227488151,0,6
MILD_NNLS,X_hat,0.001681008946562484,120,57,0.3220338983050847,0.6779661016949152,0.96,0.96,0.96,0.8388625592417062,0,5
MILD_NNLS,X_hat,0.0016716085572121941,120,58,0.3258426966292135,0.6741573033707865,0.96,0.96,0.96,0.8436018957345972,0,5
MILD_NNLS,X_hat,0.0016557646557956078,121,58,0.3240223463687151,0.6759776536312849,0.968,0.968,0.968,0.8483412322274881,0,4
MILD_NNLS,X_hat,0.001642892365974681,121,59,0.3277777777777778,0.6722222222222223,0.968,0.968,0.968,0.8530805687203792,0,4
MILD_NNLS,X_hat,0.0016352857667092414,121,60,0.3314917127071823,0.6685082872928176,0.968,0.968,0.968,0.8578199052132701,0,4
MILD_NNLS,X_hat,0.0016333960785192682,121,61,0.33516483516483514,0.6648351648351648,0.968,0.968,0.968,0.8625592417061612,0,4
MILD_NNLS,X_hat,0.001586319195640057,121,62,0.33879781420765026,0.6612021857923497,0.968,0.968,0.968,0.8672985781990521,0,4
MILD_NNLS,X_hat,0.0015272930835966258,121,63,0.3423913043478261,0.657608695652174,0.968,0.968,0.968,0.8720379146919431,0,4
MILD_NNLS,X_hat,0.0015094901667017234,121,64,0.34594594594594597,0.654054054054054,0.968,0.968,0.968,0.8767772511848341,0,4
MILD_NNLS,X_hat,0.0014924352621383502,121,65,0.34946236559139787,0.6505376344086021,0.968,0.968,0.968,0.8815165876777251,0,4
MILD_NNLS,X_hat,0.001470716933528238,121,66,0.35294117647058826,0.6470588235294118,0.968,0.968,0.968,0.8862559241706162,0,4
MILD_NNLS,X_hat,0.0014215719583696345,122,66,0.35106382978723405,0.648936170212766,0.976,0.976,0.976,0.8909952606635071,0,3
MILD_NNLS,X_hat,0.0014209247123874585,122,67,0.3544973544973545,0.6455026455026455,0.976,0.976,0.976,0.8957345971563981,0,3
MILD_NNLS,X_hat,0.0014189333457614545,122,68,0.35789473684210527,0.6421052631578947,0.976,0.976,0.976,0.9004739336492891,0,3
MILD_NNLS,X_hat,0.0014154562480794977,123,68,0.35602094240837695,0.643979057591623,0.984,0.984,0.984,0.9052132701421801,0,2
MILD_NNLS,X_hat,0.001387582497368775,123,69,0.359375,0.640625,0.984,0.984,0.984,0.909952606635071,0,2
MILD_NNLS,X_hat,0.0013765638814763137,123,70,0.3626943005181347,0.6373056994818653,0.984,0.984,0.984,0.9146919431279621,0,2
MILD_NNLS,X_hat,0.0013112580145542897,123,71,0.36597938144329895,0.634020618556701,0.984,0.984,0.984,0.919431279620853,0,2
MILD_NNLS,X_hat,0.0013105982216793314,123,72,0.36923076923076925,0.6307692307692307,0.984,0.984,0.984,0.9241706161137441,0,2
MILD_NNLS,X_hat,0.0012835390718043515,123,73,0.37244897959183676,0.6275510204081632,0.984,0.984,0.984,0.9289099526066351,0,2
MILD_NNLS,X_hat,0.0012834653509958749,123,74,0.3756345177664975,0.6243654822335025,0.984,0.984,0.984,0.933649289099526,0,2
MILD_NNLS,X_hat,0.0012762551571327979,123,75,0.3787878787878788,0.6212121212121212,0.984,0.984,0.984,0.9383886255924171,0,2
MILD_NNLS,X_hat,0.001262048995619498,123,76,0.38190954773869346,0.6180904522613065,0.984,0.984,0.984,0.943127962085308,0,2
MILD_NNLS,X_hat,0.0012603569861926026,123,77,0.385,0.615,0.984,0.984,0.984,0.9478672985781991,0,2
MILD_NNLS,X_hat,0.001246261329217017,123,78,0.3880597014925373,0.6119402985074627,0.984,0.984,0.984,0.95260663507109,0,2
MILD_NNLS,X_hat,0.0012244218458323207,123,79,0.3910891089108911,0.6089108910891089,0.984,0.984,0.984,0.957345971563981,0,2
MILD_NNLS,X_hat,0.0012105083374233155,123,80,0.39408866995073893,0.6059113300492611,0.984,0.984,0.984,0.9620853080568721,0,2
MILD_NNLS,X_hat,0.0012074806883153749,123,81,0.39705882352941174,0.6029411764705882,0.984,0.984,0.984,0.966824644549763,0,2
MILD_NNLS,X_hat,0.0012056681416663408,124,81,0.3951219512195122,0.6048780487804878,0.992,0.992,0.992,0.9715639810426541,0,1
MILD_NNLS,X_hat,0.001197749942603702,125,81,0.3932038834951456,0.6067961165048543,1.0,1.0,1.0,0.976303317535545,0,0
MILD_NNLS,X_hat,0.001169655877589869,125,82,0.3961352657004831,0.6038647342995169,1.0,1.0,1.0,0.981042654028436,0,0
MILD_NNLS,X_hat,0.0011610161838235358,125,83,0.39903846153846156,0.6009615384615384,1.0,1.0,1.0,0.985781990521327,0,0
MILD_NNLS,X_hat,0.0010410208971420602,125,84,0.4019138755980861,0.5980861244019139,1.0,1.0,1.0,0.990521327014218,0,0
MILD_NNLS,X_hat,0.001030874916769711,125,85,0.40476190476190477,0.5952380952380952,1.0,1.0,1.0,0.995260663507109,0,0
MILD_NNLS,X_hat,0.0010059464122224152,125,86,0.4075829383886256,0.5924170616113744,1.0,1.0,1.0,1.0,0,0
CLEAN_NNLS,rho_zero,0.0019467473153822084,1,0,0.0,1.0,0.008,0.008,0.008,0.008,0,124
CLEAN_NNLS,rho_zero,0.0015689316695355689,2,0,0.0,1.0,0.016,0.016,0.016,0.016,0,123
CLEAN_NNLS,rho_zero,0.0002676178919178276,3,0,0.0,1.0,0.024,0.024,0.024,0.024,0,122
CLEAN_NNLS,rho_zero,0.00023814475119686041,4,0,0.0,1.0,0.032,0.032,0.032,0.032,0,121
CLEAN_NNLS,rho_zero,0.00021491093143030096,5,0,0.0,1.0,0.04,0.04,0.04,0.04,0,120
CLEAN_NNLS,rho_zero,0.00016819032474636148,6,0,0.0,1.0,0.048,0.048,0.048,0.048,0,119
CLEAN_NNLS,rho_zero,0.00015376052770730753,7,0,0.0,1.0,0.056,0.056,0.056,0.056,0,118
CLEAN_NNLS,rho_zero,0.00014092358076372513,8,0,0.0,1.0,0.064,0.064,0.064,0.064,0,117
CLEAN_NNLS,rho_zero,0.00011911029253980875,9,0,0.0,1.0,0.072,0.072,0.072,0.072,0,116
CLEAN_NNLS,rho_zero,5.136133198891674e-05,10,0,0.0,1.0,0.08,0.08,0.08,0.08,0,115
CLEAN_NNLS,rho_zero,4.496648196411416e-05,11,0,0.0,1.0,0.088,0.088,0.088,0.088,0,114
CLEAN_NNLS,rho_zero,3.88355365716354e-05,12,0,0.0,1.0,0.096,0.096,0.096,0.096,0,113
CLEAN_NNLS,rho_zero,3.405768648625433e-05,13,0,0.0,1.0,0.104,0.104,0.104,0.104,0,112
CLEAN_NNLS,rho_zero,3.405057693459683e-05,14,0,0.0,1.0,0.112,0.112,0.112,0.112,0,111
CLEAN_NNLS,rho_zero,3.206398687197748e-05,15,0,0.0,1.0,0.12,0.12,0.12,0.12,0,110
CLEAN_NNLS,rho_zero,2.530408080878393e-05,16,0,0.0,1.0,0.128,0.128,0.128,0.128,0,109
CLEAN_NNLS,rho_zero,2.3460737905200416e-05,17,0,0.0,1.0,0.136,0.136,0.136,0.136,0,108
CLEAN_NNLS,rho_zero,2.2288123011132246e-05,18,0,0.0,1.0,0.144,0.144,0.144,0.144,0,107
CLEAN_NNLS,rho_zero,2.0540946649361716e-05,19,0,0.0,1.0,0.152,0.152,0.152,0.152,0,106
CLEAN_NNLS,rho_zero,1.7916298684924645e-05,20,0,0.0,1.0,0.16,0.16,0.16,0.16,0,105
CLEAN_NNLS,rho_zero,1.7510684396050256e-05,21,0,0.0,1.0,0.168,0.168,0.168,0.168,0,104
CLEAN_NNLS,rho_zero,1.737959807195549e-05,22,0,0.0,1.0,0.176,0.176,0.176,0.176,0,103
CLEAN_NNLS,rho_zero,1.6796022217580196e-05,23,0,0.0,1.0,0.184,0.184,0.184,0.184,0,102
CLEAN_NNLS,rho_zero,1.641973187307952e-05,24,0,0.0,1.0,0.192,0.192,0.192,0.192,0,101
CLEAN_NNLS,rho_zero,1.4006641030238715e-05,25,0,0.0,1.0,0.2,0.2,0.2,0.2,0,100
CLEAN_NNLS,rho_zero,8.116888061390411e-06,26,0,0.0,1.0,0.208,0.208,0.208,0.208,0,99
CLEAN_NNLS,rho_zero,7.914987510322835e-06,27,0,0.0,1.0,0.216,0.216,0.216,0.216,0,98
CLEAN_NNLS,rho_zero,7.326043436633263e-06,28,0,0.0,1.0,0.224,0.224,0.224,0.224,0,97
CLEAN_NNLS,rho_zero,7.2243686319783096e-06,29,0,0.0,1.0,0.232,0.232,0.232,0.232,0,96
CLEAN_NNLS,rho_zero,6.2131265125641895e-06,30,0,0.0,1.0,0.24,0.24,0.24,0.24,0,95
CLEAN_NNLS,rho_zero,6.146665166823754e-06,31,0,0.0,1.0,0.248,0.248,0.248,0.248,0,94
CLEAN_NNLS,rho_zero,6.034471090727215e-06,32,0,0.0,1.0,0.256,0.256,0.256,0.256,0,93
CLEAN_NNLS,rho_zero,4.873513766907567e-06,33,0,0.0,1.0,0.264,0.264,0.264,0.264,0,92
CLEAN_NNLS,rho_zero,4.8327812431517506e-06,34,0,0.0,1.0,0.272,0.272,0.272,0.272,0,91
CLEAN_NNLS,rho_zero,4.353183070443103e-06,35,0,0.0,1.0,0.28,0.28,0.28,0.28,0,90
CLEAN_NNLS,rho_zero,3.915570835532074e-06,36,0,0.0,1.0,0.288,0.288,0.288,0.288,0,89
CLEAN_NNLS,rho_zero,3.864752648267769e-06,37,0,0.0,1.0,0.296,0.296,0.296,0.296,0,88
CLEAN_NNLS,rho_zero,3.7741086621909626e-06,38,0,0.0,1.0,0.304,0.304,0.304,0.304,0,87
CLEAN_NNLS,rho_zero,3.0135537079826333e-06,39,0,0.0,1.0,0.312,0.312,0.312,0.312,0,86
CLEAN_NNLS,rho_zero,2.8665053653408235e-06,40,0,0.0,1.0,0.32,0.32,0.32,0.32,0,85
CLEAN_NNLS,rho_zero,2.636849767029295e-06,41,0,0.0,1.0,0.328,0.328,0.328,0.328,0,84
CLEAN_NNLS,rho_zero,2.4569616658616507e-06,42,0,0.0,1.0,0.336,0.336,0.336,0.336,0,83
CLEAN_NNLS,rho_zero,1.7799234974638722e-06,43,0,0.0,1.0,0.344,0.344,0.344,0.344,0,82
CLEAN_NNLS,rho_zero,1.754120202516292e-06,44,0,0.0,1.0,0.352,0.352,0.352,0.352,0,81
CLEAN_NNLS,rho_zero,1.7139398900787625e-06,45,0,0.0,1.0,0.36,0.36,0.36,0.36,0,80
CLEAN_NNLS,rho_zero,1.6066849105487307e-06,46,0,0.0,1.0,0.368,0.368,0.368,0.368,0,79
CLEAN_NNLS,rho_zero,1.3193204543205254e-06,47,0,0.0,1.0,0.376,0.376,0.376,0.376,0,78
CLEAN_NNLS,rho_zero,1.2559228453757746e-06,48,0,0.0,1.0,0.384,0.384,0.384,0.384,0,77
CLEAN_NNLS,rho_zero,1.206462265159496e-06,49,0,0.0,1.0,0.392,0.392,0.392,0.392,0,76
CLEAN_NNLS,rho_zero,1.164825252204842e-06,50,0,0.0,1.0,0.4,0.4,0.4,0.4,0,75
CLEAN_NNLS,rho_zero,1.0917870342210231e-06,51,0,0.0,1.0,0.408,0.408,0.408,0.408,0,74
CLEAN_NNLS,rho_zero,1.054948971150376e-06,52,0,0.0,1.0,0.416,0.416,0.416,0.416,0,73
CLEAN_NNLS,rho_zero,1.0271407146944327e-06,53,0,0.0,1.0,0.424,0.424,0.424,0.424,0,72
CLEAN_NNLS,rho_zero,9.289963668510981e-07,54,0,0.0,1.0,0.432,0.432,0.432,0.432,0,71
CLEAN_NNLS,rho_zero,8.867070394986005e-07,55,0,0.0,1.0,0.44,0.44,0.44,0.44,0,70
CLEAN_NNLS,rho_zero,8.274467013114422e-07,56,0,0.0,1.0,0.448,0.448,0.448,0.448,0,69
CLEAN_NNLS,rho_zero,7.856529376522762e-07,57,0,0.0,1.0,0.456,0.456,0.456,0.456,0,68
CLEAN_NNLS,rho_zero,7.446638299169471e-07,58,0,0.0,1.0,0.464,0.464,0.464,0.464,0,67
CLEAN_NNLS,rho_zero,6.849826663802598e-07,59,0,0.0,1.0,0.472,0.472,0.472,0.472,0,66
CLEAN_NNLS,rho_zero,6.795844897528203e-07,60,0,0.0,1.0,0.48,0.48,0.48,0.48,0,65
CLEAN_NNLS,rho_zero,5.946968909614031e-07,61,0,0.0,1.0,0.488,0.488,0.488,0.488,0,64
CLEAN_NNLS,rho_zero,5.773790864971675e-07,62,0,0.0,1.0,0.496,0.496,0.496,0.496,0,63
CLEAN_NNLS,rho_zero,5.593128274195781e-07,63,0,0.0,1.0,0.504,0.504,0.504,0.504,0,62
CLEAN_NNLS,rho_zero,5.353327067604143e-07,64,0,0.0,1.0,0.512,0.512,0.512,0.512,0,61
CLEAN_NNLS,rho_zero,5.01610874686159e-07,65,0,0.0,1.0,0.52,0.52,0.52,0.52,0,60
CLEAN_NNLS,rho_zero,4.2858047516889744e-07,66,0,0.0,1.0,0.528,0.528,0.528,0.528,0,59
CLEAN_NNLS,rho_zero,4.1545499327095873e-07,67,0,0.0,1.0,0.536,0.536,0.536,0.536,0,58
CLEAN_NNLS,rho_zero,3.989385008702664e-07,68,0,0.0,1.0,0.544,0.544,0.544,0.544,0,57
CLEAN_NNLS,rho_zero,3.8269701516859887e-07,69,0,0.0,1.0,0.552,0.552,0.552,0.552,0,56
CLEAN_NNLS,rho_zero,3.4640198643914067e-07,70,0,0.0,1.0,0.56,0.56,0.56,0.56,0,55
CLEAN_NNLS,rho_zero,3.342608367062656e-07,71,0,0.0,1.0,0.568,0.568,0.568,0.568,0,54
CLEAN_NNLS,rho_zero,3.00097724292882e-07,72,0,0.0,1.0,0.576,0.576,0.576,0.576,0,53
CLEAN_NNLS,rho_zero,2.946502030662236e-07,73,0,0.0,1.0,0.584,0.584,0.584,0.584,0,52
CLEAN_NNLS,rho_zero,2.6004640203129144e-07,74,0,0.0,1.0,0.592,0.592,0.592,0.592,0,51
CLEAN_NNLS,rho_zero,2.2072321157188232e-07,75,0,0.0,1.0,0.6,0.6,0.6,0.6,0,50
CLEAN_NNLS,rho_zero,2.1582523669187578e-07,76,0,0.0,1.0,0.608,0.608,0.608,0.608,0,49
CLEAN_NNLS,rho_zero,2.0852663254069391e-07,77,0,0.0,1.0,0.616,0.616,0.616,0.616,0,48
CLEAN_NNLS,rho_zero,2.0008336413337336e-07,78,0,0.0,1.0,0.624,0.624,0.624,0.624,0,47
CLEAN_NNLS,rho_zero,1.782600043069358e-07,79,0,0.0,1.0,0.632,0.632,0.632,0.632,0,46
CLEAN_NNLS,rho_zero,1.7416392006372027e-07,80,0,0.0,1.0,0.64,0.64,0.64,0.64,0,45
CLEAN_NNLS,rho_zero,1.720497397138138e-07,81,0,0.0,1.0,0.648,0.648,0.648,0.648,0,44
CLEAN_NNLS,rho_zero,1.7139318807173146e-07,82,0,0.0,1.0,0.656,0.656,0.656,0.656,0,43
CLEAN_NNLS,rho_zero,1.7000349195552183e-07,83,0,0.0,1.0,0.664,0.664,0.664,0.664,0,42
CLEAN_NNLS,rho_zero,1.6688695153178876e-07,84,0,0.0,1.0,0.672,0.672,0.672,0.672,0,41
CLEAN_NNLS,rho_zero,1.5094125903949502e-07,85,0,0.0,1.0,0.68,0.68,0.68,0.68,0,40
CLEAN_NNLS,rho_zero,1.4271846926615679e-07,86,0,0.0,1.0,0.688,0.688,0.688,0.688,0,39
CLEAN_NNLS,rho_zero,1.335145113276362e-07,87,0,0.0,1.0,0.696,0.696,0.696,0.696,0,38
CLEAN_NNLS,rho_zero,1.2043968913391365e-07,88,0,0.0,1.0,0.704,0.704,0.704,0.704,0,37
CLEAN_NNLS,rho_zero,1.1295243300889608e-07,89,0,0.0,1.0,0.712,0.712,0.712,0.712,0,36
CLEAN_NNLS,rho_zero,1.034660980627212e-07,90,0,0.0,1.0,0.72,0.72,0.72,0.72,0,35
CLEAN_NNLS,rho_zero,9.673938289264283e-08,91,0,0.0,1.0,0.728,0.728,0.728,0.728,0,34
CLEAN_NNLS,rho_zero,8.36960246584929e-08,92,0,0.0,1.0,0.736,0.736,0.736,0.736,0,33
CLEAN_NNLS,rho_zero,7.859098032732605e-08,93,0,0.0,1.0,0.744,0.744,0.744,0.744,0,32
CLEAN_NNLS,rho_zero,7.648183435343335e-08,94,0,0.0,1.0,0.752,0.752,0.752,0.752,0,31
CLEAN_NNLS,rho_zero,7.354188924189217e-08,95,0,0.0,1.0,0.76,0.76,0.76,0.76,0,30
CLEAN_NNLS,rho_zero,6.969613788535917e-08,96,0,0.0,1.0,0.768,0.768,0.768,0.768,0,29
CLEAN_NNLS,rho_zero,6.904416672724642e-08,97,0,0.0,1.0,0.776,0.776,0.776,0.776,0,28
CLEAN_NNLS,rho_zero,6.321183004720081e-08,98,0,0.0,1.0,0.784,0.784,0.784,0.784,0,27
CLEAN_NNLS,rho_zero,6.265961922870542e-08,99,0,0.0,1.0,0.792,0.792,0.792,0.792,0,26
CLEAN_NNLS,rho_zero,5.61486999700636e-08,100,0,0.0,1.0,0.8,0.8,0.8,0.8,0,25
CLEAN_NNLS,rho_zero,5.483678970688452e-08,101,0,0.0,1.0,0.808,0.808,0.808,0.808,0,24
CLEAN_NNLS,rho_zero,5.3843879257425476e-08,102,0,0.0,1.0,0.816,0.816,0.816,0.816,0,23
CLEAN_NNLS,rho_zero,5.337446848077425e-08,103,0,0.0,1.0,0.824,0.824,0.824,0.824,0,22
CLEAN_NNLS,rho_zero,5.217807150762012e-08,104,0,0.0,1.0,0.832,0.832,0.832,0.832,0,21
CLEAN_NNLS,rho_zero,4.973609880080697e-08,105,0,0.0,1.0,0.84,0.84,0.84,0.84,0,20
CLEAN_NNLS,rho_zero,4.842465525515777e-08,106,0,0.0,1.0,0.848,0.848,0.848,0.848,0,19
CLEAN_NNLS,rho_zero,4.1630869908933796e-08,107,0,0.0,1.0,0.856,0.856,0.856,0.856,0,18
CLEAN_NNLS,rho_zero,4.097181429883048e-08,108,0,0.0,1.0,0.864,0.864,0.864,0.864,0,17
CLEAN_NNLS,rho_zero,4.0839571308474364e-08,109,0,0.0,1.0,0.872,0.872,0.872,0.872,0,16
CLEAN_NNLS,rho_zero,3.8734382953479965e-08,110,0,0.0,1.0,0.88,0.88,0.88,0.88,0,15
CLEAN_NNLS,rho_zero,3.854766889095603e-08,111,0,0.0,1.0,0.888,0.888,0.888,0.888,0,14
CLEAN_NNLS,rho_zero,3.7941287357076186e-08,112,0,0.0,1.0,0.896,0.896,0.896,0.896,0,13
CLEAN_NNLS,rho_zero,3.362450992772802e-08,113,0,0.0,1.0,0.904,0.904,0.904,0.904,0,12
CLEAN_NNLS,rho_zero,2.8251990371146892e-08,114,0,0.0,1.0,0.912,0.912,0.912,0.912,0,11
CLEAN_NNLS,rho_zero,2.737093658639987e-08,115,0,0.0,1.0,0.92,0.92,0.92,0.92,0,10
CLEAN_NNLS,rho_zero,2.6277368747093044e-08,116,0,0.0,1.0,0.928,0.928,0.928,0.928,0,9
CLEAN_NNLS,rho_zero,2.5994920094358176e-08,117,0,0.0,1.0,0.936,0.936,0.936,0.936,0,8
CLEAN_NNLS,rho_zero,2.13832897316871e-08,118,0,0.0,1.0,0.944,0.944,0.944,0.944,0,7
CLEAN_NNLS,rho_zero,2.0586418891985483e-08,119,0,0.0,1.0,0.952,0.952,0.952,0.952,0,6
CLEAN_NNLS,rho_zero,2.0196404215828995e-08,120,0,0.0,1.0,0.96,0.96,0.96,0.96,0,5
CLEAN_NNLS,rho_zero,1.9803504340473043e-08,121,0,0.0,1.0,0.968,0.968,0.968,0.968,0,4
CLEAN_NNLS,rho_zero,1.0973833123401195e-08,122,0,0.0,1.0,0.976,0.976,0.976,0.976,0,3
CLEAN_NNLS,rho_zero,6.97371981763781e-09,123,0,0.0,1.0,0.984,0.984,0.984,0.984,0,2
CLEAN_NNLS,rho_zero,3.1000289649937915e-09,124,0,0.0,1.0,0.992,0.992,0.992,0.992,0,1
CLEAN_NNLS,rho_zero,3.0491092908005636e-09,125,0,0.0,1.0,1.0,1.0,1.0,1.0,0,0
CLEAN_NNLS,X_hat,0.029410132435865637,1,0,0.0,1.0,0.008,0.008,0.008,0.008,0,124
CLEAN_NNLS,X_hat,0.029410126152488506,2,0,0.0,1.0,0.016,0.016,0.016,0.016,0,123
CLEAN_NNLS,X_hat,0.029410113388396098,3,0,0.0,1.0,0.024,0.024,0.024,0.024,0,122
CLEAN_NNLS,X_hat,0.029410112244417596,4,0,0.0,1.0,0.032,0.032,0.032,0.032,0,121
CLEAN_NNLS,X_hat,0.029410108576794533,5,0,0.0,1.0,0.04,0.04,0.04,0.04,0,120
CLEAN_NNLS,X_hat,0.029410106573524622,6,0,0.0,1.0,0.048,0.048,0.048,0.048,0,119
CLEAN_NNLS,X_hat,0.029410106274633162,7,0,0.0,1.0,0.056,0.056,0.056,0.056,0,118
CLEAN_NNLS,X_hat,0.029410105316486232,8,0,0.0,1.0,0.064,0.064,0.064,0.064,0,117
CLEAN_NNLS,X_hat,0.029410105286616656,9,0,0.0,1.0,0.072,0.072,0.072,0.072,0,116
CLEAN_NNLS,X_hat,0.029410105162077246,10,0,0.0,1.0,0.08,0.08,0.08,0.08,0,115
CLEAN_NNLS,X_hat,0.029410105141380725,11,0,0.0,1.0,0.088,0.088,0.088,0.088,0,114
CLEAN_NNLS,X_hat,0.0294101050180842,12,0,0.0,1.0,0.096,0.096,0.096,0.096,0,113
CLEAN_NNLS,X_hat,0.02941010410104723,13,0,0.0,1.0,0.104,0.104,0.104,0.104,0,112
CLEAN_NNLS,X_hat,0.0294101038691876,14,0,0.0,1.0,0.112,0.112,0.112,0.112,0,111
CLEAN_NNLS,X_hat,0.029410102998525135,15,0,0.0,1.0,0.12,0.12,0.12,0.12,0,110
CLEAN_NNLS,X_hat,0.029410102730708192,16,0,0.0,1.0,0.128,0.128,0.128,0.128,0,109
CLEAN_NNLS,X_hat,0.02941010246639368,17,0,0.0,1.0,0.136,0.136,0.136,0.136,0,108
CLEAN_NNLS,X_hat,0.02941010225674191,18,0,0.0,1.0,0.144,0.144,0.144,0.144,0,107
CLEAN_NNLS,X_hat,0.029410102142260194,19,0,0.0,1.0,0.152,0.152,0.152,0.152,0,106
CLEAN_NNLS,X_hat,0.029410101963362145,20,0,0.0,1.0,0.16,0.16,0.16,0.16,0,105
CLEAN_NNLS,X_hat,0.029410101864058232,21,0,0.0,1.0,0.168,0.168,0.168,0.168,0,104
CLEAN_NNLS,X_hat,0.029410101545734615,22,0,0.0,1.0,0.176,0.176,0.176,0.176,0,103
CLEAN_NNLS,X_hat,0.0294101001623449,23,0,0.0,1.0,0.184,0.184,0.184,0.184,0,102
CLEAN_NNLS,X_hat,0.029410099600091246,24,0,0.0,1.0,0.192,0.192,0.192,0.192,0,101
CLEAN_NNLS,X_hat,0.029410098896116888,25,0,0.0,1.0,0.2,0.2,0.2,0.2,0,100
CLEAN_NNLS,X_hat,0.02941009810806967,26,0,0.0,1.0,0.208,0.208,0.208,0.208,0,99
CLEAN_NNLS,X_hat,0.029410097900652098,27,0,0.0,1.0,0.216,0.216,0.216,0.216,0,98
CLEAN_NNLS,X_hat,0.029410097534330056,28,0,0.0,1.0,0.224,0.224,0.224,0.224,0,97
CLEAN_NNLS,X_hat,0.029410096793014456,29,0,0.0,1.0,0.232,0.232,0.232,0.232,0,96
CLEAN_NNLS,X_hat,0.02941009559376806,30,0,0.0,1.0,0.24,0.24,0.24,0.24,0,95
CLEAN_NNLS,X_hat,0.029410095459022564,31,0,0.0,1.0,0.248,0.248,0.248,0.248,0,94
CLEAN_NNLS,X_hat,0.029410094492032936,32,0,0.0,1.0,0.256,0.256,0.256,0.256,0,93
CLEAN_NNLS,X_hat,0.02941008997418475,33,0,0.0,1.0,0.264,0.264,0.264,0.264,0,92
CLEAN_NNLS,X_hat,0.029410088946207565,34,0,0.0,1.0,0.272,0.272,0.272,0.272,0,91
CLEAN_NNLS,X_hat,0.02941008720220561,35,0,0.0,1.0,0.28,0.28,0.28,0.28,0,90
CLEAN_NNLS,X_hat,0.02941008620904687,36,0,0.0,1.0,0.288,0.288,0.288,0.288,0,89
CLEAN_NNLS,X_hat,0.02941008331513638,37,0,0.0,1.0,0.296,0.296,0.296,0.296,0,88
CLEAN_NNLS,X_hat,0.029410083155990314,38,0,0.0,1.0,0.304,0.304,0.304,0.304,0,87
CLEAN_NNLS,X_hat,0.02941008251604399,39,0,0.0,1.0,0.312,0.312,0.312,0.312,0,86
CLEAN_NNLS,X_hat,0.029410033766792534,40,0,0.0,1.0,0.32,0.32,0.32,0.32,0,85
CLEAN_NNLS,X_hat,0.027472124023971402,41,0,0.0,1.0,0.328,0.328,0.328,0.328,0,84
CLEAN_NNLS,X_hat,0.0274721030564603,42,0,0.0,1.0,0.336,0.336,0.336,0.336,0,83
CLEAN_NNLS,X_hat,0.027472101941922053,43,0,0.0,1.0,0.344,0.344,0.344,0.344,0,82
CLEAN_NNLS,X_hat,0.02747210071601124,44,0,0.0,1.0,0.352,0.352,0.352,0.352,0,81
CLEAN_NNLS,X_hat,0.027472082263512183,45,0,0.0,1.0,0.36,0.36,0.36,0.36,0,80
CLEAN_NNLS,X_hat,0.02137885692437654,46,0,0.0,1.0,0.368,0.368,0.368,0.368,0,79
CLEAN_NNLS,X_hat,0.021378837241877852,47,0,0.0,1.0,0.376,0.376,0.376,0.376,0,78
CLEAN_NNLS,X_hat,0.021378824841847062,48,0,0.0,1.0,0.384,0.384,0.384,0.384,0,77
CLEAN_NNLS,X_hat,0.021378823187665964,49,0,0.0,1.0,0.392,0.392,0.392,0.392,0,76
CLEAN_NNLS,X_hat,0.021378807734561307,50,0,0.0,1.0,0.4,0.4,0.4,0.4,0,75
CLEAN_NNLS,X_hat,0.017795175616704646,51,0,0.0,1.0,0.408,0.408,0.408,0.408,0,74
CLEAN_NNLS,X_hat,0.017795147730208086,52,0,0.0,1.0,0.416,0.416,0.416,0.416,0,73
CLEAN_NNLS,X_hat,0.017795144339869205,53,0,0.0,1.0,0.424,0.424,0.424,0.424,0,72
CLEAN_NNLS,X_hat,0.017795140469542343,54,0,0.0,1.0,0.432,0.432,0.432,0.432,0,71
CLEAN_NNLS,X_hat,0.017795138129102182,55,0,0.0,1.0,0.44,0.44,0.44,0.44,0,70
CLEAN_NNLS,X_hat,0.015822951303125922,56,0,0.0,1.0,0.448,0.448,0.448,0.448,0,69
CLEAN_NNLS,X_hat,0.01582294601057839,57,0,0.0,1.0,0.456,0.456,0.456,0.456,0,68
CLEAN_NNLS,X_hat,0.015822945844429875,58,0,0.0,1.0,0.464,0.464,0.464,0.464,0,67
CLEAN_NNLS,X_hat,0.015822921798560846,59,0,0.0,1.0,0.472,0.472,0.472,0.472,0,66
CLEAN_NNLS,X_hat,0.015822905564070677,60,0,0.0,1.0,0.48,0.48,0.48,0.48,0,65
CLEAN_NNLS,X_hat,0.014705051009641276,61,0,0.0,1.0,0.488,0.488,0.488,0.488,0,64
CLEAN_NNLS,X_hat,0.01470504812753426,62,0,0.0,1.0,0.496,0.496,0.496,0.496,0,63
CLEAN_NNLS,X_hat,0.014705041387065127,63,0,0.0,1.0,0.504,0.504,0.504,0.504,0,62
CLEAN_NNLS,X_hat,0.014705019030489807,64,0,0.0,1.0,0.512,0.512,0.512,0.512,0,61
CLEAN_NNLS,X_hat,0.014705018066914762,65,0,0.0,1.0,0.52,0.52,0.52,0.52,0,60
CLEAN_NNLS,X_hat,0.01314562176572268,66,0,0.0,1.0,0.528,0.528,0.528,0.528,0,59
CLEAN_NNLS,X_hat,0.01314562107904561,67,0,0.0,1.0,0.536,0.536,0.536,0.536,0,58
CLEAN_NNLS,X_hat,0.013145619562893184,68,0,0.0,1.0,0.544,0.544,0.544,0.544,0,57
CLEAN_NNLS,X_hat,0.013145613456463534,69,0,0.0,1.0,0.552,0.552,0.552,0.552,0,56
CLEAN_NNLS,X_hat,0.013145599858344523,70,0,0.0,1.0,0.56,0.56,0.56,0.56,0,55
CLEAN_NNLS,X_hat,0.011472965776124958,71,0,0.0,1.0,0.568,0.568,0.568,0.568,0,54
CLEAN_NNLS,X_hat,0.011472936454980227,72,0,0.0,1.0,0.576,0.576,0.576,0.576,0,53
CLEAN_NNLS,X_hat,0.011472935089721413,73,0,0.0,1.0,0.584,0.584,0.584,0.584,0,52
CLEAN_NNLS,X_hat,0.011472927102241279,74,0,0.0,1.0,0.592,0.592,0.592,0.592,0,51
CLEAN_NNLS,X_hat,0.011472914806126801,75,0,0.0,1.0,0.6,0.6,0.6,0.6,0,50
CLEAN_NNLS,X_hat,0.010739752458244435,76,0,0.0,1.0,0.608,0.608,0.608,0.608,0,49
CLEAN_NNLS,X_hat,0.010739740071419555,77,0,0.0,1.0,0.616,0.616,0.616,0.616,0,48
CLEAN_NNLS,X_hat,0.010739738432557162,78,0,0.0,1.0,0.624,0.624,0.624,0.624,0,47
CLEAN_NNLS,X_hat,0.01073972705620483,79,0,0.0,1.0,0.632,0.632,0.632,0.632,0,46
CLEAN_NNLS,X_hat,0.010739721467486016,80,0,0.0,1.0,0.64,0.64,0.64,0.64,0,45
CLEAN_NNLS,X_hat,0.010133413509004631,81,0,0.0,1.0,0.648,0.648,0.648,0.648,0,44
CLEAN_NNLS,X_hat,0.010133410515736975,82,0,0.0,1.0,0.656,0.656,0.656,0.656,0,43
CLEAN_NNLS,X_hat,0.010133410049253482,83,0,0.0,1.0,0.664,0.664,0.664,0.664,0,42
CLEAN_NNLS,X_hat,0.010133407755239668,84,0,0.0,1.0,0.672,0.672,0.672,0.672,0,41
CLEAN_NNLS,X_hat,0.01013340487769484,85,0,0.0,1.0,0.68,0.68,0.68,0.68,0,40
CLEAN_NNLS,X_hat,0.00907402364404443,86,0,0.0,1.0,0.688,0.688,0.688,0.688,0,39
CLEAN_NNLS,X_hat,0.009074011374587626,87,0,0.0,1.0,0.696,0.696,0.696,0.696,0,38
CLEAN_NNLS,X_hat,0.009074010166341689,88,0,0.0,1.0,0.704,0.704,0.704,0.704,0,37
CLEAN_NNLS,X_hat,0.009074007761351059,89,0,0.0,1.0,0.712,0.712,0.712,0.712,0,36
CLEAN_NNLS,X_hat,0.00907400727098487,90,0,0.0,1.0,0.72,0.72,0.72,0.72,0,35
CLEAN_NNLS,X_hat,0.007853013860509841,91,0,0.0,1.0,0.728,0.728,0.728,0.728,0,34
CLEAN_NNLS,X_hat,0.00785300465629202,92,0,0.0,1.0,0.736,0.736,0.736,0.736,0,33
CLEAN_NNLS,X_hat,0.007852998135071633,93,0,0.0,1.0,0.744,0.744,0.744,0.744,0,32
CLEAN_NNLS,X_hat,0.007852997481509662,94,0,0.0,1.0,0.752,0.752,0.752,0.752,0,31
CLEAN_NNLS,X_hat,0.007852995109935177,95,0,0.0,1.0,0.76,0.76,0.76,0.76,0,30
CLEAN_NNLS,X_hat,0.007352541050183984,96,0,0.0,1.0,0.768,0.768,0.768,0.768,0,29
CLEAN_NNLS,X_hat,0.007352538707434099,97,0,0.0,1.0,0.776,0.776,0.776,0.776,0,28
CLEAN_NNLS,X_hat,0.00735253714694046,98,0,0.0,1.0,0.784,0.784,0.784,0.784,0,27
CLEAN_NNLS,X_hat,0.007352536297515815,99,0,0.0,1.0,0.792,0.792,0.792,0.792,0,26
CLEAN_NNLS,X_hat,0.0073525284154889155,100,0,0.0,1.0,0.8,0.8,0.8,0.8,0,25
CLEAN_NNLS,X_hat,0.007352527333254887,101,0,0.0,1.0,0.808,0.808,0.808,0.808,0,24
CLEAN_NNLS,X_hat,0.0073525261710637065,102,0,0.0,1.0,0.816,0.816,0.816,0.816,0,23
CLEAN_NNLS,X_hat,0.0073525257154029725,103,0,0.0,1.0,0.824,0.824,0.824,0.824,0,22
CLEAN_NNLS,X_hat,0.007352525685696277,104,0,0.0,1.0,0.832,0.832,0.832,0.832,0,21
CLEAN_NNLS,X_hat,0.007352525627321336,105,0,0.0,1.0,0.84,0.84,0.84,0.84,0,20
CLEAN_NNLS,X_hat,0.007352524901410622,106,0,0.0,1.0,0.848,0.848,0.848,0.848,0,19
CLEAN_NNLS,X_hat,0.007352524734378497,107,0,0.0,1.0,0.856,0.856,0.856,0.856,0,18
CLEAN_NNLS,X_hat,0.007352524456431074,108,0,0.0,1.0,0.864,0.864,0.864,0.864,0,17
CLEAN_NNLS,X_hat,0.007352524291067826,109,0,0.0,1.0,0.872,0.872,0.872,0.872,0,16
CLEAN_NNLS,X_hat,0.007352524230623143,110,0,0.0,1.0,0.88,0.88,0.88,0.88,0,15
CLEAN_NNLS,X_hat,0.007352524179927189,111,0,0.0,1.0,0.888,0.888,0.888,0.888,0,14
CLEAN_NNLS,X_hat,0.0073525234767941585,112,0,0.0,1.0,0.896,0.896,0.896,0.896,0,13
CLEAN_NNLS,X_hat,0.0073525231931609826,113,0,0.0,1.0,0.904,0.904,0.904,0.904,0,12
CLEAN_NNLS,X_hat,0.007352521086682252,114,0,0.0,1.0,0.912,0.912,0.912,0.912,0,11
CLEAN_NNLS,X_hat,0.007352519958304507,115,0,0.0,1.0,0.92,0.92,0.92,0.92,0,10
CLEAN_NNLS,X_hat,0.007352519793652394,116,0,0.0,1.0,0.928,0.928,0.928,0.928,0,9
CLEAN_NNLS,X_hat,0.007352518655561863,117,0,0.0,1.0,0.936,0.936,0.936,0.936,0,8
CLEAN_NNLS,X_hat,0.007352518359998766,118,0,0.0,1.0,0.944,0.944,0.944,0.944,0,7
CLEAN_NNLS,X_hat,0.0073525172762676,119,0,0.0,1.0,0.952,0.952,0.952,0.952,0,6
CLEAN_NNLS,X_hat,0.00735251665233254,120,0,0.0,1.0,0.96,0.96,0.96,0.96,0,5
CLEAN_NNLS,X_hat,0.007352515355687948,121,0,0.0,1.0,0.968,0.968,0.968,0.968,0,4
CLEAN_NNLS,X_hat,0.007352514619714324,122,0,0.0,1.0,0.976,0.976,0.976,0.976,0,3
CLEAN_NNLS,X_hat,0.007352511132290461,123,0,0.0,1.0,0.984,0.984,0.984,0.984,0,2
CLEAN_NNLS,X_hat,0.007352503978982531,124,0,0.0,1.0,0.992,0.992,0.992,0.992,0,1
CLEAN_NNLS,X_hat,0.007352493175171309,125,0,0.0,1.0,1.0,1.0,1.0,1.0,0,0
CLEAN_ISTA,rho_zero,0.0019467473153822084,1,0,0.0,1.0,0.008,0.008130081300813009,0.008,0.0044444444444444444,2,122
CLEAN_ISTA,rho_zero,0.0015689316695355689,2,0,0.0,1.0,0.016,0.016260162601626018,0.016,0.008888888888888889,2,121
CLEAN_ISTA,rho_zero,0.0002676178919178276,3,0,0.0,1.0,0.024,0.024390243902439025,0.024,0.013333333333333334,2,120
CLEAN_ISTA,rho_zero,0.00023814475119686041,4,0,0.0,1.0,0.032,0.032520325203252036,0.032,0.017777777777777778,2,119
CLEAN_ISTA,rho_zero,0.00021491093143030096,5,0,0.0,1.0,0.04,0.04065040650406504,0.04,0.022222222222222223,2,118
CLEAN_ISTA,rho_zero,0.00016819032474636148,6,0,0.0,1.0,0.048,0.04878048780487805,0.048,0.02666666666666667,2,117
CLEAN_ISTA,rho_zero,0.00015376052770730753,7,0,0.0,1.0,0.056,0.056910569105691054,0.056,0.03111111111111111,2,116
CLEAN_ISTA,rho_zero,0.00014092358076372513,8,0,0.0,1.0,0.064,0.06504065040650407,0.064,0.035555555555555556,2,115
CLEAN_ISTA,rho_zero,0.00011911029253980875,9,0,0.0,1.0,0.072,0.07317073170731707,0.072,0.04,2,114
CLEAN_ISTA,rho_zero,5.136133198891674e-05,10,0,0.0,1.0,0.08,0.08130081300813008,0.08,0.044444444444444446,2,113
CLEAN_ISTA,rho_zero,4.496648196411416e-05,11,0,0.0,1.0,0.088,0.08943089430894309,0.088,0.04888888888888889,2,112
CLEAN_ISTA,rho_zero,3.88355365716354e-05,12,0,0.0,1.0,0.096,0.0975609756097561,0.096,0.05333333333333334,2,111
CLEAN_ISTA,rho_zero,3.405768648625433e-05,13,0,0.0,1.0,0.104,0.10569105691056911,0.104,0.057777777777777775,2,110
CLEAN_ISTA,rho_zero,3.405057693459683e-05,14,0,0.0,1.0,0.112,0.11382113821138211,0.112,0.06222222222222222,2,109
CLEAN_ISTA,rho_zero,3.206398687197748e-05,15,0,0.0,1.0,0.12,0.12195121951219512,0.12,0.06666666666666667,2,108
CLEAN_ISTA,rho_zero,2.530408080878393e-05,16,0,0.0,1.0,0.128,0.13008130081300814,0.128,0.07111111111111111,2,107
CLEAN_ISTA,rho_zero,2.3460737905200416e-05,17,0,0.0,1.0,0.136,0.13821138211382114,0.136,0.07555555555555556,2,106
CLEAN_ISTA,rho_zero,2.2288123011132246e-05,18,0,0.0,1.0,0.144,0.14634146341463414,0.144,0.08,2,105
CLEAN_ISTA,rho_zero,2.0540946649361716e-05,19,0,0.0,1.0,0.152,0.15447154471544716,0.152,0.08444444444444445,2,104
CLEAN_ISTA,rho_zero,1.7916298684924645e-05,20,0,0.0,1.0,0.16,0.16260162601626016,0.16,0.08888888888888889,2,103
CLEAN_ISTA,rho_zero,1.7510684396050256e-05,21,0,0.0,1.0,0.168,0.17073170731707318,0.168,0.09333333333333334,2,102
CLEAN_ISTA,rho_zero,1.737959807195549e-05,22,0,0.0,1.0,0.176,0.17886178861788618,0.176,0.09777777777777778,2,101
CLEAN_ISTA,rho_zero,1.6796022217580196e-05,23,0,0.0,1.0,0.184,0.18699186991869918,0.184,0.10222222222222223,2,100
CLEAN_ISTA,rho_zero,1.641973187307952e-05,24,0,0.0,1.0,0.192,0.1951219512195122,0.192,0.10666666666666667,2,99
CLEAN_ISTA,rho_zero,1.4006641030238715e-05,25,0,0.0,1.0,0.2,0.2032520325203252,0.2,0.1111111111111111,2,98
CLEAN_ISTA,rho_zero,8.116888061390411e-06,26,0,0.0,1.0,0.208,0.21138211382113822,0.208,0.11555555555555555,2,97
CLEAN_ISTA,rho_zero,7.914987510322835e-06,27,0,0.0,1.0,0.216,0.21951219512195122,0.216,0.12,2,96
CLEAN_ISTA,rho_zero,7.326043436633263e-06,28,0,0.0,1.0,0.224,0.22764227642276422,0.224,0.12444444444444444,2,95
CLEAN_ISTA,rho_zero,7.2243686319783096e-06,29,0,0.0,1.0,0.232,0.23577235772357724,0.232,0.1288888888888889,2,94
CLEAN_ISTA,rho_zero,6.2131265125641895e-06,30,0,0.0,1.0,0.24,0.24390243902439024,0.24,0.13333333333333333,2,93
CLEAN_ISTA,rho_zero,6.146665166823754e-06,31,0,0.0,1.0,0.248,0.25203252032520324,0.248,0.13777777777777778,2,92
CLEAN_ISTA,rho_zero,6.034471090727215e-06,32,0,0.0,1.0,0.256,0.2601626016260163,0.256,0.14222222222222222,2,91
CLEAN_ISTA,rho_zero,4.873513766907567e-06,33,0,0.0,1.0,0.264,0.2682926829268293,0.264,0.14666666666666667,2,90
CLEAN_ISTA,rho_zero,4.8327812431517506e-06,34,0,0.0,1.0,0.272,0.2764227642276423,0.272,0.1511111111111111,2,89
CLEAN_ISTA,rho_zero,4.353183070443103e-06,35,0,0.0,1.0,0.28,0.2845528455284553,0.28,0.15555555555555556,2,88
CLEAN_ISTA,rho_zero,3.915570835532074e-06,36,0,0.0,1.0,0.288,0.2926829268292683,0.288,0.16,2,87
CLEAN_ISTA,rho_zero,3.864752648267769e-06,37,0,0.0,1.0,0.296,0.3008130081300813,0.296,0.16444444444444445,2,86
CLEAN_ISTA,rho_zero,3.7741086621909626e-06,38,0,0.0,1.0,0.304,0.3089430894308943,0.304,0.1688888888888889,2,85
CLEAN_ISTA,rho_zero,3.0135537079826333e-06,39,0,0.0,1.0,0.312,0.3170731707317073,0.312,0.17333333333333334,2,84
CLEAN_ISTA,rho_zero,2.8665053653408235e-06,40,0,0.0,1.0,0.32,0.3252032520325203,0.32,0.17777777777777778,2,83
CLEAN_ISTA,rho_zero,2.636849767029295e-06,41,0,0.0,1.0,0.328,0.3333333333333333,0.328,0.18222222222222223,2,82
CLEAN_ISTA,rho_zero,2.4569616658616507e-06,42,0,0.0,1.0,0.336,0.34146341463414637,0.336,0.18666666666666668,2,81
CLEAN_ISTA,rho_zero,1.7799234974638722e-06,43,0,0.0,1.0,0.344,0.34959349593495936,0.344,0.19111111111111112,2,80
CLEAN_ISTA,rho_zero,1.754120202516292e-06,44,0,0.0,1.0,0.352,0.35772357723577236,0.352,0.19555555555555557,2,79
CLEAN_ISTA,rho_zero,1.7139398900787625e-06,45,0,0.0,1.0,0.36,0.36585365853658536,0.36,0.2,2,78
CLEAN_ISTA,rho_zero,1.6066849105487307e-06,46,0,0.0,1.0,0.368,0.37398373983739835,0.368,0.20444444444444446,2,77
CLEAN_ISTA,rho_zero,1.3193204543205254e-06,47,0,0.0,1.0,0.376,0.3821138211382114,0.376,0.2088888888888889,2,76
CLEAN_ISTA,rho_zero,1.2559228453757746e-06,48,0,0.0,1.0,0.384,0.3902439024390244,0.384,0.21333333333333335,2,75
CLEAN_ISTA,rho_zero,1.206462265159496e-06,49,0,0.0,1.0,0.392,0.3983739837398374,0.392,0.21777777777777776,2,74
CLEAN_ISTA,rho_zero,1.164825252204842e-06,50,0,0.0,1.0,0.4,0.4065040650406504,0.4,0.2222222222222222,2,73
CLEAN_ISTA,rho_zero,1.0917870342210231e-06,51,0,0.0,1.0,0.408,0.4146341463414634,0.408,0.22666666666666666,2,72
CLEAN_ISTA,rho_zero,1.054948971150376e-06,52,0,0.0,1.0,0.416,0.42276422764227645,0.416,0.2311111111111111,2,71
CLEAN_ISTA,rho_zero,1.0271407146944327e-06,53,0,0.0,1.0,0.424,0.43089430894308944,0.424,0.23555555555555555,2,70
CLEAN_ISTA,rho_zero,9.289963668510981e-07,54,0,0.0,1.0,0.432,0.43902439024390244,0.432,0.24,2,69
CLEAN_ISTA,rho_zero,8.867070394986005e-07,55,0,0.0,1.0,0.44,0.44715447154471544,0.44,0.24444444444444444,2,68
CLEAN_ISTA,rho_zero,8.274467013114422e-07,56,0,0.0,1.0,0.448,0.45528455284552843,0.448,0.24888888888888888,2,67
CLEAN_ISTA,rho_zero,7.856529376522762e-07,57,0,0.0,1.0,0.456,0.4634146341463415,0.456,0.25333333333333335,2,66
CLEAN_ISTA,rho_zero,7.446638299169471e-07,58,0,0.0,1.0,0.464,0.4715447154471545,0.464,0.2577777777777778,2,65
CLEAN_ISTA,rho_zero,6.849826663802598e-07,59,0,0.0,1.0,0.472,0.4796747967479675,0.472,0.26222222222222225,2,64
CLEAN_ISTA,rho_zero,6.795844897528203e-07,60,0,0.0,1.0,0.48,0.4878048780487805,0.48,0.26666666666666666,2,63
CLEAN_ISTA,rho_zero,5.946968909614031e-07,61,0,0.0,1.0,0.488,0.4959349593495935,0.488,0.27111111111111114,2,62
CLEAN_ISTA,rho_zero,5.773790864971675e-07,62,0,0.0,1.0,0.496,0.5040650406504065,0.496,0.27555555555555555,2,61
CLEAN_ISTA,rho_zero,5.593128274195781e-07,63,0,0.0,1.0,0.504,0.5121951219512195,0.504,0.28,2,60
CLEAN_ISTA,rho_zero,5.353327067604143e-07,64,0,0.0,1.0,0.512,0.5203252032520326,0.512,0.28444444444444444,2,59
CLEAN_ISTA,rho_zero,5.01610874686159e-07,65,0,0.0,1.0,0.52,0.5284552845528455,0.52,0.28888888888888886,2,58
CLEAN_ISTA,rho_zero,4.2858047516889744e-07,66,0,0.0,1.0,0.528,0.5365853658536586,0.528,0.29333333333333333,2,57
CLEAN_ISTA,rho_zero,4.1545499327095873e-07,67,0,0.0,1.0,0.536,0.5447154471544715,0.536,0.29777777777777775,2,56
CLEAN_ISTA,rho_zero,3.989385008702664e-07,68,0,0.0,1.0,0.544,0.5528455284552846,0.544,0.3022222222222222,2,55
CLEAN_ISTA,rho_zero,3.8269701516859887e-07,69,0,0.0,1.0,0.552,0.5609756097560976,0.552,0.30666666666666664,2,54
CLEAN_ISTA,rho_zero,3.4640198643914067e-07,70,0,0.0,1.0,0.56,0.5691056910569106,0.56,0.3111111111111111,2,53
CLEAN_ISTA,rho_zero,3.342608367062656e-07,71,0,0.0,1.0,0.568,0.5772357723577236,0.568,0.31555555555555553,2,52
CLEAN_ISTA,rho_zero,3.00097724292882e-07,72,0,0.0,1.0,0.576,0.5853658536585366,0.576,0.32,2,51
CLEAN_ISTA,rho_zero,2.946502030662236e-07,73,0,0.0,1.0,0.584,0.5934959349593496,0.584,0.3244444444444444,2,50
CLEAN_ISTA,rho_zero,2.6004640203129144e-07,74,0,0.0,1.0,0.592,0.6016260162601627,0.592,0.3288888888888889,2,49
CLEAN_ISTA,rho_zero,2.2072321157188232e-07,75,0,0.0,1.0,0.6,0.6097560975609756,0.6,0.3333333333333333,2,48
CLEAN_ISTA,rho_zero,2.1582523669187578e-07,76,0,0.0,1.0,0.608,0.6178861788617886,0.608,0.3377777777777778,2,47
CLEAN_ISTA,rho_zero,2.0852663254069391e-07,77,0,0.0,1.0,0.616,0.6260162601626016,0.616,0.3422222222222222,2,46
CLEAN_ISTA,rho_zero,2.0008336413337336e-07,78,0,0.0,1.0,0.624,0.6341463414634146,0.624,0.3466666666666667,2,45
CLEAN_ISTA,rho_zero,1.782600043069358e-07,79,0,0.0,1.0,0.632,0.6422764227642277,0.632,0.3511111111111111,2,44
CLEAN_ISTA,rho_zero,1.7416392006372027e-07,80,0,0.0,1.0,0.64,0.6504065040650406,0.64,0.35555555555555557,2,43
CLEAN_ISTA,rho_zero,1.720497397138138e-07,81,0,0.0,1.0,0.648,0.6585365853658537,0.648,0.36,2,42
CLEAN_ISTA,rho_zero,1.7139318807173146e-07,82,0,0.0,1.0,0.656,0.6666666666666666,0.656,0.36444444444444446,2,41
CLEAN_ISTA,rho_zero,1.7000349195552183e-07,83,0,0.0,1.0,0.664,0.6747967479674797,0.664,0.3688888888888889,2,40
CLEAN_ISTA,rho_zero,1.6688695153178876e-07,84,0,0.0,1.0,0.672,0.6829268292682927,0.672,0.37333333333333335,2,39
CLEAN_ISTA,rho_zero,1.5094125903949502e-07,85,0,0.0,1.0,0.68,0.6910569105691057,0.68,0.37777777777777777,2,38
CLEAN_ISTA,rho_zero,1.4271846926615679e-07,86,0,0.0,1.0,0.688,0.6991869918699187,0.688,0.38222222222222224,2,37
CLEAN_ISTA,rho_zero,1.335145113276362e-07,87,0,0.0,1.0,0.696,0.7073170731707317,0.696,0.38666666666666666,2,36
CLEAN_ISTA,rho_zero,1.2043968913391365e-07,88,0,0.0,1.0,0.704,0.7154471544715447,0.704,0.39111111111111113,2,35
CLEAN_ISTA,rho_zero,1.1295243300889608e-07,89,0,0.0,1.0,0.712,0.7235772357723578,0.712,0.39555555555555555,2,34
CLEAN_ISTA,rho_zero,1.034660980627212e-07,90,0,0.0,1.0,0.72,0.7317073170731707,0.72,0.4,2,33
CLEAN_ISTA,rho_zero,9.673938289264283e-08,91,0,0.0,1.0,0.728,0.7398373983739838,0.728,0.40444444444444444,2,32
CLEAN_ISTA,rho_zero,8.36960246584929e-08,92,0,0.0,1.0,0.736,0.7479674796747967,0.736,0.4088888888888889,2,31
CLEAN_ISTA,rho_zero,7.648183435343335e-08,93,0,0.0,1.0,0.744,0.7560975609756098,0.744,0.41333333333333333,2,30
CLEAN_ISTA,rho_zero,7.354188924189217e-08,94,0,0.0,1.0,0.752,0.7642276422764228,0.752,0.4177777777777778,2,29
CLEAN_ISTA,rho_zero,6.969613788535917e-08,95,0,0.0,1.0,0.76,0.7723577235772358,0.76,0.4222222222222222,2,28
CLEAN_ISTA,rho_zero,6.904416672724642e-08,96,0,0.0,1.0,0.768,0.7804878048780488,0.768,0.4266666666666667,2,27
CLEAN_ISTA,rho_zero,6.321183004720081e-08,97,0,0.0,1.0,0.776,0.7886178861788617,0.776,0.4311111111111111,2,26
CLEAN_ISTA,rho_zero,6.265961922870542e-08,98,0,0.0,1.0,0.784,0.7967479674796748,0.784,0.43555555555555553,2,25
CLEAN_ISTA,rho_zero,5.61486999700636e-08,99,0,0.0,1.0,0.792,0.8048780487804879,0.792,0.44,2,24
CLEAN_ISTA,rho_zero,5.483678970688452e-08,100,0,0.0,1.0,0.8,0.8130081300813008,0.8,0.4444444444444444,2,23
CLEAN_ISTA,rho_zero,5.3843879257425476e-08,101,0,0.0,1.0,0.808,0.8211382113821138,0.808,0.4488888888888889,2,22
CLEAN_ISTA,rho_zero,5.337446848077425e-08,102,0,0.0,1.0,0.816,0.8292682926829268,0.816,0.4533333333333333,2,21
CLEAN_ISTA,rho_zero,5.217807150762012e-08,103,0,0.0,1.0,0.824,0.8373983739837398,0.824,0.4577777777777778,2,20
CLEAN_ISTA,rho_zero,4.973609880080697e-08,104,0,0.0,1.0,0.832,0.8455284552845529,0.832,0.4622222222222222,2,19
CLEAN_ISTA,rho_zero,4.842465525515777e-08,105,0,0.0,1.0,0.84,0.8536585365853658,0.84,0.4666666666666667,2,18
CLEAN_ISTA,rho_zero,4.1630869908933796e-08,106,0,0.0,1.0,0.848,0.8617886178861789,0.848,0.4711111111111111,2,17
CLEAN_ISTA,rho_zero,4.097181429883048e-08,107,0,0.0,1.0,0.856,0.8699186991869918,0.856,0.47555555555555556,2,16
CLEAN_ISTA,rho_zero,3.8734382953479965e-08,108,0,0.0,1.0,0.864,0.8780487804878049,0.864,0.48,2,15
CLEAN_ISTA,rho_zero,3.854766889095603e-08,109,0,0.0,1.0,0.872,0.8861788617886179,0.872,0.48444444444444446,2,14
CLEAN_ISTA,rho_zero,3.7941287357076186e-08,110,0,0.0,1.0,0.88,0.8943089430894309,0.88,0.4888888888888889,2,13
CLEAN_ISTA,rho_zero,3.362450992772802e-08,111,0,0.0,1.0,0.888,0.9024390243902439,0.888,0.49333333333333335,2,12
CLEAN_ISTA,rho_zero,2.8251990371146892e-08,112,0,0.0,1.0,0.896,0.9105691056910569,0.896,0.49777777777777776,2,11
CLEAN_ISTA,rho_zero,2.737093658639987e-08,113,0,0.0,1.0,0.904,0.9186991869918699,0.904,0.5022222222222222,2,10
CLEAN_ISTA,rho_zero,2.6277368747093044e-08,114,0,0.0,1.0,0.912,0.926829268292683,0.912,0.5066666666666667,2,9
CLEAN_ISTA,rho_zero,2.5994920094358176e-08,115,0,0.0,1.0,0.92,0.9349593495934959,0.92,0.5111111111111111,2,8
CLEAN_ISTA,rho_zero,2.13832897316871e-08,116,0,0.0,1.0,0.928,0.943089430894309,0.928,0.5155555555555555,2,7
CLEAN_ISTA,rho_zero,2.0586418891985483e-08,117,0,0.0,1.0,0.936,0.9512195121951219,0.936,0.52,2,6
CLEAN_ISTA,rho_zero,2.0196404215828995e-08,118,0,0.0,1.0,0.944,0.959349593495935,0.944,0.5244444444444445,2,5
CLEAN_ISTA,rho_zero,1.9803504340473043e-08,119,0,0.0,1.0,0.952,0.967479674796748,0.952,0.5288888888888889,2,4
CLEAN_ISTA,rho_zero,1.0973833123401195e-08,120,0,0.0,1.0,0.96,0.975609756097561,0.96,0.5333333333333333,2,3
CLEAN_ISTA,rho_zero,6.97371981763781e-09,121,0,0.0,1.0,0.968,0.983739837398374,0.968,0.5377777777777778,2,2
CLEAN_ISTA,rho_zero,3.1000289649937915e-09,122,0,0.0,1.0,0.976,0.991869918699187,0.976,0.5422222222222223,2,1
CLEAN_ISTA,rho_zero,3.0491092908005636e-09,123,0,0.0,1.0,0.984,1.0,0.984,0.5466666666666666,2,0
CLEAN_ISTA,rho_zero,6.368610567775e-20,123,1,0.008064516129032258,0.9919354838709677,0.984,1.0,0.984,0.5511111111111111,2,0
CLEAN_ISTA,rho_zero,5.265348238566402e-20,123,2,0.016,0.984,0.984,1.0,0.984,0.5555555555555556,2,0
CLEAN_ISTA,rho_zero,4.485087625409012e-20,123,3,0.023809523809523808,0.9761904761904762,0.984,1.0,0.984,0.56,2,0
CLEAN_ISTA,rho_zero,2.9396399066539825e-20,123,4,0.031496062992125984,0.968503937007874,0.984,1.0,0.984,0.5644444444444444,2,0
CLEAN_ISTA,rho_zero,1.823672502391924e-20,123,5,0.0390625,0.9609375,0.984,1.0,0.984,0.5688888888888889,2,0
CLEAN_ISTA,rho_zero,1.5484524345939566e-20,123,6,0.046511627906976744,0.9534883720930233,0.984,1.0,0.984,0.5733333333333334,2,0
CLEAN_ISTA,rho_zero,1.4083617501698436e-20,123,7,0.05384615384615385,0.9461538461538461,0.984,1.0,0.984,0.5777777777777777,2,0
CLEAN_ISTA,rho_zero,1.3529552476867874e-20,123,8,0.061068702290076333,0.9389312977099237,0.984,1.0,0.984,0.5822222222222222,2,0
CLEAN_ISTA,rho_zero,1.2655279756195291e-20,123,9,0.06818181818181818,0.9318181818181818,0.984,1.0,0.984,0.5866666666666667,2,0
CLEAN_ISTA,rho_zero,1.2375094643005208e-20,123,10,0.07518796992481203,0.924812030075188,0.984,1.0,0.984,0.5911111111111111,2,0
CLEAN_ISTA,rho_zero,9.12226024553226e-21,123,11,0.08208955223880597,0.917910447761194,0.984,1.0,0.984,0.5955555555555555,2,0
CLEAN_ISTA,rho_zero,6.823396242180053e-21,123,12,0.08888888888888889,0.9111111111111111,0.984,1.0,0.984,0.6,2,0
CLEAN_ISTA,rho_zero,6.810617172541987e-21,123,13,0.09558823529411764,0.9044117647058824,0.984,1.0,0.984,0.6044444444444445,2,0
CLEAN_ISTA,rho_zero,5.768387160428136e-21,123,14,0.10218978102189781,0.8978102189781022,0.984,1.0,0.984,0.6088888888888889,2,0
CLEAN_ISTA,rho_zero,5.2228353825112626e-21,123,15,0.10869565217391304,0.8913043478260869,0.984,1.0,0.984,0.6133333333333333,2,0
CLEAN_ISTA,rho_zero,4.771693806645236e-21,123,16,0.11510791366906475,0.8848920863309353,0.984,1.0,0.984,0.6177777777777778,2,0
CLEAN_ISTA,rho_zero,3.558156649152873e-21,123,17,0.12142857142857143,0.8785714285714286,0.984,1.0,0.984,0.6222222222222222,2,0
CLEAN_ISTA,rho_zero,3.412670204370871e-21,123,18,0.1276595744680851,0.8723404255319149,0.984,1.0,0.984,0.6266666666666667,2,0
CLEAN_ISTA,rho_zero,2.896336583239661e-21,123,19,0.13380281690140844,0.8661971830985915,0.984,1.0,0.984,0.6311111111111111,2,0
CLEAN_ISTA,rho_zero,2.5725413302239015e-21,123,20,0.13986013986013987,0.8601398601398601,0.984,1.0,0.984,0.6355555555555555,2,0
CLEAN_ISTA,rho_zero,2.4565765320344326e-21,123,21,0.14583333333333334,0.8541666666666666,0.984,1.0,0.984,0.64,2,0
CLEAN_ISTA,rho_zero,2.3170655238089475e-21,123,22,0.15172413793103448,0.8482758620689655,0.984,1.0,0.984,0.6444444444444445,2,0
CLEAN_ISTA,rho_zero,2.2624180859089653e-21,123,23,0.15753424657534246,0.8424657534246576,0.984,1.0,0.984,0.6488888888888888,2,0
CLEAN_ISTA,rho_zero,2.1998053495144017e-21,123,24,0.16326530612244897,0.8367346938775511,0.984,1.0,0.984,0.6533333333333333,2,0
CLEAN_ISTA,rho_zero,1.925081831516637e-21,123,25,0.16891891891891891,0.831081081081081,0.984,1.0,0.984,0.6577777777777778,2,0
CLEAN_ISTA,rho_zero,1.4446839733714884e-21,123,26,0.174496644295302,0.825503355704698,0.984,1.0,0.984,0.6622222222222223,2,0
CLEAN_ISTA,rho_zero,1.3645663782767079e-21,123,27,0.18,0.82,0.984,1.0,0.984,0.6666666666666666,2,0
CLEAN_ISTA,rho_zero,9.548079626761311e-22,123,28,0.18543046357615894,0.8145695364238411,0.984,1.0,0.984,0.6711111111111111,2,0
CLEAN_ISTA,rho_zero,9.052639690330719e-22,123,29,0.19078947368421054,0.8092105263157895,0.984,1.0,0.984,0.6755555555555556,2,0
CLEAN_ISTA,rho_zero,8.606791461215002e-22,123,30,0.19607843137254902,0.803921568627451,0.984,1.0,0.984,0.68,2,0
CLEAN_ISTA,rho_zero,3.5970537295751794e-22,123,31,0.2012987012987013,0.7987012987012987,0.984,1.0,0.984,0.6844444444444444,2,0
CLEAN_ISTA,rho_zero,1.8395881087440837e-22,123,32,0.2064516129032258,0.7935483870967742,0.984,1.0,0.984,0.6888888888888889,2,0
CLEAN_ISTA,rho_zero,1.7882999693247994e-22,123,33,0.21153846153846154,0.7884615384615384,0.984,1.0,0.984,0.6933333333333334,2,0
CLEAN_ISTA,rho_zero,1.5881873485170809e-22,123,34,0.21656050955414013,0.7834394904458599,0.984,1.0,0.984,0.6977777777777778,2,0
CLEAN_ISTA,rho_zero,1.3883819359837887e-22,123,35,0.22151898734177214,0.7784810126582279,0.984,1.0,0.984,0.7022222222222222,2,0
CLEAN_ISTA,rho_zero,1.0861002034993369e-22,123,36,0.22641509433962265,0.7735849056603774,0.984,1.0,0.984,0.7066666666666667,2,0
CLEAN_ISTA,rho_zero,5.0728238490141484e-23,123,37,0.23125,0.76875,0.984,1.0,0.984,0.7111111111111111,2,0
CLEAN_ISTA,rho_zero,3.11248417698796e-23,123,38,0.2360248447204969,0.7639751552795031,0.984,1.0,0.984,0.7155555555555555,2,0
CLEAN_ISTA,rho_zero,6.4409475308222295e-24,123,39,0.24074074074074073,0.7592592592592593,0.984,1.0,0.984,0.72,2,0
CLEAN_ISTA,rho_zero,3.896025387809402e-24,123,40,0.24539877300613497,0.754601226993865,0.984,1.0,0.984,0.7244444444444444,2,0
CLEAN_ISTA,rho_zero,2.688185712418627e-24,123,41,0.25,0.75,0.984,1.0,0.984,0.7288888888888889,2,0
CLEAN_ISTA,rho_zero,8.856436082802003e-25,123,42,0.2545454545454545,0.7454545454545455,0.984,1.0,0.984,0.7333333333333333,2,0
CLEAN_ISTA,rho_zero,1.1503795970786982e-25,123,43,0.25903614457831325,0.7409638554216867,0.984,1.0,0.984,0.7377777777777778,2,0
CLEAN_ISTA,rho_zero,3.0330398519472785e-27,123,44,0.2634730538922156,0.7365269461077845,0.984,1.0,0.984,0.7422222222222222,2,0
CLEAN_ISTA,rho_zero,2.7659118770717437e-27,123,45,0.26785714285714285,0.7321428571428571,0.984,1.0,0.984,0.7466666666666667,2,0
CLEAN_ISTA,rho_zero,2.3045406736672778e-27,123,46,0.27218934911242604,0.727810650887574,0.984,1.0,0.984,0.7511111111111111,2,0
CLEAN_ISTA,rho_zero,1.4018715436885161e-27,123,47,0.27647058823529413,0.7235294117647059,0.984,1.0,0.984,0.7555555555555555,2,0
CLEAN_ISTA,rho_zero,4.8525286961670255e-28,123,48,0.2807017543859649,0.7192982456140351,0.984,1.0,0.984,0.76,2,0
CLEAN_ISTA,rho_zero,4.84063843050407e-28,123,49,0.28488372093023256,0.7151162790697675,0.984,1.0,0.984,0.7644444444444445,2,0
CLEAN_ISTA,rho_zero,3.2926506459406547e-28,123,50,0.28901734104046245,0.7109826589595376,0.984,1.0,0.984,0.7688888888888888,2,0
CLEAN_ISTA,rho_zero,2.4397454132502373e-28,123,51,0.29310344827586204,0.7068965517241379,0.984,1.0,0.984,0.7733333333333333,2,0
CLEAN_ISTA,rho_zero,1.8149777364481892e-28,123,52,0.29714285714285715,0.7028571428571428,0.984,1.0,0.984,0.7777777777777778,2,0
CLEAN_ISTA,rho_zero,2.5447258844641927e-29,123,53,0.30113636363636365,0.6988636363636364,0.984,1.0,0.984,0.7822222222222223,2,0
CLEAN_ISTA,rho_zero,1.375280753606382e-29,123,54,0.3050847457627119,0.6949152542372882,0.984,1.0,0.984,0.7866666666666666,2,0
CLEAN_ISTA,rho_zero,0.0,123,102,0.4533333333333333,0.5466666666666666,0.984,1.0,0.984,1.0,2,0
CLEAN_ISTA,X_hat,0.04308271221845116,1,0,0.0,1.0,0.008,0.008130081300813009,0.008,0.0044444444444444444,2,122
CLEAN_ISTA,X_hat,0.032653403154086345,2,0,0.0,1.0,0.016,0.016260162601626018,0.016,0.008888888888888889,2,121
CLEAN_ISTA,X_hat,0.031555504227056205,3,0,0.0,1.0,0.024,0.024390243902439025,0.024,0.013333333333333334,2,120
CLEAN_ISTA,X_hat,0.03013615205302525,4,0,0.0,1.0,0.032,0.032520325203252036,0.032,0.017777777777777778,2,119
CLEAN_ISTA,X_hat,0.029549656276871665,5,0,0.0,1.0,0.04,0.04065040650406504,0.04,0.022222222222222223,2,118
CLEAN_ISTA,X_hat,0.028874583470814976,6,0,0.0,1.0,0.048,0.04878048780487805,0.048,0.02666666666666667,2,117
CLEAN_ISTA,X_hat,0.028120164993586588,7,0,0.0,1.0,0.056,0.056910569105691054,0.056,0.03111111111111111,2,116
CLEAN_ISTA,X_hat,0.02765854960495815,8,0,0.0,1.0,0.064,0.06504065040650407,0.064,0.035555555555555556,2,115
CLEAN_ISTA,X_hat,0.026998508738280264,9,0,0.0,1.0,0.072,0.07317073170731707,0.072,0.04,2,114
CLEAN_ISTA,X_hat,0.026385985277025945,10,0,0.0,1.0,0.08,0.08130081300813008,0.08,0.044444444444444446,2,113
CLEAN_ISTA,X_hat,0.026356503997347267,11,0,0.0,1.0,0.088,0.08943089430894309,0.088,0.04888888888888889,2,112
CLEAN_ISTA,X_hat,0.025909500932137203,12,0,0.0,1.0,0.096,0.0975609756097561,0.096,0.05333333333333334,2,111
CLEAN_ISTA,X_hat,0.025864388231599027,13,0,0.0,1.0,0.104,0.10569105691056911,0.104,0.057777777777777775,2,110
CLEAN_ISTA,X_hat,0.025808403747302134,14,0,0.0,1.0,0.112,0.11382113821138211,0.112,0.06222222222222222,2,109
CLEAN_ISTA,X_hat,0.025793627306586145,15,0,0.0,1.0,0.12,0.12195121951219512,0.12,0.06666666666666667,2,108
CLEAN_ISTA,X_hat,0.025247011549920123,16,0,0.0,1.0,0.128,0.13008130081300814,0.128,0.07111111111111111,2,107
CLEAN_ISTA,X_hat,0.025024329582499557,17,0,0.0,1.0,0.136,0.13821138211382114,0.136,0.07555555555555556,2,106
CLEAN_ISTA,X_hat,0.024198189300963388,18,0,0.0,1.0,0.144,0.14634146341463414,0.144,0.08,2,105
CLEAN_ISTA,X_hat,0.023800256475776754,19,0,0.0,1.0,0.152,0.15447154471544716,0.152,0.08444444444444445,2,104
CLEAN_ISTA,X_hat,0.02353446491757947,20,0,0.0,1.0,0.16,0.16260162601626016,0.16,0.08888888888888889,2,103
CLEAN_ISTA,X_hat,0.02327560806150545,21,0,0.0,1.0,0.168,0.17073170731707318,0.168,0.09333333333333334,2,102
CLEAN_ISTA,X_hat,0.022878248448128836,22,0,0.0,1.0,0.176,0.17886178861788618,0.176,0.09777777777777778,2,101
CLEAN_ISTA,X_hat,0.022787757016764502,23,0,0.0,1.0,0.184,0.18699186991869918,0.184,0.10222222222222223,2,100
CLEAN_ISTA,X_hat,0.02206871413877214,24,0,0.0,1.0,0.192,0.1951219512195122,0.192,0.10666666666666667,2,99
CLEAN_ISTA,X_hat,0.02083172140931099,25,0,0.0,1.0,0.2,0.2032520325203252,0.2,0.1111111111111111,2,98
CLEAN_ISTA,X_hat,0.020633821729847297,26,0,0.0,1.0,0.208,0.21138211382113822,0.208,0.11555555555555555,2,97
CLEAN_ISTA,X_hat,0.020565776909088743,27,0,0.0,1.0,0.216,0.21951219512195122,0.216,0.12,2,96
CLEAN_ISTA,X_hat,0.020511923873979338,28,0,0.0,1.0,0.224,0.22764227642276422,0.224,0.12444444444444444,2,95
CLEAN_ISTA,X_hat,0.02028398085722845,29,0,0.0,1.0,0.232,0.23577235772357724,0.232,0.1288888888888889,2,94
CLEAN_ISTA,X_hat,0.02026233432374667,30,0,0.0,1.0,0.24,0.24390243902439024,0.24,0.13333333333333333,2,93
CLEAN_ISTA,X_hat,0.02005509904786493,31,0,0.0,1.0,0.248,0.25203252032520324,0.248,0.13777777777777778,2,92
CLEAN_ISTA,X_hat,0.01997523704418065,32,0,0.0,1.0,0.256,0.2601626016260163,0.256,0.14222222222222222,2,91
CLEAN_ISTA,X_hat,0.019934719232089695,33,0,0.0,1.0,0.264,0.2682926829268293,0.264,0.14666666666666667,2,90
CLEAN_ISTA,X_hat,0.01968982091867188,34,0,0.0,1.0,0.272,0.2764227642276423,0.272,0.1511111111111111,2,89
CLEAN_ISTA,X_hat,0.01942845036344724,35,0,0.0,1.0,0.28,0.2845528455284553,0.28,0.15555555555555556,2,88
CLEAN_ISTA,X_hat,0.018876060766355677,36,0,0.0,1.0,0.288,0.2926829268292683,0.288,0.16,2,87
CLEAN_ISTA,X_hat,0.018736354153071216,36,1,0.02702702702702703,0.972972972972973,0.288,0.2926829268292683,0.288,0.16444444444444445,2,87
CLEAN_ISTA,X_hat,0.018544894205597223,37,1,0.02631578947368421,0.9736842105263158,0.296,0.3008130081300813,0.296,0.1688888888888889,2,86
CLEAN_ISTA,X_hat,0.01775606130467362,38,1,0.02564102564102564,0.9743589743589743,0.304,0.3089430894308943,0.304,0.17333333333333334,2,85
CLEAN_ISTA,X_hat,0.017726653169742607,38,2,0.05,0.95,0.304,0.3089430894308943,0.304,0.17777777777777778,2,85
CLEAN_ISTA,X_hat,0.016702751288668754,39,2,0.04878048780487805,0.9512195121951219,0.312,0.3170731707317073,0.312,0.18222222222222223,2,84
CLEAN_ISTA,X_hat,0.016648612570760713,40,2,0.047619047619047616,0.9523809523809523,0.32,0.3252032520325203,0.32,0.18666666666666668,2,83
CLEAN_ISTA,X_hat,0.016269967643028814,41,2,0.046511627906976744,0.9534883720930233,0.328,0.3333333333333333,0.328,0.19111111111111112,2,82
CLEAN_ISTA,X_hat,0.01613071649840392,42,2,0.045454545454545456,0.9545454545454546,0.336,0.34146341463414637,0.336,0.19555555555555557,2,81
CLEAN_ISTA,X_hat,0.015762963574742522,43,2,0.044444444444444446,0.9555555555555556,0.344,0.34959349593495936,0.344,0.2,2,80
CLEAN_ISTA,X_hat,0.015405164760709848,44,2,0.043478260869565216,0.9565217391304348,0.352,0.35772357723577236,0.352,0.20444444444444446,2,79
CLEAN_ISTA,X_hat,0.014603061969414298,45,2,0.0425531914893617,0.9574468085106383,0.36,0.36585365853658536,0.36,0.2088888888888889,2,78
CLEAN_ISTA,X_hat,0.014480046126660215,46,2,0.041666666666666664,0.9583333333333334,0.368,0.37398373983739835,0.368,0.21333333333333335,2,77
CLEAN_ISTA,X_hat,0.014436457125201734,47,2,0.04081632653061224,0.9591836734693877,0.376,0.3821138211382114,0.376,0.21777777777777776,2,76
CLEAN_ISTA,X_hat,0.014433919328280554,48,2,0.04,0.96,0.384,0.3902439024390244,0.384,0.2222222222222222,2,75
CLEAN_ISTA,X_hat,0.014286269212129225,49,2,0.0392156862745098,0.9607843137254902,0.392,0.3983739837398374,0.392,0.22666666666666666,2,74
CLEAN_ISTA,X_hat,0.014259090757711241,50,2,0.038461538461538464,0.9615384615384616,0.4,0.4065040650406504,0.4,0.2311111111111111,2,73
CLEAN_ISTA,X_hat,0.014206224233064956,51,2,0.03773584905660377,0.9622641509433962,0.408,0.4146341463414634,0.408,0.23555555555555555,2,72
CLEAN_ISTA,X_hat,0.014123999644421655,51,3,0.05555555555555555,0.9444444444444444,0.408,0.4146341463414634,0.408,0.24,2,72
CLEAN_ISTA,X_hat,0.01407610037221033,52,3,0.05454545454545454,0.9454545454545454,0.416,0.42276422764227645,0.416,0.24444444444444444,2,71
CLEAN_ISTA,X_hat,0.01360227249646352,52,4,0.07142857142857142,0.9285714285714286,0.416,0.42276422764227645,0.416,0.24888888888888888,2,71
CLEAN_ISTA,X_hat,0.01298716255482164,53,4,0.07017543859649122,0.9298245614035088,0.424,0.43089430894308944,0.424,0.25333333333333335,2,70
CLEAN_ISTA,X_hat,0.012954570595810021,54,4,0.06896551724137931,0.9310344827586207,0.432,0.43902439024390244,0.432,0.2577777777777778,2,69
CLEAN_ISTA,X_hat,0.012944688866166443,55,4,0.06779661016949153,0.9322033898305084,0.44,0.44715447154471544,0.44,0.26222222222222225,2,68
CLEAN_ISTA,X_hat,0.012936861733659943,56,4,0.06666666666666667,0.9333333333333333,0.448,0.45528455284552843,0.448,0.26666666666666666,2,67
CLEAN_ISTA,X_hat,0.012685078029723575,57,4,0.06557377049180328,0.9344262295081968,0.456,0.4634146341463415,0.456,0.27111111111111114,2,66
CLEAN_ISTA,X_hat,0.012407767683257714,58,4,0.06451612903225806,0.9354838709677419,0.464,0.4715447154471545,0.464,0.27555555555555555,2,65
CLEAN_ISTA,X_hat,0.012201079907396174,58,5,0.07936507936507936,0.9206349206349206,0.464,0.4715447154471545,0.464,0.28,2,65
CLEAN_ISTA,X_hat,0.012152957580486427,59,5,0.078125,0.921875,0.472,0.4796747967479675,0.472,0.28444444444444444,2,64
CLEAN_ISTA,X_hat,0.012141771821119933,60,5,0.07692307692307693,0.9230769230769231,0.48,0.4878048780487805,0.48,0.28888888888888886,2,63
CLEAN_ISTA,X_hat,0.01195739120514359,61,5,0.07575757575757576,0.9242424242424242,0.488,0.4959349593495935,0.488,0.29333333333333333,2,62
CLEAN_ISTA,X_hat,0.011782755168438012,62,5,0.07462686567164178,0.9253731343283582,0.496,0.5040650406504065,0.496,0.29777777777777775,2,61
CLEAN_ISTA,X_hat,0.011621498731311873,63,5,0.07352941176470588,0.9264705882352942,0.504,0.5121951219512195,0.504,0.3022222222222222,2,60
CLEAN_ISTA,X_hat,0.011593721532741913,63,6,0.08695652173913043,0.9130434782608695,0.504,0.5121951219512195,0.504,0.30666666666666664,2,60
CLEAN_ISTA,X_hat,0.01135109796542075,63,7,0.1,0.9,0.504,0.5121951219512195,0.504,0.3111111111111111,2,60
CLEAN_ISTA,X_hat,0.01127158573428659,64,7,0.09859154929577464,0.9014084507042254,0.512,0.5203252032520326,0.512,0.31555555555555553,2,59
CLEAN_ISTA,X_hat,0.011255258380391714,65,7,0.09722222222222222,0.9027777777777778,0.52,0.5284552845528455,0.52,0.32,2,58
CLEAN_ISTA,X_hat,0.011242664683798314,66,7,0.0958904109589041,0.9041095890410958,0.528,0.5365853658536586,0.528,0.3244444444444444,2,57
CLEAN_ISTA,X_hat,0.011078223262436585,66,8,0.10810810810810811,0.8918918918918919,0.528,0.5365853658536586,0.528,0.3288888888888889,2,57
CLEAN_ISTA,X_hat,0.011072088508029881,67,8,0.10666666666666667,0.8933333333333333,0.536,0.5447154471544715,0.536,0.3333333333333333,2,56
CLEAN_ISTA,X_hat,0.010941857626654948,68,8,0.10526315789473684,0.8947368421052632,0.544,0.5528455284552846,0.544,0.3377777777777778,2,55
CLEAN_ISTA,X_hat,0.010596129891963058,69,8,0.1038961038961039,0.8961038961038961,0.552,0.5609756097560976,0.552,0.3422222222222222,2,54
CLEAN_ISTA,X_hat,0.01051146636648853,70,8,0.10256410256410256,0.8974358974358975,0.56,0.5691056910569106,0.56,0.3466666666666667,2,53
CLEAN_ISTA,X_hat,0.010390677289735471,71,8,0.10126582278481013,0.8987341772151899,0.568,0.5772357723577236,0.568,0.3511111111111111,2,52
CLEAN_ISTA,X_hat,0.010372310738939836,72,8,0.1,0.9,0.576,0.5853658536585366,0.576,0.35555555555555557,2,51
CLEAN_ISTA,X_hat,0.01028059801304697,73,8,0.09876543209876543,0.9012345679012346,0.584,0.5934959349593496,0.584,0.36,2,50
CLEAN_ISTA,X_hat,0.01016820966470974,74,8,0.0975609756097561,0.9024390243902439,0.592,0.6016260162601627,0.592,0.36444444444444446,2,49
CLEAN_ISTA,X_hat,0.010167795190062208,75,8,0.0963855421686747,0.9036144578313253,0.6,0.6097560975609756,0.6,0.3688888888888889,2,48
CLEAN_ISTA,X_hat,0.010157580711497775,76,8,0.09523809523809523,0.9047619047619048,0.608,0.6178861788617886,0.608,0.37333333333333335,2,47
CLEAN_ISTA,X_hat,0.010030124695365798,77,8,0.09411764705882353,0.9058823529411765,0.616,0.6260162601626016,0.616,0.37777777777777777,2,46
CLEAN_ISTA,X_hat,0.009860620707567845,77,9,0.10465116279069768,0.8953488372093024,0.616,0.6260162601626016,0.616,0.38222222222222224,2,46
CLEAN_ISTA,X_hat,0.009639398764580889,78,9,0.10344827586206896,0.896551724137931,0.624,0.6341463414634146,0.624,0.38666666666666666,2,45
CLEAN_ISTA,X_hat,0.009537290237594536,78,10,0.11363636363636363,0.8863636363636364,0.624,0.6341463414634146,0.624,0.39111111111111113,2,45
CLEAN_ISTA,X_hat,0.009517593218228348,78,11,0.12359550561797752,0.8764044943820225,0.624,0.6341463414634146,0.624,0.39555555555555555,2,45
CLEAN_ISTA,X_hat,0.009285689683653332,79,11,0.12222222222222222,0.8777777777777778,0.632,0.6422764227642277,0.632,0.4,2,44
CLEAN_ISTA,X_hat,0.009024521445052856,79,12,0.13186813186813187,0.8681318681318682,0.632,0.6422764227642277,0.632,0.40444444444444444,2,44
CLEAN_ISTA,X_hat,0.00895254685760792,80,12,0.13043478260869565,0.8695652173913043,0.64,0.6504065040650406,0.64,0.4088888888888889,2,43
CLEAN_ISTA,X_hat,0.00878386887404199,81,12,0.12903225806451613,0.8709677419354839,0.648,0.6585365853658537,0.648,0.41333333333333333,2,42
CLEAN_ISTA,X_hat,0.008614623699311577,81,13,0.13829787234042554,0.8617021276595744,0.648,0.6585365853658537,0.648,0.4177777777777778,2,42
CLEAN_ISTA,X_hat,0.008088733246122791,82,13,0.1368421052631579,0.8631578947368421,0.656,0.6666666666666666,0.656,0.4222222222222222,2,41
CLEAN_ISTA,X_hat,0.008064288587997133,82,14,0.14583333333333334,0.8541666666666666,0.656,0.6666666666666666,0.656,0.4266666666666667,2,41
CLEAN_ISTA,X_hat,0.008005006473811813,82,15,0.15463917525773196,0.845360824742268,0.656,0.6666666666666666,0.656,0.4311111111111111,2,41
CLEAN_ISTA,X_hat,0.0079391181744936,83,15,0.15306122448979592,0.8469387755102041,0.664,0.6747967479674797,0.664,0.43555555555555553,2,40
CLEAN_ISTA,X_hat,0.007778380031257926,84,15,0.15151515151515152,0.8484848484848485,0.672,0.6829268292682927,0.672,0.44,2,39
CLEAN_ISTA,X_hat,0.007774956314217103,85,15,0.15,0.85,0.68,0.6910569105691057,0.68,0.4444444444444444,2,38
CLEAN_ISTA,X_hat,0.007750974156632493,85,16,0.15841584158415842,0.8415841584158416,0.68,0.6910569105691057,0.68,0.4488888888888889,2,38
CLEAN_ISTA,X_hat,0.007694399603147772,86,16,0.1568627450980392,0.8431372549019608,0.688,0.6991869918699187,0.688,0.4533333333333333,2,37
CLEAN_ISTA,X_hat,0.007605132208067067,86,17,0.1650485436893204,0.8349514563106796,0.688,0.6991869918699187,0.688,0.4577777777777778,2,37
CLEAN_ISTA,X_hat,0.007603715402373219,87,17,0.16346153846153846,0.8365384615384616,0.696,0.7073170731707317,0.696,0.4622222222222222,2,36
CLEAN_ISTA,X_hat,0.007357458029378484,88,17,0.1619047619047619,0.8380952380952381,0.704,0.7154471544715447,0.704,0.4666666666666667,2,35
CLEAN_ISTA,X_hat,0.007229444749410365,89,17,0.16037735849056603,0.839622641509434,0.712,0.7235772357723578,0.712,0.4711111111111111,2,34
CLEAN_ISTA,X_hat,0.007125378173540764,90,17,0.1588785046728972,0.8411214953271028,0.72,0.7317073170731707,0.72,0.47555555555555556,2,33
CLEAN_ISTA,X_hat,0.00703563888701601,90,18,0.16666666666666666,0.8333333333333334,0.72,0.7317073170731707,0.72,0.48,2,33
CLEAN_ISTA,X_hat,0.006944736145917449,90,19,0.1743119266055046,0.8256880733944955,0.72,0.7317073170731707,0.72,0.48444444444444446,2,33
CLEAN_ISTA,X_hat,0.006931849711507101,91,19,0.17272727272727273,0.8272727272727273,0.728,0.7398373983739838,0.728,0.4888888888888889,2,32
CLEAN_ISTA,X_hat,0.006879904994149486,92,19,0.17117117117117117,0.8288288288288288,0.736,0.7479674796747967,0.736,0.49333333333333335,2,31
CLEAN_ISTA,X_hat,0.006655011608371093,93,19,0.16964285714285715,0.8303571428571429,0.744,0.7560975609756098,0.744,0.49777777777777776,2,30
CLEAN_ISTA,X_hat,0.006502773259135421,94,19,0.168141592920354,0.831858407079646,0.752,0.7642276422764228,0.752,0.5022222222222222,2,29
CLEAN_ISTA,X_hat,0.006449527476904421,94,20,0.17543859649122806,0.8245614035087719,0.752,0.7642276422764228,0.752,0.5066666666666667,2,29
CLEAN_ISTA,X_hat,0.006442473788682007,95,20,0.17391304347826086,0.8260869565217391,0.76,0.7723577235772358,0.76,0.5111111111111111,2,28
CLEAN_ISTA,X_hat,0.006345369828461578,95,21,0.1810344827586207,0.8189655172413793,0.76,0.7723577235772358,0.76,0.5155555555555555,2,28
CLEAN_ISTA,X_hat,0.006334122738784711,95,22,0.18803418803418803,0.811965811965812,0.76,0.7723577235772358,0.76,0.52,2,28
CLEAN_ISTA,X_hat,0.006331812578693306,96,22,0.1864406779661017,0.8135593220338984,0.768,0.7804878048780488,0.768,0.5244444444444445,2,27
CLEAN_ISTA,X_hat,0.006297309445988472,97,22,0.18487394957983194,0.8151260504201681,0.776,0.7886178861788617,0.776,0.5288888888888889,2,26
CLEAN_ISTA,X_hat,0.00629242042665494,98,22,0.18333333333333332,0.8166666666666667,0.784,0.7967479674796748,0.784,0.5333333333333333,2,25
CLEAN_ISTA,X_hat,0.006287239363586717,99,22,0.18181818181818182,0.8181818181818182,0.792,0.8048780487804879,0.792,0.5377777777777778,2,24
CLEAN_ISTA,X_hat,0.006133105027416855,100,22,0.18032786885245902,0.819672131147541,0.8,0.8130081300813008,0.8,0.5422222222222223,2,23
CLEAN_ISTA,X_hat,0.0061304479120487055,100,23,0.18699186991869918,0.8130081300813008,0.8,0.8130081300813008,0.8,0.5466666666666666,2,23
CLEAN_ISTA,X_hat,0.006128168720472908,101,23,0.18548387096774194,0.8145161290322581,0.808,0.8211382113821138,0.808,0.5511111111111111,2,22
CLEAN_ISTA,X_hat,0.006118498880779389,102,23,0.184,0.816,0.816,0.8292682926829268,0.816,0.5555555555555556,2,21
CLEAN_ISTA,X_hat,0.005993191425300106,102,24,0.19047619047619047,0.8095238095238095,0.816,0.8292682926829268,0.816,0.56,2,21
CLEAN_ISTA,X_hat,0.005955674767352675,102,25,0.1968503937007874,0.8031496062992126,0.816,0.8292682926829268,0.816,0.5644444444444444,2,21
CLEAN_ISTA,X_hat,0.005889808848309675,102,26,0.203125,0.796875,0.816,0.8292682926829268,0.816,0.5688888888888889,2,21
CLEAN_ISTA,X_hat,0.005868692472432538,102,27,0.20930232558139536,0.7906976744186046,0.816,0.8292682926829268,0.816,0.5733333333333334,2,21
CLEAN_ISTA,X_hat,0.005860302140837411,103,27,0.2076923076923077,0.7923076923076923,0.824,0.8373983739837398,0.824,0.5777777777777777,2,20
CLEAN_ISTA,X_hat,0.005784866525792566,104,27,0.20610687022900764,0.7938931297709924,0.832,0.8455284552845529,0.832,0.5822222222222222,2,19
CLEAN_ISTA,X_hat,0.00570564854413126,105,27,0.20454545454545456,0.7954545454545454,0.84,0.8536585365853658,0.84,0.5866666666666667,2,18
CLEAN_ISTA,X_hat,0.0056271879583168595,105,28,0.21052631578947367,0.7894736842105263,0.84,0.8536585365853658,0.84,0.5911111111111111,2,18
CLEAN_ISTA,X_hat,0.005514441245853422,106,28,0.208955223880597,0.7910447761194029,0.848,0.8617886178861789,0.848,0.5955555555555555,2,17
CLEAN_ISTA,X_hat,0.005360315903945805,106,29,0.21481481481481482,0.7851851851851852,0.848,0.8617886178861789,0.848,0.6,2,17
CLEAN_ISTA,X_hat,0.005263295417980039,107,29,0.21323529411764705,0.7867647058823529,0.856,0.8699186991869918,0.856,0.6044444444444445,2,16
CLEAN_ISTA,X_hat,0.005134969584477642,107,30,0.21897810218978103,0.781021897810219,0.856,0.8699186991869918,0.856,0.6088888888888889,2,16
CLEAN_ISTA,X_hat,0.005122577331466543,107,31,0.2246376811594203,0.7753623188405797,0.856,0.8699186991869918,0.856,0.6133333333333333,2,16
CLEAN_ISTA,X_hat,0.005045519977680907,107,32,0.2302158273381295,0.7697841726618705,0.856,0.8699186991869918,0.856,0.6177777777777778,2,16
CLEAN_ISTA,X_hat,0.005031622711196542,107,33,0.2357142857142857,0.7642857142857142,0.856,0.8699186991869918,0.856,0.6222222222222222,2,16
CLEAN_ISTA,X_hat,0.004867811809477667,108,33,0.23404255319148937,0.7659574468085106,0.864,0.8780487804878049,0.864,0.6266666666666667,2,15
CLEAN_ISTA,X_hat,0.004775667255578279,108,34,0.23943661971830985,0.7605633802816901,0.864,0.8780487804878049,0.864,0.6311111111111111,2,15
CLEAN_ISTA,X_hat,0.004486242532701898,108,35,0.24475524475524477,0.7552447552447552,0.864,0.8780487804878049,0.864,0.6355555555555555,2,15
CLEAN_ISTA,X_hat,0.004376342478407217,109,35,0.24305555555555555,0.7569444444444444,0.872,0.8861788617886179,0.872,0.64,2,14
CLEAN_ISTA,X_hat,0.004367748505027684,109,36,0.2482758620689655,0.7517241379310344,0.872,0.8861788617886179,0.872,0.6444444444444445,2,14
CLEAN_ISTA,X_hat,0.00435250716075901,110,36,0.2465753424657534,0.7534246575342466,0.88,0.8943089430894309,0.88,0.6488888888888888,2,13
CLEAN_ISTA,X_hat,0.004312640988010778,110,37,0.25170068027210885,0.7482993197278912,0.88,0.8943089430894309,0.88,0.6533333333333333,2,13
CLEAN_ISTA,X_hat,0.004229296107339587,111,37,0.25,0.75,0.888,0.9024390243902439,0.888,0.6577777777777778,2,12
CLEAN_ISTA,X_hat,0.00422227980457449,111,38,0.2550335570469799,0.7449664429530202,0.888,0.9024390243902439,0.888,0.6622222222222223,2,12
CLEAN_ISTA,X_hat,0.004205114104983782,111,39,0.26,0.74,0.888,0.9024390243902439,0.888,0.6666666666666666,2,12
CLEAN_ISTA,X_hat,0.004108973513877292,112,39,0.2582781456953642,0.7417218543046358,0.896,0.9105691056910569,0.896,0.6711111111111111,2,11
CLEAN_ISTA,X_hat,0.00406929548339252,113,39,0.2565789473684211,0.743421052631579,0.904,0.9186991869918699,0.904,0.6755555555555556,2,10
CLEAN_ISTA,X_hat,0.004060913963218693,113,40,0.26143790849673204,0.738562091503268,0.904,0.9186991869918699,0.904,0.68,2,10
CLEAN_ISTA,X_hat,0.0039785799041023385,113,41,0.2662337662337662,0.7337662337662337,0.904,0.9186991869918699,0.904,0.6844444444444444,2,10
CLEAN_ISTA,X_hat,0.003953788699110233,113,42,0.2709677419354839,0.7290322580645161,0.904,0.9186991869918699,0.904,0.6888888888888889,2,10
CLEAN_ISTA,X_hat,0.003890347292023737,113,43,0.27564102564102566,0.7243589743589743,0.904,0.9186991869918699,0.904,0.6933333333333334,2,10
CLEAN_ISTA,X_hat,0.00364819053550454,113,44,0.2802547770700637,0.7197452229299363,0.904,0.9186991869918699,0.904,0.6977777777777778,2,10
CLEAN_ISTA,X_hat,0.0036084914212083812,114,44,0.27848101265822783,0.7215189873417721,0.912,0.926829268292683,0.912,0.7022222222222222,2,9
CLEAN_ISTA,X_hat,0.003604951436720222,115,44,0.27672955974842767,0.7232704402515723,0.92,0.9349593495934959,0.92,0.7066666666666667,2,8
CLEAN_ISTA,X_hat,0.0035692266560857625,116,44,0.275,0.725,0.928,0.943089430894309,0.928,0.7111111111111111,2,7
CLEAN_ISTA,X_hat,0.0035301312942335543,116,45,0.2795031055900621,0.7204968944099379,0.928,0.943089430894309,0.928,0.7155555555555555,2,7
CLEAN_ISTA,X_hat,0.0034810872617279925,116,46,0.2839506172839506,0.7160493827160493,0.928,0.943089430894309,0.928,0.72,2,7
CLEAN_ISTA,X_hat,0.0034306746512120997,116,47,0.2883435582822086,0.7116564417177914,0.928,0.943089430894309,0.928,0.7244444444444444,2,7
CLEAN_ISTA,X_hat,0.0034046196679314083,117,47,0.2865853658536585,0.7134146341463414,0.936,0.9512195121951219,0.936,0.7288888888888889,2,6
CLEAN_ISTA,X_hat,0.0033737406673019898,117,48,0.2909090909090909,0.7090909090909091,0.936,0.9512195121951219,0.936,0.7333333333333333,2,6
CLEAN_ISTA,X_hat,0.003307674750436374,117,49,0.29518072289156627,0.7048192771084337,0.936,0.9512195121951219,0.936,0.7377777777777778,2,6
CLEAN_ISTA,X_hat,0.003209899654474411,117,50,0.2994011976047904,0.7005988023952096,0.936,0.9512195121951219,0.936,0.7422222222222222,2,6
CLEAN_ISTA,X_hat,0.003208276461550322,118,50,0.2976190476190476,0.7023809523809523,0.944,0.959349593495935,0.944,0.7466666666666667,2,5
CLEAN_ISTA,X_hat,0.0031605121728625093,118,51,0.30177514792899407,0.6982248520710059,0.944,0.959349593495935,0.944,0.7511111111111111,2,5
CLEAN_ISTA,X_hat,0.003160147618675322,118,52,0.3058823529411765,0.6941176470588235,0.944,0.959349593495935,0.944,0.7555555555555555,2,5
CLEAN_ISTA,X_hat,0.003129566999976191,119,52,0.30409356725146197,0.695906432748538,0.952,0.967479674796748,0.952,0.76,2,4
CLEAN_ISTA,X_hat,0.003073253026964952,119,53,0.3081395348837209,0.6918604651162791,0.952,0.967479674796748,0.952,0.7644444444444445,2,4
CLEAN_ISTA,X_hat,0.003059724226812473,119,54,0.31213872832369943,0.6878612716763006,0.952,0.967479674796748,0.952,0.7688888888888888,2,4
CLEAN_ISTA,X_hat,0.0029385521947484406,119,55,0.3160919540229885,0.6839080459770115,0.952,0.967479674796748,0.952,0.7733333333333333,2,4
CLEAN_ISTA,X_hat,0.0029127146042948263,119,56,0.32,0.68,0.952,0.967479674796748,0.952,0.7777777777777778,2,4
CLEAN_ISTA,X_hat,0.0029043095696454926,119,57,0.32386363636363635,0.6761363636363636,0.952,0.967479674796748,0.952,0.7822222222222223,2,4
CLEAN_ISTA,X_hat,0.002882823306393893,119,58,0.327683615819209,0.672316384180791,0.952,0.967479674796748,0.952,0.7866666666666666,2,4
CLEAN_ISTA,X_hat,0.0028398873736415193,119,59,0.33146067415730335,0.6685393258426966,0.952,0.967479674796748,0.952,0.7911111111111111,2,4
CLEAN_ISTA,X_hat,0.002741593775854162,119,60,0.33519553072625696,0.664804469273743,0.952,0.967479674796748,0.952,0.7955555555555556,2,4
CLEAN_ISTA,X_hat,0.002681504039285461,120,60,0.3333333333333333,0.6666666666666666,0.96,0.975609756097561,0.96,0.8,2,3
CLEAN_ISTA,X_hat,0.0026285534380896167,120,61,0.3370165745856354,0.6629834254143646,0.96,0.975609756097561,0.96,0.8044444444444444,2,3
CLEAN_ISTA,X_hat,0.0026223633635263396,120,62,0.34065934065934067,0.6593406593406593,0.96,0.975609756097561,0.96,0.8088888888888889,2,3
CLEAN_ISTA,X_hat,0.002605900311116967,120,63,0.3442622950819672,0.6557377049180327,0.96,0.975609756097561,0.96,0.8133333333333334,2,3
CLEAN_ISTA,X_hat,0.002587960877075639,120,64,0.34782608695652173,0.6521739130434783,0.96,0.975609756097561,0.96,0.8177777777777778,2,3
CLEAN_ISTA,X_hat,0.0025467410466855885,120,65,0.35135135135135137,0.6486486486486487,0.96,0.975609756097561,0.96,0.8222222222222222,2,3
CLEAN_ISTA,X_hat,0.0024876382980547718,120,66,0.3548387096774194,0.6451612903225806,0.96,0.975609756097561,0.96,0.8266666666666667,2,3
CLEAN_ISTA,X_hat,0.002465785195121862,120,67,0.3582887700534759,0.6417112299465241,0.96,0.975609756097561,0.96,0.8311111111111111,2,3
CLEAN_ISTA,X_hat,0.0024612672121460777,120,68,0.3617021276595745,0.6382978723404256,0.96,0.975609756097561,0.96,0.8355555555555556,2,3
CLEAN_ISTA,X_hat,0.0024587359397668417,120,69,0.36507936507936506,0.6349206349206349,0.96,0.975609756097561,0.96,0.84,2,3
CLEAN_ISTA,X_hat,0.002388482318373168,120,70,0.3684210526315789,0.631578947368421,0.96,0.975609756097561,0.96,0.8444444444444444,2,3
CLEAN_ISTA,X_hat,0.002372948134989712,120,71,0.3717277486910995,0.6282722513089005,0.96,0.975609756097561,0.96,0.8488888888888889,2,3
CLEAN_ISTA,X_hat,0.0023431204930304894,120,72,0.375,0.625,0.96,0.975609756097561,0.96,0.8533333333333334,2,3
CLEAN_ISTA,X_hat,0.0023418247518815698,120,73,0.37823834196891193,0.6217616580310881,0.96,0.975609756097561,0.96,0.8577777777777778,2,3
CLEAN_ISTA,X_hat,0.0022524657262027055,120,74,0.38144329896907214,0.6185567010309279,0.96,0.975609756097561,0.96,0.8622222222222222,2,3
CLEAN_ISTA,X_hat,0.002212049364787856,120,75,0.38461538461538464,0.6153846153846154,0.96,0.975609756097561,0.96,0.8666666666666667,2,3
CLEAN_ISTA,X_hat,0.0021865893456608854,120,76,0.3877551020408163,0.6122448979591837,0.96,0.975609756097561,0.96,0.8711111111111111,2,3
CLEAN_ISTA,X_hat,0.002150374707576491,120,77,0.39086294416243655,0.6091370558375635,0.96,0.975609756097561,0.96,0.8755555555555555,2,3
CLEAN_ISTA,X_hat,0.002149384469304753,120,78,0.3939393939393939,0.6060606060606061,0.96,0.975609756097561,0.96,0.88,2,3
CLEAN_ISTA,X_hat,0.002148704791013351,120,79,0.3969849246231156,0.6030150753768844,0.96,0.975609756097561,0.96,0.8844444444444445,2,3
CLEAN_ISTA,X_hat,0.002148423787975997,120,80,0.4,0.6,0.96,0.975609756097561,0.96,0.8888888888888888,2,3
CLEAN_ISTA,X_hat,0.0020175686121673485,121,80,0.39800995024875624,0.6019900497512438,0.968,0.983739837398374,0.968,0.8933333333333333,2,2
CLEAN_ISTA,X_hat,0.001935005195613044,121,81,0.400990099009901,0.599009900990099,0.968,0.983739837398374,0.968,0.8977777777777778,2,2
CLEAN_ISTA,X_hat,0.001922054410756468,121,82,0.4039408866995074,0.5960591133004927,0.968,0.983739837398374,0.968,0.9022222222222223,2,2
CLEAN_ISTA,X_hat,0.001896894538028031,121,83,0.4068627450980392,0.5931372549019608,0.968,0.983739837398374,0.968,0.9066666666666666,2,2
CLEAN_ISTA,X_hat,0.0018898422453008487,121,84,0.4097560975609756,0.5902439024390244,0.968,0.983739837398374,0.968,0.9111111111111111,2,2
CLEAN_ISTA,X_hat,0.0018778615147099316,121,85,0.41262135922330095,0.587378640776699,0.968,0.983739837398374,0.968,0.9155555555555556,2,2
CLEAN_ISTA,X_hat,0.0018211247017812285,122,85,0.4106280193236715,0.5893719806763285,0.976,0.991869918699187,0.976,0.92,2,1
CLEAN_ISTA,X_hat,0.0017799602557502842,122,86,0.41346153846153844,0.5865384615384616,0.976,0.991869918699187,0.976,0.9244444444444444,2,1
CLEAN_ISTA,X_hat,0.0017520204266461637,122,87,0.41626794258373206,0.583732057416268,0.976,0.991869918699187,0.976,0.9288888888888889,2,1
CLEAN_ISTA,X_hat,0.0016232758674796616,122,88,0.41904761904761906,0.580952380952381,0.976,0.991869918699187,0.976,0.9333333333333333,2,1
CLEAN_ISTA,X_hat,0.0015993225004257538,122,89,0.4218009478672986,0.5781990521327014,0.976,0.991869918699187,0.976,0.9377777777777778,2,1
CLEAN_ISTA,X_hat,0.0015712651115189955,122,90,0.42452830188679247,0.5754716981132075,0.976,0.991869918699187,0.976,0.9422222222222222,2,1
CLEAN_ISTA,X_hat,0.001531360439187455,122,91,0.4272300469483568,0.5727699530516432,0.976,0.991869918699187,0.976,0.9466666666666667,2,1
CLEAN_ISTA,X_hat,0.0015165134599314453,122,92,0.42990654205607476,0.5700934579439252,0.976,0.991869918699187,0.976,0.9511111111111111,2,1
CLEAN_ISTA,X_hat,0.001504205290635387,122,93,0.4325581395348837,0.5674418604651162,0.976,0.991869918699187,0.976,0.9555555555555556,2,1
CLEAN_ISTA,X_hat,0.0014304132518866942,123,93,0.4305555555555556,0.5694444444444444,0.984,1.0,0.984,0.96,2,0
CLEAN_ISTA,X_hat,0.001363250307355863,123,94,0.43317972350230416,0.5668202764976958,0.984,1.0,0.984,0.9644444444444444,2,0
CLEAN_ISTA,X_hat,0.0013582064357787122,123,95,0.43577981651376146,0.5642201834862385,0.984,1.0,0.984,0.9688888888888889,2,0
CLEAN_ISTA,X_hat,0.0013265048245826585,123,96,0.4383561643835616,0.5616438356164384,0.984,1.0,0.984,0.9733333333333334,2,0
CLEAN_ISTA,X_hat,0.0012839851838878907,123,97,0.4409090909090909,0.5590909090909091,0.984,1.0,0.984,0.9777777777777777,2,0
CLEAN_ISTA,X_hat,0.00127066623285552,123,98,0.4434389140271493,0.5565610859728507,0.984,1.0,0.984,0.9822222222222222,2,0
CLEAN_ISTA,X_hat,0.001208671160458738,123,99,0.44594594594594594,0.5540540540540541,0.984,1.0,0.984,0.9866666666666667,2,0
CLEAN_ISTA,X_hat,0.0011335628641942921,123,100,0.4484304932735426,0.5515695067264574,0.984,1.0,0.984,0.9911111111111112,2,0
CLEAN_ISTA,X_hat,0.001103487648339716,123,101,0.45089285714285715,0.5491071428571429,0.984,1.0,0.984,0.9955555555555555,2,0
CLEAN_ISTA,X_hat,0.0011031182620618145,123,102,0.4533333333333333,0.5466666666666666,0.984,1.0,0.984,1.0,2,0
MILD_ISTA,rho_zero,0.002070645182677436,1,0,0.0,1.0,0.008,0.00819672131147541,0.008,0.004329004329004329,3,121
MILD_ISTA,rho_zero,0.0015808966277790588,2,0,0.0,1.0,0.016,0.01639344262295082,0.016,0.008658008658008658,3,120
MILD_ISTA,rho_zero,0.00035541208069585814,3,0,0.0,1.0,0.024,0.02459016393442623,0.024,0.012987012987012988,3,119
MILD_ISTA,rho_zero,0.0002909273496917899,4,0,0.0,1.0,0.032,0.03278688524590164,0.032,0.017316017316017316,3,118
MILD_ISTA,rho_zero,0.00024190180645163907,5,0,0.0,1.0,0.04,0.040983606557377046,0.04,0.021645021645021644,3,117
MILD_ISTA,rho_zero,0.00018184137379182008,6,0,0.0,1.0,0.048,0.04918032786885246,0.048,0.025974025974025976,3,116
MILD_ISTA,rho_zero,0.00012921013642358583,7,0,0.0,1.0,0.056,0.05737704918032787,0.056,0.030303030303030304,3,115
MILD_ISTA,rho_zero,0.00010917467612850081,8,0,0.0,1.0,0.064,0.06557377049180328,0.064,0.03463203463203463,3,114
MILD_ISTA,rho_zero,8.254303120015247e-05,9,0,0.0,1.0,0.072,0.07377049180327869,0.072,0.03896103896103896,3,113
MILD_ISTA,rho_zero,7.446793528805293e-05,10,0,0.0,1.0,0.08,0.08196721311475409,0.08,0.04329004329004329,3,112
MILD_ISTA,rho_zero,5.942505155796931e-05,11,0,0.0,1.0,0.088,0.09016393442622951,0.088,0.047619047619047616,3,111
MILD_ISTA,rho_zero,5.8004979343681166e-05,12,0,0.0,1.0,0.096,0.09836065573770492,0.096,0.05194805194805195,3,110
MILD_ISTA,rho_zero,5.420718097728402e-05,13,0,0.0,1.0,0.104,0.10655737704918032,0.104,0.05627705627705628,3,109
MILD_ISTA,rho_zero,5.264267975691159e-05,14,0,0.0,1.0,0.112,0.11475409836065574,0.112,0.06060606060606061,3,108
MILD_ISTA,rho_zero,5.131550505600969e-05,15,0,0.0,1.0,0.12,0.12295081967213115,0.12,0.06493506493506493,3,107
MILD_ISTA,rho_zero,4.85505181597886e-05,16,0,0.0,1.0,0.128,0.13114754098360656,0.128,0.06926406926406926,3,106
MILD_ISTA,rho_zero,4.767565484545883e-05,17,0,0.0,1.0,0.136,0.13934426229508196,0.136,0.0735930735930736,3,105
MILD_ISTA,rho_zero,4.7214704469435585e-05,18,0,0.0,1.0,0.144,0.14754098360655737,0.144,0.07792207792207792,3,104
MILD_ISTA,rho_zero,4.5061982021607466e-05,19,0,0.0,1.0,0.152,0.1557377049180328,0.152,0.08225108225108226,3,103
MILD_ISTA,rho_zero,3.9999303122907696e-05,20,0,0.0,1.0,0.16,0.16393442622950818,0.16,0.08658008658008658,3,102
MILD_ISTA,rho_zero,3.828690575080547e-05,21,0,0.0,1.0,0.168,0.1721311475409836,0.168,0.09090909090909091,3,101
MILD_ISTA,rho_zero,3.7165958667292124e-05,22,0,0.0,1.0,0.176,0.18032786885245902,0.176,0.09523809523809523,3,100
MILD_ISTA,rho_zero,2.9014858644664996e-05,23,0,0.0,1.0,0.184,0.1885245901639344,0.184,0.09956709956709957,3,99
MILD_ISTA,rho_zero,2.884089101010703e-05,24,0,0.0,1.0,0.192,0.19672131147540983,0.192,0.1038961038961039,3,98
MILD_ISTA,rho_zero,2.7148736016660327e-05,25,0,0.0,1.0,0.2,0.20491803278688525,0.2,0.10822510822510822,3,97
MILD_ISTA,rho_zero,2.470147931174512e-05,26,0,0.0,1.0,0.208,0.21311475409836064,0.208,0.11255411255411256,3,96
MILD_ISTA,rho_zero,2.365642657630528e-05,27,0,0.0,1.0,0.216,0.22131147540983606,0.216,0.11688311688311688,3,95
MILD_ISTA,rho_zero,2.329625636972671e-05,28,0,0.0,1.0,0.224,0.22950819672131148,0.224,0.12121212121212122,3,94
MILD_ISTA,rho_zero,2.2951148872229625e-05,28,1,0.034482758620689655,0.9655172413793104,0.224,0.22950819672131148,0.224,0.12554112554112554,3,94
MILD_ISTA,rho_zero,2.213903556225154e-05,29,1,0.03333333333333333,0.9666666666666667,0.232,0.23770491803278687,0.232,0.12987012987012986,3,93
MILD_ISTA,rho_zero,1.9950862623763457e-05,30,1,0.03225806451612903,0.967741935483871,0.24,0.2459016393442623,0.24,0.1341991341991342,3,92
MILD_ISTA,rho_zero,1.9403014256663548e-05,31,1,0.03125,0.96875,0.248,0.2540983606557377,0.248,0.13852813852813853,3,91
MILD_ISTA,rho_zero,1.9372376049906116e-05,32,1,0.030303030303030304,0.9696969696969697,0.256,0.26229508196721313,0.256,0.14285714285714285,3,90
MILD_ISTA,rho_zero,1.8564222906953895e-05,32,2,0.058823529411764705,0.9411764705882353,0.256,0.26229508196721313,0.256,0.1471861471861472,3,90
MILD_ISTA,rho_zero,1.7543740552697457e-05,32,3,0.08571428571428572,0.9142857142857143,0.256,0.26229508196721313,0.256,0.15151515151515152,3,90
MILD_ISTA,rho_zero,1.7512146450466613e-05,33,3,0.08333333333333333,0.9166666666666666,0.264,0.27049180327868855,0.264,0.15584415584415584,3,89
MILD_ISTA,rho_zero,1.6388739389102532e-05,34,3,0.08108108108108109,0.918918918918919,0.272,0.2786885245901639,0.272,0.16017316017316016,3,88
MILD_ISTA,rho_zero,1.4543012328957631e-05,35,3,0.07894736842105263,0.9210526315789473,0.28,0.28688524590163933,0.28,0.1645021645021645,3,87
MILD_ISTA,rho_zero,1.3458915464334212e-05,36,3,0.07692307692307693,0.9230769230769231,0.288,0.29508196721311475,0.288,0.16883116883116883,3,86
MILD_ISTA,rho_zero,1.3358524096542611e-05,36,4,0.1,0.9,0.288,0.29508196721311475,0.288,0.17316017316017315,3,86
MILD_ISTA,rho_zero,1.3218154647409334e-05,37,4,0.0975609756097561,0.9024390243902439,0.296,0.30327868852459017,0.296,0.1774891774891775,3,85
MILD_ISTA,rho_zero,1.0706220360063319e-05,38,4,0.09523809523809523,0.9047619047619048,0.304,0.3114754098360656,0.304,0.18181818181818182,3,84
MILD_ISTA,rho_zero,1.0330772482951994e-05,38,5,0.11627906976744186,0.8837209302325582,0.304,0.3114754098360656,0.304,0.18614718614718614,3,84
MILD_ISTA,rho_zero,9.806839998786968e-06,39,5,0.11363636363636363,0.8863636363636364,0.312,0.319672131147541,0.312,0.19047619047619047,3,83
MILD_ISTA,rho_zero,9.208863266961002e-06,40,5,0.1111111111111111,0.8888888888888888,0.32,0.32786885245901637,0.32,0.19480519480519481,3,82
MILD_ISTA,rho_zero,8.474893859679513e-06,40,6,0.13043478260869565,0.8695652173913043,0.32,0.32786885245901637,0.32,0.19913419913419914,3,82
MILD_ISTA,rho_zero,7.658890297915767e-06,41,6,0.1276595744680851,0.8723404255319149,0.328,0.3360655737704918,0.328,0.20346320346320346,3,81
MILD_ISTA,rho_zero,7.640653914036409e-06,42,6,0.125,0.875,0.336,0.3442622950819672,0.336,0.2077922077922078,3,80
MILD_ISTA,rho_zero,6.933346921735912e-06,43,6,0.12244897959183673,0.8775510204081632,0.344,0.3524590163934426,0.344,0.21212121212121213,3,79
MILD_ISTA,rho_zero,6.1824595780249055e-06,43,7,0.14,0.86,0.344,0.3524590163934426,0.344,0.21645021645021645,3,79
MILD_ISTA,rho_zero,6.1057144497455745e-06,43,8,0.1568627450980392,0.8431372549019608,0.344,0.3524590163934426,0.344,0.22077922077922077,3,79
MILD_ISTA,rho_zero,6.011864886821913e-06,44,8,0.15384615384615385,0.8461538461538461,0.352,0.36065573770491804,0.352,0.22510822510822512,3,78
MILD_ISTA,rho_zero,5.928902441520948e-06,45,8,0.1509433962264151,0.8490566037735849,0.36,0.36885245901639346,0.36,0.22943722943722944,3,77
MILD_ISTA,rho_zero,5.8091438612578425e-06,46,8,0.14814814814814814,0.8518518518518519,0.368,0.3770491803278688,0.368,0.23376623376623376,3,76
MILD_ISTA,rho_zero,5.563320381585912e-06,47,8,0.14545454545454545,0.8545454545454545,0.376,0.38524590163934425,0.376,0.23809523809523808,3,75
MILD_ISTA,rho_zero,5.157507811758715e-06,48,8,0.14285714285714285,0.8571428571428571,0.384,0.39344262295081966,0.384,0.24242424242424243,3,74
MILD_ISTA,rho_zero,5.0335288192311915e-06,49,8,0.14035087719298245,0.8596491228070176,0.392,0.4016393442622951,0.392,0.24675324675324675,3,73
MILD_ISTA,rho_zero,4.882100253894233e-06,50,8,0.13793103448275862,0.8620689655172413,0.4,0.4098360655737705,0.4,0.2510822510822511,3,72
MILD_ISTA,rho_zero,4.6078165220098575e-06,51,8,0.13559322033898305,0.864406779661017,0.408,0.4180327868852459,0.408,0.2554112554112554,3,71
MILD_ISTA,rho_zero,4.076341856791245e-06,52,8,0.13333333333333333,0.8666666666666667,0.416,0.4262295081967213,0.416,0.2597402597402597,3,70
MILD_ISTA,rho_zero,3.719741916069899e-06,53,8,0.13114754098360656,0.8688524590163934,0.424,0.4344262295081967,0.424,0.26406926406926406,3,69
MILD_ISTA,rho_zero,3.711634532459841e-06,54,8,0.12903225806451613,0.8709677419354839,0.432,0.4426229508196721,0.432,0.2683982683982684,3,68
MILD_ISTA,rho_zero,3.4110935277019974e-06,55,8,0.12698412698412698,0.873015873015873,0.44,0.45081967213114754,0.44,0.2727272727272727,3,67
MILD_ISTA,rho_zero,3.213895515078806e-06,55,9,0.140625,0.859375,0.44,0.45081967213114754,0.44,0.27705627705627706,3,67
MILD_ISTA,rho_zero,3.0396547484229727e-06,55,10,0.15384615384615385,0.8461538461538461,0.44,0.45081967213114754,0.44,0.2813852813852814,3,67
MILD_ISTA,rho_zero,2.596508867838587e-06,55,11,0.16666666666666666,0.8333333333333334,0.44,0.45081967213114754,0.44,0.2857142857142857,3,67
MILD_ISTA,rho_zero,2.3008224439347147e-06,56,11,0.16417910447761194,0.835820895522388,0.448,0.45901639344262296,0.448,0.29004329004329005,3,66
MILD_ISTA,rho_zero,2.2176691945372614e-06,56,12,0.17647058823529413,0.8235294117647058,0.448,0.45901639344262296,0.448,0.2943722943722944,3,66
MILD_ISTA,rho_zero,1.9739720590925727e-06,56,13,0.18840579710144928,0.8115942028985508,0.448,0.45901639344262296,0.448,0.2987012987012987,3,66
MILD_ISTA,rho_zero,1.9632249799889205e-06,57,13,0.18571428571428572,0.8142857142857143,0.456,0.4672131147540984,0.456,0.30303030303030304,3,65
MILD_ISTA,rho_zero,1.9547166903403568e-06,58,13,0.18309859154929578,0.8169014084507042,0.464,0.47540983606557374,0.464,0.30735930735930733,3,64
MILD_ISTA,rho_zero,1.9465127661081986e-06,59,13,0.18055555555555555,0.8194444444444444,0.472,0.48360655737704916,0.472,0.3116883116883117,3,63
MILD_ISTA,rho_zero,1.8313072202780209e-06,59,14,0.1917808219178082,0.8082191780821918,0.472,0.48360655737704916,0.472,0.31601731601731603,3,63
MILD_ISTA,rho_zero,1.7457523371189477e-06,60,14,0.1891891891891892,0.8108108108108109,0.48,0.4918032786885246,0.48,0.3203463203463203,3,62
MILD_ISTA,rho_zero,1.7406337881408617e-06,61,14,0.18666666666666668,0.8133333333333334,0.488,0.5,0.488,0.3246753246753247,3,61
MILD_ISTA,rho_zero,1.726494760920503e-06,62,14,0.18421052631578946,0.8157894736842105,0.496,0.5081967213114754,0.496,0.329004329004329,3,60
MILD_ISTA,rho_zero,1.7096233826733347e-06,62,15,0.19480519480519481,0.8051948051948052,0.496,0.5081967213114754,0.496,0.3333333333333333,3,60
MILD_ISTA,rho_zero,1.5896968670285708e-06,63,15,0.19230769230769232,0.8076923076923077,0.504,0.5163934426229508,0.504,0.33766233766233766,3,59
MILD_ISTA,rho_zero,1.3405515272793722e-06,63,16,0.20253164556962025,0.7974683544303798,0.504,0.5163934426229508,0.504,0.341991341991342,3,59
MILD_ISTA,rho_zero,1.3379837142782399e-06,64,16,0.2,0.8,0.512,0.5245901639344263,0.512,0.3463203463203463,3,58
MILD_ISTA,rho_zero,1.3287116193309758e-06,65,16,0.19753086419753085,0.8024691358024691,0.52,0.5327868852459017,0.52,0.35064935064935066,3,57
MILD_ISTA,rho_zero,1.2658698082906799e-06,66,16,0.1951219512195122,0.8048780487804879,0.528,0.5409836065573771,0.528,0.354978354978355,3,56
MILD_ISTA,rho_zero,1.090330298137343e-06,67,16,0.1927710843373494,0.8072289156626506,0.536,0.5491803278688525,0.536,0.3593073593073593,3,55
MILD_ISTA,rho_zero,1.090299659591962e-06,68,16,0.19047619047619047,0.8095238095238095,0.544,0.5573770491803278,0.544,0.36363636363636365,3,54
MILD_ISTA,rho_zero,1.0874742489116952e-06,68,17,0.2,0.8,0.544,0.5573770491803278,0.544,0.36796536796536794,3,54
MILD_ISTA,rho_zero,9.072898632226733e-07,68,18,0.20930232558139536,0.7906976744186046,0.544,0.5573770491803278,0.544,0.3722943722943723,3,54
MILD_ISTA,rho_zero,8.718766390187077e-07,69,18,0.20689655172413793,0.7931034482758621,0.552,0.5655737704918032,0.552,0.37662337662337664,3,53
MILD_ISTA,rho_zero,7.409885003223168e-07,70,18,0.20454545454545456,0.7954545454545454,0.56,0.5737704918032787,0.56,0.38095238095238093,3,52
MILD_ISTA,rho_zero,7.183856999576672e-07,71,18,0.20224719101123595,0.797752808988764,0.568,0.5819672131147541,0.568,0.3852813852813853,3,51
MILD_ISTA,rho_zero,7.142282267242483e-07,71,19,0.2111111111111111,0.7888888888888889,0.568,0.5819672131147541,0.568,0.38961038961038963,3,51
MILD_ISTA,rho_zero,7.132819448251793e-07,72,19,0.2087912087912088,0.7912087912087912,0.576,0.5901639344262295,0.576,0.3939393939393939,3,50
MILD_ISTA,rho_zero,6.917752800400272e-07,73,19,0.20652173913043478,0.7934782608695652,0.584,0.5983606557377049,0.584,0.39826839826839827,3,49
MILD_ISTA,rho_zero,6.849512970555647e-07,73,20,0.21505376344086022,0.7849462365591398,0.584,0.5983606557377049,0.584,0.4025974025974026,3,49
MILD_ISTA,rho_zero,6.794001730614727e-07,74,20,0.2127659574468085,0.7872340425531915,0.592,0.6065573770491803,0.592,0.4069264069264069,3,48
MILD_ISTA,rho_zero,6.784430086076244e-07,74,21,0.22105263157894736,0.7789473684210526,0.592,0.6065573770491803,0.592,0.41125541125541126,3,48
MILD_ISTA,rho_zero,6.277114508113899e-07,75,21,0.21875,0.78125,0.6,0.6147540983606558,0.6,0.4155844155844156,3,47
MILD_ISTA,rho_zero,6.149296007707211e-07,75,22,0.2268041237113402,0.7731958762886598,0.6,0.6147540983606558,0.6,0.4199134199134199,3,47
MILD_ISTA,rho_zero,5.849226620613857e-07,76,22,0.22448979591836735,0.7755102040816326,0.608,0.6229508196721312,0.608,0.42424242424242425,3,46
MILD_ISTA,rho_zero,5.334277806883081e-07,76,23,0.23232323232323232,0.7676767676767676,0.608,0.6229508196721312,0.608,0.42857142857142855,3,46
MILD_ISTA,rho_zero,5.135593729843997e-07,76,24,0.24,0.76,0.608,0.6229508196721312,0.608,0.4329004329004329,3,46
MILD_ISTA,rho_zero,4.6317622135604945e-07,76,25,0.24752475247524752,0.7524752475247525,0.608,0.6229508196721312,0.608,0.43722943722943725,3,46
MILD_ISTA,rho_zero,3.5982174406738663e-07,76,26,0.2549019607843137,0.7450980392156863,0.608,0.6229508196721312,0.608,0.44155844155844154,3,46
MILD_ISTA,rho_zero,3.4730254983860087e-07,76,27,0.2621359223300971,0.7378640776699029,0.608,0.6229508196721312,0.608,0.4458874458874459,3,46
MILD_ISTA,rho_zero,3.117458540529789e-07,76,28,0.2692307692307692,0.7307692307692307,0.608,0.6229508196721312,0.608,0.45021645021645024,3,46
MILD_ISTA,rho_zero,2.826494926257116e-07,76,29,0.2761904761904762,0.7238095238095238,0.608,0.6229508196721312,0.608,0.45454545454545453,3,46
MILD_ISTA,rho_zero,2.76889556343824e-07,77,29,0.27358490566037735,0.7264150943396226,0.616,0.6311475409836066,0.616,0.4588744588744589,3,45
MILD_ISTA,rho_zero,2.7244209733859825e-07,77,30,0.2803738317757009,0.719626168224299,0.616,0.6311475409836066,0.616,0.46320346320346323,3,45
MILD_ISTA,rho_zero,2.4007984944727786e-07,77,31,0.28703703703703703,0.7129629629629629,0.616,0.6311475409836066,0.616,0.4675324675324675,3,45
MILD_ISTA,rho_zero,2.2826099457679038e-07,77,32,0.29357798165137616,0.7064220183486238,0.616,0.6311475409836066,0.616,0.47186147186147187,3,45
MILD_ISTA,rho_zero,2.072578909258806e-07,77,33,0.3,0.7,0.616,0.6311475409836066,0.616,0.47619047619047616,3,45
MILD_ISTA,rho_zero,1.9880644236884497e-07,78,33,0.2972972972972973,0.7027027027027027,0.624,0.639344262295082,0.624,0.4805194805194805,3,44
MILD_ISTA,rho_zero,1.6863483420901576e-07,78,34,0.30357142857142855,0.6964285714285714,0.624,0.639344262295082,0.624,0.48484848484848486,3,44
MILD_ISTA,rho_zero,1.5799702338861383e-07,78,35,0.30973451327433627,0.6902654867256637,0.624,0.639344262295082,0.624,0.48917748917748916,3,44
MILD_ISTA,rho_zero,1.5317974788045981e-07,78,36,0.3157894736842105,0.6842105263157895,0.624,0.639344262295082,0.624,0.4935064935064935,3,44
MILD_ISTA,rho_zero,1.3451901312723516e-07,79,36,0.3130434782608696,0.6869565217391305,0.632,0.6475409836065574,0.632,0.49783549783549785,3,43
MILD_ISTA,rho_zero,1.2745442857327864e-07,79,37,0.31896551724137934,0.6810344827586207,0.632,0.6475409836065574,0.632,0.5021645021645021,3,43
MILD_ISTA,rho_zero,1.1454457500220701e-07,79,38,0.3247863247863248,0.6752136752136753,0.632,0.6475409836065574,0.632,0.5064935064935064,3,43
MILD_ISTA,rho_zero,9.566292098304336e-08,79,39,0.3305084745762712,0.6694915254237288,0.632,0.6475409836065574,0.632,0.5108225108225108,3,43
MILD_ISTA,rho_zero,9.265220323001758e-08,80,39,0.3277310924369748,0.6722689075630253,0.64,0.6557377049180327,0.64,0.5151515151515151,3,42
MILD_ISTA,rho_zero,9.172086170267859e-08,80,40,0.3333333333333333,0.6666666666666666,0.64,0.6557377049180327,0.64,0.5194805194805194,3,42
MILD_ISTA,rho_zero,9.049997496953484e-08,81,40,0.3305785123966942,0.6694214876033058,0.648,0.6639344262295082,0.648,0.5238095238095238,3,41
MILD_ISTA,rho_zero,8.989085445777163e-08,82,40,0.32786885245901637,0.6721311475409836,0.656,0.6721311475409836,0.656,0.5281385281385281,3,40
MILD_ISTA,rho_zero,6.84269940094514e-08,83,40,0.3252032520325203,0.6747967479674797,0.664,0.680327868852459,0.664,0.5324675324675324,3,39
MILD_ISTA,rho_zero,6.312731853660888e-08,83,41,0.33064516129032256,0.6693548387096774,0.664,0.680327868852459,0.664,0.5367965367965368,3,39
MILD_ISTA,rho_zero,3.9087060114047604e-08,84,41,0.328,0.672,0.672,0.6885245901639344,0.672,0.5411255411255411,3,38
MILD_ISTA,rho_zero,3.901584895451474e-08,84,42,0.3333333333333333,0.6666666666666666,0.672,0.6885245901639344,0.672,0.5454545454545454,3,38
MILD_ISTA,rho_zero,3.776652699052412e-08,84,43,0.33858267716535434,0.6614173228346457,0.672,0.6885245901639344,0.672,0.5497835497835498,3,38
MILD_ISTA,rho_zero,3.419002040045556e-08,85,43,0.3359375,0.6640625,0.68,0.6967213114754098,0.68,0.5541125541125541,3,37
MILD_ISTA,rho_zero,2.919677675568251e-08,85,44,0.34108527131782945,0.6589147286821705,0.68,0.6967213114754098,0.68,0.5584415584415584,3,37
MILD_ISTA,rho_zero,2.9056792623825783e-08,86,44,0.3384615384615385,0.6615384615384615,0.688,0.7049180327868853,0.688,0.5627705627705628,3,36
MILD_ISTA,rho_zero,2.5763920432146425e-08,87,44,0.33587786259541985,0.6641221374045801,0.696,0.7131147540983607,0.696,0.5670995670995671,3,35
MILD_ISTA,rho_zero,1.2887134164824975e-08,88,44,0.3333333333333333,0.6666666666666666,0.704,0.7213114754098361,0.704,0.5714285714285714,3,34
MILD_ISTA,rho_zero,8.810932391348591e-09,88,45,0.3383458646616541,0.6616541353383458,0.704,0.7213114754098361,0.704,0.5757575757575758,3,34
MILD_ISTA,rho_zero,4.587389951023504e-09,88,46,0.34328358208955223,0.6567164179104478,0.704,0.7213114754098361,0.704,0.5800865800865801,3,34
MILD_ISTA,rho_zero,1.2613109430716862e-18,89,46,0.34074074074074073,0.6592592592592592,0.712,0.7295081967213115,0.712,0.5844155844155844,3,33
MILD_ISTA,rho_zero,9.009363879083474e-19,89,47,0.34558823529411764,0.6544117647058824,0.712,0.7295081967213115,0.712,0.5887445887445888,3,33
MILD_ISTA,rho_zero,3.6037455516333895e-19,91,48,0.34532374100719426,0.6546762589928058,0.728,0.7459016393442623,0.728,0.6017316017316018,3,31
MILD_ISTA,rho_zero,0.0,122,109,0.47186147186147187,0.5281385281385281,0.976,1.0,0.976,1.0,3,0
MILD_ISTA,X_hat,0.03391197251687695,1,0,0.0,1.0,0.008,0.00819672131147541,0.008,0.004329004329004329,3,121
MILD_ISTA,X_hat,0.03086197250755665,2,0,0.0,1.0,0.016,0.01639344262295082,0.016,0.008658008658008658,3,120
MILD_ISTA,X_hat,0.030656200653489875,3,0,0.0,1.0,0.024,0.02459016393442623,0.024,0.012987012987012988,3,119
MILD_ISTA,X_hat,0.03050011595234316,4,0,0.0,1.0,0.032,0.03278688524590164,0.032,0.017316017316017316,3,118
MILD_ISTA,X_hat,0.030137541747581657,5,0,0.0,1.0,0.04,0.040983606557377046,0.04,0.021645021645021644,3,117
MILD_ISTA,X_hat,0.02880638317667984,6,0,0.0,1.0,0.048,0.04918032786885246,0.048,0.025974025974025976,3,116
MILD_ISTA,X_hat,0.02865475602385688,7,0,0.0,1.0,0.056,0.05737704918032787,0.056,0.030303030303030304,3,115
MILD_ISTA,X_hat,0.028207305624022867,8,0,0.0,1.0,0.064,0.06557377049180328,0.064,0.03463203463203463,3,114
MILD_ISTA,X_hat,0.02787117267581202,9,0,0.0,1.0,0.072,0.07377049180327869,0.072,0.03896103896103896,3,113
MILD_ISTA,X_hat,0.02778102888137392,10,0,0.0,1.0,0.08,0.08196721311475409,0.08,0.04329004329004329,3,112
MILD_ISTA,X_hat,0.027251430017189174,11,0,0.0,1.0,0.088,0.09016393442622951,0.088,0.047619047619047616,3,111
MILD_ISTA,X_hat,0.025909930560586637,12,0,0.0,1.0,0.096,0.09836065573770492,0.096,0.05194805194805195,3,110
MILD_ISTA,X_hat,0.025861129613767853,13,0,0.0,1.0,0.104,0.10655737704918032,0.104,0.05627705627705628,3,109
MILD_ISTA,X_hat,0.025727824577634187,13,1,0.07142857142857142,0.9285714285714286,0.104,0.10655737704918032,0.104,0.06060606060606061,3,109
MILD_ISTA,X_hat,0.025265279678898966,14,1,0.06666666666666667,0.9333333333333333,0.112,0.11475409836065574,0.112,0.06493506493506493,3,108
MILD_ISTA,X_hat,0.025024142041711845,15,1,0.0625,0.9375,0.12,0.12295081967213115,0.12,0.06926406926406926,3,107
MILD_ISTA,X_hat,0.02491774139321967,16,1,0.058823529411764705,0.9411764705882353,0.128,0.13114754098360656,0.128,0.0735930735930736,3,106
MILD_ISTA,X_hat,0.024612825611504168,17,1,0.05555555555555555,0.9444444444444444,0.136,0.13934426229508196,0.136,0.07792207792207792,3,105
MILD_ISTA,X_hat,0.024218436025360092,18,1,0.05263157894736842,0.9473684210526315,0.144,0.14754098360655737,0.144,0.08225108225108226,3,104
MILD_ISTA,X_hat,0.023725510577107783,19,1,0.05,0.95,0.152,0.1557377049180328,0.152,0.08658008658008658,3,103
MILD_ISTA,X_hat,0.022470615781960204,20,1,0.047619047619047616,0.9523809523809523,0.16,0.16393442622950818,0.16,0.09090909090909091,3,102
MILD_ISTA,X_hat,0.022392163136276916,21,1,0.045454545454545456,0.9545454545454546,0.168,0.1721311475409836,0.168,0.09523809523809523,3,101
MILD_ISTA,X_hat,0.021618551816150515,22,1,0.043478260869565216,0.9565217391304348,0.176,0.18032786885245902,0.176,0.09956709956709957,3,100
MILD_ISTA,X_hat,0.021354780881223175,23,1,0.041666666666666664,0.9583333333333334,0.184,0.1885245901639344,0.184,0.1038961038961039,3,99
MILD_ISTA,X_hat,0.02125753152614276,24,1,0.04,0.96,0.192,0.19672131147540983,0.192,0.10822510822510822,3,98
MILD_ISTA,X_hat,0.021163489646997127,25,1,0.038461538461538464,0.9615384615384616,0.2,0.20491803278688525,0.2,0.11255411255411256,3,97
MILD_ISTA,X_hat,0.02059147795897337,26,1,0.037037037037037035,0.9629629629629629,0.208,0.21311475409836064,0.208,0.11688311688311688,3,96
MILD_ISTA,X_hat,0.020450606662201994,27,1,0.03571428571428571,0.9642857142857143,0.216,0.22131147540983606,0.216,0.12121212121212122,3,95
MILD_ISTA,X_hat,0.020244667868661463,28,1,0.034482758620689655,0.9655172413793104,0.224,0.22950819672131148,0.224,0.12554112554112554,3,94
MILD_ISTA,X_hat,0.019785041137137572,29,1,0.03333333333333333,0.9666666666666667,0.232,0.23770491803278687,0.232,0.12987012987012986,3,93
MILD_ISTA,X_hat,0.019509235180571464,30,1,0.03225806451612903,0.967741935483871,0.24,0.2459016393442623,0.24,0.1341991341991342,3,92
MILD_ISTA,X_hat,0.019494842961019356,31,1,0.03125,0.96875,0.248,0.2540983606557377,0.248,0.13852813852813853,3,91
MILD_ISTA,X_hat,0.019374824069778182,32,1,0.030303030303030304,0.9696969696969697,0.256,0.26229508196721313,0.256,0.14285714285714285,3,90
MILD_ISTA,X_hat,0.018647120506863863,33,1,0.029411764705882353,0.9705882352941176,0.264,0.27049180327868855,0.264,0.1471861471861472,3,89
MILD_ISTA,X_hat,0.018002588395591743,34,1,0.02857142857142857,0.9714285714285714,0.272,0.2786885245901639,0.272,0.15151515151515152,3,88
MILD_ISTA,X_hat,0.017919618479325296,35,1,0.027777777777777776,0.9722222222222222,0.28,0.28688524590163933,0.28,0.15584415584415584,3,87
MILD_ISTA,X_hat,0.01791301669465429,36,1,0.02702702702702703,0.972972972972973,0.288,0.29508196721311475,0.288,0.16017316017316016,3,86
MILD_ISTA,X_hat,0.01788447300920164,37,1,0.02631578947368421,0.9736842105263158,0.296,0.30327868852459017,0.296,0.1645021645021645,3,85
MILD_ISTA,X_hat,0.017798171911182478,38,1,0.02564102564102564,0.9743589743589743,0.304,0.3114754098360656,0.304,0.16883116883116883,3,84
MILD_ISTA,X_hat,0.01740909452033673,39,1,0.025,0.975,0.312,0.319672131147541,0.312,0.17316017316017315,3,83
MILD_ISTA,X_hat,0.017005397375121443,40,1,0.024390243902439025,0.975609756097561,0.32,0.32786885245901637,0.32,0.1774891774891775,3,82
MILD_ISTA,X_hat,0.017001584728845415,40,2,0.047619047619047616,0.9523809523809523,0.32,0.32786885245901637,0.32,0.18181818181818182,3,82
MILD_ISTA,X_hat,0.01685005185210037,41,2,0.046511627906976744,0.9534883720930233,0.328,0.3360655737704918,0.328,0.18614718614718614,3,81
MILD_ISTA,X_hat,0.016186147000392406,42,2,0.045454545454545456,0.9545454545454546,0.336,0.3442622950819672,0.336,0.19047619047619047,3,80
MILD_ISTA,X_hat,0.015847033385083815,43,2,0.044444444444444446,0.9555555555555556,0.344,0.3524590163934426,0.344,0.19480519480519481,3,79
MILD_ISTA,X_hat,0.015728717200456117,44,2,0.043478260869565216,0.9565217391304348,0.352,0.36065573770491804,0.352,0.19913419913419914,3,78
MILD_ISTA,X_hat,0.015527406170321294,45,2,0.0425531914893617,0.9574468085106383,0.36,0.36885245901639346,0.36,0.20346320346320346,3,77
MILD_ISTA,X_hat,0.015007957813399642,45,3,0.0625,0.9375,0.36,0.36885245901639346,0.36,0.2077922077922078,3,77
MILD_ISTA,X_hat,0.014890637680764313,46,3,0.061224489795918366,0.9387755102040817,0.368,0.3770491803278688,0.368,0.21212121212121213,3,76
MILD_ISTA,X_hat,0.014147961316347437,47,3,0.06,0.94,0.376,0.38524590163934425,0.376,0.21645021645021645,3,75
MILD_ISTA,X_hat,0.014122314394394892,48,3,0.058823529411764705,0.9411764705882353,0.384,0.39344262295081966,0.384,0.22077922077922077,3,74
MILD_ISTA,X_hat,0.01379328095059274,49,3,0.057692307692307696,0.9423076923076923,0.392,0.4016393442622951,0.392,0.22510822510822512,3,73
MILD_ISTA,X_hat,0.013487519031104173,50,3,0.05660377358490566,0.9433962264150944,0.4,0.4098360655737705,0.4,0.22943722943722944,3,72
MILD_ISTA,X_hat,0.013249103691135829,51,3,0.05555555555555555,0.9444444444444444,0.408,0.4180327868852459,0.408,0.23376623376623376,3,71
MILD_ISTA,X_hat,0.013005088059975233,52,3,0.05454545454545454,0.9454545454545454,0.416,0.4262295081967213,0.416,0.23809523809523808,3,70
MILD_ISTA,X_hat,0.013002382032342611,53,3,0.05357142857142857,0.9464285714285714,0.424,0.4344262295081967,0.424,0.24242424242424243,3,69
MILD_ISTA,X_hat,0.012885181348788329,54,3,0.05263157894736842,0.9473684210526315,0.432,0.4426229508196721,0.432,0.24675324675324675,3,68
MILD_ISTA,X_hat,0.012558037317705413,54,4,0.06896551724137931,0.9310344827586207,0.432,0.4426229508196721,0.432,0.2510822510822511,3,68
MILD_ISTA,X_hat,0.012436147005554185,55,4,0.06779661016949153,0.9322033898305084,0.44,0.45081967213114754,0.44,0.2554112554112554,3,67
MILD_ISTA,X_hat,0.012337072358770306,55,5,0.08333333333333333,0.9166666666666666,0.44,0.45081967213114754,0.44,0.2597402597402597,3,67
MILD_ISTA,X_hat,0.012034234035830425,56,5,0.08196721311475409,0.9180327868852459,0.448,0.45901639344262296,0.448,0.26406926406926406,3,66
MILD_ISTA,X_hat,0.011873865276837564,57,5,0.08064516129032258,0.9193548387096774,0.456,0.4672131147540984,0.456,0.2683982683982684,3,65
MILD_ISTA,X_hat,0.011772850862155484,57,6,0.09523809523809523,0.9047619047619048,0.456,0.4672131147540984,0.456,0.2727272727272727,3,65
MILD_ISTA,X_hat,0.011711613850962945,57,7,0.109375,0.890625,0.456,0.4672131147540984,0.456,0.27705627705627706,3,65
MILD_ISTA,X_hat,0.01155996086566057,58,7,0.1076923076923077,0.8923076923076924,0.464,0.47540983606557374,0.464,0.2813852813852814,3,64
MILD_ISTA,X_hat,0.011399022448677751,59,7,0.10606060606060606,0.8939393939393939,0.472,0.48360655737704916,0.472,0.2857142857142857,3,63
MILD_ISTA,X_hat,0.01127026259413753,59,8,0.11940298507462686,0.8805970149253731,0.472,0.48360655737704916,0.472,0.29004329004329005,3,63
MILD_ISTA,X_hat,0.011226211781244297,60,8,0.11764705882352941,0.8823529411764706,0.48,0.4918032786885246,0.48,0.2943722943722944,3,62
MILD_ISTA,X_hat,0.011120799370072806,61,8,0.11594202898550725,0.8840579710144928,0.488,0.5,0.488,0.2987012987012987,3,61
MILD_ISTA,X_hat,0.010891641127012254,62,8,0.11428571428571428,0.8857142857142857,0.496,0.5081967213114754,0.496,0.30303030303030304,3,60
MILD_ISTA,X_hat,0.01089004652671987,63,8,0.11267605633802817,0.8873239436619719,0.504,0.5163934426229508,0.504,0.30735930735930733,3,59
MILD_ISTA,X_hat,0.010849344654744957,64,8,0.1111111111111111,0.8888888888888888,0.512,0.5245901639344263,0.512,0.3116883116883117,3,58
MILD_ISTA,X_hat,0.010728493408741456,65,8,0.1095890410958904,0.8904109589041096,0.52,0.5327868852459017,0.52,0.31601731601731603,3,57
MILD_ISTA,X_hat,0.010725670515515852,66,8,0.10810810810810811,0.8918918918918919,0.528,0.5409836065573771,0.528,0.3203463203463203,3,56
MILD_ISTA,X_hat,0.010684658858745474,67,8,0.10666666666666667,0.8933333333333333,0.536,0.5491803278688525,0.536,0.3246753246753247,3,55
MILD_ISTA,X_hat,0.010669094828171315,68,8,0.10526315789473684,0.8947368421052632,0.544,0.5573770491803278,0.544,0.329004329004329,3,54
MILD_ISTA,X_hat,0.010566248206964569,68,9,0.11688311688311688,0.8831168831168831,0.544,0.5573770491803278,0.544,0.3333333333333333,3,54
MILD_ISTA,X_hat,0.010545910954964238,69,9,0.11538461538461539,0.8846153846153846,0.552,0.5655737704918032,0.552,0.33766233766233766,3,53
MILD_ISTA,X_hat,0.010324831117978123,69,10,0.12658227848101267,0.8734177215189873,0.552,0.5655737704918032,0.552,0.341991341991342,3,53
MILD_ISTA,X_hat,0.010265702635131003,70,10,0.125,0.875,0.56,0.5737704918032787,0.56,0.3463203463203463,3,52
MILD_ISTA,X_hat,0.010173028491792873,71,10,0.12345679012345678,0.8765432098765432,0.568,0.5819672131147541,0.568,0.35064935064935066,3,51
MILD_ISTA,X_hat,0.010149085400044012,71,11,0.13414634146341464,0.8658536585365854,0.568,0.5819672131147541,0.568,0.354978354978355,3,51
MILD_ISTA,X_hat,0.010089934786762478,72,11,0.13253012048192772,0.8674698795180723,0.576,0.5901639344262295,0.576,0.3593073593073593,3,50
MILD_ISTA,X_hat,0.010065848120005976,73,11,0.13095238095238096,0.8690476190476191,0.584,0.5983606557377049,0.584,0.36363636363636365,3,49
MILD_ISTA,X_hat,0.00986060993103747,74,11,0.12941176470588237,0.8705882352941177,0.592,0.6065573770491803,0.592,0.36796536796536794,3,48
MILD_ISTA,X_hat,0.009840619472349885,75,11,0.12790697674418605,0.872093023255814,0.6,0.6147540983606558,0.6,0.3722943722943723,3,47
MILD_ISTA,X_hat,0.0098220734511435,76,11,0.12643678160919541,0.8735632183908046,0.608,0.6229508196721312,0.608,0.37662337662337664,3,46
MILD_ISTA,X_hat,0.009751124952343043,77,11,0.125,0.875,0.616,0.6311475409836066,0.616,0.38095238095238093,3,45
MILD_ISTA,X_hat,0.009690733190220529,77,12,0.1348314606741573,0.8651685393258427,0.616,0.6311475409836066,0.616,0.3852813852813853,3,45
MILD_ISTA,X_hat,0.009521711621383629,78,12,0.13333333333333333,0.8666666666666667,0.624,0.639344262295082,0.624,0.38961038961038963,3,44
MILD_ISTA,X_hat,0.009276636792376248,79,12,0.13186813186813187,0.8681318681318682,0.632,0.6475409836065574,0.632,0.3939393939393939,3,43
MILD_ISTA,X_hat,0.00924122316150855,80,12,0.13043478260869565,0.8695652173913043,0.64,0.6557377049180327,0.64,0.39826839826839827,3,42
MILD_ISTA,X_hat,0.00899465371629891,81,12,0.12903225806451613,0.8709677419354839,0.648,0.6639344262295082,0.648,0.4025974025974026,3,41
MILD_ISTA,X_hat,0.008674950928167856,82,12,0.1276595744680851,0.8723404255319149,0.656,0.6721311475409836,0.656,0.4069264069264069,3,40
MILD_ISTA,X_hat,0.008603726866191881,83,12,0.12631578947368421,0.8736842105263158,0.664,0.680327868852459,0.664,0.41125541125541126,3,39
MILD_ISTA,X_hat,0.008517523695032378,84,12,0.125,0.875,0.672,0.6885245901639344,0.672,0.4155844155844156,3,38
MILD_ISTA,X_hat,0.008152924499919226,84,13,0.13402061855670103,0.865979381443299,0.672,0.6885245901639344,0.672,0.4199134199134199,3,38
MILD_ISTA,X_hat,0.008036571381485582,85,13,0.1326530612244898,0.8673469387755102,0.68,0.6967213114754098,0.68,0.42424242424242425,3,37
MILD_ISTA,X_hat,0.008005572756686405,85,14,0.1414141414141414,0.8585858585858586,0.68,0.6967213114754098,0.68,0.42857142857142855,3,37
MILD_ISTA,X_hat,0.00786719207265762,86,14,0.14,0.86,0.688,0.7049180327868853,0.688,0.4329004329004329,3,36
MILD_ISTA,X_hat,0.007835975867288122,87,14,0.13861386138613863,0.8613861386138614,0.696,0.7131147540983607,0.696,0.43722943722943725,3,35
MILD_ISTA,X_hat,0.007752626178582419,88,14,0.13725490196078433,0.8627450980392157,0.704,0.7213114754098361,0.704,0.44155844155844154,3,34
MILD_ISTA,X_hat,0.007482144185603438,89,14,0.13592233009708737,0.8640776699029126,0.712,0.7295081967213115,0.712,0.4458874458874459,3,33
MILD_ISTA,X_hat,0.007430540637358355,89,15,0.14423076923076922,0.8557692307692307,0.712,0.7295081967213115,0.712,0.45021645021645024,3,33
MILD_ISTA,X_hat,0.007211442612426226,89,16,0.1523809523809524,0.8476190476190476,0.712,0.7295081967213115,0.712,0.45454545454545453,3,33
MILD_ISTA,X_hat,0.007131076544066699,90,16,0.1509433962264151,0.8490566037735849,0.72,0.7377049180327869,0.72,0.4588744588744589,3,32
MILD_ISTA,X_hat,0.007107591770200264,91,16,0.14953271028037382,0.8504672897196262,0.728,0.7459016393442623,0.728,0.46320346320346323,3,31
MILD_ISTA,X_hat,0.0070902271619404855,92,16,0.14814814814814814,0.8518518518518519,0.736,0.7540983606557377,0.736,0.4675324675324675,3,30
MILD_ISTA,X_hat,0.007016757052079181,93,16,0.14678899082568808,0.8532110091743119,0.744,0.7622950819672131,0.744,0.47186147186147187,3,29
MILD_ISTA,X_hat,0.006996494721217055,94,16,0.14545454545454545,0.8545454545454545,0.752,0.7704918032786885,0.752,0.47619047619047616,3,28
MILD_ISTA,X_hat,0.006989820912541247,95,16,0.14414414414414414,0.8558558558558559,0.76,0.7786885245901639,0.76,0.4805194805194805,3,27
MILD_ISTA,X_hat,0.006845991770805999,95,17,0.15178571428571427,0.8482142857142857,0.76,0.7786885245901639,0.76,0.48484848484848486,3,27
MILD_ISTA,X_hat,0.006738126403478536,95,18,0.1592920353982301,0.8407079646017699,0.76,0.7786885245901639,0.76,0.48917748917748916,3,27
MILD_ISTA,X_hat,0.006630342517969303,95,19,0.16666666666666666,0.8333333333333334,0.76,0.7786885245901639,0.76,0.4935064935064935,3,27
MILD_ISTA,X_hat,0.006482636399943483,96,19,0.16521739130434782,0.8347826086956521,0.768,0.7868852459016393,0.768,0.49783549783549785,3,26
MILD_ISTA,X_hat,0.006412362335774208,96,20,0.1724137931034483,0.8275862068965517,0.768,0.7868852459016393,0.768,0.5021645021645021,3,26
MILD_ISTA,X_hat,0.006266251328411064,97,20,0.17094017094017094,0.8290598290598291,0.776,0.7950819672131147,0.776,0.5064935064935064,3,25
MILD_ISTA,X_hat,0.006205822350132473,97,21,0.17796610169491525,0.8220338983050848,0.776,0.7950819672131147,0.776,0.5108225108225108,3,25
MILD_ISTA,X_hat,0.0061704364949304044,97,22,0.18487394957983194,0.8151260504201681,0.776,0.7950819672131147,0.776,0.5151515151515151,3,25
MILD_ISTA,X_hat,0.006159937673300966,97,23,0.19166666666666668,0.8083333333333333,0.776,0.7950819672131147,0.776,0.5194805194805194,3,25
MILD_ISTA,X_hat,0.006151810644481442,98,23,0.19008264462809918,0.8099173553719008,0.784,0.8032786885245902,0.784,0.5238095238095238,3,24
MILD_ISTA,X_hat,0.006067068297408468,98,24,0.19672131147540983,0.8032786885245902,0.784,0.8032786885245902,0.784,0.5281385281385281,3,24
MILD_ISTA,X_hat,0.006053967875714934,99,24,0.1951219512195122,0.8048780487804879,0.792,0.8114754098360656,0.792,0.5324675324675324,3,23
MILD_ISTA,X_hat,0.0060063207111403834,99,25,0.20161290322580644,0.7983870967741935,0.792,0.8114754098360656,0.792,0.5367965367965368,3,23
MILD_ISTA,X_hat,0.005981303843419486,100,25,0.2,0.8,0.8,0.819672131147541,0.8,0.5411255411255411,3,22
MILD_ISTA,X_hat,0.00597951174777122,101,25,0.1984126984126984,0.8015873015873016,0.808,0.8278688524590164,0.808,0.5454545454545454,3,21
MILD_ISTA,X_hat,0.0059759572448099445,102,25,0.1968503937007874,0.8031496062992126,0.816,0.8360655737704918,0.816,0.5497835497835498,3,20
MILD_ISTA,X_hat,0.0059253794503390305,103,25,0.1953125,0.8046875,0.824,0.8442622950819673,0.824,0.5541125541125541,3,19
MILD_ISTA,X_hat,0.005860615188616879,103,26,0.20155038759689922,0.7984496124031008,0.824,0.8442622950819673,0.824,0.5584415584415584,3,19
MILD_ISTA,X_hat,0.0058212647727701695,104,26,0.2,0.8,0.832,0.8524590163934426,0.832,0.5627705627705628,3,18
MILD_ISTA,X_hat,0.005302175651700597,105,26,0.1984732824427481,0.8015267175572519,0.84,0.860655737704918,0.84,0.5670995670995671,3,17
MILD_ISTA,X_hat,0.00524853044261201,105,27,0.20454545454545456,0.7954545454545454,0.84,0.860655737704918,0.84,0.5714285714285714,3,17
MILD_ISTA,X_hat,0.005196986717873519,105,28,0.21052631578947367,0.7894736842105263,0.84,0.860655737704918,0.84,0.5757575757575758,3,17
MILD_ISTA,X_hat,0.005137393384235473,105,29,0.21641791044776118,0.7835820895522388,0.84,0.860655737704918,0.84,0.5800865800865801,3,17
MILD_ISTA,X_hat,0.00511885670355683,106,29,0.21481481481481482,0.7851851851851852,0.848,0.8688524590163934,0.848,0.5844155844155844,3,16
MILD_ISTA,X_hat,0.005040020480348643,106,30,0.22058823529411764,0.7794117647058824,0.848,0.8688524590163934,0.848,0.5887445887445888,3,16
MILD_ISTA,X_hat,0.004975363392434335,107,30,0.21897810218978103,0.781021897810219,0.856,0.8770491803278688,0.856,0.5930735930735931,3,15
MILD_ISTA,X_hat,0.004933914255533652,107,31,0.2246376811594203,0.7753623188405797,0.856,0.8770491803278688,0.856,0.5974025974025974,3,15
MILD_ISTA,X_hat,0.004842651450470358,107,32,0.2302158273381295,0.7697841726618705,0.856,0.8770491803278688,0.856,0.6017316017316018,3,15
MILD_ISTA,X_hat,0.004838775823892059,108,32,0.22857142857142856,0.7714285714285715,0.864,0.8852459016393442,0.864,0.6060606060606061,3,14
MILD_ISTA,X_hat,0.004653453217163848,109,32,0.22695035460992907,0.7730496453900709,0.872,0.8934426229508197,0.872,0.6103896103896104,3,13
MILD_ISTA,X_hat,0.0044418383796973465,109,33,0.2323943661971831,0.7676056338028169,0.872,0.8934426229508197,0.872,0.6147186147186147,3,13
MILD_ISTA,X_hat,0.00438009529585326,109,34,0.23776223776223776,0.7622377622377622,0.872,0.8934426229508197,0.872,0.6190476190476191,3,13
MILD_ISTA,X_hat,0.00433455379316378,110,34,0.2361111111111111,0.7638888888888888,0.88,0.9016393442622951,0.88,0.6233766233766234,3,12
MILD_ISTA,X_hat,0.004274410202972739,110,35,0.2413793103448276,0.7586206896551724,0.88,0.9016393442622951,0.88,0.6277056277056277,3,12
MILD_ISTA,X_hat,0.00423257002377524,110,36,0.2465753424657534,0.7534246575342466,0.88,0.9016393442622951,0.88,0.6320346320346321,3,12
MILD_ISTA,X_hat,0.004109421430857681,110,37,0.25170068027210885,0.7482993197278912,0.88,0.9016393442622951,0.88,0.6363636363636364,3,12
MILD_ISTA,X_hat,0.004079391466481949,111,37,0.25,0.75,0.888,0.9098360655737705,0.888,0.6406926406926406,3,11
MILD_ISTA,X_hat,0.004076876008985885,111,38,0.2550335570469799,0.7449664429530202,0.888,0.9098360655737705,0.888,0.645021645021645,3,11
MILD_ISTA,X_hat,0.004036435633417792,112,38,0.25333333333333335,0.7466666666666667,0.896,0.9180327868852459,0.896,0.6493506493506493,3,10
MILD_ISTA,X_hat,0.003984088124649258,112,39,0.2582781456953642,0.7417218543046358,0.896,0.9180327868852459,0.896,0.6536796536796536,3,10
MILD_ISTA,X_hat,0.003908110176574131,113,39,0.2565789473684211,0.743421052631579,0.904,0.9262295081967213,0.904,0.658008658008658,3,9
MILD_ISTA,X_hat,0.0039049994928708077,114,39,0.2549019607843137,0.7450980392156863,0.912,0.9344262295081968,0.912,0.6623376623376623,3,8
MILD_ISTA,X_hat,0.0037343301364431937,114,40,0.2597402597402597,0.7402597402597403,0.912,0.9344262295081968,0.912,0.6666666666666666,3,8
MILD_ISTA,X_hat,0.0037056374482239557,114,41,0.2645161290322581,0.7354838709677419,0.912,0.9344262295081968,0.912,0.670995670995671,3,8
MILD_ISTA,X_hat,0.0036187296567048977,115,41,0.26282051282051283,0.7371794871794872,0.92,0.9426229508196722,0.92,0.6753246753246753,3,7
MILD_ISTA,X_hat,0.003445655269983989,115,42,0.267515923566879,0.732484076433121,0.92,0.9426229508196722,0.92,0.6796536796536796,3,7
MILD_ISTA,X_hat,0.00338662627155709,115,43,0.2721518987341772,0.7278481012658228,0.92,0.9426229508196722,0.92,0.683982683982684,3,7
MILD_ISTA,X_hat,0.0033807855115930894,115,44,0.27672955974842767,0.7232704402515723,0.92,0.9426229508196722,0.92,0.6883116883116883,3,7
MILD_ISTA,X_hat,0.0033339591834127343,115,45,0.28125,0.71875,0.92,0.9426229508196722,0.92,0.6926406926406926,3,7
MILD_ISTA,X_hat,0.003315799752967758,115,46,0.2857142857142857,0.7142857142857143,0.92,0.9426229508196722,0.92,0.696969696969697,3,7
MILD_ISTA,X_hat,0.0032820898538791317,115,47,0.29012345679012347,0.7098765432098766,0.92,0.9426229508196722,0.92,0.7012987012987013,3,7
MILD_ISTA,X_hat,0.0032734645761087356,115,48,0.294478527607362,0.7055214723926381,0.92,0.9426229508196722,0.92,0.7056277056277056,3,7
MILD_ISTA,X_hat,0.0032606502989581177,115,49,0.29878048780487804,0.7012195121951219,0.92,0.9426229508196722,0.92,0.70995670995671,3,7
MILD_ISTA,X_hat,0.003115407946990679,115,50,0.30303030303030304,0.696969696969697,0.92,0.9426229508196722,0.92,0.7142857142857143,3,7
MILD_ISTA,X_hat,0.0030613328024529595,115,51,0.3072289156626506,0.6927710843373494,0.92,0.9426229508196722,0.92,0.7186147186147186,3,7
MILD_ISTA,X_hat,0.0029608707799122164,115,52,0.31137724550898205,0.688622754491018,0.92,0.9426229508196722,0.92,0.7229437229437229,3,7
MILD_ISTA,X_hat,0.002947856594527384,115,53,0.31547619047619047,0.6845238095238095,0.92,0.9426229508196722,0.92,0.7272727272727273,3,7
MILD_ISTA,X_hat,0.002898433820575138,115,54,0.31952662721893493,0.6804733727810651,0.92,0.9426229508196722,0.92,0.7316017316017316,3,7
MILD_ISTA,X_hat,0.0028940270785341995,115,55,0.3235294117647059,0.6764705882352942,0.92,0.9426229508196722,0.92,0.7359307359307359,3,7
MILD_ISTA,X_hat,0.002882598390597184,116,55,0.3216374269005848,0.6783625730994152,0.928,0.9508196721311475,0.928,0.7402597402597403,3,6
MILD_ISTA,X_hat,0.002878766709122828,116,56,0.32558139534883723,0.6744186046511628,0.928,0.9508196721311475,0.928,0.7445887445887446,3,6
MILD_ISTA,X_hat,0.0028725725358922,117,56,0.3236994219653179,0.6763005780346821,0.936,0.9590163934426229,0.936,0.7489177489177489,3,5
MILD_ISTA,X_hat,0.002860338094096287,118,56,0.3218390804597701,0.6781609195402298,0.944,0.9672131147540983,0.944,0.7532467532467533,3,4
MILD_ISTA,X_hat,0.002796793075456093,118,57,0.32571428571428573,0.6742857142857143,0.944,0.9672131147540983,0.944,0.7575757575757576,3,4
MILD_ISTA,X_hat,0.002752158096745323,119,57,0.32386363636363635,0.6761363636363636,0.952,0.9754098360655737,0.952,0.7619047619047619,3,3
MILD_ISTA,X_hat,0.002735066419193475,119,58,0.327683615819209,0.672316384180791,0.952,0.9754098360655737,0.952,0.7662337662337663,3,3
MILD_ISTA,X_hat,0.002707039988859296,120,58,0.3258426966292135,0.6741573033707865,0.96,0.9836065573770492,0.96,0.7705627705627706,3,2
MILD_ISTA,X_hat,0.002681333935167297,120,59,0.329608938547486,0.6703910614525139,0.96,0.9836065573770492,0.96,0.7748917748917749,3,2
MILD_ISTA,X_hat,0.0026557018114027804,120,60,0.3333333333333333,0.6666666666666666,0.96,0.9836065573770492,0.96,0.7792207792207793,3,2
MILD_ISTA,X_hat,0.00242452206368063,120,61,0.3370165745856354,0.6629834254143646,0.96,0.9836065573770492,0.96,0.7835497835497836,3,2
MILD_ISTA,X_hat,0.002410689151713639,120,62,0.34065934065934067,0.6593406593406593,0.96,0.9836065573770492,0.96,0.7878787878787878,3,2
MILD_ISTA,X_hat,0.0023967897913115114,120,63,0.3442622950819672,0.6557377049180327,0.96,0.9836065573770492,0.96,0.7922077922077922,3,2
MILD_ISTA,X_hat,0.002221666450955112,120,64,0.34782608695652173,0.6521739130434783,0.96,0.9836065573770492,0.96,0.7965367965367965,3,2
MILD_ISTA,X_hat,0.0022022639456108183,120,65,0.35135135135135137,0.6486486486486487,0.96,0.9836065573770492,0.96,0.8008658008658008,3,2
MILD_ISTA,X_hat,0.002149466801169921,120,66,0.3548387096774194,0.6451612903225806,0.96,0.9836065573770492,0.96,0.8051948051948052,3,2
MILD_ISTA,X_hat,0.0021366871104371694,120,67,0.3582887700534759,0.6417112299465241,0.96,0.9836065573770492,0.96,0.8095238095238095,3,2
MILD_ISTA,X_hat,0.0020848501682926963,120,68,0.3617021276595745,0.6382978723404256,0.96,0.9836065573770492,0.96,0.8138528138528138,3,2
MILD_ISTA,X_hat,0.002078998008342995,120,69,0.36507936507936506,0.6349206349206349,0.96,0.9836065573770492,0.96,0.8181818181818182,3,2
MILD_ISTA,X_hat,0.002047491252691153,120,70,0.3684210526315789,0.631578947368421,0.96,0.9836065573770492,0.96,0.8225108225108225,3,2
MILD_ISTA,X_hat,0.0020426727360757426,120,71,0.3717277486910995,0.6282722513089005,0.96,0.9836065573770492,0.96,0.8268398268398268,3,2
MILD_ISTA,X_hat,0.0020266256001450875,120,72,0.375,0.625,0.96,0.9836065573770492,0.96,0.8311688311688312,3,2
MILD_ISTA,X_hat,0.0019951314473399093,120,73,0.37823834196891193,0.6217616580310881,0.96,0.9836065573770492,0.96,0.8354978354978355,3,2
MILD_ISTA,X_hat,0.0019930758600626643,120,74,0.38144329896907214,0.6185567010309279,0.96,0.9836065573770492,0.96,0.8398268398268398,3,2
MILD_ISTA,X_hat,0.0019017471168648519,120,75,0.38461538461538464,0.6153846153846154,0.96,0.9836065573770492,0.96,0.8441558441558441,3,2
MILD_ISTA,X_hat,0.0018437759662942067,120,76,0.3877551020408163,0.6122448979591837,0.96,0.9836065573770492,0.96,0.8484848484848485,3,2
MILD_ISTA,X_hat,0.0018318438741909727,120,77,0.39086294416243655,0.6091370558375635,0.96,0.9836065573770492,0.96,0.8528138528138528,3,2
MILD_ISTA,X_hat,0.0018274968432823746,120,78,0.3939393939393939,0.6060606060606061,0.96,0.9836065573770492,0.96,0.8571428571428571,3,2
MILD_ISTA,X_hat,0.0018189345559419432,121,78,0.39195979899497485,0.6080402010050251,0.968,0.9918032786885246,0.968,0.8614718614718615,3,1
MILD_ISTA,X_hat,0.0017768161416734359,121,79,0.395,0.605,0.968,0.9918032786885246,0.968,0.8658008658008658,3,1
MILD_ISTA,X_hat,0.0017337348806278853,121,80,0.39800995024875624,0.6019900497512438,0.968,0.9918032786885246,0.968,0.8701298701298701,3,1
MILD_ISTA,X_hat,0.0017160778806742329,121,81,0.400990099009901,0.599009900990099,0.968,0.9918032786885246,0.968,0.8744588744588745,3,1
MILD_ISTA,X_hat,0.0016797429842173436,121,82,0.4039408866995074,0.5960591133004927,0.968,0.9918032786885246,0.968,0.8787878787878788,3,1
MILD_ISTA,X_hat,0.001644157318203218,121,83,0.4068627450980392,0.5931372549019608,0.968,0.9918032786885246,0.968,0.8831168831168831,3,1
MILD_ISTA,X_hat,0.001587974670036881,121,84,0.4097560975609756,0.5902439024390244,0.968,0.9918032786885246,0.968,0.8874458874458875,3,1
MILD_ISTA,X_hat,0.0015685664117022862,121,85,0.41262135922330095,0.587378640776699,0.968,0.9918032786885246,0.968,0.8917748917748918,3,1
MILD_ISTA,X_hat,0.0015329015353781658,121,86,0.41545893719806765,0.5845410628019324,0.968,0.9918032786885246,0.968,0.8961038961038961,3,1
MILD_ISTA,X_hat,0.001515565541228379,121,87,0.4182692307692308,0.5817307692307693,0.968,0.9918032786885246,0.968,0.9004329004329005,3,1
MILD_ISTA,X_hat,0.0015148573435186548,121,88,0.42105263157894735,0.5789473684210527,0.968,0.9918032786885246,0.968,0.9047619047619048,3,1
MILD_ISTA,X_hat,0.0015046741059478676,121,89,0.4238095238095238,0.5761904761904761,0.968,0.9918032786885246,0.968,0.9090909090909091,3,1
MILD_ISTA,X_hat,0.00148490084620681,121,90,0.4265402843601896,0.5734597156398105,0.968,0.9918032786885246,0.968,0.9134199134199135,3,1
MILD_ISTA,X_hat,0.0014820146079714386,121,91,0.42924528301886794,0.5707547169811321,0.968,0.9918032786885246,0.968,0.9177489177489178,3,1
MILD_ISTA,X_hat,0.001429335946969994,121,92,0.431924882629108,0.568075117370892,0.968,0.9918032786885246,0.968,0.922077922077922,3,1
MILD_ISTA,X_hat,0.001370795845751901,121,93,0.43457943925233644,0.5654205607476636,0.968,0.9918032786885246,0.968,0.9264069264069265,3,1
MILD_ISTA,X_hat,0.0013599090437731583,121,94,0.4372093023255814,0.5627906976744186,0.968,0.9918032786885246,0.968,0.9307359307359307,3,1
MILD_ISTA,X_hat,0.0013133912885002635,121,95,0.4398148148148148,0.5601851851851852,0.968,0.9918032786885246,0.968,0.935064935064935,3,1
MILD_ISTA,X_hat,0.0012926795609157055,121,96,0.4423963133640553,0.5576036866359447,0.968,0.9918032786885246,0.968,0.9393939393939394,3,1
MILD_ISTA,X_hat,0.001289214161974965,121,97,0.44495412844036697,0.555045871559633,0.968,0.9918032786885246,0.968,0.9437229437229437,3,1
MILD_ISTA,X_hat,0.0012715497726279472,121,98,0.4474885844748858,0.5525114155251142,0.968,0.9918032786885246,0.968,0.948051948051948,3,1
MILD_ISTA,X_hat,0.001256993467011039,121,99,0.45,0.55,0.968,0.9918032786885246,0.968,0.9523809523809523,3,1
MILD_ISTA,X_hat,0.0012369164202424131,121,100,0.45248868778280543,0.5475113122171946,0.968,0.9918032786885246,0.968,0.9567099567099567,3,1
MILD_ISTA,X_hat,0.0012199467666765148,121,101,0.45495495495495497,0.545045045045045,0.968,0.9918032786885246,0.968,0.961038961038961,3,1
MILD_ISTA,X_hat,0.0011845227673366345,122,101,0.452914798206278,0.547085201793722,0.976,1.0,0.976,0.9653679653679653,3,0
MILD_ISTA,X_hat,0.001184300473404087,122,102,0.45535714285714285,0.5446428571428571,0.976,1.0,0.976,0.9696969696969697,3,0
MILD_ISTA,X_hat,0.0011564285994277211,122,103,0.4577777777777778,0.5422222222222223,0.976,1.0,0.976,0.974025974025974,3,0
MILD_ISTA,X_hat,0.001112318616133091,122,104,0.46017699115044247,0.5398230088495575,0.976,1.0,0.976,0.9783549783549783,3,0
MILD_ISTA,X_hat,0.0010873175252109144,122,105,0.46255506607929514,0.5374449339207048,0.976,1.0,0.976,0.9826839826839827,3,0
MILD_ISTA,X_hat,0.0010733812990579388,122,106,0.4649122807017544,0.5350877192982456,0.976,1.0,0.976,0.987012987012987,3,0
MILD_ISTA,X_hat,0.0010567713267999768,122,107,0.4672489082969432,0.5327510917030568,0.976,1.0,0.976,0.9913419913419913,3,0
MILD_ISTA,X_hat,0.001056442320628412,122,108,0.46956521739130436,0.5304347826086957,0.976,1.0,0.976,0.9956709956709957,3,0
MILD_ISTA,X_hat,0.0010023609435978018,122,109,0.47186147186147187,0.5281385281385281,0.976,1.0,0.976,1.0,3,0
