dataset_id,domain,K,split,replicate,candidate_index,candidate_id,lipid_name,lipid_class,X_hat,rho_zero,rho_zero_status,raw_solver_reported,molecular_truth,candidate_truth,reportable_truth
D0__CAL_R3_K125,D0,125,CAL,R3,0,PA-H__0075,PA 16:0_24:0,PA,0.0037706164422720533,0.0,COMPUTED,True,False,False,False
D0__CAL_R3_K125,D0,125,CAL,R3,1,PA-H__0076,PA 16:0_24:1,PA,0.003208566246574051,0.0,COMPUTED,True,False,False,False
D0__CAL_R3_K125,D0,125,CAL,R3,2,PA-H__0077,PA 16:0_24:2,PA,1.1867603383553755e-05,,NOT_COMPUTED,False,False,False,False
D0__CAL_R3_K125,D0,125,CAL,R3,3,PA-H__0078,PA 16:0_24:3,PA,0.00021274256426307542,,NOT_COMPUTED,False,False,False,False
D0__CAL_R3_K125,D0,125,CAL,R3,4,PA-H__0079,PA 16:0_24:4,PA,1.9540538050687483e-05,,NOT_COMPUTED,False,False,False,False
D0__CAL_R3_K125,D0,125,CAL,R3,5,PA-H__0080,PA 16:0_24:5,PA,1.7708101441797e-05,,NOT_COMPUTED,False,False,False,False
D0__CAL_R3_K125,D0,125,CAL,R3,6,PA-H__0100,PA 24:0_16:1,PA,1.0610385785127374e-07,,NOT_COMPUTED,False,False,False,False
D0__CAL_R3_K125,D0,125,CAL,R3,7,PA-H__0101,PA 16:1_24:1,PA,0.0005195833503907161,,NOT_COMPUTED,False,False,False,False
D0__CAL_R3_K125,D0,125,CAL,R3,8,PA-H__0102,PA 16:1_24:2,PA,9.501372215057484e-08,,NOT_COMPUTED,False,False,False,False
D0__CAL_R3_K125,D0,125,CAL,R3,9,PA-H__0103,PA 16:1_24:3,PA,0.0,,NOT_COMPUTED,False,False,False,False
D0__CAL_R3_K125,D0,125,CAL,R3,10,PA-H__0104,PA 16:1_24:4,PA,9.821921081487493e-08,,NOT_COMPUTED,False,False,False,False
D0__CAL_R3_K125,D0,125,CAL,R3,11,PA-H__0117,PA 18:0_22:0,PA,0.028443569034402504,4.74173224031582e-06,COMPUTED,True,True,True,True
D0__CAL_R3_K125,D0,125,CAL,R3,12,PA-H__0118,PA 18:0_22:1,PA,0.01579049612427627,1.4773880295991269e-06,COMPUTED,True,True,True,True
D0__CAL_R3_K125,D0,125,CAL,R3,13,PA-H__0119,PA 18:0_22:2,PA,0.000916341921839999,,NOT_COMPUTED,False,False,False,False
D0__CAL_R3_K125,D0,125,CAL,R3,14,PA-H__0120,PA 18:0_22:3,PA,9.656679795311141e-07,,NOT_COMPUTED,False,False,False,False
D0__CAL_R3_K125,D0,125,CAL,R3,15,PA-H__0121,PA 18:0_22:4,PA,0.0008866338941377613,,NOT_COMPUTED,False,False,False,False
D0__CAL_R3_K125,D0,125,CAL,R3,16,PA-H__0122,PA 18:0_22:5,PA,0.01647364243759865,2.468072849133357e-21,COMPUTED,True,False,False,False
D0__CAL_R3_K125,D0,125,CAL,R3,17,PA-H__0124,PA 18:0_24:0,PA,5.508131798618726e-07,,NOT_COMPUTED,False,False,False,False
D0__CAL_R3_K125,D0,125,CAL,R3,18,PA-H__0125,PA 18:0_24:1,PA,0.0,,NOT_COMPUTED,False,False,False,False
D0__CAL_R3_K125,D0,125,CAL,R3,19,PA-H__0126,PA 18:0_24:2,PA,1.867609307726761e-05,,NOT_COMPUTED,False,False,False,False
D0__CAL_R3_K125,D0,125,CAL,R3,20,PA-H__0127,PA 18:0_24:3,PA,0.004215080252011767,2.0848804294529445e-25,COMPUTED,True,False,False,False
D0__CAL_R3_K125,D0,125,CAL,R3,21,PA-H__0128,PA 18:0_24:4,PA,0.005133729146336158,0.0,COMPUTED,True,False,False,False
D0__CAL_R3_K125,D0,125,CAL,R3,22,PA-H__0129,PA 18:0_24:5,PA,0.015601251970105454,1.2084406194915506e-06,COMPUTED,True,True,True,True
D0__CAL_R3_K125,D0,125,CAL,R3,23,PA-H__0130,PA 18:0_24:6,PA,0.0009396819891285153,,NOT_COMPUTED,False,False,False,False
D0__CAL_R3_K125,D0,125,CAL,R3,24,PA-H__0140,PA 22:0_18:1,PA,0.004644433161562396,0.0,COMPUTED,True,False,False,False
D0__CAL_R3_K125,D0,125,CAL,R3,25,PA-H__0141,PA 18:1_22:1,PA,0.0027418388909694513,2.7869740486546957e-22,COMPUTED,True,False,False,False
D0__CAL_R3_K125,D0,125,CAL,R3,26,PA-H__0142,PA 18:1_22:2,PA,0.0,,NOT_COMPUTED,False,False,False,False
D0__CAL_R3_K125,D0,125,CAL,R3,27,PA-H__0143,PA 18:1_22:3,PA,0.0,,NOT_COMPUTED,False,False,False,False
D0__CAL_R3_K125,D0,125,CAL,R3,28,PA-H__0144,PA 18:1_22:4,PA,0.0037303531222809046,1.0725487017670357e-26,COMPUTED,True,False,False,False
D0__CAL_R3_K125,D0,125,CAL,R3,29,PA-H__0147,PA 24:0_18:1,PA,1.8407621284015932e-07,,NOT_COMPUTED,False,False,False,False
D0__CAL_R3_K125,D0,125,CAL,R3,30,PA-H__0148,PA 18:1_24:1,PA,9.787748976161372e-05,,NOT_COMPUTED,False,False,False,False
D0__CAL_R3_K125,D0,125,CAL,R3,31,PA-H__0149,PA 18:1_24:2,PA,0.00013349285767119,,NOT_COMPUTED,False,False,False,False
D0__CAL_R3_K125,D0,125,CAL,R3,32,PA-H__0150,PA 18:1_24:3,PA,0.0012233508012228884,4.988291937891829e-23,COMPUTED,True,False,False,False
D0__CAL_R3_K125,D0,125,CAL,R3,33,PA-H__0151,PA 18:1_24:4,PA,0.003178559842916502,0.0,COMPUTED,True,False,False,False
D0__CAL_R3_K125,D0,125,CAL,R3,34,PA-H__0152,PA 18:1_24:5,PA,0.008145777426634616,1.6807423242431536e-06,COMPUTED,True,True,True,True
D0__CAL_R3_K125,D0,125,CAL,R3,35,PA-H__0153,PA 18:1_24:6,PA,0.0033557348782528524,2.7678327811647805e-23,COMPUTED,True,False,False,False
D0__CAL_R3_K125,D0,125,CAL,R3,36,PA-H__0162,PA 22:0_18:2,PA,0.011086914830018951,3.7998556747908153e-07,COMPUTED,True,True,True,True
D0__CAL_R3_K125,D0,125,CAL,R3,37,PA-H__0163,PA 22:1_18:2,PA,0.0,,NOT_COMPUTED,False,False,False,False
D0__CAL_R3_K125,D0,125,CAL,R3,38,PA-H__0164,PA 18:2_22:2,PA,0.0,,NOT_COMPUTED,False,False,False,False
D0__CAL_R3_K125,D0,125,CAL,R3,39,PA-H__0165,PA 18:2_22:3,PA,0.0011929826070539793,0.0,COMPUTED,True,False,False,False
D0__CAL_R3_K125,D0,125,CAL,R3,40,PA-H__0169,PA 24:0_18:2,PA,4.2141559961005925e-08,,NOT_COMPUTED,False,False,False,False
D0__CAL_R3_K125,D0,125,CAL,R3,41,PA-H__0170,PA 24:1_18:2,PA,0.002980229362542429,8.214460717254202e-27,COMPUTED,True,False,False,False
D0__CAL_R3_K125,D0,125,CAL,R3,42,PA-H__0171,PA 18:2_24:2,PA,0.0004909707069873594,,NOT_COMPUTED,False,False,False,False
D0__CAL_R3_K125,D0,125,CAL,R3,43,PA-H__0172,PA 18:2_24:3,PA,7.725137470938436e-06,,NOT_COMPUTED,False,False,False,False
D0__CAL_R3_K125,D0,125,CAL,R3,44,PA-H__0173,PA 18:2_24:4,PA,0.00740159203911612,1.2955605024761232e-06,COMPUTED,True,True,True,True
D0__CAL_R3_K125,D0,125,CAL,R3,45,PA-H__0174,PA 18:2_24:5,PA,0.003930489505860227,5.22301413451332e-23,COMPUTED,True,False,False,False
D0__CAL_R3_K125,D0,125,CAL,R3,46,PA-H__0175,PA 18:2_24:6,PA,0.0005389059671714339,,NOT_COMPUTED,False,False,False,False
D0__CAL_R3_K125,D0,125,CAL,R3,47,PA-H__0183,PA 22:0_18:3,PA,1.4302629211721223e-05,,NOT_COMPUTED,False,False,False,False
D0__CAL_R3_K125,D0,125,CAL,R3,48,PA-H__0184,PA 22:1_18:3,PA,1.4302049839172494e-05,,NOT_COMPUTED,False,False,False,False
D0__CAL_R3_K125,D0,125,CAL,R3,49,PA-H__0185,PA 22:2_18:3,PA,1.1078102659225455e-05,,NOT_COMPUTED,False,False,False,False
D0__CAL_R3_K125,D0,125,CAL,R3,50,PA-H__0190,PA 24:0_18:3,PA,0.0008240678276843169,,NOT_COMPUTED,False,False,False,False
D0__CAL_R3_K125,D0,125,CAL,R3,51,PA-H__0191,PA 24:1_18:3,PA,0.007432909325402822,2.325631307227603e-07,COMPUTED,True,True,True,True
D0__CAL_R3_K125,D0,125,CAL,R3,52,PA-H__0192,PA 24:2_18:3,PA,0.0,,NOT_COMPUTED,False,False,False,False
D0__CAL_R3_K125,D0,125,CAL,R3,53,PA-H__0193,PA 18:3_24:3,PA,3.2271365982647244e-06,,NOT_COMPUTED,False,False,False,False
D0__CAL_R3_K125,D0,125,CAL,R3,54,PA-H__0194,PA 18:3_24:4,PA,0.0017586286458934756,5.405470224619869e-27,COMPUTED,True,False,False,False
D0__CAL_R3_K125,D0,125,CAL,R3,55,PA-H__0195,PA 18:3_24:5,PA,0.0020322498121166143,4.699191199620973e-30,COMPUTED,True,False,False,False
D0__CAL_R3_K125,D0,125,CAL,R3,56,PA-H__0196,PA 18:3_24:6,PA,0.001067741505295469,5.471376116439452e-23,COMPUTED,True,False,False,False
D0__CAL_R3_K125,D0,125,CAL,R3,57,PA-H__0197,PA 20:0_20:0,PA,0.0101288085456224,6.782373822264793e-08,COMPUTED,True,True,True,True
D0__CAL_R3_K125,D0,125,CAL,R3,58,PA-H__0198,PA 20:0_20:1,PA,0.006466966509508803,1.117228995891181e-21,COMPUTED,True,False,False,False
D0__CAL_R3_K125,D0,125,CAL,R3,59,PA-H__0199,PA 20:0_20:2,PA,0.0028169167622974466,0.0,COMPUTED,True,False,False,False
D0__CAL_R3_K125,D0,125,CAL,R3,60,PA-H__0200,PA 20:0_20:3,PA,1.0787063267748754e-05,,NOT_COMPUTED,False,False,False,False
D0__CAL_R3_K125,D0,125,CAL,R3,61,PA-H__0201,PA 20:0_20:4,PA,2.0671276606223487e-05,,NOT_COMPUTED,False,False,False,False
D0__CAL_R3_K125,D0,125,CAL,R3,62,PA-H__0202,PA 20:0_20:5,PA,0.002483887297232639,4.795200959076887e-07,COMPUTED,True,True,True,True
D0__CAL_R3_K125,D0,125,CAL,R3,63,PA-H__0203,PA 20:0_22:0,PA,0.0010012737431261804,8.595415296307183e-24,COMPUTED,True,False,False,False
D0__CAL_R3_K125,D0,125,CAL,R3,64,PA-H__0204,PA 20:0_22:1,PA,2.107259655871381e-06,,NOT_COMPUTED,False,False,False,False
D0__CAL_R3_K125,D0,125,CAL,R3,65,PA-H__0205,PA 20:0_22:2,PA,1.3084444590723591e-05,,NOT_COMPUTED,False,False,False,False
D0__CAL_R3_K125,D0,125,CAL,R3,66,PA-H__0206,PA 20:0_22:3,PA,0.015957823764700896,4.804645682849542e-06,COMPUTED,True,True,True,True
D0__CAL_R3_K125,D0,125,CAL,R3,67,PA-H__0207,PA 20:0_22:4,PA,0.007349277723396992,3.9638344990214443e-07,COMPUTED,True,True,True,True
D0__CAL_R3_K125,D0,125,CAL,R3,68,PA-H__0208,PA 20:0_22:5,PA,0.001684905634636348,8.633420351512963e-26,COMPUTED,True,False,False,False
D0__CAL_R3_K125,D0,125,CAL,R3,69,PA-H__0209,PA 20:0_22:6,PA,0.010934148504154044,5.370413717238744e-22,COMPUTED,True,False,False,False
D0__CAL_R3_K125,D0,125,CAL,R3,70,PA-H__0217,PA 20:1_20:1,PA,0.021886704298913005,1.31743800040475e-06,COMPUTED,True,True,True,True
D0__CAL_R3_K125,D0,125,CAL,R3,71,PA-H__0218,PA 20:1_20:2,PA,0.0,,NOT_COMPUTED,False,False,False,False
D0__CAL_R3_K125,D0,125,CAL,R3,72,PA-H__0219,PA 20:1_20:3,PA,4.388979040651162e-05,,NOT_COMPUTED,False,False,False,False
D0__CAL_R3_K125,D0,125,CAL,R3,73,PA-H__0220,PA 20:1_20:4,PA,8.898139962399832e-05,,NOT_COMPUTED,False,False,False,False
D0__CAL_R3_K125,D0,125,CAL,R3,74,PA-H__0222,PA 22:0_20:1,PA,2.9873815409331382e-05,,NOT_COMPUTED,False,False,False,False
D0__CAL_R3_K125,D0,125,CAL,R3,75,PA-H__0223,PA 20:1_22:1,PA,1.0167130385929822e-06,,NOT_COMPUTED,False,False,False,False
D0__CAL_R3_K125,D0,125,CAL,R3,76,PA-H__0224,PA 20:1_22:2,PA,0.002229890597902576,2.087845716854704e-26,COMPUTED,True,False,False,False
D0__CAL_R3_K125,D0,125,CAL,R3,77,PA-H__0225,PA 20:1_22:3,PA,0.00013799109790880366,,NOT_COMPUTED,False,False,False,False
D0__CAL_R3_K125,D0,125,CAL,R3,78,PA-H__0226,PA 20:1_22:4,PA,0.0,,NOT_COMPUTED,False,False,False,False
D0__CAL_R3_K125,D0,125,CAL,R3,79,PA-H__0227,PA 20:1_22:5,PA,0.00047015239947004525,,NOT_COMPUTED,False,False,False,False
D0__CAL_R3_K125,D0,125,CAL,R3,80,PA-H__0228,PA 20:1_22:6,PA,0.004442542833083971,3.4349367853815435e-07,COMPUTED,True,True,True,True
D0__CAL_R3_K125,D0,125,CAL,R3,81,PA-H__0236,PA 20:2_20:2,PA,0.0,,NOT_COMPUTED,False,False,False,False
D0__CAL_R3_K125,D0,125,CAL,R3,82,PA-H__0237,PA 20:2_20:3,PA,0.0013961271232940755,0.0,COMPUTED,True,False,False,False
D0__CAL_R3_K125,D0,125,CAL,R3,83,PA-H__0240,PA 22:0_20:2,PA,1.0447904784846775e-05,,NOT_COMPUTED,False,False,False,False
D0__CAL_R3_K125,D0,125,CAL,R3,84,PA-H__0241,PA 22:1_20:2,PA,0.02850386758049627,9.5719108957157e-06,COMPUTED,True,True,True,True
D0__CAL_R3_K125,D0,125,CAL,R3,85,PA-H__0242,PA 20:2_22:2,PA,0.00030536927500672133,,NOT_COMPUTED,False,False,False,False
D0__CAL_R3_K125,D0,125,CAL,R3,86,PA-H__0243,PA 20:2_22:3,PA,1.1347543629263945e-05,,NOT_COMPUTED,False,False,False,False
D0__CAL_R3_K125,D0,125,CAL,R3,87,PA-H__0244,PA 20:2_22:4,PA,2.508792829456178e-07,,NOT_COMPUTED,False,False,False,False
D0__CAL_R3_K125,D0,125,CAL,R3,88,PA-H__0245,PA 20:2_22:5,PA,6.295137396823926e-06,,NOT_COMPUTED,False,False,False,False
D0__CAL_R3_K125,D0,125,CAL,R3,89,PA-H__0246,PA 20:2_22:6,PA,0.0006856485571732143,,NOT_COMPUTED,False,False,False,False
D0__CAL_R3_K125,D0,125,CAL,R3,90,PA-H__0257,PA 22:0_20:3,PA,0.013257687791887664,1.915216071228067e-06,COMPUTED,True,True,True,True
D0__CAL_R3_K125,D0,125,CAL,R3,91,PA-H__0258,PA 22:1_20:3,PA,0.002076212143174539,3.0169454259026433e-22,COMPUTED,True,False,False,False
D0__CAL_R3_K125,D0,125,CAL,R3,92,PA-H__0259,PA 22:2_20:3,PA,0.00026504419386350016,,NOT_COMPUTED,False,False,False,False
D0__CAL_R3_K125,D0,125,CAL,R3,93,PA-H__0260,PA 20:3_22:3,PA,4.901993339219455e-05,,NOT_COMPUTED,False,False,False,False
D0__CAL_R3_K125,D0,125,CAL,R3,94,PA-H__0261,PA 20:3_22:4,PA,8.820647999156177e-06,,NOT_COMPUTED,False,False,False,False
D0__CAL_R3_K125,D0,125,CAL,R3,95,PA-H__0262,PA 20:3_22:5,PA,0.0036281305430568107,2.666359492497569e-26,COMPUTED,True,False,False,False
D0__CAL_R3_K125,D0,125,CAL,R3,96,PA-H__0263,PA 20:3_22:6,PA,0.012775883956594942,1.7082854096978475e-05,COMPUTED,True,True,True,True
D0__CAL_R3_K125,D0,125,CAL,R3,97,PA-H__0270,PA 20:3_24:6,PA,0.005015030245511917,0.0,COMPUTED,True,False,False,False
D0__CAL_R3_K125,D0,125,CAL,R3,98,PA-H__0273,PA 22:0_20:4,PA,0.0018755035998587082,0.0,COMPUTED,True,False,False,False
D0__CAL_R3_K125,D0,125,CAL,R3,99,PA-H__0274,PA 22:1_20:4,PA,0.0014827265617638767,0.0,COMPUTED,True,False,False,False
D0__CAL_R3_K125,D0,125,CAL,R3,100,PA-H__0275,PA 22:2_20:4,PA,0.0005167707114497699,,NOT_COMPUTED,False,False,False,False
D0__CAL_R3_K125,D0,125,CAL,R3,101,PA-H__0276,PA 22:3_20:4,PA,1.952112840617027e-05,,NOT_COMPUTED,False,False,False,False
D0__CAL_R3_K125,D0,125,CAL,R3,102,PA-H__0277,PA 20:4_22:4,PA,0.0,,NOT_COMPUTED,False,False,False,False
D0__CAL_R3_K125,D0,125,CAL,R3,103,PA-H__0278,PA 20:4_22:5,PA,1.1868221195037302e-05,,NOT_COMPUTED,False,False,False,False
D0__CAL_R3_K125,D0,125,CAL,R3,104,PA-H__0279,PA 20:4_22:6,PA,0.002968322395970131,6.75831525291396e-23,COMPUTED,True,False,False,False
D0__CAL_R3_K125,D0,125,CAL,R3,105,PA-H__0285,PA 20:4_24:5,PA,2.844597960968186e-05,,NOT_COMPUTED,False,False,False,False
D0__CAL_R3_K125,D0,125,CAL,R3,106,PA-H__0286,PA 20:4_24:6,PA,1.5136453701558557e-05,,NOT_COMPUTED,False,False,False,False
D0__CAL_R3_K125,D0,125,CAL,R3,107,PA-H__0288,PA 22:0_20:5,PA,0.0019756174418305555,4.1050962472891655e-30,COMPUTED,True,False,False,False
D0__CAL_R3_K125,D0,125,CAL,R3,108,PA-H__0289,PA 22:1_20:5,PA,0.002224232725293558,7.940685238724342e-27,COMPUTED,True,False,False,False
D0__CAL_R3_K125,D0,125,CAL,R3,109,PA-H__0290,PA 22:2_20:5,PA,1.540900283833444e-06,,NOT_COMPUTED,False,False,False,False
D0__CAL_R3_K125,D0,125,CAL,R3,110,PA-H__0291,PA 22:3_20:5,PA,2.499667008408023e-05,,NOT_COMPUTED,False,False,False,False
D0__CAL_R3_K125,D0,125,CAL,R3,111,PA-H__0292,PA 22:4_20:5,PA,0.005027914590769401,9.192161816120512e-22,COMPUTED,True,False,False,False
D0__CAL_R3_K125,D0,125,CAL,R3,112,PA-H__0293,PA 20:5_22:5,PA,0.004805097743432884,4.839928700745627e-06,COMPUTED,True,True,True,True
D0__CAL_R3_K125,D0,125,CAL,R3,113,PA-H__0294,PA 20:5_22:6,PA,0.006211701322966715,3.800224322277966e-22,COMPUTED,True,False,False,False
D0__CAL_R3_K125,D0,125,CAL,R3,114,PA-H__0299,PA 24:4_20:5,PA,9.215858078652632e-05,,NOT_COMPUTED,False,False,False,False
D0__CAL_R3_K125,D0,125,CAL,R3,115,PA-H__0300,PA 20:5_24:5,PA,0.0019910224937653015,1.0192495528992144e-22,COMPUTED,True,False,False,False
D0__CAL_R3_K125,D0,125,CAL,R3,116,PA-H__0301,PA 20:5_24:6,PA,0.007186535685571013,5.305115778042024e-06,COMPUTED,True,True,True,True
D0__CAL_R3_K125,D0,125,CAL,R3,117,PA-H__0344,PA 22:3_22:6,PA,0.0008589118512734654,,NOT_COMPUTED,False,False,False,False
D0__CAL_R3_K125,D0,125,CAL,R3,118,PA-H__0353,PA 22:4_22:5,PA,0.0,,NOT_COMPUTED,False,False,False,False
D0__CAL_R3_K125,D0,125,CAL,R3,119,PA-H__0354,PA 22:4_22:6,PA,0.0003580045254067623,,NOT_COMPUTED,False,False,False,False
D0__CAL_R3_K125,D0,125,CAL,R3,120,PA-H__0362,PA 22:5_22:5,PA,0.0014167873631571134,0.0,COMPUTED,True,False,False,False
D0__CAL_R3_K125,D0,125,CAL,R3,121,PA-H__0363,PA 22:5_22:6,PA,0.0015475586069045816,1.033269613113768e-26,COMPUTED,True,False,False,False
D0__CAL_R3_K125,D0,125,CAL,R3,122,PA-H__0371,PA 22:6_22:6,PA,0.008369021120662236,4.309852945717786e-06,COMPUTED,True,True,True,True
D0__CAL_R3_K125,D0,125,CAL,R3,123,PA-H__0472,PA 17:0_24:4,PA,8.33753439228132e-06,,NOT_COMPUTED,False,False,False,False
D0__CAL_R3_K125,D0,125,CAL,R3,124,PA-H__0494,PA 17:1_24:4,PA,0.0,,NOT_COMPUTED,False,False,False,False
D0__CAL_R3_K125,D0,125,CAL,R3,125,PS-H__0015,PS 12:0_22:0,PS,0.00024350968358466922,,NOT_COMPUTED,False,False,False,False
D0__CAL_R3_K125,D0,125,CAL,R3,126,PS-H__0016,PS 12:0_22:1,PS,0.0,,NOT_COMPUTED,False,False,False,False
D0__CAL_R3_K125,D0,125,CAL,R3,127,PS-H__0017,PS 12:0_22:2,PS,0.00015905398441817248,,NOT_COMPUTED,False,False,False,False
D0__CAL_R3_K125,D0,125,CAL,R3,128,PS-H__0018,PS 12:0_22:3,PS,4.177373197988685e-09,,NOT_COMPUTED,False,False,False,False
D0__CAL_R3_K125,D0,125,CAL,R3,129,PS-H__0019,PS 12:0_22:4,PS,0.0,,NOT_COMPUTED,False,False,False,False
D0__CAL_R3_K125,D0,125,CAL,R3,130,PS-H__0020,PS 12:0_22:5,PS,2.0058103773855587e-08,,NOT_COMPUTED,False,False,False,False
D0__CAL_R3_K125,D0,125,CAL,R3,131,PS-H__0021,PS 12:0_22:6,PS,5.433035147861338e-08,,NOT_COMPUTED,False,False,False,False
D0__CAL_R3_K125,D0,125,CAL,R3,132,PS-H__0022,PS 12:0_24:0,PS,0.0002423506937131761,,NOT_COMPUTED,False,False,False,False
D0__CAL_R3_K125,D0,125,CAL,R3,133,PS-H__0023,PS 12:0_24:1,PS,0.0,,NOT_COMPUTED,False,False,False,False
D0__CAL_R3_K125,D0,125,CAL,R3,134,PS-H__0024,PS 12:0_24:2,PS,0.0,,NOT_COMPUTED,False,False,False,False
D0__CAL_R3_K125,D0,125,CAL,R3,135,PS-H__0025,PS 12:0_24:3,PS,0.007492426680366514,2.8719741153297648e-06,COMPUTED,True,True,True,True
D0__CAL_R3_K125,D0,125,CAL,R3,136,PS-H__0026,PS 12:0_24:4,PS,0.01787160811066009,9.028277246018712e-06,COMPUTED,True,True,True,True
D0__CAL_R3_K125,D0,125,CAL,R3,137,PS-H__0027,PS 12:0_24:5,PS,0.009026135591256174,4.825264584557635e-22,COMPUTED,True,False,False,False
D0__CAL_R3_K125,D0,125,CAL,R3,138,PS-H__0028,PS 12:0_24:6,PS,0.00020952875359020047,,NOT_COMPUTED,False,False,False,False
D0__CAL_R3_K125,D0,125,CAL,R3,139,PS-H__0036,PS 14:0_20:0,PS,3.734040392153334e-06,,NOT_COMPUTED,False,False,False,False
D0__CAL_R3_K125,D0,125,CAL,R3,140,PS-H__0037,PS 14:0_20:1,PS,2.893306850498336e-08,,NOT_COMPUTED,False,False,False,False
D0__CAL_R3_K125,D0,125,CAL,R3,141,PS-H__0038,PS 14:0_20:2,PS,1.1255032003216366e-05,,NOT_COMPUTED,False,False,False,False
D0__CAL_R3_K125,D0,125,CAL,R3,142,PS-H__0039,PS 14:0_20:3,PS,1.9956368088177442e-08,,NOT_COMPUTED,False,False,False,False
D0__CAL_R3_K125,D0,125,CAL,R3,143,PS-H__0040,PS 14:0_20:4,PS,0.0,,NOT_COMPUTED,False,False,False,False
D0__CAL_R3_K125,D0,125,CAL,R3,144,PS-H__0041,PS 14:0_20:5,PS,0.0,,NOT_COMPUTED,False,False,False,False
D0__CAL_R3_K125,D0,125,CAL,R3,145,PS-H__0042,PS 14:0_22:0,PS,0.00010246466809548868,,NOT_COMPUTED,False,False,False,False
D0__CAL_R3_K125,D0,125,CAL,R3,146,PS-H__0043,PS 14:0_22:1,PS,1.2330192905170856e-06,,NOT_COMPUTED,False,False,False,False
D0__CAL_R3_K125,D0,125,CAL,R3,147,PS-H__0044,PS 14:0_22:2,PS,0.0,,NOT_COMPUTED,False,False,False,False
D0__CAL_R3_K125,D0,125,CAL,R3,148,PS-H__0045,PS 14:0_22:3,PS,0.0010265197280606663,0.0,COMPUTED,True,False,False,False
D0__CAL_R3_K125,D0,125,CAL,R3,149,PS-H__0046,PS 14:0_22:4,PS,3.856320880505974e-06,,NOT_COMPUTED,False,False,False,False
D0__CAL_R3_K125,D0,125,CAL,R3,150,PS-H__0047,PS 14:0_22:5,PS,2.276501465428148e-05,,NOT_COMPUTED,False,False,False,False
D0__CAL_R3_K125,D0,125,CAL,R3,151,PS-H__0048,PS 14:0_22:6,PS,0.0002453025507316241,,NOT_COMPUTED,False,False,False,False
D0__CAL_R3_K125,D0,125,CAL,R3,152,PS-H__0058,PS 16:0_18:0,PS,0.015645690101139614,4.6142709082641365e-05,COMPUTED,True,True,True,True
D0__CAL_R3_K125,D0,125,CAL,R3,153,PS-H__0059,PS 16:0_18:1,PS,0.0,,NOT_COMPUTED,False,False,False,False
D0__CAL_R3_K125,D0,125,CAL,R3,154,PS-H__0060,PS 16:0_18:2,PS,0.0001895448060104759,,NOT_COMPUTED,False,False,False,False
D0__CAL_R3_K125,D0,125,CAL,R3,155,PS-H__0061,PS 16:0_18:3,PS,2.41375991022637e-05,,NOT_COMPUTED,False,False,False,False
D0__CAL_R3_K125,D0,125,CAL,R3,156,PS-H__0062,PS 16:0_20:0,PS,4.117726260443095e-06,,NOT_COMPUTED,False,False,False,False
D0__CAL_R3_K125,D0,125,CAL,R3,157,PS-H__0063,PS 16:0_20:1,PS,0.0,,NOT_COMPUTED,False,False,False,False
D0__CAL_R3_K125,D0,125,CAL,R3,158,PS-H__0064,PS 16:0_20:2,PS,0.0,,NOT_COMPUTED,False,False,False,False
D0__CAL_R3_K125,D0,125,CAL,R3,159,PS-H__0065,PS 16:0_20:3,PS,0.002803023866394878,5.848399731138961e-22,COMPUTED,True,False,False,False
D0__CAL_R3_K125,D0,125,CAL,R3,160,PS-H__0066,PS 16:0_20:4,PS,0.012707516446435365,1.1015023574537813e-06,COMPUTED,True,True,True,True
D0__CAL_R3_K125,D0,125,CAL,R3,161,PS-H__0067,PS 16:0_20:5,PS,0.01636235680659636,5.908793779650711e-06,COMPUTED,True,True,True,True
D0__CAL_R3_K125,D0,125,CAL,R3,162,PS-H__0083,PS 18:0_16:1,PS,0.0,,NOT_COMPUTED,False,False,False,False
D0__CAL_R3_K125,D0,125,CAL,R3,163,PS-H__0084,PS 16:1_18:1,PS,0.001253440161638082,0.0,COMPUTED,True,False,False,False
D0__CAL_R3_K125,D0,125,CAL,R3,164,PS-H__0085,PS 16:1_18:2,PS,0.0,,NOT_COMPUTED,False,False,False,False
D0__CAL_R3_K125,D0,125,CAL,R3,165,PS-H__0086,PS 16:1_18:3,PS,0.0,,NOT_COMPUTED,False,False,False,False
D0__CAL_R3_K125,D0,125,CAL,R3,166,PS-H__0087,PS 20:0_16:1,PS,0.0,,NOT_COMPUTED,False,False,False,False
D0__CAL_R3_K125,D0,125,CAL,R3,167,PS-H__0088,PS 16:1_20:1,PS,0.0,,NOT_COMPUTED,False,False,False,False
D0__CAL_R3_K125,D0,125,CAL,R3,168,PS-H__0089,PS 16:1_20:2,PS,0.0004989990928770957,,NOT_COMPUTED,False,False,False,False
D0__CAL_R3_K125,D0,125,CAL,R3,169,PS-H__0090,PS 16:1_20:3,PS,0.00505115526812185,1.5521150400274107e-26,COMPUTED,True,False,False,False
D0__CAL_R3_K125,D0,125,CAL,R3,170,PS-H__0091,PS 16:1_20:4,PS,0.005480909830727645,2.2062132760486583e-06,COMPUTED,True,True,True,True
D0__CAL_R3_K125,D0,125,CAL,R3,171,PS-H__0092,PS 16:1_20:5,PS,0.0011429387949464772,0.0,COMPUTED,True,False,False,False
D0__CAL_R3_K125,D0,125,CAL,R3,172,PS-H__0107,PS 18:0_18:0,PS,0.0,,NOT_COMPUTED,False,False,False,False
D0__CAL_R3_K125,D0,125,CAL,R3,173,PS-H__0108,PS 18:0_18:1,PS,6.52756313100806e-06,,NOT_COMPUTED,False,False,False,False
D0__CAL_R3_K125,D0,125,CAL,R3,174,PS-H__0109,PS 18:0_18:2,PS,0.0,,NOT_COMPUTED,False,False,False,False
D0__CAL_R3_K125,D0,125,CAL,R3,175,PS-H__0110,PS 18:0_18:3,PS,0.03628870525568565,5.612279790982196e-05,COMPUTED,True,True,True,True
D0__CAL_R3_K125,D0,125,CAL,R3,176,PS-H__0131,PS 18:1_18:1,PS,0.00017121519638089232,,NOT_COMPUTED,False,False,False,False
D0__CAL_R3_K125,D0,125,CAL,R3,177,PS-H__0132,PS 18:1_18:2,PS,0.0015247684994382114,1.274646801942441e-22,COMPUTED,True,False,False,False
D0__CAL_R3_K125,D0,125,CAL,R3,178,PS-H__0133,PS 18:1_18:3,PS,9.539159040336604e-05,,NOT_COMPUTED,False,False,False,False
D0__CAL_R3_K125,D0,125,CAL,R3,179,PS-H__0154,PS 18:2_18:2,PS,0.002171141775224618,0.0,COMPUTED,True,False,False,False
D0__CAL_R3_K125,D0,125,CAL,R3,180,PS-H__0155,PS 18:2_18:3,PS,0.028357510864712672,0.0005310154774843406,COMPUTED,True,True,True,True
D0__CAL_R3_K125,D0,125,CAL,R3,181,PS-H__0176,PS 18:3_18:3,PS,0.016072737119892246,4.381909080221727e-06,COMPUTED,True,True,True,True
D0__CAL_R3_K125,D0,125,CAL,R3,182,PS-H__0415,PS 13:0_20:0,PS,5.248912369306651e-06,,NOT_COMPUTED,False,False,False,False
D0__CAL_R3_K125,D0,125,CAL,R3,183,PS-H__0421,PS 13:0_22:0,PS,6.593967817293034e-05,,NOT_COMPUTED,False,False,False,False
D0__CAL_R3_K125,D0,125,CAL,R3,184,PS-H__0422,PS 13:0_22:1,PS,4.20378153075701e-05,,NOT_COMPUTED,False,False,False,False
D0__CAL_R3_K125,D0,125,CAL,R3,185,PS-H__0423,PS 13:0_22:2,PS,0.0,,NOT_COMPUTED,False,False,False,False
D0__CAL_R3_K125,D0,125,CAL,R3,186,PS-H__0424,PS 13:0_22:3,PS,6.136741032713952e-08,,NOT_COMPUTED,False,False,False,False
D0__CAL_R3_K125,D0,125,CAL,R3,187,PS-H__0425,PS 13:0_22:4,PS,0.00032408196384131285,,NOT_COMPUTED,False,False,False,False
D0__CAL_R3_K125,D0,125,CAL,R3,188,PS-H__0426,PS 13:0_22:5,PS,0.02841141461850259,0.00024084189433151975,COMPUTED,True,True,True,True
D0__CAL_R3_K125,D0,125,CAL,R3,189,PS-H__0427,PS 13:0_22:6,PS,0.0,,NOT_COMPUTED,False,False,False,False
D0__CAL_R3_K125,D0,125,CAL,R3,190,PS-H__0428,PS 13:0_24:4,PS,0.001864326688532508,1.6286445782786837e-27,COMPUTED,True,False,False,False
D0__CAL_R3_K125,D0,125,CAL,R3,191,PS-H__0433,PS 15:0_18:0,PS,0.0,,NOT_COMPUTED,False,False,False,False
D0__CAL_R3_K125,D0,125,CAL,R3,192,PS-H__0437,PS 15:0_20:0,PS,1.146269475084971e-05,,NOT_COMPUTED,False,False,False,False
D0__CAL_R3_K125,D0,125,CAL,R3,193,PS-H__0438,PS 15:0_20:1,PS,0.0009222341196259183,,NOT_COMPUTED,False,False,False,False
D0__CAL_R3_K125,D0,125,CAL,R3,194,PS-H__0439,PS 15:0_20:2,PS,0.0,,NOT_COMPUTED,False,False,False,False
D0__CAL_R3_K125,D0,125,CAL,R3,195,PS-H__0440,PS 15:0_20:3,PS,0.0,,NOT_COMPUTED,False,False,False,False
D0__CAL_R3_K125,D0,125,CAL,R3,196,PS-H__0441,PS 15:0_20:4,PS,0.00029549702062680135,,NOT_COMPUTED,False,False,False,False
D0__CAL_R3_K125,D0,125,CAL,R3,197,PS-H__0442,PS 15:0_20:5,PS,0.0023130579153396295,2.491781679422837e-26,COMPUTED,True,False,False,False
D0__CAL_R3_K125,D0,125,CAL,R3,198,PS-H__0447,PS 15:0_22:4,PS,7.15267917928098e-05,,NOT_COMPUTED,False,False,False,False
D0__CAL_R3_K125,D0,125,CAL,R3,199,PS-H__0448,PS 15:0_22:5,PS,0.007839727403496505,1.5384273893772985e-05,COMPUTED,True,True,True,True
D0__CAL_R3_K125,D0,125,CAL,R3,200,PS-H__0449,PS 15:0_22:6,PS,0.001517774104524111,9.982763308942578e-27,COMPUTED,True,False,False,False
D0__CAL_R3_K125,D0,125,CAL,R3,201,PS-H__0453,PS 16:0_17:0,PS,4.638961179276862e-06,,NOT_COMPUTED,False,False,False,False
D0__CAL_R3_K125,D0,125,CAL,R3,202,PS-H__0455,PS 17:0_18:0,PS,0.0,,NOT_COMPUTED,False,False,False,False
D0__CAL_R3_K125,D0,125,CAL,R3,203,PS-H__0456,PS 17:0_18:1,PS,0.009953381215705832,2.8282995281482397e-05,COMPUTED,True,True,True,True
D0__CAL_R3_K125,D0,125,CAL,R3,204,PS-H__0457,PS 17:0_18:2,PS,0.0,,NOT_COMPUTED,False,False,False,False
D0__CAL_R3_K125,D0,125,CAL,R3,205,PS-H__0458,PS 17:0_18:3,PS,6.065247494300154e-06,,NOT_COMPUTED,False,False,False,False
D0__CAL_R3_K125,D0,125,CAL,R3,206,PS-H__0463,PS 17:0_20:4,PS,0.031024382313072005,0.00028579429955598827,COMPUTED,True,True,True,True
D0__CAL_R3_K125,D0,125,CAL,R3,207,PS-H__0464,PS 17:0_20:5,PS,0.0044300530063559815,0.0,COMPUTED,True,False,False,False
D0__CAL_R3_K125,D0,125,CAL,R3,208,PS-H__0477,PS 18:0_17:1,PS,4.250364854947447e-05,,NOT_COMPUTED,False,False,False,False
D0__CAL_R3_K125,D0,125,CAL,R3,209,PS-H__0478,PS 17:1_18:1,PS,4.6545022214680374e-05,,NOT_COMPUTED,False,False,False,False
D0__CAL_R3_K125,D0,125,CAL,R3,210,PS-H__0479,PS 17:1_18:2,PS,7.280803731823612e-07,,NOT_COMPUTED,False,False,False,False
D0__CAL_R3_K125,D0,125,CAL,R3,211,PS-H__0480,PS 17:1_18:3,PS,0.009104707947861114,7.011062480793928e-05,COMPUTED,True,True,True,True
D0__CAL_R3_K125,D0,125,CAL,R3,212,PS-H__0484,PS 17:1_20:3,PS,0.0005952808063157631,,NOT_COMPUTED,False,False,False,False
D0__CAL_R3_K125,D0,125,CAL,R3,213,PS-H__0485,PS 17:1_20:4,PS,0.013253212650820117,1.89684772328304e-05,COMPUTED,True,True,True,True
D0__CAL_R3_K125,D0,125,CAL,R3,214,PS-H__0486,PS 17:1_20:5,PS,0.02919516261441349,0.00046711870398094676,COMPUTED,True,True,True,True
D0__CAL_R3_K125,D0,125,CAL,R3,215,PS-H__0502,PS 17:0_17:0,PS,0.0009003131086719899,,NOT_COMPUTED,False,False,False,False
D0__CAL_R3_K125,D0,125,CAL,R3,216,PS-H__0503,PS 17:0_17:1,PS,2.4803945574980704e-05,,NOT_COMPUTED,False,False,False,False
D0__CAL_R3_K125,D0,125,CAL,R3,217,PS-H__0504,PS 17:1_17:1,PS,0.0276742083593864,0.00021463741907906726,COMPUTED,True,True,True,True
D0__CAL_R3_K125,D0,125,CAL,R3,218,PE-H__0049,PE 14:0_24:0,PE,0.005343528575843743,7.730756763023834e-07,COMPUTED,True,True,True,True
D0__CAL_R3_K125,D0,125,CAL,R3,219,PE-H__0050,PE 14:0_24:1,PE,0.0011838540893440697,0.0,COMPUTED,True,False,False,False
D0__CAL_R3_K125,D0,125,CAL,R3,220,PE-H__0051,PE 14:0_24:2,PE,0.0034094195086952564,4.571026927621556e-07,COMPUTED,True,True,True,True
D0__CAL_R3_K125,D0,125,CAL,R3,221,PE-H__0052,PE 14:0_24:3,PE,0.0024202848571622526,3.546819942174657e-07,COMPUTED,True,True,True,True
D0__CAL_R3_K125,D0,125,CAL,R3,222,PE-H__0053,PE 14:0_24:4,PE,0.0014677885158484905,0.0,COMPUTED,True,False,False,False
D0__CAL_R3_K125,D0,125,CAL,R3,223,PE-H__0054,PE 14:0_24:5,PE,0.002047173313328336,2.5660510521831806e-22,COMPUTED,True,False,False,False
D0__CAL_R3_K125,D0,125,CAL,R3,224,PE-H__0055,PE 14:0_24:6,PE,0.001958808540995659,9.701513068755718e-29,COMPUTED,True,False,False,False
D0__CAL_R3_K125,D0,125,CAL,R3,225,PE-H__0068,PE 16:0_22:0,PE,0.00044424851761209875,,NOT_COMPUTED,False,False,False,False
D0__CAL_R3_K125,D0,125,CAL,R3,226,PE-H__0069,PE 16:0_22:1,PE,0.003989535894006496,7.881843002723553e-23,COMPUTED,True,False,False,False
D0__CAL_R3_K125,D0,125,CAL,R3,227,PE-H__0070,PE 16:0_22:2,PE,0.001431746239486526,0.0,COMPUTED,True,False,False,False
D0__CAL_R3_K125,D0,125,CAL,R3,228,PE-H__0071,PE 16:0_22:3,PE,0.0005327987117234348,,NOT_COMPUTED,False,False,False,False
D0__CAL_R3_K125,D0,125,CAL,R3,229,PE-H__0072,PE 16:0_22:4,PE,0.0027663178850543813,0.0,COMPUTED,True,False,False,False
D0__CAL_R3_K125,D0,125,CAL,R3,230,PE-H__0073,PE 16:0_22:5,PE,0.015451785364613176,2.1540075993084464e-06,COMPUTED,True,True,True,True
D0__CAL_R3_K125,D0,125,CAL,R3,231,PE-H__0074,PE 16:0_22:6,PE,0.0008564258553964264,,NOT_COMPUTED,False,False,False,False
D0__CAL_R3_K125,D0,125,CAL,R3,232,PE-H__0078,PE 16:0_24:3,PE,0.00294495307278184,0.0,COMPUTED,True,False,False,False
D0__CAL_R3_K125,D0,125,CAL,R3,233,PE-H__0079,PE 16:0_24:4,PE,1.071915745260101e-05,,NOT_COMPUTED,False,False,False,False
D0__CAL_R3_K125,D0,125,CAL,R3,234,PE-H__0080,PE 16:0_24:5,PE,0.0019015840086812027,0.0,COMPUTED,True,False,False,False
D0__CAL_R3_K125,D0,125,CAL,R3,235,PE-H__0081,PE 16:0_24:6,PE,4.720694990921528e-05,,NOT_COMPUTED,False,False,False,False
D0__CAL_R3_K125,D0,125,CAL,R3,236,PE-H__0093,PE 22:0_16:1,PE,0.004119113595356545,0.0,COMPUTED,True,False,False,False
D0__CAL_R3_K125,D0,125,CAL,R3,237,PE-H__0094,PE 16:1_22:1,PE,0.00715953861478328,2.032222534298685e-07,COMPUTED,True,True,True,True
D0__CAL_R3_K125,D0,125,CAL,R3,238,PE-H__0095,PE 16:1_22:2,PE,0.0013667163980016664,0.0,COMPUTED,True,False,False,False
D0__CAL_R3_K125,D0,125,CAL,R3,239,PE-H__0096,PE 16:1_22:3,PE,0.007870407611958006,0.0,COMPUTED,True,False,False,False
D0__CAL_R3_K125,D0,125,CAL,R3,240,PE-H__0097,PE 16:1_22:4,PE,0.012110619499464667,2.2782027121459176e-07,COMPUTED,True,True,True,True
D0__CAL_R3_K125,D0,125,CAL,R3,241,PE-H__0098,PE 16:1_22:5,PE,0.0018500216736811173,0.0,COMPUTED,True,False,False,False
D0__CAL_R3_K125,D0,125,CAL,R3,242,PE-H__0099,PE 16:1_22:6,PE,0.0009534313209420427,,NOT_COMPUTED,False,False,False,False
D0__CAL_R3_K125,D0,125,CAL,R3,243,PE-H__0102,PE 16:1_24:2,PE,0.002140063514118782,6.650181284668412e-24,COMPUTED,True,False,False,False
D0__CAL_R3_K125,D0,125,CAL,R3,244,PE-H__0103,PE 16:1_24:3,PE,0.0027093095335713395,3.094175439125454e-28,COMPUTED,True,False,False,False
D0__CAL_R3_K125,D0,125,CAL,R3,245,PE-H__0104,PE 16:1_24:4,PE,8.6257571413668e-07,,NOT_COMPUTED,False,False,False,False
D0__CAL_R3_K125,D0,125,CAL,R3,246,PE-H__0105,PE 16:1_24:5,PE,0.0056221288804679005,0.0,COMPUTED,True,False,False,False
D0__CAL_R3_K125,D0,125,CAL,R3,247,PE-H__0106,PE 16:1_24:6,PE,0.0002049038292373768,,NOT_COMPUTED,False,False,False,False
D0__CAL_R3_K125,D0,125,CAL,R3,248,PE-H__0111,PE 18:0_20:0,PE,0.001293342428330362,1.2629471337081016e-23,COMPUTED,True,False,False,False
D0__CAL_R3_K125,D0,125,CAL,R3,249,PE-H__0112,PE 18:0_20:1,PE,0.001958163976668305,4.433075348270136e-25,COMPUTED,True,False,False,False
D0__CAL_R3_K125,D0,125,CAL,R3,250,PE-H__0113,PE 18:0_20:2,PE,0.0014665686010158334,4.552710324975738e-30,COMPUTED,True,False,False,False
D0__CAL_R3_K125,D0,125,CAL,R3,251,PE-H__0114,PE 18:0_20:3,PE,0.0027904769575848422,6.1715536984499055e-27,COMPUTED,True,False,False,False
D0__CAL_R3_K125,D0,125,CAL,R3,252,PE-H__0115,PE 18:0_20:4,PE,7.251360819890883e-05,,NOT_COMPUTED,False,False,False,False
D0__CAL_R3_K125,D0,125,CAL,R3,253,PE-H__0116,PE 18:0_20:5,PE,0.0008628606876362549,,NOT_COMPUTED,False,False,False,False
D0__CAL_R3_K125,D0,125,CAL,R3,254,PE-H__0120,PE 18:0_22:3,PE,0.006027658249688108,0.0,COMPUTED,True,False,False,False
D0__CAL_R3_K125,D0,125,CAL,R3,255,PE-H__0121,PE 18:0_22:4,PE,0.004169185261685617,1.9816806764912185e-26,COMPUTED,True,False,False,False
D0__CAL_R3_K125,D0,125,CAL,R3,256,PE-H__0122,PE 18:0_22:5,PE,0.0011706340865077034,8.959608231526365e-08,COMPUTED,True,True,True,True
D0__CAL_R3_K125,D0,125,CAL,R3,257,PE-H__0123,PE 18:0_22:6,PE,2.2221463307156675e-06,,NOT_COMPUTED,False,False,False,False
D0__CAL_R3_K125,D0,125,CAL,R3,258,PE-H__0134,PE 20:0_18:1,PE,0.004682314628843156,3.5885104670638783e-07,COMPUTED,True,True,True,True
D0__CAL_R3_K125,D0,125,CAL,R3,259,PE-H__0135,PE 18:1_20:1,PE,0.0015789950443865796,2.5897455461555137e-29,COMPUTED,True,False,False,False
D0__CAL_R3_K125,D0,125,CAL,R3,260,PE-H__0136,PE 18:1_20:2,PE,1.8856164177498094e-06,,NOT_COMPUTED,False,False,False,False
D0__CAL_R3_K125,D0,125,CAL,R3,261,PE-H__0137,PE 18:1_20:3,PE,0.00013146562981170468,,NOT_COMPUTED,False,False,False,False
D0__CAL_R3_K125,D0,125,CAL,R3,262,PE-H__0138,PE 18:1_20:4,PE,0.005626912747661222,2.538328005072476e-26,COMPUTED,True,False,False,False
D0__CAL_R3_K125,D0,125,CAL,R3,263,PE-H__0139,PE 18:1_20:5,PE,9.697350252787513e-06,,NOT_COMPUTED,False,False,False,False
D0__CAL_R3_K125,D0,125,CAL,R3,264,PE-H__0142,PE 18:1_22:2,PE,0.001981392760971622,0.0,COMPUTED,True,False,False,False
D0__CAL_R3_K125,D0,125,CAL,R3,265,PE-H__0143,PE 18:1_22:3,PE,0.002969716745804946,1.2819838552434463e-23,COMPUTED,True,False,False,False
D0__CAL_R3_K125,D0,125,CAL,R3,266,PE-H__0144,PE 18:1_22:4,PE,0.016528668022033382,0.0,COMPUTED,True,False,False,False
D0__CAL_R3_K125,D0,125,CAL,R3,267,PE-H__0145,PE 18:1_22:5,PE,0.006414145060187062,2.629659893550177e-23,COMPUTED,True,False,False,False
D0__CAL_R3_K125,D0,125,CAL,R3,268,PE-H__0146,PE 18:1_22:6,PE,0.013680211517734651,3.927011025330247e-06,COMPUTED,True,True,True,True
D0__CAL_R3_K125,D0,125,CAL,R3,269,PE-H__0156,PE 20:0_18:2,PE,0.0019317633258178959,0.0,COMPUTED,True,False,False,False
D0__CAL_R3_K125,D0,125,CAL,R3,270,PE-H__0157,PE 20:1_18:2,PE,1.0414683701911103e-06,,NOT_COMPUTED,False,False,False,False
D0__CAL_R3_K125,D0,125,CAL,R3,271,PE-H__0158,PE 18:2_20:2,PE,1.718099816883635e-05,,NOT_COMPUTED,False,False,False,False
D0__CAL_R3_K125,D0,125,CAL,R3,272,PE-H__0159,PE 18:2_20:3,PE,0.00011069535676252094,,NOT_COMPUTED,False,False,False,False
D0__CAL_R3_K125,D0,125,CAL,R3,273,PE-H__0160,PE 18:2_20:4,PE,0.0007032513831689481,,NOT_COMPUTED,False,False,False,False
D0__CAL_R3_K125,D0,125,CAL,R3,274,PE-H__0161,PE 18:2_20:5,PE,3.60531728318357e-06,,NOT_COMPUTED,False,False,False,False
D0__CAL_R3_K125,D0,125,CAL,R3,275,PE-H__0163,PE 22:1_18:2,PE,0.021392096072451544,1.5615917343894784e-05,COMPUTED,True,True,True,True
D0__CAL_R3_K125,D0,125,CAL,R3,276,PE-H__0164,PE 18:2_22:2,PE,6.887986984710913e-06,,NOT_COMPUTED,False,False,False,False
D0__CAL_R3_K125,D0,125,CAL,R3,277,PE-H__0165,PE 18:2_22:3,PE,2.067545115570044e-05,,NOT_COMPUTED,False,False,False,False
D0__CAL_R3_K125,D0,125,CAL,R3,278,PE-H__0166,PE 18:2_22:4,PE,0.0010925057676689786,3.150131830980338e-08,COMPUTED,True,True,True,True
D0__CAL_R3_K125,D0,125,CAL,R3,279,PE-H__0167,PE 18:2_22:5,PE,0.004700243716644532,0.0,COMPUTED,True,False,False,False
D0__CAL_R3_K125,D0,125,CAL,R3,280,PE-H__0168,PE 18:2_22:6,PE,0.007606360962809865,5.624929444774822e-27,COMPUTED,True,False,False,False
D0__CAL_R3_K125,D0,125,CAL,R3,281,PE-H__0177,PE 20:0_18:3,PE,0.0014647324513190913,0.0,COMPUTED,True,False,False,False
D0__CAL_R3_K125,D0,125,CAL,R3,282,PE-H__0178,PE 20:1_18:3,PE,2.867451972417958e-05,,NOT_COMPUTED,False,False,False,False
D0__CAL_R3_K125,D0,125,CAL,R3,283,PE-H__0179,PE 20:2_18:3,PE,0.008065744629547112,3.137843218232943e-07,COMPUTED,True,True,True,True
D0__CAL_R3_K125,D0,125,CAL,R3,284,PE-H__0180,PE 18:3_20:3,PE,0.0022481692931248256,0.0,COMPUTED,True,False,False,False
D0__CAL_R3_K125,D0,125,CAL,R3,285,PE-H__0181,PE 18:3_20:4,PE,3.542420563187717e-05,,NOT_COMPUTED,False,False,False,False
D0__CAL_R3_K125,D0,125,CAL,R3,286,PE-H__0182,PE 18:3_20:5,PE,1.2901804126728972e-06,,NOT_COMPUTED,False,False,False,False
D0__CAL_R3_K125,D0,125,CAL,R3,287,PE-H__0183,PE 22:0_18:3,PE,0.006869174962788787,0.0,COMPUTED,True,False,False,False
D0__CAL_R3_K125,D0,125,CAL,R3,288,PE-H__0184,PE 22:1_18:3,PE,0.0034123561277185324,5.853166385762686e-07,COMPUTED,True,True,True,True
D0__CAL_R3_K125,D0,125,CAL,R3,289,PE-H__0185,PE 22:2_18:3,PE,0.002026629645528873,2.1408113110086387e-23,COMPUTED,True,False,False,False
D0__CAL_R3_K125,D0,125,CAL,R3,290,PE-H__0186,PE 18:3_22:3,PE,0.03002890407760972,6.624162905267179e-06,COMPUTED,True,True,True,True
D0__CAL_R3_K125,D0,125,CAL,R3,291,PE-H__0187,PE 18:3_22:4,PE,0.0012287566128936225,9.288472426718753e-24,COMPUTED,True,False,False,False
D0__CAL_R3_K125,D0,125,CAL,R3,292,PE-H__0188,PE 18:3_22:5,PE,0.003769275099550821,2.322758753844143e-23,COMPUTED,True,False,False,False
D0__CAL_R3_K125,D0,125,CAL,R3,293,PE-H__0189,PE 18:3_22:6,PE,0.007115450104197452,5.475258989939014e-07,COMPUTED,True,True,True,True
D0__CAL_R3_K125,D0,125,CAL,R3,294,PE-H__0200,PE 20:0_20:3,PE,0.015029457963912378,8.80687781542823e-08,COMPUTED,True,True,True,True
D0__CAL_R3_K125,D0,125,CAL,R3,295,PE-H__0201,PE 20:0_20:4,PE,0.0026932995589375903,0.0,COMPUTED,True,False,False,False
D0__CAL_R3_K125,D0,125,CAL,R3,296,PE-H__0202,PE 20:0_20:5,PE,0.00010851176941624327,,NOT_COMPUTED,False,False,False,False
D0__CAL_R3_K125,D0,125,CAL,R3,297,PE-H__0218,PE 20:1_20:2,PE,0.0035021469203019586,1.5284086842275426e-26,COMPUTED,True,False,False,False
D0__CAL_R3_K125,D0,125,CAL,R3,298,PE-H__0219,PE 20:1_20:3,PE,0.001815668383888507,0.0,COMPUTED,True,False,False,False
D0__CAL_R3_K125,D0,125,CAL,R3,299,PE-H__0220,PE 20:1_20:4,PE,0.0023906152318279436,0.0,COMPUTED,True,False,False,False
D0__CAL_R3_K125,D0,125,CAL,R3,300,PE-H__0221,PE 20:1_20:5,PE,4.408980677913342e-06,,NOT_COMPUTED,False,False,False,False
D0__CAL_R3_K125,D0,125,CAL,R3,301,PE-H__0236,PE 20:2_20:2,PE,0.0016819976242084082,2.1742011770448576e-25,COMPUTED,True,False,False,False
D0__CAL_R3_K125,D0,125,CAL,R3,302,PE-H__0237,PE 20:2_20:3,PE,0.00580279303335238,2.385732709448407e-07,COMPUTED,True,True,True,True
D0__CAL_R3_K125,D0,125,CAL,R3,303,PE-H__0238,PE 20:2_20:4,PE,0.00026775902244118504,,NOT_COMPUTED,False,False,False,False
D0__CAL_R3_K125,D0,125,CAL,R3,304,PE-H__0239,PE 20:2_20:5,PE,0.004067606129025899,0.0,COMPUTED,True,False,False,False
D0__CAL_R3_K125,D0,125,CAL,R3,305,PE-H__0254,PE 20:3_20:3,PE,0.0014927217053061982,0.0,COMPUTED,True,False,False,False
D0__CAL_R3_K125,D0,125,CAL,R3,306,PE-H__0255,PE 20:3_20:4,PE,0.007082681725009133,3.66249698834833e-24,COMPUTED,True,False,False,False
D0__CAL_R3_K125,D0,125,CAL,R3,307,PE-H__0256,PE 20:3_20:5,PE,0.0004975057475043227,,NOT_COMPUTED,False,False,False,False
D0__CAL_R3_K125,D0,125,CAL,R3,308,PE-H__0271,PE 20:4_20:4,PE,0.018168776381849702,4.2627693738506615e-06,COMPUTED,True,True,True,True
D0__CAL_R3_K125,D0,125,CAL,R3,309,PE-H__0272,PE 20:4_20:5,PE,0.0026615329679007295,5.253204216757903e-24,COMPUTED,True,False,False,False
D0__CAL_R3_K125,D0,125,CAL,R3,310,PE-H__0287,PE 20:5_20:5,PE,0.0042033061161025655,0.0,COMPUTED,True,False,False,False
D0__CAL_R3_K125,D0,125,CAL,R3,311,PE-H__0428,PE 13:0_24:4,PE,0.00024201627691486903,,NOT_COMPUTED,False,False,False,False
D0__CAL_R3_K125,D0,125,CAL,R3,312,PE-H__0443,PE 15:0_22:0,PE,0.0005642748187016501,,NOT_COMPUTED,False,False,False,False
D0__CAL_R3_K125,D0,125,CAL,R3,313,PE-H__0444,PE 15:0_22:1,PE,0.005990179955954705,3.0459217083102935e-23,COMPUTED,True,False,False,False
D0__CAL_R3_K125,D0,125,CAL,R3,314,PE-H__0445,PE 15:0_22:2,PE,0.006445480322009062,1.6600322774328646e-06,COMPUTED,True,True,True,True
D0__CAL_R3_K125,D0,125,CAL,R3,315,PE-H__0446,PE 15:0_22:3,PE,0.001993348632700336,1.5140821722195274e-24,COMPUTED,True,False,False,False
D0__CAL_R3_K125,D0,125,CAL,R3,316,PE-H__0447,PE 15:0_22:4,PE,0.01480838686373172,7.06440172693041e-07,COMPUTED,True,True,True,True
D0__CAL_R3_K125,D0,125,CAL,R3,317,PE-H__0448,PE 15:0_22:5,PE,0.0174320044222743,9.819674107899648e-23,COMPUTED,True,False,False,False
D0__CAL_R3_K125,D0,125,CAL,R3,318,PE-H__0449,PE 15:0_22:6,PE,0.004124788629545999,1.7983251180619447e-30,COMPUTED,True,False,False,False
D0__CAL_R3_K125,D0,125,CAL,R3,319,PE-H__0450,PE 15:0_24:4,PE,0.0,,NOT_COMPUTED,False,False,False,False
D0__CAL_R3_K125,D0,125,CAL,R3,320,PE-H__0459,PE 17:0_20:0,PE,7.8963776108001e-06,,NOT_COMPUTED,False,False,False,False
D0__CAL_R3_K125,D0,125,CAL,R3,321,PE-H__0460,PE 17:0_20:1,PE,0.0037542996896919234,0.0,COMPUTED,True,False,False,False
D0__CAL_R3_K125,D0,125,CAL,R3,322,PE-H__0461,PE 17:0_20:2,PE,0.0039904564983041105,0.0,COMPUTED,True,False,False,False
D0__CAL_R3_K125,D0,125,CAL,R3,323,PE-H__0462,PE 17:0_20:3,PE,0.00026031209472547834,,NOT_COMPUTED,False,False,False,False
D0__CAL_R3_K125,D0,125,CAL,R3,324,PE-H__0463,PE 17:0_20:4,PE,0.002262001347871911,1.0193303502424895e-22,COMPUTED,True,False,False,False
D0__CAL_R3_K125,D0,125,CAL,R3,325,PE-H__0464,PE 17:0_20:5,PE,0.02236057067549198,2.0171080263402272e-05,COMPUTED,True,True,True,True
D0__CAL_R3_K125,D0,125,CAL,R3,326,PE-H__0465,PE 17:0_22:0,PE,0.0006289966043764166,,NOT_COMPUTED,False,False,False,False
D0__CAL_R3_K125,D0,125,CAL,R3,327,PE-H__0466,PE 17:0_22:1,PE,0.001952640722678775,8.047275164720876e-24,COMPUTED,True,False,False,False
D0__CAL_R3_K125,D0,125,CAL,R3,328,PE-H__0467,PE 17:0_22:2,PE,0.0007842983800980365,,NOT_COMPUTED,False,False,False,False
D0__CAL_R3_K125,D0,125,CAL,R3,329,PE-H__0468,PE 17:0_22:3,PE,0.0006118917644987006,,NOT_COMPUTED,False,False,False,False
D0__CAL_R3_K125,D0,125,CAL,R3,330,PE-H__0469,PE 17:0_22:4,PE,0.005942871383385107,1.610195726107175e-23,COMPUTED,True,False,False,False
D0__CAL_R3_K125,D0,125,CAL,R3,331,PE-H__0470,PE 17:0_22:5,PE,0.0008051388776604473,,NOT_COMPUTED,False,False,False,False
D0__CAL_R3_K125,D0,125,CAL,R3,332,PE-H__0471,PE 17:0_22:6,PE,0.0006430238570713559,,NOT_COMPUTED,False,False,False,False
D0__CAL_R3_K125,D0,125,CAL,R3,333,PE-H__0481,PE 20:0_17:1,PE,9.601046534920014e-05,,NOT_COMPUTED,False,False,False,False
D0__CAL_R3_K125,D0,125,CAL,R3,334,PE-H__0482,PE 17:1_20:1,PE,0.008853374044619612,1.532869722947291e-26,COMPUTED,True,False,False,False
D0__CAL_R3_K125,D0,125,CAL,R3,335,PE-H__0483,PE 17:1_20:2,PE,2.8753889561855886e-05,,NOT_COMPUTED,False,False,False,False
D0__CAL_R3_K125,D0,125,CAL,R3,336,PE-H__0484,PE 17:1_20:3,PE,0.02695794690623095,6.967404231141118e-06,COMPUTED,True,True,True,True
D0__CAL_R3_K125,D0,125,CAL,R3,337,PE-H__0485,PE 17:1_20:4,PE,0.0026054989201424387,1.4804280475127282e-23,COMPUTED,True,False,False,False
D0__CAL_R3_K125,D0,125,CAL,R3,338,PE-H__0486,PE 17:1_20:5,PE,1.7453993851768675e-05,,NOT_COMPUTED,False,False,False,False
D0__CAL_R3_K125,D0,125,CAL,R3,339,PE-H__0487,PE 22:0_17:1,PE,1.7826219097620996e-07,,NOT_COMPUTED,False,False,False,False
D0__CAL_R3_K125,D0,125,CAL,R3,340,PE-H__0488,PE 17:1_22:1,PE,0.0020538938179901095,0.0,COMPUTED,True,False,False,False
D0__CAL_R3_K125,D0,125,CAL,R3,341,PE-H__0489,PE 17:1_22:2,PE,0.006088205208346852,0.0,COMPUTED,True,False,False,False
D0__CAL_R3_K125,D0,125,CAL,R3,342,PE-H__0490,PE 17:1_22:3,PE,0.012266321979007578,1.5900192692162056e-07,COMPUTED,True,True,True,True
D0__CAL_R3_K125,D0,125,CAL,R3,343,PE-H__0491,PE 17:1_22:4,PE,0.01156828882421818,4.431205364941236e-22,COMPUTED,True,False,False,False
D0__CAL_R3_K125,D0,125,CAL,R3,344,PE-H__0492,PE 17:1_22:5,PE,0.0030675723173625184,0.0,COMPUTED,True,False,False,False
D0__CAL_R3_K125,D0,125,CAL,R3,345,PE-H__0493,PE 17:1_22:6,PE,0.004846943151848201,2.525574706900746e-06,COMPUTED,True,True,True,True
D0__CAL_R3_K125,D0,125,CAL,R3,346,PEO-H__0050,PE O-14:0_24:0,PE,2.502276296759409e-08,,NOT_COMPUTED,False,False,False,False
D0__CAL_R3_K125,D0,125,CAL,R3,347,PEO-H__0051,PE O-14:0_24:1,PE,0.007750084121373381,5.460948209632521e-08,COMPUTED,True,True,True,True
D0__CAL_R3_K125,D0,125,CAL,R3,348,PEO-H__0052,PE O-14:0_24:2,PE,0.0003085597399556168,,NOT_COMPUTED,False,False,False,False
D0__CAL_R3_K125,D0,125,CAL,R3,349,PEO-H__0053,PE O-14:0_24:3,PE,0.0012948543645266595,1.0015417951363233e-28,COMPUTED,True,False,False,False
D0__CAL_R3_K125,D0,125,CAL,R3,350,PEO-H__0054,PE O-14:0_24:4,PE,7.66270317698493e-08,,NOT_COMPUTED,False,False,False,False
D0__CAL_R3_K125,D0,125,CAL,R3,351,PEO-H__0055,PE O-14:0_24:5,PE,0.0,,NOT_COMPUTED,False,False,False,False
D0__CAL_R3_K125,D0,125,CAL,R3,352,PEO-H__0056,PE O-14:0_24:6,PE,4.002243778827416e-06,,NOT_COMPUTED,False,False,False,False
D0__CAL_R3_K125,D0,125,CAL,R3,353,PEO-H__0071,PE O-16:0_22:0,PE,0.0023702338419910145,0.0,COMPUTED,True,False,False,False
D0__CAL_R3_K125,D0,125,CAL,R3,354,PEO-H__0072,PE O-16:0_22:1,PE,0.018416297166949595,3.222751763950974e-08,COMPUTED,True,True,True,True
D0__CAL_R3_K125,D0,125,CAL,R3,355,PEO-H__0073,PE O-16:0_22:2,PE,0.005322522037229765,0.0,COMPUTED,True,False,False,False
D0__CAL_R3_K125,D0,125,CAL,R3,356,PEO-H__0074,PE O-16:0_22:3,PE,0.00017248366697144226,,NOT_COMPUTED,False,False,False,False
D0__CAL_R3_K125,D0,125,CAL,R3,357,PEO-H__0075,PE O-16:0_22:4,PE,0.0012179308764809188,0.0,COMPUTED,True,False,False,False
D0__CAL_R3_K125,D0,125,CAL,R3,358,PEO-H__0076,PE O-16:0_22:5,PE,0.019067564762014388,1.85705957530007e-06,COMPUTED,True,True,True,True
D0__CAL_R3_K125,D0,125,CAL,R3,359,PEO-H__0077,PE O-16:0_22:6,PE,0.0004640948718400187,,NOT_COMPUTED,False,False,False,False
D0__CAL_R3_K125,D0,125,CAL,R3,360,PEO-H__0078,PE O-16:0_24:0,PE,0.027476332548461446,6.604443441261819e-05,COMPUTED,True,True,True,True
D0__CAL_R3_K125,D0,125,CAL,R3,361,PEO-H__0079,PE O-16:0_24:1,PE,0.02470822654335493,7.274287046849464e-06,COMPUTED,True,True,True,True
D0__CAL_R3_K125,D0,125,CAL,R3,362,PEO-H__0080,PE O-16:0_24:2,PE,0.001025105564768933,1.66926668500259e-24,COMPUTED,True,False,False,False
D0__CAL_R3_K125,D0,125,CAL,R3,363,PEO-H__0081,PE O-16:0_24:3,PE,0.004497814344541844,5.719261243315677e-23,COMPUTED,True,False,False,False
D0__CAL_R3_K125,D0,125,CAL,R3,364,PEO-H__0082,PE O-16:0_24:4,PE,1.2022887597320835e-06,,NOT_COMPUTED,False,False,False,False
D0__CAL_R3_K125,D0,125,CAL,R3,365,PEO-H__0083,PE O-16:0_24:5,PE,0.0006795056714921259,,NOT_COMPUTED,False,False,False,False
D0__CAL_R3_K125,D0,125,CAL,R3,366,PEO-H__0084,PE O-16:0_24:6,PE,1.7004822592956742e-06,,NOT_COMPUTED,False,False,False,False
D0__CAL_R3_K125,D0,125,CAL,R3,367,PEO-H__0099,PE O-16:1_22:0,PE,0.0016075750492646303,2.8941026899091687e-22,COMPUTED,True,False,False,False
D0__CAL_R3_K125,D0,125,CAL,R3,368,PEO-H__0100,PE O-16:1_22:1,PE,7.272904808528648e-07,,NOT_COMPUTED,False,False,False,False
D0__CAL_R3_K125,D0,125,CAL,R3,369,PEO-H__0101,PE O-16:1_22:2,PE,0.014402366814201978,1.8612354495850978e-08,COMPUTED,True,True,True,True
D0__CAL_R3_K125,D0,125,CAL,R3,370,PEO-H__0102,PE O-16:1_22:3,PE,0.0009962377288390703,,NOT_COMPUTED,False,True,True,True
D0__CAL_R3_K125,D0,125,CAL,R3,371,PEO-H__0103,PE O-16:1_22:4,PE,0.01097834994431696,1.1575618885405384e-21,COMPUTED,True,False,False,False
D0__CAL_R3_K125,D0,125,CAL,R3,372,PEO-H__0104,PE O-16:1_22:5,PE,0.026210278574275447,5.81932119055948e-07,COMPUTED,True,True,True,True
D0__CAL_R3_K125,D0,125,CAL,R3,373,PEO-H__0106,PE O-16:1_24:0,PE,0.0018407747987015184,2.9136344320144155e-27,COMPUTED,True,False,False,False
D0__CAL_R3_K125,D0,125,CAL,R3,374,PEO-H__0107,PE O-16:1_24:1,PE,0.005667076490855292,2.9121261704125867e-23,COMPUTED,True,False,False,False
D0__CAL_R3_K125,D0,125,CAL,R3,375,PEO-H__0108,PE O-16:1_24:2,PE,0.0019324450440418557,0.0,COMPUTED,True,False,False,False
D0__CAL_R3_K125,D0,125,CAL,R3,376,PEO-H__0109,PE O-16:1_24:3,PE,0.009397653734450973,9.47756573372851e-08,COMPUTED,True,True,True,True
D0__CAL_R3_K125,D0,125,CAL,R3,377,PEO-H__0110,PE O-16:1_24:4,PE,7.419096544483811e-05,,NOT_COMPUTED,False,False,False,False
D0__CAL_R3_K125,D0,125,CAL,R3,378,PEO-H__0111,PE O-16:1_24:5,PE,0.00010548550272391672,,NOT_COMPUTED,False,False,False,False
D0__CAL_R3_K125,D0,125,CAL,R3,379,PEO-H__0112,PE O-16:1_24:6,PE,0.0002653932465687043,,NOT_COMPUTED,False,False,False,False
D0__CAL_R3_K125,D0,125,CAL,R3,380,PEO-H__0121,PE O-18:0_20:0,PE,7.307703280351954e-06,,NOT_COMPUTED,False,False,False,False
D0__CAL_R3_K125,D0,125,CAL,R3,381,PEO-H__0122,PE O-18:0_20:1,PE,0.0016756349403503447,0.0,COMPUTED,True,False,False,False
D0__CAL_R3_K125,D0,125,CAL,R3,382,PEO-H__0123,PE O-18:0_20:2,PE,0.0,,NOT_COMPUTED,False,False,False,False
D0__CAL_R3_K125,D0,125,CAL,R3,383,PEO-H__0124,PE O-18:0_20:3,PE,0.009728044301494806,3.0993253203918813e-07,COMPUTED,True,True,True,True
D0__CAL_R3_K125,D0,125,CAL,R3,384,PEO-H__0125,PE O-18:0_20:4,PE,0.002447949696543192,0.0,COMPUTED,True,False,False,False
D0__CAL_R3_K125,D0,125,CAL,R3,385,PEO-H__0126,PE O-18:0_20:5,PE,0.0017916122046862553,8.672807889406353e-22,COMPUTED,True,False,False,False
D0__CAL_R3_K125,D0,125,CAL,R3,386,PEO-H__0127,PE O-18:0_22:0,PE,0.0035344183515496866,7.176231213301516e-29,COMPUTED,True,False,False,False
D0__CAL_R3_K125,D0,125,CAL,R3,387,PEO-H__0128,PE O-18:0_22:1,PE,0.0014323562461212081,0.0,COMPUTED,True,False,False,False
D0__CAL_R3_K125,D0,125,CAL,R3,388,PEO-H__0129,PE O-18:0_22:2,PE,0.0012228640112459965,2.029662585834293e-24,COMPUTED,True,False,False,False
D0__CAL_R3_K125,D0,125,CAL,R3,389,PEO-H__0130,PE O-18:0_22:3,PE,0.0012794967756816354,0.0,COMPUTED,True,False,False,False
D0__CAL_R3_K125,D0,125,CAL,R3,390,PEO-H__0131,PE O-18:0_22:4,PE,0.0021758979907351567,1.1522105398288786e-26,COMPUTED,True,False,False,False
D0__CAL_R3_K125,D0,125,CAL,R3,391,PEO-H__0132,PE O-18:0_22:5,PE,0.0030505770679750224,1.0631790537322763e-21,COMPUTED,True,False,False,False
D0__CAL_R3_K125,D0,125,CAL,R3,392,PEO-H__0133,PE O-18:0_22:6,PE,0.0007238411487091099,,NOT_COMPUTED,False,False,False,False
D0__CAL_R3_K125,D0,125,CAL,R3,393,PEO-H__0149,PE O-18:1_20:0,PE,0.005112929497738385,1.0747081961469161e-07,COMPUTED,True,True,True,True
D0__CAL_R3_K125,D0,125,CAL,R3,394,PEO-H__0150,PE O-18:1_20:1,PE,0.0,,NOT_COMPUTED,False,False,False,False
D0__CAL_R3_K125,D0,125,CAL,R3,395,PEO-H__0151,PE O-18:1_20:2,PE,0.0006322556709230081,,NOT_COMPUTED,False,False,False,False
D0__CAL_R3_K125,D0,125,CAL,R3,396,PEO-H__0152,PE O-18:1_20:3,PE,0.006555882055588366,2.788951810057679e-09,COMPUTED,True,True,True,True
D0__CAL_R3_K125,D0,125,CAL,R3,397,PEO-H__0153,PE O-18:1_20:4,PE,0.002805497514657077,2.6020232159454835e-26,COMPUTED,True,False,False,False
D0__CAL_R3_K125,D0,125,CAL,R3,398,PEO-H__0154,PE O-18:1_20:5,PE,1.6060663829692854e-05,,NOT_COMPUTED,False,False,False,False
D0__CAL_R3_K125,D0,125,CAL,R3,399,PEO-H__0155,PE O-18:1_22:0,PE,0.004396340542644131,5.82182724952869e-08,COMPUTED,True,True,True,True
D0__CAL_R3_K125,D0,125,CAL,R3,400,PEO-H__0156,PE O-18:1_22:1,PE,0.008506249323452397,8.551480826644318e-28,COMPUTED,True,False,False,False
D0__CAL_R3_K125,D0,125,CAL,R3,401,PEO-H__0157,PE O-18:1_22:2,PE,0.008563786545588705,2.2734647074436816e-26,COMPUTED,True,False,False,False
D0__CAL_R3_K125,D0,125,CAL,R3,402,PEO-H__0158,PE O-18:1_22:3,PE,0.003542661336494731,0.0,COMPUTED,True,False,False,False
D0__CAL_R3_K125,D0,125,CAL,R3,403,PEO-H__0159,PE O-18:1_22:4,PE,0.020198184719828836,2.9338512336297633e-07,COMPUTED,True,True,True,True
D0__CAL_R3_K125,D0,125,CAL,R3,404,PEO-H__0160,PE O-18:1_22:5,PE,0.0005336785696695248,,NOT_COMPUTED,False,False,False,False
D0__CAL_R3_K125,D0,125,CAL,R3,405,PEO-H__0161,PE O-18:1_22:6,PE,0.0006331661023823646,,NOT_COMPUTED,False,False,False,False
D0__CAL_R3_K125,D0,125,CAL,R3,406,PEO-H__0177,PE O-18:2_20:0,PE,0.0,,NOT_COMPUTED,False,False,False,False
D0__CAL_R3_K125,D0,125,CAL,R3,407,PEO-H__0178,PE O-18:2_20:1,PE,0.0045438667705779735,8.241204674795061e-28,COMPUTED,True,False,False,False
D0__CAL_R3_K125,D0,125,CAL,R3,408,PEO-H__0179,PE O-18:2_20:2,PE,0.0015698908955957339,2.2426621155125638e-23,COMPUTED,True,False,False,False
D0__CAL_R3_K125,D0,125,CAL,R3,409,PEO-H__0180,PE O-18:2_20:3,PE,0.009491572452449071,2.7389094187440707e-22,COMPUTED,True,False,False,False
D0__CAL_R3_K125,D0,125,CAL,R3,410,PEO-H__0181,PE O-18:2_20:4,PE,0.0013358415159516878,0.0,COMPUTED,True,False,False,False
D0__CAL_R3_K125,D0,125,CAL,R3,411,PEO-H__0183,PE O-18:2_22:0,PE,0.0015197163471453983,4.4352420528132664e-24,COMPUTED,True,False,False,False
D0__CAL_R3_K125,D0,125,CAL,R3,412,PEO-H__0184,PE O-18:2_22:1,PE,0.01580935491186507,6.362915961473566e-07,COMPUTED,True,True,True,True
D0__CAL_R3_K125,D0,125,CAL,R3,413,PEO-H__0185,PE O-18:2_22:2,PE,0.012406322130555744,3.766763933492075e-08,COMPUTED,True,True,True,True
D0__CAL_R3_K125,D0,125,CAL,R3,414,PEO-H__0186,PE O-18:2_22:3,PE,0.004032208682329247,0.0,COMPUTED,True,False,False,False
D0__CAL_R3_K125,D0,125,CAL,R3,415,PEO-H__0187,PE O-18:2_22:4,PE,0.011540922405051687,3.3605963242012243e-08,COMPUTED,True,True,True,True
D0__CAL_R3_K125,D0,125,CAL,R3,416,PEO-H__0188,PE O-18:2_22:5,PE,0.003930462741255196,0.0,COMPUTED,True,False,False,False
D0__CAL_R3_K125,D0,125,CAL,R3,417,PEO-H__0189,PE O-18:2_22:6,PE,0.0037696617382857183,7.373996736980084e-27,COMPUTED,True,False,False,False
D0__CAL_R3_K125,D0,125,CAL,R3,418,PEO-H__0205,PE O-18:3_20:0,PE,0.002969111510140832,0.0,COMPUTED,True,False,False,False
D0__CAL_R3_K125,D0,125,CAL,R3,419,PEO-H__0206,PE O-18:3_20:1,PE,8.25439970114159e-05,,NOT_COMPUTED,False,False,False,False
D0__CAL_R3_K125,D0,125,CAL,R3,420,PEO-H__0207,PE O-18:3_20:2,PE,0.0014689458868237173,2.5526111312007706e-27,COMPUTED,True,False,False,False
D0__CAL_R3_K125,D0,125,CAL,R3,421,PEO-H__0208,PE O-18:3_20:3,PE,0.026711633180164306,1.6968370802868212e-07,COMPUTED,True,True,True,True
D0__CAL_R3_K125,D0,125,CAL,R3,422,PEO-H__0211,PE O-18:3_22:0,PE,0.00040174984505678905,,NOT_COMPUTED,False,False,False,False
D0__CAL_R3_K125,D0,125,CAL,R3,423,PEO-H__0212,PE O-18:3_22:1,PE,1.2863103355647351e-05,,NOT_COMPUTED,False,False,False,False
D0__CAL_R3_K125,D0,125,CAL,R3,424,PEO-H__0213,PE O-18:3_22:2,PE,0.010414684667406145,0.0,COMPUTED,True,False,False,False
D0__CAL_R3_K125,D0,125,CAL,R3,425,PEO-H__0214,PE O-18:3_22:3,PE,0.01046317090168408,4.097927493561339e-24,COMPUTED,True,False,False,False
D0__CAL_R3_K125,D0,125,CAL,R3,426,PEO-H__0215,PE O-18:3_22:4,PE,0.006922107244754682,4.490631679759134e-24,COMPUTED,True,False,False,False
D0__CAL_R3_K125,D0,125,CAL,R3,427,PEO-H__0216,PE O-18:3_22:5,PE,0.008794345279335541,5.832716086368591e-08,COMPUTED,True,True,True,True
D0__CAL_R3_K125,D0,125,CAL,R3,428,PEO-H__0217,PE O-18:3_22:6,PE,0.024076545183671253,1.802431905764413e-05,COMPUTED,True,True,True,True
D0__CAL_R3_K125,D0,125,CAL,R3,429,PEO-H__0229,PE O-20:0_18:0,PE,0.0,,NOT_COMPUTED,False,False,False,False
D0__CAL_R3_K125,D0,125,CAL,R3,430,PEO-H__0230,PE O-20:0_18:1,PE,0.000534989830028053,,NOT_COMPUTED,False,False,False,False
D0__CAL_R3_K125,D0,125,CAL,R3,431,PEO-H__0231,PE O-20:0_18:2,PE,0.0,,NOT_COMPUTED,False,False,False,False
D0__CAL_R3_K125,D0,125,CAL,R3,432,PEO-H__0232,PE O-20:0_18:3,PE,5.369793011212352e-05,,NOT_COMPUTED,False,False,False,False
D0__CAL_R3_K125,D0,125,CAL,R3,433,PEO-H__0233,PE O-20:0_20:0,PE,0.0005431303976954305,,NOT_COMPUTED,False,False,False,False
D0__CAL_R3_K125,D0,125,CAL,R3,434,PEO-H__0234,PE O-20:0_20:1,PE,6.69456477984708e-05,,NOT_COMPUTED,False,False,False,False
D0__CAL_R3_K125,D0,125,CAL,R3,435,PEO-H__0235,PE O-20:0_20:2,PE,0.00012978878161046142,,NOT_COMPUTED,False,False,False,False
D0__CAL_R3_K125,D0,125,CAL,R3,436,PEO-H__0236,PE O-20:0_20:3,PE,0.00044108270641919243,,NOT_COMPUTED,False,False,False,False
D0__CAL_R3_K125,D0,125,CAL,R3,437,PEO-H__0237,PE O-20:0_20:4,PE,3.3158141902478974e-05,,NOT_COMPUTED,False,False,False,False
D0__CAL_R3_K125,D0,125,CAL,R3,438,PEO-H__0238,PE O-20:0_20:5,PE,0.0007611097082837662,,NOT_COMPUTED,False,False,False,False
D0__CAL_R3_K125,D0,125,CAL,R3,439,PEO-H__0257,PE O-20:1_18:0,PE,1.8872742634578291e-07,,NOT_COMPUTED,False,False,False,False
D0__CAL_R3_K125,D0,125,CAL,R3,440,PEO-H__0258,PE O-20:1_18:1,PE,6.378000522031321e-08,,NOT_COMPUTED,False,False,False,False
D0__CAL_R3_K125,D0,125,CAL,R3,441,PEO-H__0259,PE O-20:1_18:2,PE,1.5625060975418454e-05,,NOT_COMPUTED,False,False,False,False
D0__CAL_R3_K125,D0,125,CAL,R3,442,PEO-H__0260,PE O-20:1_18:3,PE,1.3907490066901758e-06,,NOT_COMPUTED,False,False,False,False
D0__CAL_R3_K125,D0,125,CAL,R3,443,PEO-H__0261,PE O-20:1_20:0,PE,7.091893069485111e-06,,NOT_COMPUTED,False,False,False,False
D0__CAL_R3_K125,D0,125,CAL,R3,444,PEO-H__0262,PE O-20:1_20:1,PE,0.00030972852517320554,,NOT_COMPUTED,False,False,False,False
D0__CAL_R3_K125,D0,125,CAL,R3,445,PEO-H__0263,PE O-20:1_20:2,PE,0.00016153380450946396,,NOT_COMPUTED,False,False,False,False
D0__CAL_R3_K125,D0,125,CAL,R3,446,PEO-H__0264,PE O-20:1_20:3,PE,0.00026753640961670223,,NOT_COMPUTED,False,False,False,False
D0__CAL_R3_K125,D0,125,CAL,R3,447,PEO-H__0265,PE O-20:1_20:4,PE,4.422781940322803e-06,,NOT_COMPUTED,False,False,False,False
D0__CAL_R3_K125,D0,125,CAL,R3,448,PEO-H__0266,PE O-20:1_20:5,PE,0.0,,NOT_COMPUTED,False,False,False,False
D0__CAL_R3_K125,D0,125,CAL,R3,449,PEO-H__0285,PE O-20:2_18:0,PE,1.8385163702241487e-08,,NOT_COMPUTED,False,False,False,False
D0__CAL_R3_K125,D0,125,CAL,R3,450,PEO-H__0286,PE O-20:2_18:1,PE,0.0008457884093677474,,NOT_COMPUTED,False,False,False,False
D0__CAL_R3_K125,D0,125,CAL,R3,451,PEO-H__0287,PE O-20:2_18:2,PE,2.2752344242520717e-06,,NOT_COMPUTED,False,False,False,False
D0__CAL_R3_K125,D0,125,CAL,R3,452,PEO-H__0288,PE O-20:2_18:3,PE,6.907085335147033e-05,,NOT_COMPUTED,False,False,False,False
D0__CAL_R3_K125,D0,125,CAL,R3,453,PEO-H__0289,PE O-20:2_20:0,PE,2.2407763211280776e-05,,NOT_COMPUTED,False,False,False,False
D0__CAL_R3_K125,D0,125,CAL,R3,454,PEO-H__0290,PE O-20:2_20:1,PE,0.005862469837474408,5.066725030549014e-29,COMPUTED,True,False,False,False
D0__CAL_R3_K125,D0,125,CAL,R3,455,PEO-H__0291,PE O-20:2_20:2,PE,0.00018807425405413384,,NOT_COMPUTED,False,True,True,True
D0__CAL_R3_K125,D0,125,CAL,R3,456,PEO-H__0292,PE O-20:2_20:3,PE,0.00507493512065482,1.2646663063474997e-21,COMPUTED,True,False,False,False
D0__CAL_R3_K125,D0,125,CAL,R3,457,PEO-H__0293,PE O-20:2_20:4,PE,2.173823518078252e-05,,NOT_COMPUTED,False,False,False,False
D0__CAL_R3_K125,D0,125,CAL,R3,458,PEO-H__0294,PE O-20:2_20:5,PE,1.1689956962637115e-05,,NOT_COMPUTED,False,False,False,False
D0__CAL_R3_K125,D0,125,CAL,R3,459,PEO-H__0313,PE O-20:3_18:0,PE,0.0,,NOT_COMPUTED,False,False,False,False
D0__CAL_R3_K125,D0,125,CAL,R3,460,PEO-H__0314,PE O-20:3_18:1,PE,1.8856399891460752e-05,,NOT_COMPUTED,False,False,False,False
D0__CAL_R3_K125,D0,125,CAL,R3,461,PEO-H__0315,PE O-20:3_18:2,PE,4.7917588415341315e-05,,NOT_COMPUTED,False,False,False,False
D0__CAL_R3_K125,D0,125,CAL,R3,462,PEO-H__0316,PE O-20:3_18:3,PE,4.9689723016555283e-08,,NOT_COMPUTED,False,False,False,False
D0__CAL_R3_K125,D0,125,CAL,R3,463,PEO-H__0317,PE O-20:3_20:0,PE,0.000977793677617917,,NOT_COMPUTED,False,False,False,False
D0__CAL_R3_K125,D0,125,CAL,R3,464,PEO-H__0318,PE O-20:3_20:1,PE,9.583827266220763e-06,,NOT_COMPUTED,False,False,False,False
D0__CAL_R3_K125,D0,125,CAL,R3,465,PEO-H__0319,PE O-20:3_20:2,PE,2.9660317036060715e-06,,NOT_COMPUTED,False,False,False,False
D0__CAL_R3_K125,D0,125,CAL,R3,466,PEO-H__0320,PE O-20:3_20:3,PE,0.0001888220131717137,,NOT_COMPUTED,False,False,False,False
D0__CAL_R3_K125,D0,125,CAL,R3,467,PEO-H__0321,PE O-20:3_20:4,PE,7.556569325324308e-06,,NOT_COMPUTED,False,False,False,False
D0__CAL_R3_K125,D0,125,CAL,R3,468,PEO-H__0322,PE O-20:3_20:5,PE,2.164234930281948e-05,,NOT_COMPUTED,False,False,False,False
D0__CAL_R3_K125,D0,125,CAL,R3,469,PEO-H__0341,PE O-20:4_18:0,PE,0.00100086237367883,5.663943585129183e-22,COMPUTED,True,False,False,False
D0__CAL_R3_K125,D0,125,CAL,R3,470,PEO-H__0342,PE O-20:4_18:1,PE,0.0036679650795384366,1.5338091072175623e-28,COMPUTED,True,False,False,False
D0__CAL_R3_K125,D0,125,CAL,R3,471,PEO-H__0343,PE O-20:4_18:2,PE,0.002897046298137654,0.0,COMPUTED,True,False,False,False
D0__CAL_R3_K125,D0,125,CAL,R3,472,PEO-H__0345,PE O-20:4_20:0,PE,0.0007003244688517374,,NOT_COMPUTED,False,False,False,False
D0__CAL_R3_K125,D0,125,CAL,R3,473,PEO-H__0346,PE O-20:4_20:1,PE,0.01188907068750829,1.1955840409974433e-06,COMPUTED,True,True,True,True
D0__CAL_R3_K125,D0,125,CAL,R3,474,PEO-H__0347,PE O-20:4_20:2,PE,0.0012006294382200943,8.805211959134583e-24,COMPUTED,True,False,False,False
D0__CAL_R3_K125,D0,125,CAL,R3,475,PEO-H__0348,PE O-20:4_20:3,PE,0.012404577081763159,8.746382104459988e-28,COMPUTED,True,False,False,False
D0__CAL_R3_K125,D0,125,CAL,R3,476,PEO-H__0349,PE O-20:4_20:4,PE,0.002627861602284948,0.0,COMPUTED,True,False,False,False
D0__CAL_R3_K125,D0,125,CAL,R3,477,PEO-H__0350,PE O-20:4_20:5,PE,0.010550743705212156,2.8426929600275787e-06,COMPUTED,True,True,True,True
D0__CAL_R3_K125,D0,125,CAL,R3,478,PEO-H__0357,PE O-20:4_22:6,PE,0.001639556409920009,8.408329970725781e-27,COMPUTED,True,False,False,False
D0__CAL_R3_K125,D0,125,CAL,R3,479,PEO-H__0369,PE O-20:5_18:0,PE,0.002284425147052797,0.0,COMPUTED,True,False,False,False
D0__CAL_R3_K125,D0,125,CAL,R3,480,PEO-H__0370,PE O-20:5_18:1,PE,2.466171106988337e-05,,NOT_COMPUTED,False,False,False,False
D0__CAL_R3_K125,D0,125,CAL,R3,481,PEO-H__0373,PE O-20:5_20:0,PE,0.0066020645129785055,7.996610365548864e-27,COMPUTED,True,False,False,False
D0__CAL_R3_K125,D0,125,CAL,R3,482,PEO-H__0374,PE O-20:5_20:1,PE,3.7314330364706517e-06,,NOT_COMPUTED,False,False,False,False
D0__CAL_R3_K125,D0,125,CAL,R3,483,PEO-H__0375,PE O-20:5_20:2,PE,4.248710728323948e-06,,NOT_COMPUTED,False,False,False,False
D0__CAL_R3_K125,D0,125,CAL,R3,484,PEO-H__0376,PE O-20:5_20:3,PE,0.0007572523458765862,,NOT_COMPUTED,False,False,False,False
D0__CAL_R3_K125,D0,125,CAL,R3,485,PEO-H__0377,PE O-20:5_20:4,PE,6.238077437777457e-05,,NOT_COMPUTED,False,False,False,False
D0__CAL_R3_K125,D0,125,CAL,R3,486,PEO-H__0378,PE O-20:5_20:5,PE,1.8379937148470274e-05,,NOT_COMPUTED,False,False,False,False
D0__CAL_R3_K125,D0,125,CAL,R3,487,PEO-H__0384,PE O-20:5_22:5,PE,8.888542273561644e-07,,NOT_COMPUTED,False,False,False,False
D0__CAL_R3_K125,D0,125,CAL,R3,488,PEO-H__0385,PE O-20:5_22:6,PE,1.5345500254517944e-07,,NOT_COMPUTED,False,False,False,False
D0__CAL_R3_K125,D0,125,CAL,R3,489,PEO-H__0395,PE O-22:0_16:0,PE,0.0,,NOT_COMPUTED,False,False,False,False
D0__CAL_R3_K125,D0,125,CAL,R3,490,PEO-H__0396,PE O-22:0_16:1,PE,0.00010086448796476438,,NOT_COMPUTED,False,False,False,False
D0__CAL_R3_K125,D0,125,CAL,R3,491,PEO-H__0397,PE O-22:0_18:0,PE,0.004951084559825388,1.4616121427181236e-23,COMPUTED,True,False,False,False
D0__CAL_R3_K125,D0,125,CAL,R3,492,PEO-H__0398,PE O-22:0_18:1,PE,0.00023353710365649866,,NOT_COMPUTED,False,False,False,False
D0__CAL_R3_K125,D0,125,CAL,R3,493,PEO-H__0399,PE O-22:0_18:2,PE,0.0,,NOT_COMPUTED,False,False,False,False
D0__CAL_R3_K125,D0,125,CAL,R3,494,PEO-H__0400,PE O-22:0_18:3,PE,0.0007132743015713131,,NOT_COMPUTED,False,False,False,False
D0__CAL_R3_K125,D0,125,CAL,R3,495,PEO-H__0423,PE O-22:1_16:0,PE,0.0017422712493503506,0.0,COMPUTED,True,False,False,False
D0__CAL_R3_K125,D0,125,CAL,R3,496,PEO-H__0424,PE O-22:1_16:1,PE,0.0,,NOT_COMPUTED,False,False,False,False
D0__CAL_R3_K125,D0,125,CAL,R3,497,PEO-H__0425,PE O-22:1_18:0,PE,0.00209408151485124,2.382430652007731e-22,COMPUTED,True,False,False,False
D0__CAL_R3_K125,D0,125,CAL,R3,498,PEO-H__0426,PE O-22:1_18:1,PE,0.026976612986399782,4.287927719956918e-06,COMPUTED,True,True,True,True
D0__CAL_R3_K125,D0,125,CAL,R3,499,PEO-H__0427,PE O-22:1_18:2,PE,0.02912902247224721,2.0711296142434338e-05,COMPUTED,True,True,True,True
D0__CAL_R3_K125,D0,125,CAL,R3,500,PEO-H__0428,PE O-22:1_18:3,PE,0.003906457830110079,1.101840409910709e-06,COMPUTED,True,True,True,True
D0__CAL_R3_K125,D0,125,CAL,R3,501,PEO-H__0451,PE O-22:2_16:0,PE,0.0,,NOT_COMPUTED,False,False,False,False
D0__CAL_R3_K125,D0,125,CAL,R3,502,PEO-H__0452,PE O-22:2_16:1,PE,1.2606759607975849e-08,,NOT_COMPUTED,False,False,False,False
D0__CAL_R3_K125,D0,125,CAL,R3,503,PEO-H__0453,PE O-22:2_18:0,PE,0.00040024799550028524,,NOT_COMPUTED,False,False,False,False
D0__CAL_R3_K125,D0,125,CAL,R3,504,PEO-H__0454,PE O-22:2_18:1,PE,0.00042995868158703386,,NOT_COMPUTED,False,False,False,False
D0__CAL_R3_K125,D0,125,CAL,R3,505,PEO-H__0455,PE O-22:2_18:2,PE,3.665077519702613e-06,,NOT_COMPUTED,False,False,False,False
D0__CAL_R3_K125,D0,125,CAL,R3,506,PEO-H__0456,PE O-22:2_18:3,PE,1.0353847242316957e-05,,NOT_COMPUTED,False,False,False,False
D0__CAL_R3_K125,D0,125,CAL,R3,507,PEO-H__0479,PE O-22:3_16:0,PE,0.0029788084681416846,4.359125559153264e-27,COMPUTED,True,False,False,False
D0__CAL_R3_K125,D0,125,CAL,R3,508,PEO-H__0480,PE O-22:3_16:1,PE,0.0060304300556334395,1.180329177868687e-06,COMPUTED,True,True,True,True
D0__CAL_R3_K125,D0,125,CAL,R3,509,PEO-H__0481,PE O-22:3_18:0,PE,0.006355687762586446,1.3132228317378597e-27,COMPUTED,True,False,False,False
D0__CAL_R3_K125,D0,125,CAL,R3,510,PEO-H__0482,PE O-22:3_18:1,PE,0.0019770176190198768,6.768990170072948e-30,COMPUTED,True,False,False,False
D0__CAL_R3_K125,D0,125,CAL,R3,511,PEO-H__0483,PE O-22:3_18:2,PE,0.0038306243366632705,0.0,COMPUTED,True,False,False,False
D0__CAL_R3_K125,D0,125,CAL,R3,512,PEO-H__0484,PE O-22:3_18:3,PE,0.0007719335221136865,,NOT_COMPUTED,False,False,False,False
D0__CAL_R3_K125,D0,125,CAL,R3,513,PEO-H__0507,PE O-22:4_16:0,PE,9.624483518539502e-06,,NOT_COMPUTED,False,False,False,False
D0__CAL_R3_K125,D0,125,CAL,R3,514,PEO-H__0508,PE O-22:4_16:1,PE,7.981950087708089e-07,,NOT_COMPUTED,False,False,False,False
D0__CAL_R3_K125,D0,125,CAL,R3,515,PEO-H__0509,PE O-22:4_18:0,PE,3.0795076186695935e-07,,NOT_COMPUTED,False,False,False,False
D0__CAL_R3_K125,D0,125,CAL,R3,516,PEO-H__0510,PE O-22:4_18:1,PE,0.00027446017597376743,,NOT_COMPUTED,False,False,False,False
D0__CAL_R3_K125,D0,125,CAL,R3,517,PEO-H__0511,PE O-22:4_18:2,PE,4.516278136682466e-06,,NOT_COMPUTED,False,False,False,False
D0__CAL_R3_K125,D0,125,CAL,R3,518,PEO-H__0512,PE O-22:4_18:3,PE,3.644065809914696e-05,,NOT_COMPUTED,False,False,False,False
D0__CAL_R3_K125,D0,125,CAL,R3,519,PEO-H__0535,PE O-22:5_16:0,PE,3.9560758246012284e-05,,NOT_COMPUTED,False,False,False,False
D0__CAL_R3_K125,D0,125,CAL,R3,520,PEO-H__0536,PE O-22:5_16:1,PE,0.0011006220753782229,7.834347145673963e-23,COMPUTED,True,False,False,False
D0__CAL_R3_K125,D0,125,CAL,R3,521,PEO-H__0537,PE O-22:5_18:0,PE,0.0043662677508511626,5.412727994609055e-08,COMPUTED,True,True,True,True
D0__CAL_R3_K125,D0,125,CAL,R3,522,PEO-H__0538,PE O-22:5_18:1,PE,0.0008933778330069897,,NOT_COMPUTED,False,False,False,False
D0__CAL_R3_K125,D0,125,CAL,R3,523,PEO-H__0539,PE O-22:5_18:2,PE,0.0008124587080888514,,NOT_COMPUTED,False,False,False,False
D0__CAL_R3_K125,D0,125,CAL,R3,524,PEO-H__0540,PE O-22:5_18:3,PE,0.001023423934658868,0.0,COMPUTED,True,False,False,False
D0__CAL_R3_K125,D0,125,CAL,R3,525,PEO-H__0546,PE O-22:5_20:5,PE,0.00041773293825790895,,NOT_COMPUTED,False,False,False,False
D0__CAL_R3_K125,D0,125,CAL,R3,526,PEO-H__0563,PE O-22:6_16:0,PE,2.063658213187822e-05,,NOT_COMPUTED,False,False,False,False
D0__CAL_R3_K125,D0,125,CAL,R3,527,PEO-H__0565,PE O-22:6_18:0,PE,0.0,,NOT_COMPUTED,False,False,False,False
D0__CAL_R3_K125,D0,125,CAL,R3,528,PEO-H__0566,PE O-22:6_18:1,PE,0.0005433741522112556,,NOT_COMPUTED,False,False,False,False
D0__CAL_R3_K125,D0,125,CAL,R3,529,PEO-H__0567,PE O-22:6_18:2,PE,3.2030095705122324e-06,,NOT_COMPUTED,False,False,False,False
D0__CAL_R3_K125,D0,125,CAL,R3,530,PEO-H__0568,PE O-22:6_18:3,PE,0.0024110792851206623,1.0065112496025935e-29,COMPUTED,True,False,False,False
D0__CAL_R3_K125,D0,125,CAL,R3,531,PEO-H__0573,PE O-22:6_20:4,PE,2.844395558014238e-05,,NOT_COMPUTED,False,False,False,False
D0__CAL_R3_K125,D0,125,CAL,R3,532,PEO-H__0574,PE O-22:6_20:5,PE,1.9545022191886942e-05,,NOT_COMPUTED,False,False,False,False
D0__CAL_R3_K125,D0,125,CAL,R3,533,PEO-H__0590,PE O-24:0_14:0,PE,3.32416979200955e-08,,NOT_COMPUTED,False,False,False,False
D0__CAL_R3_K125,D0,125,CAL,R3,534,PEO-H__0591,PE O-24:0_16:0,PE,0.006849291083512819,5.123905367376907e-06,COMPUTED,True,True,True,True
D0__CAL_R3_K125,D0,125,CAL,R3,535,PEO-H__0592,PE O-24:0_16:1,PE,0.0017007870993355602,3.940398478415324e-27,COMPUTED,True,False,False,False
D0__CAL_R3_K125,D0,125,CAL,R3,536,PEO-H__0618,PE O-24:1_14:0,PE,0.00024034576908196407,,NOT_COMPUTED,False,False,False,False
D0__CAL_R3_K125,D0,125,CAL,R3,537,PEO-H__0619,PE O-24:1_16:0,PE,3.248569405623392e-05,,NOT_COMPUTED,False,False,False,False
D0__CAL_R3_K125,D0,125,CAL,R3,538,PEO-H__0620,PE O-24:1_16:1,PE,0.0005284500771500144,,NOT_COMPUTED,False,False,False,False
D0__CAL_R3_K125,D0,125,CAL,R3,539,PEO-H__0646,PE O-24:2_14:0,PE,0.0,,NOT_COMPUTED,False,False,False,False
D0__CAL_R3_K125,D0,125,CAL,R3,540,PEO-H__0647,PE O-24:2_16:0,PE,0.0004841671920390719,,NOT_COMPUTED,False,False,False,False
D0__CAL_R3_K125,D0,125,CAL,R3,541,PEO-H__0648,PE O-24:2_16:1,PE,0.0010231380908973862,0.0,COMPUTED,True,False,False,False
D0__CAL_R3_K125,D0,125,CAL,R3,542,PEO-H__0674,PE O-24:3_14:0,PE,0.00011185862660084421,,NOT_COMPUTED,False,False,False,False
D0__CAL_R3_K125,D0,125,CAL,R3,543,PEO-H__0675,PE O-24:3_16:0,PE,0.000247397656030752,,NOT_COMPUTED,False,False,False,False
D0__CAL_R3_K125,D0,125,CAL,R3,544,PEO-H__0676,PE O-24:3_16:1,PE,0.00011987980725830692,,NOT_COMPUTED,False,False,False,False
D0__CAL_R3_K125,D0,125,CAL,R3,545,PEO-H__0702,PE O-24:4_14:0,PE,0.0028922060705501664,1.6890849139031013e-24,COMPUTED,True,False,False,False
D0__CAL_R3_K125,D0,125,CAL,R3,546,PEO-H__0703,PE O-24:4_16:0,PE,0.002834731254343007,3.788528076051738e-30,COMPUTED,True,False,False,False
D0__CAL_R3_K125,D0,125,CAL,R3,547,PEO-H__0704,PE O-24:4_16:1,PE,0.026320849104594837,4.9260017388490597e-05,COMPUTED,True,True,True,True
D0__CAL_R3_K125,D0,125,CAL,R3,548,PEO-H__0730,PE O-24:5_14:0,PE,0.00028491068167602366,,NOT_COMPUTED,False,False,False,False
D0__CAL_R3_K125,D0,125,CAL,R3,549,PEO-H__0731,PE O-24:5_16:0,PE,9.76706113810315e-05,,NOT_COMPUTED,False,False,False,False
D0__CAL_R3_K125,D0,125,CAL,R3,550,PEO-H__0732,PE O-24:5_16:1,PE,7.415746888081604e-06,,NOT_COMPUTED,False,False,False,False
D0__CAL_R3_K125,D0,125,CAL,R3,551,PEO-H__0758,PE O-24:6_14:0,PE,0.0004342258674684231,,NOT_COMPUTED,False,False,False,False
D0__CAL_R3_K125,D0,125,CAL,R3,552,PEO-H__0759,PE O-24:6_16:0,PE,0.0,,NOT_COMPUTED,False,False,False,False
D0__CAL_R3_K125,D0,125,CAL,R3,553,PEO-H__0760,PE O-24:6_16:1,PE,0.0,,NOT_COMPUTED,False,False,False,False
D0__CAL_R3_K125,D0,125,CAL,R3,554,PEO-H__0828,PE O-15:0_24:4,PE,0.00011121844801135741,,NOT_COMPUTED,False,False,False,False
D0__CAL_R3_K125,D0,125,CAL,R3,555,PEO-H__0843,PE O-17:0_22:0,PE,0.0003403955048848481,,NOT_COMPUTED,False,False,False,False
D0__CAL_R3_K125,D0,125,CAL,R3,556,PEO-H__0844,PE O-17:0_22:1,PE,5.668972184825231e-07,,NOT_COMPUTED,False,False,False,False
D0__CAL_R3_K125,D0,125,CAL,R3,557,PEO-H__0845,PE O-17:0_22:2,PE,3.6178407651002356e-06,,NOT_COMPUTED,False,False,False,False
D0__CAL_R3_K125,D0,125,CAL,R3,558,PEO-H__0846,PE O-17:0_22:3,PE,6.439073491600689e-05,,NOT_COMPUTED,False,False,False,False
D0__CAL_R3_K125,D0,125,CAL,R3,559,PEO-H__0847,PE O-17:0_22:4,PE,2.491696888075533e-07,,NOT_COMPUTED,False,False,False,False
D0__CAL_R3_K125,D0,125,CAL,R3,560,PEO-H__0848,PE O-17:0_22:5,PE,0.0,,NOT_COMPUTED,False,False,False,False
D0__CAL_R3_K125,D0,125,CAL,R3,561,PEO-H__0849,PE O-17:0_22:6,PE,0.0,,NOT_COMPUTED,False,False,False,False
D0__CAL_R3_K125,D0,125,CAL,R3,562,PEO-H__0850,PE O-17:0_24:4,PE,0.0,,NOT_COMPUTED,False,False,False,False
D0__CAL_R3_K125,D0,125,CAL,R3,563,PEO-H__0865,PE O-17:1_22:0,PE,8.39360976411064e-06,,NOT_COMPUTED,False,False,False,False
D0__CAL_R3_K125,D0,125,CAL,R3,564,PEO-H__0866,PE O-17:1_22:1,PE,6.089522602496808e-05,,NOT_COMPUTED,False,False,False,False
D0__CAL_R3_K125,D0,125,CAL,R3,565,PEO-H__0867,PE O-17:1_22:2,PE,0.0041670281133105915,2.5651275393803055e-08,COMPUTED,True,True,True,True
D0__CAL_R3_K125,D0,125,CAL,R3,566,PEO-H__0868,PE O-17:1_22:3,PE,0.000110635501923827,,NOT_COMPUTED,False,False,False,False
D0__CAL_R3_K125,D0,125,CAL,R3,567,PEO-H__0869,PE O-17:1_22:4,PE,3.658144745914338e-08,,NOT_COMPUTED,False,False,False,False
D0__CAL_R3_K125,D0,125,CAL,R3,568,PEO-H__0870,PE O-17:1_22:5,PE,0.0004734730364451061,,NOT_COMPUTED,False,False,False,False
D0__CAL_R3_K125,D0,125,CAL,R3,569,PEO-H__0871,PE O-17:1_22:6,PE,0.001286103034640987,3.4932600259446025e-24,COMPUTED,True,False,False,False
D0__CAL_R3_K125,D0,125,CAL,R3,570,PEO-H__0872,PE O-17:1_24:4,PE,0.0,,NOT_COMPUTED,False,False,False,False
D0__CAL_R3_K125,D0,125,CAL,R3,571,PG-H__0043,PG 12:0_22:0,PG,0.0,,NOT_COMPUTED,False,False,False,False
D0__CAL_R3_K125,D0,125,CAL,R3,572,PG-H__0044,PG 14:0_20:0,PG,1.066733478301688e-05,,NOT_COMPUTED,False,False,False,False
D0__CAL_R3_K125,D0,125,CAL,R3,573,PG-H__0045,PG 16:0_18:0,PG,0.0,,NOT_COMPUTED,False,False,False,False
D0__CAL_R3_K125,D0,125,CAL,R3,574,PG-H__0046,PG 12:0_24:6,PG,0.02585512091806661,4.238930083563646e-05,COMPUTED,True,True,True,True
D0__CAL_R3_K125,D0,125,CAL,R3,575,PG-H__0047,PG 14:0_22:6,PG,0.0061277732146870914,0.0,COMPUTED,True,False,False,False
D0__CAL_R3_K125,D0,125,CAL,R3,576,PG-H__0048,PG 16:1_20:5,PG,0.0013533339906426772,1.7301528887374093e-26,COMPUTED,True,False,False,False
D0__CAL_R3_K125,D0,125,CAL,R3,577,PG-H__0049,PG 18:3_18:3,PG,0.007266794755916066,2.1679969051634747e-06,COMPUTED,True,True,True,True
D0__CAL_R3_K125,D0,125,CAL,R3,578,PG-H__0050,PG 12:0_24:5,PG,0.0022901945807135495,1.5378418104375475e-26,COMPUTED,True,False,False,False
D0__CAL_R3_K125,D0,125,CAL,R3,579,PG-H__0051,PG 14:0_22:5,PG,0.006125634369257833,6.26000391002547e-07,COMPUTED,True,True,True,True
D0__CAL_R3_K125,D0,125,CAL,R3,580,PG-H__0052,PG 16:0_20:5,PG,0.001698268761145934,2.798511057168494e-29,COMPUTED,True,False,False,False
D0__CAL_R3_K125,D0,125,CAL,R3,581,PG-H__0053,PG 16:1_20:4,PG,0.027707956023493144,1.2670027040700695e-05,COMPUTED,True,True,True,True
D0__CAL_R3_K125,D0,125,CAL,R3,582,PG-H__0054,PG 18:2_18:3,PG,0.01638256804248003,4.978308158577298e-07,COMPUTED,True,True,True,True
D0__CAL_R3_K125,D0,125,CAL,R3,583,PG-H__0055,PG 12:0_24:4,PG,9.530321634055047e-05,,NOT_COMPUTED,False,False,False,False
D0__CAL_R3_K125,D0,125,CAL,R3,584,PG-H__0056,PG 14:0_22:4,PG,0.0033927975113061293,1.8525290946093858e-29,COMPUTED,True,False,False,False
D0__CAL_R3_K125,D0,125,CAL,R3,585,PG-H__0057,PG 16:0_20:4,PG,0.0002596431443011209,,NOT_COMPUTED,False,False,False,False
D0__CAL_R3_K125,D0,125,CAL,R3,586,PG-H__0058,PG 16:1_20:3,PG,0.009301442422003403,4.2138475907635386e-07,COMPUTED,True,True,True,True
D0__CAL_R3_K125,D0,125,CAL,R3,587,PG-H__0059,PG 18:1_18:3,PG,0.0012319971856816477,0.0,COMPUTED,True,False,False,False
D0__CAL_R3_K125,D0,125,CAL,R3,588,PG-H__0060,PG 18:2_18:2,PG,0.002687661983561644,0.0,COMPUTED,True,False,False,False
D0__CAL_R3_K125,D0,125,CAL,R3,589,PG-H__0061,PG 12:0_24:3,PG,0.0003889054832469311,,NOT_COMPUTED,False,False,False,False
D0__CAL_R3_K125,D0,125,CAL,R3,590,PG-H__0062,PG 14:0_22:3,PG,0.001135359131995231,0.0,COMPUTED,True,False,False,False
D0__CAL_R3_K125,D0,125,CAL,R3,591,PG-H__0063,PG 16:0_20:3,PG,0.0032755134335904624,3.74648820473015e-23,COMPUTED,True,False,False,False
D0__CAL_R3_K125,D0,125,CAL,R3,592,PG-H__0064,PG 16:1_20:2,PG,0.0037826421345761876,1.2364593922566005e-08,COMPUTED,True,True,True,True
D0__CAL_R3_K125,D0,125,CAL,R3,593,PG-H__0065,PG 18:0_18:3,PG,1.7755853174696537e-06,,NOT_COMPUTED,False,False,False,False
D0__CAL_R3_K125,D0,125,CAL,R3,594,PG-H__0066,PG 18:1_18:2,PG,0.0007177161565967046,,NOT_COMPUTED,False,False,False,False
D0__CAL_R3_K125,D0,125,CAL,R3,595,PG-H__0067,PG 12:0_24:2,PG,0.0016327437441100228,2.4058513017952583e-08,COMPUTED,True,True,True,True
D0__CAL_R3_K125,D0,125,CAL,R3,596,PG-H__0068,PG 14:0_22:2,PG,0.0010069677181977542,0.0,COMPUTED,True,False,False,False
D0__CAL_R3_K125,D0,125,CAL,R3,597,PG-H__0069,PG 16:0_20:2,PG,0.0007091443665589637,,NOT_COMPUTED,False,False,False,False
D0__CAL_R3_K125,D0,125,CAL,R3,598,PG-H__0070,PG 16:1_20:1,PG,0.0027449079114349895,0.0,COMPUTED,True,False,False,False
D0__CAL_R3_K125,D0,125,CAL,R3,599,PG-H__0071,PG 18:0_18:2,PG,0.0,,NOT_COMPUTED,False,False,False,False
D0__CAL_R3_K125,D0,125,CAL,R3,600,PG-H__0072,PG 18:1_18:1,PG,0.0022369794914063167,0.0,COMPUTED,True,False,False,False
D0__CAL_R3_K125,D0,125,CAL,R3,601,PG-H__0073,PG 12:0_24:1,PG,0.009907904324346342,8.509192995010096e-23,COMPUTED,True,False,False,False
D0__CAL_R3_K125,D0,125,CAL,R3,602,PG-H__0074,PG 14:0_22:1,PG,0.0006409275781561553,,NOT_COMPUTED,False,False,False,False
D0__CAL_R3_K125,D0,125,CAL,R3,603,PG-H__0075,PG 16:0_20:1,PG,0.018402520318285584,6.587591825164124e-07,COMPUTED,True,True,True,True
D0__CAL_R3_K125,D0,125,CAL,R3,604,PG-H__0076,PG 20:0_16:1,PG,0.00400016711989035,7.227403580507385e-27,COMPUTED,True,False,False,False
D0__CAL_R3_K125,D0,125,CAL,R3,605,PG-H__0077,PG 18:0_18:1,PG,0.0004191293057710617,,NOT_COMPUTED,False,False,False,False
D0__CAL_R3_K125,D0,125,CAL,R3,606,PG-H__0078,PG 12:0_24:0,PG,0.008948379809585119,6.952853397155244e-08,COMPUTED,True,True,True,True
D0__CAL_R3_K125,D0,125,CAL,R3,607,PG-H__0079,PG 14:0_22:0,PG,0.016866199113890236,3.122484780776293e-07,COMPUTED,True,True,True,True
D0__CAL_R3_K125,D0,125,CAL,R3,608,PG-H__0080,PG 16:0_20:0,PG,0.0004873522213950473,,NOT_COMPUTED,False,False,False,False
D0__CAL_R3_K125,D0,125,CAL,R3,609,PG-H__0081,PG 18:0_18:0,PG,0.0025817424537553273,0.0,COMPUTED,True,False,False,False
D0__CAL_R3_K125,D0,125,CAL,R3,610,PG-H__0082,PG 18:3_20:5,PG,0.025437294141124996,2.5784543385470194e-05,COMPUTED,True,True,True,True
D0__CAL_R3_K125,D0,125,CAL,R3,611,PG-H__0083,PG 16:1_22:6,PG,0.0003589397489331228,,NOT_COMPUTED,False,False,False,False
D0__CAL_R3_K125,D0,125,CAL,R3,612,PG-H__0084,PG 18:2_20:5,PG,0.0007226029853429516,,NOT_COMPUTED,False,False,False,False
D0__CAL_R3_K125,D0,125,CAL,R3,613,PG-H__0085,PG 18:3_20:4,PG,0.00044630541641650526,,NOT_COMPUTED,False,False,False,False
D0__CAL_R3_K125,D0,125,CAL,R3,614,PG-H__0086,PG 14:0_24:6,PG,1.185500129042095e-06,,NOT_COMPUTED,False,False,False,False
D0__CAL_R3_K125,D0,125,CAL,R3,615,PG-H__0087,PG 16:0_22:6,PG,0.0,,NOT_COMPUTED,False,False,False,False
D0__CAL_R3_K125,D0,125,CAL,R3,616,PG-H__0088,PG 16:1_22:5,PG,0.0,,NOT_COMPUTED,False,False,False,False
D0__CAL_R3_K125,D0,125,CAL,R3,617,PG-H__0089,PG 18:1_20:5,PG,0.0,,NOT_COMPUTED,False,False,False,False
D0__CAL_R3_K125,D0,125,CAL,R3,618,PG-H__0090,PG 18:2_20:4,PG,1.3209497103070452e-05,,NOT_COMPUTED,False,False,False,False
D0__CAL_R3_K125,D0,125,CAL,R3,619,PG-H__0091,PG 18:3_20:3,PG,0.0,,NOT_COMPUTED,False,False,False,False
D0__CAL_R3_K125,D0,125,CAL,R3,620,PG-H__0092,PG 14:0_24:5,PG,0.0,,NOT_COMPUTED,False,False,False,False
D0__CAL_R3_K125,D0,125,CAL,R3,621,PG-H__0093,PG 16:0_22:5,PG,3.681773667505965e-08,,NOT_COMPUTED,False,False,False,False
D0__CAL_R3_K125,D0,125,CAL,R3,622,PG-H__0094,PG 16:1_22:4,PG,0.0,,NOT_COMPUTED,False,False,False,False
D0__CAL_R3_K125,D0,125,CAL,R3,623,PG-H__0095,PG 18:0_20:5,PG,1.6958176299176653e-07,,NOT_COMPUTED,False,False,False,False
D0__CAL_R3_K125,D0,125,CAL,R3,624,PG-H__0096,PG 18:1_20:4,PG,1.4021876064037383e-05,,NOT_COMPUTED,False,False,False,False
D0__CAL_R3_K125,D0,125,CAL,R3,625,PG-H__0097,PG 18:2_20:3,PG,0.0,,NOT_COMPUTED,False,False,False,False
D0__CAL_R3_K125,D0,125,CAL,R3,626,PG-H__0098,PG 20:2_18:3,PG,8.931184680457313e-06,,NOT_COMPUTED,False,False,False,False
D0__CAL_R3_K125,D0,125,CAL,R3,627,PG-H__0099,PG 14:0_24:4,PG,1.7299533782504665e-11,,NOT_COMPUTED,False,False,False,False
D0__CAL_R3_K125,D0,125,CAL,R3,628,PG-H__0100,PG 16:0_22:4,PG,1.8702119246243776e-08,,NOT_COMPUTED,False,False,False,False
D0__CAL_R3_K125,D0,125,CAL,R3,629,PG-H__0101,PG 16:1_22:3,PG,0.0,,NOT_COMPUTED,False,False,False,False
D0__CAL_R3_K125,D0,125,CAL,R3,630,PG-H__0102,PG 18:0_20:4,PG,3.974618846797232e-07,,NOT_COMPUTED,False,False,False,False
D0__CAL_R3_K125,D0,125,CAL,R3,631,PG-H__0103,PG 18:1_20:3,PG,0.0,,NOT_COMPUTED,False,False,False,False
D0__CAL_R3_K125,D0,125,CAL,R3,632,PG-H__0104,PG 18:2_20:2,PG,0.0,,NOT_COMPUTED,False,False,False,False
D0__CAL_R3_K125,D0,125,CAL,R3,633,PG-H__0105,PG 20:1_18:3,PG,3.902304680624975e-06,,NOT_COMPUTED,False,False,False,False
D0__CAL_R3_K125,D0,125,CAL,R3,634,PG-H__0421,PG 13:0_22:0,PG,0.0,,NOT_COMPUTED,False,False,False,False
D0__CAL_R3_K125,D0,125,CAL,R3,635,PG-H__0422,PG 13:0_22:1,PG,0.0,,NOT_COMPUTED,False,False,False,False
D0__CAL_R3_K125,D0,125,CAL,R3,636,PG-H__0423,PG 13:0_22:2,PG,0.0,,NOT_COMPUTED,False,False,False,False
D0__CAL_R3_K125,D0,125,CAL,R3,637,PG-H__0424,PG 13:0_22:3,PG,0.0,,NOT_COMPUTED,False,False,False,False
D0__CAL_R3_K125,D0,125,CAL,R3,638,PG-H__0425,PG 13:0_22:4,PG,0.0,,NOT_COMPUTED,False,False,False,False
D0__CAL_R3_K125,D0,125,CAL,R3,639,PG-H__0426,PG 13:0_22:5,PG,0.0,,NOT_COMPUTED,False,False,False,False
D0__CAL_R3_K125,D0,125,CAL,R3,640,PG-H__0427,PG 13:0_22:6,PG,0.0,,NOT_COMPUTED,False,False,False,False
D0__CAL_R3_K125,D0,125,CAL,R3,641,PG-H__0428,PG 13:0_24:4,PG,0.00010844174921953152,,NOT_COMPUTED,False,False,False,False
D0__CAL_R3_K125,D0,125,CAL,R3,642,PG-H__0437,PG 15:0_20:0,PG,0.0,,NOT_COMPUTED,False,False,False,False
D0__CAL_R3_K125,D0,125,CAL,R3,643,PG-H__0438,PG 15:0_20:1,PG,0.0,,NOT_COMPUTED,False,False,False,False
D0__CAL_R3_K125,D0,125,CAL,R3,644,PG-H__0439,PG 15:0_20:2,PG,0.0,,NOT_COMPUTED,False,False,False,False
D0__CAL_R3_K125,D0,125,CAL,R3,645,PG-H__0440,PG 15:0_20:3,PG,0.0,,NOT_COMPUTED,False,False,False,False
D0__CAL_R3_K125,D0,125,CAL,R3,646,PG-H__0441,PG 15:0_20:4,PG,0.0,,NOT_COMPUTED,False,False,False,False
D0__CAL_R3_K125,D0,125,CAL,R3,647,PG-H__0442,PG 15:0_20:5,PG,0.0,,NOT_COMPUTED,False,False,False,False
D0__CAL_R3_K125,D0,125,CAL,R3,648,PG-H__0443,PG 15:0_22:0,PG,0.007480678120793215,1.0716797665245922e-06,COMPUTED,True,True,True,True
D0__CAL_R3_K125,D0,125,CAL,R3,649,PG-H__0444,PG 15:0_22:1,PG,0.02556340396264053,1.5889271004606298e-06,COMPUTED,True,True,True,True
D0__CAL_R3_K125,D0,125,CAL,R3,650,PG-H__0445,PG 15:0_22:2,PG,0.0,,NOT_COMPUTED,False,False,False,False
D0__CAL_R3_K125,D0,125,CAL,R3,651,PG-H__0446,PG 15:0_22:3,PG,0.0,,NOT_COMPUTED,False,False,False,False
D0__CAL_R3_K125,D0,125,CAL,R3,652,PG-H__0447,PG 15:0_22:4,PG,0.01582273428648231,4.470050950615685e-22,COMPUTED,True,False,False,False
D0__CAL_R3_K125,D0,125,CAL,R3,653,PG-H__0448,PG 15:0_22:5,PG,0.0,,NOT_COMPUTED,False,False,False,False
D0__CAL_R3_K125,D0,125,CAL,R3,654,PG-H__0449,PG 15:0_22:6,PG,0.0,,NOT_COMPUTED,False,False,False,False
D0__CAL_R3_K125,D0,125,CAL,R3,655,PG-H__0455,PG 17:0_18:0,PG,0.0,,NOT_COMPUTED,False,False,False,False
D0__CAL_R3_K125,D0,125,CAL,R3,656,PG-H__0456,PG 17:0_18:1,PG,0.0,,NOT_COMPUTED,False,False,False,False
D0__CAL_R3_K125,D0,125,CAL,R3,657,PG-H__0457,PG 17:0_18:2,PG,0.0,,NOT_COMPUTED,False,False,False,False
D0__CAL_R3_K125,D0,125,CAL,R3,658,PG-H__0458,PG 17:0_18:3,PG,1.4589833915700538e-07,,NOT_COMPUTED,False,False,False,False
D0__CAL_R3_K125,D0,125,CAL,R3,659,PG-H__0459,PG 17:0_20:0,PG,0.004178871394763203,0.0,COMPUTED,True,False,False,False
D0__CAL_R3_K125,D0,125,CAL,R3,660,PG-H__0460,PG 17:0_20:1,PG,0.004661210845908275,1.045916237954457e-21,COMPUTED,True,False,False,False
D0__CAL_R3_K125,D0,125,CAL,R3,661,PG-H__0461,PG 17:0_20:2,PG,0.0,,NOT_COMPUTED,False,False,False,False
D0__CAL_R3_K125,D0,125,CAL,R3,662,PG-H__0462,PG 17:0_20:3,PG,0.0,,NOT_COMPUTED,False,False,False,False
D0__CAL_R3_K125,D0,125,CAL,R3,663,PG-H__0463,PG 17:0_20:4,PG,0.011919184274575117,1.963792719473379e-06,COMPUTED,True,True,True,True
D0__CAL_R3_K125,D0,125,CAL,R3,664,PG-H__0464,PG 17:0_20:5,PG,0.0,,NOT_COMPUTED,False,False,False,False
D0__CAL_R3_K125,D0,125,CAL,R3,665,PG-H__0477,PG 18:0_17:1,PG,0.0,,NOT_COMPUTED,False,False,False,False
D0__CAL_R3_K125,D0,125,CAL,R3,666,PG-H__0478,PG 17:1_18:1,PG,0.0,,NOT_COMPUTED,False,False,False,False
D0__CAL_R3_K125,D0,125,CAL,R3,667,PG-H__0479,PG 17:1_18:2,PG,0.0,,NOT_COMPUTED,False,False,False,False
D0__CAL_R3_K125,D0,125,CAL,R3,668,PG-H__0480,PG 17:1_18:3,PG,7.675239306923913e-08,,NOT_COMPUTED,False,False,False,False
D0__CAL_R3_K125,D0,125,CAL,R3,669,PG-H__0481,PG 20:0_17:1,PG,0.0005839721480013498,,NOT_COMPUTED,False,False,False,False
D0__CAL_R3_K125,D0,125,CAL,R3,670,PG-H__0482,PG 17:1_20:1,PG,0.0,,NOT_COMPUTED,False,False,False,False
D0__CAL_R3_K125,D0,125,CAL,R3,671,PG-H__0483,PG 17:1_20:2,PG,0.0,,NOT_COMPUTED,False,False,False,False
D0__CAL_R3_K125,D0,125,CAL,R3,672,PG-H__0484,PG 17:1_20:3,PG,0.008358326773889016,3.911114173128143e-23,COMPUTED,True,False,False,False
D0__CAL_R3_K125,D0,125,CAL,R3,673,PG-H__0485,PG 17:1_20:4,PG,9.279652360092028e-06,,NOT_COMPUTED,False,False,False,False
D0__CAL_R3_K125,D0,125,CAL,R3,674,PG-H__0486,PG 17:1_20:5,PG,9.280498113230535e-05,,NOT_COMPUTED,False,False,False,False
D0__CAL_R3_K125,D0,125,CAL,R3,675,PG-H__0502,PG 17:0_17:0,PG,0.001214814233901639,1.196406967232272e-26,COMPUTED,True,False,False,False
D0__CAL_R3_K125,D0,125,CAL,R3,676,PI-H__0003,PI 12:0_16:0,PI,0.00021896521404628092,,NOT_COMPUTED,False,False,False,False
D0__CAL_R3_K125,D0,125,CAL,R3,677,PI-H__0004,PI 12:0_16:1,PI,0.00025133784816149863,,NOT_COMPUTED,False,False,False,False
D0__CAL_R3_K125,D0,125,CAL,R3,678,PI-H__0005,PI 12:0_18:0,PI,0.010283536319501746,1.0775956612834845e-05,COMPUTED,True,True,True,True
D0__CAL_R3_K125,D0,125,CAL,R3,679,PI-H__0006,PI 12:0_18:1,PI,9.722488462755735e-06,,NOT_COMPUTED,False,False,False,False
D0__CAL_R3_K125,D0,125,CAL,R3,680,PI-H__0007,PI 12:0_18:2,PI,1.1605816022547448e-05,,NOT_COMPUTED,False,False,False,False
D0__CAL_R3_K125,D0,125,CAL,R3,681,PI-H__0008,PI 12:0_18:3,PI,0.007165001758984451,0.0001214798914184538,COMPUTED,True,True,True,True
D0__CAL_R3_K125,D0,125,CAL,R3,682,PI-H__0029,PI 14:0_14:0,PI,0.0,,NOT_COMPUTED,False,False,False,False
D0__CAL_R3_K125,D0,125,CAL,R3,683,PI-H__0030,PI 14:0_16:0,PI,5.5703633686404035e-05,,NOT_COMPUTED,False,False,False,False
D0__CAL_R3_K125,D0,125,CAL,R3,684,PI-H__0031,PI 14:0_16:1,PI,0.0,,NOT_COMPUTED,False,False,False,False
D0__CAL_R3_K125,D0,125,CAL,R3,685,PI-H__0409,PI 13:0_16:0,PI,0.001081216038326418,0.0,COMPUTED,True,False,False,False
D0__CAL_R3_K125,D0,125,CAL,R3,686,PI-H__0410,PI 13:0_16:1,PI,0.00634268031647586,3.767719582133327e-06,COMPUTED,True,True,True,True
D0__CAL_R3_K125,D0,125,CAL,R3,687,PI-H__0411,PI 13:0_18:0,PI,0.00045761001318476074,,NOT_COMPUTED,False,False,False,False
D0__CAL_R3_K125,D0,125,CAL,R3,688,PI-H__0412,PI 13:0_18:1,PI,0.0013325666493917989,4.36679680840937e-23,COMPUTED,True,False,False,False
D0__CAL_R3_K125,D0,125,CAL,R3,689,PI-H__0413,PI 13:0_18:2,PI,0.0005032099929123626,,NOT_COMPUTED,False,False,False,False
D0__CAL_R3_K125,D0,125,CAL,R3,690,PI-H__0414,PI 13:0_18:3,PI,0.0397519139492557,7.129796938266301e-05,COMPUTED,True,True,True,True
D0__CAL_R3_K125,D0,125,CAL,R3,691,PI-H__0430,PI 14:0_15:0,PI,0.001995446755375682,0.0,COMPUTED,True,False,False,False
D0__CAL_R3_K125,D0,125,CAL,R3,692,PI-H__0431,PI 15:0_16:0,PI,0.0008452442036852918,,NOT_COMPUTED,False,False,False,False
D0__CAL_R3_K125,D0,125,CAL,R3,693,PI-H__0432,PI 15:0_16:1,PI,0.01567119364649096,7.68306877323531e-06,COMPUTED,True,True,True,True
D0__CAL_R3_K125,D0,125,CAL,R3,694,PI-H__0451,PI 12:0_17:0,PI,0.0007948240364243937,,NOT_COMPUTED,False,False,False,False
D0__CAL_R3_K125,D0,125,CAL,R3,695,PI-H__0452,PI 14:0_17:0,PI,0.00558773102657135,2.8705820329062864e-06,COMPUTED,True,True,True,True
D0__CAL_R3_K125,D0,125,CAL,R3,696,PI-H__0473,PI 12:0_17:1,PI,0.0013791744627290891,1.7067979524316613e-22,COMPUTED,True,False,False,False
D0__CAL_R3_K125,D0,125,CAL,R3,697,PI-H__0474,PI 14:0_17:1,PI,0.01097107169433716,2.3013853875589574e-05,COMPUTED,True,True,True,True
D0__CAL_R3_K125,D0,125,CAL,R3,698,PI-H__0496,PI 13:0_15:0,PI,0.000583616922061664,,NOT_COMPUTED,False,False,False,False
D0__CAL_R3_K125,D0,125,CAL,R3,699,PI-H__0497,PI 13:0_17:0,PI,0.02787967098145334,0.00014401776938128294,COMPUTED,True,True,True,True
D0__CAL_R3_K125,D0,125,CAL,R3,700,PI-H__0498,PI 13:0_17:1,PI,0.0,,NOT_COMPUTED,False,False,False,False
D0__CAL_R3_K125,D0,125,CAL,R3,701,PI-H__0499,PI 15:0_15:0,PI,0.00495964415498911,6.147566917796288e-22,COMPUTED,True,False,False,False
D0__CAL_R3_K125,D0,125,CAL,R3,702,PC+HCOO__0005,PC 12:0_18:0,PC,0.0010402377246144946,6.481193397950491e-23,COMPUTED,True,False,False,False
D0__CAL_R3_K125,D0,125,CAL,R3,703,PC+HCOO__0006,PC 12:0_18:1,PC,0.00015133803826996683,,NOT_COMPUTED,False,False,False,False
D0__CAL_R3_K125,D0,125,CAL,R3,704,PC+HCOO__0009,PC 12:0_20:0,PC,4.897961629894664e-05,,NOT_COMPUTED,False,False,False,False
D0__CAL_R3_K125,D0,125,CAL,R3,705,PC+HCOO__0010,PC 12:0_20:1,PC,4.92782799031661e-07,,NOT_COMPUTED,False,False,False,False
D0__CAL_R3_K125,D0,125,CAL,R3,706,PC+HCOO__0011,PC 12:0_20:2,PC,1.223359360219899e-05,,NOT_COMPUTED,False,False,False,False
D0__CAL_R3_K125,D0,125,CAL,R3,707,PC+HCOO__0012,PC 12:0_20:3,PC,0.00013169697300793276,,NOT_COMPUTED,False,False,False,False
D0__CAL_R3_K125,D0,125,CAL,R3,708,PC+HCOO__0013,PC 12:0_20:4,PC,2.754914243150821e-05,,NOT_COMPUTED,False,False,False,False
D0__CAL_R3_K125,D0,125,CAL,R3,709,PC+HCOO__0014,PC 12:0_20:5,PC,9.10631858594807e-06,,NOT_COMPUTED,False,False,False,False
D0__CAL_R3_K125,D0,125,CAL,R3,710,PC+HCOO__0020,PC 12:0_22:5,PC,0.006046494357430755,2.5009025863119062e-06,COMPUTED,True,True,True,True
D0__CAL_R3_K125,D0,125,CAL,R3,711,PC+HCOO__0021,PC 12:0_22:6,PC,2.8214738482856734e-08,,NOT_COMPUTED,False,False,False,False
D0__CAL_R3_K125,D0,125,CAL,R3,712,PC+HCOO__0030,PC 14:0_16:0,PC,4.608223069258077e-06,,NOT_COMPUTED,False,False,False,False
D0__CAL_R3_K125,D0,125,CAL,R3,713,PC+HCOO__0031,PC 14:0_16:1,PC,6.168278176418634e-09,,NOT_COMPUTED,False,False,False,False
D0__CAL_R3_K125,D0,125,CAL,R3,714,PC+HCOO__0032,PC 14:0_18:0,PC,8.216687947051327e-05,,NOT_COMPUTED,False,False,False,False
D0__CAL_R3_K125,D0,125,CAL,R3,715,PC+HCOO__0033,PC 14:0_18:1,PC,3.0496623726415904e-05,,NOT_COMPUTED,False,False,False,False
D0__CAL_R3_K125,D0,125,CAL,R3,716,PC+HCOO__0034,PC 14:0_18:2,PC,0.0,,NOT_COMPUTED,False,False,False,False
D0__CAL_R3_K125,D0,125,CAL,R3,717,PC+HCOO__0035,PC 14:0_18:3,PC,0.0,,NOT_COMPUTED,False,False,False,False
D0__CAL_R3_K125,D0,125,CAL,R3,718,PC+HCOO__0041,PC 14:0_20:5,PC,0.002557912998346609,3.631155612358053e-21,COMPUTED,True,False,False,False
D0__CAL_R3_K125,D0,125,CAL,R3,719,PC+HCOO__0056,PC 16:0_16:0,PC,2.324121103078888e-06,,NOT_COMPUTED,False,False,False,False
D0__CAL_R3_K125,D0,125,CAL,R3,720,PC+HCOO__0057,PC 16:0_16:1,PC,0.0,,NOT_COMPUTED,False,False,False,False
D0__CAL_R3_K125,D0,125,CAL,R3,721,PC+HCOO__0082,PC 16:1_16:1,PC,0.0,,NOT_COMPUTED,False,False,False,False
D0__CAL_R3_K125,D0,125,CAL,R3,722,PC+HCOO__0411,PC 13:0_18:0,PC,8.09948446876897e-07,,NOT_COMPUTED,False,False,False,False
D0__CAL_R3_K125,D0,125,CAL,R3,723,PC+HCOO__0412,PC 13:0_18:1,PC,0.0,,NOT_COMPUTED,False,False,False,False
D0__CAL_R3_K125,D0,125,CAL,R3,724,PC+HCOO__0413,PC 13:0_18:2,PC,0.0,,NOT_COMPUTED,False,False,False,False
D0__CAL_R3_K125,D0,125,CAL,R3,725,PC+HCOO__0414,PC 13:0_18:3,PC,5.30489968094538e-05,,NOT_COMPUTED,False,False,False,False
D0__CAL_R3_K125,D0,125,CAL,R3,726,PC+HCOO__0415,PC 13:0_20:0,PC,3.505522431538182e-05,,NOT_COMPUTED,False,False,False,False
D0__CAL_R3_K125,D0,125,CAL,R3,727,PC+HCOO__0416,PC 13:0_20:1,PC,0.005667140855900286,2.0505513976218942e-06,COMPUTED,True,True,True,True
D0__CAL_R3_K125,D0,125,CAL,R3,728,PC+HCOO__0417,PC 13:0_20:2,PC,9.829666580779022e-05,,NOT_COMPUTED,False,False,False,False
D0__CAL_R3_K125,D0,125,CAL,R3,729,PC+HCOO__0418,PC 13:0_20:3,PC,6.936106398319952e-05,,NOT_COMPUTED,False,False,False,False
D0__CAL_R3_K125,D0,125,CAL,R3,730,PC+HCOO__0419,PC 13:0_20:4,PC,1.5019635911721745e-05,,NOT_COMPUTED,False,False,False,False
D0__CAL_R3_K125,D0,125,CAL,R3,731,PC+HCOO__0420,PC 13:0_20:5,PC,8.67149449588746e-06,,NOT_COMPUTED,False,False,False,False
D0__CAL_R3_K125,D0,125,CAL,R3,732,PC+HCOO__0431,PC 15:0_16:0,PC,0.000252093375514853,,NOT_COMPUTED,False,False,False,False
D0__CAL_R3_K125,D0,125,CAL,R3,733,PC+HCOO__0432,PC 15:0_16:1,PC,0.0,,NOT_COMPUTED,False,False,False,False
D0__CAL_R3_K125,D0,125,CAL,R3,734,PC+HCOO__0433,PC 15:0_18:0,PC,0.0,,NOT_COMPUTED,False,False,False,False
D0__CAL_R3_K125,D0,125,CAL,R3,735,PC+HCOO__0434,PC 15:0_18:1,PC,0.00024599840514835045,,NOT_COMPUTED,False,False,False,False
D0__CAL_R3_K125,D0,125,CAL,R3,736,PC+HCOO__0435,PC 15:0_18:2,PC,0.0003866627712952248,,NOT_COMPUTED,False,False,False,False
D0__CAL_R3_K125,D0,125,CAL,R3,737,PC+HCOO__0436,PC 15:0_18:3,PC,0.0,,NOT_COMPUTED,False,False,False,False
D0__CAL_R3_K125,D0,125,CAL,R3,738,PC+HCOO__0452,PC 14:0_17:0,PC,0.0013163506022291732,0.0,COMPUTED,True,False,False,False
D0__CAL_R3_K125,D0,125,CAL,R3,739,PC+HCOO__0453,PC 16:0_17:0,PC,7.68986772260228e-06,,NOT_COMPUTED,False,False,False,False
D0__CAL_R3_K125,D0,125,CAL,R3,740,PC+HCOO__0454,PC 17:0_16:1,PC,0.0009951232989868306,,NOT_COMPUTED,False,False,False,False
D0__CAL_R3_K125,D0,125,CAL,R3,741,PC+HCOO__0474,PC 14:0_17:1,PC,1.6161633303887044e-05,,NOT_COMPUTED,False,False,False,False
D0__CAL_R3_K125,D0,125,CAL,R3,742,PC+HCOO__0475,PC 16:0_17:1,PC,2.2537160428756388e-05,,NOT_COMPUTED,False,False,False,False
D0__CAL_R3_K125,D0,125,CAL,R3,743,PC+HCOO__0476,PC 16:1_17:1,PC,0.017264903148684927,7.94496344473071e-05,COMPUTED,True,True,True,True
D0__CAL_R3_K125,D0,125,CAL,R3,744,PC+HCOO__0497,PC 13:0_17:0,PC,0.0009300848191124672,,NOT_COMPUTED,False,False,False,False
D0__CAL_R3_K125,D0,125,CAL,R3,745,PC+HCOO__0498,PC 13:0_17:1,PC,0.00031054735591730235,,NOT_COMPUTED,False,False,False,False
D0__CAL_R3_K125,D0,125,CAL,R3,746,PC+HCOO__0499,PC 15:0_15:0,PC,0.0,,NOT_COMPUTED,False,False,False,False
D0__CAL_R3_K125,D0,125,CAL,R3,747,PC+HCOO__0500,PC 15:0_17:0,PC,0.0005654184991243139,,NOT_COMPUTED,False,False,False,False
D0__CAL_R3_K125,D0,125,CAL,R3,748,PC+HCOO__0501,PC 15:0_17:1,PC,0.0,,NOT_COMPUTED,False,False,False,False
D0__CAL_R3_K125,D0,125,CAL,R3,749,PCO+HCOO__0009,PC O-12:0_20:0,PC,6.16756959194978e-06,,NOT_COMPUTED,False,False,False,False
D0__CAL_R3_K125,D0,125,CAL,R3,750,PCO+HCOO__0010,PC O-12:0_20:1,PC,1.0314024826058341e-07,,NOT_COMPUTED,False,False,False,False
D0__CAL_R3_K125,D0,125,CAL,R3,751,PCO+HCOO__0011,PC O-12:0_20:2,PC,0.0,,NOT_COMPUTED,False,False,False,False
D0__CAL_R3_K125,D0,125,CAL,R3,752,PCO+HCOO__0012,PC O-12:0_20:3,PC,2.1938364486465092e-07,,NOT_COMPUTED,False,False,False,False
D0__CAL_R3_K125,D0,125,CAL,R3,753,PCO+HCOO__0013,PC O-12:0_20:4,PC,4.038138871586657e-06,,NOT_COMPUTED,False,False,False,False
D0__CAL_R3_K125,D0,125,CAL,R3,754,PCO+HCOO__0014,PC O-12:0_20:5,PC,0.0,,NOT_COMPUTED,False,False,False,False
D0__CAL_R3_K125,D0,125,CAL,R3,755,PCO+HCOO__0015,PC O-12:0_22:0,PC,2.3116646762642096e-08,,NOT_COMPUTED,False,False,False,False
D0__CAL_R3_K125,D0,125,CAL,R3,756,PCO+HCOO__0016,PC O-12:0_22:1,PC,0.0002475259475963986,,NOT_COMPUTED,False,False,False,False
D0__CAL_R3_K125,D0,125,CAL,R3,757,PCO+HCOO__0017,PC O-12:0_22:2,PC,0.0,,NOT_COMPUTED,False,False,False,False
D0__CAL_R3_K125,D0,125,CAL,R3,758,PCO+HCOO__0018,PC O-12:0_22:3,PC,1.4193547209629811e-09,,NOT_COMPUTED,False,False,False,False
D0__CAL_R3_K125,D0,125,CAL,R3,759,PCO+HCOO__0019,PC O-12:0_22:4,PC,0.0,,NOT_COMPUTED,False,False,False,False
D0__CAL_R3_K125,D0,125,CAL,R3,760,PCO+HCOO__0020,PC O-12:0_22:5,PC,0.0,,NOT_COMPUTED,False,False,False,False
D0__CAL_R3_K125,D0,125,CAL,R3,761,PCO+HCOO__0021,PC O-12:0_22:6,PC,4.636702651752276e-09,,NOT_COMPUTED,False,False,False,False
D0__CAL_R3_K125,D0,125,CAL,R3,762,PCO+HCOO__0032,PC O-14:0_18:0,PC,8.753457212957787e-07,,NOT_COMPUTED,False,False,False,False
D0__CAL_R3_K125,D0,125,CAL,R3,763,PCO+HCOO__0033,PC O-14:0_18:1,PC,9.776465602165312e-06,,NOT_COMPUTED,False,False,False,False
D0__CAL_R3_K125,D0,125,CAL,R3,764,PCO+HCOO__0034,PC O-14:0_18:2,PC,0.0,,NOT_COMPUTED,False,False,False,False
D0__CAL_R3_K125,D0,125,CAL,R3,765,PCO+HCOO__0035,PC O-14:0_18:3,PC,0.0,,NOT_COMPUTED,False,False,False,False
D0__CAL_R3_K125,D0,125,CAL,R3,766,PCO+HCOO__0036,PC O-14:0_20:0,PC,1.2834144304048853e-05,,NOT_COMPUTED,False,False,False,False
D0__CAL_R3_K125,D0,125,CAL,R3,767,PCO+HCOO__0037,PC O-14:0_20:1,PC,0.002418454607213226,3.7432913487401284e-24,COMPUTED,True,False,False,False
D0__CAL_R3_K125,D0,125,CAL,R3,768,PCO+HCOO__0038,PC O-14:0_20:2,PC,0.00011842466293028226,,NOT_COMPUTED,False,False,False,False
D0__CAL_R3_K125,D0,125,CAL,R3,769,PCO+HCOO__0039,PC O-14:0_20:3,PC,1.9100367904154785e-07,,NOT_COMPUTED,False,False,False,False
D0__CAL_R3_K125,D0,125,CAL,R3,770,PCO+HCOO__0040,PC O-14:0_20:4,PC,2.0368721896564735e-05,,NOT_COMPUTED,False,False,False,False
D0__CAL_R3_K125,D0,125,CAL,R3,771,PCO+HCOO__0041,PC O-14:0_20:5,PC,0.0,,NOT_COMPUTED,False,False,False,False
D0__CAL_R3_K125,D0,125,CAL,R3,772,PCO+HCOO__0056,PC O-16:0_16:0,PC,0.0,,NOT_COMPUTED,False,False,False,False
D0__CAL_R3_K125,D0,125,CAL,R3,773,PCO+HCOO__0057,PC O-16:0_16:1,PC,0.0,,NOT_COMPUTED,False,False,False,False
D0__CAL_R3_K125,D0,125,CAL,R3,774,PCO+HCOO__0058,PC O-16:0_18:0,PC,0.0,,NOT_COMPUTED,False,False,False,False
D0__CAL_R3_K125,D0,125,CAL,R3,775,PCO+HCOO__0059,PC O-16:0_18:1,PC,0.004926255002334458,0.0,COMPUTED,True,False,False,False
D0__CAL_R3_K125,D0,125,CAL,R3,776,PCO+HCOO__0060,PC O-16:0_18:2,PC,0.0012740800441722034,1.6235558416518427e-23,COMPUTED,True,False,False,False
D0__CAL_R3_K125,D0,125,CAL,R3,777,PCO+HCOO__0061,PC O-16:0_18:3,PC,0.02375460104489488,1.0474993717742876e-05,COMPUTED,True,True,True,True
D0__CAL_R3_K125,D0,125,CAL,R3,778,PCO+HCOO__0082,PC O-16:1_16:1,PC,0.0,,NOT_COMPUTED,False,False,False,False
D0__CAL_R3_K125,D0,125,CAL,R3,779,PCO+HCOO__0083,PC O-16:1_18:0,PC,0.004484683794910841,1.6182328500783965e-06,COMPUTED,True,True,True,True
D0__CAL_R3_K125,D0,125,CAL,R3,780,PCO+HCOO__0084,PC O-16:1_18:1,PC,0.00046108241980016596,,NOT_COMPUTED,False,False,False,False
D0__CAL_R3_K125,D0,125,CAL,R3,781,PCO+HCOO__0085,PC O-16:1_18:2,PC,0.010453425555744559,1.1231111271505776e-24,COMPUTED,True,False,False,False
D0__CAL_R3_K125,D0,125,CAL,R3,782,PCO+HCOO__0086,PC O-16:1_18:3,PC,0.0,,NOT_COMPUTED,False,False,False,False
D0__CAL_R3_K125,D0,125,CAL,R3,783,PCO+HCOO__0411,PC O-13:0_18:0,PC,0.0,,NOT_COMPUTED,False,False,False,False
D0__CAL_R3_K125,D0,125,CAL,R3,784,PCO+HCOO__0412,PC O-13:0_18:1,PC,1.6846017000199982e-05,,NOT_COMPUTED,False,False,False,False
D0__CAL_R3_K125,D0,125,CAL,R3,785,PCO+HCOO__0415,PC O-13:0_20:0,PC,0.00030230350410879927,,NOT_COMPUTED,False,False,False,False
D0__CAL_R3_K125,D0,125,CAL,R3,786,PCO+HCOO__0416,PC O-13:0_20:1,PC,4.5458504386690145e-06,,NOT_COMPUTED,False,False,False,False
D0__CAL_R3_K125,D0,125,CAL,R3,787,PCO+HCOO__0417,PC O-13:0_20:2,PC,5.169591761095986e-06,,NOT_COMPUTED,False,False,False,False
D0__CAL_R3_K125,D0,125,CAL,R3,788,PCO+HCOO__0418,PC O-13:0_20:3,PC,2.5422785257901924e-07,,NOT_COMPUTED,False,False,False,False
D0__CAL_R3_K125,D0,125,CAL,R3,789,PCO+HCOO__0419,PC O-13:0_20:4,PC,1.8380253404609972e-05,,NOT_COMPUTED,False,False,False,False
D0__CAL_R3_K125,D0,125,CAL,R3,790,PCO+HCOO__0420,PC O-13:0_20:5,PC,0.0,,NOT_COMPUTED,False,False,False,False
D0__CAL_R3_K125,D0,125,CAL,R3,791,PCO+HCOO__0426,PC O-13:0_22:5,PC,0.0,,NOT_COMPUTED,False,False,False,False
D0__CAL_R3_K125,D0,125,CAL,R3,792,PCO+HCOO__0427,PC O-13:0_22:6,PC,0.0,,NOT_COMPUTED,False,False,False,False
D0__CAL_R3_K125,D0,125,CAL,R3,793,PCO+HCOO__0431,PC O-15:0_16:0,PC,0.0,,NOT_COMPUTED,False,False,False,False
D0__CAL_R3_K125,D0,125,CAL,R3,794,PCO+HCOO__0432,PC O-15:0_16:1,PC,0.0,,NOT_COMPUTED,False,False,False,False
D0__CAL_R3_K125,D0,125,CAL,R3,795,PCO+HCOO__0433,PC O-15:0_18:0,PC,0.0,,NOT_COMPUTED,False,False,False,False
D0__CAL_R3_K125,D0,125,CAL,R3,796,PCO+HCOO__0434,PC O-15:0_18:1,PC,0.0,,NOT_COMPUTED,False,False,False,False
D0__CAL_R3_K125,D0,125,CAL,R3,797,PCO+HCOO__0435,PC O-15:0_18:2,PC,0.0,,NOT_COMPUTED,False,False,False,False
D0__CAL_R3_K125,D0,125,CAL,R3,798,PCO+HCOO__0436,PC O-15:0_18:3,PC,0.0,,NOT_COMPUTED,False,False,False,False
D0__CAL_R3_K125,D0,125,CAL,R3,799,PCO+HCOO__0442,PC O-15:0_20:5,PC,0.0,,NOT_COMPUTED,False,False,False,False
D0__CAL_R3_K125,D0,125,CAL,R3,800,PCO+HCOO__0452,PC O-14:0_17:0,PC,0.0005219788877458666,,NOT_COMPUTED,False,False,False,False
D0__CAL_R3_K125,D0,125,CAL,R3,801,PCO+HCOO__0453,PC O-16:0_17:0,PC,0.0,,NOT_COMPUTED,False,False,False,False
D0__CAL_R3_K125,D0,125,CAL,R3,802,PCO+HCOO__0454,PC O-16:1_17:0,PC,0.0,,NOT_COMPUTED,False,False,False,False
D0__CAL_R3_K125,D0,125,CAL,R3,803,PCO+HCOO__0474,PC O-14:0_17:1,PC,6.866726553627523e-08,,NOT_COMPUTED,False,False,False,False
D0__CAL_R3_K125,D0,125,CAL,R3,804,PCO+HCOO__0475,PC O-16:0_17:1,PC,5.718483806071961e-07,,NOT_COMPUTED,False,False,False,False
D0__CAL_R3_K125,D0,125,CAL,R3,805,PCO+HCOO__0476,PC O-16:1_17:1,PC,0.0,,NOT_COMPUTED,False,False,False,False
D0__CAL_R3_K125,D0,125,CAL,R3,806,PCO+HCOO__0500,PC O-15:0_17:0,PC,1.0066187928015128e-05,,NOT_COMPUTED,False,False,False,False
D0__CAL_R3_K125,D0,125,CAL,R3,807,PCO+HCOO__0501,PC O-15:0_17:1,PC,2.472584217281433e-07,,NOT_COMPUTED,False,False,False,False
D0__CAL_R3_K125,D0,125,CAL,R3,808,PCO+HCOO__0502,PC O-17:0_17:0,PC,0.0,,NOT_COMPUTED,False,False,False,False
D0__CAL_R3_K125,D0,125,CAL,R3,809,PCO+HCOO__0503,PC O-17:0_17:1,PC,0.0012506511022254817,1.233250541081296e-24,COMPUTED,True,False,False,False
D0__CAL_R3_K125,D0,125,CAL,R3,810,PCO+HCOO__0504,PC O-17:1_17:1,PC,0.006752646040400389,4.2548395264861417e-07,COMPUTED,True,True,True,True
D0__CAL_R3_K125,D0,125,CAL,R3,811,PC+CH3COO__0005,PC 12:0_18:0,PC,0.0,,NOT_COMPUTED,False,False,False,False
D0__CAL_R3_K125,D0,125,CAL,R3,812,PC+CH3COO__0006,PC 12:0_18:1,PC,0.0,,NOT_COMPUTED,False,False,False,False
D0__CAL_R3_K125,D0,125,CAL,R3,813,PC+CH3COO__0007,PC 12:0_18:2,PC,1.1809588656184152e-07,,NOT_COMPUTED,False,False,False,False
D0__CAL_R3_K125,D0,125,CAL,R3,814,PC+CH3COO__0008,PC 12:0_18:3,PC,9.02568063054463e-05,,NOT_COMPUTED,False,False,False,False
D0__CAL_R3_K125,D0,125,CAL,R3,815,PC+CH3COO__0009,PC 12:0_20:0,PC,0.0,,NOT_COMPUTED,False,False,False,False
D0__CAL_R3_K125,D0,125,CAL,R3,816,PC+CH3COO__0010,PC 12:0_20:1,PC,0.0,,NOT_COMPUTED,False,False,False,False
D0__CAL_R3_K125,D0,125,CAL,R3,817,PC+CH3COO__0011,PC 12:0_20:2,PC,3.703736106742731e-08,,NOT_COMPUTED,False,False,False,False
D0__CAL_R3_K125,D0,125,CAL,R3,818,PC+CH3COO__0012,PC 12:0_20:3,PC,2.01472620500095e-08,,NOT_COMPUTED,False,False,False,False
D0__CAL_R3_K125,D0,125,CAL,R3,819,PC+CH3COO__0013,PC 12:0_20:4,PC,0.0011782078568720125,3.685863517840531e-23,COMPUTED,True,False,False,False
D0__CAL_R3_K125,D0,125,CAL,R3,820,PC+CH3COO__0014,PC 12:0_20:5,PC,0.0015418154588583107,0.0,COMPUTED,True,False,False,False
D0__CAL_R3_K125,D0,125,CAL,R3,821,PC+CH3COO__0030,PC 14:0_16:0,PC,0.0,,NOT_COMPUTED,False,False,False,False
D0__CAL_R3_K125,D0,125,CAL,R3,822,PC+CH3COO__0031,PC 14:0_16:1,PC,7.328659168932547e-08,,NOT_COMPUTED,False,False,False,False
D0__CAL_R3_K125,D0,125,CAL,R3,823,PC+CH3COO__0032,PC 14:0_18:0,PC,0.0,,NOT_COMPUTED,False,False,False,False
D0__CAL_R3_K125,D0,125,CAL,R3,824,PC+CH3COO__0033,PC 14:0_18:1,PC,0.0,,NOT_COMPUTED,False,False,False,False
D0__CAL_R3_K125,D0,125,CAL,R3,825,PC+CH3COO__0034,PC 14:0_18:2,PC,0.0,,NOT_COMPUTED,False,False,False,False
D0__CAL_R3_K125,D0,125,CAL,R3,826,PC+CH3COO__0035,PC 14:0_18:3,PC,0.00010385563864298085,,NOT_COMPUTED,False,False,False,False
D0__CAL_R3_K125,D0,125,CAL,R3,827,PC+CH3COO__0056,PC 16:0_16:0,PC,7.045493035136185e-06,,NOT_COMPUTED,False,False,False,False
D0__CAL_R3_K125,D0,125,CAL,R3,828,PC+CH3COO__0057,PC 16:0_16:1,PC,1.2199553344385064e-06,,NOT_COMPUTED,False,False,False,False
D0__CAL_R3_K125,D0,125,CAL,R3,829,PC+CH3COO__0082,PC 16:1_16:1,PC,0.0,,NOT_COMPUTED,False,False,False,False
D0__CAL_R3_K125,D0,125,CAL,R3,830,PC+CH3COO__0409,PC 13:0_16:0,PC,2.3430876521677223e-08,,NOT_COMPUTED,False,False,False,False
D0__CAL_R3_K125,D0,125,CAL,R3,831,PC+CH3COO__0410,PC 13:0_16:1,PC,0.007973280910808409,4.765168122498371e-30,COMPUTED,True,False,False,False
D0__CAL_R3_K125,D0,125,CAL,R3,832,PC+CH3COO__0411,PC 13:0_18:0,PC,0.0,,NOT_COMPUTED,False,False,False,False
D0__CAL_R3_K125,D0,125,CAL,R3,833,PC+CH3COO__0412,PC 13:0_18:1,PC,1.3254709470016578e-05,,NOT_COMPUTED,False,False,False,False
D0__CAL_R3_K125,D0,125,CAL,R3,834,PC+CH3COO__0413,PC 13:0_18:2,PC,0.0,,NOT_COMPUTED,False,False,False,False
D0__CAL_R3_K125,D0,125,CAL,R3,835,PC+CH3COO__0414,PC 13:0_18:3,PC,5.3550300903018194e-05,,NOT_COMPUTED,False,False,False,False
D0__CAL_R3_K125,D0,125,CAL,R3,836,PC+CH3COO__0420,PC 13:0_20:5,PC,0.0007143707727910406,,NOT_COMPUTED,False,False,False,False
D0__CAL_R3_K125,D0,125,CAL,R3,837,PC+CH3COO__0430,PC 14:0_15:0,PC,0.00040489205591392585,,NOT_COMPUTED,False,False,False,False
D0__CAL_R3_K125,D0,125,CAL,R3,838,PC+CH3COO__0431,PC 15:0_16:0,PC,3.4317108610340033e-06,,NOT_COMPUTED,False,False,False,False
D0__CAL_R3_K125,D0,125,CAL,R3,839,PC+CH3COO__0432,PC 15:0_16:1,PC,2.4373927899821573e-05,,NOT_COMPUTED,False,False,False,False
D0__CAL_R3_K125,D0,125,CAL,R3,840,PC+CH3COO__0451,PC 12:0_17:0,PC,2.3297389802938897e-05,,NOT_COMPUTED,False,False,False,False
D0__CAL_R3_K125,D0,125,CAL,R3,841,PC+CH3COO__0452,PC 14:0_17:0,PC,0.0,,NOT_COMPUTED,False,False,False,False
D0__CAL_R3_K125,D0,125,CAL,R3,842,PC+CH3COO__0473,PC 12:0_17:1,PC,0.01939759459051343,0.0001145978721547401,COMPUTED,True,True,True,True
D0__CAL_R3_K125,D0,125,CAL,R3,843,PC+CH3COO__0474,PC 14:0_17:1,PC,0.0,,NOT_COMPUTED,False,False,False,False
D0__CAL_R3_K125,D0,125,CAL,R3,844,PC+CH3COO__0497,PC 13:0_17:0,PC,0.0,,NOT_COMPUTED,False,False,False,False
D0__CAL_R3_K125,D0,125,CAL,R3,845,PC+CH3COO__0498,PC 13:0_17:1,PC,0.0,,NOT_COMPUTED,False,False,False,False
D0__CAL_R3_K125,D0,125,CAL,R3,846,PC+CH3COO__0499,PC 15:0_15:0,PC,0.0003736622471871271,,NOT_COMPUTED,False,False,False,False
D0__CAL_R3_K125,D0,125,CAL,R3,847,PC+CH3COO__0500,PC 15:0_17:0,PC,0.0,,NOT_COMPUTED,False,False,False,False
D0__CAL_R3_K125,D0,125,CAL,R3,848,PC+CH3COO__0501,PC 15:0_17:1,PC,0.0,,NOT_COMPUTED,False,False,False,False
D0__CAL_R3_K125,D0,125,CAL,R3,849,PCO+CH3COO__0005,PC O-12:0_18:0,PC,0.0,,NOT_COMPUTED,False,False,False,False
D0__CAL_R3_K125,D0,125,CAL,R3,850,PCO+CH3COO__0006,PC O-12:0_18:1,PC,0.013169123181447485,6.202788388314836e-06,COMPUTED,True,True,True,True
D0__CAL_R3_K125,D0,125,CAL,R3,851,PCO+CH3COO__0009,PC O-12:0_20:0,PC,0.0,,NOT_COMPUTED,False,False,False,False
D0__CAL_R3_K125,D0,125,CAL,R3,852,PCO+CH3COO__0010,PC O-12:0_20:1,PC,0.0,,NOT_COMPUTED,False,False,False,False
D0__CAL_R3_K125,D0,125,CAL,R3,853,PCO+CH3COO__0011,PC O-12:0_20:2,PC,0.0,,NOT_COMPUTED,False,False,False,False
D0__CAL_R3_K125,D0,125,CAL,R3,854,PCO+CH3COO__0012,PC O-12:0_20:3,PC,2.0988952954095512e-07,,NOT_COMPUTED,False,False,False,False
D0__CAL_R3_K125,D0,125,CAL,R3,855,PCO+CH3COO__0013,PC O-12:0_20:4,PC,2.943219860372669e-05,,NOT_COMPUTED,False,False,False,False
D0__CAL_R3_K125,D0,125,CAL,R3,856,PCO+CH3COO__0014,PC O-12:0_20:5,PC,2.5104716989171002e-05,,NOT_COMPUTED,False,False,False,False
D0__CAL_R3_K125,D0,125,CAL,R3,857,PCO+CH3COO__0020,PC O-12:0_22:5,PC,0.0,,NOT_COMPUTED,False,False,False,False
D0__CAL_R3_K125,D0,125,CAL,R3,858,PCO+CH3COO__0021,PC O-12:0_22:6,PC,0.0,,NOT_COMPUTED,False,False,False,False
D0__CAL_R3_K125,D0,125,CAL,R3,859,PCO+CH3COO__0030,PC O-14:0_16:0,PC,4.5670620044072056e-07,,NOT_COMPUTED,False,False,False,False
D0__CAL_R3_K125,D0,125,CAL,R3,860,PCO+CH3COO__0031,PC O-14:0_16:1,PC,0.013764762013665284,8.638346136005958e-06,COMPUTED,True,True,True,True
D0__CAL_R3_K125,D0,125,CAL,R3,861,PCO+CH3COO__0032,PC O-14:0_18:0,PC,0.0,,NOT_COMPUTED,False,False,False,False
D0__CAL_R3_K125,D0,125,CAL,R3,862,PCO+CH3COO__0033,PC O-14:0_18:1,PC,0.0,,NOT_COMPUTED,False,False,False,False
D0__CAL_R3_K125,D0,125,CAL,R3,863,PCO+CH3COO__0034,PC O-14:0_18:2,PC,0.0,,NOT_COMPUTED,False,False,False,False
D0__CAL_R3_K125,D0,125,CAL,R3,864,PCO+CH3COO__0035,PC O-14:0_18:3,PC,3.5038771489332e-05,,NOT_COMPUTED,False,False,False,False
D0__CAL_R3_K125,D0,125,CAL,R3,865,PCO+CH3COO__0041,PC O-14:0_20:5,PC,2.631447224493529e-05,,NOT_COMPUTED,False,False,False,False
D0__CAL_R3_K125,D0,125,CAL,R3,866,PCO+CH3COO__0056,PC O-16:0_16:0,PC,0.0,,NOT_COMPUTED,False,False,False,False
D0__CAL_R3_K125,D0,125,CAL,R3,867,PCO+CH3COO__0057,PC O-16:0_16:1,PC,0.0,,NOT_COMPUTED,False,False,False,False
D0__CAL_R3_K125,D0,125,CAL,R3,868,PCO+CH3COO__0082,PC O-16:1_16:1,PC,0.0,,NOT_COMPUTED,False,False,False,False
D0__CAL_R3_K125,D0,125,CAL,R3,869,PCO+CH3COO__0411,PC O-13:0_18:0,PC,0.0,,NOT_COMPUTED,False,False,False,False
D0__CAL_R3_K125,D0,125,CAL,R3,870,PCO+CH3COO__0412,PC O-13:0_18:1,PC,0.0,,NOT_COMPUTED,False,False,False,False
D0__CAL_R3_K125,D0,125,CAL,R3,871,PCO+CH3COO__0413,PC O-13:0_18:2,PC,0.0,,NOT_COMPUTED,False,False,False,False
D0__CAL_R3_K125,D0,125,CAL,R3,872,PCO+CH3COO__0414,PC O-13:0_18:3,PC,0.033558225908155985,0.00012804724283988002,COMPUTED,True,True,True,True
D0__CAL_R3_K125,D0,125,CAL,R3,873,PCO+CH3COO__0415,PC O-13:0_20:0,PC,0.0,,NOT_COMPUTED,False,False,False,False
D0__CAL_R3_K125,D0,125,CAL,R3,874,PCO+CH3COO__0416,PC O-13:0_20:1,PC,0.0,,NOT_COMPUTED,False,False,False,False
D0__CAL_R3_K125,D0,125,CAL,R3,875,PCO+CH3COO__0417,PC O-13:0_20:2,PC,0.0,,NOT_COMPUTED,False,False,False,False
D0__CAL_R3_K125,D0,125,CAL,R3,876,PCO+CH3COO__0418,PC O-13:0_20:3,PC,0.0,,NOT_COMPUTED,False,False,False,False
D0__CAL_R3_K125,D0,125,CAL,R3,877,PCO+CH3COO__0419,PC O-13:0_20:4,PC,0.0002630076841286964,,NOT_COMPUTED,False,False,False,False
D0__CAL_R3_K125,D0,125,CAL,R3,878,PCO+CH3COO__0420,PC O-13:0_20:5,PC,0.0004526837043649205,,NOT_COMPUTED,False,False,False,False
D0__CAL_R3_K125,D0,125,CAL,R3,879,PCO+CH3COO__0431,PC O-15:0_16:0,PC,0.0,,NOT_COMPUTED,False,False,False,False
D0__CAL_R3_K125,D0,125,CAL,R3,880,PCO+CH3COO__0432,PC O-15:0_16:1,PC,0.0,,NOT_COMPUTED,False,False,False,False
D0__CAL_R3_K125,D0,125,CAL,R3,881,PCO+CH3COO__0433,PC O-15:0_18:0,PC,0.0,,NOT_COMPUTED,False,False,False,False
D0__CAL_R3_K125,D0,125,CAL,R3,882,PCO+CH3COO__0434,PC O-15:0_18:1,PC,0.0,,NOT_COMPUTED,False,False,False,False
D0__CAL_R3_K125,D0,125,CAL,R3,883,PCO+CH3COO__0435,PC O-15:0_18:2,PC,0.0,,NOT_COMPUTED,False,False,False,False
D0__CAL_R3_K125,D0,125,CAL,R3,884,PCO+CH3COO__0436,PC O-15:0_18:3,PC,7.000348961601537e-09,,NOT_COMPUTED,False,False,False,False
D0__CAL_R3_K125,D0,125,CAL,R3,885,PCO+CH3COO__0452,PC O-14:0_17:0,PC,0.0,,NOT_COMPUTED,False,False,False,False
D0__CAL_R3_K125,D0,125,CAL,R3,886,PCO+CH3COO__0453,PC O-16:0_17:0,PC,0.0,,NOT_COMPUTED,False,False,False,False
D0__CAL_R3_K125,D0,125,CAL,R3,887,PCO+CH3COO__0454,PC O-16:1_17:0,PC,0.0,,NOT_COMPUTED,False,False,False,False
D0__CAL_R3_K125,D0,125,CAL,R3,888,PCO+CH3COO__0474,PC O-14:0_17:1,PC,0.0,,NOT_COMPUTED,False,False,False,False
D0__CAL_R3_K125,D0,125,CAL,R3,889,PCO+CH3COO__0475,PC O-16:0_17:1,PC,0.0,,NOT_COMPUTED,False,False,False,False
D0__CAL_R3_K125,D0,125,CAL,R3,890,PCO+CH3COO__0476,PC O-16:1_17:1,PC,3.5067757917041765e-07,,NOT_COMPUTED,False,False,False,False
D0__CAL_R3_K125,D0,125,CAL,R3,891,PCO+CH3COO__0497,PC O-13:0_17:0,PC,0.0,,NOT_COMPUTED,False,False,False,False
D0__CAL_R3_K125,D0,125,CAL,R3,892,PCO+CH3COO__0498,PC O-13:0_17:1,PC,0.015641731892145357,1.955652538374872e-05,COMPUTED,True,True,True,True
D0__CAL_R3_K125,D0,125,CAL,R3,893,PCO+CH3COO__0499,PC O-15:0_15:0,PC,2.415088713059129e-07,,NOT_COMPUTED,False,False,False,False
D0__CAL_R3_K125,D0,125,CAL,R3,894,PCO+CH3COO__0500,PC O-15:0_17:0,PC,0.0,,NOT_COMPUTED,False,False,False,False
D0__CAL_R3_K125,D0,125,CAL,R3,895,PCO+CH3COO__0501,PC O-15:0_17:1,PC,1.8995895370488745e-06,,NOT_COMPUTED,False,False,False,False
