dataset_id,domain,K,split,replicate,candidate_index,candidate_id,lipid_name,lipid_class,X_hat,rho_zero,rho_zero_status,raw_solver_reported,molecular_truth,candidate_truth,reportable_truth
D0__HOLD_R2_K125,D0,125,HOLD,R2,0,PA-H__0075,PA 16:0_24:0,PA,0.0,,NOT_COMPUTED,False,False,False,False
D0__HOLD_R2_K125,D0,125,HOLD,R2,1,PA-H__0076,PA 16:0_24:1,PA,0.001513734046151768,3.9962986416433213e-22,COMPUTED,True,False,False,False
D0__HOLD_R2_K125,D0,125,HOLD,R2,2,PA-H__0077,PA 16:0_24:2,PA,0.0011616135342500257,0.0,COMPUTED,True,False,False,False
D0__HOLD_R2_K125,D0,125,HOLD,R2,3,PA-H__0078,PA 16:0_24:3,PA,0.0015323446976929925,1.8680246900982803e-07,COMPUTED,True,True,True,True
D0__HOLD_R2_K125,D0,125,HOLD,R2,4,PA-H__0079,PA 16:0_24:4,PA,0.0008056086535077557,,NOT_COMPUTED,False,False,False,False
D0__HOLD_R2_K125,D0,125,HOLD,R2,5,PA-H__0080,PA 16:0_24:5,PA,0.0007421089758317283,,NOT_COMPUTED,False,False,False,False
D0__HOLD_R2_K125,D0,125,HOLD,R2,6,PA-H__0100,PA 24:0_16:1,PA,8.274687798947233e-08,,NOT_COMPUTED,False,False,False,False
D0__HOLD_R2_K125,D0,125,HOLD,R2,7,PA-H__0101,PA 16:1_24:1,PA,0.000554412473303474,,NOT_COMPUTED,False,False,False,False
D0__HOLD_R2_K125,D0,125,HOLD,R2,8,PA-H__0102,PA 16:1_24:2,PA,0.0002885652719271336,,NOT_COMPUTED,False,False,False,False
D0__HOLD_R2_K125,D0,125,HOLD,R2,9,PA-H__0103,PA 16:1_24:3,PA,0.00013537465728318432,,NOT_COMPUTED,False,False,False,False
D0__HOLD_R2_K125,D0,125,HOLD,R2,10,PA-H__0104,PA 16:1_24:4,PA,4.310892190425318e-05,,NOT_COMPUTED,False,False,False,False
D0__HOLD_R2_K125,D0,125,HOLD,R2,11,PA-H__0117,PA 18:0_22:0,PA,1.8539863003463966e-05,,NOT_COMPUTED,False,False,False,False
D0__HOLD_R2_K125,D0,125,HOLD,R2,12,PA-H__0118,PA 18:0_22:1,PA,8.577501872184383e-05,,NOT_COMPUTED,False,False,False,False
D0__HOLD_R2_K125,D0,125,HOLD,R2,13,PA-H__0119,PA 18:0_22:2,PA,0.0065886005037129325,3.419290096302786e-07,COMPUTED,True,True,True,True
D0__HOLD_R2_K125,D0,125,HOLD,R2,14,PA-H__0120,PA 18:0_22:3,PA,0.0009734477995595557,,NOT_COMPUTED,False,False,False,False
D0__HOLD_R2_K125,D0,125,HOLD,R2,15,PA-H__0121,PA 18:0_22:4,PA,9.301261568763302e-05,,NOT_COMPUTED,False,False,False,False
D0__HOLD_R2_K125,D0,125,HOLD,R2,16,PA-H__0122,PA 18:0_22:5,PA,0.00568743606969319,0.0,COMPUTED,True,False,False,False
D0__HOLD_R2_K125,D0,125,HOLD,R2,17,PA-H__0124,PA 18:0_24:0,PA,0.00031861155013059516,,NOT_COMPUTED,False,False,False,False
D0__HOLD_R2_K125,D0,125,HOLD,R2,18,PA-H__0125,PA 18:0_24:1,PA,0.00010607027716866526,,NOT_COMPUTED,False,False,False,False
D0__HOLD_R2_K125,D0,125,HOLD,R2,19,PA-H__0126,PA 18:0_24:2,PA,0.00019159338473002404,,NOT_COMPUTED,False,False,False,False
D0__HOLD_R2_K125,D0,125,HOLD,R2,20,PA-H__0127,PA 18:0_24:3,PA,0.0015836775186754716,0.0,COMPUTED,True,False,False,False
D0__HOLD_R2_K125,D0,125,HOLD,R2,21,PA-H__0128,PA 18:0_24:4,PA,0.002826550775185985,0.0,COMPUTED,True,False,False,False
D0__HOLD_R2_K125,D0,125,HOLD,R2,22,PA-H__0129,PA 18:0_24:5,PA,0.00026181247549716496,,NOT_COMPUTED,False,False,False,False
D0__HOLD_R2_K125,D0,125,HOLD,R2,23,PA-H__0130,PA 18:0_24:6,PA,0.0009637787851291447,,NOT_COMPUTED,False,False,False,False
D0__HOLD_R2_K125,D0,125,HOLD,R2,24,PA-H__0140,PA 22:0_18:1,PA,0.0034726025601756407,1.2816555708824952e-07,COMPUTED,True,True,True,True
D0__HOLD_R2_K125,D0,125,HOLD,R2,25,PA-H__0141,PA 18:1_22:1,PA,0.0004955805794301641,,NOT_COMPUTED,False,False,False,False
D0__HOLD_R2_K125,D0,125,HOLD,R2,26,PA-H__0142,PA 18:1_22:2,PA,3.429842838007681e-05,,NOT_COMPUTED,False,False,False,False
D0__HOLD_R2_K125,D0,125,HOLD,R2,27,PA-H__0143,PA 18:1_22:3,PA,0.004698361304661841,3.1137811599397883e-07,COMPUTED,True,True,True,True
D0__HOLD_R2_K125,D0,125,HOLD,R2,28,PA-H__0144,PA 18:1_22:4,PA,0.00020564526085298213,,NOT_COMPUTED,False,False,False,False
D0__HOLD_R2_K125,D0,125,HOLD,R2,29,PA-H__0147,PA 24:0_18:1,PA,0.0,,NOT_COMPUTED,False,False,False,False
D0__HOLD_R2_K125,D0,125,HOLD,R2,30,PA-H__0148,PA 18:1_24:1,PA,9.285794100921616e-05,,NOT_COMPUTED,False,False,False,False
D0__HOLD_R2_K125,D0,125,HOLD,R2,31,PA-H__0149,PA 18:1_24:2,PA,0.0006450452090281519,,NOT_COMPUTED,False,False,False,False
D0__HOLD_R2_K125,D0,125,HOLD,R2,32,PA-H__0150,PA 18:1_24:3,PA,0.0009894407902131233,,NOT_COMPUTED,False,False,False,False
D0__HOLD_R2_K125,D0,125,HOLD,R2,33,PA-H__0151,PA 18:1_24:4,PA,0.0003998287779923366,,NOT_COMPUTED,False,False,False,False
D0__HOLD_R2_K125,D0,125,HOLD,R2,34,PA-H__0152,PA 18:1_24:5,PA,6.268634795548465e-05,,NOT_COMPUTED,False,False,False,False
D0__HOLD_R2_K125,D0,125,HOLD,R2,35,PA-H__0153,PA 18:1_24:6,PA,0.0020448809536144055,0.0,COMPUTED,True,False,False,False
D0__HOLD_R2_K125,D0,125,HOLD,R2,36,PA-H__0162,PA 22:0_18:2,PA,0.004441909416995626,1.8170101165125124e-23,COMPUTED,True,False,False,False
D0__HOLD_R2_K125,D0,125,HOLD,R2,37,PA-H__0163,PA 22:1_18:2,PA,0.0,,NOT_COMPUTED,False,False,False,False
D0__HOLD_R2_K125,D0,125,HOLD,R2,38,PA-H__0164,PA 18:2_22:2,PA,0.002889536751022618,1.7855617437636442e-26,COMPUTED,True,False,False,False
D0__HOLD_R2_K125,D0,125,HOLD,R2,39,PA-H__0165,PA 18:2_22:3,PA,0.0,,NOT_COMPUTED,False,False,False,False
D0__HOLD_R2_K125,D0,125,HOLD,R2,40,PA-H__0169,PA 24:0_18:2,PA,0.0,,NOT_COMPUTED,False,False,False,False
D0__HOLD_R2_K125,D0,125,HOLD,R2,41,PA-H__0170,PA 24:1_18:2,PA,0.008272222264205108,2.874394267182017e-07,COMPUTED,True,True,True,True
D0__HOLD_R2_K125,D0,125,HOLD,R2,42,PA-H__0171,PA 18:2_24:2,PA,0.0009533510204718614,,NOT_COMPUTED,False,False,False,False
D0__HOLD_R2_K125,D0,125,HOLD,R2,43,PA-H__0172,PA 18:2_24:3,PA,0.022144790274061146,9.999045815465054e-06,COMPUTED,True,True,True,True
D0__HOLD_R2_K125,D0,125,HOLD,R2,44,PA-H__0173,PA 18:2_24:4,PA,0.0001970392223041443,,NOT_COMPUTED,False,False,False,False
D0__HOLD_R2_K125,D0,125,HOLD,R2,45,PA-H__0174,PA 18:2_24:5,PA,3.675965977808645e-05,,NOT_COMPUTED,False,False,False,False
D0__HOLD_R2_K125,D0,125,HOLD,R2,46,PA-H__0175,PA 18:2_24:6,PA,0.010261832476459155,6.921714487895736e-23,COMPUTED,True,False,False,False
D0__HOLD_R2_K125,D0,125,HOLD,R2,47,PA-H__0183,PA 22:0_18:3,PA,0.002656216070385093,0.0,COMPUTED,True,False,False,False
D0__HOLD_R2_K125,D0,125,HOLD,R2,48,PA-H__0184,PA 22:1_18:3,PA,0.00024120604500034188,,NOT_COMPUTED,False,False,False,False
D0__HOLD_R2_K125,D0,125,HOLD,R2,49,PA-H__0185,PA 22:2_18:3,PA,0.0,,NOT_COMPUTED,False,False,False,False
D0__HOLD_R2_K125,D0,125,HOLD,R2,50,PA-H__0190,PA 24:0_18:3,PA,1.5457185342678564e-05,,NOT_COMPUTED,False,False,False,False
D0__HOLD_R2_K125,D0,125,HOLD,R2,51,PA-H__0191,PA 24:1_18:3,PA,0.001680138695126973,3.5580481017992163e-25,COMPUTED,True,False,False,False
D0__HOLD_R2_K125,D0,125,HOLD,R2,52,PA-H__0192,PA 24:2_18:3,PA,0.03185235960381223,1.68832398016497e-05,COMPUTED,True,True,True,True
D0__HOLD_R2_K125,D0,125,HOLD,R2,53,PA-H__0193,PA 18:3_24:3,PA,0.007080215733401322,7.888764222966516e-23,COMPUTED,True,False,False,False
D0__HOLD_R2_K125,D0,125,HOLD,R2,54,PA-H__0194,PA 18:3_24:4,PA,0.0010385794144822224,0.0,COMPUTED,True,False,False,False
D0__HOLD_R2_K125,D0,125,HOLD,R2,55,PA-H__0195,PA 18:3_24:5,PA,0.0002823470738247135,,NOT_COMPUTED,False,False,False,False
D0__HOLD_R2_K125,D0,125,HOLD,R2,56,PA-H__0196,PA 18:3_24:6,PA,0.008866512453730949,1.0741721177876399e-05,COMPUTED,True,True,True,True
D0__HOLD_R2_K125,D0,125,HOLD,R2,57,PA-H__0197,PA 20:0_20:0,PA,0.00021390059165035338,,NOT_COMPUTED,False,False,False,False
D0__HOLD_R2_K125,D0,125,HOLD,R2,58,PA-H__0198,PA 20:0_20:1,PA,0.003135232001155672,3.593432787922494e-26,COMPUTED,True,False,False,False
D0__HOLD_R2_K125,D0,125,HOLD,R2,59,PA-H__0199,PA 20:0_20:2,PA,0.003315599435964436,1.350474231454196e-31,COMPUTED,True,False,False,False
D0__HOLD_R2_K125,D0,125,HOLD,R2,60,PA-H__0200,PA 20:0_20:3,PA,0.0015768124886013455,0.0,COMPUTED,True,False,False,False
D0__HOLD_R2_K125,D0,125,HOLD,R2,61,PA-H__0201,PA 20:0_20:4,PA,0.004126020754988716,1.1099465760242308e-21,COMPUTED,True,False,False,False
D0__HOLD_R2_K125,D0,125,HOLD,R2,62,PA-H__0202,PA 20:0_20:5,PA,0.0005168542058559185,,NOT_COMPUTED,False,False,False,False
D0__HOLD_R2_K125,D0,125,HOLD,R2,63,PA-H__0203,PA 20:0_22:0,PA,0.014274715462146462,3.181028604545094e-05,COMPUTED,True,True,True,True
D0__HOLD_R2_K125,D0,125,HOLD,R2,64,PA-H__0204,PA 20:0_22:1,PA,3.8375830187544636e-05,,NOT_COMPUTED,False,False,False,False
D0__HOLD_R2_K125,D0,125,HOLD,R2,65,PA-H__0205,PA 20:0_22:2,PA,0.00025422146137463636,,NOT_COMPUTED,False,False,False,False
D0__HOLD_R2_K125,D0,125,HOLD,R2,66,PA-H__0206,PA 20:0_22:3,PA,0.004139260509857628,2.8469881181702994e-31,COMPUTED,True,False,False,False
D0__HOLD_R2_K125,D0,125,HOLD,R2,67,PA-H__0207,PA 20:0_22:4,PA,0.003509941381353728,0.0,COMPUTED,True,False,False,False
D0__HOLD_R2_K125,D0,125,HOLD,R2,68,PA-H__0208,PA 20:0_22:5,PA,0.007906409901427885,1.2635475112424332e-06,COMPUTED,True,True,True,True
D0__HOLD_R2_K125,D0,125,HOLD,R2,69,PA-H__0209,PA 20:0_22:6,PA,0.00780443540642545,1.388932698443098e-22,COMPUTED,True,False,False,False
D0__HOLD_R2_K125,D0,125,HOLD,R2,70,PA-H__0217,PA 20:1_20:1,PA,0.0006437527922292562,,NOT_COMPUTED,False,False,False,False
D0__HOLD_R2_K125,D0,125,HOLD,R2,71,PA-H__0218,PA 20:1_20:2,PA,0.0,,NOT_COMPUTED,False,False,False,False
D0__HOLD_R2_K125,D0,125,HOLD,R2,72,PA-H__0219,PA 20:1_20:3,PA,0.00044985487788349037,,NOT_COMPUTED,False,False,False,False
D0__HOLD_R2_K125,D0,125,HOLD,R2,73,PA-H__0220,PA 20:1_20:4,PA,0.0,,NOT_COMPUTED,False,False,False,False
D0__HOLD_R2_K125,D0,125,HOLD,R2,74,PA-H__0222,PA 22:0_20:1,PA,3.7459202161356166e-05,,NOT_COMPUTED,False,False,False,False
D0__HOLD_R2_K125,D0,125,HOLD,R2,75,PA-H__0223,PA 20:1_22:1,PA,0.0,,NOT_COMPUTED,False,False,False,False
D0__HOLD_R2_K125,D0,125,HOLD,R2,76,PA-H__0224,PA 20:1_22:2,PA,0.0020299854686650905,1.2501210967669797e-23,COMPUTED,True,False,False,False
D0__HOLD_R2_K125,D0,125,HOLD,R2,77,PA-H__0225,PA 20:1_22:3,PA,0.00408577314002758,1.1789509563649662e-07,COMPUTED,True,True,True,True
D0__HOLD_R2_K125,D0,125,HOLD,R2,78,PA-H__0226,PA 20:1_22:4,PA,1.1037158219628686e-05,,NOT_COMPUTED,False,False,False,False
D0__HOLD_R2_K125,D0,125,HOLD,R2,79,PA-H__0227,PA 20:1_22:5,PA,0.00048509678181061507,,NOT_COMPUTED,False,False,False,False
D0__HOLD_R2_K125,D0,125,HOLD,R2,80,PA-H__0228,PA 20:1_22:6,PA,3.995394909312404e-05,,NOT_COMPUTED,False,False,False,False
D0__HOLD_R2_K125,D0,125,HOLD,R2,81,PA-H__0236,PA 20:2_20:2,PA,0.009572422120695997,1.7468815092317267e-06,COMPUTED,True,True,True,True
D0__HOLD_R2_K125,D0,125,HOLD,R2,82,PA-H__0237,PA 20:2_20:3,PA,3.094707121473061e-05,,NOT_COMPUTED,False,False,False,False
D0__HOLD_R2_K125,D0,125,HOLD,R2,83,PA-H__0240,PA 22:0_20:2,PA,1.4966787314854405e-05,,NOT_COMPUTED,False,False,False,False
D0__HOLD_R2_K125,D0,125,HOLD,R2,84,PA-H__0241,PA 22:1_20:2,PA,0.00026824372066716954,,NOT_COMPUTED,False,False,False,False
D0__HOLD_R2_K125,D0,125,HOLD,R2,85,PA-H__0242,PA 20:2_22:2,PA,0.004278158573431782,1.3113278761650687e-22,COMPUTED,True,False,False,False
D0__HOLD_R2_K125,D0,125,HOLD,R2,86,PA-H__0243,PA 20:2_22:3,PA,5.9797197348229355e-05,,NOT_COMPUTED,False,False,False,False
D0__HOLD_R2_K125,D0,125,HOLD,R2,87,PA-H__0244,PA 20:2_22:4,PA,2.799493973244137e-05,,NOT_COMPUTED,False,False,False,False
D0__HOLD_R2_K125,D0,125,HOLD,R2,88,PA-H__0245,PA 20:2_22:5,PA,8.485510117347982e-05,,NOT_COMPUTED,False,False,False,False
D0__HOLD_R2_K125,D0,125,HOLD,R2,89,PA-H__0246,PA 20:2_22:6,PA,5.347777904476571e-05,,NOT_COMPUTED,False,False,False,False
D0__HOLD_R2_K125,D0,125,HOLD,R2,90,PA-H__0257,PA 22:0_20:3,PA,0.0013483175323323248,0.0,COMPUTED,True,False,False,False
D0__HOLD_R2_K125,D0,125,HOLD,R2,91,PA-H__0258,PA 22:1_20:3,PA,0.0009498339541633007,,NOT_COMPUTED,False,False,False,False
D0__HOLD_R2_K125,D0,125,HOLD,R2,92,PA-H__0259,PA 22:2_20:3,PA,0.0033308197640864136,1.2298273390248685e-26,COMPUTED,True,False,False,False
D0__HOLD_R2_K125,D0,125,HOLD,R2,93,PA-H__0260,PA 20:3_22:3,PA,0.000623501794445304,,NOT_COMPUTED,False,False,False,False
D0__HOLD_R2_K125,D0,125,HOLD,R2,94,PA-H__0261,PA 20:3_22:4,PA,0.0006544553751981804,,NOT_COMPUTED,False,False,False,False
D0__HOLD_R2_K125,D0,125,HOLD,R2,95,PA-H__0262,PA 20:3_22:5,PA,0.002980922294116917,0.0,COMPUTED,True,False,False,False
D0__HOLD_R2_K125,D0,125,HOLD,R2,96,PA-H__0263,PA 20:3_22:6,PA,0.006285624019761865,0.0,COMPUTED,True,False,False,False
D0__HOLD_R2_K125,D0,125,HOLD,R2,97,PA-H__0270,PA 20:3_24:6,PA,0.019237308038486733,5.1099179276765017e-05,COMPUTED,True,True,True,True
D0__HOLD_R2_K125,D0,125,HOLD,R2,98,PA-H__0273,PA 22:0_20:4,PA,0.02507560919008372,5.677524250913534e-06,COMPUTED,True,True,True,True
D0__HOLD_R2_K125,D0,125,HOLD,R2,99,PA-H__0274,PA 22:1_20:4,PA,0.00028642668740174577,,NOT_COMPUTED,False,False,False,False
D0__HOLD_R2_K125,D0,125,HOLD,R2,100,PA-H__0275,PA 22:2_20:4,PA,0.0074320125568392735,2.9727469473124553e-06,COMPUTED,True,True,True,True
D0__HOLD_R2_K125,D0,125,HOLD,R2,101,PA-H__0276,PA 22:3_20:4,PA,5.683177284833303e-06,,NOT_COMPUTED,False,False,False,False
D0__HOLD_R2_K125,D0,125,HOLD,R2,102,PA-H__0277,PA 20:4_22:4,PA,0.001309761740325758,1.1486882561729586e-30,COMPUTED,True,False,False,False
D0__HOLD_R2_K125,D0,125,HOLD,R2,103,PA-H__0278,PA 20:4_22:5,PA,0.0022210470875279288,0.0,COMPUTED,True,False,False,False
D0__HOLD_R2_K125,D0,125,HOLD,R2,104,PA-H__0279,PA 20:4_22:6,PA,0.010835919629285021,1.9880289848296947e-05,COMPUTED,True,True,True,True
D0__HOLD_R2_K125,D0,125,HOLD,R2,105,PA-H__0285,PA 20:4_24:5,PA,0.0004772088457918524,,NOT_COMPUTED,False,False,False,False
D0__HOLD_R2_K125,D0,125,HOLD,R2,106,PA-H__0286,PA 20:4_24:6,PA,0.004388080242556596,0.0,COMPUTED,True,False,False,False
D0__HOLD_R2_K125,D0,125,HOLD,R2,107,PA-H__0288,PA 22:0_20:5,PA,0.006125167123627693,4.569173774527163e-22,COMPUTED,True,False,False,False
D0__HOLD_R2_K125,D0,125,HOLD,R2,108,PA-H__0289,PA 22:1_20:5,PA,4.87197249295576e-05,,NOT_COMPUTED,False,False,False,False
D0__HOLD_R2_K125,D0,125,HOLD,R2,109,PA-H__0290,PA 22:2_20:5,PA,2.4294918573771878e-05,,NOT_COMPUTED,False,False,False,False
D0__HOLD_R2_K125,D0,125,HOLD,R2,110,PA-H__0291,PA 22:3_20:5,PA,0.0003402882348665748,,NOT_COMPUTED,False,False,False,False
D0__HOLD_R2_K125,D0,125,HOLD,R2,111,PA-H__0292,PA 22:4_20:5,PA,3.870336067412446e-05,,NOT_COMPUTED,False,False,False,False
D0__HOLD_R2_K125,D0,125,HOLD,R2,112,PA-H__0293,PA 20:5_22:5,PA,0.0005366927800827757,,NOT_COMPUTED,False,False,False,False
D0__HOLD_R2_K125,D0,125,HOLD,R2,113,PA-H__0294,PA 20:5_22:6,PA,0.00502448860460625,4.2044168208507145e-06,COMPUTED,True,True,True,True
D0__HOLD_R2_K125,D0,125,HOLD,R2,114,PA-H__0299,PA 24:4_20:5,PA,0.030731118945418447,0.00017791968181674818,COMPUTED,True,True,True,True
D0__HOLD_R2_K125,D0,125,HOLD,R2,115,PA-H__0300,PA 20:5_24:5,PA,0.0,,NOT_COMPUTED,False,False,False,False
D0__HOLD_R2_K125,D0,125,HOLD,R2,116,PA-H__0301,PA 20:5_24:6,PA,0.002174211601497238,1.5210488628638786e-27,COMPUTED,True,False,False,False
D0__HOLD_R2_K125,D0,125,HOLD,R2,117,PA-H__0344,PA 22:3_22:6,PA,0.004567363569051955,4.395090719125656e-22,COMPUTED,True,False,False,False
D0__HOLD_R2_K125,D0,125,HOLD,R2,118,PA-H__0353,PA 22:4_22:5,PA,0.027197637649597338,9.809377240640275e-05,COMPUTED,True,True,True,True
D0__HOLD_R2_K125,D0,125,HOLD,R2,119,PA-H__0354,PA 22:4_22:6,PA,2.8444426572125253e-05,,NOT_COMPUTED,False,False,False,False
D0__HOLD_R2_K125,D0,125,HOLD,R2,120,PA-H__0362,PA 22:5_22:5,PA,0.000962577143054928,,NOT_COMPUTED,False,False,False,False
D0__HOLD_R2_K125,D0,125,HOLD,R2,121,PA-H__0363,PA 22:5_22:6,PA,0.0011402596698291425,3.292950309527207e-22,COMPUTED,True,False,False,False
D0__HOLD_R2_K125,D0,125,HOLD,R2,122,PA-H__0371,PA 22:6_22:6,PA,0.0016862482854469573,1.163028487272425e-24,COMPUTED,True,False,False,False
D0__HOLD_R2_K125,D0,125,HOLD,R2,123,PA-H__0472,PA 17:0_24:4,PA,0.0,,NOT_COMPUTED,False,False,False,False
D0__HOLD_R2_K125,D0,125,HOLD,R2,124,PA-H__0494,PA 17:1_24:4,PA,0.0,,NOT_COMPUTED,False,False,False,False
D0__HOLD_R2_K125,D0,125,HOLD,R2,125,PS-H__0015,PS 12:0_22:0,PS,2.01672649149447e-07,,NOT_COMPUTED,False,False,False,False
D0__HOLD_R2_K125,D0,125,HOLD,R2,126,PS-H__0016,PS 12:0_22:1,PS,2.9124347677260624e-07,,NOT_COMPUTED,False,False,False,False
D0__HOLD_R2_K125,D0,125,HOLD,R2,127,PS-H__0017,PS 12:0_22:2,PS,0.0,,NOT_COMPUTED,False,False,False,False
D0__HOLD_R2_K125,D0,125,HOLD,R2,128,PS-H__0018,PS 12:0_22:3,PS,2.9272602882013145e-05,,NOT_COMPUTED,False,False,False,False
D0__HOLD_R2_K125,D0,125,HOLD,R2,129,PS-H__0019,PS 12:0_22:4,PS,0.0004788809516588379,,NOT_COMPUTED,False,False,False,False
D0__HOLD_R2_K125,D0,125,HOLD,R2,130,PS-H__0020,PS 12:0_22:5,PS,0.0,,NOT_COMPUTED,False,False,False,False
D0__HOLD_R2_K125,D0,125,HOLD,R2,131,PS-H__0021,PS 12:0_22:6,PS,0.008164428519045946,0.0001563969849137639,COMPUTED,True,True,True,True
D0__HOLD_R2_K125,D0,125,HOLD,R2,132,PS-H__0022,PS 12:0_24:0,PS,0.0,,NOT_COMPUTED,False,False,False,False
D0__HOLD_R2_K125,D0,125,HOLD,R2,133,PS-H__0023,PS 12:0_24:1,PS,0.03660341732853373,0.00039990511534132605,COMPUTED,True,True,True,True
D0__HOLD_R2_K125,D0,125,HOLD,R2,134,PS-H__0024,PS 12:0_24:2,PS,7.698954775519098e-07,,NOT_COMPUTED,False,False,False,False
D0__HOLD_R2_K125,D0,125,HOLD,R2,135,PS-H__0025,PS 12:0_24:3,PS,0.0014965849704441207,1.8235923606577687e-25,COMPUTED,True,False,False,False
D0__HOLD_R2_K125,D0,125,HOLD,R2,136,PS-H__0026,PS 12:0_24:4,PS,0.0,,NOT_COMPUTED,False,False,False,False
D0__HOLD_R2_K125,D0,125,HOLD,R2,137,PS-H__0027,PS 12:0_24:5,PS,0.0,,NOT_COMPUTED,False,False,False,False
D0__HOLD_R2_K125,D0,125,HOLD,R2,138,PS-H__0028,PS 12:0_24:6,PS,0.0007879112513885,,NOT_COMPUTED,False,False,False,False
D0__HOLD_R2_K125,D0,125,HOLD,R2,139,PS-H__0036,PS 14:0_20:0,PS,0.0010958854068940827,2.989028315635796e-23,COMPUTED,True,False,False,False
D0__HOLD_R2_K125,D0,125,HOLD,R2,140,PS-H__0037,PS 14:0_20:1,PS,0.0007604557610343991,,NOT_COMPUTED,False,False,False,False
D0__HOLD_R2_K125,D0,125,HOLD,R2,141,PS-H__0038,PS 14:0_20:2,PS,0.0,,NOT_COMPUTED,False,False,False,False
D0__HOLD_R2_K125,D0,125,HOLD,R2,142,PS-H__0039,PS 14:0_20:3,PS,0.0007395167837098353,,NOT_COMPUTED,False,False,False,False
D0__HOLD_R2_K125,D0,125,HOLD,R2,143,PS-H__0040,PS 14:0_20:4,PS,0.007807675645201659,9.092499323957516e-06,COMPUTED,True,True,True,True
D0__HOLD_R2_K125,D0,125,HOLD,R2,144,PS-H__0041,PS 14:0_20:5,PS,0.00015619574432389237,,NOT_COMPUTED,False,False,False,False
D0__HOLD_R2_K125,D0,125,HOLD,R2,145,PS-H__0042,PS 14:0_22:0,PS,0.00011227942723600874,,NOT_COMPUTED,False,False,False,False
D0__HOLD_R2_K125,D0,125,HOLD,R2,146,PS-H__0043,PS 14:0_22:1,PS,0.00015904371856326698,,NOT_COMPUTED,False,False,False,False
D0__HOLD_R2_K125,D0,125,HOLD,R2,147,PS-H__0044,PS 14:0_22:2,PS,0.0026158977518669175,3.006637907448282e-22,COMPUTED,True,False,False,False
D0__HOLD_R2_K125,D0,125,HOLD,R2,148,PS-H__0045,PS 14:0_22:3,PS,0.017497607155862533,1.749872268234114e-05,COMPUTED,True,True,True,True
D0__HOLD_R2_K125,D0,125,HOLD,R2,149,PS-H__0046,PS 14:0_22:4,PS,6.509314862959352e-08,,NOT_COMPUTED,False,False,False,False
D0__HOLD_R2_K125,D0,125,HOLD,R2,150,PS-H__0047,PS 14:0_22:5,PS,0.0,,NOT_COMPUTED,False,False,False,False
D0__HOLD_R2_K125,D0,125,HOLD,R2,151,PS-H__0048,PS 14:0_22:6,PS,0.005403561974940529,1.4151963889423075e-05,COMPUTED,True,True,True,True
D0__HOLD_R2_K125,D0,125,HOLD,R2,152,PS-H__0058,PS 16:0_18:0,PS,1.5383049265520802e-06,,NOT_COMPUTED,False,False,False,False
D0__HOLD_R2_K125,D0,125,HOLD,R2,153,PS-H__0059,PS 16:0_18:1,PS,0.040541978436765685,0.00019461573082097641,COMPUTED,True,True,True,True
D0__HOLD_R2_K125,D0,125,HOLD,R2,154,PS-H__0060,PS 16:0_18:2,PS,0.0,,NOT_COMPUTED,False,False,False,False
D0__HOLD_R2_K125,D0,125,HOLD,R2,155,PS-H__0061,PS 16:0_18:3,PS,0.010884476173940628,2.2536186571543417e-05,COMPUTED,True,True,True,True
D0__HOLD_R2_K125,D0,125,HOLD,R2,156,PS-H__0062,PS 16:0_20:0,PS,2.3727515721690253e-07,,NOT_COMPUTED,False,False,False,False
D0__HOLD_R2_K125,D0,125,HOLD,R2,157,PS-H__0063,PS 16:0_20:1,PS,1.378313479947416e-07,,NOT_COMPUTED,False,False,False,False
D0__HOLD_R2_K125,D0,125,HOLD,R2,158,PS-H__0064,PS 16:0_20:2,PS,0.03335838341310676,6.775036329584806e-05,COMPUTED,True,True,True,True
D0__HOLD_R2_K125,D0,125,HOLD,R2,159,PS-H__0065,PS 16:0_20:3,PS,0.0007855892400360478,,NOT_COMPUTED,False,False,False,False
D0__HOLD_R2_K125,D0,125,HOLD,R2,160,PS-H__0066,PS 16:0_20:4,PS,0.0,,NOT_COMPUTED,False,False,False,False
D0__HOLD_R2_K125,D0,125,HOLD,R2,161,PS-H__0067,PS 16:0_20:5,PS,1.2701217739528305e-07,,NOT_COMPUTED,False,False,False,False
D0__HOLD_R2_K125,D0,125,HOLD,R2,162,PS-H__0083,PS 18:0_16:1,PS,0.009121323671102004,1.4574555076109226e-06,COMPUTED,True,True,True,True
D0__HOLD_R2_K125,D0,125,HOLD,R2,163,PS-H__0084,PS 16:1_18:1,PS,0.0,,NOT_COMPUTED,False,False,False,False
D0__HOLD_R2_K125,D0,125,HOLD,R2,164,PS-H__0085,PS 16:1_18:2,PS,0.0,,NOT_COMPUTED,False,False,False,False
D0__HOLD_R2_K125,D0,125,HOLD,R2,165,PS-H__0086,PS 16:1_18:3,PS,0.00010679132964878323,,NOT_COMPUTED,False,False,False,False
D0__HOLD_R2_K125,D0,125,HOLD,R2,166,PS-H__0087,PS 20:0_16:1,PS,8.535931658089057e-05,,NOT_COMPUTED,False,False,False,False
D0__HOLD_R2_K125,D0,125,HOLD,R2,167,PS-H__0088,PS 16:1_20:1,PS,0.00014708272696639999,,NOT_COMPUTED,False,False,False,False
D0__HOLD_R2_K125,D0,125,HOLD,R2,168,PS-H__0089,PS 16:1_20:2,PS,0.00019161724678603664,,NOT_COMPUTED,False,False,False,False
D0__HOLD_R2_K125,D0,125,HOLD,R2,169,PS-H__0090,PS 16:1_20:3,PS,9.403637491955745e-06,,NOT_COMPUTED,False,False,False,False
D0__HOLD_R2_K125,D0,125,HOLD,R2,170,PS-H__0091,PS 16:1_20:4,PS,0.0,,NOT_COMPUTED,False,False,False,False
D0__HOLD_R2_K125,D0,125,HOLD,R2,171,PS-H__0092,PS 16:1_20:5,PS,0.00016191337585048053,,NOT_COMPUTED,False,False,False,False
D0__HOLD_R2_K125,D0,125,HOLD,R2,172,PS-H__0107,PS 18:0_18:0,PS,0.0,,NOT_COMPUTED,False,False,False,False
D0__HOLD_R2_K125,D0,125,HOLD,R2,173,PS-H__0108,PS 18:0_18:1,PS,4.232699411488724e-05,,NOT_COMPUTED,False,False,False,False
D0__HOLD_R2_K125,D0,125,HOLD,R2,174,PS-H__0109,PS 18:0_18:2,PS,0.0023249932252386502,1.8547856843005406e-22,COMPUTED,True,False,False,False
D0__HOLD_R2_K125,D0,125,HOLD,R2,175,PS-H__0110,PS 18:0_18:3,PS,8.99148781424253e-05,,NOT_COMPUTED,False,False,False,False
D0__HOLD_R2_K125,D0,125,HOLD,R2,176,PS-H__0131,PS 18:1_18:1,PS,0.000779046433098419,,NOT_COMPUTED,False,False,False,False
D0__HOLD_R2_K125,D0,125,HOLD,R2,177,PS-H__0132,PS 18:1_18:2,PS,0.00013931377078366702,,NOT_COMPUTED,False,False,False,False
D0__HOLD_R2_K125,D0,125,HOLD,R2,178,PS-H__0133,PS 18:1_18:3,PS,3.398114208930138e-05,,NOT_COMPUTED,False,False,False,False
D0__HOLD_R2_K125,D0,125,HOLD,R2,179,PS-H__0154,PS 18:2_18:2,PS,0.0,,NOT_COMPUTED,False,False,False,False
D0__HOLD_R2_K125,D0,125,HOLD,R2,180,PS-H__0155,PS 18:2_18:3,PS,0.00016378208376700528,,NOT_COMPUTED,False,False,False,False
D0__HOLD_R2_K125,D0,125,HOLD,R2,181,PS-H__0176,PS 18:3_18:3,PS,0.010904645737937205,9.619267249710811e-23,COMPUTED,True,False,False,False
D0__HOLD_R2_K125,D0,125,HOLD,R2,182,PS-H__0415,PS 13:0_20:0,PS,0.015363558480133361,0.00012512070586363658,COMPUTED,True,True,True,True
D0__HOLD_R2_K125,D0,125,HOLD,R2,183,PS-H__0421,PS 13:0_22:0,PS,0.0,,NOT_COMPUTED,False,False,False,False
D0__HOLD_R2_K125,D0,125,HOLD,R2,184,PS-H__0422,PS 13:0_22:1,PS,0.0,,NOT_COMPUTED,False,False,False,False
D0__HOLD_R2_K125,D0,125,HOLD,R2,185,PS-H__0423,PS 13:0_22:2,PS,0.0,,NOT_COMPUTED,False,False,False,False
D0__HOLD_R2_K125,D0,125,HOLD,R2,186,PS-H__0424,PS 13:0_22:3,PS,0.011578204538732682,6.114011717224624e-05,COMPUTED,True,True,True,True
D0__HOLD_R2_K125,D0,125,HOLD,R2,187,PS-H__0425,PS 13:0_22:4,PS,0.0003272073791384436,,NOT_COMPUTED,False,False,False,False
D0__HOLD_R2_K125,D0,125,HOLD,R2,188,PS-H__0426,PS 13:0_22:5,PS,5.508761850585237e-05,,NOT_COMPUTED,False,False,False,False
D0__HOLD_R2_K125,D0,125,HOLD,R2,189,PS-H__0427,PS 13:0_22:6,PS,8.534314808818776e-05,,NOT_COMPUTED,False,False,False,False
D0__HOLD_R2_K125,D0,125,HOLD,R2,190,PS-H__0428,PS 13:0_24:4,PS,0.00020360182552669177,,NOT_COMPUTED,False,False,False,False
D0__HOLD_R2_K125,D0,125,HOLD,R2,191,PS-H__0433,PS 15:0_18:0,PS,6.159063459521263e-05,,NOT_COMPUTED,False,False,False,False
D0__HOLD_R2_K125,D0,125,HOLD,R2,192,PS-H__0437,PS 15:0_20:0,PS,8.674699154874109e-08,,NOT_COMPUTED,False,False,False,False
D0__HOLD_R2_K125,D0,125,HOLD,R2,193,PS-H__0438,PS 15:0_20:1,PS,0.0,,NOT_COMPUTED,False,False,False,False
D0__HOLD_R2_K125,D0,125,HOLD,R2,194,PS-H__0439,PS 15:0_20:2,PS,0.0,,NOT_COMPUTED,False,False,False,False
D0__HOLD_R2_K125,D0,125,HOLD,R2,195,PS-H__0440,PS 15:0_20:3,PS,0.00016706136884279374,,NOT_COMPUTED,False,False,False,False
D0__HOLD_R2_K125,D0,125,HOLD,R2,196,PS-H__0441,PS 15:0_20:4,PS,0.007641594306554199,6.528569103495212e-06,COMPUTED,True,True,True,True
D0__HOLD_R2_K125,D0,125,HOLD,R2,197,PS-H__0442,PS 15:0_20:5,PS,2.7474251178175527e-08,,NOT_COMPUTED,False,False,False,False
D0__HOLD_R2_K125,D0,125,HOLD,R2,198,PS-H__0447,PS 15:0_22:4,PS,4.5052606374438285e-06,,NOT_COMPUTED,False,False,False,False
D0__HOLD_R2_K125,D0,125,HOLD,R2,199,PS-H__0448,PS 15:0_22:5,PS,0.0,,NOT_COMPUTED,False,False,False,False
D0__HOLD_R2_K125,D0,125,HOLD,R2,200,PS-H__0449,PS 15:0_22:6,PS,0.0,,NOT_COMPUTED,False,False,False,False
D0__HOLD_R2_K125,D0,125,HOLD,R2,201,PS-H__0453,PS 16:0_17:0,PS,0.0004260827093664027,,NOT_COMPUTED,False,False,False,False
D0__HOLD_R2_K125,D0,125,HOLD,R2,202,PS-H__0455,PS 17:0_18:0,PS,0.0,,NOT_COMPUTED,False,False,False,False
D0__HOLD_R2_K125,D0,125,HOLD,R2,203,PS-H__0456,PS 17:0_18:1,PS,0.0,,NOT_COMPUTED,False,False,False,False
D0__HOLD_R2_K125,D0,125,HOLD,R2,204,PS-H__0457,PS 17:0_18:2,PS,0.0,,NOT_COMPUTED,False,False,False,False
D0__HOLD_R2_K125,D0,125,HOLD,R2,205,PS-H__0458,PS 17:0_18:3,PS,0.0,,NOT_COMPUTED,False,False,False,False
D0__HOLD_R2_K125,D0,125,HOLD,R2,206,PS-H__0463,PS 17:0_20:4,PS,0.0,,NOT_COMPUTED,False,False,False,False
D0__HOLD_R2_K125,D0,125,HOLD,R2,207,PS-H__0464,PS 17:0_20:5,PS,0.0,,NOT_COMPUTED,False,False,False,False
D0__HOLD_R2_K125,D0,125,HOLD,R2,208,PS-H__0477,PS 18:0_17:1,PS,0.0001415448089867808,,NOT_COMPUTED,False,False,False,False
D0__HOLD_R2_K125,D0,125,HOLD,R2,209,PS-H__0478,PS 17:1_18:1,PS,0.0,,NOT_COMPUTED,False,False,False,False
D0__HOLD_R2_K125,D0,125,HOLD,R2,210,PS-H__0479,PS 17:1_18:2,PS,0.00013566088660943752,,NOT_COMPUTED,False,False,False,False
D0__HOLD_R2_K125,D0,125,HOLD,R2,211,PS-H__0480,PS 17:1_18:3,PS,1.4913455463266014e-05,,NOT_COMPUTED,False,False,False,False
D0__HOLD_R2_K125,D0,125,HOLD,R2,212,PS-H__0484,PS 17:1_20:3,PS,0.0,,NOT_COMPUTED,False,False,False,False
D0__HOLD_R2_K125,D0,125,HOLD,R2,213,PS-H__0485,PS 17:1_20:4,PS,0.0,,NOT_COMPUTED,False,False,False,False
D0__HOLD_R2_K125,D0,125,HOLD,R2,214,PS-H__0486,PS 17:1_20:5,PS,0.0,,NOT_COMPUTED,False,False,False,False
D0__HOLD_R2_K125,D0,125,HOLD,R2,215,PS-H__0502,PS 17:0_17:0,PS,0.0,,NOT_COMPUTED,False,False,False,False
D0__HOLD_R2_K125,D0,125,HOLD,R2,216,PS-H__0503,PS 17:0_17:1,PS,0.0006271865965382504,,NOT_COMPUTED,False,False,False,False
D0__HOLD_R2_K125,D0,125,HOLD,R2,217,PS-H__0504,PS 17:1_17:1,PS,0.0,,NOT_COMPUTED,False,False,False,False
D0__HOLD_R2_K125,D0,125,HOLD,R2,218,PE-H__0049,PE 14:0_24:0,PE,6.596456589576549e-09,,NOT_COMPUTED,False,False,False,False
D0__HOLD_R2_K125,D0,125,HOLD,R2,219,PE-H__0050,PE 14:0_24:1,PE,0.0,,NOT_COMPUTED,False,False,False,False
D0__HOLD_R2_K125,D0,125,HOLD,R2,220,PE-H__0051,PE 14:0_24:2,PE,0.000629879224377045,,NOT_COMPUTED,False,False,False,False
D0__HOLD_R2_K125,D0,125,HOLD,R2,221,PE-H__0052,PE 14:0_24:3,PE,0.00108441149175058,0.0,COMPUTED,True,False,False,False
D0__HOLD_R2_K125,D0,125,HOLD,R2,222,PE-H__0053,PE 14:0_24:4,PE,0.00842580793100161,9.400550169196176e-07,COMPUTED,True,True,True,True
D0__HOLD_R2_K125,D0,125,HOLD,R2,223,PE-H__0054,PE 14:0_24:5,PE,0.004244444503537645,2.5681187918435362e-24,COMPUTED,True,False,False,False
D0__HOLD_R2_K125,D0,125,HOLD,R2,224,PE-H__0055,PE 14:0_24:6,PE,0.014468017844562357,1.5971142693600186e-06,COMPUTED,True,True,True,True
D0__HOLD_R2_K125,D0,125,HOLD,R2,225,PE-H__0068,PE 16:0_22:0,PE,0.0013741290535590933,4.060427792527539e-24,COMPUTED,True,False,False,False
D0__HOLD_R2_K125,D0,125,HOLD,R2,226,PE-H__0069,PE 16:0_22:1,PE,0.0008954585670389494,,NOT_COMPUTED,False,False,False,False
D0__HOLD_R2_K125,D0,125,HOLD,R2,227,PE-H__0070,PE 16:0_22:2,PE,0.00016936288984190767,,NOT_COMPUTED,False,False,False,False
D0__HOLD_R2_K125,D0,125,HOLD,R2,228,PE-H__0071,PE 16:0_22:3,PE,0.0008417926562612431,,NOT_COMPUTED,False,False,False,False
D0__HOLD_R2_K125,D0,125,HOLD,R2,229,PE-H__0072,PE 16:0_22:4,PE,0.0011745409914867993,0.0,COMPUTED,True,False,False,False
D0__HOLD_R2_K125,D0,125,HOLD,R2,230,PE-H__0073,PE 16:0_22:5,PE,0.0005222840792743024,,NOT_COMPUTED,False,False,False,False
D0__HOLD_R2_K125,D0,125,HOLD,R2,231,PE-H__0074,PE 16:0_22:6,PE,0.003060341380205931,3.529409442744959e-28,COMPUTED,True,False,False,False
D0__HOLD_R2_K125,D0,125,HOLD,R2,232,PE-H__0078,PE 16:0_24:3,PE,0.0013282220394457206,1.8333881134334788e-28,COMPUTED,True,False,False,False
D0__HOLD_R2_K125,D0,125,HOLD,R2,233,PE-H__0079,PE 16:0_24:4,PE,0.020382120164541533,2.2012297488236727e-07,COMPUTED,True,True,True,True
D0__HOLD_R2_K125,D0,125,HOLD,R2,234,PE-H__0080,PE 16:0_24:5,PE,0.010523302442626357,3.1543848947205924e-07,COMPUTED,True,True,True,True
D0__HOLD_R2_K125,D0,125,HOLD,R2,235,PE-H__0081,PE 16:0_24:6,PE,0.00032694024031507747,,NOT_COMPUTED,False,False,False,False
D0__HOLD_R2_K125,D0,125,HOLD,R2,236,PE-H__0093,PE 22:0_16:1,PE,0.0,,NOT_COMPUTED,False,False,False,False
D0__HOLD_R2_K125,D0,125,HOLD,R2,237,PE-H__0094,PE 16:1_22:1,PE,1.0338721571728571e-05,,NOT_COMPUTED,False,False,False,False
D0__HOLD_R2_K125,D0,125,HOLD,R2,238,PE-H__0095,PE 16:1_22:2,PE,0.0004643690836138504,,NOT_COMPUTED,False,False,False,False
D0__HOLD_R2_K125,D0,125,HOLD,R2,239,PE-H__0096,PE 16:1_22:3,PE,3.5910195657020764e-05,,NOT_COMPUTED,False,False,False,False
D0__HOLD_R2_K125,D0,125,HOLD,R2,240,PE-H__0097,PE 16:1_22:4,PE,0.00014922609273659802,,NOT_COMPUTED,False,False,False,False
D0__HOLD_R2_K125,D0,125,HOLD,R2,241,PE-H__0098,PE 16:1_22:5,PE,0.006817083943607486,2.2072839894809197e-26,COMPUTED,True,False,False,False
D0__HOLD_R2_K125,D0,125,HOLD,R2,242,PE-H__0099,PE 16:1_22:6,PE,0.0023259785796572495,4.4374140519853186e-07,COMPUTED,True,True,True,True
D0__HOLD_R2_K125,D0,125,HOLD,R2,243,PE-H__0102,PE 16:1_24:2,PE,0.0012715325443142414,3.666804712451328e-26,COMPUTED,True,False,False,False
D0__HOLD_R2_K125,D0,125,HOLD,R2,244,PE-H__0103,PE 16:1_24:3,PE,0.0001318325950611329,,NOT_COMPUTED,False,False,False,False
D0__HOLD_R2_K125,D0,125,HOLD,R2,245,PE-H__0104,PE 16:1_24:4,PE,0.012080334087166928,2.6179567819496083e-23,COMPUTED,True,False,False,False
D0__HOLD_R2_K125,D0,125,HOLD,R2,246,PE-H__0105,PE 16:1_24:5,PE,0.004470829940947014,0.0,COMPUTED,True,False,False,False
D0__HOLD_R2_K125,D0,125,HOLD,R2,247,PE-H__0106,PE 16:1_24:6,PE,0.00014490128134022332,,NOT_COMPUTED,False,False,False,False
D0__HOLD_R2_K125,D0,125,HOLD,R2,248,PE-H__0111,PE 18:0_20:0,PE,1.1263512491284277e-05,,NOT_COMPUTED,False,False,False,False
D0__HOLD_R2_K125,D0,125,HOLD,R2,249,PE-H__0112,PE 18:0_20:1,PE,0.0008509309733064009,,NOT_COMPUTED,False,False,False,False
D0__HOLD_R2_K125,D0,125,HOLD,R2,250,PE-H__0113,PE 18:0_20:2,PE,0.0008635371016897009,,NOT_COMPUTED,False,False,False,False
D0__HOLD_R2_K125,D0,125,HOLD,R2,251,PE-H__0114,PE 18:0_20:3,PE,0.012669572089825156,4.0937318940721135e-07,COMPUTED,True,True,True,True
D0__HOLD_R2_K125,D0,125,HOLD,R2,252,PE-H__0115,PE 18:0_20:4,PE,0.021063172716537622,5.728354006987063e-07,COMPUTED,True,True,True,True
D0__HOLD_R2_K125,D0,125,HOLD,R2,253,PE-H__0116,PE 18:0_20:5,PE,0.0001355238264276796,,NOT_COMPUTED,False,False,False,False
D0__HOLD_R2_K125,D0,125,HOLD,R2,254,PE-H__0120,PE 18:0_22:3,PE,0.006301463226048489,1.5197795254697203e-23,COMPUTED,True,False,False,False
D0__HOLD_R2_K125,D0,125,HOLD,R2,255,PE-H__0121,PE 18:0_22:4,PE,0.010411828135531195,8.809770037657578e-07,COMPUTED,True,True,True,True
D0__HOLD_R2_K125,D0,125,HOLD,R2,256,PE-H__0122,PE 18:0_22:5,PE,0.010448854248332614,8.907191131739527e-23,COMPUTED,True,False,False,False
D0__HOLD_R2_K125,D0,125,HOLD,R2,257,PE-H__0123,PE 18:0_22:6,PE,0.001646391614933646,1.9137579755850655e-27,COMPUTED,True,False,False,False
D0__HOLD_R2_K125,D0,125,HOLD,R2,258,PE-H__0134,PE 20:0_18:1,PE,5.2742506821321305e-06,,NOT_COMPUTED,False,False,False,False
D0__HOLD_R2_K125,D0,125,HOLD,R2,259,PE-H__0135,PE 18:1_20:1,PE,5.4939050965671215e-05,,NOT_COMPUTED,False,False,False,False
D0__HOLD_R2_K125,D0,125,HOLD,R2,260,PE-H__0136,PE 18:1_20:2,PE,0.0014261931463420902,0.0,COMPUTED,True,False,False,False
D0__HOLD_R2_K125,D0,125,HOLD,R2,261,PE-H__0137,PE 18:1_20:3,PE,0.0011596761640030534,0.0,COMPUTED,True,False,False,False
D0__HOLD_R2_K125,D0,125,HOLD,R2,262,PE-H__0138,PE 18:1_20:4,PE,1.5659703370374687e-05,,NOT_COMPUTED,False,False,False,False
D0__HOLD_R2_K125,D0,125,HOLD,R2,263,PE-H__0139,PE 18:1_20:5,PE,0.0005449251141823161,,NOT_COMPUTED,False,False,False,False
D0__HOLD_R2_K125,D0,125,HOLD,R2,264,PE-H__0142,PE 18:1_22:2,PE,0.0006381228182598425,,NOT_COMPUTED,False,False,False,False
D0__HOLD_R2_K125,D0,125,HOLD,R2,265,PE-H__0143,PE 18:1_22:3,PE,1.6544139992336872e-05,,NOT_COMPUTED,False,False,False,False
D0__HOLD_R2_K125,D0,125,HOLD,R2,266,PE-H__0144,PE 18:1_22:4,PE,5.553841459244753e-06,,NOT_COMPUTED,False,False,False,False
D0__HOLD_R2_K125,D0,125,HOLD,R2,267,PE-H__0145,PE 18:1_22:5,PE,5.361233474649615e-05,,NOT_COMPUTED,False,False,False,False
D0__HOLD_R2_K125,D0,125,HOLD,R2,268,PE-H__0146,PE 18:1_22:6,PE,1.9038442523205233e-05,,NOT_COMPUTED,False,False,False,False
D0__HOLD_R2_K125,D0,125,HOLD,R2,269,PE-H__0156,PE 20:0_18:2,PE,0.0,,NOT_COMPUTED,False,False,False,False
D0__HOLD_R2_K125,D0,125,HOLD,R2,270,PE-H__0157,PE 20:1_18:2,PE,0.0023735921619234854,2.316925494667239e-23,COMPUTED,True,False,False,False
D0__HOLD_R2_K125,D0,125,HOLD,R2,271,PE-H__0158,PE 18:2_20:2,PE,0.002898551499140428,2.923219474338123e-23,COMPUTED,True,False,False,False
D0__HOLD_R2_K125,D0,125,HOLD,R2,272,PE-H__0159,PE 18:2_20:3,PE,0.001455387963101855,0.0,COMPUTED,True,False,False,False
D0__HOLD_R2_K125,D0,125,HOLD,R2,273,PE-H__0160,PE 18:2_20:4,PE,0.034753886227988154,2.695892367348324e-06,COMPUTED,True,True,True,True
D0__HOLD_R2_K125,D0,125,HOLD,R2,274,PE-H__0161,PE 18:2_20:5,PE,0.0015731592265400224,3.727175439868058e-24,COMPUTED,True,False,False,False
D0__HOLD_R2_K125,D0,125,HOLD,R2,275,PE-H__0163,PE 22:1_18:2,PE,0.001464085095424476,8.733976330116755e-27,COMPUTED,True,False,False,False
D0__HOLD_R2_K125,D0,125,HOLD,R2,276,PE-H__0164,PE 18:2_22:2,PE,0.01118770624570611,0.0,COMPUTED,True,False,False,False
D0__HOLD_R2_K125,D0,125,HOLD,R2,277,PE-H__0165,PE 18:2_22:3,PE,0.0046680991726680944,0.0,COMPUTED,True,False,False,False
D0__HOLD_R2_K125,D0,125,HOLD,R2,278,PE-H__0166,PE 18:2_22:4,PE,0.007742003666766594,0.0,COMPUTED,True,False,False,False
D0__HOLD_R2_K125,D0,125,HOLD,R2,279,PE-H__0167,PE 18:2_22:5,PE,0.02494084604604281,3.3337102563333226e-06,COMPUTED,True,True,True,True
D0__HOLD_R2_K125,D0,125,HOLD,R2,280,PE-H__0168,PE 18:2_22:6,PE,0.024146533611268353,1.8840784105742845e-05,COMPUTED,True,True,True,True
D0__HOLD_R2_K125,D0,125,HOLD,R2,281,PE-H__0177,PE 20:0_18:3,PE,0.0016523050539176856,0.0,COMPUTED,True,False,False,False
D0__HOLD_R2_K125,D0,125,HOLD,R2,282,PE-H__0178,PE 20:1_18:3,PE,0.004062768778272021,1.5276985508699926e-26,COMPUTED,True,False,False,False
D0__HOLD_R2_K125,D0,125,HOLD,R2,283,PE-H__0179,PE 20:2_18:3,PE,5.9625671554365474e-05,,NOT_COMPUTED,False,False,False,False
D0__HOLD_R2_K125,D0,125,HOLD,R2,284,PE-H__0180,PE 18:3_20:3,PE,0.006798808706603578,0.0,COMPUTED,True,False,False,False
D0__HOLD_R2_K125,D0,125,HOLD,R2,285,PE-H__0181,PE 18:3_20:4,PE,0.005059910620980542,7.775880466111593e-25,COMPUTED,True,False,False,False
D0__HOLD_R2_K125,D0,125,HOLD,R2,286,PE-H__0182,PE 18:3_20:5,PE,0.005582808327966102,6.881549319820042e-06,COMPUTED,True,True,True,True
D0__HOLD_R2_K125,D0,125,HOLD,R2,287,PE-H__0183,PE 22:0_18:3,PE,0.0005233126450317636,,NOT_COMPUTED,False,False,False,False
D0__HOLD_R2_K125,D0,125,HOLD,R2,288,PE-H__0184,PE 22:1_18:3,PE,0.0014325783089938948,4.514116679427367e-27,COMPUTED,True,False,False,False
D0__HOLD_R2_K125,D0,125,HOLD,R2,289,PE-H__0185,PE 22:2_18:3,PE,0.00325929754763364,0.0,COMPUTED,True,False,False,False
D0__HOLD_R2_K125,D0,125,HOLD,R2,290,PE-H__0186,PE 18:3_22:3,PE,0.0002554524191373939,,NOT_COMPUTED,False,False,False,False
D0__HOLD_R2_K125,D0,125,HOLD,R2,291,PE-H__0187,PE 18:3_22:4,PE,0.004143203280803175,0.0,COMPUTED,True,False,False,False
D0__HOLD_R2_K125,D0,125,HOLD,R2,292,PE-H__0188,PE 18:3_22:5,PE,0.00018352566948275247,,NOT_COMPUTED,False,False,False,False
D0__HOLD_R2_K125,D0,125,HOLD,R2,293,PE-H__0189,PE 18:3_22:6,PE,0.0005700771398815682,,NOT_COMPUTED,False,False,False,False
D0__HOLD_R2_K125,D0,125,HOLD,R2,294,PE-H__0200,PE 20:0_20:3,PE,9.660643646544651e-05,,NOT_COMPUTED,False,False,False,False
D0__HOLD_R2_K125,D0,125,HOLD,R2,295,PE-H__0201,PE 20:0_20:4,PE,0.0035875081304652056,0.0,COMPUTED,True,False,False,False
D0__HOLD_R2_K125,D0,125,HOLD,R2,296,PE-H__0202,PE 20:0_20:5,PE,0.0018207231024938487,0.0,COMPUTED,True,False,False,False
D0__HOLD_R2_K125,D0,125,HOLD,R2,297,PE-H__0218,PE 20:1_20:2,PE,0.0006978914745957254,,NOT_COMPUTED,False,True,True,True
D0__HOLD_R2_K125,D0,125,HOLD,R2,298,PE-H__0219,PE 20:1_20:3,PE,0.006595068709154725,1.438750605912258e-22,COMPUTED,True,False,False,False
D0__HOLD_R2_K125,D0,125,HOLD,R2,299,PE-H__0220,PE 20:1_20:4,PE,0.015471933722135062,9.787181430550856e-07,COMPUTED,True,True,True,True
D0__HOLD_R2_K125,D0,125,HOLD,R2,300,PE-H__0221,PE 20:1_20:5,PE,9.613788202660913e-06,,NOT_COMPUTED,False,False,False,False
D0__HOLD_R2_K125,D0,125,HOLD,R2,301,PE-H__0236,PE 20:2_20:2,PE,0.0005206591476165875,,NOT_COMPUTED,False,False,False,False
D0__HOLD_R2_K125,D0,125,HOLD,R2,302,PE-H__0237,PE 20:2_20:3,PE,9.660889216510898e-05,,NOT_COMPUTED,False,False,False,False
D0__HOLD_R2_K125,D0,125,HOLD,R2,303,PE-H__0238,PE 20:2_20:4,PE,1.4312452769174869e-05,,NOT_COMPUTED,False,False,False,False
D0__HOLD_R2_K125,D0,125,HOLD,R2,304,PE-H__0239,PE 20:2_20:5,PE,0.001545507792197096,0.0,COMPUTED,True,False,False,False
D0__HOLD_R2_K125,D0,125,HOLD,R2,305,PE-H__0254,PE 20:3_20:3,PE,7.415136177879258e-05,,NOT_COMPUTED,False,False,False,False
D0__HOLD_R2_K125,D0,125,HOLD,R2,306,PE-H__0255,PE 20:3_20:4,PE,2.6728139089961674e-05,,NOT_COMPUTED,False,False,False,False
D0__HOLD_R2_K125,D0,125,HOLD,R2,307,PE-H__0256,PE 20:3_20:5,PE,0.00253003000479501,0.0,COMPUTED,True,False,False,False
D0__HOLD_R2_K125,D0,125,HOLD,R2,308,PE-H__0271,PE 20:4_20:4,PE,0.0001059490380943278,,NOT_COMPUTED,False,False,False,False
D0__HOLD_R2_K125,D0,125,HOLD,R2,309,PE-H__0272,PE 20:4_20:5,PE,8.937946443374076e-05,,NOT_COMPUTED,False,False,False,False
D0__HOLD_R2_K125,D0,125,HOLD,R2,310,PE-H__0287,PE 20:5_20:5,PE,0.0010751545251209158,2.088524102132652e-31,COMPUTED,True,False,False,False
D0__HOLD_R2_K125,D0,125,HOLD,R2,311,PE-H__0428,PE 13:0_24:4,PE,7.608905154357519e-07,,NOT_COMPUTED,False,False,False,False
D0__HOLD_R2_K125,D0,125,HOLD,R2,312,PE-H__0443,PE 15:0_22:0,PE,0.004838360583276529,5.998458127256247e-07,COMPUTED,True,True,True,True
D0__HOLD_R2_K125,D0,125,HOLD,R2,313,PE-H__0444,PE 15:0_22:1,PE,0.0004893130573451081,,NOT_COMPUTED,False,False,False,False
D0__HOLD_R2_K125,D0,125,HOLD,R2,314,PE-H__0445,PE 15:0_22:2,PE,1.002058318521902e-05,,NOT_COMPUTED,False,False,False,False
D0__HOLD_R2_K125,D0,125,HOLD,R2,315,PE-H__0446,PE 15:0_22:3,PE,0.001434245725372098,0.0,COMPUTED,True,False,False,False
D0__HOLD_R2_K125,D0,125,HOLD,R2,316,PE-H__0447,PE 15:0_22:4,PE,0.00045521567109778474,,NOT_COMPUTED,False,False,False,False
D0__HOLD_R2_K125,D0,125,HOLD,R2,317,PE-H__0448,PE 15:0_22:5,PE,0.0004652273806352821,,NOT_COMPUTED,False,False,False,False
D0__HOLD_R2_K125,D0,125,HOLD,R2,318,PE-H__0449,PE 15:0_22:6,PE,0.00012050892131782607,,NOT_COMPUTED,False,False,False,False
D0__HOLD_R2_K125,D0,125,HOLD,R2,319,PE-H__0450,PE 15:0_24:4,PE,0.00046719071671514576,,NOT_COMPUTED,False,False,False,False
D0__HOLD_R2_K125,D0,125,HOLD,R2,320,PE-H__0459,PE 17:0_20:0,PE,0.011365348427147984,7.549686148031053e-06,COMPUTED,True,True,True,True
D0__HOLD_R2_K125,D0,125,HOLD,R2,321,PE-H__0460,PE 17:0_20:1,PE,0.0013734315026452497,1.3191722651085625e-24,COMPUTED,True,False,False,False
D0__HOLD_R2_K125,D0,125,HOLD,R2,322,PE-H__0461,PE 17:0_20:2,PE,0.00012786899365073052,,NOT_COMPUTED,False,False,False,False
D0__HOLD_R2_K125,D0,125,HOLD,R2,323,PE-H__0462,PE 17:0_20:3,PE,0.0069451094674502145,1.0381078211752228e-07,COMPUTED,True,True,True,True
D0__HOLD_R2_K125,D0,125,HOLD,R2,324,PE-H__0463,PE 17:0_20:4,PE,0.00045278081755212557,,NOT_COMPUTED,False,False,False,False
D0__HOLD_R2_K125,D0,125,HOLD,R2,325,PE-H__0464,PE 17:0_20:5,PE,3.5830715085150316e-06,,NOT_COMPUTED,False,False,False,False
D0__HOLD_R2_K125,D0,125,HOLD,R2,326,PE-H__0465,PE 17:0_22:0,PE,0.009662822328123903,4.407252077246578e-06,COMPUTED,True,True,True,True
D0__HOLD_R2_K125,D0,125,HOLD,R2,327,PE-H__0466,PE 17:0_22:1,PE,0.006258692081574982,2.096155800928631e-07,COMPUTED,True,True,True,True
D0__HOLD_R2_K125,D0,125,HOLD,R2,328,PE-H__0467,PE 17:0_22:2,PE,0.0016382987038369367,6.689608178287283e-25,COMPUTED,True,False,False,False
D0__HOLD_R2_K125,D0,125,HOLD,R2,329,PE-H__0468,PE 17:0_22:3,PE,0.003187489449822609,1.878685866254493e-23,COMPUTED,True,False,False,False
D0__HOLD_R2_K125,D0,125,HOLD,R2,330,PE-H__0469,PE 17:0_22:4,PE,0.013601638144178486,4.975131986659724e-06,COMPUTED,True,True,True,True
D0__HOLD_R2_K125,D0,125,HOLD,R2,331,PE-H__0470,PE 17:0_22:5,PE,0.000502298248965361,,NOT_COMPUTED,False,False,False,False
D0__HOLD_R2_K125,D0,125,HOLD,R2,332,PE-H__0471,PE 17:0_22:6,PE,0.00015926033298686553,,NOT_COMPUTED,False,False,False,False
D0__HOLD_R2_K125,D0,125,HOLD,R2,333,PE-H__0481,PE 20:0_17:1,PE,0.0004924102418820158,,NOT_COMPUTED,False,False,False,False
D0__HOLD_R2_K125,D0,125,HOLD,R2,334,PE-H__0482,PE 17:1_20:1,PE,0.0009139262713830508,,NOT_COMPUTED,False,False,False,False
D0__HOLD_R2_K125,D0,125,HOLD,R2,335,PE-H__0483,PE 17:1_20:2,PE,2.2417093764440215e-05,,NOT_COMPUTED,False,False,False,False
D0__HOLD_R2_K125,D0,125,HOLD,R2,336,PE-H__0484,PE 17:1_20:3,PE,0.00013386129037162213,,NOT_COMPUTED,False,False,False,False
D0__HOLD_R2_K125,D0,125,HOLD,R2,337,PE-H__0485,PE 17:1_20:4,PE,1.229023546862851e-05,,NOT_COMPUTED,False,False,False,False
D0__HOLD_R2_K125,D0,125,HOLD,R2,338,PE-H__0486,PE 17:1_20:5,PE,2.0176341813629576e-06,,NOT_COMPUTED,False,False,False,False
D0__HOLD_R2_K125,D0,125,HOLD,R2,339,PE-H__0487,PE 22:0_17:1,PE,0.0007929576254882651,,NOT_COMPUTED,False,False,False,False
D0__HOLD_R2_K125,D0,125,HOLD,R2,340,PE-H__0488,PE 17:1_22:1,PE,0.0003040101467675692,,NOT_COMPUTED,False,False,False,False
D0__HOLD_R2_K125,D0,125,HOLD,R2,341,PE-H__0489,PE 17:1_22:2,PE,0.0018231453336069567,5.160509337062479e-07,COMPUTED,True,True,True,True
D0__HOLD_R2_K125,D0,125,HOLD,R2,342,PE-H__0490,PE 17:1_22:3,PE,0.0017123651378980287,0.0,COMPUTED,True,False,False,False
D0__HOLD_R2_K125,D0,125,HOLD,R2,343,PE-H__0491,PE 17:1_22:4,PE,0.005887418085787145,0.0,COMPUTED,True,False,False,False
D0__HOLD_R2_K125,D0,125,HOLD,R2,344,PE-H__0492,PE 17:1_22:5,PE,0.0023007732939840813,0.0,COMPUTED,True,False,False,False
D0__HOLD_R2_K125,D0,125,HOLD,R2,345,PE-H__0493,PE 17:1_22:6,PE,0.00020183318923623443,,NOT_COMPUTED,False,False,False,False
D0__HOLD_R2_K125,D0,125,HOLD,R2,346,PEO-H__0050,PE O-14:0_24:0,PE,0.0,,NOT_COMPUTED,False,False,False,False
D0__HOLD_R2_K125,D0,125,HOLD,R2,347,PEO-H__0051,PE O-14:0_24:1,PE,0.000841629804024948,,NOT_COMPUTED,False,False,False,False
D0__HOLD_R2_K125,D0,125,HOLD,R2,348,PEO-H__0052,PE O-14:0_24:2,PE,0.03114889986509385,3.4174532487366846e-06,COMPUTED,True,True,True,True
D0__HOLD_R2_K125,D0,125,HOLD,R2,349,PEO-H__0053,PE O-14:0_24:3,PE,0.0,,NOT_COMPUTED,False,False,False,False
D0__HOLD_R2_K125,D0,125,HOLD,R2,350,PEO-H__0054,PE O-14:0_24:4,PE,0.008265274752472246,0.0,COMPUTED,True,False,False,False
D0__HOLD_R2_K125,D0,125,HOLD,R2,351,PEO-H__0055,PE O-14:0_24:5,PE,0.004973193193038367,3.270481372313139e-08,COMPUTED,True,True,True,True
D0__HOLD_R2_K125,D0,125,HOLD,R2,352,PEO-H__0056,PE O-14:0_24:6,PE,0.0025647221905397955,0.0,COMPUTED,True,False,False,False
D0__HOLD_R2_K125,D0,125,HOLD,R2,353,PEO-H__0071,PE O-16:0_22:0,PE,0.007530124829179729,1.3203253025198882e-26,COMPUTED,True,False,False,False
D0__HOLD_R2_K125,D0,125,HOLD,R2,354,PEO-H__0072,PE O-16:0_22:1,PE,0.0006579139350482514,,NOT_COMPUTED,False,False,False,False
D0__HOLD_R2_K125,D0,125,HOLD,R2,355,PEO-H__0073,PE O-16:0_22:2,PE,0.0001136946146499778,,NOT_COMPUTED,False,False,False,False
D0__HOLD_R2_K125,D0,125,HOLD,R2,356,PEO-H__0074,PE O-16:0_22:3,PE,6.234445167777661e-05,,NOT_COMPUTED,False,True,True,True
D0__HOLD_R2_K125,D0,125,HOLD,R2,357,PEO-H__0075,PE O-16:0_22:4,PE,0.003765791634560018,0.0,COMPUTED,True,False,False,False
D0__HOLD_R2_K125,D0,125,HOLD,R2,358,PEO-H__0076,PE O-16:0_22:5,PE,0.0,,NOT_COMPUTED,False,False,False,False
D0__HOLD_R2_K125,D0,125,HOLD,R2,359,PEO-H__0077,PE O-16:0_22:6,PE,0.0005221716151656605,,NOT_COMPUTED,False,False,False,False
D0__HOLD_R2_K125,D0,125,HOLD,R2,360,PEO-H__0078,PE O-16:0_24:0,PE,5.7144942816763924e-05,,NOT_COMPUTED,False,False,False,False
D0__HOLD_R2_K125,D0,125,HOLD,R2,361,PEO-H__0079,PE O-16:0_24:1,PE,0.0004394330201361761,,NOT_COMPUTED,False,False,False,False
D0__HOLD_R2_K125,D0,125,HOLD,R2,362,PEO-H__0080,PE O-16:0_24:2,PE,0.012544316575441217,1.347767757990571e-07,COMPUTED,True,True,True,True
D0__HOLD_R2_K125,D0,125,HOLD,R2,363,PEO-H__0081,PE O-16:0_24:3,PE,1.9776532080738704e-06,,NOT_COMPUTED,False,False,False,False
D0__HOLD_R2_K125,D0,125,HOLD,R2,364,PEO-H__0082,PE O-16:0_24:4,PE,0.003519738039466736,0.0,COMPUTED,True,False,False,False
D0__HOLD_R2_K125,D0,125,HOLD,R2,365,PEO-H__0083,PE O-16:0_24:5,PE,1.4671298946964425e-05,,NOT_COMPUTED,False,False,False,False
D0__HOLD_R2_K125,D0,125,HOLD,R2,366,PEO-H__0084,PE O-16:0_24:6,PE,0.00021079076311640742,,NOT_COMPUTED,False,False,False,False
D0__HOLD_R2_K125,D0,125,HOLD,R2,367,PEO-H__0099,PE O-16:1_22:0,PE,0.0009509839031454414,,NOT_COMPUTED,False,False,False,False
D0__HOLD_R2_K125,D0,125,HOLD,R2,368,PEO-H__0100,PE O-16:1_22:1,PE,0.004029992384597878,0.0,COMPUTED,True,False,False,False
D0__HOLD_R2_K125,D0,125,HOLD,R2,369,PEO-H__0101,PE O-16:1_22:2,PE,0.0,,NOT_COMPUTED,False,False,False,False
D0__HOLD_R2_K125,D0,125,HOLD,R2,370,PEO-H__0102,PE O-16:1_22:3,PE,4.562689277754294e-06,,NOT_COMPUTED,False,False,False,False
D0__HOLD_R2_K125,D0,125,HOLD,R2,371,PEO-H__0103,PE O-16:1_22:4,PE,0.0,,NOT_COMPUTED,False,False,False,False
D0__HOLD_R2_K125,D0,125,HOLD,R2,372,PEO-H__0104,PE O-16:1_22:5,PE,0.0008890086679116478,,NOT_COMPUTED,False,False,False,False
D0__HOLD_R2_K125,D0,125,HOLD,R2,373,PEO-H__0106,PE O-16:1_24:0,PE,0.0,,NOT_COMPUTED,False,False,False,False
D0__HOLD_R2_K125,D0,125,HOLD,R2,374,PEO-H__0107,PE O-16:1_24:1,PE,0.00022119177707919326,,NOT_COMPUTED,False,False,False,False
D0__HOLD_R2_K125,D0,125,HOLD,R2,375,PEO-H__0108,PE O-16:1_24:2,PE,0.00039921787495810623,,NOT_COMPUTED,False,False,False,False
D0__HOLD_R2_K125,D0,125,HOLD,R2,376,PEO-H__0109,PE O-16:1_24:3,PE,0.0025852667741680237,0.0,COMPUTED,True,False,False,False
D0__HOLD_R2_K125,D0,125,HOLD,R2,377,PEO-H__0110,PE O-16:1_24:4,PE,0.011471691007977297,8.676588682150954e-07,COMPUTED,True,True,True,True
D0__HOLD_R2_K125,D0,125,HOLD,R2,378,PEO-H__0111,PE O-16:1_24:5,PE,0.004950458924926255,0.0,COMPUTED,True,False,False,False
D0__HOLD_R2_K125,D0,125,HOLD,R2,379,PEO-H__0112,PE O-16:1_24:6,PE,0.0034480199328448587,0.0,COMPUTED,True,False,False,False
D0__HOLD_R2_K125,D0,125,HOLD,R2,380,PEO-H__0121,PE O-18:0_20:0,PE,0.014453925490612312,1.479958655392181e-07,COMPUTED,True,True,True,True
D0__HOLD_R2_K125,D0,125,HOLD,R2,381,PEO-H__0122,PE O-18:0_20:1,PE,0.01536002217458855,4.957112024237172e-09,COMPUTED,True,True,True,True
D0__HOLD_R2_K125,D0,125,HOLD,R2,382,PEO-H__0123,PE O-18:0_20:2,PE,0.003522441528423902,0.0,COMPUTED,True,False,False,False
D0__HOLD_R2_K125,D0,125,HOLD,R2,383,PEO-H__0124,PE O-18:0_20:3,PE,0.0010877609594893327,0.0,COMPUTED,True,False,False,False
D0__HOLD_R2_K125,D0,125,HOLD,R2,384,PEO-H__0125,PE O-18:0_20:4,PE,0.01871946961743915,0.0,COMPUTED,True,False,False,False
D0__HOLD_R2_K125,D0,125,HOLD,R2,385,PEO-H__0126,PE O-18:0_20:5,PE,5.422511113202739e-06,,NOT_COMPUTED,False,False,False,False
D0__HOLD_R2_K125,D0,125,HOLD,R2,386,PEO-H__0127,PE O-18:0_22:0,PE,0.0003553483087114738,,NOT_COMPUTED,False,False,False,False
D0__HOLD_R2_K125,D0,125,HOLD,R2,387,PEO-H__0128,PE O-18:0_22:1,PE,0.01392936197134602,3.827658823840898e-08,COMPUTED,True,True,True,True
D0__HOLD_R2_K125,D0,125,HOLD,R2,388,PEO-H__0129,PE O-18:0_22:2,PE,0.006000292105143255,0.0,COMPUTED,True,False,False,False
D0__HOLD_R2_K125,D0,125,HOLD,R2,389,PEO-H__0130,PE O-18:0_22:3,PE,0.0005223662911410429,,NOT_COMPUTED,False,False,False,False
D0__HOLD_R2_K125,D0,125,HOLD,R2,390,PEO-H__0131,PE O-18:0_22:4,PE,0.004048460849657946,1.0093670201093552e-07,COMPUTED,True,True,True,True
D0__HOLD_R2_K125,D0,125,HOLD,R2,391,PEO-H__0132,PE O-18:0_22:5,PE,0.001870271025149235,0.0,COMPUTED,True,False,False,False
D0__HOLD_R2_K125,D0,125,HOLD,R2,392,PEO-H__0133,PE O-18:0_22:6,PE,0.001262381815253715,1.685046684766379e-27,COMPUTED,True,False,False,False
D0__HOLD_R2_K125,D0,125,HOLD,R2,393,PEO-H__0149,PE O-18:1_20:0,PE,0.0027586094260396744,3.8334535466765506e-26,COMPUTED,True,False,False,False
D0__HOLD_R2_K125,D0,125,HOLD,R2,394,PEO-H__0150,PE O-18:1_20:1,PE,0.030227991829345175,6.75451915948466e-08,COMPUTED,True,True,True,True
D0__HOLD_R2_K125,D0,125,HOLD,R2,395,PEO-H__0151,PE O-18:1_20:2,PE,0.0005320192074541625,,NOT_COMPUTED,False,True,True,True
D0__HOLD_R2_K125,D0,125,HOLD,R2,396,PEO-H__0152,PE O-18:1_20:3,PE,0.010105713791953195,8.259045061904594e-24,COMPUTED,True,False,False,False
D0__HOLD_R2_K125,D0,125,HOLD,R2,397,PEO-H__0153,PE O-18:1_20:4,PE,1.3177124053507266e-05,,NOT_COMPUTED,False,False,False,False
D0__HOLD_R2_K125,D0,125,HOLD,R2,398,PEO-H__0154,PE O-18:1_20:5,PE,0.037003365321318815,7.67335285169131e-06,COMPUTED,True,True,True,True
D0__HOLD_R2_K125,D0,125,HOLD,R2,399,PEO-H__0155,PE O-18:1_22:0,PE,0.0006890291326873385,,NOT_COMPUTED,False,False,False,False
D0__HOLD_R2_K125,D0,125,HOLD,R2,400,PEO-H__0156,PE O-18:1_22:1,PE,0.011895727065515156,1.4908507091736702e-22,COMPUTED,True,False,False,False
D0__HOLD_R2_K125,D0,125,HOLD,R2,401,PEO-H__0157,PE O-18:1_22:2,PE,0.0010002229751748858,2.0030444349283232e-25,COMPUTED,True,False,False,False
D0__HOLD_R2_K125,D0,125,HOLD,R2,402,PEO-H__0158,PE O-18:1_22:3,PE,0.00877900807649424,1.3028571294294247e-10,COMPUTED,True,True,True,True
D0__HOLD_R2_K125,D0,125,HOLD,R2,403,PEO-H__0159,PE O-18:1_22:4,PE,0.001071049528875499,0.0,COMPUTED,True,False,False,False
D0__HOLD_R2_K125,D0,125,HOLD,R2,404,PEO-H__0160,PE O-18:1_22:5,PE,0.005458663965886115,5.163687614366793e-24,COMPUTED,True,False,False,False
D0__HOLD_R2_K125,D0,125,HOLD,R2,405,PEO-H__0161,PE O-18:1_22:6,PE,0.03280061566594289,2.596751336109241e-06,COMPUTED,True,True,True,True
D0__HOLD_R2_K125,D0,125,HOLD,R2,406,PEO-H__0177,PE O-18:2_20:0,PE,0.006587138827370025,0.0,COMPUTED,True,False,False,False
D0__HOLD_R2_K125,D0,125,HOLD,R2,407,PEO-H__0178,PE O-18:2_20:1,PE,0.00240463853873176,0.0,COMPUTED,True,False,False,False
D0__HOLD_R2_K125,D0,125,HOLD,R2,408,PEO-H__0179,PE O-18:2_20:2,PE,0.001060209781732825,0.0,COMPUTED,True,False,False,False
D0__HOLD_R2_K125,D0,125,HOLD,R2,409,PEO-H__0180,PE O-18:2_20:3,PE,0.005232626203418283,2.7350800851346586e-24,COMPUTED,True,False,False,False
D0__HOLD_R2_K125,D0,125,HOLD,R2,410,PEO-H__0181,PE O-18:2_20:4,PE,0.0047735775757080795,0.0,COMPUTED,True,False,False,False
D0__HOLD_R2_K125,D0,125,HOLD,R2,411,PEO-H__0183,PE O-18:2_22:0,PE,9.693638057167943e-05,,NOT_COMPUTED,False,False,False,False
D0__HOLD_R2_K125,D0,125,HOLD,R2,412,PEO-H__0184,PE O-18:2_22:1,PE,0.0014438505678822928,0.0,COMPUTED,True,False,False,False
D0__HOLD_R2_K125,D0,125,HOLD,R2,413,PEO-H__0185,PE O-18:2_22:2,PE,8.591624287777656e-05,,NOT_COMPUTED,False,False,False,False
D0__HOLD_R2_K125,D0,125,HOLD,R2,414,PEO-H__0186,PE O-18:2_22:3,PE,0.0032290494254778564,0.0,COMPUTED,True,False,False,False
D0__HOLD_R2_K125,D0,125,HOLD,R2,415,PEO-H__0187,PE O-18:2_22:4,PE,0.0005577539693249771,,NOT_COMPUTED,False,False,False,False
D0__HOLD_R2_K125,D0,125,HOLD,R2,416,PEO-H__0188,PE O-18:2_22:5,PE,0.007760235933253981,8.538980800127182e-08,COMPUTED,True,True,True,True
D0__HOLD_R2_K125,D0,125,HOLD,R2,417,PEO-H__0189,PE O-18:2_22:6,PE,2.207289409839498e-05,,NOT_COMPUTED,False,False,False,False
D0__HOLD_R2_K125,D0,125,HOLD,R2,418,PEO-H__0205,PE O-18:3_20:0,PE,1.6892929881390255e-05,,NOT_COMPUTED,False,False,False,False
D0__HOLD_R2_K125,D0,125,HOLD,R2,419,PEO-H__0206,PE O-18:3_20:1,PE,0.022122920921181434,1.7687377140623884e-07,COMPUTED,True,True,True,True
D0__HOLD_R2_K125,D0,125,HOLD,R2,420,PEO-H__0207,PE O-18:3_20:2,PE,2.521364178144976e-05,,NOT_COMPUTED,False,False,False,False
D0__HOLD_R2_K125,D0,125,HOLD,R2,421,PEO-H__0208,PE O-18:3_20:3,PE,0.004901940760001215,0.0,COMPUTED,True,False,False,False
D0__HOLD_R2_K125,D0,125,HOLD,R2,422,PEO-H__0211,PE O-18:3_22:0,PE,0.0029399707348962264,1.1343900581957373e-08,COMPUTED,True,True,True,True
D0__HOLD_R2_K125,D0,125,HOLD,R2,423,PEO-H__0212,PE O-18:3_22:1,PE,0.0022097061491352025,0.0,COMPUTED,True,False,False,False
D0__HOLD_R2_K125,D0,125,HOLD,R2,424,PEO-H__0213,PE O-18:3_22:2,PE,0.0022399130852651327,1.1518703503387944e-27,COMPUTED,True,False,False,False
D0__HOLD_R2_K125,D0,125,HOLD,R2,425,PEO-H__0214,PE O-18:3_22:3,PE,0.00011450159810263793,,NOT_COMPUTED,False,True,True,True
D0__HOLD_R2_K125,D0,125,HOLD,R2,426,PEO-H__0215,PE O-18:3_22:4,PE,1.5528892740979202e-05,,NOT_COMPUTED,False,False,False,False
D0__HOLD_R2_K125,D0,125,HOLD,R2,427,PEO-H__0216,PE O-18:3_22:5,PE,0.0,,NOT_COMPUTED,False,False,False,False
D0__HOLD_R2_K125,D0,125,HOLD,R2,428,PEO-H__0217,PE O-18:3_22:6,PE,0.0027268882437176253,3.3591162124774587e-28,COMPUTED,True,False,False,False
D0__HOLD_R2_K125,D0,125,HOLD,R2,429,PEO-H__0229,PE O-20:0_18:0,PE,0.007175119436391506,3.155630670601436e-08,COMPUTED,True,True,True,True
D0__HOLD_R2_K125,D0,125,HOLD,R2,430,PEO-H__0230,PE O-20:0_18:1,PE,0.0022317824886690964,1.0577314612062079e-27,COMPUTED,True,False,False,False
D0__HOLD_R2_K125,D0,125,HOLD,R2,431,PEO-H__0231,PE O-20:0_18:2,PE,0.02918936561941222,1.4957508503849866e-07,COMPUTED,True,True,True,True
D0__HOLD_R2_K125,D0,125,HOLD,R2,432,PEO-H__0232,PE O-20:0_18:3,PE,0.0015851247156336173,0.0,COMPUTED,True,False,False,False
D0__HOLD_R2_K125,D0,125,HOLD,R2,433,PEO-H__0233,PE O-20:0_20:0,PE,1.3930467956370053e-09,,NOT_COMPUTED,False,False,False,False
D0__HOLD_R2_K125,D0,125,HOLD,R2,434,PEO-H__0234,PE O-20:0_20:1,PE,0.0014816525585358042,0.0,COMPUTED,True,False,False,False
D0__HOLD_R2_K125,D0,125,HOLD,R2,435,PEO-H__0235,PE O-20:0_20:2,PE,3.110735808393775e-05,,NOT_COMPUTED,False,False,False,False
D0__HOLD_R2_K125,D0,125,HOLD,R2,436,PEO-H__0236,PE O-20:0_20:3,PE,0.0011722982582175936,0.0,COMPUTED,True,False,False,False
D0__HOLD_R2_K125,D0,125,HOLD,R2,437,PEO-H__0237,PE O-20:0_20:4,PE,0.0028015215668996583,0.0,COMPUTED,True,False,False,False
D0__HOLD_R2_K125,D0,125,HOLD,R2,438,PEO-H__0238,PE O-20:0_20:5,PE,0.0004896978437461257,,NOT_COMPUTED,False,False,False,False
D0__HOLD_R2_K125,D0,125,HOLD,R2,439,PEO-H__0257,PE O-20:1_18:0,PE,0.008188418826795316,7.291508736207224e-28,COMPUTED,True,False,False,False
D0__HOLD_R2_K125,D0,125,HOLD,R2,440,PEO-H__0258,PE O-20:1_18:1,PE,0.0010119259608464826,9.81671157988923e-25,COMPUTED,True,False,False,False
D0__HOLD_R2_K125,D0,125,HOLD,R2,441,PEO-H__0259,PE O-20:1_18:2,PE,0.0022201681564098133,7.184622594518896e-23,COMPUTED,True,False,False,False
D0__HOLD_R2_K125,D0,125,HOLD,R2,442,PEO-H__0260,PE O-20:1_18:3,PE,0.013316970365999445,2.8122833518172915e-07,COMPUTED,True,True,True,True
D0__HOLD_R2_K125,D0,125,HOLD,R2,443,PEO-H__0261,PE O-20:1_20:0,PE,0.03738399365200442,9.44182394572492e-08,COMPUTED,True,True,True,True
D0__HOLD_R2_K125,D0,125,HOLD,R2,444,PEO-H__0262,PE O-20:1_20:1,PE,0.008440305652373766,7.892921373051072e-09,COMPUTED,True,True,True,True
D0__HOLD_R2_K125,D0,125,HOLD,R2,445,PEO-H__0263,PE O-20:1_20:2,PE,0.00261838381163459,0.0,COMPUTED,True,False,False,False
D0__HOLD_R2_K125,D0,125,HOLD,R2,446,PEO-H__0264,PE O-20:1_20:3,PE,0.01783348690729468,2.473570326920518e-10,COMPUTED,True,True,True,True
D0__HOLD_R2_K125,D0,125,HOLD,R2,447,PEO-H__0265,PE O-20:1_20:4,PE,0.001416652766572549,1.962900146845621e-26,COMPUTED,True,False,False,False
D0__HOLD_R2_K125,D0,125,HOLD,R2,448,PEO-H__0266,PE O-20:1_20:5,PE,0.008655758266025588,5.6806999179514925e-08,COMPUTED,True,True,True,True
D0__HOLD_R2_K125,D0,125,HOLD,R2,449,PEO-H__0285,PE O-20:2_18:0,PE,0.004231172395359082,0.0,COMPUTED,True,False,False,False
D0__HOLD_R2_K125,D0,125,HOLD,R2,450,PEO-H__0286,PE O-20:2_18:1,PE,0.000896987591851641,,NOT_COMPUTED,False,False,False,False
D0__HOLD_R2_K125,D0,125,HOLD,R2,451,PEO-H__0287,PE O-20:2_18:2,PE,0.0023922043369521587,8.432488297028777e-28,COMPUTED,True,False,False,False
D0__HOLD_R2_K125,D0,125,HOLD,R2,452,PEO-H__0288,PE O-20:2_18:3,PE,0.0011521796887532594,2.2232979757302585e-27,COMPUTED,True,False,False,False
D0__HOLD_R2_K125,D0,125,HOLD,R2,453,PEO-H__0289,PE O-20:2_20:0,PE,0.0012285780255787305,0.0,COMPUTED,True,False,False,False
D0__HOLD_R2_K125,D0,125,HOLD,R2,454,PEO-H__0290,PE O-20:2_20:1,PE,0.003666611132235518,2.69587633294607e-29,COMPUTED,True,False,False,False
D0__HOLD_R2_K125,D0,125,HOLD,R2,455,PEO-H__0291,PE O-20:2_20:2,PE,0.0007268492156994709,,NOT_COMPUTED,False,False,False,False
D0__HOLD_R2_K125,D0,125,HOLD,R2,456,PEO-H__0292,PE O-20:2_20:3,PE,0.011710633752967008,7.450483687154614e-08,COMPUTED,True,True,True,True
D0__HOLD_R2_K125,D0,125,HOLD,R2,457,PEO-H__0293,PE O-20:2_20:4,PE,0.0039080484906404145,0.0,COMPUTED,True,False,False,False
D0__HOLD_R2_K125,D0,125,HOLD,R2,458,PEO-H__0294,PE O-20:2_20:5,PE,0.0006175900783491101,,NOT_COMPUTED,False,False,False,False
D0__HOLD_R2_K125,D0,125,HOLD,R2,459,PEO-H__0313,PE O-20:3_18:0,PE,0.0007454714556209668,,NOT_COMPUTED,False,False,False,False
D0__HOLD_R2_K125,D0,125,HOLD,R2,460,PEO-H__0314,PE O-20:3_18:1,PE,0.001125396389827501,0.0,COMPUTED,True,False,False,False
D0__HOLD_R2_K125,D0,125,HOLD,R2,461,PEO-H__0315,PE O-20:3_18:2,PE,0.00557100908033821,0.0,COMPUTED,True,False,False,False
D0__HOLD_R2_K125,D0,125,HOLD,R2,462,PEO-H__0316,PE O-20:3_18:3,PE,0.01312107392684882,9.767644679647576e-08,COMPUTED,True,True,True,True
D0__HOLD_R2_K125,D0,125,HOLD,R2,463,PEO-H__0317,PE O-20:3_20:0,PE,0.0008857380956104106,,NOT_COMPUTED,False,False,False,False
D0__HOLD_R2_K125,D0,125,HOLD,R2,464,PEO-H__0318,PE O-20:3_20:1,PE,0.008190218729992257,4.710956621351847e-34,COMPUTED,True,False,False,False
D0__HOLD_R2_K125,D0,125,HOLD,R2,465,PEO-H__0319,PE O-20:3_20:2,PE,0.00038264968112545366,,NOT_COMPUTED,False,False,False,False
D0__HOLD_R2_K125,D0,125,HOLD,R2,466,PEO-H__0320,PE O-20:3_20:3,PE,0.005762612624751678,8.73849177080528e-10,COMPUTED,True,True,True,True
D0__HOLD_R2_K125,D0,125,HOLD,R2,467,PEO-H__0321,PE O-20:3_20:4,PE,0.001970929576608019,1.6202550139702783e-30,COMPUTED,True,False,False,False
D0__HOLD_R2_K125,D0,125,HOLD,R2,468,PEO-H__0322,PE O-20:3_20:5,PE,0.00049978694028739,,NOT_COMPUTED,False,False,False,False
D0__HOLD_R2_K125,D0,125,HOLD,R2,469,PEO-H__0341,PE O-20:4_18:0,PE,0.008682913421487207,2.202803939456172e-24,COMPUTED,True,False,False,False
D0__HOLD_R2_K125,D0,125,HOLD,R2,470,PEO-H__0342,PE O-20:4_18:1,PE,0.0007804323030863057,,NOT_COMPUTED,False,False,False,False
D0__HOLD_R2_K125,D0,125,HOLD,R2,471,PEO-H__0343,PE O-20:4_18:2,PE,0.004642891187396268,2.2870133901106755e-08,COMPUTED,True,True,True,True
D0__HOLD_R2_K125,D0,125,HOLD,R2,472,PEO-H__0345,PE O-20:4_20:0,PE,0.002958548579703552,5.896484558303776e-29,COMPUTED,True,False,False,False
D0__HOLD_R2_K125,D0,125,HOLD,R2,473,PEO-H__0346,PE O-20:4_20:1,PE,0.0005331013256911297,,NOT_COMPUTED,False,False,False,False
D0__HOLD_R2_K125,D0,125,HOLD,R2,474,PEO-H__0347,PE O-20:4_20:2,PE,0.0004487008677610691,,NOT_COMPUTED,False,False,False,False
D0__HOLD_R2_K125,D0,125,HOLD,R2,475,PEO-H__0348,PE O-20:4_20:3,PE,0.0020282368846123414,5.266605167555724e-23,COMPUTED,True,False,False,False
D0__HOLD_R2_K125,D0,125,HOLD,R2,476,PEO-H__0349,PE O-20:4_20:4,PE,0.01756371610359302,2.7012603480951267e-08,COMPUTED,True,True,True,True
D0__HOLD_R2_K125,D0,125,HOLD,R2,477,PEO-H__0350,PE O-20:4_20:5,PE,0.003334013185459209,3.041395165063626e-28,COMPUTED,True,False,False,False
D0__HOLD_R2_K125,D0,125,HOLD,R2,478,PEO-H__0357,PE O-20:4_22:6,PE,0.0022892551972651556,3.754882244928675e-23,COMPUTED,True,False,False,False
D0__HOLD_R2_K125,D0,125,HOLD,R2,479,PEO-H__0369,PE O-20:5_18:0,PE,1.283877629024023e-05,,NOT_COMPUTED,False,False,False,False
D0__HOLD_R2_K125,D0,125,HOLD,R2,480,PEO-H__0370,PE O-20:5_18:1,PE,0.0010950969134840012,1.354815063916997e-27,COMPUTED,True,False,False,False
D0__HOLD_R2_K125,D0,125,HOLD,R2,481,PEO-H__0373,PE O-20:5_20:0,PE,0.000652018534337734,,NOT_COMPUTED,False,False,False,False
D0__HOLD_R2_K125,D0,125,HOLD,R2,482,PEO-H__0374,PE O-20:5_20:1,PE,0.006748450997154124,8.319415228403423e-24,COMPUTED,True,False,False,False
D0__HOLD_R2_K125,D0,125,HOLD,R2,483,PEO-H__0375,PE O-20:5_20:2,PE,0.0007127155142978908,,NOT_COMPUTED,False,False,False,False
D0__HOLD_R2_K125,D0,125,HOLD,R2,484,PEO-H__0376,PE O-20:5_20:3,PE,0.0071933231180109245,4.615734836084038e-24,COMPUTED,True,False,False,False
D0__HOLD_R2_K125,D0,125,HOLD,R2,485,PEO-H__0377,PE O-20:5_20:4,PE,0.00974238126402676,1.5716313591578489e-06,COMPUTED,True,True,True,True
D0__HOLD_R2_K125,D0,125,HOLD,R2,486,PEO-H__0378,PE O-20:5_20:5,PE,0.0010034811280588767,0.0,COMPUTED,True,False,False,False
D0__HOLD_R2_K125,D0,125,HOLD,R2,487,PEO-H__0384,PE O-20:5_22:5,PE,0.011639203727376118,3.218301557862319e-08,COMPUTED,True,True,True,True
D0__HOLD_R2_K125,D0,125,HOLD,R2,488,PEO-H__0385,PE O-20:5_22:6,PE,0.003347545761641039,9.766525012315346e-24,COMPUTED,True,False,False,False
D0__HOLD_R2_K125,D0,125,HOLD,R2,489,PEO-H__0395,PE O-22:0_16:0,PE,0.004783445881692764,4.844490885230488e-27,COMPUTED,True,False,False,False
D0__HOLD_R2_K125,D0,125,HOLD,R2,490,PEO-H__0396,PE O-22:0_16:1,PE,0.004213827683304213,7.954393124414607e-09,COMPUTED,True,True,True,True
D0__HOLD_R2_K125,D0,125,HOLD,R2,491,PEO-H__0397,PE O-22:0_18:0,PE,5.318587238173747e-07,,NOT_COMPUTED,False,False,False,False
D0__HOLD_R2_K125,D0,125,HOLD,R2,492,PEO-H__0398,PE O-22:0_18:1,PE,0.0005733592357198634,,NOT_COMPUTED,False,False,False,False
D0__HOLD_R2_K125,D0,125,HOLD,R2,493,PEO-H__0399,PE O-22:0_18:2,PE,0.0017489984566096445,1.9726078738265423e-28,COMPUTED,True,False,False,False
D0__HOLD_R2_K125,D0,125,HOLD,R2,494,PEO-H__0400,PE O-22:0_18:3,PE,3.226854760406507e-05,,NOT_COMPUTED,False,False,False,False
D0__HOLD_R2_K125,D0,125,HOLD,R2,495,PEO-H__0423,PE O-22:1_16:0,PE,0.021087276152117303,2.4915595113732566e-07,COMPUTED,True,True,True,True
D0__HOLD_R2_K125,D0,125,HOLD,R2,496,PEO-H__0424,PE O-22:1_16:1,PE,0.002140923513003164,1.5920206806196432e-29,COMPUTED,True,False,False,False
D0__HOLD_R2_K125,D0,125,HOLD,R2,497,PEO-H__0425,PE O-22:1_18:0,PE,0.007124382714453135,3.4620182067585497e-23,COMPUTED,True,False,False,False
D0__HOLD_R2_K125,D0,125,HOLD,R2,498,PEO-H__0426,PE O-22:1_18:1,PE,0.0012542811662797943,0.0,COMPUTED,True,False,False,False
D0__HOLD_R2_K125,D0,125,HOLD,R2,499,PEO-H__0427,PE O-22:1_18:2,PE,0.0001233779618011099,,NOT_COMPUTED,False,False,False,False
D0__HOLD_R2_K125,D0,125,HOLD,R2,500,PEO-H__0428,PE O-22:1_18:3,PE,0.005148261277971083,0.0,COMPUTED,True,False,False,False
D0__HOLD_R2_K125,D0,125,HOLD,R2,501,PEO-H__0451,PE O-22:2_16:0,PE,0.01183603093327554,6.33226283102939e-08,COMPUTED,True,True,True,True
D0__HOLD_R2_K125,D0,125,HOLD,R2,502,PEO-H__0452,PE O-22:2_16:1,PE,0.009066471790639371,4.2066942748964336e-08,COMPUTED,True,True,True,True
D0__HOLD_R2_K125,D0,125,HOLD,R2,503,PEO-H__0453,PE O-22:2_18:0,PE,0.0005269269875481105,,NOT_COMPUTED,False,False,False,False
D0__HOLD_R2_K125,D0,125,HOLD,R2,504,PEO-H__0454,PE O-22:2_18:1,PE,0.0006732230049442844,,NOT_COMPUTED,False,False,False,False
D0__HOLD_R2_K125,D0,125,HOLD,R2,505,PEO-H__0455,PE O-22:2_18:2,PE,0.0037973499018149723,0.0,COMPUTED,True,False,False,False
D0__HOLD_R2_K125,D0,125,HOLD,R2,506,PEO-H__0456,PE O-22:2_18:3,PE,0.0009113859395739816,,NOT_COMPUTED,False,False,False,False
D0__HOLD_R2_K125,D0,125,HOLD,R2,507,PEO-H__0479,PE O-22:3_16:0,PE,5.064732051436421e-06,,NOT_COMPUTED,False,False,False,False
D0__HOLD_R2_K125,D0,125,HOLD,R2,508,PEO-H__0480,PE O-22:3_16:1,PE,0.0021961591361311325,1.843373368898988e-23,COMPUTED,True,False,False,False
D0__HOLD_R2_K125,D0,125,HOLD,R2,509,PEO-H__0481,PE O-22:3_18:0,PE,0.0056815864717987925,8.491187249479636e-10,COMPUTED,True,True,True,True
D0__HOLD_R2_K125,D0,125,HOLD,R2,510,PEO-H__0482,PE O-22:3_18:1,PE,4.903136583799183e-06,,NOT_COMPUTED,False,False,False,False
D0__HOLD_R2_K125,D0,125,HOLD,R2,511,PEO-H__0483,PE O-22:3_18:2,PE,0.0,,NOT_COMPUTED,False,False,False,False
D0__HOLD_R2_K125,D0,125,HOLD,R2,512,PEO-H__0484,PE O-22:3_18:3,PE,2.3703346179267764e-05,,NOT_COMPUTED,False,False,False,False
D0__HOLD_R2_K125,D0,125,HOLD,R2,513,PEO-H__0507,PE O-22:4_16:0,PE,9.997719333097579e-05,,NOT_COMPUTED,False,False,False,False
D0__HOLD_R2_K125,D0,125,HOLD,R2,514,PEO-H__0508,PE O-22:4_16:1,PE,2.443591051489113e-07,,NOT_COMPUTED,False,False,False,False
D0__HOLD_R2_K125,D0,125,HOLD,R2,515,PEO-H__0509,PE O-22:4_18:0,PE,2.1533632761121747e-05,,NOT_COMPUTED,False,False,False,False
D0__HOLD_R2_K125,D0,125,HOLD,R2,516,PEO-H__0510,PE O-22:4_18:1,PE,4.9280250717075785e-05,,NOT_COMPUTED,False,False,False,False
D0__HOLD_R2_K125,D0,125,HOLD,R2,517,PEO-H__0511,PE O-22:4_18:2,PE,8.310255088137335e-06,,NOT_COMPUTED,False,False,False,False
D0__HOLD_R2_K125,D0,125,HOLD,R2,518,PEO-H__0512,PE O-22:4_18:3,PE,0.0006949088372294957,,NOT_COMPUTED,False,False,False,False
D0__HOLD_R2_K125,D0,125,HOLD,R2,519,PEO-H__0535,PE O-22:5_16:0,PE,0.0,,NOT_COMPUTED,False,False,False,False
D0__HOLD_R2_K125,D0,125,HOLD,R2,520,PEO-H__0536,PE O-22:5_16:1,PE,0.0010366048574155095,0.0,COMPUTED,True,False,False,False
D0__HOLD_R2_K125,D0,125,HOLD,R2,521,PEO-H__0537,PE O-22:5_18:0,PE,0.0,,NOT_COMPUTED,False,False,False,False
D0__HOLD_R2_K125,D0,125,HOLD,R2,522,PEO-H__0538,PE O-22:5_18:1,PE,9.814352441230088e-06,,NOT_COMPUTED,False,False,False,False
D0__HOLD_R2_K125,D0,125,HOLD,R2,523,PEO-H__0539,PE O-22:5_18:2,PE,2.2612745719494828e-05,,NOT_COMPUTED,False,False,False,False
D0__HOLD_R2_K125,D0,125,HOLD,R2,524,PEO-H__0540,PE O-22:5_18:3,PE,1.8581747275912018e-05,,NOT_COMPUTED,False,False,False,False
D0__HOLD_R2_K125,D0,125,HOLD,R2,525,PEO-H__0546,PE O-22:5_20:5,PE,2.4872716060827347e-05,,NOT_COMPUTED,False,False,False,False
D0__HOLD_R2_K125,D0,125,HOLD,R2,526,PEO-H__0563,PE O-22:6_16:0,PE,0.0037110705978155188,0.0,COMPUTED,True,False,False,False
D0__HOLD_R2_K125,D0,125,HOLD,R2,527,PEO-H__0565,PE O-22:6_18:0,PE,8.73058858540606e-05,,NOT_COMPUTED,False,True,True,True
D0__HOLD_R2_K125,D0,125,HOLD,R2,528,PEO-H__0566,PE O-22:6_18:1,PE,3.755118281528425e-05,,NOT_COMPUTED,False,False,False,False
D0__HOLD_R2_K125,D0,125,HOLD,R2,529,PEO-H__0567,PE O-22:6_18:2,PE,0.0001476850526416726,,NOT_COMPUTED,False,False,False,False
D0__HOLD_R2_K125,D0,125,HOLD,R2,530,PEO-H__0568,PE O-22:6_18:3,PE,0.002079823712647807,1.2089021333882041e-28,COMPUTED,True,False,False,False
D0__HOLD_R2_K125,D0,125,HOLD,R2,531,PEO-H__0573,PE O-22:6_20:4,PE,1.8908851249357196e-05,,NOT_COMPUTED,False,False,False,False
D0__HOLD_R2_K125,D0,125,HOLD,R2,532,PEO-H__0574,PE O-22:6_20:5,PE,1.0918102341944684e-05,,NOT_COMPUTED,False,False,False,False
D0__HOLD_R2_K125,D0,125,HOLD,R2,533,PEO-H__0590,PE O-24:0_14:0,PE,0.03440779857041194,6.33281477380603e-07,COMPUTED,True,True,True,True
D0__HOLD_R2_K125,D0,125,HOLD,R2,534,PEO-H__0591,PE O-24:0_16:0,PE,0.0,,NOT_COMPUTED,False,False,False,False
D0__HOLD_R2_K125,D0,125,HOLD,R2,535,PEO-H__0592,PE O-24:0_16:1,PE,0.004309022583402793,1.5833559316400453e-24,COMPUTED,True,False,False,False
D0__HOLD_R2_K125,D0,125,HOLD,R2,536,PEO-H__0618,PE O-24:1_14:0,PE,0.006359864094722368,4.733968739786447e-24,COMPUTED,True,False,False,False
D0__HOLD_R2_K125,D0,125,HOLD,R2,537,PEO-H__0619,PE O-24:1_16:0,PE,0.028890575480933853,3.6889969311980865e-07,COMPUTED,True,True,True,True
D0__HOLD_R2_K125,D0,125,HOLD,R2,538,PEO-H__0620,PE O-24:1_16:1,PE,3.332085621053063e-05,,NOT_COMPUTED,False,False,False,False
D0__HOLD_R2_K125,D0,125,HOLD,R2,539,PEO-H__0646,PE O-24:2_14:0,PE,4.0753199098922364e-07,,NOT_COMPUTED,False,False,False,False
D0__HOLD_R2_K125,D0,125,HOLD,R2,540,PEO-H__0647,PE O-24:2_16:0,PE,0.0014250065822425187,0.0,COMPUTED,True,False,False,False
D0__HOLD_R2_K125,D0,125,HOLD,R2,541,PEO-H__0648,PE O-24:2_16:1,PE,6.656416050161291e-06,,NOT_COMPUTED,False,False,False,False
D0__HOLD_R2_K125,D0,125,HOLD,R2,542,PEO-H__0674,PE O-24:3_14:0,PE,0.00770030629637125,4.876462157911526e-24,COMPUTED,True,False,False,False
D0__HOLD_R2_K125,D0,125,HOLD,R2,543,PEO-H__0675,PE O-24:3_16:0,PE,0.025396262931547814,1.554673047892334e-08,COMPUTED,True,True,True,True
D0__HOLD_R2_K125,D0,125,HOLD,R2,544,PEO-H__0676,PE O-24:3_16:1,PE,0.01870799528809776,2.068957661612438e-06,COMPUTED,True,True,True,True
D0__HOLD_R2_K125,D0,125,HOLD,R2,545,PEO-H__0702,PE O-24:4_14:0,PE,0.0003644516500643773,,NOT_COMPUTED,False,False,False,False
D0__HOLD_R2_K125,D0,125,HOLD,R2,546,PEO-H__0703,PE O-24:4_16:0,PE,0.0008475328909884754,,NOT_COMPUTED,False,False,False,False
D0__HOLD_R2_K125,D0,125,HOLD,R2,547,PEO-H__0704,PE O-24:4_16:1,PE,1.0235457531573865e-07,,NOT_COMPUTED,False,False,False,False
D0__HOLD_R2_K125,D0,125,HOLD,R2,548,PEO-H__0730,PE O-24:5_14:0,PE,1.4852256393989824e-07,,NOT_COMPUTED,False,False,False,False
D0__HOLD_R2_K125,D0,125,HOLD,R2,549,PEO-H__0731,PE O-24:5_16:0,PE,2.4952165311527136e-05,,NOT_COMPUTED,False,False,False,False
D0__HOLD_R2_K125,D0,125,HOLD,R2,550,PEO-H__0732,PE O-24:5_16:1,PE,0.0002922789146958013,,NOT_COMPUTED,False,False,False,False
D0__HOLD_R2_K125,D0,125,HOLD,R2,551,PEO-H__0758,PE O-24:6_14:0,PE,0.01306423053492441,4.903666964385453e-07,COMPUTED,True,True,True,True
D0__HOLD_R2_K125,D0,125,HOLD,R2,552,PEO-H__0759,PE O-24:6_16:0,PE,0.0023280748723143556,6.3185350755698835e-24,COMPUTED,True,False,False,False
D0__HOLD_R2_K125,D0,125,HOLD,R2,553,PEO-H__0760,PE O-24:6_16:1,PE,0.011702199495783787,5.815143665450707e-24,COMPUTED,True,False,False,False
D0__HOLD_R2_K125,D0,125,HOLD,R2,554,PEO-H__0828,PE O-15:0_24:4,PE,0.03181279530871717,9.804064294811616e-05,COMPUTED,True,True,True,True
D0__HOLD_R2_K125,D0,125,HOLD,R2,555,PEO-H__0843,PE O-17:0_22:0,PE,0.0011403201381295588,6.185745834248816e-25,COMPUTED,True,False,False,False
D0__HOLD_R2_K125,D0,125,HOLD,R2,556,PEO-H__0844,PE O-17:0_22:1,PE,0.00015230794695294598,,NOT_COMPUTED,False,False,False,False
D0__HOLD_R2_K125,D0,125,HOLD,R2,557,PEO-H__0845,PE O-17:0_22:2,PE,0.00026602356606665026,,NOT_COMPUTED,False,False,False,False
D0__HOLD_R2_K125,D0,125,HOLD,R2,558,PEO-H__0846,PE O-17:0_22:3,PE,0.028251789983642542,0.0001095155909086304,COMPUTED,True,True,True,True
D0__HOLD_R2_K125,D0,125,HOLD,R2,559,PEO-H__0847,PE O-17:0_22:4,PE,0.0009381415483116229,,NOT_COMPUTED,False,False,False,False
D0__HOLD_R2_K125,D0,125,HOLD,R2,560,PEO-H__0848,PE O-17:0_22:5,PE,2.3529135349867672e-07,,NOT_COMPUTED,False,False,False,False
D0__HOLD_R2_K125,D0,125,HOLD,R2,561,PEO-H__0849,PE O-17:0_22:6,PE,0.0,,NOT_COMPUTED,False,False,False,False
D0__HOLD_R2_K125,D0,125,HOLD,R2,562,PEO-H__0850,PE O-17:0_24:4,PE,0.0,,NOT_COMPUTED,False,False,False,False
D0__HOLD_R2_K125,D0,125,HOLD,R2,563,PEO-H__0865,PE O-17:1_22:0,PE,3.1769756028259193e-07,,NOT_COMPUTED,False,False,False,False
D0__HOLD_R2_K125,D0,125,HOLD,R2,564,PEO-H__0866,PE O-17:1_22:1,PE,6.813835154894054e-05,,NOT_COMPUTED,False,False,False,False
D0__HOLD_R2_K125,D0,125,HOLD,R2,565,PEO-H__0867,PE O-17:1_22:2,PE,0.00014204626588069187,,NOT_COMPUTED,False,False,False,False
D0__HOLD_R2_K125,D0,125,HOLD,R2,566,PEO-H__0868,PE O-17:1_22:3,PE,0.00041067304863998415,,NOT_COMPUTED,False,False,False,False
D0__HOLD_R2_K125,D0,125,HOLD,R2,567,PEO-H__0869,PE O-17:1_22:4,PE,4.9903942506889035e-05,,NOT_COMPUTED,False,False,False,False
D0__HOLD_R2_K125,D0,125,HOLD,R2,568,PEO-H__0870,PE O-17:1_22:5,PE,0.0,,NOT_COMPUTED,False,False,False,False
D0__HOLD_R2_K125,D0,125,HOLD,R2,569,PEO-H__0871,PE O-17:1_22:6,PE,2.1494723020922755e-07,,NOT_COMPUTED,False,False,False,False
D0__HOLD_R2_K125,D0,125,HOLD,R2,570,PEO-H__0872,PE O-17:1_24:4,PE,3.5182263710034263e-06,,NOT_COMPUTED,False,False,False,False
D0__HOLD_R2_K125,D0,125,HOLD,R2,571,PG-H__0043,PG 12:0_22:0,PG,0.007681334994667512,0.0,COMPUTED,True,False,False,False
D0__HOLD_R2_K125,D0,125,HOLD,R2,572,PG-H__0044,PG 14:0_20:0,PG,0.005303813488539291,3.472661567086034e-07,COMPUTED,True,True,True,True
D0__HOLD_R2_K125,D0,125,HOLD,R2,573,PG-H__0045,PG 16:0_18:0,PG,0.00078328698496792,,NOT_COMPUTED,False,False,False,False
D0__HOLD_R2_K125,D0,125,HOLD,R2,574,PG-H__0046,PG 12:0_24:6,PG,0.0,,NOT_COMPUTED,False,False,False,False
D0__HOLD_R2_K125,D0,125,HOLD,R2,575,PG-H__0047,PG 14:0_22:6,PG,2.9150606174457703e-05,,NOT_COMPUTED,False,False,False,False
D0__HOLD_R2_K125,D0,125,HOLD,R2,576,PG-H__0048,PG 16:1_20:5,PG,4.189174848000024e-06,,NOT_COMPUTED,False,False,False,False
D0__HOLD_R2_K125,D0,125,HOLD,R2,577,PG-H__0049,PG 18:3_18:3,PG,1.7409013579824533e-05,,NOT_COMPUTED,False,False,False,False
D0__HOLD_R2_K125,D0,125,HOLD,R2,578,PG-H__0050,PG 12:0_24:5,PG,0.0,,NOT_COMPUTED,False,False,False,False
D0__HOLD_R2_K125,D0,125,HOLD,R2,579,PG-H__0051,PG 14:0_22:5,PG,0.0,,NOT_COMPUTED,False,False,False,False
D0__HOLD_R2_K125,D0,125,HOLD,R2,580,PG-H__0052,PG 16:0_20:5,PG,7.700294751745445e-09,,NOT_COMPUTED,False,False,False,False
D0__HOLD_R2_K125,D0,125,HOLD,R2,581,PG-H__0053,PG 16:1_20:4,PG,0.0,,NOT_COMPUTED,False,False,False,False
D0__HOLD_R2_K125,D0,125,HOLD,R2,582,PG-H__0054,PG 18:2_18:3,PG,1.5274512962248338e-05,,NOT_COMPUTED,False,False,False,False
D0__HOLD_R2_K125,D0,125,HOLD,R2,583,PG-H__0055,PG 12:0_24:4,PG,0.0007733057582104649,,NOT_COMPUTED,False,False,False,False
D0__HOLD_R2_K125,D0,125,HOLD,R2,584,PG-H__0056,PG 14:0_22:4,PG,0.003153667983769533,0.0,COMPUTED,True,False,False,False
D0__HOLD_R2_K125,D0,125,HOLD,R2,585,PG-H__0057,PG 16:0_20:4,PG,0.0014925505087735552,0.0,COMPUTED,True,False,False,False
D0__HOLD_R2_K125,D0,125,HOLD,R2,586,PG-H__0058,PG 16:1_20:3,PG,0.00047300453938673174,,NOT_COMPUTED,False,False,False,False
D0__HOLD_R2_K125,D0,125,HOLD,R2,587,PG-H__0059,PG 18:1_18:3,PG,0.0009110016171825241,,NOT_COMPUTED,False,False,False,False
D0__HOLD_R2_K125,D0,125,HOLD,R2,588,PG-H__0060,PG 18:2_18:2,PG,0.005385126039404158,3.13695596699677e-07,COMPUTED,True,True,True,True
D0__HOLD_R2_K125,D0,125,HOLD,R2,589,PG-H__0061,PG 12:0_24:3,PG,0.0,,NOT_COMPUTED,False,False,False,False
D0__HOLD_R2_K125,D0,125,HOLD,R2,590,PG-H__0062,PG 14:0_22:3,PG,0.0,,NOT_COMPUTED,False,False,False,False
D0__HOLD_R2_K125,D0,125,HOLD,R2,591,PG-H__0063,PG 16:0_20:3,PG,2.9291922508642246e-06,,NOT_COMPUTED,False,False,False,False
D0__HOLD_R2_K125,D0,125,HOLD,R2,592,PG-H__0064,PG 16:1_20:2,PG,0.0,,NOT_COMPUTED,False,False,False,False
D0__HOLD_R2_K125,D0,125,HOLD,R2,593,PG-H__0065,PG 18:0_18:3,PG,0.0001754139323573818,,NOT_COMPUTED,False,False,False,False
D0__HOLD_R2_K125,D0,125,HOLD,R2,594,PG-H__0066,PG 18:1_18:2,PG,0.0001169990293990422,,NOT_COMPUTED,False,False,False,False
D0__HOLD_R2_K125,D0,125,HOLD,R2,595,PG-H__0067,PG 12:0_24:2,PG,8.022919542560104e-08,,NOT_COMPUTED,False,False,False,False
D0__HOLD_R2_K125,D0,125,HOLD,R2,596,PG-H__0068,PG 14:0_22:2,PG,2.664951952192536e-08,,NOT_COMPUTED,False,False,False,False
D0__HOLD_R2_K125,D0,125,HOLD,R2,597,PG-H__0069,PG 16:0_20:2,PG,0.0,,NOT_COMPUTED,False,False,False,False
D0__HOLD_R2_K125,D0,125,HOLD,R2,598,PG-H__0070,PG 16:1_20:1,PG,6.55256519400786e-05,,NOT_COMPUTED,False,False,False,False
D0__HOLD_R2_K125,D0,125,HOLD,R2,599,PG-H__0071,PG 18:0_18:2,PG,1.0793700156052659e-05,,NOT_COMPUTED,False,False,False,False
D0__HOLD_R2_K125,D0,125,HOLD,R2,600,PG-H__0072,PG 18:1_18:1,PG,3.351059699516371e-05,,NOT_COMPUTED,False,False,False,False
D0__HOLD_R2_K125,D0,125,HOLD,R2,601,PG-H__0073,PG 12:0_24:1,PG,2.608920075628155e-05,,NOT_COMPUTED,False,False,False,False
D0__HOLD_R2_K125,D0,125,HOLD,R2,602,PG-H__0074,PG 14:0_22:1,PG,0.001206665772192552,0.0,COMPUTED,True,False,False,False
D0__HOLD_R2_K125,D0,125,HOLD,R2,603,PG-H__0075,PG 16:0_20:1,PG,1.1121732905938997e-06,,NOT_COMPUTED,False,False,False,False
D0__HOLD_R2_K125,D0,125,HOLD,R2,604,PG-H__0076,PG 20:0_16:1,PG,0.00010926949353812243,,NOT_COMPUTED,False,False,False,False
D0__HOLD_R2_K125,D0,125,HOLD,R2,605,PG-H__0077,PG 18:0_18:1,PG,4.8591161661395556e-05,,NOT_COMPUTED,False,False,False,False
D0__HOLD_R2_K125,D0,125,HOLD,R2,606,PG-H__0078,PG 12:0_24:0,PG,3.6813222098417824e-05,,NOT_COMPUTED,False,False,False,False
D0__HOLD_R2_K125,D0,125,HOLD,R2,607,PG-H__0079,PG 14:0_22:0,PG,7.734657139724864e-05,,NOT_COMPUTED,False,False,False,False
D0__HOLD_R2_K125,D0,125,HOLD,R2,608,PG-H__0080,PG 16:0_20:0,PG,0.0,,NOT_COMPUTED,False,False,False,False
D0__HOLD_R2_K125,D0,125,HOLD,R2,609,PG-H__0081,PG 18:0_18:0,PG,1.9851950700361473e-05,,NOT_COMPUTED,False,False,False,False
D0__HOLD_R2_K125,D0,125,HOLD,R2,610,PG-H__0082,PG 18:3_20:5,PG,4.103781876005643e-06,,NOT_COMPUTED,False,False,False,False
D0__HOLD_R2_K125,D0,125,HOLD,R2,611,PG-H__0083,PG 16:1_22:6,PG,0.0,,NOT_COMPUTED,False,False,False,False
D0__HOLD_R2_K125,D0,125,HOLD,R2,612,PG-H__0084,PG 18:2_20:5,PG,2.2307906500713356e-07,,NOT_COMPUTED,False,False,False,False
D0__HOLD_R2_K125,D0,125,HOLD,R2,613,PG-H__0085,PG 18:3_20:4,PG,8.843444119774412e-06,,NOT_COMPUTED,False,False,False,False
D0__HOLD_R2_K125,D0,125,HOLD,R2,614,PG-H__0086,PG 14:0_24:6,PG,0.0014195610986885846,2.1608058798929273e-29,COMPUTED,True,False,False,False
D0__HOLD_R2_K125,D0,125,HOLD,R2,615,PG-H__0087,PG 16:0_22:6,PG,0.0023974043457734152,5.649693244099892e-28,COMPUTED,True,False,False,False
D0__HOLD_R2_K125,D0,125,HOLD,R2,616,PG-H__0088,PG 16:1_22:5,PG,0.008332425831031253,2.1131968649633683e-06,COMPUTED,True,True,True,True
D0__HOLD_R2_K125,D0,125,HOLD,R2,617,PG-H__0089,PG 18:1_20:5,PG,0.002241056043687449,8.2522622314291605e-25,COMPUTED,True,False,False,False
D0__HOLD_R2_K125,D0,125,HOLD,R2,618,PG-H__0090,PG 18:2_20:4,PG,0.0041704764253187015,2.065772317285191e-26,COMPUTED,True,False,False,False
D0__HOLD_R2_K125,D0,125,HOLD,R2,619,PG-H__0091,PG 18:3_20:3,PG,0.01129548086438884,4.841018656265238e-07,COMPUTED,True,True,True,True
D0__HOLD_R2_K125,D0,125,HOLD,R2,620,PG-H__0092,PG 14:0_24:5,PG,0.0010707503119144312,3.996251739178612e-27,COMPUTED,True,False,False,False
D0__HOLD_R2_K125,D0,125,HOLD,R2,621,PG-H__0093,PG 16:0_22:5,PG,0.0018089207916438888,0.0,COMPUTED,True,False,False,False
D0__HOLD_R2_K125,D0,125,HOLD,R2,622,PG-H__0094,PG 16:1_22:4,PG,0.002415978596182675,1.316156639818409e-27,COMPUTED,True,False,False,False
D0__HOLD_R2_K125,D0,125,HOLD,R2,623,PG-H__0095,PG 18:0_20:5,PG,0.006834183050849987,5.052043961381481e-07,COMPUTED,True,True,True,True
D0__HOLD_R2_K125,D0,125,HOLD,R2,624,PG-H__0096,PG 18:1_20:4,PG,0.0005271080778043086,,NOT_COMPUTED,False,False,False,False
D0__HOLD_R2_K125,D0,125,HOLD,R2,625,PG-H__0097,PG 18:2_20:3,PG,0.0009326088622979373,,NOT_COMPUTED,False,False,False,False
D0__HOLD_R2_K125,D0,125,HOLD,R2,626,PG-H__0098,PG 20:2_18:3,PG,0.000961598760518659,,NOT_COMPUTED,False,False,False,False
D0__HOLD_R2_K125,D0,125,HOLD,R2,627,PG-H__0099,PG 14:0_24:4,PG,0.0029593597754833346,0.0,COMPUTED,True,False,False,False
D0__HOLD_R2_K125,D0,125,HOLD,R2,628,PG-H__0100,PG 16:0_22:4,PG,0.00010251285614259735,,NOT_COMPUTED,False,False,False,False
D0__HOLD_R2_K125,D0,125,HOLD,R2,629,PG-H__0101,PG 16:1_22:3,PG,0.0028888260405093317,0.0,COMPUTED,True,False,False,False
D0__HOLD_R2_K125,D0,125,HOLD,R2,630,PG-H__0102,PG 18:0_20:4,PG,0.005398909668379344,5.788528166760621e-23,COMPUTED,True,False,False,False
D0__HOLD_R2_K125,D0,125,HOLD,R2,631,PG-H__0103,PG 18:1_20:3,PG,0.0020175191996597954,8.713158167677058e-08,COMPUTED,True,True,True,True
D0__HOLD_R2_K125,D0,125,HOLD,R2,632,PG-H__0104,PG 18:2_20:2,PG,0.002121121231580209,8.244332155663567e-26,COMPUTED,True,False,False,False
D0__HOLD_R2_K125,D0,125,HOLD,R2,633,PG-H__0105,PG 20:1_18:3,PG,0.003678708707013449,9.174716165373742e-07,COMPUTED,True,True,True,True
D0__HOLD_R2_K125,D0,125,HOLD,R2,634,PG-H__0421,PG 13:0_22:0,PG,0.0055492487467416595,1.450351416195066e-07,COMPUTED,True,True,True,True
D0__HOLD_R2_K125,D0,125,HOLD,R2,635,PG-H__0422,PG 13:0_22:1,PG,0.0007397955318194307,,NOT_COMPUTED,False,False,False,False
D0__HOLD_R2_K125,D0,125,HOLD,R2,636,PG-H__0423,PG 13:0_22:2,PG,0.0017472351143699237,4.9650380050028744e-08,COMPUTED,True,True,True,True
D0__HOLD_R2_K125,D0,125,HOLD,R2,637,PG-H__0424,PG 13:0_22:3,PG,0.0,,NOT_COMPUTED,False,False,False,False
D0__HOLD_R2_K125,D0,125,HOLD,R2,638,PG-H__0425,PG 13:0_22:4,PG,0.0,,NOT_COMPUTED,False,False,False,False
D0__HOLD_R2_K125,D0,125,HOLD,R2,639,PG-H__0426,PG 13:0_22:5,PG,0.004069368341531483,1.7702009823711555e-24,COMPUTED,True,False,False,False
D0__HOLD_R2_K125,D0,125,HOLD,R2,640,PG-H__0427,PG 13:0_22:6,PG,0.04214937722248006,0.0018747113652153194,COMPUTED,True,True,True,True
D0__HOLD_R2_K125,D0,125,HOLD,R2,641,PG-H__0428,PG 13:0_24:4,PG,1.7434149601991876e-05,,NOT_COMPUTED,False,False,False,False
D0__HOLD_R2_K125,D0,125,HOLD,R2,642,PG-H__0437,PG 15:0_20:0,PG,0.010206069986903708,0.0,COMPUTED,True,False,False,False
D0__HOLD_R2_K125,D0,125,HOLD,R2,643,PG-H__0438,PG 15:0_20:1,PG,0.0012381802953797037,6.681706807950703e-31,COMPUTED,True,False,False,False
D0__HOLD_R2_K125,D0,125,HOLD,R2,644,PG-H__0439,PG 15:0_20:2,PG,0.00959302531863478,2.229449014160055e-24,COMPUTED,True,False,False,False
D0__HOLD_R2_K125,D0,125,HOLD,R2,645,PG-H__0440,PG 15:0_20:3,PG,0.0,,NOT_COMPUTED,False,False,False,False
D0__HOLD_R2_K125,D0,125,HOLD,R2,646,PG-H__0441,PG 15:0_20:4,PG,0.0,,NOT_COMPUTED,False,False,False,False
D0__HOLD_R2_K125,D0,125,HOLD,R2,647,PG-H__0442,PG 15:0_20:5,PG,0.005478902600242209,1.1660994044940634e-06,COMPUTED,True,True,True,True
D0__HOLD_R2_K125,D0,125,HOLD,R2,648,PG-H__0443,PG 15:0_22:0,PG,0.0,,NOT_COMPUTED,False,False,False,False
D0__HOLD_R2_K125,D0,125,HOLD,R2,649,PG-H__0444,PG 15:0_22:1,PG,0.0,,NOT_COMPUTED,False,False,False,False
D0__HOLD_R2_K125,D0,125,HOLD,R2,650,PG-H__0445,PG 15:0_22:2,PG,0.0001164984829973345,,NOT_COMPUTED,False,False,False,False
D0__HOLD_R2_K125,D0,125,HOLD,R2,651,PG-H__0446,PG 15:0_22:3,PG,0.0,,NOT_COMPUTED,False,False,False,False
D0__HOLD_R2_K125,D0,125,HOLD,R2,652,PG-H__0447,PG 15:0_22:4,PG,0.004126249166896053,0.0,COMPUTED,True,False,False,False
D0__HOLD_R2_K125,D0,125,HOLD,R2,653,PG-H__0448,PG 15:0_22:5,PG,6.843949962437225e-08,,NOT_COMPUTED,False,False,False,False
D0__HOLD_R2_K125,D0,125,HOLD,R2,654,PG-H__0449,PG 15:0_22:6,PG,0.0,,NOT_COMPUTED,False,False,False,False
D0__HOLD_R2_K125,D0,125,HOLD,R2,655,PG-H__0455,PG 17:0_18:0,PG,0.0306498637106527,3.7843362967781106e-05,COMPUTED,True,True,True,True
D0__HOLD_R2_K125,D0,125,HOLD,R2,656,PG-H__0456,PG 17:0_18:1,PG,1.9031602310269027e-05,,NOT_COMPUTED,False,False,False,False
D0__HOLD_R2_K125,D0,125,HOLD,R2,657,PG-H__0457,PG 17:0_18:2,PG,0.007966754826739291,8.373771408104692e-06,COMPUTED,True,True,True,True
D0__HOLD_R2_K125,D0,125,HOLD,R2,658,PG-H__0458,PG 17:0_18:3,PG,5.550100680188295e-06,,NOT_COMPUTED,False,False,False,False
D0__HOLD_R2_K125,D0,125,HOLD,R2,659,PG-H__0459,PG 17:0_20:0,PG,4.505434489506769e-08,,NOT_COMPUTED,False,False,False,False
D0__HOLD_R2_K125,D0,125,HOLD,R2,660,PG-H__0460,PG 17:0_20:1,PG,5.465830572346075e-09,,NOT_COMPUTED,False,False,False,False
D0__HOLD_R2_K125,D0,125,HOLD,R2,661,PG-H__0461,PG 17:0_20:2,PG,0.005744362876221496,8.76514503368712e-08,COMPUTED,True,True,True,True
D0__HOLD_R2_K125,D0,125,HOLD,R2,662,PG-H__0462,PG 17:0_20:3,PG,0.0,,NOT_COMPUTED,False,False,False,False
D0__HOLD_R2_K125,D0,125,HOLD,R2,663,PG-H__0463,PG 17:0_20:4,PG,8.311547010076122e-05,,NOT_COMPUTED,False,False,False,False
D0__HOLD_R2_K125,D0,125,HOLD,R2,664,PG-H__0464,PG 17:0_20:5,PG,4.469628069325974e-06,,NOT_COMPUTED,False,False,False,False
D0__HOLD_R2_K125,D0,125,HOLD,R2,665,PG-H__0477,PG 18:0_17:1,PG,0.00692886066711671,1.3654865023819602e-06,COMPUTED,True,True,True,True
D0__HOLD_R2_K125,D0,125,HOLD,R2,666,PG-H__0478,PG 17:1_18:1,PG,0.0018480491992267816,2.8126615129041767e-26,COMPUTED,True,False,False,False
D0__HOLD_R2_K125,D0,125,HOLD,R2,667,PG-H__0479,PG 17:1_18:2,PG,9.426654613859928e-05,,NOT_COMPUTED,False,False,False,False
D0__HOLD_R2_K125,D0,125,HOLD,R2,668,PG-H__0480,PG 17:1_18:3,PG,1.0473980698361291e-05,,NOT_COMPUTED,False,False,False,False
D0__HOLD_R2_K125,D0,125,HOLD,R2,669,PG-H__0481,PG 20:0_17:1,PG,0.0003308491184189992,,NOT_COMPUTED,False,False,False,False
D0__HOLD_R2_K125,D0,125,HOLD,R2,670,PG-H__0482,PG 17:1_20:1,PG,0.004802961224564572,1.375388861429046e-23,COMPUTED,True,False,False,False
D0__HOLD_R2_K125,D0,125,HOLD,R2,671,PG-H__0483,PG 17:1_20:2,PG,0.0,,NOT_COMPUTED,False,False,False,False
D0__HOLD_R2_K125,D0,125,HOLD,R2,672,PG-H__0484,PG 17:1_20:3,PG,0.00573401773170121,1.4870313085049988e-07,COMPUTED,True,True,True,True
D0__HOLD_R2_K125,D0,125,HOLD,R2,673,PG-H__0485,PG 17:1_20:4,PG,0.0,,NOT_COMPUTED,False,False,False,False
D0__HOLD_R2_K125,D0,125,HOLD,R2,674,PG-H__0486,PG 17:1_20:5,PG,1.7338471816581348e-05,,NOT_COMPUTED,False,False,False,False
D0__HOLD_R2_K125,D0,125,HOLD,R2,675,PG-H__0502,PG 17:0_17:0,PG,0.02975152041994364,1.5945353370190853e-05,COMPUTED,True,True,True,True
D0__HOLD_R2_K125,D0,125,HOLD,R2,676,PI-H__0003,PI 12:0_16:0,PI,0.0,,NOT_COMPUTED,False,False,False,False
D0__HOLD_R2_K125,D0,125,HOLD,R2,677,PI-H__0004,PI 12:0_16:1,PI,0.0346690477491117,0.0014191700906300896,COMPUTED,True,True,True,True
D0__HOLD_R2_K125,D0,125,HOLD,R2,678,PI-H__0005,PI 12:0_18:0,PI,0.0,,NOT_COMPUTED,False,False,False,False
D0__HOLD_R2_K125,D0,125,HOLD,R2,679,PI-H__0006,PI 12:0_18:1,PI,4.524169270832379e-05,,NOT_COMPUTED,False,False,False,False
D0__HOLD_R2_K125,D0,125,HOLD,R2,680,PI-H__0007,PI 12:0_18:2,PI,1.4717287288361167e-07,,NOT_COMPUTED,False,False,False,False
D0__HOLD_R2_K125,D0,125,HOLD,R2,681,PI-H__0008,PI 12:0_18:3,PI,1.377350008198442e-05,,NOT_COMPUTED,False,False,False,False
D0__HOLD_R2_K125,D0,125,HOLD,R2,682,PI-H__0029,PI 14:0_14:0,PI,0.00030842546461398897,,NOT_COMPUTED,False,False,False,False
D0__HOLD_R2_K125,D0,125,HOLD,R2,683,PI-H__0030,PI 14:0_16:0,PI,2.2951900659346927e-07,,NOT_COMPUTED,False,False,False,False
D0__HOLD_R2_K125,D0,125,HOLD,R2,684,PI-H__0031,PI 14:0_16:1,PI,2.3616796649542947e-07,,NOT_COMPUTED,False,False,False,False
D0__HOLD_R2_K125,D0,125,HOLD,R2,685,PI-H__0409,PI 13:0_16:0,PI,0.0,,NOT_COMPUTED,False,False,False,False
D0__HOLD_R2_K125,D0,125,HOLD,R2,686,PI-H__0410,PI 13:0_16:1,PI,0.0005476193354182139,,NOT_COMPUTED,False,False,False,False
D0__HOLD_R2_K125,D0,125,HOLD,R2,687,PI-H__0411,PI 13:0_18:0,PI,2.1267808984704258e-07,,NOT_COMPUTED,False,False,False,False
D0__HOLD_R2_K125,D0,125,HOLD,R2,688,PI-H__0412,PI 13:0_18:1,PI,0.03166752132400447,0.0009467814461265351,COMPUTED,True,True,True,True
D0__HOLD_R2_K125,D0,125,HOLD,R2,689,PI-H__0413,PI 13:0_18:2,PI,9.899296804104308e-08,,NOT_COMPUTED,False,False,False,False
D0__HOLD_R2_K125,D0,125,HOLD,R2,690,PI-H__0414,PI 13:0_18:3,PI,7.796204035054398e-06,,NOT_COMPUTED,False,False,False,False
D0__HOLD_R2_K125,D0,125,HOLD,R2,691,PI-H__0430,PI 14:0_15:0,PI,0.0,,NOT_COMPUTED,False,False,False,False
D0__HOLD_R2_K125,D0,125,HOLD,R2,692,PI-H__0431,PI 15:0_16:0,PI,5.335753522540457e-08,,NOT_COMPUTED,False,False,False,False
D0__HOLD_R2_K125,D0,125,HOLD,R2,693,PI-H__0432,PI 15:0_16:1,PI,0.0,,NOT_COMPUTED,False,False,False,False
D0__HOLD_R2_K125,D0,125,HOLD,R2,694,PI-H__0451,PI 12:0_17:0,PI,1.7900932861539383e-05,,NOT_COMPUTED,False,False,False,False
D0__HOLD_R2_K125,D0,125,HOLD,R2,695,PI-H__0452,PI 14:0_17:0,PI,0.0,,NOT_COMPUTED,False,False,False,False
D0__HOLD_R2_K125,D0,125,HOLD,R2,696,PI-H__0473,PI 12:0_17:1,PI,0.00037378932065214174,,NOT_COMPUTED,False,False,False,False
D0__HOLD_R2_K125,D0,125,HOLD,R2,697,PI-H__0474,PI 14:0_17:1,PI,0.0,,NOT_COMPUTED,False,False,False,False
D0__HOLD_R2_K125,D0,125,HOLD,R2,698,PI-H__0496,PI 13:0_15:0,PI,3.148289045573435e-05,,NOT_COMPUTED,False,False,False,False
D0__HOLD_R2_K125,D0,125,HOLD,R2,699,PI-H__0497,PI 13:0_17:0,PI,2.289958230181616e-07,,NOT_COMPUTED,False,False,False,False
D0__HOLD_R2_K125,D0,125,HOLD,R2,700,PI-H__0498,PI 13:0_17:1,PI,0.00022003381910381444,,NOT_COMPUTED,False,False,False,False
D0__HOLD_R2_K125,D0,125,HOLD,R2,701,PI-H__0499,PI 15:0_15:0,PI,2.4869001142126977e-06,,NOT_COMPUTED,False,False,False,False
D0__HOLD_R2_K125,D0,125,HOLD,R2,702,PC+HCOO__0005,PC 12:0_18:0,PC,1.1985706800663494e-07,,NOT_COMPUTED,False,False,False,False
D0__HOLD_R2_K125,D0,125,HOLD,R2,703,PC+HCOO__0006,PC 12:0_18:1,PC,0.0,,NOT_COMPUTED,False,False,False,False
D0__HOLD_R2_K125,D0,125,HOLD,R2,704,PC+HCOO__0009,PC 12:0_20:0,PC,0.0,,NOT_COMPUTED,False,False,False,False
D0__HOLD_R2_K125,D0,125,HOLD,R2,705,PC+HCOO__0010,PC 12:0_20:1,PC,0.0,,NOT_COMPUTED,False,False,False,False
D0__HOLD_R2_K125,D0,125,HOLD,R2,706,PC+HCOO__0011,PC 12:0_20:2,PC,0.0,,NOT_COMPUTED,False,False,False,False
D0__HOLD_R2_K125,D0,125,HOLD,R2,707,PC+HCOO__0012,PC 12:0_20:3,PC,0.0,,NOT_COMPUTED,False,False,False,False
D0__HOLD_R2_K125,D0,125,HOLD,R2,708,PC+HCOO__0013,PC 12:0_20:4,PC,0.0,,NOT_COMPUTED,False,False,False,False
D0__HOLD_R2_K125,D0,125,HOLD,R2,709,PC+HCOO__0014,PC 12:0_20:5,PC,0.0,,NOT_COMPUTED,False,False,False,False
D0__HOLD_R2_K125,D0,125,HOLD,R2,710,PC+HCOO__0020,PC 12:0_22:5,PC,0.0,,NOT_COMPUTED,False,False,False,False
D0__HOLD_R2_K125,D0,125,HOLD,R2,711,PC+HCOO__0021,PC 12:0_22:6,PC,0.0,,NOT_COMPUTED,False,False,False,False
D0__HOLD_R2_K125,D0,125,HOLD,R2,712,PC+HCOO__0030,PC 14:0_16:0,PC,0.0006660676273843745,,NOT_COMPUTED,False,False,False,False
D0__HOLD_R2_K125,D0,125,HOLD,R2,713,PC+HCOO__0031,PC 14:0_16:1,PC,0.0,,NOT_COMPUTED,False,False,False,False
D0__HOLD_R2_K125,D0,125,HOLD,R2,714,PC+HCOO__0032,PC 14:0_18:0,PC,0.0008465647091735855,,NOT_COMPUTED,False,False,False,False
D0__HOLD_R2_K125,D0,125,HOLD,R2,715,PC+HCOO__0033,PC 14:0_18:1,PC,0.00011106046399978244,,NOT_COMPUTED,False,False,False,False
D0__HOLD_R2_K125,D0,125,HOLD,R2,716,PC+HCOO__0034,PC 14:0_18:2,PC,0.0,,NOT_COMPUTED,False,False,False,False
D0__HOLD_R2_K125,D0,125,HOLD,R2,717,PC+HCOO__0035,PC 14:0_18:3,PC,0.0,,NOT_COMPUTED,False,False,False,False
D0__HOLD_R2_K125,D0,125,HOLD,R2,718,PC+HCOO__0041,PC 14:0_20:5,PC,0.0,,NOT_COMPUTED,False,False,False,False
D0__HOLD_R2_K125,D0,125,HOLD,R2,719,PC+HCOO__0056,PC 16:0_16:0,PC,6.161055249403523e-07,,NOT_COMPUTED,False,False,False,False
D0__HOLD_R2_K125,D0,125,HOLD,R2,720,PC+HCOO__0057,PC 16:0_16:1,PC,0.0,,NOT_COMPUTED,False,False,False,False
D0__HOLD_R2_K125,D0,125,HOLD,R2,721,PC+HCOO__0082,PC 16:1_16:1,PC,2.479319977424975e-08,,NOT_COMPUTED,False,False,False,False
D0__HOLD_R2_K125,D0,125,HOLD,R2,722,PC+HCOO__0411,PC 13:0_18:0,PC,0.0008181181965751364,,NOT_COMPUTED,False,False,False,False
D0__HOLD_R2_K125,D0,125,HOLD,R2,723,PC+HCOO__0412,PC 13:0_18:1,PC,6.147963777660559e-05,,NOT_COMPUTED,False,False,False,False
D0__HOLD_R2_K125,D0,125,HOLD,R2,724,PC+HCOO__0413,PC 13:0_18:2,PC,0.0010459425181821155,0.0,COMPUTED,True,False,False,False
D0__HOLD_R2_K125,D0,125,HOLD,R2,725,PC+HCOO__0414,PC 13:0_18:3,PC,0.0,,NOT_COMPUTED,False,False,False,False
D0__HOLD_R2_K125,D0,125,HOLD,R2,726,PC+HCOO__0415,PC 13:0_20:0,PC,0.0,,NOT_COMPUTED,False,False,False,False
D0__HOLD_R2_K125,D0,125,HOLD,R2,727,PC+HCOO__0416,PC 13:0_20:1,PC,7.854367690303776e-05,,NOT_COMPUTED,False,False,False,False
D0__HOLD_R2_K125,D0,125,HOLD,R2,728,PC+HCOO__0417,PC 13:0_20:2,PC,3.3590954476265806e-06,,NOT_COMPUTED,False,False,False,False
D0__HOLD_R2_K125,D0,125,HOLD,R2,729,PC+HCOO__0418,PC 13:0_20:3,PC,0.0,,NOT_COMPUTED,False,False,False,False
D0__HOLD_R2_K125,D0,125,HOLD,R2,730,PC+HCOO__0419,PC 13:0_20:4,PC,0.0,,NOT_COMPUTED,False,False,False,False
D0__HOLD_R2_K125,D0,125,HOLD,R2,731,PC+HCOO__0420,PC 13:0_20:5,PC,0.0,,NOT_COMPUTED,False,False,False,False
D0__HOLD_R2_K125,D0,125,HOLD,R2,732,PC+HCOO__0431,PC 15:0_16:0,PC,2.635493066765581e-07,,NOT_COMPUTED,False,False,False,False
D0__HOLD_R2_K125,D0,125,HOLD,R2,733,PC+HCOO__0432,PC 15:0_16:1,PC,5.706314547585479e-08,,NOT_COMPUTED,False,False,False,False
D0__HOLD_R2_K125,D0,125,HOLD,R2,734,PC+HCOO__0433,PC 15:0_18:0,PC,0.000623364754028089,,NOT_COMPUTED,False,False,False,False
D0__HOLD_R2_K125,D0,125,HOLD,R2,735,PC+HCOO__0434,PC 15:0_18:1,PC,0.030325845690826216,1.713375256210443e-05,COMPUTED,True,True,True,True
D0__HOLD_R2_K125,D0,125,HOLD,R2,736,PC+HCOO__0435,PC 15:0_18:2,PC,0.01440215820037537,1.3233038254383583e-06,COMPUTED,True,True,True,True
D0__HOLD_R2_K125,D0,125,HOLD,R2,737,PC+HCOO__0436,PC 15:0_18:3,PC,0.0,,NOT_COMPUTED,False,False,False,False
D0__HOLD_R2_K125,D0,125,HOLD,R2,738,PC+HCOO__0452,PC 14:0_17:0,PC,0.0003212367418066608,,NOT_COMPUTED,False,False,False,False
D0__HOLD_R2_K125,D0,125,HOLD,R2,739,PC+HCOO__0453,PC 16:0_17:0,PC,6.790527822233111e-05,,NOT_COMPUTED,False,False,False,False
D0__HOLD_R2_K125,D0,125,HOLD,R2,740,PC+HCOO__0454,PC 17:0_16:1,PC,0.00044346988422128706,,NOT_COMPUTED,False,False,False,False
D0__HOLD_R2_K125,D0,125,HOLD,R2,741,PC+HCOO__0474,PC 14:0_17:1,PC,0.0001912449096374787,,NOT_COMPUTED,False,False,False,False
D0__HOLD_R2_K125,D0,125,HOLD,R2,742,PC+HCOO__0475,PC 16:0_17:1,PC,0.00421709074487974,6.200113831098481e-26,COMPUTED,True,False,False,False
D0__HOLD_R2_K125,D0,125,HOLD,R2,743,PC+HCOO__0476,PC 16:1_17:1,PC,0.0006317735651404476,,NOT_COMPUTED,False,False,False,False
D0__HOLD_R2_K125,D0,125,HOLD,R2,744,PC+HCOO__0497,PC 13:0_17:0,PC,8.736472306080911e-07,,NOT_COMPUTED,False,False,False,False
D0__HOLD_R2_K125,D0,125,HOLD,R2,745,PC+HCOO__0498,PC 13:0_17:1,PC,0.00013344818469445598,,NOT_COMPUTED,False,False,False,False
D0__HOLD_R2_K125,D0,125,HOLD,R2,746,PC+HCOO__0499,PC 15:0_15:0,PC,2.3082574742892202e-05,,NOT_COMPUTED,False,False,False,False
D0__HOLD_R2_K125,D0,125,HOLD,R2,747,PC+HCOO__0500,PC 15:0_17:0,PC,0.0007378053585243512,,NOT_COMPUTED,False,False,False,False
D0__HOLD_R2_K125,D0,125,HOLD,R2,748,PC+HCOO__0501,PC 15:0_17:1,PC,0.0,,NOT_COMPUTED,False,False,False,False
D0__HOLD_R2_K125,D0,125,HOLD,R2,749,PCO+HCOO__0009,PC O-12:0_20:0,PC,0.0,,NOT_COMPUTED,False,False,False,False
D0__HOLD_R2_K125,D0,125,HOLD,R2,750,PCO+HCOO__0010,PC O-12:0_20:1,PC,0.0,,NOT_COMPUTED,False,False,False,False
D0__HOLD_R2_K125,D0,125,HOLD,R2,751,PCO+HCOO__0011,PC O-12:0_20:2,PC,0.0,,NOT_COMPUTED,False,False,False,False
D0__HOLD_R2_K125,D0,125,HOLD,R2,752,PCO+HCOO__0012,PC O-12:0_20:3,PC,8.080044424102155e-08,,NOT_COMPUTED,False,False,False,False
D0__HOLD_R2_K125,D0,125,HOLD,R2,753,PCO+HCOO__0013,PC O-12:0_20:4,PC,0.0,,NOT_COMPUTED,False,False,False,False
D0__HOLD_R2_K125,D0,125,HOLD,R2,754,PCO+HCOO__0014,PC O-12:0_20:5,PC,0.0,,NOT_COMPUTED,False,False,False,False
D0__HOLD_R2_K125,D0,125,HOLD,R2,755,PCO+HCOO__0015,PC O-12:0_22:0,PC,0.030706571780826256,0.0011571989451674,COMPUTED,True,True,True,True
D0__HOLD_R2_K125,D0,125,HOLD,R2,756,PCO+HCOO__0016,PC O-12:0_22:1,PC,0.0,,NOT_COMPUTED,False,False,False,False
D0__HOLD_R2_K125,D0,125,HOLD,R2,757,PCO+HCOO__0017,PC O-12:0_22:2,PC,0.03087023645791544,0.0002296097654767714,COMPUTED,True,True,True,True
D0__HOLD_R2_K125,D0,125,HOLD,R2,758,PCO+HCOO__0018,PC O-12:0_22:3,PC,0.0036624766148936603,1.0509311342535854e-23,COMPUTED,True,False,False,False
D0__HOLD_R2_K125,D0,125,HOLD,R2,759,PCO+HCOO__0019,PC O-12:0_22:4,PC,8.390882044130615e-08,,NOT_COMPUTED,False,False,False,False
D0__HOLD_R2_K125,D0,125,HOLD,R2,760,PCO+HCOO__0020,PC O-12:0_22:5,PC,4.2349338927145985e-08,,NOT_COMPUTED,False,False,False,False
D0__HOLD_R2_K125,D0,125,HOLD,R2,761,PCO+HCOO__0021,PC O-12:0_22:6,PC,0.0,,NOT_COMPUTED,False,False,False,False
D0__HOLD_R2_K125,D0,125,HOLD,R2,762,PCO+HCOO__0032,PC O-14:0_18:0,PC,2.171835187763068e-07,,NOT_COMPUTED,False,False,False,False
D0__HOLD_R2_K125,D0,125,HOLD,R2,763,PCO+HCOO__0033,PC O-14:0_18:1,PC,4.447270763138512e-05,,NOT_COMPUTED,False,False,False,False
D0__HOLD_R2_K125,D0,125,HOLD,R2,764,PCO+HCOO__0034,PC O-14:0_18:2,PC,0.0,,NOT_COMPUTED,False,False,False,False
D0__HOLD_R2_K125,D0,125,HOLD,R2,765,PCO+HCOO__0035,PC O-14:0_18:3,PC,0.0,,NOT_COMPUTED,False,False,False,False
D0__HOLD_R2_K125,D0,125,HOLD,R2,766,PCO+HCOO__0036,PC O-14:0_20:0,PC,0.00010168261099329046,,NOT_COMPUTED,False,False,False,False
D0__HOLD_R2_K125,D0,125,HOLD,R2,767,PCO+HCOO__0037,PC O-14:0_20:1,PC,0.0,,NOT_COMPUTED,False,False,False,False
D0__HOLD_R2_K125,D0,125,HOLD,R2,768,PCO+HCOO__0038,PC O-14:0_20:2,PC,0.0014270100053613793,1.937034114872553e-24,COMPUTED,True,False,False,False
D0__HOLD_R2_K125,D0,125,HOLD,R2,769,PCO+HCOO__0039,PC O-14:0_20:3,PC,0.022591495181693955,2.4761797062995014e-07,COMPUTED,True,True,True,True
D0__HOLD_R2_K125,D0,125,HOLD,R2,770,PCO+HCOO__0040,PC O-14:0_20:4,PC,0.0,,NOT_COMPUTED,False,False,False,False
D0__HOLD_R2_K125,D0,125,HOLD,R2,771,PCO+HCOO__0041,PC O-14:0_20:5,PC,0.0,,NOT_COMPUTED,False,False,False,False
D0__HOLD_R2_K125,D0,125,HOLD,R2,772,PCO+HCOO__0056,PC O-16:0_16:0,PC,0.0,,NOT_COMPUTED,False,False,False,False
D0__HOLD_R2_K125,D0,125,HOLD,R2,773,PCO+HCOO__0057,PC O-16:0_16:1,PC,0.0,,NOT_COMPUTED,False,False,False,False
D0__HOLD_R2_K125,D0,125,HOLD,R2,774,PCO+HCOO__0058,PC O-16:0_18:0,PC,2.2929420022194778e-07,,NOT_COMPUTED,False,False,False,False
D0__HOLD_R2_K125,D0,125,HOLD,R2,775,PCO+HCOO__0059,PC O-16:0_18:1,PC,1.379538187039374e-05,,NOT_COMPUTED,False,False,False,False
D0__HOLD_R2_K125,D0,125,HOLD,R2,776,PCO+HCOO__0060,PC O-16:0_18:2,PC,0.0018813826674066133,0.0,COMPUTED,True,False,False,False
D0__HOLD_R2_K125,D0,125,HOLD,R2,777,PCO+HCOO__0061,PC O-16:0_18:3,PC,0.0025898455557651335,4.3170320504159735e-26,COMPUTED,True,False,False,False
D0__HOLD_R2_K125,D0,125,HOLD,R2,778,PCO+HCOO__0082,PC O-16:1_16:1,PC,0.0,,NOT_COMPUTED,False,False,False,False
D0__HOLD_R2_K125,D0,125,HOLD,R2,779,PCO+HCOO__0083,PC O-16:1_18:0,PC,3.668960862478814e-05,,NOT_COMPUTED,False,False,False,False
D0__HOLD_R2_K125,D0,125,HOLD,R2,780,PCO+HCOO__0084,PC O-16:1_18:1,PC,0.029033596072433176,1.4225076232291166e-06,COMPUTED,True,True,True,True
D0__HOLD_R2_K125,D0,125,HOLD,R2,781,PCO+HCOO__0085,PC O-16:1_18:2,PC,0.0033175802426156187,5.179167709943649e-24,COMPUTED,True,False,False,False
D0__HOLD_R2_K125,D0,125,HOLD,R2,782,PCO+HCOO__0086,PC O-16:1_18:3,PC,0.0,,NOT_COMPUTED,False,False,False,False
D0__HOLD_R2_K125,D0,125,HOLD,R2,783,PCO+HCOO__0411,PC O-13:0_18:0,PC,0.00016599196069840968,,NOT_COMPUTED,False,False,False,False
D0__HOLD_R2_K125,D0,125,HOLD,R2,784,PCO+HCOO__0412,PC O-13:0_18:1,PC,4.692764995396955e-05,,NOT_COMPUTED,False,False,False,False
D0__HOLD_R2_K125,D0,125,HOLD,R2,785,PCO+HCOO__0415,PC O-13:0_20:0,PC,0.0,,NOT_COMPUTED,False,False,False,False
D0__HOLD_R2_K125,D0,125,HOLD,R2,786,PCO+HCOO__0416,PC O-13:0_20:1,PC,0.0,,NOT_COMPUTED,False,False,False,False
D0__HOLD_R2_K125,D0,125,HOLD,R2,787,PCO+HCOO__0417,PC O-13:0_20:2,PC,4.79397745593782e-06,,NOT_COMPUTED,False,False,False,False
D0__HOLD_R2_K125,D0,125,HOLD,R2,788,PCO+HCOO__0418,PC O-13:0_20:3,PC,0.0,,NOT_COMPUTED,False,False,False,False
D0__HOLD_R2_K125,D0,125,HOLD,R2,789,PCO+HCOO__0419,PC O-13:0_20:4,PC,0.0,,NOT_COMPUTED,False,False,False,False
D0__HOLD_R2_K125,D0,125,HOLD,R2,790,PCO+HCOO__0420,PC O-13:0_20:5,PC,0.0,,NOT_COMPUTED,False,False,False,False
D0__HOLD_R2_K125,D0,125,HOLD,R2,791,PCO+HCOO__0426,PC O-13:0_22:5,PC,0.0005843501724209837,,NOT_COMPUTED,False,False,False,False
D0__HOLD_R2_K125,D0,125,HOLD,R2,792,PCO+HCOO__0427,PC O-13:0_22:6,PC,2.073555345346358e-09,,NOT_COMPUTED,False,False,False,False
D0__HOLD_R2_K125,D0,125,HOLD,R2,793,PCO+HCOO__0431,PC O-15:0_16:0,PC,3.25803736958326e-08,,NOT_COMPUTED,False,False,False,False
D0__HOLD_R2_K125,D0,125,HOLD,R2,794,PCO+HCOO__0432,PC O-15:0_16:1,PC,0.0,,NOT_COMPUTED,False,False,False,False
D0__HOLD_R2_K125,D0,125,HOLD,R2,795,PCO+HCOO__0433,PC O-15:0_18:0,PC,0.0007798517254653161,,NOT_COMPUTED,False,False,False,False
D0__HOLD_R2_K125,D0,125,HOLD,R2,796,PCO+HCOO__0434,PC O-15:0_18:1,PC,1.812318644621682e-06,,NOT_COMPUTED,False,False,False,False
D0__HOLD_R2_K125,D0,125,HOLD,R2,797,PCO+HCOO__0435,PC O-15:0_18:2,PC,0.0,,NOT_COMPUTED,False,False,False,False
D0__HOLD_R2_K125,D0,125,HOLD,R2,798,PCO+HCOO__0436,PC O-15:0_18:3,PC,3.452908537905907e-07,,NOT_COMPUTED,False,False,False,False
D0__HOLD_R2_K125,D0,125,HOLD,R2,799,PCO+HCOO__0442,PC O-15:0_20:5,PC,0.03214606897377316,9.934973278600874e-05,COMPUTED,True,True,True,True
D0__HOLD_R2_K125,D0,125,HOLD,R2,800,PCO+HCOO__0452,PC O-14:0_17:0,PC,0.0005556349322827379,,NOT_COMPUTED,False,False,False,False
D0__HOLD_R2_K125,D0,125,HOLD,R2,801,PCO+HCOO__0453,PC O-16:0_17:0,PC,1.1878871493040443e-05,,NOT_COMPUTED,False,False,False,False
D0__HOLD_R2_K125,D0,125,HOLD,R2,802,PCO+HCOO__0454,PC O-16:1_17:0,PC,9.734014355496787e-08,,NOT_COMPUTED,False,False,False,False
D0__HOLD_R2_K125,D0,125,HOLD,R2,803,PCO+HCOO__0474,PC O-14:0_17:1,PC,0.00019756977514376849,,NOT_COMPUTED,False,False,False,False
D0__HOLD_R2_K125,D0,125,HOLD,R2,804,PCO+HCOO__0475,PC O-16:0_17:1,PC,0.0,,NOT_COMPUTED,False,False,False,False
D0__HOLD_R2_K125,D0,125,HOLD,R2,805,PCO+HCOO__0476,PC O-16:1_17:1,PC,9.048863392353369e-06,,NOT_COMPUTED,False,False,False,False
D0__HOLD_R2_K125,D0,125,HOLD,R2,806,PCO+HCOO__0500,PC O-15:0_17:0,PC,6.113640386465272e-05,,NOT_COMPUTED,False,False,False,False
D0__HOLD_R2_K125,D0,125,HOLD,R2,807,PCO+HCOO__0501,PC O-15:0_17:1,PC,9.11146462916932e-06,,NOT_COMPUTED,False,False,False,False
D0__HOLD_R2_K125,D0,125,HOLD,R2,808,PCO+HCOO__0502,PC O-17:0_17:0,PC,2.2327688102793186e-06,,NOT_COMPUTED,False,False,False,False
D0__HOLD_R2_K125,D0,125,HOLD,R2,809,PCO+HCOO__0503,PC O-17:0_17:1,PC,0.0,,NOT_COMPUTED,False,False,False,False
D0__HOLD_R2_K125,D0,125,HOLD,R2,810,PCO+HCOO__0504,PC O-17:1_17:1,PC,0.00709213209153101,3.3696549365031974e-26,COMPUTED,True,False,False,False
D0__HOLD_R2_K125,D0,125,HOLD,R2,811,PC+CH3COO__0005,PC 12:0_18:0,PC,0.0,,NOT_COMPUTED,False,False,False,False
D0__HOLD_R2_K125,D0,125,HOLD,R2,812,PC+CH3COO__0006,PC 12:0_18:1,PC,0.0,,NOT_COMPUTED,False,False,False,False
D0__HOLD_R2_K125,D0,125,HOLD,R2,813,PC+CH3COO__0007,PC 12:0_18:2,PC,8.413318072999738e-08,,NOT_COMPUTED,False,False,False,False
D0__HOLD_R2_K125,D0,125,HOLD,R2,814,PC+CH3COO__0008,PC 12:0_18:3,PC,1.2371717034641805e-05,,NOT_COMPUTED,False,False,False,False
D0__HOLD_R2_K125,D0,125,HOLD,R2,815,PC+CH3COO__0009,PC 12:0_20:0,PC,0.0,,NOT_COMPUTED,False,False,False,False
D0__HOLD_R2_K125,D0,125,HOLD,R2,816,PC+CH3COO__0010,PC 12:0_20:1,PC,0.0,,NOT_COMPUTED,False,False,False,False
D0__HOLD_R2_K125,D0,125,HOLD,R2,817,PC+CH3COO__0011,PC 12:0_20:2,PC,0.0,,NOT_COMPUTED,False,False,False,False
D0__HOLD_R2_K125,D0,125,HOLD,R2,818,PC+CH3COO__0012,PC 12:0_20:3,PC,0.0,,NOT_COMPUTED,False,False,False,False
D0__HOLD_R2_K125,D0,125,HOLD,R2,819,PC+CH3COO__0013,PC 12:0_20:4,PC,0.0,,NOT_COMPUTED,False,False,False,False
D0__HOLD_R2_K125,D0,125,HOLD,R2,820,PC+CH3COO__0014,PC 12:0_20:5,PC,0.0,,NOT_COMPUTED,False,False,False,False
D0__HOLD_R2_K125,D0,125,HOLD,R2,821,PC+CH3COO__0030,PC 14:0_16:0,PC,0.0,,NOT_COMPUTED,False,False,False,False
D0__HOLD_R2_K125,D0,125,HOLD,R2,822,PC+CH3COO__0031,PC 14:0_16:1,PC,6.766650945881107e-07,,NOT_COMPUTED,False,False,False,False
D0__HOLD_R2_K125,D0,125,HOLD,R2,823,PC+CH3COO__0032,PC 14:0_18:0,PC,0.0,,NOT_COMPUTED,False,False,False,False
D0__HOLD_R2_K125,D0,125,HOLD,R2,824,PC+CH3COO__0033,PC 14:0_18:1,PC,0.0,,NOT_COMPUTED,False,False,False,False
D0__HOLD_R2_K125,D0,125,HOLD,R2,825,PC+CH3COO__0034,PC 14:0_18:2,PC,3.3503081638798135e-06,,NOT_COMPUTED,False,False,False,False
D0__HOLD_R2_K125,D0,125,HOLD,R2,826,PC+CH3COO__0035,PC 14:0_18:3,PC,1.0703857225009364e-05,,NOT_COMPUTED,False,False,False,False
D0__HOLD_R2_K125,D0,125,HOLD,R2,827,PC+CH3COO__0056,PC 16:0_16:0,PC,4.931282654858669e-07,,NOT_COMPUTED,False,False,False,False
D0__HOLD_R2_K125,D0,125,HOLD,R2,828,PC+CH3COO__0057,PC 16:0_16:1,PC,3.2058036858254556e-06,,NOT_COMPUTED,False,False,False,False
D0__HOLD_R2_K125,D0,125,HOLD,R2,829,PC+CH3COO__0082,PC 16:1_16:1,PC,5.947526256414633e-08,,NOT_COMPUTED,False,False,False,False
D0__HOLD_R2_K125,D0,125,HOLD,R2,830,PC+CH3COO__0409,PC 13:0_16:0,PC,0.004333959769633747,7.253337887618662e-07,COMPUTED,True,True,True,True
D0__HOLD_R2_K125,D0,125,HOLD,R2,831,PC+CH3COO__0410,PC 13:0_16:1,PC,2.397987061474404e-05,,NOT_COMPUTED,False,False,False,False
D0__HOLD_R2_K125,D0,125,HOLD,R2,832,PC+CH3COO__0411,PC 13:0_18:0,PC,0.0,,NOT_COMPUTED,False,False,False,False
D0__HOLD_R2_K125,D0,125,HOLD,R2,833,PC+CH3COO__0412,PC 13:0_18:1,PC,0.0,,NOT_COMPUTED,False,False,False,False
D0__HOLD_R2_K125,D0,125,HOLD,R2,834,PC+CH3COO__0413,PC 13:0_18:2,PC,0.0005442310232534667,,NOT_COMPUTED,False,False,False,False
D0__HOLD_R2_K125,D0,125,HOLD,R2,835,PC+CH3COO__0414,PC 13:0_18:3,PC,0.0003950909783146845,,NOT_COMPUTED,False,False,False,False
D0__HOLD_R2_K125,D0,125,HOLD,R2,836,PC+CH3COO__0420,PC 13:0_20:5,PC,3.644245018800283e-05,,NOT_COMPUTED,False,False,False,False
D0__HOLD_R2_K125,D0,125,HOLD,R2,837,PC+CH3COO__0430,PC 14:0_15:0,PC,0.0034859146913972404,1.252690624125274e-22,COMPUTED,True,False,False,False
D0__HOLD_R2_K125,D0,125,HOLD,R2,838,PC+CH3COO__0431,PC 15:0_16:0,PC,0.0,,NOT_COMPUTED,False,False,False,False
D0__HOLD_R2_K125,D0,125,HOLD,R2,839,PC+CH3COO__0432,PC 15:0_16:1,PC,1.6673007243610868e-07,,NOT_COMPUTED,False,False,False,False
D0__HOLD_R2_K125,D0,125,HOLD,R2,840,PC+CH3COO__0451,PC 12:0_17:0,PC,0.0033267429215801344,9.288624262633137e-27,COMPUTED,True,False,False,False
D0__HOLD_R2_K125,D0,125,HOLD,R2,841,PC+CH3COO__0452,PC 14:0_17:0,PC,0.0,,NOT_COMPUTED,False,False,False,False
D0__HOLD_R2_K125,D0,125,HOLD,R2,842,PC+CH3COO__0473,PC 12:0_17:1,PC,0.0,,NOT_COMPUTED,False,False,False,False
D0__HOLD_R2_K125,D0,125,HOLD,R2,843,PC+CH3COO__0474,PC 14:0_17:1,PC,0.0,,NOT_COMPUTED,False,False,False,False
D0__HOLD_R2_K125,D0,125,HOLD,R2,844,PC+CH3COO__0497,PC 13:0_17:0,PC,3.8111781839685556e-08,,NOT_COMPUTED,False,False,False,False
D0__HOLD_R2_K125,D0,125,HOLD,R2,845,PC+CH3COO__0498,PC 13:0_17:1,PC,0.0,,NOT_COMPUTED,False,False,False,False
D0__HOLD_R2_K125,D0,125,HOLD,R2,846,PC+CH3COO__0499,PC 15:0_15:0,PC,0.00032837657834950296,,NOT_COMPUTED,False,False,False,False
D0__HOLD_R2_K125,D0,125,HOLD,R2,847,PC+CH3COO__0500,PC 15:0_17:0,PC,0.0,,NOT_COMPUTED,False,False,False,False
D0__HOLD_R2_K125,D0,125,HOLD,R2,848,PC+CH3COO__0501,PC 15:0_17:1,PC,0.00017737451355290926,,NOT_COMPUTED,False,False,False,False
D0__HOLD_R2_K125,D0,125,HOLD,R2,849,PCO+CH3COO__0005,PC O-12:0_18:0,PC,0.001771278169495645,0.0,COMPUTED,True,False,False,False
D0__HOLD_R2_K125,D0,125,HOLD,R2,850,PCO+CH3COO__0006,PC O-12:0_18:1,PC,0.0,,NOT_COMPUTED,False,False,False,False
D0__HOLD_R2_K125,D0,125,HOLD,R2,851,PCO+CH3COO__0009,PC O-12:0_20:0,PC,0.0,,NOT_COMPUTED,False,False,False,False
D0__HOLD_R2_K125,D0,125,HOLD,R2,852,PCO+CH3COO__0010,PC O-12:0_20:1,PC,0.0,,NOT_COMPUTED,False,False,False,False
D0__HOLD_R2_K125,D0,125,HOLD,R2,853,PCO+CH3COO__0011,PC O-12:0_20:2,PC,0.0,,NOT_COMPUTED,False,False,False,False
D0__HOLD_R2_K125,D0,125,HOLD,R2,854,PCO+CH3COO__0012,PC O-12:0_20:3,PC,1.513939856728537e-07,,NOT_COMPUTED,False,False,False,False
D0__HOLD_R2_K125,D0,125,HOLD,R2,855,PCO+CH3COO__0013,PC O-12:0_20:4,PC,2.0316009176444784e-05,,NOT_COMPUTED,False,False,False,False
D0__HOLD_R2_K125,D0,125,HOLD,R2,856,PCO+CH3COO__0014,PC O-12:0_20:5,PC,6.5542070670971015e-06,,NOT_COMPUTED,False,False,False,False
D0__HOLD_R2_K125,D0,125,HOLD,R2,857,PCO+CH3COO__0020,PC O-12:0_22:5,PC,0.0,,NOT_COMPUTED,False,False,False,False
D0__HOLD_R2_K125,D0,125,HOLD,R2,858,PCO+CH3COO__0021,PC O-12:0_22:6,PC,4.9240603688027274e-06,,NOT_COMPUTED,False,False,False,False
D0__HOLD_R2_K125,D0,125,HOLD,R2,859,PCO+CH3COO__0030,PC O-14:0_16:0,PC,0.00025679090423072547,,NOT_COMPUTED,False,False,False,False
D0__HOLD_R2_K125,D0,125,HOLD,R2,860,PCO+CH3COO__0031,PC O-14:0_16:1,PC,1.5892650429393455e-07,,NOT_COMPUTED,False,False,False,False
D0__HOLD_R2_K125,D0,125,HOLD,R2,861,PCO+CH3COO__0032,PC O-14:0_18:0,PC,0.0,,NOT_COMPUTED,False,False,False,False
D0__HOLD_R2_K125,D0,125,HOLD,R2,862,PCO+CH3COO__0033,PC O-14:0_18:1,PC,0.0,,NOT_COMPUTED,False,False,False,False
D0__HOLD_R2_K125,D0,125,HOLD,R2,863,PCO+CH3COO__0034,PC O-14:0_18:2,PC,0.0,,NOT_COMPUTED,False,False,False,False
D0__HOLD_R2_K125,D0,125,HOLD,R2,864,PCO+CH3COO__0035,PC O-14:0_18:3,PC,0.0003928207060426867,,NOT_COMPUTED,False,False,False,False
D0__HOLD_R2_K125,D0,125,HOLD,R2,865,PCO+CH3COO__0041,PC O-14:0_20:5,PC,6.827450394366774e-05,,NOT_COMPUTED,False,False,False,False
D0__HOLD_R2_K125,D0,125,HOLD,R2,866,PCO+CH3COO__0056,PC O-16:0_16:0,PC,0.0,,NOT_COMPUTED,False,False,False,False
D0__HOLD_R2_K125,D0,125,HOLD,R2,867,PCO+CH3COO__0057,PC O-16:0_16:1,PC,0.0,,NOT_COMPUTED,False,False,False,False
D0__HOLD_R2_K125,D0,125,HOLD,R2,868,PCO+CH3COO__0082,PC O-16:1_16:1,PC,4.641934251757171e-05,,NOT_COMPUTED,False,False,False,False
D0__HOLD_R2_K125,D0,125,HOLD,R2,869,PCO+CH3COO__0411,PC O-13:0_18:0,PC,0.0,,NOT_COMPUTED,False,False,False,False
D0__HOLD_R2_K125,D0,125,HOLD,R2,870,PCO+CH3COO__0412,PC O-13:0_18:1,PC,0.0,,NOT_COMPUTED,False,False,False,False
D0__HOLD_R2_K125,D0,125,HOLD,R2,871,PCO+CH3COO__0413,PC O-13:0_18:2,PC,4.419450728450741e-05,,NOT_COMPUTED,False,False,False,False
D0__HOLD_R2_K125,D0,125,HOLD,R2,872,PCO+CH3COO__0414,PC O-13:0_18:3,PC,0.000572608830505402,,NOT_COMPUTED,False,False,False,False
D0__HOLD_R2_K125,D0,125,HOLD,R2,873,PCO+CH3COO__0415,PC O-13:0_20:0,PC,0.0,,NOT_COMPUTED,False,False,False,False
D0__HOLD_R2_K125,D0,125,HOLD,R2,874,PCO+CH3COO__0416,PC O-13:0_20:1,PC,0.0,,NOT_COMPUTED,False,False,False,False
D0__HOLD_R2_K125,D0,125,HOLD,R2,875,PCO+CH3COO__0417,PC O-13:0_20:2,PC,2.6508337477087415e-06,,NOT_COMPUTED,False,False,False,False
D0__HOLD_R2_K125,D0,125,HOLD,R2,876,PCO+CH3COO__0418,PC O-13:0_20:3,PC,0.0,,NOT_COMPUTED,False,False,False,False
D0__HOLD_R2_K125,D0,125,HOLD,R2,877,PCO+CH3COO__0419,PC O-13:0_20:4,PC,6.407843516095184e-06,,NOT_COMPUTED,False,False,False,False
D0__HOLD_R2_K125,D0,125,HOLD,R2,878,PCO+CH3COO__0420,PC O-13:0_20:5,PC,9.180547012539215e-06,,NOT_COMPUTED,False,False,False,False
D0__HOLD_R2_K125,D0,125,HOLD,R2,879,PCO+CH3COO__0431,PC O-15:0_16:0,PC,0.0,,NOT_COMPUTED,False,False,False,False
D0__HOLD_R2_K125,D0,125,HOLD,R2,880,PCO+CH3COO__0432,PC O-15:0_16:1,PC,0.0,,NOT_COMPUTED,False,False,False,False
D0__HOLD_R2_K125,D0,125,HOLD,R2,881,PCO+CH3COO__0433,PC O-15:0_18:0,PC,0.0,,NOT_COMPUTED,False,False,False,False
D0__HOLD_R2_K125,D0,125,HOLD,R2,882,PCO+CH3COO__0434,PC O-15:0_18:1,PC,0.0,,NOT_COMPUTED,False,False,False,False
D0__HOLD_R2_K125,D0,125,HOLD,R2,883,PCO+CH3COO__0435,PC O-15:0_18:2,PC,0.00011638843603254198,,NOT_COMPUTED,False,False,False,False
D0__HOLD_R2_K125,D0,125,HOLD,R2,884,PCO+CH3COO__0436,PC O-15:0_18:3,PC,2.43560590449745e-05,,NOT_COMPUTED,False,False,False,False
D0__HOLD_R2_K125,D0,125,HOLD,R2,885,PCO+CH3COO__0452,PC O-14:0_17:0,PC,0.0,,NOT_COMPUTED,False,False,False,False
D0__HOLD_R2_K125,D0,125,HOLD,R2,886,PCO+CH3COO__0453,PC O-16:0_17:0,PC,2.0548835758986868e-07,,NOT_COMPUTED,False,False,False,False
D0__HOLD_R2_K125,D0,125,HOLD,R2,887,PCO+CH3COO__0454,PC O-16:1_17:0,PC,0.0,,NOT_COMPUTED,False,False,False,False
D0__HOLD_R2_K125,D0,125,HOLD,R2,888,PCO+CH3COO__0474,PC O-14:0_17:1,PC,1.5423098086108027e-05,,NOT_COMPUTED,False,False,False,False
D0__HOLD_R2_K125,D0,125,HOLD,R2,889,PCO+CH3COO__0475,PC O-16:0_17:1,PC,1.553471349672131e-05,,NOT_COMPUTED,False,False,False,False
D0__HOLD_R2_K125,D0,125,HOLD,R2,890,PCO+CH3COO__0476,PC O-16:1_17:1,PC,0.00032065303106867303,,NOT_COMPUTED,False,False,False,False
D0__HOLD_R2_K125,D0,125,HOLD,R2,891,PCO+CH3COO__0497,PC O-13:0_17:0,PC,0.03180360447883779,9.979833980286911e-06,COMPUTED,True,True,True,True
D0__HOLD_R2_K125,D0,125,HOLD,R2,892,PCO+CH3COO__0498,PC O-13:0_17:1,PC,0.00010205989912031968,,NOT_COMPUTED,False,False,False,False
D0__HOLD_R2_K125,D0,125,HOLD,R2,893,PCO+CH3COO__0499,PC O-15:0_15:0,PC,0.0004545868206963079,,NOT_COMPUTED,False,False,False,False
D0__HOLD_R2_K125,D0,125,HOLD,R2,894,PCO+CH3COO__0500,PC O-15:0_17:0,PC,0.0,,NOT_COMPUTED,False,False,False,False
D0__HOLD_R2_K125,D0,125,HOLD,R2,895,PCO+CH3COO__0501,PC O-15:0_17:1,PC,0.00011033347752126851,,NOT_COMPUTED,False,False,False,False
