dataset_id,base_dataset_id,severity,candidate_index,candidate_id,lipid_name,X_hat,rho_zero,rho_zero_status,raw_solver_reported,candidate_truth,molecular_truth,reportable_truth,cone_isolation,max_fragment_cosine,max_full_cosine,lipid_class,collective_gain,pair_id,unit_id,role,spectral_score_CAL,spectral_score_HOLD,joint_hard_score,joint_easy_score,fragment_cosine,fragment_support_jaccard,full_cosine,parent_cosine,base_template_id,realized_spatial_correlation,abundance_multiplier,K,replicate,split
MODERATE__HOLD_R2_K175,HOLD_R2_K175,MODERATE,0,PA-H__0075,PA 16:0_24:0,0.0026834344358797318,9.495251948407823e-07,COMPUTED,True,False,False,False,0.729606198131629,0.7748217721703936,0.44170172724713597,PA,0.16755576280234685,,,UNASSIGNED_FALSE_POSITIVE,,,,,,,,,,,,175,R2,HOLD
MODERATE__HOLD_R2_K175,HOLD_R2_K175,MODERATE,1,PA-H__0076,PA 16:0_24:1,0.013328372741805079,1.3579915009887659e-05,COMPUTED,True,True,True,True,0.5504804076642431,0.883487638633687,0.6654546118919494,PA,0.19595790828137805,,28,singleton_control,,,,,,,,,260,,2.0,175,R2,HOLD
MODERATE__HOLD_R2_K175,HOLD_R2_K175,MODERATE,2,PA-H__0079,PA 16:0_24:4,0.0020867132881717946,0.0,COMPUTED,True,True,True,True,0.2223063465458067,0.9171280506076233,0.9158818256178151,PA,0.17914163452145218,B7_U47_U115,115,spectral_hard_spatial_high,0.7173612479474549,0.7259195402298851,0.7173612479474549,0.7259195402298851,0.04535930018705837,0.1794871794871795,0.024301483593310788,0.0,316,0.9961563659633226,0.6170676298438253,175,R2,HOLD
MODERATE__HOLD_R2_K175,HOLD_R2_K175,MODERATE,3,PA-H__0080,PA 16:0_24:5,0.005716198559040293,0.0,COMPUTED,True,False,False,False,0.22923411741411742,0.9171280506076233,0.9158818256178151,PA,0.17221386365314145,,,UNASSIGNED_FALSE_POSITIVE,,,,,,,,,,,,175,R2,HOLD
MODERATE__HOLD_R2_K175,HOLD_R2_K175,MODERATE,4,PA-H__0100,PA 24:0_16:1,2.3689511523649775e-06,,NOT_COMPUTED,False,False,False,False,0.47172636833494863,0.7350890401757907,0.6635490105932277,PA,0.2764064477750978,,,UNASSIGNED_FALSE_POSITIVE,,,,,,,,,,,,175,R2,HOLD
MODERATE__HOLD_R2_K175,HOLD_R2_K175,MODERATE,5,PA-H__0117,PA 18:0_22:0,0.010801660800163298,8.768693181280757e-07,COMPUTED,True,True,True,True,0.3381799302246325,0.7789494468002593,0.6213615663357793,PA,0.44534403487199864,B3_U27_U48,48,spectral_easy_spatial_high,0.1769326765188834,0.1802495894909688,0.1769326765188834,0.1802495894909688,0.0,0.0,0.0,0.0,171,0.99072692293003,1.4538436095675817,175,R2,HOLD
MODERATE__HOLD_R2_K175,HOLD_R2_K175,MODERATE,6,PA-H__0118,PA 18:0_22:1,0.011881343466098303,2.0540450176925203e-08,COMPUTED,True,False,False,False,0.3291126428847987,0.854010491337717,0.7758194394971382,PA,0.30184234544507127,,,UNASSIGNED_FALSE_POSITIVE,,,,,,,,,,,,175,R2,HOLD
MODERATE__HOLD_R2_K175,HOLD_R2_K175,MODERATE,7,PA-H__0119,PA 18:0_22:2,0.0004493467655410883,,NOT_COMPUTED,False,True,True,True,0.27393752390511106,0.8394493239810369,0.7712444256096473,PA,0.36260158405766385,B1_U95_U125,125,spectral_hard_spatial_low,0.7451149425287357,0.8009901477832513,0.7451149425287357,0.8009901477832513,0.0753246954491252,0.3018867924528302,0.08214312893707955,0.11319967071044161,102,-0.22838524714375422,0.6170676298438253,175,R2,HOLD
MODERATE__HOLD_R2_K175,HOLD_R2_K175,MODERATE,8,PA-H__0120,PA 18:0_22:3,0.002573364297550594,1.608244237349911e-05,COMPUTED,True,False,False,False,0.26685411549166754,0.7994055605507371,0.7822770241404187,PA,0.35607658490927657,,,UNASSIGNED_FALSE_POSITIVE,,,,,,,,,,,,175,R2,HOLD
MODERATE__HOLD_R2_K175,HOLD_R2_K175,MODERATE,9,PA-H__0121,PA 18:0_22:4,0.009572063817743637,0.0,COMPUTED,True,True,True,True,0.18925162859522815,0.8691673191165914,0.8645836840369737,PA,0.31323723028330897,B2_U43_U133,133,spectral_hard_spatial_high,0.896121510673235,0.8493119868637111,0.8493119868637111,0.896121510673235,0.7986035117425145,0.41,0.7525372430626872,0.0,316,0.996582436906362,0.5,175,R2,HOLD
MODERATE__HOLD_R2_K175,HOLD_R2_K175,MODERATE,10,PA-H__0122,PA 18:0_22:5,4.352561046438825e-05,,NOT_COMPUTED,False,False,False,False,0.13936661280823676,0.9374908882297373,0.9345818680853585,PA,0.21638151697754526,,,UNASSIGNED_FALSE_POSITIVE,,,,,,,,,,,,175,R2,HOLD
MODERATE__HOLD_R2_K175,HOLD_R2_K175,MODERATE,11,PA-H__0124,PA 18:0_24:0,0.0,,NOT_COMPUTED,False,False,False,False,0.5363596171784565,0.7271532361366108,0.6313329291237251,PA,0.239152299302559,,,UNASSIGNED_FALSE_POSITIVE,,,,,,,,,,,,175,R2,HOLD
MODERATE__HOLD_R2_K175,HOLD_R2_K175,MODERATE,12,PA-H__0125,PA 18:0_24:1,0.008281823850369999,1.4185329773612987e-06,COMPUTED,True,True,True,True,0.3334734584306543,0.8793255202210899,0.8305304488322932,PA,0.22349976674487387,B2_U43_U133,43,spectral_hard_spatial_high,0.896121510673235,0.8493119868637111,0.8493119868637111,0.896121510673235,0.7986035117425145,0.41,0.7525372430626872,0.0,316,0.996582436906362,0.689110922829001,175,R2,HOLD
MODERATE__HOLD_R2_K175,HOLD_R2_K175,MODERATE,13,PA-H__0128,PA 18:0_24:4,0.006718429383206686,0.0,COMPUTED,True,False,False,False,0.19065424453428229,0.8372950741847822,0.832749852444057,PA,0.362995178164235,,,UNASSIGNED_FALSE_POSITIVE,,,,,,,,,,,,175,R2,HOLD
MODERATE__HOLD_R2_K175,HOLD_R2_K175,MODERATE,14,PA-H__0129,PA 18:0_24:5,0.00032560888486549106,,NOT_COMPUTED,False,True,True,True,0.1609179673339711,0.923167578011941,0.919680283971754,PA,0.23175005437601462,B4_U64_U141,141,spectral_hard_spatial_high,0.7657668308702792,0.7451904761904762,0.7451904761904762,0.7657668308702792,0.04936673211304598,0.11450381679389313,0.04704824842945059,0.0,223,0.9960356756974041,0.5,175,R2,HOLD
MODERATE__HOLD_R2_K175,HOLD_R2_K175,MODERATE,15,PA-H__0130,PA 18:0_24:6,0.008628099619561038,7.485406213324261e-09,COMPUTED,True,True,True,True,0.1641748706562144,0.9374908882297373,0.9345818680853585,PA,0.19157325912956763,B6_U16_U150,150,spectral_hard_spatial_high,0.8016518883415436,0.8704121510673235,0.8016518883415436,0.8704121510673235,0.5488475814049499,0.40594059405940597,0.548527025020696,0.42361641273681017,227,0.9969998750345056,2.0,175,R2,HOLD
MODERATE__HOLD_R2_K175,HOLD_R2_K175,MODERATE,16,PA-H__0140,PA 22:0_18:1,0.00032391199962747647,,NOT_COMPUTED,False,False,False,False,0.3671639070922606,0.7050099452951126,0.6113032030767289,PA,0.42423257628894034,,,UNASSIGNED_FALSE_POSITIVE,,,,,,,,,,,,175,R2,HOLD
MODERATE__HOLD_R2_K175,HOLD_R2_K175,MODERATE,17,PA-H__0141,PA 18:1_22:1,0.008342930206576636,0.0,COMPUTED,True,True,True,True,0.46175873097333114,0.9022714644699661,0.6587714343940032,PA,0.2905844069806663,B1_U59_U80,59,spectral_hard_spatial_low,0.679983579638752,0.7071789819376026,0.679983579638752,0.7071789819376026,0.031175949260026654,0.07692307692307693,0.6587714343940032,0.9999999999999994,229,-0.20829698475144195,0.7303443264893795,175,R2,HOLD
MODERATE__HOLD_R2_K175,HOLD_R2_K175,MODERATE,18,PA-H__0142,PA 18:1_22:2,0.0,,NOT_COMPUTED,False,False,False,False,0.40366716929733215,0.9248799886279087,0.7196223801768364,PA,0.2906984620156129,,,UNASSIGNED_FALSE_POSITIVE,,,,,,,,,,,,175,R2,HOLD
MODERATE__HOLD_R2_K175,HOLD_R2_K175,MODERATE,19,PA-H__0143,PA 18:1_22:3,0.018622369638601807,1.0381525837606704e-06,COMPUTED,True,True,True,True,0.26035456632127724,0.8639124793194024,0.8037028144235677,PA,0.33467634555443054,,92,singleton_control,,,,,,,,,215,,2.0,175,R2,HOLD
MODERATE__HOLD_R2_K175,HOLD_R2_K175,MODERATE,20,PA-H__0144,PA 18:1_22:4,0.015459633970659947,1.0236544804020671e-06,COMPUTED,True,True,True,True,0.23118051955905902,0.7349039762795926,0.7251473077432745,PA,0.45741325188581883,B3_U62_U111,111,spectral_hard_spatial_low,0.6664384236453202,0.7616584564860427,0.6664384236453202,0.7616584564860427,0.1231108935077214,0.23478260869565218,0.10404094948269774,0.0,237,-0.2927295663961525,2.0,175,R2,HOLD
MODERATE__HOLD_R2_K175,HOLD_R2_K175,MODERATE,21,PA-H__0147,PA 24:0_18:1,3.4833566925086097e-05,,NOT_COMPUTED,False,False,False,False,0.43680623844895256,0.7371891580184492,0.6602623564184665,PA,0.3142287944867514,,,UNASSIGNED_FALSE_POSITIVE,,,,,,,,,,,,175,R2,HOLD
MODERATE__HOLD_R2_K175,HOLD_R2_K175,MODERATE,22,PA-H__0148,PA 18:1_24:1,0.008060577233134409,0.0,COMPUTED,True,True,True,True,0.4394175718623714,0.7742897189559598,0.6708976550037268,PA,0.30213238364332506,B6_U39_U54,54,spectral_easy_spatial_low,0.1792183908045977,0.5071083743842364,0.1792183908045977,0.5071083743842364,0.00026369558372042073,0.10227272727272728,0.00020200331760154445,0.0,320,-0.15641991769983482,0.5,175,R2,HOLD
MODERATE__HOLD_R2_K175,HOLD_R2_K175,MODERATE,23,PA-H__0151,PA 18:1_24:4,0.008001439797116384,1.4612116174715174e-05,COMPUTED,True,True,True,True,0.2590661626283403,0.770029563231097,0.7660750464750595,PA,0.383684973635327,B5_U81_U105,105,spectral_hard_spatial_high,0.7206288998357964,0.7457405582922824,0.7206288998357964,0.7457405582922824,0.08345586956895017,0.05442176870748299,0.08266818987422711,0.12074806658205942,247,0.9954161202958837,0.5,175,R2,HOLD
MODERATE__HOLD_R2_K175,HOLD_R2_K175,MODERATE,24,PA-H__0152,PA 18:1_24:5,0.011470778245600836,2.3674315877113644e-06,COMPUTED,True,False,False,False,0.2403872498285696,0.8248123478924629,0.8214327614182942,PA,0.3299181231679643,,,UNASSIGNED_FALSE_POSITIVE,,,,,,,,,,,,175,R2,HOLD
MODERATE__HOLD_R2_K175,HOLD_R2_K175,MODERATE,25,PA-H__0153,PA 18:1_24:6,0.02151679059396187,7.969857342408792e-06,COMPUTED,True,True,True,True,0.25854770171004793,0.8317569743542244,0.8214327614182942,PA,0.311757671286486,,113,singleton_control,,,,,,,,,321,,2.0,175,R2,HOLD
MODERATE__HOLD_R2_K175,HOLD_R2_K175,MODERATE,26,PA-H__0162,PA 22:0_18:2,0.0037542951746549307,6.836714760019577e-19,COMPUTED,True,True,True,True,0.34226134747101367,0.761776416520081,0.6134161506702321,PA,0.4474985059635067,,34,singleton_control,,,,,,,,,313,,1.0760213163243861,175,R2,HOLD
MODERATE__HOLD_R2_K175,HOLD_R2_K175,MODERATE,27,PA-H__0163,PA 22:1_18:2,0.017867072642665432,1.2508906420239475e-05,COMPUTED,True,True,True,True,0.3672416022212644,0.8804726866933393,0.607232220086111,PA,0.42728280324989093,B1_U95_U125,95,spectral_hard_spatial_low,0.7451149425287357,0.8009901477832513,0.7451149425287357,0.8009901477832513,0.0753246954491252,0.3018867924528302,0.08214312893707955,0.11319967071044161,248,-0.22838524714375422,2.0,175,R2,HOLD
MODERATE__HOLD_R2_K175,HOLD_R2_K175,MODERATE,28,PA-H__0164,PA 18:2_22:2,0.002875466056528125,0.0,COMPUTED,True,False,False,False,0.47866516502254414,0.8685597534716455,0.7219248581633445,PA,0.21330629332370504,,,UNASSIGNED_FALSE_POSITIVE,,,,,,,,,,,,175,R2,HOLD
MODERATE__HOLD_R2_K175,HOLD_R2_K175,MODERATE,29,PA-H__0165,PA 18:2_22:3,0.0011398398170218036,0.0,COMPUTED,True,False,False,False,0.40654814292933356,0.8361365785941115,0.722889225295104,PA,0.2844157982081504,,,UNASSIGNED_FALSE_POSITIVE,,,,,,,,,,,,175,R2,HOLD
MODERATE__HOLD_R2_K175,HOLD_R2_K175,MODERATE,30,PA-H__0169,PA 24:0_18:2,0.00034217828534189394,,NOT_COMPUTED,False,False,False,False,0.4349361980895777,0.674205896426856,0.5485397946470075,PA,0.4011882505953169,,,UNASSIGNED_FALSE_POSITIVE,,,,,,,,,,,,175,R2,HOLD
MODERATE__HOLD_R2_K175,HOLD_R2_K175,MODERATE,31,PA-H__0170,PA 24:1_18:2,0.01234629820554602,8.596367295772922e-06,COMPUTED,True,True,True,True,0.416531063009088,0.7481851339902038,0.6386711778861706,PA,0.35294871355264307,B3_U62_U111,62,spectral_hard_spatial_low,0.6664384236453202,0.7616584564860427,0.6664384236453202,0.7616584564860427,0.1231108935077214,0.23478260869565218,0.10404094948269774,0.0,81,-0.2927295663961525,1.0000000000000002,175,R2,HOLD
MODERATE__HOLD_R2_K175,HOLD_R2_K175,MODERATE,32,PA-H__0173,PA 18:2_24:4,0.004288297065571464,0.0,COMPUTED,True,True,True,True,0.33277246997096527,0.6495701338678831,0.6430180714358019,PA,0.4330785336890039,B6_U26_U82,82,spectral_easy_spatial_high,0.19121839080459768,0.41874220032840725,0.19121839080459768,0.41874220032840725,1.8412021151145245e-07,0.09285714285714286,1.8199558490736153e-07,0.0,323,0.9940261440910713,0.7802037075442214,175,R2,HOLD
MODERATE__HOLD_R2_K175,HOLD_R2_K175,MODERATE,33,PA-H__0174,PA 18:2_24:5,0.00033412448650005594,,NOT_COMPUTED,False,True,True,True,0.30902833514416345,0.8083196183923326,0.8030418220184925,PA,0.2868943377666932,B6_U66_U154,66,spectral_hard_spatial_low,0.6740246305418719,0.8117881773399014,0.6740246305418719,0.8117881773399014,0.2720760767326175,0.12605042016806722,0.2705250079291411,0.0,215,-0.22847194279932387,0.5,175,R2,HOLD
MODERATE__HOLD_R2_K175,HOLD_R2_K175,MODERATE,34,PA-H__0175,PA 18:2_24:6,0.001041225376569438,1.0696564342935973e-06,COMPUTED,True,False,False,False,0.29491975880184035,0.8083196183923326,0.8030418220184925,PA,0.3010029141090163,,,UNASSIGNED_FALSE_POSITIVE,,,,,,,,,,,,175,R2,HOLD
MODERATE__HOLD_R2_K175,HOLD_R2_K175,MODERATE,35,PA-H__0197,PA 20:0_20:0,0.00639758572534741,7.850718109034313e-07,COMPUTED,True,False,False,False,0.30857219638826255,0.9341726466812952,0.8971732152464247,PA,0.13310667094001766,,,UNASSIGNED_FALSE_POSITIVE,,,,,,,,,,,,175,R2,HOLD
MODERATE__HOLD_R2_K175,HOLD_R2_K175,MODERATE,36,PA-H__0198,PA 20:0_20:1,8.437370050659587e-05,,NOT_COMPUTED,False,False,False,False,0.2700502904887188,0.7565930817931681,0.6960378383676507,PA,0.447954812251149,,,UNASSIGNED_FALSE_POSITIVE,,,,,,,,,,,,175,R2,HOLD
MODERATE__HOLD_R2_K175,HOLD_R2_K175,MODERATE,37,PA-H__0199,PA 20:0_20:2,4.346631137124072e-07,,NOT_COMPUTED,False,True,True,True,0.2807555140432376,0.7492730089935543,0.6350781709113766,PA,0.49169235917013354,B7_U69_U83,69,spectral_hard_spatial_high,0.7420279146141214,0.7909720853858784,0.7420279146141214,0.7909720853858784,0.1001863763237193,0.39622641509433965,0.08416550006692773,0.0,247,0.9957935034617982,0.5,175,R2,HOLD
MODERATE__HOLD_R2_K175,HOLD_R2_K175,MODERATE,38,PA-H__0200,PA 20:0_20:3,0.01022070756633815,0.0,COMPUTED,True,True,True,True,0.28594755195446475,0.8048190171061798,0.7203920412647556,PA,0.4076195370011738,B5_U53_U107,53,spectral_hard_spatial_low,0.6654942528735632,0.6520853858784894,0.6520853858784894,0.6654942528735632,0.001805667840925386,0.13114754098360656,0.0016250389535571094,0.0,112,-0.18048837864174277,1.4538436095675817,175,R2,HOLD
MODERATE__HOLD_R2_K175,HOLD_R2_K175,MODERATE,39,PA-H__0201,PA 20:0_20:4,0.0,,NOT_COMPUTED,False,True,True,True,0.1645114953783594,0.8957566529041909,0.8619613486853611,PA,0.3424625013635971,B2_U23_U146,146,spectral_hard_spatial_low,0.6574581280788178,0.6583152709359607,0.6574581280788178,0.6583152709359607,0.03686160437306331,0.05925925925925926,0.03539255213324386,0.0,141,-0.4025547907021363,0.7303443264893795,175,R2,HOLD
MODERATE__HOLD_R2_K175,HOLD_R2_K175,MODERATE,40,PA-H__0202,PA 20:0_20:5,0.00023138668903092263,,NOT_COMPUTED,False,False,False,False,0.18367672004065808,0.9361340206999159,0.9175683792240663,PA,0.2139012841901092,,,UNASSIGNED_FALSE_POSITIVE,,,,,,,,,,,,175,R2,HOLD
MODERATE__HOLD_R2_K175,HOLD_R2_K175,MODERATE,41,PA-H__0204,PA 20:0_22:1,0.008317889254643229,0.0,COMPUTED,True,True,True,True,0.3017443733307278,0.7600275012777736,0.7258338470317759,PA,0.3861256918000734,B4_U64_U141,64,spectral_hard_spatial_high,0.7657668308702792,0.7451904761904762,0.7451904761904762,0.7657668308702792,0.04936673211304598,0.11450381679389313,0.04704824842945059,0.0,223,0.9960356756974041,0.689110922829001,175,R2,HOLD
MODERATE__HOLD_R2_K175,HOLD_R2_K175,MODERATE,42,PA-H__0205,PA 20:0_22:2,0.0007195876309167084,,NOT_COMPUTED,False,False,False,False,0.3285634366810597,0.6941352616525697,0.6532726123926598,PA,0.4285593366507624,,,UNASSIGNED_FALSE_POSITIVE,,,,,,,,,,,,175,R2,HOLD
MODERATE__HOLD_R2_K175,HOLD_R2_K175,MODERATE,43,PA-H__0206,PA 20:0_22:3,0.0015068818651047821,0.0,COMPUTED,True,False,False,False,0.3047114646464892,0.6917588469202741,0.6545603952551788,PA,0.45129825021396425,,,UNASSIGNED_FALSE_POSITIVE,,,,,,,,,,,,175,R2,HOLD
MODERATE__HOLD_R2_K175,HOLD_R2_K175,MODERATE,44,PA-H__0207,PA 20:0_22:4,0.004600448072071407,0.0,COMPUTED,True,True,True,True,0.241048023112079,0.8303328039494347,0.811768772008992,PA,0.3429309669132585,,135,singleton_control,,,,,,,,,218,,0.5,175,R2,HOLD
MODERATE__HOLD_R2_K175,HOLD_R2_K175,MODERATE,45,PA-H__0208,PA 20:0_22:5,1.0221307311130921e-06,,NOT_COMPUTED,False,False,False,False,0.18797776572568772,0.9337578006589683,0.9226232034454928,PA,0.19772474199752751,,,UNASSIGNED_FALSE_POSITIVE,,,,,,,,,,,,175,R2,HOLD
MODERATE__HOLD_R2_K175,HOLD_R2_K175,MODERATE,46,PA-H__0209,PA 20:0_22:6,0.00898722430591938,0.0,COMPUTED,True,True,True,True,0.18342642508946627,0.9361340206999159,0.9226232034454928,PA,0.20227608263374897,B7_U134_U159,159,spectral_hard_spatial_low,0.667512315270936,0.6009211822660099,0.6009211822660099,0.667512315270936,2.1721172227822936e-05,0.08571428571428572,2.1577778902626225e-05,0.0,101,-0.12774763670209335,0.5,175,R2,HOLD
MODERATE__HOLD_R2_K175,HOLD_R2_K175,MODERATE,47,PA-H__0217,PA 20:1_20:1,0.015241530136769994,8.468408541270057e-06,COMPUTED,True,True,True,True,0.4231895167566119,0.9753576763078726,0.6587714343940032,PA,0.3291536211973855,B1_U59_U80,80,spectral_hard_spatial_low,0.679983579638752,0.7071789819376026,0.679983579638752,0.7071789819376026,0.031175949260026654,0.07692307692307693,0.6587714343940032,0.9999999999999994,86,-0.20829698475144195,0.5,175,R2,HOLD
MODERATE__HOLD_R2_K175,HOLD_R2_K175,MODERATE,48,PA-H__0218,PA 20:1_20:2,0.0005997480087649849,,NOT_COMPUTED,False,False,False,False,0.4799544894237642,0.9253440230489325,0.6127851649721114,PA,0.31029505444836114,,,UNASSIGNED_FALSE_POSITIVE,,,,,,,,,,,,175,R2,HOLD
MODERATE__HOLD_R2_K175,HOLD_R2_K175,MODERATE,49,PA-H__0219,PA 20:1_20:3,0.0007793174979387967,,NOT_COMPUTED,False,False,False,False,0.2950230689775499,0.8311619582958673,0.670144021014576,PA,0.44720802111394947,,,UNASSIGNED_FALSE_POSITIVE,,,,,,,,,,,,175,R2,HOLD
MODERATE__HOLD_R2_K175,HOLD_R2_K175,MODERATE,50,PA-H__0220,PA 20:1_20:4,0.0017451728669966636,0.0,COMPUTED,True,False,False,False,0.3008190275753367,0.858855563387748,0.7773054894334199,PA,0.3283043117601799,,,UNASSIGNED_FALSE_POSITIVE,,,,,,,,,,,,175,R2,HOLD
MODERATE__HOLD_R2_K175,HOLD_R2_K175,MODERATE,51,PA-H__0222,PA 22:0_20:1,0.011717892830696172,7.682469773635022e-06,COMPUTED,True,True,True,True,0.4020166500263304,0.8495611434984474,0.7558192210470013,PA,0.2527636987135384,,51,singleton_control,,,,,,,,,136,,1.0760213163243861,175,R2,HOLD
MODERATE__HOLD_R2_K175,HOLD_R2_K175,MODERATE,52,PA-H__0223,PA 20:1_22:1,0.005247123061499972,3.532240922887557e-06,COMPUTED,True,True,True,True,0.48292710886676304,0.8982874947005188,0.7105340184716673,PA,0.22073574264275386,B2_U60_U84,60,spectral_hard_spatial_low,0.8323037766830871,0.8063054187192118,0.8063054187192118,0.8323037766830871,0.42933444305322455,0.6511627906976745,0.3192878691885012,0.1211489568896669,390,-0.2325639304394289,0.7802037075442214,175,R2,HOLD
MODERATE__HOLD_R2_K175,HOLD_R2_K175,MODERATE,53,PA-H__0224,PA 20:1_22:2,4.872576948570578e-06,,NOT_COMPUTED,False,False,False,False,0.34352237197995034,0.9019786006016902,0.8163714083818836,PA,0.2340048772270285,,,UNASSIGNED_FALSE_POSITIVE,,,,,,,,,,,,175,R2,HOLD
MODERATE__HOLD_R2_K175,HOLD_R2_K175,MODERATE,54,PA-H__0225,PA 20:1_22:3,0.005218853929902654,0.0,COMPUTED,True,True,True,True,0.33476954438953394,0.8781031661032047,0.8136488404920164,PA,0.24658711409645712,,94,singleton_control,,,,,,,,,319,,1.8682084992203376,175,R2,HOLD
MODERATE__HOLD_R2_K175,HOLD_R2_K175,MODERATE,55,PA-H__0226,PA 20:1_22:4,0.0008925690126280968,,NOT_COMPUTED,False,False,False,False,0.34668458838690386,0.780619943822926,0.7254488250437023,PA,0.3415915206294644,,,UNASSIGNED_FALSE_POSITIVE,,,,,,,,,,,,175,R2,HOLD
MODERATE__HOLD_R2_K175,HOLD_R2_K175,MODERATE,56,PA-H__0227,PA 20:1_22:5,0.01323433773344852,9.499545963809706e-06,COMPUTED,True,True,True,True,0.22030580527220145,0.8930555529932804,0.8753112931195504,PA,0.2632540567277174,B7_U69_U83,83,spectral_hard_spatial_high,0.7420279146141214,0.7909720853858784,0.7420279146141214,0.7909720853858784,0.1001863763237193,0.39622641509433965,0.08416550006692773,0.0,247,0.9957935034617982,2.0,175,R2,HOLD
MODERATE__HOLD_R2_K175,HOLD_R2_K175,MODERATE,57,PA-H__0228,PA 20:1_22:6,0.013446974125710876,0.0,COMPUTED,True,True,True,True,0.23670331410171605,0.9753576763078726,0.8753112931195504,PA,0.2468565478982028,B5_U29_U147,147,spectral_hard_spatial_high,0.7965911330049261,0.8044614121510674,0.7965911330049261,0.8044614121510674,0.4853491220420133,0.3944954128440367,0.30769747932817465,0.0,218,0.9964227342408702,1.0760213163243861,175,R2,HOLD
MODERATE__HOLD_R2_K175,HOLD_R2_K175,MODERATE,58,PA-H__0236,PA 20:2_20:2,0.0002547234050119077,,NOT_COMPUTED,False,False,False,False,0.4107496994340883,0.9505388151236878,0.7219248581633445,PA,0.2812217589121609,,,UNASSIGNED_FALSE_POSITIVE,,,,,,,,,,,,175,R2,HOLD
MODERATE__HOLD_R2_K175,HOLD_R2_K175,MODERATE,59,PA-H__0237,PA 20:2_20:3,1.4087428008728686e-09,,NOT_COMPUTED,False,False,False,False,0.5731558925579161,0.7541480424155057,0.5477421399094071,PA,0.2634913139559546,,,UNASSIGNED_FALSE_POSITIVE,,,,,,,,,,,,175,R2,HOLD
MODERATE__HOLD_R2_K175,HOLD_R2_K175,MODERATE,60,PA-H__0241,PA 22:1_20:2,0.011878640362224756,0.0,COMPUTED,True,True,True,True,0.43337633237958284,0.8789327040599717,0.709852279634953,PA,0.27097424872123554,B2_U60_U84,84,spectral_hard_spatial_low,0.8323037766830871,0.8063054187192118,0.8063054187192118,0.8323037766830871,0.42933444305322455,0.6511627906976745,0.3192878691885012,0.1211489568896669,145,-0.2325639304394289,2.0,175,R2,HOLD
MODERATE__HOLD_R2_K175,HOLD_R2_K175,MODERATE,61,PA-H__0244,PA 20:2_22:4,0.0,,NOT_COMPUTED,False,False,False,False,0.37047771471182533,0.7482238559770684,0.6566445052131067,PA,0.3837225198236953,,,UNASSIGNED_FALSE_POSITIVE,,,,,,,,,,,,175,R2,HOLD
MODERATE__HOLD_R2_K175,HOLD_R2_K175,MODERATE,62,PA-H__0246,PA 20:2_22:6,0.0,,NOT_COMPUTED,False,False,False,False,0.2611282723143124,0.9505388151236878,0.8852934172669955,PA,0.20390459248529008,,,UNASSIGNED_FALSE_POSITIVE,,,,,,,,,,,,175,R2,HOLD
MODERATE__HOLD_R2_K175,HOLD_R2_K175,MODERATE,63,PA-H__0257,PA 22:0_20:3,0.008721920571317246,9.994802436768682e-06,COMPUTED,True,True,True,True,0.4070101497165706,0.700138513759436,0.6042594435163927,PA,0.38977747877753405,,57,singleton_control,,,,,,,,,381,,0.5,175,R2,HOLD
MODERATE__HOLD_R2_K175,HOLD_R2_K175,MODERATE,64,PA-H__0258,PA 22:1_20:3,0.012783534937942063,4.59884653827528e-05,COMPUTED,True,True,True,True,0.47201880717776407,0.8266719825061805,0.6924512402766023,PA,0.24944586960093668,B1_U9_U37,37,spectral_easy_spatial_high,0.15578981937602626,0.15053530377668312,0.15053530377668312,0.15578981937602626,0.0,0.0,0.0,0.0,159,0.9959390505017323,0.5340342571614348,175,R2,HOLD
MODERATE__HOLD_R2_K175,HOLD_R2_K175,MODERATE,65,PA-H__0260,PA 20:3_22:3,0.0,,NOT_COMPUTED,False,False,False,False,0.506993961836033,0.7157981623972003,0.620434407568295,PA,0.2772643794682714,,,UNASSIGNED_FALSE_POSITIVE,,,,,,,,,,,,175,R2,HOLD
MODERATE__HOLD_R2_K175,HOLD_R2_K175,MODERATE,66,PA-H__0261,PA 20:3_22:4,0.00278407930159725,0.0,COMPUTED,True,True,True,True,0.402579539322542,0.7488776965339671,0.7085761609870266,PA,0.3030548023026991,,32,singleton_control,,,,,,,,,85,,0.5,175,R2,HOLD
MODERATE__HOLD_R2_K175,HOLD_R2_K175,MODERATE,67,PA-H__0263,PA 20:3_22:6,0.00010762988109945086,,NOT_COMPUTED,False,False,False,False,0.2764948485403268,0.8594976666654472,0.8481349059300173,PA,0.2532854656872602,,,UNASSIGNED_FALSE_POSITIVE,,,,,,,,,,,,175,R2,HOLD
MODERATE__HOLD_R2_K175,HOLD_R2_K175,MODERATE,68,PA-H__0273,PA 22:0_20:4,0.02466086376364635,3.082436852773879e-06,COMPUTED,True,True,True,True,0.4550397992700734,0.7513055221510871,0.6086104523982676,PA,0.3384293666283728,,30,singleton_control,,,,,,,,,197,,2.0,175,R2,HOLD
MODERATE__HOLD_R2_K175,HOLD_R2_K175,MODERATE,69,PA-H__0274,PA 22:1_20:4,0.0010828612764215162,0.0,COMPUTED,True,False,False,False,0.4982506449670433,0.7912873858859593,0.6692801545595407,PA,0.24475949945411957,,,UNASSIGNED_FALSE_POSITIVE,,,,,,,,,,,,175,R2,HOLD
MODERATE__HOLD_R2_K175,HOLD_R2_K175,MODERATE,70,PA-H__0275,PA 22:2_20:4,0.0029162205118245382,0.0,COMPUTED,True,False,False,False,0.47434523544092577,0.782540752402415,0.5657478608154209,PA,0.35023305555561457,,,UNASSIGNED_FALSE_POSITIVE,,,,,,,,,,,,175,R2,HOLD
MODERATE__HOLD_R2_K175,HOLD_R2_K175,MODERATE,71,PA-H__0276,PA 22:3_20:4,0.001490698159780497,1.1131296273358371e-05,COMPUTED,True,False,False,False,0.5133313032763523,0.857899231006412,0.7294435960195339,PA,0.17070966057456427,,,UNASSIGNED_FALSE_POSITIVE,,,,,,,,,,,,175,R2,HOLD
MODERATE__HOLD_R2_K175,HOLD_R2_K175,MODERATE,72,PA-H__0277,PA 20:4_22:4,0.003414906225547985,5.809024120684859e-07,COMPUTED,True,True,True,True,0.48634054946811606,0.6664725514235691,0.6353761278352141,PA,0.28586225820427874,B3_U13_U90,13,spectral_hard_spatial_high,0.7239244663382594,0.6166551724137932,0.6166551724137932,0.7239244663382594,0.011614059834141753,0.07194244604316546,0.011101103738010792,0.0,180,0.9962595110502747,0.5,175,R2,HOLD
MODERATE__HOLD_R2_K175,HOLD_R2_K175,MODERATE,73,PA-H__0278,PA 20:4_22:5,1.6508579881971305e-07,,NOT_COMPUTED,False,False,False,False,0.3445703765702606,0.8204180243532724,0.7982095721390224,PA,0.25780946949502626,,,UNASSIGNED_FALSE_POSITIVE,,,,,,,,,,,,175,R2,HOLD
MODERATE__HOLD_R2_K175,HOLD_R2_K175,MODERATE,74,PA-H__0279,PA 20:4_22:6,0.0,,NOT_COMPUTED,False,False,False,False,0.27117341147389906,0.8204180243532724,0.7982095721390224,PA,0.33120643459138777,,,UNASSIGNED_FALSE_POSITIVE,,,,,,,,,,,,175,R2,HOLD
MODERATE__HOLD_R2_K175,HOLD_R2_K175,MODERATE,75,PA-H__0289,PA 22:1_20:5,0.0060307325591691645,1.3165820815998192e-05,COMPUTED,True,True,True,True,0.35373566324826666,0.8941830868357824,0.811451302003605,PA,0.2306843778836697,B5_U81_U105,81,spectral_hard_spatial_high,0.7206288998357964,0.7457405582922824,0.7206288998357964,0.7457405582922824,0.08345586956895017,0.05442176870748299,0.08266818987422711,0.12074806658205942,247,0.9954161202958837,0.5,175,R2,HOLD
MODERATE__HOLD_R2_K175,HOLD_R2_K175,MODERATE,76,PA-H__0344,PA 22:3_22:6,0.0020437251046349037,9.039780261618744e-07,COMPUTED,True,False,False,False,0.27640168722125424,0.8781031661032047,0.8510618155395758,PA,0.24866381929243875,,,UNASSIGNED_FALSE_POSITIVE,,,,,,,,,,,,175,R2,HOLD
MODERATE__HOLD_R2_K175,HOLD_R2_K175,MODERATE,77,PA-H__0353,PA 22:4_22:5,0.0002874463284038077,,NOT_COMPUTED,False,False,False,False,0.3689568116282089,0.8791048786261756,0.824277161053695,PA,0.19722969630469922,,,UNASSIGNED_FALSE_POSITIVE,,,,,,,,,,,,175,R2,HOLD
MODERATE__HOLD_R2_K175,HOLD_R2_K175,MODERATE,78,PA-H__0354,PA 22:4_22:6,0.004668362583483254,1.4125866521004267e-05,COMPUTED,True,False,False,False,0.21443724145284473,0.8791048786261756,0.824277161053695,PA,0.35174926648006344,,,UNASSIGNED_FALSE_POSITIVE,,,,,,,,,,,,175,R2,HOLD
MODERATE__HOLD_R2_K175,HOLD_R2_K175,MODERATE,79,PA-H__0362,PA 22:5_22:5,0.007984264477593199,9.069830308894975e-07,COMPUTED,True,True,True,True,0.37471749963267753,0.9264320052062154,0.8877391609823168,PA,0.08562930665407442,,65,singleton_control,,,,,,,,,287,,0.8939526432607221,175,R2,HOLD
MODERATE__HOLD_R2_K175,HOLD_R2_K175,MODERATE,80,PA-H__0363,PA 22:5_22:6,0.00084100721824757,,NOT_COMPUTED,False,False,False,False,0.2059912863450382,0.9264320052062154,0.8877391609823168,PA,0.2543555199417138,,,UNASSIGNED_FALSE_POSITIVE,,,,,,,,,,,,175,R2,HOLD
MODERATE__HOLD_R2_K175,HOLD_R2_K175,MODERATE,81,PA-H__0371,PA 22:6_22:6,0.01721028492855397,5.8734606346144284e-05,COMPUTED,True,True,True,True,0.5618631902016936,0.691000163096786,0.6634502848656465,PA,0.18635717808006635,B2_U7_U22,7,spectral_easy_spatial_high,0.16836124794745483,0.15682101806239737,0.15682101806239737,0.16836124794745483,0.0,0.0,0.0,0.0,136,0.9833781955801629,2.0,175,R2,HOLD
MODERATE__HOLD_R2_K175,HOLD_R2_K175,MODERATE,82,PS-H__0036,PS 14:0_20:0,0.021291337395535827,0.00011451977060733233,COMPUTED,True,True,True,True,0.6390062445975,0.6039215648852556,0.5917821634870438,PS,0.16709168430356958,,5,singleton_control,,,,,,,,,361,,2.0,175,R2,HOLD
MODERATE__HOLD_R2_K175,HOLD_R2_K175,MODERATE,83,PS-H__0037,PS 14:0_20:1,0.00013685332944240547,,NOT_COMPUTED,False,False,False,False,0.6452509214029478,0.5669019742880855,0.5507237251352834,PS,0.1894366719953947,,,UNASSIGNED_FALSE_POSITIVE,,,,,,,,,,,,175,R2,HOLD
MODERATE__HOLD_R2_K175,HOLD_R2_K175,MODERATE,84,PS-H__0042,PS 14:0_22:0,0.02017429197863019,0.0004914963009632897,COMPUTED,True,True,True,True,0.755911282254363,0.4966771953016806,0.42064733146849337,PS,0.15131295823331015,B7_U17_U99,17,spectral_easy_spatial_low,0.2009326765188834,0.19224958949096882,0.19224958949096882,0.2009326765188834,0.0,0.0,0.0,0.0,145,-0.18088464401014437,2.0,175,R2,HOLD
MODERATE__HOLD_R2_K175,HOLD_R2_K175,MODERATE,85,PS-H__0043,PS 14:0_22:1,4.038347505939111e-07,,NOT_COMPUTED,False,False,False,False,0.7566456616873307,0.5529261261358074,0.3776688339649247,PS,0.1692950771569941,,,UNASSIGNED_FALSE_POSITIVE,,,,,,,,,,,,175,R2,HOLD
MODERATE__HOLD_R2_K175,HOLD_R2_K175,MODERATE,86,PS-H__0044,PS 14:0_22:2,0.004002406633837079,2.118962479419357e-06,COMPUTED,True,True,True,True,0.4826107446087538,0.6351598729298585,0.8421239646187574,PS,0.056673251273551106,B4_U25_U52,25,spectral_easy_spatial_low,0.33451067323481115,0.16996387520525452,0.16996387520525452,0.33451067323481115,0.0,0.0,0.0,0.0,81,-0.22693333239390043,0.5,175,R2,HOLD
MODERATE__HOLD_R2_K175,HOLD_R2_K175,MODERATE,87,PS-H__0045,PS 14:0_22:3,0.002837950853035412,0.0,COMPUTED,True,False,False,False,0.41601375018608094,0.6266366484273417,0.8392569801595195,PS,0.12772122317274553,,,UNASSIGNED_FALSE_POSITIVE,,,,,,,,,,,,175,R2,HOLD
MODERATE__HOLD_R2_K175,HOLD_R2_K175,MODERATE,88,PS-H__0046,PS 14:0_22:4,0.012908935863683699,3.1928975001585555e-05,COMPUTED,True,True,True,True,0.3282929959935041,0.543623575220217,0.9003462122557829,PS,0.10688133467946276,,36,singleton_control,,,,,,,,,244,,2.0,175,R2,HOLD
MODERATE__HOLD_R2_K175,HOLD_R2_K175,MODERATE,89,PS-H__0058,PS 16:0_18:0,0.0009107447809568152,,NOT_COMPUTED,False,False,False,False,0.5338078555993598,0.5969269143482696,0.5956843784845582,PS,0.2694107455482141,,,UNASSIGNED_FALSE_POSITIVE,,,,,,,,,,,,175,R2,HOLD
MODERATE__HOLD_R2_K175,HOLD_R2_K175,MODERATE,90,PS-H__0059,PS 16:0_18:1,0.0013257516956770746,1.1563166472750106e-06,COMPUTED,True,False,False,False,0.47547241841180754,0.6012836678060572,0.6004958373364375,PS,0.3241554633817245,,,UNASSIGNED_FALSE_POSITIVE,,,,,,,,,,,,175,R2,HOLD
MODERATE__HOLD_R2_K175,HOLD_R2_K175,MODERATE,91,PS-H__0060,PS 16:0_18:2,2.027499043613403e-08,,NOT_COMPUTED,False,False,False,False,0.6781582371045598,0.5040174672653055,0.5002817714157587,PS,0.18770442474725524,,,UNASSIGNED_FALSE_POSITIVE,,,,,,,,,,,,175,R2,HOLD
MODERATE__HOLD_R2_K175,HOLD_R2_K175,MODERATE,92,PS-H__0062,PS 16:0_20:0,0.012563633980141866,0.00010095089836141701,COMPUTED,True,False,False,False,0.5982023461058829,0.4966771953016806,0.46881418646450934,PS,0.2850944661659719,,,UNASSIGNED_FALSE_POSITIVE,,,,,,,,,,,,175,R2,HOLD
MODERATE__HOLD_R2_K175,HOLD_R2_K175,MODERATE,93,PS-H__0063,PS 16:0_20:1,0.0002993425435597322,,NOT_COMPUTED,False,False,False,False,0.438433265063827,0.6697914449178625,0.6641534926990753,PS,0.30916297498531836,,,UNASSIGNED_FALSE_POSITIVE,,,,,,,,,,,,175,R2,HOLD
MODERATE__HOLD_R2_K175,HOLD_R2_K175,MODERATE,94,PS-H__0064,PS 16:0_20:2,1.6185999127308526e-07,,NOT_COMPUTED,False,False,False,False,0.4254264414636681,0.6085440292908172,0.6058878288272445,PS,0.3701236442499894,,,UNASSIGNED_FALSE_POSITIVE,,,,,,,,,,,,175,R2,HOLD
MODERATE__HOLD_R2_K175,HOLD_R2_K175,MODERATE,95,PS-H__0065,PS 16:0_20:3,0.001020806745379876,4.556053597908712e-06,COMPUTED,True,True,True,True,0.31718607034211305,0.6379581944357362,0.8388893290291434,PS,0.2271159539431486,B2_U4_U74,74,spectral_hard_spatial_high,0.753344827586207,0.5892348111658455,0.5892348111658455,0.753344827586207,0.01665433679041212,0.07518796992481203,0.011413113317677605,0.0,237,0.9961806289925322,0.5,175,R2,HOLD
MODERATE__HOLD_R2_K175,HOLD_R2_K175,MODERATE,96,PS-H__0066,PS 16:0_20:4,0.0017219286036427228,0.0,COMPUTED,True,False,False,False,0.28261631942641324,0.543623575220217,0.9003462122557829,PS,0.1525580112465536,,,UNASSIGNED_FALSE_POSITIVE,,,,,,,,,,,,175,R2,HOLD
MODERATE__HOLD_R2_K175,HOLD_R2_K175,MODERATE,97,PS-H__0067,PS 16:0_20:5,0.003511848864698803,0.0,COMPUTED,True,True,True,True,0.4925110672748304,0.5885323920958705,0.6553924750820541,PS,0.2627774230424914,,14,singleton_control,,,,,,,,,339,,0.5340342571614348,175,R2,HOLD
MODERATE__HOLD_R2_K175,HOLD_R2_K175,MODERATE,98,PS-H__0083,PS 18:0_16:1,0.004541283935371986,7.405994539647638e-07,COMPUTED,True,True,True,True,0.4974005788167513,0.5669019742880855,0.5507237251352834,PS,0.3372870145815912,B5_U15_U96,15,spectral_easy_spatial_low,0.22036124794745482,0.2168210180623974,0.2168210180623974,0.22036124794745482,0.0,0.0,0.0,0.0,227,-0.3205481235966365,0.689110922829001,175,R2,HOLD
MODERATE__HOLD_R2_K175,HOLD_R2_K175,MODERATE,99,PS-H__0084,PS 16:1_18:1,2.376738047844617e-06,,NOT_COMPUTED,False,False,False,False,0.5162932804885375,0.7088748688362516,0.7013033019364238,PS,0.1965697348889397,,,UNASSIGNED_FALSE_POSITIVE,,,,,,,,,,,,175,R2,HOLD
MODERATE__HOLD_R2_K175,HOLD_R2_K175,MODERATE,100,PS-H__0087,PS 20:0_16:1,0.0056981022613223865,1.450372258522004e-05,COMPUTED,True,True,True,True,0.49681824282241865,0.5478869149773706,0.5411661615055257,PS,0.34409744001467496,B3_U24_U71,24,spectral_easy_spatial_low,0.21500985221674876,0.1539638752052545,0.1539638752052545,0.21500985221674876,0.0,0.0,0.0,0.0,197,-0.15993526896655974,0.6170676298438253,175,R2,HOLD
MODERATE__HOLD_R2_K175,HOLD_R2_K175,MODERATE,101,PS-H__0088,PS 16:1_20:1,0.019106073696530477,6.881781937325104e-05,COMPUTED,True,True,True,True,0.4129541991564398,0.5415506422933887,0.8421239646187574,PS,0.12632979672586508,B5_U29_U147,29,spectral_hard_spatial_high,0.7965911330049261,0.8044614121510674,0.7965911330049261,0.8044614121510674,0.4853491220420133,0.3944954128440367,0.30769747932817465,0.0,218,0.9964227342408702,2.0,175,R2,HOLD
MODERATE__HOLD_R2_K175,HOLD_R2_K175,MODERATE,102,PS-H__0089,PS 16:1_20:2,1.940030427945415e-07,,NOT_COMPUTED,False,False,False,False,0.399126245510874,0.563048838323171,0.8392569801595195,PS,0.14460872784795248,,,UNASSIGNED_FALSE_POSITIVE,,,,,,,,,,,,175,R2,HOLD
MODERATE__HOLD_R2_K175,HOLD_R2_K175,MODERATE,103,PS-H__0090,PS 16:1_20:3,0.014468958098535547,4.360964581295399e-06,COMPUTED,True,True,True,True,0.34984059386853866,0.5074650921831881,0.8789619070758706,PS,0.12705139171053204,B7_U47_U115,47,spectral_hard_spatial_high,0.7173612479474549,0.7259195402298851,0.7173612479474549,0.7259195402298851,0.04535930018705837,0.1794871794871795,0.024301483593310788,0.0,316,0.9961563659633226,1.2101381550740857,175,R2,HOLD
MODERATE__HOLD_R2_K175,HOLD_R2_K175,MODERATE,104,PS-H__0091,PS 16:1_20:4,0.02224730768728474,0.0002575250767698347,COMPUTED,True,True,True,True,0.6316414058973379,0.55604981646135,0.6553924750820541,PS,0.12364708441998395,B1_U3_U136,3,spectral_easy_spatial_high,0.20836124794745484,0.2082495894909688,0.2082495894909688,0.20836124794745484,0.0,0.0,0.0,0.0,141,0.9819920928165091,2.0,175,R2,HOLD
MODERATE__HOLD_R2_K175,HOLD_R2_K175,MODERATE,105,PS-H__0107,PS 18:0_18:0,0.009696510106942969,0.0,COMPUTED,True,True,True,True,0.4331045541325963,0.7822407069839156,0.7805572307978421,PS,0.19197976773862468,B4_U31_U61,61,spectral_easy_spatial_low,0.1672183908045977,0.15510673234811168,0.15510673234811168,0.1672183908045977,0.0,0.0,0.0,0.0,109,-0.29095927378783115,2.0,175,R2,HOLD
MODERATE__HOLD_R2_K175,HOLD_R2_K175,MODERATE,106,PS-H__0108,PS 18:0_18:1,0.0007324589207316328,,NOT_COMPUTED,False,False,False,False,0.5024918162288118,0.5824944035603653,0.5811253535349179,PS,0.31132224329517844,,,UNASSIGNED_FALSE_POSITIVE,,,,,,,,,,,,175,R2,HOLD
MODERATE__HOLD_R2_K175,HOLD_R2_K175,MODERATE,107,PS-H__0109,PS 18:0_18:2,9.896775980123009e-05,,NOT_COMPUTED,False,False,False,False,0.541157843513578,0.6351598729298585,0.6058878288272445,PS,0.2543922422000795,,,UNASSIGNED_FALSE_POSITIVE,,,,,,,,,,,,175,R2,HOLD
MODERATE__HOLD_R2_K175,HOLD_R2_K175,MODERATE,108,PS-H__0110,PS 18:0_18:3,0.021324125888116975,2.3540397154706286e-05,COMPUTED,True,True,True,True,0.5738266720137706,0.6379581944357362,0.5450127737114232,PS,0.264601068755451,B1_U18_U144,18,spectral_easy_spatial_low,0.20493267651888342,0.2025353037766831,0.2025353037766831,0.20493267651888342,0.0,0.0,0.0,0.0,260,-0.22266067809064802,2.0,175,R2,HOLD
MODERATE__HOLD_R2_K175,HOLD_R2_K175,MODERATE,109,PS-H__0131,PS 18:1_18:1,0.0007843970811008533,,NOT_COMPUTED,False,False,False,False,0.40966522110944875,0.7550139637638565,0.7530106946391664,PS,0.24834305677088325,,,UNASSIGNED_FALSE_POSITIVE,,,,,,,,,,,,175,R2,HOLD
MODERATE__HOLD_R2_K175,HOLD_R2_K175,MODERATE,110,PS-H__0132,PS 18:1_18:2,0.0021964271597269256,1.0391090352761996e-05,COMPUTED,True,False,False,False,0.5035381539353998,0.5475678123279634,0.5450127737114232,PS,0.33488958683382175,,,UNASSIGNED_FALSE_POSITIVE,,,,,,,,,,,,175,R2,HOLD
MODERATE__HOLD_R2_K175,HOLD_R2_K175,MODERATE,111,PS-H__0133,PS 18:1_18:3,0.005879416603765812,3.962586906774462e-05,COMPUTED,True,True,True,True,0.6381277857367744,0.5253007492314473,0.484962105391494,PS,0.23640738012806917,B2_U23_U146,23,spectral_hard_spatial_low,0.6574581280788178,0.6583152709359607,0.6574581280788178,0.6583152709359607,0.03686160437306331,0.05925925925925926,0.03539255213324386,0.0,236,-0.4025547907021363,0.5340342571614348,175,R2,HOLD
MODERATE__HOLD_R2_K175,HOLD_R2_K175,MODERATE,112,PS-H__0154,PS 18:2_18:2,0.008879506939838192,3.8289691464810314e-08,COMPUTED,True,False,False,False,0.48970262007816334,0.7776225381848841,0.7708922887506152,PS,0.14726290422031718,,,UNASSIGNED_FALSE_POSITIVE,,,,,,,,,,,,175,R2,HOLD
MODERATE__HOLD_R2_K175,HOLD_R2_K175,MODERATE,113,PS-H__0456,PS 17:0_18:1,0.005931290566875162,4.115811498245411e-05,COMPUTED,True,True,True,True,0.6537549379034493,0.5358578664393875,0.5369671105815844,PS,0.1898482402281083,B2_U4_U74,4,spectral_hard_spatial_high,0.753344827586207,0.5892348111658455,0.5892348111658455,0.753344827586207,0.01665433679041212,0.07518796992481203,0.011413113317677605,0.0,237,0.9961806289925322,0.5,175,R2,HOLD
MODERATE__HOLD_R2_K175,HOLD_R2_K175,MODERATE,114,PS-H__0457,PS 17:0_18:2,1.1321571062211305e-08,,NOT_COMPUTED,False,False,False,False,0.8592744291053689,0.42774736234787014,0.42497146944658676,PS,0.04593231532178621,,,UNASSIGNED_FALSE_POSITIVE,,,,,,,,,,,,175,R2,HOLD
MODERATE__HOLD_R2_K175,HOLD_R2_K175,MODERATE,115,PS-H__0477,PS 18:0_17:1,0.005487395316333671,2.0657100790800923e-06,COMPUTED,True,True,True,True,0.5700329198506149,0.552158066910196,0.5504258614480149,PS,0.2648511266188399,B6_U16_U150,16,spectral_hard_spatial_high,0.8016518883415436,0.8704121510673235,0.8016518883415436,0.8704121510673235,0.5488475814049499,0.40594059405940597,0.548527025020696,0.42361641273681017,227,0.9969998750345056,0.5,175,R2,HOLD
MODERATE__HOLD_R2_K175,HOLD_R2_K175,MODERATE,116,PE-H__0069,PE 16:0_22:1,0.008310344574265034,1.681286842590924e-06,COMPUTED,True,True,True,True,0.20454583643989277,0.8508967724619106,0.8469294720807093,PE,0.32715941021570594,,151,singleton_control,,,,,,,,,109,,1.4538436095675817,175,R2,HOLD
MODERATE__HOLD_R2_K175,HOLD_R2_K175,MODERATE,117,PE-H__0070,PE 16:0_22:2,0.008572393627561233,0.0,COMPUTED,True,True,True,True,0.1886425381510025,0.8572487991575071,0.8549196417105,PE,0.3301179135196991,,112,singleton_control,,,,,,,,,133,,2.0,175,R2,HOLD
MODERATE__HOLD_R2_K175,HOLD_R2_K175,MODERATE,118,PE-H__0071,PE 16:0_22:3,0.003766603301526406,4.739996672237701e-07,COMPUTED,True,False,False,False,0.17057139729731954,0.8795843067259717,0.8777723219286147,PE,0.3085066243818726,,,UNASSIGNED_FALSE_POSITIVE,,,,,,,,,,,,175,R2,HOLD
MODERATE__HOLD_R2_K175,HOLD_R2_K175,MODERATE,119,PE-H__0072,PE 16:0_22:4,0.004483276060785876,0.0,COMPUTED,True,True,True,True,0.15895469448868532,0.9923755383909935,0.9175531099957062,PE,0.2386585476665622,,145,singleton_control,,,,,,,,,163,,2.0,175,R2,HOLD
MODERATE__HOLD_R2_K175,HOLD_R2_K175,MODERATE,120,PE-H__0073,PE 16:0_22:5,0.0014696862065256265,0.0,COMPUTED,True,False,False,False,0.20118322550403206,0.989185985750406,0.9054249265947024,PE,0.22332319647445553,,,UNASSIGNED_FALSE_POSITIVE,,,,,,,,,,,,175,R2,HOLD
MODERATE__HOLD_R2_K175,HOLD_R2_K175,MODERATE,121,PE-H__0074,PE 16:0_22:6,8.020462155296939e-08,,NOT_COMPUTED,False,False,False,False,0.314182126552006,0.9755490303044848,0.7991402195004995,PE,0.28696253954484413,,,UNASSIGNED_FALSE_POSITIVE,,,,,,,,,,,,175,R2,HOLD
MODERATE__HOLD_R2_K175,HOLD_R2_K175,MODERATE,122,PE-H__0079,PE 16:0_24:4,0.0013233632755465252,7.666901413133331e-08,COMPUTED,True,False,False,False,0.20377617848089738,0.9122851422164004,0.9087919461652159,PE,0.21347338543168412,,,UNASSIGNED_FALSE_POSITIVE,,,,,,,,,,,,175,R2,HOLD
MODERATE__HOLD_R2_K175,HOLD_R2_K175,MODERATE,123,PE-H__0080,PE 16:0_24:5,0.006167000332695835,5.7319526236096606e-06,COMPUTED,True,True,True,True,0.21271686018449112,0.9348240213453116,0.9300862052110084,PE,0.1546244672974381,B2_U88_U158,158,spectral_easy_spatial_high,0.28778981937602627,0.265392446633826,0.265392446633826,0.28778981937602627,0.0,0.0,0.0,0.0,246,0.9857523292651524,0.5,175,R2,HOLD
MODERATE__HOLD_R2_K175,HOLD_R2_K175,MODERATE,124,PE-H__0081,PE 16:0_24:6,0.017167033145199125,0.0,COMPUTED,True,True,True,True,0.354462542162506,0.9120817497666402,0.8867746988906713,PE,0.1077393979106176,,38,singleton_control,,,,,,,,,133,,2.0,175,R2,HOLD
MODERATE__HOLD_R2_K175,HOLD_R2_K175,MODERATE,125,PE-H__0093,PE 22:0_16:1,0.01813553646537931,9.258871224759048e-06,COMPUTED,True,True,True,True,0.4791490094759039,0.8206488603123235,0.734706930781155,PE,0.1992356350010589,B2_U7_U22,22,spectral_easy_spatial_high,0.16836124794745483,0.15682101806239737,0.15682101806239737,0.16836124794745483,0.0,0.0,0.0,0.0,136,0.9833781955801629,2.0,175,R2,HOLD
MODERATE__HOLD_R2_K175,HOLD_R2_K175,MODERATE,126,PE-H__0094,PE 16:1_22:1,0.0033858408618904507,0.0,COMPUTED,True,True,True,True,0.29634414058106057,0.6962164662208943,0.6758005235637231,PE,0.4407404219699385,B2_U70_U101,70,spectral_easy_spatial_low,0.20378981937602628,0.20139244663382594,0.20139244663382594,0.20378981937602628,0.0,0.0,0.0,0.0,371,-0.13499395884195403,1.0000000000000002,175,R2,HOLD
MODERATE__HOLD_R2_K175,HOLD_R2_K175,MODERATE,127,PE-H__0095,PE 16:1_22:2,0.00992098822502527,0.0,COMPUTED,True,False,False,False,0.1902046504564912,0.8370713096641478,0.8327039416825855,PE,0.3635138208863791,,,UNASSIGNED_FALSE_POSITIVE,,,,,,,,,,,,175,R2,HOLD
MODERATE__HOLD_R2_K175,HOLD_R2_K175,MODERATE,128,PE-H__0096,PE 16:1_22:3,0.019523852871688042,0.0,COMPUTED,True,True,True,True,0.12325824954460242,0.9816952449555878,0.9452978564848522,PE,0.20295021528294271,B6_U131_U143,143,spectral_hard_spatial_high,0.7625665024630542,0.8978866995073893,0.7625665024630542,0.8978866995073893,0.9380238526123156,0.14285714285714285,0.937970170357238,0.0,86,0.9956457060495213,2.0,175,R2,HOLD
MODERATE__HOLD_R2_K175,HOLD_R2_K175,MODERATE,129,PE-H__0097,PE 16:1_22:4,0.003600333414442284,3.853548537534618e-06,COMPUTED,True,True,True,True,0.11707440620301834,0.9872300880237134,0.9606032362588356,PE,0.16084900498979865,,175,singleton_control,,,,,,,,,93,,0.5,175,R2,HOLD
MODERATE__HOLD_R2_K175,HOLD_R2_K175,MODERATE,130,PE-H__0098,PE 16:1_22:5,0.014365304314015562,1.9352972434442627e-07,COMPUTED,True,False,False,False,0.16815322958457346,0.9821921171688058,0.9172143942259908,PE,0.23024074002923567,,,UNASSIGNED_FALSE_POSITIVE,,,,,,,,,,,,175,R2,HOLD
MODERATE__HOLD_R2_K175,HOLD_R2_K175,MODERATE,131,PE-H__0099,PE 16:1_22:6,0.015009478076237804,1.152750561753289e-06,COMPUTED,True,True,True,True,0.2519478993591113,0.9780045750710121,0.9234151866260575,PE,0.13185464506752925,,121,singleton_control,,,,,,,,,139,,2.0,175,R2,HOLD
MODERATE__HOLD_R2_K175,HOLD_R2_K175,MODERATE,132,PE-H__0111,PE 18:0_20:0,0.001606465951984371,4.673404737589769e-07,COMPUTED,True,False,False,False,0.40021591861516753,0.8568501347183278,0.7562161979702491,PE,0.2541059149861736,,,UNASSIGNED_FALSE_POSITIVE,,,,,,,,,,,,175,R2,HOLD
MODERATE__HOLD_R2_K175,HOLD_R2_K175,MODERATE,133,PE-H__0112,PE 18:0_20:1,0.022834072534670423,3.6307135655864003e-06,COMPUTED,True,True,True,True,0.25393425517668783,0.9625905679777863,0.9005810898095516,PE,0.1807537946676117,B7_U17_U99,99,spectral_easy_spatial_low,0.2009326765188834,0.19224958949096882,0.19224958949096882,0.2009326765188834,0.0,0.0,0.0,0.0,224,-0.18088464401014437,2.0,175,R2,HOLD
MODERATE__HOLD_R2_K175,HOLD_R2_K175,MODERATE,134,PE-H__0113,PE 18:0_20:2,0.005978934262000208,1.5053116757626768e-06,COMPUTED,True,False,False,False,0.20640637141641593,0.9682389481430238,0.9448656056104635,PE,0.12105200354805495,,,UNASSIGNED_FALSE_POSITIVE,,,,,,,,,,,,175,R2,HOLD
MODERATE__HOLD_R2_K175,HOLD_R2_K175,MODERATE,135,PE-H__0114,PE 18:0_20:3,0.0069875426910161655,5.711743820187409e-07,COMPUTED,True,True,True,True,0.19168425851262216,0.9604368385083139,0.9433762539768673,PE,0.1400403915099126,B4_U126_U171,126,spectral_hard_spatial_low,0.7525139573070609,0.8976781609195403,0.7525139573070609,0.8976781609195403,0.9530974698768908,0.2777777777777778,0.9371554697692689,0.0,102,-0.1567198845147421,0.6170676298438253,175,R2,HOLD
MODERATE__HOLD_R2_K175,HOLD_R2_K175,MODERATE,136,PE-H__0115,PE 18:0_20:4,0.0042802838056373626,0.0,COMPUTED,True,False,False,False,0.22953824843435902,0.9681638035480906,0.9143115872726723,PE,0.17547325927736837,,,UNASSIGNED_FALSE_POSITIVE,,,,,,,,,,,,175,R2,HOLD
MODERATE__HOLD_R2_K175,HOLD_R2_K175,MODERATE,137,PE-H__0116,PE 18:0_20:5,0.011631689577714302,3.96352075016466e-06,COMPUTED,True,True,True,True,0.4239120961696826,0.9850297730134422,0.6681402735052041,PE,0.320123235599173,,128,singleton_control,,,,,,,,,216,,2.0,175,R2,HOLD
MODERATE__HOLD_R2_K175,HOLD_R2_K175,MODERATE,138,PE-H__0120,PE 18:0_22:3,0.0009251230107567138,,NOT_COMPUTED,False,False,False,False,0.13894652703571336,0.9701015028997059,0.9625813127302882,PE,0.13204649203015678,,,UNASSIGNED_FALSE_POSITIVE,,,,,,,,,,,,175,R2,HOLD
MODERATE__HOLD_R2_K175,HOLD_R2_K175,MODERATE,139,PE-H__0121,PE 18:0_22:4,0.00014105947515471282,,NOT_COMPUTED,False,False,False,False,0.18017532391550736,0.9584828806991764,0.9476228644253383,PE,0.1392161393679012,,,UNASSIGNED_FALSE_POSITIVE,,,,,,,,,,,,175,R2,HOLD
MODERATE__HOLD_R2_K175,HOLD_R2_K175,MODERATE,140,PE-H__0122,PE 18:0_22:5,0.000587753394817139,,NOT_COMPUTED,False,False,False,False,0.21456025597759804,0.9193711031721301,0.901852911837853,PE,0.21748294256808653,,,UNASSIGNED_FALSE_POSITIVE,,,,,,,,,,,,175,R2,HOLD
MODERATE__HOLD_R2_K175,HOLD_R2_K175,MODERATE,141,PE-H__0123,PE 18:0_22:6,0.007295135163873331,0.0,COMPUTED,True,False,False,False,0.3578455473352584,0.8518939235283789,0.8004891666672417,PE,0.2415016759405193,,,UNASSIGNED_FALSE_POSITIVE,,,,,,,,,,,,175,R2,HOLD
MODERATE__HOLD_R2_K175,HOLD_R2_K175,MODERATE,142,PE-H__0134,PE 20:0_18:1,0.006032935336564392,1.0255072140029366e-18,COMPUTED,True,False,False,False,0.4201460661155732,0.9552207873236039,0.7397008730161401,PE,0.25278975434516,,,UNASSIGNED_FALSE_POSITIVE,,,,,,,,,,,,175,R2,HOLD
MODERATE__HOLD_R2_K175,HOLD_R2_K175,MODERATE,143,PE-H__0135,PE 18:1_20:1,0.001969626320383946,0.0,COMPUTED,True,False,False,False,0.3563849153816259,0.8094724455380994,0.7393804801889361,PE,0.31690291720973934,,,UNASSIGNED_FALSE_POSITIVE,,,,,,,,,,,,175,R2,HOLD
MODERATE__HOLD_R2_K175,HOLD_R2_K175,MODERATE,144,PE-H__0136,PE 18:1_20:2,0.0,,NOT_COMPUTED,False,True,True,True,0.23433578314102768,0.9251187567839819,0.8989316145711029,PE,0.20375319449318544,,142,singleton_control,,,,,,,,,352,,0.7303443264893795,175,R2,HOLD
MODERATE__HOLD_R2_K175,HOLD_R2_K175,MODERATE,145,PE-H__0137,PE 18:1_20:3,0.004843810373695711,1.8862953519065038e-06,COMPUTED,True,False,False,False,0.17948687007626737,0.9658056478918986,0.9200954043558142,PE,0.2122074583015007,,,UNASSIGNED_FALSE_POSITIVE,,,,,,,,,,,,175,R2,HOLD
MODERATE__HOLD_R2_K175,HOLD_R2_K175,MODERATE,146,PE-H__0138,PE 18:1_20:4,0.004374461034627106,0.0,COMPUTED,True,False,False,False,0.23301651126656459,0.9304715731040568,0.9055947706552474,PE,0.1911274635366499,,,UNASSIGNED_FALSE_POSITIVE,,,,,,,,,,,,175,R2,HOLD
MODERATE__HOLD_R2_K175,HOLD_R2_K175,MODERATE,147,PE-H__0139,PE 18:1_20:5,0.00581194591256826,1.4855501980094707e-06,COMPUTED,True,True,True,True,0.3998586987063159,0.9724669479844656,0.7719148349631345,PE,0.2358672544872255,,97,singleton_control,,,,,,,,,212,,0.6170676298438253,175,R2,HOLD
MODERATE__HOLD_R2_K175,HOLD_R2_K175,MODERATE,148,PE-H__0142,PE 18:1_22:2,0.009772572814652918,8.211339564435494e-06,COMPUTED,True,True,True,True,0.12985107942569446,0.9248799886279087,0.9149312581224509,PE,0.2737586242615052,B6_U98_U173,173,spectral_hard_spatial_low,0.8597422003284073,0.8148932676518884,0.8148932676518884,0.8597422003284073,0.30495556103333243,0.09420289855072464,0.25432212290238715,4.209341811130732e-09,329,-0.22379449192543582,0.689110922829001,175,R2,HOLD
MODERATE__HOLD_R2_K175,HOLD_R2_K175,MODERATE,149,PE-H__0143,PE 18:1_22:3,0.01601928235404389,1.4429918272546136e-07,COMPUTED,True,True,True,True,0.10400557506001402,0.9605256779361461,0.9604944850033889,PE,0.1742934444820513,,153,singleton_control,,,,,,,,,119,,0.7802037075442214,175,R2,HOLD
MODERATE__HOLD_R2_K175,HOLD_R2_K175,MODERATE,150,PE-H__0144,PE 18:1_22:4,0.008717573513408612,0.0,COMPUTED,True,True,True,True,0.11052846478170081,0.969840644646915,0.9692319381472975,PE,0.13562077871750905,B7_U134_U159,134,spectral_hard_spatial_low,0.667512315270936,0.6009211822660099,0.6009211822660099,0.667512315270936,2.1721172227822936e-05,0.08571428571428572,2.1577778902626225e-05,0.0,321,-0.12774763670209335,0.8939526432607221,175,R2,HOLD
MODERATE__HOLD_R2_K175,HOLD_R2_K175,MODERATE,151,PE-H__0145,PE 18:1_22:5,0.01900884343790546,1.4618907613434588e-08,COMPUTED,True,True,True,True,0.19163429981325247,0.9256344671279978,0.9143053215661409,PE,0.2133913524062529,,108,singleton_control,,,,,,,,,331,,1.4538436095675817,175,R2,HOLD
MODERATE__HOLD_R2_K175,HOLD_R2_K175,MODERATE,152,PE-H__0146,PE 18:1_22:6,0.001954726546326456,0.0,COMPUTED,True,True,True,True,0.3159564682544253,0.8033916799379116,0.7760340770949737,PE,0.3147345109004634,B6_U67_U77,67,spectral_easy_spatial_low,0.21236124794745484,0.20196387520525452,0.20196387520525452,0.21236124794745484,0.0,0.0,0.0,0.0,163,-0.20848187841960042,0.5340342571614348,175,R2,HOLD
MODERATE__HOLD_R2_K175,HOLD_R2_K175,MODERATE,153,PE-H__0156,PE 20:0_18:2,0.0022508672511607256,0.0,COMPUTED,True,False,False,False,0.3689127363796803,0.9407978177228559,0.8058240226878673,PE,0.22324234842424456,,,UNASSIGNED_FALSE_POSITIVE,,,,,,,,,,,,175,R2,HOLD
MODERATE__HOLD_R2_K175,HOLD_R2_K175,MODERATE,154,PE-H__0157,PE 20:1_18:2,0.00428971179057047,0.0,COMPUTED,True,True,True,True,0.3477875659110764,0.8910754995054128,0.7708509875865739,PE,0.2892279401300275,,76,singleton_control,,,,,,,,,246,,0.5,175,R2,HOLD
MODERATE__HOLD_R2_K175,HOLD_R2_K175,MODERATE,155,PE-H__0158,PE 18:2_20:2,0.011989734669562619,9.365714555895411e-07,COMPUTED,True,True,True,True,0.18632332063996887,0.930785287256962,0.7430427070574672,PE,0.4829206823131476,,120,singleton_control,,,,,,,,,378,,2.0,175,R2,HOLD
MODERATE__HOLD_R2_K175,HOLD_R2_K175,MODERATE,156,PE-H__0159,PE 18:2_20:3,0.016127129903718822,5.107256591222938e-07,COMPUTED,True,False,False,False,0.14518288049439587,0.9537646675247846,0.7427822111270515,PE,0.5243502305861603,,,UNASSIGNED_FALSE_POSITIVE,,,,,,,,,,,,175,R2,HOLD
MODERATE__HOLD_R2_K175,HOLD_R2_K175,MODERATE,157,PE-H__0160,PE 18:2_20:4,0.0,,NOT_COMPUTED,False,False,False,False,0.14619914077909651,0.9616518591994055,0.9130395109281053,PE,0.2616719803905277,,,UNASSIGNED_FALSE_POSITIVE,,,,,,,,,,,,175,R2,HOLD
MODERATE__HOLD_R2_K175,HOLD_R2_K175,MODERATE,158,PE-H__0161,PE 18:2_20:5,0.00328470847918321,1.295086524970352e-07,COMPUTED,True,False,False,False,0.3650213504933583,0.9631467226016989,0.8063714203716793,PE,0.2263880951597868,,,UNASSIGNED_FALSE_POSITIVE,,,,,,,,,,,,175,R2,HOLD
MODERATE__HOLD_R2_K175,HOLD_R2_K175,MODERATE,159,PE-H__0163,PE 22:1_18:2,0.0023469798791428153,0.0,COMPUTED,True,False,False,False,0.5331745268800695,0.8840894589858442,0.6735070252941758,PE,0.20600629462397246,,,UNASSIGNED_FALSE_POSITIVE,,,,,,,,,,,,175,R2,HOLD
MODERATE__HOLD_R2_K175,HOLD_R2_K175,MODERATE,160,PE-H__0164,PE 18:2_22:2,0.0105065077430831,0.0,COMPUTED,True,True,True,True,0.1271355008514916,0.9008257061441529,0.9005744438179483,PE,0.3075663178035413,B6_U66_U154,154,spectral_hard_spatial_low,0.6740246305418719,0.8117881773399014,0.6740246305418719,0.8117881773399014,0.2720760767326175,0.12605042016806722,0.2705250079291411,0.0,336,-0.22847194279932387,1.8682084992203376,175,R2,HOLD
MODERATE__HOLD_R2_K175,HOLD_R2_K175,MODERATE,161,PE-H__0165,PE 18:2_22:3,5.378884585573325e-06,,NOT_COMPUTED,False,False,False,False,0.12289383117903037,0.8792970872952994,0.8792923996515524,PE,0.35338851776434027,,,UNASSIGNED_FALSE_POSITIVE,,,,,,,,,,,,175,R2,HOLD
MODERATE__HOLD_R2_K175,HOLD_R2_K175,MODERATE,162,PE-H__0166,PE 18:2_22:4,0.001476481218270869,2.7316748583761377e-07,COMPUTED,True,False,False,False,0.09902267490516374,0.9706937176364202,0.9706434853670334,PE,0.14150013963544839,,,UNASSIGNED_FALSE_POSITIVE,,,,,,,,,,,,175,R2,HOLD
MODERATE__HOLD_R2_K175,HOLD_R2_K175,MODERATE,163,PE-H__0167,PE 18:2_22:5,0.0,,NOT_COMPUTED,False,False,False,False,0.16453696138061585,0.9332832381772025,0.9254990815922642,PE,0.21421289006737537,,,UNASSIGNED_FALSE_POSITIVE,,,,,,,,,,,,175,R2,HOLD
MODERATE__HOLD_R2_K175,HOLD_R2_K175,MODERATE,164,PE-H__0168,PE 18:2_22:6,0.0,,NOT_COMPUTED,False,False,False,False,0.2708371237553922,0.7986746851823461,0.7790152182518231,PE,0.3561678919598447,,,UNASSIGNED_FALSE_POSITIVE,,,,,,,,,,,,175,R2,HOLD
MODERATE__HOLD_R2_K175,HOLD_R2_K175,MODERATE,165,PE-H__0177,PE 20:0_18:3,7.84197466131538e-05,,NOT_COMPUTED,False,False,False,False,0.43633437740238207,0.8248460600779068,0.7213783232948695,PE,0.2562068233072095,,,UNASSIGNED_FALSE_POSITIVE,,,,,,,,,,,,175,R2,HOLD
MODERATE__HOLD_R2_K175,HOLD_R2_K175,MODERATE,166,PE-H__0178,PE 20:1_18:3,0.002316200339490888,0.0,COMPUTED,True,False,False,False,0.4489705865818388,0.9659907277452849,0.7775930923942953,PE,0.17979724231900202,,,UNASSIGNED_FALSE_POSITIVE,,,,,,,,,,,,175,R2,HOLD
MODERATE__HOLD_R2_K175,HOLD_R2_K175,MODERATE,167,PE-H__0181,PE 18:3_20:4,0.0035922309087502435,1.2858278811480397e-07,COMPUTED,True,True,True,True,0.15717262060050777,0.9796724074104938,0.8883052400815383,PE,0.3020809046376558,B1_U55_U166,166,spectral_hard_spatial_high,0.6350459770114942,0.4994794745484401,0.4994794745484401,0.6350459770114942,5.4784816002420185e-05,0.057971014492753624,1.3577589930630295e-05,0.0,378,0.9952953984757973,0.5,175,R2,HOLD
MODERATE__HOLD_R2_K175,HOLD_R2_K175,MODERATE,168,PE-H__0187,PE 18:3_22:4,0.0008464961971207459,,NOT_COMPUTED,False,False,False,False,0.15449729928871136,0.8993915019835691,0.8993382947548886,PE,0.2827562102310741,,,UNASSIGNED_FALSE_POSITIVE,,,,,,,,,,,,175,R2,HOLD
MODERATE__HOLD_R2_K175,HOLD_R2_K175,MODERATE,169,PE-H__0188,PE 18:3_22:5,0.0,,NOT_COMPUTED,False,False,False,False,0.18752526203346254,0.8954083946283774,0.8890345436297913,PE,0.2703148631554168,,,UNASSIGNED_FALSE_POSITIVE,,,,,,,,,,,,175,R2,HOLD
MODERATE__HOLD_R2_K175,HOLD_R2_K175,MODERATE,170,PE-H__0200,PE 20:0_20:3,0.0033023293979664607,9.77793694390989e-07,COMPUTED,True,True,True,True,0.23032749244938702,0.9788474233762352,0.94467750434353,PE,0.09767313679891157,B3_U149_U167,149,spectral_hard_spatial_high,0.931169129720854,0.8823284072249589,0.8823284072249589,0.931169129720854,0.9100380607791277,0.3218390804597701,0.8722291254616233,0.0,339,0.9951153550026256,1.0760213163243861,175,R2,HOLD
MODERATE__HOLD_R2_K175,HOLD_R2_K175,MODERATE,171,PE-H__0201,PE 20:0_20:4,0.0,,NOT_COMPUTED,False,False,False,False,0.29604340865370693,0.9599646577371467,0.9207863176222774,PE,0.09402396665420898,,,UNASSIGNED_FALSE_POSITIVE,,,,,,,,,,,,175,R2,HOLD
MODERATE__HOLD_R2_K175,HOLD_R2_K175,MODERATE,172,PE-H__0202,PE 20:0_20:5,0.014104815756544714,1.0645815178598173e-06,COMPUTED,True,True,True,True,0.42609430792144315,0.8451414828957593,0.6792961262597426,PE,0.30776996621138847,B7_U68_U165,68,spectral_easy_spatial_low,0.2517898193760263,0.2448210180623974,0.2448210180623974,0.2517898193760263,0.0,0.0,0.0,0.0,224,-0.1309961154052421,0.7802037075442214,175,R2,HOLD
MODERATE__HOLD_R2_K175,HOLD_R2_K175,MODERATE,173,PE-H__0218,PE 20:1_20:2,0.0039319148481062665,0.0,COMPUTED,True,False,False,False,0.20294033552387394,0.9253440230489325,0.8845567029435504,PE,0.2634923383719795,,,UNASSIGNED_FALSE_POSITIVE,,,,,,,,,,,,175,R2,HOLD
MODERATE__HOLD_R2_K175,HOLD_R2_K175,MODERATE,174,PE-H__0219,PE 20:1_20:3,0.016453132240957465,0.0,COMPUTED,True,True,True,True,0.15409170574418976,0.9673598800301968,0.9574552798625677,PE,0.13448997604329319,,169,singleton_control,,,,,,,,,361,,1.2101381550740857,175,R2,HOLD
MODERATE__HOLD_R2_K175,HOLD_R2_K175,MODERATE,175,PE-H__0220,PE 20:1_20:4,0.0024945086623574062,5.593974117123963e-07,COMPUTED,True,True,True,True,0.22946614386916517,0.9422890778439277,0.9190388079823439,PE,0.1647009138898418,B3_U102_U170,102,spectral_hard_spatial_low,0.7658210180623974,0.7055155993431855,0.7055155993431855,0.7658210180623974,0.007914666227192781,0.13043478260869565,0.0014926923397019498,0.0,283,-0.13899964246571633,0.5,175,R2,HOLD
MODERATE__HOLD_R2_K175,HOLD_R2_K175,MODERATE,176,PE-H__0221,PE 20:1_20:5,0.021631865673333705,5.727270156353156e-05,COMPUTED,True,True,True,True,0.3973599004661181,0.7993795604865694,0.6792961262597426,PE,0.33650437366671354,B3_U44_U157,44,spectral_easy_spatial_low,0.25750410509031196,0.2556781609195402,0.2556781609195402,0.25750410509031196,0.0,0.0,0.0,0.0,320,-0.12985281532301127,2.0,175,R2,HOLD
MODERATE__HOLD_R2_K175,HOLD_R2_K175,MODERATE,177,PE-H__0236,PE 20:2_20:2,0.004785284478717486,0.0,COMPUTED,True,False,False,False,0.13796437864051098,0.9885666181646524,0.9803192870333286,PE,0.05945420070415522,,,UNASSIGNED_FALSE_POSITIVE,,,,,,,,,,,,175,R2,HOLD
MODERATE__HOLD_R2_K175,HOLD_R2_K175,MODERATE,178,PE-H__0237,PE 20:2_20:3,0.0036996894577214457,8.354963747996096e-08,COMPUTED,True,True,True,True,0.10342592469336877,0.8809502880689941,0.8757642268764254,PE,0.37931315485534245,,174,singleton_control,,,,,,,,,290,,0.5340342571614348,175,R2,HOLD
MODERATE__HOLD_R2_K175,HOLD_R2_K175,MODERATE,179,PE-H__0238,PE 20:2_20:4,0.0006200108311878013,,NOT_COMPUTED,False,False,False,False,0.18995619886808268,0.9559925050099088,0.9369316641113805,PE,0.15955640002569,,,UNASSIGNED_FALSE_POSITIVE,,,,,,,,,,,,175,R2,HOLD
MODERATE__HOLD_R2_K175,HOLD_R2_K175,MODERATE,180,PE-H__0239,PE 20:2_20:5,0.0016661943071263196,0.0,COMPUTED,True,False,False,False,0.3893851070272266,0.798793448092428,0.6606806154113212,PE,0.36128201255356196,,,UNASSIGNED_FALSE_POSITIVE,,,,,,,,,,,,175,R2,HOLD
MODERATE__HOLD_R2_K175,HOLD_R2_K175,MODERATE,181,PE-H__0254,PE 20:3_20:3,0.0036920851356885775,0.0,COMPUTED,True,True,True,True,0.11972298568219342,0.9884825101246301,0.9837096338633671,PE,0.06004173901205881,B1_U124_U148,148,spectral_hard_spatial_high,0.8463940886699508,0.9021313628899836,0.8463940886699508,0.9021313628899836,0.9828895828332406,0.19230769230769232,0.9764529162651794,0.0,266,0.9973208767500338,1.0000000000000002,175,R2,HOLD
MODERATE__HOLD_R2_K175,HOLD_R2_K175,MODERATE,182,PE-H__0255,PE 20:3_20:4,0.0004899008665805696,,NOT_COMPUTED,False,False,False,False,0.12448475029069515,0.9204161266642652,0.9128348333325689,PE,0.2838442433586674,,,UNASSIGNED_FALSE_POSITIVE,,,,,,,,,,,,175,R2,HOLD
MODERATE__HOLD_R2_K175,HOLD_R2_K175,MODERATE,183,PE-H__0256,PE 20:3_20:5,0.0009411321080099198,,NOT_COMPUTED,False,False,False,False,0.33900755670745725,0.7617570615123257,0.6460284911629157,PE,0.42430573978734804,,,UNASSIGNED_FALSE_POSITIVE,,,,,,,,,,,,175,R2,HOLD
MODERATE__HOLD_R2_K175,HOLD_R2_K175,MODERATE,184,PE-H__0271,PE 20:4_20:4,0.007939252194966486,0.0,COMPUTED,True,False,False,False,0.12143494692201809,0.9845400250879618,0.9715405518090002,PE,0.11543834450329934,,,UNASSIGNED_FALSE_POSITIVE,,,,,,,,,,,,175,R2,HOLD
MODERATE__HOLD_R2_K175,HOLD_R2_K175,MODERATE,185,PE-H__0272,PE 20:4_20:5,0.01766736530610474,6.596730316022468e-05,COMPUTED,True,True,True,True,0.26664550336010406,0.7114621309435802,0.6714372883852311,PE,0.4744158758561441,B4_U73_U152,73,spectral_easy_spatial_high,0.24607553366174056,0.23967816091954022,0.23967816091954022,0.24607553366174056,0.0,0.0,0.0,0.0,284,0.9963190100856536,2.0,175,R2,HOLD
MODERATE__HOLD_R2_K175,HOLD_R2_K175,MODERATE,186,PE-H__0459,PE 17:0_20:0,0.001871127960268329,4.145842009560024e-06,COMPUTED,True,True,True,True,0.2698075638945543,0.9206618024583055,0.8460604591945621,PE,0.26327938903853587,,41,singleton_control,,,,,,,,,171,,0.5,175,R2,HOLD
MODERATE__HOLD_R2_K175,HOLD_R2_K175,MODERATE,187,PE-H__0460,PE 17:0_20:1,0.0010465596140253643,0.0,COMPUTED,True,False,False,False,0.21935078912512027,0.9551170493571611,0.9037729092166604,PE,0.20866151042485073,,,UNASSIGNED_FALSE_POSITIVE,,,,,,,,,,,,175,R2,HOLD
MODERATE__HOLD_R2_K175,HOLD_R2_K175,MODERATE,188,PE-H__0461,PE 17:0_20:2,0.008008753991953168,2.0780659521060106e-06,COMPUTED,True,False,False,False,0.1630015495704311,0.9691815015571644,0.9500581444976401,PE,0.1490713939439036,,,UNASSIGNED_FALSE_POSITIVE,,,,,,,,,,,,175,R2,HOLD
MODERATE__HOLD_R2_K175,HOLD_R2_K175,MODERATE,189,PE-H__0462,PE 17:0_20:3,0.0008319054944976834,,NOT_COMPUTED,False,False,False,False,0.15187039632663366,0.9898819477902964,0.9455757956032335,PE,0.17353153170900668,,,UNASSIGNED_FALSE_POSITIVE,,,,,,,,,,,,175,R2,HOLD
MODERATE__HOLD_R2_K175,HOLD_R2_K175,MODERATE,190,PE-H__0463,PE 17:0_20:4,0.0006408194549716242,,NOT_COMPUTED,False,False,False,False,0.1628046691202565,0.9887826418894832,0.9240092007107269,PE,0.21956556638706384,,,UNASSIGNED_FALSE_POSITIVE,,,,,,,,,,,,175,R2,HOLD
MODERATE__HOLD_R2_K175,HOLD_R2_K175,MODERATE,191,PE-H__0464,PE 17:0_20:5,7.86993030926022e-05,,NOT_COMPUTED,False,False,False,False,0.34361334142228894,0.9811934844127886,0.7108936864274412,PE,0.35968614428604206,,,UNASSIGNED_FALSE_POSITIVE,,,,,,,,,,,,175,R2,HOLD
MODERATE__HOLD_R2_K175,HOLD_R2_K175,MODERATE,192,PE-H__0466,PE 17:0_22:1,0.004987854170551635,0.0,COMPUTED,True,False,False,False,0.1543111669513844,0.9331724257584938,0.9295121962579814,PE,0.2144802063312126,,,UNASSIGNED_FALSE_POSITIVE,,,,,,,,,,,,175,R2,HOLD
MODERATE__HOLD_R2_K175,HOLD_R2_K175,MODERATE,193,PE-H__0467,PE 17:0_22:2,0.0074977225737829275,0.0,COMPUTED,True,True,True,True,0.13503108538528152,0.9386569008618137,0.9358581192272978,PE,0.21734595795940753,B7_U68_U165,165,spectral_easy_spatial_low,0.2517898193760263,0.2448210180623974,0.2448210180623974,0.2517898193760263,0.0,0.0,0.0,0.0,299,-0.1309961154052421,2.0,175,R2,HOLD
MODERATE__HOLD_R2_K175,HOLD_R2_K175,MODERATE,194,PE-H__0468,PE 17:0_22:3,0.00333563678659185,0.0,COMPUTED,True,False,False,False,0.12944258217526786,0.9493851963105262,0.9459213048199246,PE,0.1949536032026912,,,UNASSIGNED_FALSE_POSITIVE,,,,,,,,,,,,175,R2,HOLD
MODERATE__HOLD_R2_K175,HOLD_R2_K175,MODERATE,195,PE-H__0469,PE 17:0_22:4,0.008715733398012205,9.059527743666533e-07,COMPUTED,True,True,True,True,0.16492324087593133,0.9518068384474951,0.9426607466712886,PE,0.1688292372948361,B4_U104_U161,104,spectral_hard_spatial_high,0.7374532019704434,0.7812118226600986,0.7374532019704434,0.7812118226600986,0.029711301511644837,0.056179775280898875,0.029425481080014693,0.00018183622956154135,146,0.9851598029163144,1.0000000000000002,175,R2,HOLD
MODERATE__HOLD_R2_K175,HOLD_R2_K175,MODERATE,196,PE-H__0470,PE 17:0_22:5,0.01795331947531133,2.246824977058039e-05,COMPUTED,True,True,True,True,0.20553202250395822,0.9211023236447361,0.903597002570837,PE,0.22285151703158326,B3_U13_U90,90,spectral_hard_spatial_high,0.7239244663382594,0.6166551724137932,0.6166551724137932,0.7239244663382594,0.011614059834141753,0.07194244604316546,0.011101103738010792,0.0,180,0.9962595110502747,2.0,175,R2,HOLD
MODERATE__HOLD_R2_K175,HOLD_R2_K175,MODERATE,197,PE-H__0471,PE 17:0_22:6,0.012780970553070297,1.7829901210048795e-05,COMPUTED,True,True,True,True,0.31244709118745745,0.8271838267520604,0.7871361511830383,PE,0.30433218821543645,,50,singleton_control,,,,,,,,,107,,2.0,175,R2,HOLD
MODERATE__HOLD_R2_K175,HOLD_R2_K175,MODERATE,198,PE-H__0481,PE 20:0_17:1,0.0004188432519260254,,NOT_COMPUTED,False,False,False,False,0.3521808615762064,0.9829394646770109,0.8238355564584399,PE,0.21464801552411628,,,UNASSIGNED_FALSE_POSITIVE,,,,,,,,,,,,175,R2,HOLD
MODERATE__HOLD_R2_K175,HOLD_R2_K175,MODERATE,199,PE-H__0482,PE 17:1_20:1,0.006553701675283548,0.0,COMPUTED,True,True,True,True,0.2809048613188857,0.9726361074886047,0.7937994919963063,PE,0.3272746898881621,B4_U73_U152,152,spectral_easy_spatial_high,0.24607553366174056,0.23967816091954022,0.23967816091954022,0.24607553366174056,0.0,0.0,0.0,0.0,284,0.9963190100856536,0.7802037075442214,175,R2,HOLD
MODERATE__HOLD_R2_K175,HOLD_R2_K175,MODERATE,200,PE-H__0483,PE 17:1_20:2,0.0024920764837007385,0.0,COMPUTED,True,False,False,False,0.18976008058885643,0.9965803996234099,0.9135491254421633,PE,0.2169683243742819,,,UNASSIGNED_FALSE_POSITIVE,,,,,,,,,,,,175,R2,HOLD
MODERATE__HOLD_R2_K175,HOLD_R2_K175,MODERATE,201,PE-H__0484,PE 17:1_20:3,0.005302845696860459,5.138105147852276e-07,COMPUTED,True,True,True,True,0.17058675100295786,0.9942019114139844,0.91474606264425,PE,0.23344250644858108,B3_U149_U167,167,spectral_hard_spatial_high,0.931169129720854,0.8823284072249589,0.8823284072249589,0.931169129720854,0.9100380607791277,0.3218390804597701,0.8722291254616233,0.0,339,0.9951153550026256,0.5,175,R2,HOLD
MODERATE__HOLD_R2_K175,HOLD_R2_K175,MODERATE,202,PE-H__0485,PE 17:1_20:4,0.0004630729433314712,,NOT_COMPUTED,False,False,False,False,0.17664660802052665,0.9853779862370524,0.9110162578782207,PE,0.23572382967059016,,,UNASSIGNED_FALSE_POSITIVE,,,,,,,,,,,,175,R2,HOLD
MODERATE__HOLD_R2_K175,HOLD_R2_K175,MODERATE,203,PE-H__0488,PE 17:1_22:1,0.0015211437934651941,3.1187821670819342e-06,COMPUTED,True,False,False,False,0.25190782559573593,0.7015424004109266,0.6921065620053083,PE,0.46988751023651537,,,UNASSIGNED_FALSE_POSITIVE,,,,,,,,,,,,175,R2,HOLD
MODERATE__HOLD_R2_K175,HOLD_R2_K175,MODERATE,204,PE-H__0490,PE 17:1_22:3,0.002097532232877093,0.0,COMPUTED,True,False,False,False,0.10570325194754038,0.9599558000648393,0.9599528994369606,PE,0.17445818519642592,,,UNASSIGNED_FALSE_POSITIVE,,,,,,,,,,,,175,R2,HOLD
MODERATE__HOLD_R2_K175,HOLD_R2_K175,MODERATE,205,PE-H__0491,PE 17:1_22:4,0.006866997899179034,0.0,COMPUTED,True,False,False,False,0.11399010042613276,0.9648613999266584,0.9648442794130716,PE,0.14883211416744102,,,UNASSIGNED_FALSE_POSITIVE,,,,,,,,,,,,175,R2,HOLD
MODERATE__HOLD_R2_K175,HOLD_R2_K175,MODERATE,206,PE-H__0492,PE 17:1_22:5,0.01403798514574885,2.0578403417000386e-06,COMPUTED,True,True,True,True,0.1734421065443991,0.9209267513286628,0.914161168407914,PE,0.23190880091119995,B5_U53_U107,107,spectral_hard_spatial_low,0.6654942528735632,0.6520853858784894,0.6520853858784894,0.6654942528735632,0.001805667840925386,0.13114754098360656,0.0016250389535571094,0.0,258,-0.18048837864174277,0.5,175,R2,HOLD
MODERATE__HOLD_R2_K175,HOLD_R2_K175,MODERATE,207,PE-H__0493,PE 17:1_22:6,0.007470311858075636,1.8600928428585503e-06,COMPUTED,True,True,True,True,0.2805102678681988,0.8065738667783828,0.7806595188417996,PE,0.34444630313629093,,56,singleton_control,,,,,,,,,180,,1.2101381550740857,175,R2,HOLD
MODERATE__HOLD_R2_K175,HOLD_R2_K175,MODERATE,208,PEO-H__0072,PE O-16:0_22:1,0.0022245301018789126,6.836714760019577e-19,COMPUTED,True,True,True,True,0.25810380084870377,0.9626827699537985,0.9563306222117823,PE,0.034183285797328655,B7_U78_U122,122,spectral_hard_spatial_low,0.8752824302134646,0.9022348111658457,0.8752824302134646,0.9022348111658457,0.9544568366839815,0.4375,0.9031048003009459,0.102757415803698,139,-0.14747707320178108,0.5,175,R2,HOLD
MODERATE__HOLD_R2_K175,HOLD_R2_K175,MODERATE,209,PEO-H__0073,PE O-16:0_22:2,0.010936112157470725,0.0,COMPUTED,True,False,False,False,0.22163710097107966,0.9697963545701745,0.9660075973064259,PE,0.03687657747991838,,,UNASSIGNED_FALSE_POSITIVE,,,,,,,,,,,,175,R2,HOLD
MODERATE__HOLD_R2_K175,HOLD_R2_K175,MODERATE,210,PEO-H__0074,PE O-16:0_22:3,0.008677659598109504,6.699830065319033e-07,COMPUTED,True,False,False,False,0.19242974363625995,0.9756545054698517,0.9718809394238797,PE,0.04304305645869205,,,UNASSIGNED_FALSE_POSITIVE,,,,,,,,,,,,175,R2,HOLD
MODERATE__HOLD_R2_K175,HOLD_R2_K175,MODERATE,211,PEO-H__0075,PE O-16:0_22:4,0.01165513566040679,0.0,COMPUTED,True,True,True,True,0.21233553953653375,0.9788297262879938,0.96428133306626,PE,0.0525446422437508,B1_U3_U136,136,spectral_easy_spatial_high,0.20836124794745484,0.2082495894909688,0.2082495894909688,0.20836124794745484,0.0,0.0,0.0,0.0,141,0.9819920928165091,2.0,175,R2,HOLD
MODERATE__HOLD_R2_K175,HOLD_R2_K175,MODERATE,212,PEO-H__0076,PE O-16:0_22:5,0.011536253426672536,5.604378238131833e-06,COMPUTED,True,True,True,True,0.2748935194643735,0.9595548171321114,0.9099757812121108,PE,0.1397678816901211,,85,singleton_control,,,,,,,,,287,,2.0,175,R2,HOLD
MODERATE__HOLD_R2_K175,HOLD_R2_K175,MODERATE,213,PEO-H__0077,PE O-16:0_22:6,0.00636468906582971,4.747538882657482e-06,COMPUTED,True,True,True,True,0.48470573742722234,0.900438885889574,0.7632124702069613,PE,0.1614418659271415,B6_U39_U54,39,spectral_easy_spatial_low,0.1792183908045977,0.5071083743842364,0.1792183908045977,0.5071083743842364,0.00026369558372042073,0.10227272727272728,0.00020200331760154445,0.0,216,-0.15641991769983482,0.7303443264893795,175,R2,HOLD
MODERATE__HOLD_R2_K175,HOLD_R2_K175,MODERATE,214,PEO-H__0099,PE O-16:1_22:0,0.000362922271306236,,NOT_COMPUTED,False,False,False,False,0.5895517686839958,0.9743633702676963,0.6718844687566582,PE,0.15110419776978434,,,UNASSIGNED_FALSE_POSITIVE,,,,,,,,,,,,175,R2,HOLD
MODERATE__HOLD_R2_K175,HOLD_R2_K175,MODERATE,215,PEO-H__0100,PE O-16:1_22:1,0.003639302655710516,0.0,COMPUTED,True,True,True,True,0.3096547237703799,0.9753848425333608,0.924433450475611,PE,0.07168868530044187,B7_U78_U122,78,spectral_hard_spatial_low,0.8752824302134646,0.9022348111658457,0.8752824302134646,0.9022348111658457,0.9544568366839815,0.4375,0.9031048003009459,0.102757415803698,213,-0.14747707320178108,0.5,175,R2,HOLD
MODERATE__HOLD_R2_K175,HOLD_R2_K175,MODERATE,216,PEO-H__0101,PE O-16:1_22:2,0.0,,NOT_COMPUTED,False,False,False,False,0.19181527150552552,0.9804782409271666,0.972095163534486,PE,0.04277158454753846,,,UNASSIGNED_FALSE_POSITIVE,,,,,,,,,,,,175,R2,HOLD
MODERATE__HOLD_R2_K175,HOLD_R2_K175,MODERATE,217,PEO-H__0102,PE O-16:1_22:3,0.005893834034868061,0.0,COMPUTED,True,True,True,True,0.15301712497872955,0.978974472761994,0.9789476971502981,PE,0.05109413449543146,B6_U131_U143,131,spectral_hard_spatial_high,0.7625665024630542,0.8978866995073893,0.7625665024630542,0.8978866995073893,0.9380238526123156,0.14285714285714285,0.937970170357238,0.0,86,0.9956457060495213,2.0,175,R2,HOLD
MODERATE__HOLD_R2_K175,HOLD_R2_K175,MODERATE,218,PEO-H__0103,PE O-16:1_22:4,0.006674211986790758,5.418362831531163e-08,COMPUTED,True,False,False,False,0.12973055438059183,0.9809547878114457,0.9808689663219521,PE,0.06493857749836135,,,UNASSIGNED_FALSE_POSITIVE,,,,,,,,,,,,175,R2,HOLD
MODERATE__HOLD_R2_K175,HOLD_R2_K175,MODERATE,219,PEO-H__0104,PE O-16:1_22:5,0.0030445469663703682,0.0,COMPUTED,True,False,False,False,0.21260509314897325,0.9595548171321114,0.944720452955995,PE,0.11527181327570851,,,UNASSIGNED_FALSE_POSITIVE,,,,,,,,,,,,175,R2,HOLD
MODERATE__HOLD_R2_K175,HOLD_R2_K175,MODERATE,220,PEO-H__0106,PE O-16:1_24:0,0.003868752587725446,1.7161617620779747e-09,COMPUTED,True,True,True,True,0.6719956962672089,0.7350890401757907,0.6635490105932277,PE,0.07613711984283755,B1_U9_U37,9,spectral_easy_spatial_high,0.15578981937602626,0.15053530377668312,0.15053530377668312,0.15578981937602626,0.0,0.0,0.0,0.0,159,0.9959390505017323,0.5,175,R2,HOLD
MODERATE__HOLD_R2_K175,HOLD_R2_K175,MODERATE,221,PEO-H__0107,PE O-16:1_24:1,0.0001783930556727191,,NOT_COMPUTED,False,False,False,False,0.7013195190822913,0.7742897189559598,0.6708976550037268,PE,0.04023043642340518,,,UNASSIGNED_FALSE_POSITIVE,,,,,,,,,,,,175,R2,HOLD
MODERATE__HOLD_R2_K175,HOLD_R2_K175,MODERATE,222,PEO-H__0110,PE O-16:1_24:4,7.305403560011736e-05,,NOT_COMPUTED,False,False,False,False,0.3570621957782415,0.9336814199983869,0.9087919461652159,PE,0.06018736813434,,,UNASSIGNED_FALSE_POSITIVE,,,,,,,,,,,,175,R2,HOLD
MODERATE__HOLD_R2_K175,HOLD_R2_K175,MODERATE,223,PEO-H__0111,PE O-16:1_24:5,0.00835740184412439,0.0,COMPUTED,True,True,True,True,0.34567378912555613,0.9348240213453116,0.9300862052110084,PE,0.021667538356373084,B1_U35_U46,46,spectral_easy_spatial_low,0.18836124794745485,0.20310673234811166,0.18836124794745485,0.20310673234811166,0.0,0.0,0.0,0.0,47,-0.515237694786358,0.8939526432607221,175,R2,HOLD
MODERATE__HOLD_R2_K175,HOLD_R2_K175,MODERATE,224,PEO-H__0112,PE O-16:1_24:6,0.030491672776511408,6.159265958575708e-05,COMPUTED,True,True,True,True,0.41848831684391674,0.9120817497666402,0.8867746988906713,PE,0.043713623229206855,B6_U67_U77,77,spectral_easy_spatial_low,0.21236124794745484,0.20196387520525452,0.20196387520525452,0.21236124794745484,0.0,0.0,0.0,0.0,106,-0.20848187841960042,2.0,175,R2,HOLD
MODERATE__HOLD_R2_K175,HOLD_R2_K175,MODERATE,225,PEO-H__0122,PE O-18:0_20:1,0.009001327618286354,6.584853805591873e-06,COMPUTED,True,True,True,True,0.318148671588633,0.9846847840318518,0.9037729092166604,PE,0.10986362796133797,,93,singleton_control,,,,,,,,,90,,0.8939526432607221,175,R2,HOLD
MODERATE__HOLD_R2_K175,HOLD_R2_K175,MODERATE,226,PEO-H__0123,PE O-18:0_20:2,0.004904291776641964,1.4556236182877351e-07,COMPUTED,True,True,True,True,0.24588669439016053,0.9868742659860326,0.9501374572146646,PE,0.06594469017151477,,100,singleton_control,,,,,,,,,382,,0.689110922829001,175,R2,HOLD
MODERATE__HOLD_R2_K175,HOLD_R2_K175,MODERATE,227,PEO-H__0124,PE O-18:0_20:3,0.00808499477971312,0.0,COMPUTED,True,False,False,False,0.26090867432576414,0.9859286893262592,0.9522858960339339,PE,0.04429875057547855,,,UNASSIGNED_FALSE_POSITIVE,,,,,,,,,,,,175,R2,HOLD
MODERATE__HOLD_R2_K175,HOLD_R2_K175,MODERATE,228,PEO-H__0125,PE O-18:0_20:4,0.001500388837253928,0.0,COMPUTED,True,False,False,False,0.4891883874519232,0.9831942612973099,0.859074789633042,PE,0.022661693936118332,,,UNASSIGNED_FALSE_POSITIVE,,,,,,,,,,,,175,R2,HOLD
MODERATE__HOLD_R2_K175,HOLD_R2_K175,MODERATE,229,PEO-H__0126,PE O-18:0_20:5,0.007152633410292651,1.0255072140029366e-18,COMPUTED,True,True,True,True,0.6919909071159304,0.9215313010613547,0.5604614119842438,PE,0.1361896321849082,B4_U31_U61,31,spectral_easy_spatial_low,0.1672183908045977,0.15510673234811168,0.15510673234811168,0.1672183908045977,0.0,0.0,0.0,0.0,222,-0.29095927378783115,0.5,175,R2,HOLD
MODERATE__HOLD_R2_K175,HOLD_R2_K175,MODERATE,230,PEO-H__0128,PE O-18:0_22:1,0.008239045023906412,5.922849492651768e-06,COMPUTED,True,False,False,False,0.20944781852532984,0.9825549173152562,0.9730776501152054,PE,0.021029700652289512,,,UNASSIGNED_FALSE_POSITIVE,,,,,,,,,,,,175,R2,HOLD
MODERATE__HOLD_R2_K175,HOLD_R2_K175,MODERATE,231,PEO-H__0129,PE O-18:0_22:2,4.884239854022334e-07,,NOT_COMPUTED,False,False,False,False,0.19149650312872654,0.9844718359888617,0.9674555954753647,PE,0.06154434492432473,,,UNASSIGNED_FALSE_POSITIVE,,,,,,,,,,,,175,R2,HOLD
MODERATE__HOLD_R2_K175,HOLD_R2_K175,MODERATE,232,PEO-H__0130,PE O-18:0_22:3,0.0014321010393249071,6.836714760019577e-19,COMPUTED,True,True,True,True,0.17092763078541914,0.9848176901850096,0.9529791162203358,PE,0.13210834735563867,B2_U58_U139,139,spectral_easy_spatial_low,0.2837898193760263,0.2425353037766831,0.2425353037766831,0.2837898193760263,0.0,0.0,0.0,0.0,329,-0.2307182720743274,0.8939526432607221,175,R2,HOLD
MODERATE__HOLD_R2_K175,HOLD_R2_K175,MODERATE,233,PEO-H__0131,PE O-18:0_22:4,0.006553722663824759,0.0,COMPUTED,True,True,True,True,0.29140314574818993,0.9785214888337301,0.9315389784831688,PE,0.07223834193787476,B4_U19_U138,138,spectral_easy_spatial_high,0.21293267651888342,0.18482101806239737,0.18482101806239737,0.21293267651888342,0.0,0.0,0.0,0.0,288,0.9962770419536965,0.5,175,R2,HOLD
MODERATE__HOLD_R2_K175,HOLD_R2_K175,MODERATE,234,PEO-H__0132,PE O-18:0_22:5,0.02198159074577925,1.598295155041143e-05,COMPUTED,True,True,True,True,0.43559350264218133,0.9521162343234528,0.8503791620761236,PE,0.09057688868244451,B7_U20_U40,40,spectral_easy_spatial_high,0.15807553366174054,0.15053530377668312,0.15053530377668312,0.15807553366174054,0.0,0.0,0.0,0.0,93,0.9961389664476468,1.8682084992203376,175,R2,HOLD
MODERATE__HOLD_R2_K175,HOLD_R2_K175,MODERATE,235,PEO-H__0133,PE O-18:0_22:6,0.02213090731286569,7.319001320180836e-05,COMPUTED,True,True,True,True,0.5753436233533816,0.900438885889574,0.6568414230886067,PE,0.17868511941106635,,45,singleton_control,,,,,,,,,119,,2.0,175,R2,HOLD
MODERATE__HOLD_R2_K175,HOLD_R2_K175,MODERATE,236,PEO-H__0150,PE O-18:1_20:1,0.0031766656824258705,4.522099766027182e-07,COMPUTED,True,False,False,False,0.39089349908072424,0.9853143544809311,0.8646103224644689,PE,0.11154952285100395,,,UNASSIGNED_FALSE_POSITIVE,,,,,,,,,,,,175,R2,HOLD
MODERATE__HOLD_R2_K175,HOLD_R2_K175,MODERATE,237,PEO-H__0151,PE O-18:1_20:2,0.008755439133654402,0.0,COMPUTED,True,True,True,True,0.23640856435982596,0.9860488591567219,0.9580837481030324,PE,0.05007971048025392,,155,singleton_control,,,,,,,,,253,,0.7303443264893795,175,R2,HOLD
MODERATE__HOLD_R2_K175,HOLD_R2_K175,MODERATE,238,PEO-H__0152,PE O-18:1_20:3,0.008259129057159562,0.0,COMPUTED,True,True,True,True,0.17248031845796863,0.9828895828332406,0.9764529162651794,PE,0.04325030597265456,B1_U124_U148,124,spectral_hard_spatial_high,0.8463940886699508,0.9021313628899836,0.8463940886699508,0.9021313628899836,0.9828895828332406,0.19230769230769232,0.9764529162651794,0.0,266,0.9973208767500338,0.5,175,R2,HOLD
MODERATE__HOLD_R2_K175,HOLD_R2_K175,MODERATE,239,PEO-H__0153,PE O-18:1_20:4,0.003143928561981113,0.0,COMPUTED,True,False,False,False,0.24144300871075103,0.9790660598691365,0.9453508535750196,PE,0.08461183889158391,,,UNASSIGNED_FALSE_POSITIVE,,,,,,,,,,,,175,R2,HOLD
MODERATE__HOLD_R2_K175,HOLD_R2_K175,MODERATE,240,PEO-H__0154,PE O-18:1_20:5,0.004264840116276536,4.141809524010622e-07,COMPUTED,True,True,True,True,0.5577857427715306,0.9215313010613547,0.6612863240163824,PE,0.19234784377749203,B3_U27_U48,27,spectral_easy_spatial_high,0.1769326765188834,0.1802495894909688,0.1769326765188834,0.1802495894909688,0.0,0.0,0.0,0.0,171,0.99072692293003,0.5340342571614348,175,R2,HOLD
MODERATE__HOLD_R2_K175,HOLD_R2_K175,MODERATE,241,PEO-H__0156,PE O-18:1_22:1,1.4235273197875703e-07,,NOT_COMPUTED,False,False,False,False,0.16641771598064747,0.9825549173152562,0.9730776501152054,PE,0.06405980319697188,,,UNASSIGNED_FALSE_POSITIVE,,,,,,,,,,,,175,R2,HOLD
MODERATE__HOLD_R2_K175,HOLD_R2_K175,MODERATE,242,PEO-H__0157,PE O-18:1_22:2,0.0032446054737299336,0.0,COMPUTED,True,False,False,False,0.1397728776659262,0.9852875191058946,0.9852489905480893,PE,0.0313540536569106,,,UNASSIGNED_FALSE_POSITIVE,,,,,,,,,,,,175,R2,HOLD
MODERATE__HOLD_R2_K175,HOLD_R2_K175,MODERATE,243,PEO-H__0158,PE O-18:1_22:3,0.0,,NOT_COMPUTED,False,False,False,False,0.13284776908049512,0.9842916841755988,0.984242653129889,PE,0.043975305657608654,,,UNASSIGNED_FALSE_POSITIVE,,,,,,,,,,,,175,R2,HOLD
MODERATE__HOLD_R2_K175,HOLD_R2_K175,MODERATE,244,PEO-H__0159,PE O-18:1_22:4,0.002053366273642153,0.0,COMPUTED,True,False,False,False,0.1591848957034343,0.9787777211837311,0.9761218381725482,PE,0.05803885309638207,,,UNASSIGNED_FALSE_POSITIVE,,,,,,,,,,,,175,R2,HOLD
MODERATE__HOLD_R2_K175,HOLD_R2_K175,MODERATE,245,PEO-H__0160,PE O-18:1_22:5,5.798216200195916e-07,,NOT_COMPUTED,False,False,False,False,0.29720123032042856,0.9512253791165726,0.9093100642922111,PE,0.11891799175047629,,,UNASSIGNED_FALSE_POSITIVE,,,,,,,,,,,,175,R2,HOLD
MODERATE__HOLD_R2_K175,HOLD_R2_K175,MODERATE,246,PEO-H__0161,PE O-18:1_22:6,0.0013496661250968008,1.0255072140029366e-18,COMPUTED,True,False,False,False,0.5117301540657673,0.8911899884564419,0.7441668185523289,PE,0.1562636678859819,,,UNASSIGNED_FALSE_POSITIVE,,,,,,,,,,,,175,R2,HOLD
MODERATE__HOLD_R2_K175,HOLD_R2_K175,MODERATE,247,PEO-H__0231,PE O-20:0_18:2,1.175264166507515e-06,,NOT_COMPUTED,False,False,False,False,0.42571487661894175,0.9910296758828884,0.8236347989916191,PE,0.14140567307929947,,,UNASSIGNED_FALSE_POSITIVE,,,,,,,,,,,,175,R2,HOLD
MODERATE__HOLD_R2_K175,HOLD_R2_K175,MODERATE,248,PEO-H__0259,PE O-20:1_18:2,0.013932310224416131,8.010295713964017e-06,COMPUTED,True,True,True,True,0.4351737905876049,0.9895861653945057,0.8236347989916191,PE,0.1319467591106363,B2_U70_U101,101,spectral_easy_spatial_low,0.20378981937602628,0.20139244663382594,0.20139244663382594,0.20378981937602628,0.0,0.0,0.0,0.0,222,-0.13499395884195403,2.0,175,R2,HOLD
MODERATE__HOLD_R2_K175,HOLD_R2_K175,MODERATE,249,PEO-H__0179,PE O-18:2_20:2,0.002934269976070004,1.6875435346404159e-06,COMPUTED,True,False,False,False,0.17873488478864286,0.9878558096053639,0.9751699462496085,PE,0.04272295754604538,,,UNASSIGNED_FALSE_POSITIVE,,,,,,,,,,,,175,R2,HOLD
MODERATE__HOLD_R2_K175,HOLD_R2_K175,MODERATE,250,PEO-H__0180,PE O-18:2_20:3,0.004200313558686026,0.0,COMPUTED,True,True,True,True,0.15389249231375365,0.982213995160686,0.9807094412163158,PE,0.04157871249447814,B4_U126_U171,171,spectral_hard_spatial_low,0.7525139573070609,0.8976781609195403,0.7525139573070609,0.8976781609195403,0.9530974698768908,0.2777777777777778,0.9371554697692689,0.0,349,-0.1567198845147421,0.7303443264893795,175,R2,HOLD
MODERATE__HOLD_R2_K175,HOLD_R2_K175,MODERATE,251,PEO-H__0181,PE O-18:2_20:4,0.00028158089535406956,,NOT_COMPUTED,False,False,False,False,0.20161747503517874,0.9802229335768837,0.9715405518090002,PE,0.035255816390138695,,,UNASSIGNED_FALSE_POSITIVE,,,,,,,,,,,,175,R2,HOLD
MODERATE__HOLD_R2_K175,HOLD_R2_K175,MODERATE,252,PEO-H__0183,PE O-18:2_22:0,0.001934977816610893,1.7448571450931417e-06,COMPUTED,True,False,False,False,0.6092428422951907,0.9909569381714911,0.6718844687566582,PE,0.13141312415858952,,,UNASSIGNED_FALSE_POSITIVE,,,,,,,,,,,,175,R2,HOLD
MODERATE__HOLD_R2_K175,HOLD_R2_K175,MODERATE,253,PEO-H__0427,PE O-22:1_18:2,0.015919244986592956,1.4043997868806586e-05,COMPUTED,True,True,True,True,0.3303710154344505,0.9888056550432852,0.7444616792874118,PE,0.337294176164278,,127,singleton_control,,,,,,,,,47,,2.0,175,R2,HOLD
MODERATE__HOLD_R2_K175,HOLD_R2_K175,MODERATE,254,PEO-H__0185,PE O-18:2_22:2,0.0022981539594550317,1.214608091322354e-07,COMPUTED,True,False,False,False,0.12665676335127843,0.9852875191058946,0.9852489905480893,PE,0.044470167971558366,,,UNASSIGNED_FALSE_POSITIVE,,,,,,,,,,,,175,R2,HOLD
MODERATE__HOLD_R2_K175,HOLD_R2_K175,MODERATE,255,PEO-H__0186,PE O-18:2_22:3,0.013581168014144251,6.836714760019577e-19,COMPUTED,True,True,True,True,0.11689533016188987,0.986523537683374,0.9865062605034273,PE,0.04682821117393669,B3_U44_U157,157,spectral_easy_spatial_low,0.25750410509031196,0.2556781609195402,0.2556781609195402,0.25750410509031196,0.0,0.0,0.0,0.0,175,-0.12985281532301127,1.2101381550740857,175,R2,HOLD
MODERATE__HOLD_R2_K175,HOLD_R2_K175,MODERATE,256,PEO-H__0187,PE O-18:2_22:4,0.0013322550939603313,2.3443387870222848e-07,COMPUTED,True,True,True,True,0.14828595476682938,0.9790243416279218,0.9787667375621356,PE,0.05669129626843439,B5_U140_U172,172,spectral_easy_spatial_high,0.45007881773399017,0.2859638752052545,0.2859638752052545,0.45007881773399017,0.0,0.0,0.0,0.0,159,0.9960251755292809,0.5,175,R2,HOLD
MODERATE__HOLD_R2_K175,HOLD_R2_K175,MODERATE,257,PEO-H__0188,PE O-18:2_22:5,0.013180828237833743,0.0,COMPUTED,True,True,True,True,0.26103860623460656,0.9522818262826038,0.935978921601904,PE,0.09101743804944895,B5_U87_U129,129,spectral_hard_spatial_low,0.8012939244663384,0.8002692939244664,0.8002692939244664,0.8012939244663384,0.863062987826596,0.1509433962264151,0.4893554182240899,0.0,107,-0.1556012206784319,2.0,175,R2,HOLD
MODERATE__HOLD_R2_K175,HOLD_R2_K175,MODERATE,258,PEO-H__0189,PE O-18:2_22:6,0.006041329022333573,1.4017061105421316e-08,COMPUTED,True,False,False,False,0.4310647780235847,0.8859525621257368,0.8285086731249719,PE,0.12891145232614937,,,UNASSIGNED_FALSE_POSITIVE,,,,,,,,,,,,175,R2,HOLD
MODERATE__HOLD_R2_K175,HOLD_R2_K175,MODERATE,259,PEO-H__0208,PE O-18:3_20:3,0.015333145693353617,6.836714760019577e-19,COMPUTED,True,True,True,True,0.14272429629361114,0.9852235586914223,0.9837096338633671,PE,0.03704042840064109,,117,singleton_control,,,,,,,,,323,,2.0,175,R2,HOLD
MODERATE__HOLD_R2_K175,HOLD_R2_K175,MODERATE,260,PEO-H__0211,PE O-18:3_22:0,0.004969736595784215,5.556926876666795e-07,COMPUTED,True,False,False,False,0.6471690508908507,0.9909569381714911,0.4799427523048661,PE,0.2301307579031726,,,UNASSIGNED_FALSE_POSITIVE,,,,,,,,,,,,175,R2,HOLD
MODERATE__HOLD_R2_K175,HOLD_R2_K175,MODERATE,261,PEO-H__0214,PE O-18:3_22:3,0.018241564930094947,8.35257287090255e-07,COMPUTED,True,True,True,True,0.12439321564387905,0.986523537683374,0.9865062605034273,PE,0.03933032569194751,B4_U104_U161,161,spectral_hard_spatial_high,0.7374532019704434,0.7812118226600986,0.7374532019704434,0.7812118226600986,0.029711301511644837,0.056179775280898875,0.029425481080014693,0.00018183622956154135,146,0.9851598029163144,1.4538436095675817,175,R2,HOLD
MODERATE__HOLD_R2_K175,HOLD_R2_K175,MODERATE,262,PEO-H__0215,PE O-18:3_22:4,0.010525462446547113,0.0,COMPUTED,True,False,False,False,0.1395747875215276,0.9809547878114457,0.9808689663219521,PE,0.05509434435742558,,,UNASSIGNED_FALSE_POSITIVE,,,,,,,,,,,,175,R2,HOLD
MODERATE__HOLD_R2_K175,HOLD_R2_K175,MODERATE,263,PEO-H__0216,PE O-18:3_22:5,0.014028351856874344,8.316523903442057e-07,COMPUTED,True,True,True,True,0.24245622912169137,0.9538166594574129,0.944720452955995,PE,0.08542067730299038,B2_U88_U158,88,spectral_easy_spatial_high,0.28778981937602627,0.265392446633826,0.265392446633826,0.28778981937602627,0.0,0.0,0.0,0.0,246,0.9857523292651524,2.0,175,R2,HOLD
MODERATE__HOLD_R2_K175,HOLD_R2_K175,MODERATE,264,PEO-H__0217,PE O-18:3_22:6,0.0033556790855723095,4.117857525676308e-11,COMPUTED,True,False,False,False,0.4000023234384312,0.8826794057114574,0.8285086731249719,PE,0.15997390691130292,,,UNASSIGNED_FALSE_POSITIVE,,,,,,,,,,,,175,R2,HOLD
MODERATE__HOLD_R2_K175,HOLD_R2_K175,MODERATE,265,PEO-H__0235,PE O-20:0_20:2,0.0054276673114843615,1.0255072140029366e-18,COMPUTED,True,True,True,True,0.3574277360579778,0.9885666181646524,0.8711158084674012,PE,0.13364990366733687,B4_U116_U137,116,spectral_hard_spatial_low,0.6693924466338259,0.6958177339901479,0.6693924466338259,0.6958177339901479,0.024109003856100087,0.05454545454545454,0.008011443065969282,1.1445079590512938e-13,112,-0.18892471073227715,0.5,175,R2,HOLD
MODERATE__HOLD_R2_K175,HOLD_R2_K175,MODERATE,266,PEO-H__0236,PE O-20:0_20:3,0.006471567532375133,7.389938466270864e-07,COMPUTED,True,False,False,False,0.2665585874291982,0.9884825101246301,0.8455359439593595,PE,0.2673599152214919,,,UNASSIGNED_FALSE_POSITIVE,,,,,,,,,,,,175,R2,HOLD
MODERATE__HOLD_R2_K175,HOLD_R2_K175,MODERATE,267,PEO-H__0237,PE O-20:0_20:4,0.00732023989590606,3.822850438104913e-06,COMPUTED,True,True,True,True,0.526269032993801,0.9845400250879618,0.8255746285021728,PE,0.03802391643362135,B3_U24_U71,71,spectral_easy_spatial_low,0.21500985221674876,0.1539638752052545,0.1539638752052545,0.21500985221674876,0.0,0.0,0.0,0.0,210,-0.15993526896655974,0.8939526432607221,175,R2,HOLD
MODERATE__HOLD_R2_K175,HOLD_R2_K175,MODERATE,268,PEO-H__0262,PE O-20:1_20:1,0.01986287243944828,1.7431744897286088e-07,COMPUTED,True,True,True,True,0.300364327002164,0.9853143544809311,0.8874848501864849,PE,0.16047256463030118,,109,singleton_control,,,,,,,,,381,,2.0,175,R2,HOLD
MODERATE__HOLD_R2_K175,HOLD_R2_K175,MODERATE,269,PEO-H__0263,PE O-20:1_20:2,0.007031721640666036,0.0,COMPUTED,True,True,True,True,0.1653451175229508,0.9857697500316058,0.9729298295312875,PE,0.0657556111825639,,118,singleton_control,,,,,,,,,258,,2.0,175,R2,HOLD
MODERATE__HOLD_R2_K175,HOLD_R2_K175,MODERATE,270,PEO-H__0264,PE O-20:1_20:3,0.019375192503915797,9.64488505203932e-07,COMPUTED,True,True,True,True,0.20156572631951045,0.9834038435158862,0.9702868492778397,PE,0.040391770192754556,B5_U15_U96,96,spectral_easy_spatial_low,0.22036124794745482,0.2168210180623974,0.2168210180623974,0.22036124794745482,0.0,0.0,0.0,0.0,213,-0.3205481235966365,1.8682084992203376,175,R2,HOLD
MODERATE__HOLD_R2_K175,HOLD_R2_K175,MODERATE,271,PEO-H__0265,PE O-20:1_20:4,0.006822036413695688,2.3059384562832907e-08,COMPUTED,True,False,False,False,0.3379492442482309,0.9772760589772699,0.9190309912079919,PE,0.056236038581120695,,,UNASSIGNED_FALSE_POSITIVE,,,,,,,,,,,,175,R2,HOLD
MODERATE__HOLD_R2_K175,HOLD_R2_K175,MODERATE,272,PEO-H__0291,PE O-20:2_20:2,0.0020908102434142226,1.1034865048415296e-07,COMPUTED,True,False,False,False,0.16900636562700858,0.9845263698240004,0.9803192870333286,PE,0.02841221371765762,,,UNASSIGNED_FALSE_POSITIVE,,,,,,,,,,,,175,R2,HOLD
MODERATE__HOLD_R2_K175,HOLD_R2_K175,MODERATE,273,PEO-H__0292,PE O-20:2_20:3,0.003558261740926134,0.0,COMPUTED,True,True,True,True,0.1699072530804405,0.9836260273963529,0.9795654235086326,PE,0.031218531110331932,B6_U1_U164,164,spectral_easy_spatial_high,0.21636124794745484,0.21167816091954023,0.21167816091954023,0.21636124794745484,0.0,0.0,0.0,0.0,228,0.9929029888276927,0.5,175,R2,HOLD
MODERATE__HOLD_R2_K175,HOLD_R2_K175,MODERATE,274,PEO-H__0293,PE O-20:2_20:4,3.5570025674082784e-07,,NOT_COMPUTED,False,False,False,False,0.24665164194411826,0.9798178695906962,0.9504794809695133,PE,0.0641356748111262,,,UNASSIGNED_FALSE_POSITIVE,,,,,,,,,,,,175,R2,HOLD
MODERATE__HOLD_R2_K175,HOLD_R2_K175,MODERATE,275,PEO-H__0320,PE O-20:3_20:3,0.0009578814324201345,,NOT_COMPUTED,False,True,True,True,0.1678765453740962,0.9829060245747678,0.9805525162756342,PE,0.02838033431556483,B5_U6_U163,163,spectral_easy_spatial_high,0.21064696223316914,0.21167816091954023,0.21064696223316914,0.21167816091954023,0.0,0.0,0.0,0.0,256,0.9973700273219313,2.0,175,R2,HOLD
MODERATE__HOLD_R2_K175,HOLD_R2_K175,MODERATE,276,PEO-H__0321,PE O-20:3_20:4,0.004428835413048083,0.0,COMPUTED,True,True,True,True,0.2145730867610224,0.9824124426110163,0.9692667770392721,PE,0.03143893515640733,,156,singleton_control,,,,,,,,,327,,1.4538436095675817,175,R2,HOLD
MODERATE__HOLD_R2_K175,HOLD_R2_K175,MODERATE,277,PG-H__0044,PG 14:0_20:0,0.004694114467304439,0.0,COMPUTED,True,True,True,True,0.7233219574944608,0.7740328453451822,0.5980499698063078,PG,0.0781368584247818,B1_U55_U166,55,spectral_hard_spatial_high,0.6350459770114942,0.4994794745484401,0.4994794745484401,0.6350459770114942,5.4784816002420185e-05,0.057971014492753624,1.3577589930630295e-05,0.0,378,0.9952953984757973,0.5,175,R2,HOLD
MODERATE__HOLD_R2_K175,HOLD_R2_K175,MODERATE,278,PG-H__0045,PG 16:0_18:0,0.0052403117916663185,1.0485320885155263e-05,COMPUTED,True,True,True,True,0.2730282086736678,0.7320003904966144,0.5980499698063078,PG,0.5284306072455749,,91,singleton_control,,,,,,,,,284,,0.5,175,R2,HOLD
MODERATE__HOLD_R2_K175,HOLD_R2_K175,MODERATE,279,PG-H__0051,PG 14:0_22:5,0.008784659979783106,5.476098329768737e-06,COMPUTED,True,True,True,True,0.3916326572569566,0.8740294125875786,0.7074638893034806,PG,0.3151168353722158,B5_U87_U129,87,spectral_hard_spatial_low,0.8012939244663384,0.8002692939244664,0.8002692939244664,0.8012939244663384,0.863062987826596,0.1509433962264151,0.4893554182240899,0.0,256,-0.1556012206784319,0.6170676298438253,175,R2,HOLD
MODERATE__HOLD_R2_K175,HOLD_R2_K175,MODERATE,280,PG-H__0052,PG 16:0_20:5,0.021789029594534715,4.258332579538788e-06,COMPUTED,True,True,True,True,0.3586980333079263,0.7784577318028689,0.6100413124133977,PG,0.43367157561769326,,106,singleton_control,,,,,,,,,308,,2.0,175,R2,HOLD
MODERATE__HOLD_R2_K175,HOLD_R2_K175,MODERATE,281,PG-H__0053,PG 16:1_20:4,0.0002975846112718296,,NOT_COMPUTED,False,False,False,False,0.42128232363155954,0.9327341411025302,0.7074638893034806,PG,0.2854671689976129,,,UNASSIGNED_FALSE_POSITIVE,,,,,,,,,,,,175,R2,HOLD
MODERATE__HOLD_R2_K175,HOLD_R2_K175,MODERATE,282,PG-H__0054,PG 18:2_18:3,0.0010810056598943906,0.0,COMPUTED,True,False,False,False,0.3382696779534152,0.8248460600779068,0.7122906679448936,PG,0.3636149310519521,,,UNASSIGNED_FALSE_POSITIVE,,,,,,,,,,,,175,R2,HOLD
MODERATE__HOLD_R2_K175,HOLD_R2_K175,MODERATE,283,PG-H__0056,PG 14:0_22:4,0.0,,NOT_COMPUTED,False,False,False,False,0.16089959008702454,0.9416726959262552,0.9505858327305802,PG,0.14956228295362672,,,UNASSIGNED_FALSE_POSITIVE,,,,,,,,,,,,175,R2,HOLD
MODERATE__HOLD_R2_K175,HOLD_R2_K175,MODERATE,284,PG-H__0057,PG 16:0_20:4,3.5443771982189984e-08,,NOT_COMPUTED,False,False,False,False,0.14379851807726615,0.9374555358323216,0.8955038721004012,PG,0.30125520345889656,,,UNASSIGNED_FALSE_POSITIVE,,,,,,,,,,,,175,R2,HOLD
MODERATE__HOLD_R2_K175,HOLD_R2_K175,MODERATE,285,PG-H__0058,PG 16:1_20:3,0.0,,NOT_COMPUTED,False,False,False,False,0.22255220982248494,0.9604470093424138,0.9505858327305802,PG,0.08790966321816632,,,UNASSIGNED_FALSE_POSITIVE,,,,,,,,,,,,175,R2,HOLD
MODERATE__HOLD_R2_K175,HOLD_R2_K175,MODERATE,286,PG-H__0059,PG 18:1_18:3,6.514287087331255e-07,,NOT_COMPUTED,False,False,False,False,0.2765752615706676,0.817951549214987,0.6479205988486453,PG,0.4851326204862354,,,UNASSIGNED_FALSE_POSITIVE,,,,,,,,,,,,175,R2,HOLD
MODERATE__HOLD_R2_K175,HOLD_R2_K175,MODERATE,287,PG-H__0060,PG 18:2_18:2,0.0,,NOT_COMPUTED,False,False,False,False,0.18259721218393685,0.9910296758828884,0.7729457639795125,PG,0.4518748880270398,,,UNASSIGNED_FALSE_POSITIVE,,,,,,,,,,,,175,R2,HOLD
MODERATE__HOLD_R2_K175,HOLD_R2_K175,MODERATE,288,PG-H__0062,PG 14:0_22:3,0.009108952434714908,0.0,COMPUTED,True,True,True,True,0.08672432217020402,0.9402021823761977,0.9838117810560387,PG,0.09248053115510325,,132,singleton_control,,,,,,,,,90,,1.0000000000000002,175,R2,HOLD
MODERATE__HOLD_R2_K175,HOLD_R2_K175,MODERATE,289,PG-H__0063,PG 16:0_20:3,0.004676630528711213,1.4033073182231218e-07,COMPUTED,True,False,False,False,0.08072333624957098,0.945604719735853,0.9733932857889159,PG,0.14841747456565207,,,UNASSIGNED_FALSE_POSITIVE,,,,,,,,,,,,175,R2,HOLD
MODERATE__HOLD_R2_K175,HOLD_R2_K175,MODERATE,290,PG-H__0064,PG 16:1_20:2,0.00016676349432873978,,NOT_COMPUTED,False,False,False,False,0.12567904821660042,0.9496476461038932,0.9838117810560387,PG,0.05352580510870686,,,UNASSIGNED_FALSE_POSITIVE,,,,,,,,,,,,175,R2,HOLD
MODERATE__HOLD_R2_K175,HOLD_R2_K175,MODERATE,291,PG-H__0065,PG 18:0_18:3,0.0012642492166470025,0.0,COMPUTED,True,False,False,False,0.2545735512048524,0.8165137245448504,0.6169711287365801,PG,0.5324122341213569,,,UNASSIGNED_FALSE_POSITIVE,,,,,,,,,,,,175,R2,HOLD
MODERATE__HOLD_R2_K175,HOLD_R2_K175,MODERATE,292,PG-H__0066,PG 18:1_18:2,0.009013509800632896,2.1613257682903526e-06,COMPUTED,True,True,True,True,0.18514361914509317,0.8693484458976806,0.6250586943098834,PG,0.5954341339760317,,75,singleton_control,,,,,,,,,285,,1.4538436095675817,175,R2,HOLD
MODERATE__HOLD_R2_K175,HOLD_R2_K175,MODERATE,293,PG-H__0068,PG 14:0_22:2,0.0008220168382852124,,NOT_COMPUTED,False,False,False,False,0.06638483445544971,0.9265835270984321,0.9917278076514663,PG,0.06197386424010526,,,UNASSIGNED_FALSE_POSITIVE,,,,,,,,,,,,175,R2,HOLD
MODERATE__HOLD_R2_K175,HOLD_R2_K175,MODERATE,294,PG-H__0069,PG 16:0_20:2,0.01611651747503251,0.0,COMPUTED,True,True,True,True,0.06404391649487126,0.9219327136957365,0.9793705984567973,PG,0.1380284242110617,B3_U102_U170,170,spectral_hard_spatial_low,0.7658210180623974,0.7055155993431855,0.7055155993431855,0.7658210180623974,0.007914666227192781,0.13043478260869565,0.0014926923397019498,0.0,390,-0.13899964246571633,1.8682084992203376,175,R2,HOLD
MODERATE__HOLD_R2_K175,HOLD_R2_K175,MODERATE,295,PG-H__0070,PG 16:1_20:1,0.014857025701552014,3.0199406343068554e-06,COMPUTED,True,True,True,True,0.09626468926765062,0.9360510343034749,0.9917278076514663,PG,0.032094009427904344,,162,singleton_control,,,,,,,,,330,,0.689110922829001,175,R2,HOLD
MODERATE__HOLD_R2_K175,HOLD_R2_K175,MODERATE,296,PG-H__0071,PG 18:0_18:2,0.017575497428960276,0.0,COMPUTED,True,False,False,False,0.17839411678077585,0.8899710102713989,0.6336685217403919,PG,0.595210565570195,,,UNASSIGNED_FALSE_POSITIVE,,,,,,,,,,,,175,R2,HOLD
MODERATE__HOLD_R2_K175,HOLD_R2_K175,MODERATE,297,PG-H__0072,PG 18:1_18:1,0.008202814370026769,0.0,COMPUTED,True,True,True,True,0.20074680321951024,0.9552207873236039,0.6787772262314156,PG,0.5335974465364102,,168,singleton_control,,,,,,,,,210,,2.0,175,R2,HOLD
MODERATE__HOLD_R2_K175,HOLD_R2_K175,MODERATE,298,PG-H__0074,PG 14:0_22:1,0.001147212278054635,0.0,COMPUTED,True,False,False,False,0.2477557680566548,0.871228342388368,0.9631691173504493,PG,0.02114059001157273,,,UNASSIGNED_FALSE_POSITIVE,,,,,,,,,,,,175,R2,HOLD
MODERATE__HOLD_R2_K175,HOLD_R2_K175,MODERATE,299,PG-H__0075,PG 16:0_20:1,0.0050486288837836854,2.1313593887929368e-07,COMPUTED,True,False,False,False,0.10277086760820646,0.9061811884274051,0.9631691173504493,PG,0.16612549046002106,,,UNASSIGNED_FALSE_POSITIVE,,,,,,,,,,,,175,R2,HOLD
MODERATE__HOLD_R2_K175,HOLD_R2_K175,MODERATE,300,PG-H__0076,PG 20:0_16:1,0.003823495177745843,7.518734919227668e-07,COMPUTED,True,True,True,True,0.27509463736924117,0.8206488603123235,0.698936050874339,PG,0.4400895324696777,B7_U2_U103,103,spectral_easy_spatial_high,0.2920147783251231,0.2561346469622332,0.2561346469622332,0.2920147783251231,6.252788469979046e-16,0.0,5.733092530960153e-16,0.0,277,0.994186558450151,0.5,175,R2,HOLD
MODERATE__HOLD_R2_K175,HOLD_R2_K175,MODERATE,301,PG-H__0077,PG 18:0_18:1,0.007417668536731031,1.7091786900048944e-18,COMPUTED,True,True,True,True,0.22385302590484416,0.857321011866293,0.6334015594256638,PG,0.5499702514118422,,114,singleton_control,,,,,,,,,266,,1.2101381550740857,175,R2,HOLD
MODERATE__HOLD_R2_K175,HOLD_R2_K175,MODERATE,302,PG-H__0079,PG 14:0_22:0,0.009610248111733447,0.0,COMPUTED,True,True,True,True,0.39347230654553556,0.7936099239641267,0.9098349737758338,PG,0.021497958044986498,B2_U58_U139,58,spectral_easy_spatial_low,0.2837898193760263,0.2425353037766831,0.2425353037766831,0.2837898193760263,0.0,0.0,0.0,0.0,375,-0.2307182720743274,0.5,175,R2,HOLD
MODERATE__HOLD_R2_K175,HOLD_R2_K175,MODERATE,303,PG-H__0080,PG 16:0_20:0,0.002545509372377384,0.0,COMPUTED,True,False,False,False,0.1602949985961718,0.7895886904138678,0.9098349737758338,PG,0.25467526599435025,,,UNASSIGNED_FALSE_POSITIVE,,,,,,,,,,,,175,R2,HOLD
MODERATE__HOLD_R2_K175,HOLD_R2_K175,MODERATE,304,PG-H__0081,PG 18:0_18:0,0.021589160654645823,4.330505240468384e-05,COMPUTED,True,True,True,True,0.27746580180873914,0.8568501347183278,0.7773785184240168,PG,0.3515672967583239,,130,singleton_control,,,,,,,,,319,,2.0,175,R2,HOLD
MODERATE__HOLD_R2_K175,HOLD_R2_K175,MODERATE,305,PG-H__0083,PG 16:1_22:6,0.004378309392703277,3.830133608272148e-06,COMPUTED,True,False,False,False,0.3058230202104568,0.9780045750710121,0.9234151866260575,PG,0.07797952421618376,,,UNASSIGNED_FALSE_POSITIVE,,,,,,,,,,,,175,R2,HOLD
MODERATE__HOLD_R2_K175,HOLD_R2_K175,MODERATE,306,PG-H__0084,PG 18:2_20:5,0.010992196272610132,9.686773839336333e-07,COMPUTED,True,True,True,True,0.45600375389372205,0.9631467226016989,0.8063714203716793,PG,0.13540569175942307,,72,singleton_control,,,,,,,,,277,,1.0760213163243861,175,R2,HOLD
MODERATE__HOLD_R2_K175,HOLD_R2_K175,MODERATE,307,PG-H__0085,PG 18:3_20:4,0.001218360054833962,0.0,COMPUTED,True,False,False,False,0.36662092140260855,0.9796724074104938,0.8883052400815383,PG,0.09263260383555505,,,UNASSIGNED_FALSE_POSITIVE,,,,,,,,,,,,175,R2,HOLD
MODERATE__HOLD_R2_K175,HOLD_R2_K175,MODERATE,308,PG-H__0087,PG 16:0_22:6,0.007507574303112132,8.790408146034172e-06,COMPUTED,True,True,True,True,0.42771565508602566,0.9755490303044848,0.7991402195004995,PG,0.17342901101082447,B4_U25_U52,52,spectral_easy_spatial_low,0.33451067323481115,0.16996387520525452,0.16996387520525452,0.33451067323481115,0.0,0.0,0.0,0.0,229,-0.22693333239390043,0.5,175,R2,HOLD
MODERATE__HOLD_R2_K175,HOLD_R2_K175,MODERATE,309,PG-H__0088,PG 16:1_22:5,0.00794919657274697,0.0,COMPUTED,True,True,True,True,0.33527002658239174,0.9821921171688058,0.8657216005624764,PG,0.16525580723594785,,86,singleton_control,,,,,,,,,106,,1.2101381550740857,175,R2,HOLD
MODERATE__HOLD_R2_K175,HOLD_R2_K175,MODERATE,310,PG-H__0089,PG 18:1_20:5,0.0065258213484533124,6.836714760019577e-19,COMPUTED,True,True,True,True,0.43403628582268905,0.9724669479844656,0.7719148349631345,PG,0.20168966737085237,B6_U98_U173,98,spectral_hard_spatial_low,0.8597422003284073,0.8148932676518884,0.8148932676518884,0.8597422003284073,0.30495556103333243,0.09420289855072464,0.25432212290238715,4.209341811130732e-09,85,-0.22379449192543582,0.5,175,R2,HOLD
MODERATE__HOLD_R2_K175,HOLD_R2_K175,MODERATE,311,PG-H__0090,PG 18:2_20:4,0.0020978856496320984,0.0,COMPUTED,True,False,False,False,0.34092969232903264,0.9616518591994055,0.8407820069293783,PG,0.2004441312197301,,,UNASSIGNED_FALSE_POSITIVE,,,,,,,,,,,,175,R2,HOLD
MODERATE__HOLD_R2_K175,HOLD_R2_K175,MODERATE,312,PG-H__0093,PG 16:0_22:5,0.0002192087572435981,,NOT_COMPUTED,False,False,False,False,0.3489957354663407,0.989185985750406,0.7094802301100912,PG,0.35572960328836306,,,UNASSIGNED_FALSE_POSITIVE,,,,,,,,,,,,175,R2,HOLD
MODERATE__HOLD_R2_K175,HOLD_R2_K175,MODERATE,313,PG-H__0094,PG 16:1_22:4,0.0007631556326313491,,NOT_COMPUTED,False,False,False,False,0.3345858310837336,0.9872300880237134,0.7237928267837014,PG,0.35543151934773115,,,UNASSIGNED_FALSE_POSITIVE,,,,,,,,,,,,175,R2,HOLD
MODERATE__HOLD_R2_K175,HOLD_R2_K175,MODERATE,314,PG-H__0095,PG 18:0_20:5,0.003610951893552684,0.0,COMPUTED,True,True,True,True,0.3912132251385195,0.9850297730134422,0.6681402735052041,PG,0.3528221066303361,,123,singleton_control,,,,,,,,,293,,0.5,175,R2,HOLD
MODERATE__HOLD_R2_K175,HOLD_R2_K175,MODERATE,315,PG-H__0096,PG 18:1_20:4,0.0002658592074150014,,NOT_COMPUTED,False,False,False,False,0.3168478513612436,0.9304715731040568,0.7322783668462833,PG,0.3641575769937292,,,UNASSIGNED_FALSE_POSITIVE,,,,,,,,,,,,175,R2,HOLD
MODERATE__HOLD_R2_K175,HOLD_R2_K175,MODERATE,316,PG-H__0097,PG 18:2_20:3,0.0009045445660699575,,NOT_COMPUTED,False,False,False,False,0.30467147072044287,0.9537646675247846,0.7413210216841658,PG,0.36647914040134144,,,UNASSIGNED_FALSE_POSITIVE,,,,,,,,,,,,175,R2,HOLD
MODERATE__HOLD_R2_K175,HOLD_R2_K175,MODERATE,317,PG-H__0098,PG 20:2_18:3,3.358782942471462e-07,,NOT_COMPUTED,False,False,False,False,0.29870029929230885,0.7015593202838116,0.6351189111575694,PG,0.47371407699157647,,,UNASSIGNED_FALSE_POSITIVE,,,,,,,,,,,,175,R2,HOLD
MODERATE__HOLD_R2_K175,HOLD_R2_K175,MODERATE,318,PG-H__0099,PG 14:0_24:4,0.006691584119346841,1.5158156581009875e-08,COMPUTED,True,True,True,True,0.2364766144017557,0.9336814199983869,0.7637798863769096,PG,0.409000174620185,B5_U140_U172,140,spectral_easy_spatial_high,0.45007881773399017,0.2859638752052545,0.2859638752052545,0.45007881773399017,0.0,0.0,0.0,0.0,159,0.9960251755292809,1.0000000000000002,175,R2,HOLD
MODERATE__HOLD_R2_K175,HOLD_R2_K175,MODERATE,319,PG-H__0100,PG 16:0_22:4,0.021894247159043142,5.491347743612106e-07,COMPUTED,True,True,True,True,0.20371874124768685,0.9923755383909935,0.7623938636553828,PG,0.44339453837236364,,160,singleton_control,,,,,,,,,228,,1.0760213163243861,175,R2,HOLD
MODERATE__HOLD_R2_K175,HOLD_R2_K175,MODERATE,320,PG-H__0101,PG 16:1_22:3,0.01166496019076975,1.609968882205975e-07,COMPUTED,True,True,True,True,0.23838939494724698,0.9816952449555878,0.8489350701121507,PG,0.29010776373355207,B1_U18_U144,144,spectral_easy_spatial_low,0.20493267651888342,0.2025353037766831,0.2025353037766831,0.20493267651888342,0.0,0.0,0.0,0.0,285,-0.22266067809064802,1.8682084992203376,175,R2,HOLD
MODERATE__HOLD_R2_K175,HOLD_R2_K175,MODERATE,321,PG-H__0102,PG 18:0_20:4,0.0016712312370945435,2.772089784523248e-06,COMPUTED,True,False,False,False,0.208514138364971,0.9681638035480906,0.7129302431802385,PG,0.4927208210879688,,,UNASSIGNED_FALSE_POSITIVE,,,,,,,,,,,,175,R2,HOLD
MODERATE__HOLD_R2_K175,HOLD_R2_K175,MODERATE,322,PG-H__0103,PG 18:1_20:3,0.006724947899660947,7.094404255415335e-07,COMPUTED,True,False,False,False,0.20356606656639115,0.9658056478918986,0.7232937501766658,PG,0.4869744108535607,,,UNASSIGNED_FALSE_POSITIVE,,,,,,,,,,,,175,R2,HOLD
MODERATE__HOLD_R2_K175,HOLD_R2_K175,MODERATE,323,PG-H__0104,PG 18:2_20:2,0.030334305150337637,4.301844834433098e-07,COMPUTED,True,True,True,True,0.26810270421335247,0.9325718345250835,0.8489350701121507,PG,0.2603944544674466,,119,singleton_control,,,,,,,,,166,,2.0,175,R2,HOLD
MODERATE__HOLD_R2_K175,HOLD_R2_K175,MODERATE,324,PG-H__0105,PG 20:1_18:3,0.008143601671644785,6.498674167721177e-07,COMPUTED,True,True,True,True,0.23811465068961957,0.9659907277452849,0.7775930923942953,PG,0.39065317821122125,,89,singleton_control,,,,,,,,,221,,1.0760213163243861,175,R2,HOLD
MODERATE__HOLD_R2_K175,HOLD_R2_K175,MODERATE,325,PG-H__0455,PG 17:0_18:0,0.012530175124742297,0.0001733303777049641,COMPUTED,True,True,True,True,0.5692674122568047,0.7118582510946688,0.5724491711078749,PG,0.2506727968425583,,11,singleton_control,,,,,,,,,290,,1.2101381550740857,175,R2,HOLD
MODERATE__HOLD_R2_K175,HOLD_R2_K175,MODERATE,326,PG-H__0456,PG 17:0_18:1,5.6470007729389665e-05,,NOT_COMPUTED,False,False,False,False,0.6327722887636469,0.9100871245491317,0.6128588478055358,PG,0.15742011354510166,,,UNASSIGNED_FALSE_POSITIVE,,,,,,,,,,,,175,R2,HOLD
MODERATE__HOLD_R2_K175,HOLD_R2_K175,MODERATE,327,PG-H__0457,PG 17:0_18:2,0.01389021463263058,9.59464898999123e-07,COMPUTED,True,True,True,True,0.3764851143957298,0.9263229165510191,0.6317309645620319,PG,0.3987025973319038,,79,singleton_control,,,,,,,,,146,,1.8682084992203376,175,R2,HOLD
MODERATE__HOLD_R2_K175,HOLD_R2_K175,MODERATE,328,PG-H__0459,PG 17:0_20:0,0.02054865704476839,0.001173440653645937,COMPUTED,True,True,True,True,0.8310149974793403,0.9206618024583055,0.4714442278210306,PG,0.050880880759260116,B5_U6_U163,6,spectral_easy_spatial_high,0.21064696223316914,0.21167816091954023,0.21064696223316914,0.21167816091954023,0.0,0.0,0.0,0.0,256,0.9973700273219313,2.0,175,R2,HOLD
MODERATE__HOLD_R2_K175,HOLD_R2_K175,MODERATE,329,PG-H__0460,PG 17:0_20:1,0.019954334727650003,0.00023441078400006853,COMPUTED,True,True,True,True,0.7656382983426151,0.9467690930810565,0.46725613989146997,PG,0.11848369535153747,B7_U20_U40,20,spectral_easy_spatial_high,0.15807553366174054,0.15053530377668312,0.15053530377668312,0.15807553366174054,0.0,0.0,0.0,0.0,93,0.9961389664476468,2.0,175,R2,HOLD
MODERATE__HOLD_R2_K175,HOLD_R2_K175,MODERATE,330,PG-H__0461,PG 17:0_20:2,0.011034383681946185,0.0,COMPUTED,True,False,False,False,0.10023340318631115,0.9691815015571644,0.9589290654283743,PG,0.18341258652033826,,,UNASSIGNED_FALSE_POSITIVE,,,,,,,,,,,,175,R2,HOLD
MODERATE__HOLD_R2_K175,HOLD_R2_K175,MODERATE,331,PG-H__0462,PG 17:0_20:3,0.01969710907015352,7.955858608648368e-09,COMPUTED,True,True,True,True,0.15645235358917814,0.9898819477902964,0.9156445871464431,PG,0.24553643982354834,B4_U116_U137,137,spectral_hard_spatial_low,0.6693924466338259,0.6958177339901479,0.6693924466338259,0.6958177339901479,0.024109003856100087,0.05454545454545454,0.008011443065969282,1.1445079590512938e-13,152,-0.18892471073227715,2.0,175,R2,HOLD
MODERATE__HOLD_R2_K175,HOLD_R2_K175,MODERATE,332,PG-H__0463,PG 17:0_20:4,0.000901699274614374,,NOT_COMPUTED,False,True,True,True,0.333380957182523,0.9887826418894832,0.7722623353641875,PG,0.3019228169112968,B5_U49_U110,110,spectral_easy_spatial_low,0.21407553366174054,0.19910673234811166,0.19910673234811166,0.21407553366174054,0.0,0.0,0.0,0.0,336,-0.22239446664132356,0.5,175,R2,HOLD
MODERATE__HOLD_R2_K175,HOLD_R2_K175,MODERATE,333,PG-H__0464,PG 17:0_20:5,0.008027441704842502,1.2042137443953684e-06,COMPUTED,True,False,False,False,0.4773765897889221,0.9811934844127886,0.7108936864274412,PG,0.2259228959194089,,,UNASSIGNED_FALSE_POSITIVE,,,,,,,,,,,,175,R2,HOLD
MODERATE__HOLD_R2_K175,HOLD_R2_K175,MODERATE,334,PG-H__0477,PG 18:0_17:1,8.844227227226574e-06,,NOT_COMPUTED,False,False,False,False,0.4056545540310176,0.8369962841799066,0.7298783637230274,PG,0.2779224892998685,,,UNASSIGNED_FALSE_POSITIVE,,,,,,,,,,,,175,R2,HOLD
MODERATE__HOLD_R2_K175,HOLD_R2_K175,MODERATE,335,PG-H__0478,PG 17:1_18:1,0.004234319449994915,1.691026825188069e-08,COMPUTED,True,False,False,False,0.6168343533979017,0.9481350834683965,0.6317309645620319,PG,0.15835335832973185,,,UNASSIGNED_FALSE_POSITIVE,,,,,,,,,,,,175,R2,HOLD
MODERATE__HOLD_R2_K175,HOLD_R2_K175,MODERATE,336,PG-H__0479,PG 17:1_18:2,0.0,,NOT_COMPUTED,False,False,False,False,0.7709258001816848,0.9438998760729628,0.5482473093294393,PG,0.06539046045960517,,,UNASSIGNED_FALSE_POSITIVE,,,,,,,,,,,,175,R2,HOLD
MODERATE__HOLD_R2_K175,HOLD_R2_K175,MODERATE,337,PG-H__0481,PG 20:0_17:1,0.00036188895300589744,,NOT_COMPUTED,False,False,False,False,0.2654323776683324,0.9829394646770109,0.8238355564584399,PG,0.3013964994319903,,,UNASSIGNED_FALSE_POSITIVE,,,,,,,,,,,,175,R2,HOLD
MODERATE__HOLD_R2_K175,HOLD_R2_K175,MODERATE,338,PG-H__0482,PG 17:1_20:1,0.011788160118810698,1.7150257056337651e-06,COMPUTED,True,True,True,True,0.266391512522408,0.9726361074886047,0.9589290654283743,PG,0.01725447718424139,,63,singleton_control,,,,,,,,,327,,2.0,175,R2,HOLD
MODERATE__HOLD_R2_K175,HOLD_R2_K175,MODERATE,339,PG-H__0483,PG 17:1_20:2,0.004094533924939984,1.208753479176668e-07,COMPUTED,True,False,False,False,0.3618393165271139,0.9965803996234099,0.9156445871464431,PG,0.0401494768856126,,,UNASSIGNED_FALSE_POSITIVE,,,,,,,,,,,,175,R2,HOLD
MODERATE__HOLD_R2_K175,HOLD_R2_K175,MODERATE,340,PG-H__0484,PG 17:1_20:3,0.005378451878665619,1.106857177988838e-09,COMPUTED,True,False,False,False,0.47559446497964003,0.9942019114139844,0.7722623353641875,PG,0.15970930911417974,,,UNASSIGNED_FALSE_POSITIVE,,,,,,,,,,,,175,R2,HOLD
MODERATE__HOLD_R2_K175,HOLD_R2_K175,MODERATE,341,PG-H__0485,PG 17:1_20:4,0.004161863963840034,0.0,COMPUTED,True,True,True,True,0.4831275545644737,0.9853779862370524,0.7051431660870239,PG,0.22593740389897193,B3_U12_U42,42,spectral_easy_spatial_high,0.1672183908045977,0.3398193760262726,0.1672183908045977,0.3398193760262726,1.4623140112901648e-06,0.025477707006369428,1.0471864266050674e-06,0.0,349,0.9956088213149427,0.7303443264893795,175,R2,HOLD
MODERATE__HOLD_R2_K175,HOLD_R2_K175,MODERATE,342,PG-H__0502,PG 17:0_17:0,0.002405584381726433,2.171085443712783e-07,COMPUTED,True,False,False,False,0.31615195069938173,0.8879810420856676,0.8460604591945621,PG,0.21693500223370843,,,UNASSIGNED_FALSE_POSITIVE,,,,,,,,,,,,175,R2,HOLD
MODERATE__HOLD_R2_K175,HOLD_R2_K175,MODERATE,343,PC+HCOO__0032,PC 14:0_18:0,0.0019176294436040737,3.095412759081748e-06,COMPUTED,True,False,False,False,0.4124557378851926,0.7261090115981036,0.7261069425354261,PC,0.2751260448882135,,,UNASSIGNED_FALSE_POSITIVE,,,,,,,,,,,,175,R2,HOLD
MODERATE__HOLD_R2_K175,HOLD_R2_K175,MODERATE,344,PC+HCOO__0033,PC 14:0_18:1,2.0864622013368404e-07,,NOT_COMPUTED,False,False,False,False,0.2403996776773795,0.8770364515462538,0.8770285044290003,PC,0.24003866635755597,,,UNASSIGNED_FALSE_POSITIVE,,,,,,,,,,,,175,R2,HOLD
MODERATE__HOLD_R2_K175,HOLD_R2_K175,MODERATE,345,PC+HCOO__0056,PC 16:0_16:0,2.7399073174245533e-09,,NOT_COMPUTED,False,False,False,False,0.00439247404365462,0.9997981100893683,0.9997979854471082,PC,0.01570698604620962,,,UNASSIGNED_FALSE_POSITIVE,,,,,,,,,,,,175,R2,HOLD
MODERATE__HOLD_R2_K175,HOLD_R2_K175,MODERATE,346,PC+HCOO__0057,PC 16:0_16:1,0.0,,NOT_COMPUTED,False,False,False,False,0.2950266638772892,0.8916824709922263,0.8916818640206591,PC,0.157635962563908,,,UNASSIGNED_FALSE_POSITIVE,,,,,,,,,,,,175,R2,HOLD
MODERATE__HOLD_R2_K175,HOLD_R2_K175,MODERATE,347,PC+HCOO__0474,PC 14:0_17:1,0.00017209124574347112,,NOT_COMPUTED,False,False,False,False,0.09548835338967109,0.9862392575672295,0.9862355283081914,PC,0.06985819995409422,,,UNASSIGNED_FALSE_POSITIVE,,,,,,,,,,,,175,R2,HOLD
MODERATE__HOLD_R2_K175,HOLD_R2_K175,MODERATE,348,PCO+HCOO__0057,PC O-16:0_16:1,0.0,,NOT_COMPUTED,False,False,False,False,0.5447177151365321,0.8386212253764069,0.8386193091272589,PC,2.434061607825555e-07,,,UNASSIGNED_FALSE_POSITIVE,,,,,,,,,,,,175,R2,HOLD
MODERATE__HOLD_R2_K175,HOLD_R2_K175,MODERATE,349,PCO+HCOO__0082,PC O-16:1_16:1,1.7310375054681062e-07,,NOT_COMPUTED,False,False,False,False,0.511873624201587,0.8591092264429544,0.8590359045674744,PC,4.1715150479237906e-05,,,UNASSIGNED_FALSE_POSITIVE,,,,,,,,,,,,175,R2,HOLD
MODERATE__HOLD_R2_K175,HOLD_R2_K175,MODERATE,350,PCO+HCOO__0083,PC O-16:1_18:0,8.322754418779095e-08,,NOT_COMPUTED,False,False,False,False,0.578408761742055,0.8511856151913196,0.7773785184240168,PC,0.050624336825008,,,UNASSIGNED_FALSE_POSITIVE,,,,,,,,,,,,175,R2,HOLD
MODERATE__HOLD_R2_K175,HOLD_R2_K175,MODERATE,351,PCO+HCOO__0084,PC O-16:1_18:1,0.010230733788217873,0.0002602491251128185,COMPUTED,True,True,True,True,0.8076497414228311,0.6052609717953458,0.5463444239546815,PC,0.02991086558637346,B6_U1_U164,1,spectral_easy_spatial_high,0.21636124794745484,0.21167816091954023,0.21167816091954023,0.21636124794745484,0.0,0.0,0.0,0.0,228,0.9929029888276927,1.0000000000000002,175,R2,HOLD
MODERATE__HOLD_R2_K175,HOLD_R2_K175,MODERATE,352,PCO+HCOO__0085,PC O-16:1_18:2,0.0,,NOT_COMPUTED,False,False,False,False,0.905898646108516,0.4240431892510307,0.3829831503726599,PC,0.017856682174158922,,,UNASSIGNED_FALSE_POSITIVE,,,,,,,,,,,,175,R2,HOLD
MODERATE__HOLD_R2_K175,HOLD_R2_K175,MODERATE,353,PCO+HCOO__0454,PC O-16:1_17:0,3.8919631592765176e-08,,NOT_COMPUTED,False,False,False,False,0.10392782718246293,0.9363920658827259,0.9360220526851195,PC,0.24801352714682776,,,UNASSIGNED_FALSE_POSITIVE,,,,,,,,,,,,175,R2,HOLD
MODERATE__HOLD_R2_K175,HOLD_R2_K175,MODERATE,354,PCO+HCOO__0475,PC O-16:0_17:1,1.090946306495148e-07,,NOT_COMPUTED,False,False,False,False,0.21989783570473154,0.9509393044395594,0.9509369379955512,PC,0.08948694083678671,,,UNASSIGNED_FALSE_POSITIVE,,,,,,,,,,,,175,R2,HOLD
MODERATE__HOLD_R2_K175,HOLD_R2_K175,MODERATE,355,PC+CH3COO__0032,PC 14:0_18:0,0.0,,NOT_COMPUTED,False,False,False,False,0.40651003337338365,0.9037536858220203,0.9037530307776178,PC,0.02154423813931855,,,UNASSIGNED_FALSE_POSITIVE,,,,,,,,,,,,175,R2,HOLD
MODERATE__HOLD_R2_K175,HOLD_R2_K175,MODERATE,356,PC+CH3COO__0033,PC 14:0_18:1,0.0,,NOT_COMPUTED,False,False,False,False,0.18245888828111903,0.9511016162675965,0.9510996937581305,PC,0.12642518792416282,,,UNASSIGNED_FALSE_POSITIVE,,,,,,,,,,,,175,R2,HOLD
MODERATE__HOLD_R2_K175,HOLD_R2_K175,MODERATE,357,PC+CH3COO__0056,PC 16:0_16:0,0.00016336783832228424,,NOT_COMPUTED,False,False,False,False,0.01580146506998347,0.9997981100893683,0.9997979854471082,PC,0.004297995019880766,,,UNASSIGNED_FALSE_POSITIVE,,,,,,,,,,,,175,R2,HOLD
MODERATE__HOLD_R2_K175,HOLD_R2_K175,MODERATE,358,PC+CH3COO__0057,PC 16:0_16:1,2.6350671397215507e-05,,NOT_COMPUTED,False,False,False,False,0.14078117259663253,0.9182882348380778,0.9182880038412459,PC,0.2551318759396086,,,UNASSIGNED_FALSE_POSITIVE,,,,,,,,,,,,175,R2,HOLD
MODERATE__HOLD_R2_K175,HOLD_R2_K175,MODERATE,359,PC+CH3COO__0474,PC 14:0_17:1,4.083388060675555e-05,,NOT_COMPUTED,False,False,False,False,0.04847231659048648,0.9862392575672295,0.9862355283081914,PC,0.11687423675327882,,,UNASSIGNED_FALSE_POSITIVE,,,,,,,,,,,,175,R2,HOLD
MODERATE__HOLD_R2_K175,HOLD_R2_K175,MODERATE,360,PCO+CH3COO__0057,PC O-16:0_16:1,3.4174707053467216e-05,,NOT_COMPUTED,False,False,False,False,0.19936849220098288,0.8386212253764069,0.8386193091272589,PC,0.34534946634171004,,,UNASSIGNED_FALSE_POSITIVE,,,,,,,,,,,,175,R2,HOLD
MODERATE__HOLD_R2_K175,HOLD_R2_K175,MODERATE,361,PCO+CH3COO__0082,PC O-16:1_16:1,0.0,,NOT_COMPUTED,False,False,False,False,0.1949832272390983,0.8591092264429544,0.8590359045674744,PC,0.3169321121129679,,,UNASSIGNED_FALSE_POSITIVE,,,,,,,,,,,,175,R2,HOLD
MODERATE__HOLD_R2_K175,HOLD_R2_K175,MODERATE,362,PCO+CH3COO__0453,PC O-16:0_17:0,0.008562743760011005,0.00012519936513020848,COMPUTED,True,True,True,True,0.7536429126805174,0.6594747873316874,0.6374616783002626,PC,0.016839149861247793,B7_U2_U103,2,spectral_easy_spatial_high,0.2920147783251231,0.2561346469622332,0.2561346469622332,0.2920147783251231,6.252788469979046e-16,0.0,5.733092530960153e-16,0.0,277,0.994186558450151,0.689110922829001,175,R2,HOLD
MODERATE__HOLD_R2_K175,HOLD_R2_K175,MODERATE,363,PCO+CH3COO__0454,PC O-16:1_17:0,0.0,,NOT_COMPUTED,False,False,False,False,0.19601713649372615,0.9363920658827259,0.9360220526851195,PC,0.15592421783556454,,,UNASSIGNED_FALSE_POSITIVE,,,,,,,,,,,,175,R2,HOLD
MODERATE__HOLD_R2_K175,HOLD_R2_K175,MODERATE,364,PCO+CH3COO__0475,PC O-16:0_17:1,2.8421457151149083e-06,,NOT_COMPUTED,False,False,False,False,0.10549498522907921,0.9509393044395594,0.9509369379955512,PC,0.20388979131243903,,,UNASSIGNED_FALSE_POSITIVE,,,,,,,,,,,,175,R2,HOLD
MODERATE__HOLD_R2_K175,HOLD_R2_K175,MODERATE,365,PCO+CH3COO__0476,PC O-16:1_17:1,9.670170834145711e-06,,NOT_COMPUTED,False,False,False,False,0.5790731778499716,0.7915991695954587,0.762421793483903,PC,0.06800719491742169,,,UNASSIGNED_FALSE_POSITIVE,,,,,,,,,,,,175,R2,HOLD
MODERATE__HOLD_R2_K175,HOLD_R2_K175,MODERATE,366,PC+Cl__0165,PC 14:0_17:1,7.940409674053538e-06,,NOT_COMPUTED,False,False,False,False,0.2483052155298588,0.9652339242076485,0.965232569833651,PC,0.013087374518761463,,,UNASSIGNED_FALSE_POSITIVE,,,,,,,,,,,,175,R2,HOLD
MODERATE__HOLD_R2_K175,HOLD_R2_K175,MODERATE,367,PC+Cl__0167,PC 14:0_18:0,0.0,,NOT_COMPUTED,False,False,False,False,0.06684283090386553,0.9037536858220203,0.9037530307776178,PC,0.3612114406088367,,,UNASSIGNED_FALSE_POSITIVE,,,,,,,,,,,,175,R2,HOLD
MODERATE__HOLD_R2_K175,HOLD_R2_K175,MODERATE,368,PC+Cl__0168,PC 14:0_18:1,6.063684666231853e-08,,NOT_COMPUTED,False,False,False,False,0.10173303336151761,0.9511016162675965,0.9510996937581305,PC,0.20715104284376423,,,UNASSIGNED_FALSE_POSITIVE,,,,,,,,,,,,175,R2,HOLD
MODERATE__HOLD_R2_K175,HOLD_R2_K175,MODERATE,369,PC+Cl__0169,PC 14:0_18:2,1.2561006919085562e-07,,NOT_COMPUTED,False,False,False,False,0.5260423696444757,0.5944314846262744,0.5375980922793575,PC,0.31715884666014715,,,UNASSIGNED_FALSE_POSITIVE,,,,,,,,,,,,175,R2,HOLD
MODERATE__HOLD_R2_K175,HOLD_R2_K175,MODERATE,370,PC+Cl__0176,PC 14:0_20:0,0.0008731085885588345,,NOT_COMPUTED,False,False,False,False,0.5174354081656964,0.6471130837014081,0.649754555119047,PC,0.24270866903417843,,,UNASSIGNED_FALSE_POSITIVE,,,,,,,,,,,,175,R2,HOLD
MODERATE__HOLD_R2_K175,HOLD_R2_K175,MODERATE,371,PC+Cl__0177,PC 14:0_20:1,0.0009507841255081375,,NOT_COMPUTED,False,False,False,False,0.40061504805859177,0.6352892103486674,0.6068571090230462,PC,0.3941959038212817,,,UNASSIGNED_FALSE_POSITIVE,,,,,,,,,,,,175,R2,HOLD
MODERATE__HOLD_R2_K175,HOLD_R2_K175,MODERATE,372,PC+Cl__0178,PC 14:0_20:2,0.011824760794631161,1.1368238917325546e-06,COMPUTED,True,True,True,True,0.3254331442131747,0.6041425983942957,0.6039971767841417,PC,0.4715533114037237,B6_U26_U82,26,spectral_easy_spatial_high,0.19121839080459768,0.41874220032840725,0.19121839080459768,0.41874220032840725,1.8412021151145245e-07,0.09285714285714286,1.8199558490736153e-07,0.0,323,0.9940261440910713,0.8939526432607221,175,R2,HOLD
MODERATE__HOLD_R2_K175,HOLD_R2_K175,MODERATE,373,PC+Cl__0179,PC 14:0_20:3,0.0030926110882831047,0.0,COMPUTED,True,False,False,False,0.39431987909766586,0.7479417800620244,0.7441651284998448,PC,0.27367582562266346,,,UNASSIGNED_FALSE_POSITIVE,,,,,,,,,,,,175,R2,HOLD
MODERATE__HOLD_R2_K175,HOLD_R2_K175,MODERATE,374,PC+Cl__0180,PC 14:0_20:4,0.006600340436265584,6.0459531442745996e-05,COMPUTED,True,True,True,True,0.6036768381098416,0.7745273553735048,0.7728249883047782,PC,0.030942368542241527,,8,singleton_control,,,,,,,,,375,,0.7802037075442214,175,R2,HOLD
MODERATE__HOLD_R2_K175,HOLD_R2_K175,MODERATE,375,PC+Cl__0219,PC 14:1_17:1,0.0012373281269621162,2.684090353267037e-07,COMPUTED,True,False,False,False,0.8078312049387865,0.36304209523983627,0.3495144909050598,PC,0.129099753375313,,,UNASSIGNED_FALSE_POSITIVE,,,,,,,,,,,,175,R2,HOLD
MODERATE__HOLD_R2_K175,HOLD_R2_K175,MODERATE,376,PC+Cl__0793,PC 18:0_14:1,5.330074058490192e-05,,NOT_COMPUTED,False,False,False,False,0.5302390072873353,0.615682288510722,0.6154179406395242,PC,0.2579619558806927,,,UNASSIGNED_FALSE_POSITIVE,,,,,,,,,,,,175,R2,HOLD
MODERATE__HOLD_R2_K175,HOLD_R2_K175,MODERATE,377,PC+Cl__1186,PC 20:0_14:1,0.00356447839541014,2.514150618619186e-07,COMPUTED,True,True,True,True,0.593367589246976,0.47707361889437966,0.4777580009686473,PC,0.2851238976272237,,10,singleton_control,,,,,,,,,295,,0.6170676298438253,175,R2,HOLD
MODERATE__HOLD_R2_K175,HOLD_R2_K175,MODERATE,378,PC+Cl__0231,PC 14:1_20:1,0.020958074787977947,4.534063378898682e-05,COMPUTED,True,True,True,True,0.4158486366407816,0.6900215947371616,0.6898906281562027,PC,0.30806497780657766,B5_U49_U110,49,spectral_easy_spatial_low,0.21407553366174054,0.19910673234811166,0.19910673234811166,0.21407553366174054,0.0,0.0,0.0,0.0,236,-0.22239446664132356,2.0,175,R2,HOLD
MODERATE__HOLD_R2_K175,HOLD_R2_K175,MODERATE,379,PC+Cl__0382,PC 16:0_16:0,3.6763344102359114e-08,,NOT_COMPUTED,False,False,False,False,0.074235030035795,0.9952284460415796,0.9952283038691733,PC,0.023338650727454557,,,UNASSIGNED_FALSE_POSITIVE,,,,,,,,,,,,175,R2,HOLD
MODERATE__HOLD_R2_K175,HOLD_R2_K175,MODERATE,380,PC+Cl__0383,PC 16:0_16:1,0.0,,NOT_COMPUTED,False,False,False,False,0.12024383132576463,0.9182882348380778,0.9182880038412459,PC,0.27566921721047655,,,UNASSIGNED_FALSE_POSITIVE,,,,,,,,,,,,175,R2,HOLD
MODERATE__HOLD_R2_K175,HOLD_R2_K175,MODERATE,381,PC+Cl__0390,PC 16:0_18:0,0.007510911189962118,6.5630591194448765e-06,COMPUTED,True,True,True,True,0.49212912704514206,0.6471130837014081,0.649754555119047,PC,0.2680149501547328,B3_U12_U42,12,spectral_easy_spatial_high,0.1672183908045977,0.3398193760262726,0.1672183908045977,0.3398193760262726,1.4623140112901648e-06,0.025477707006369428,1.0471864266050674e-06,0.0,349,0.9956088213149427,0.7802037075442214,175,R2,HOLD
MODERATE__HOLD_R2_K175,HOLD_R2_K175,MODERATE,382,PC+Cl__0391,PC 16:0_18:1,0.001710149898601328,0.0,COMPUTED,True,True,True,True,0.3986166534022413,0.6482926248318512,0.5870930826144038,PC,0.4109027795617344,,21,singleton_control,,,,,,,,,382,,0.5340342571614348,175,R2,HOLD
MODERATE__HOLD_R2_K175,HOLD_R2_K175,MODERATE,383,PC+Cl__0392,PC 16:0_18:2,0.039460161042040046,3.122473515391492e-05,COMPUTED,True,True,True,True,0.3131917397743864,0.5996238721920917,0.5958430948573314,PC,0.4899091295507795,,33,singleton_control,,,,,,,,,352,,2.0,175,R2,HOLD
MODERATE__HOLD_R2_K175,HOLD_R2_K175,MODERATE,384,PC+Cl__0435,PC 16:1_16:1,0.0,,NOT_COMPUTED,False,False,False,False,0.5387988106372762,0.6371790012593744,0.5915900402481294,PC,0.26744012682432805,,,UNASSIGNED_FALSE_POSITIVE,,,,,,,,,,,,175,R2,HOLD
MODERATE__HOLD_R2_K175,HOLD_R2_K175,MODERATE,385,PC+Cl__0797,PC 18:0_16:1,0.007537811343830036,1.604246447774321e-06,COMPUTED,True,False,False,False,0.39177303368002603,0.6110147415354648,0.5672990540674725,PC,0.4317388261338755,,,UNASSIGNED_FALSE_POSITIVE,,,,,,,,,,,,175,R2,HOLD
MODERATE__HOLD_R2_K175,HOLD_R2_K175,MODERATE,386,PC+Cl__0443,PC 16:1_18:1,0.005221747009879478,0.0,COMPUTED,True,True,True,True,0.3710824945274597,0.6900215947371616,0.6898906281562027,PC,0.3528311199198995,B1_U35_U46,35,spectral_easy_spatial_low,0.18836124794745485,0.20310673234811166,0.18836124794745485,0.20310673234811166,0.0,0.0,0.0,0.0,121,-0.515237694786358,2.0,175,R2,HOLD
MODERATE__HOLD_R2_K175,HOLD_R2_K175,MODERATE,387,PC+Cl__0444,PC 16:1_18:2,0.023162110924554405,2.961899948287793e-05,COMPUTED,True,True,True,True,0.6451321224456396,0.494520891089959,0.49342467993636147,PC,0.2246564065829395,B4_U19_U138,19,spectral_easy_spatial_high,0.21293267651888342,0.18482101806239737,0.18482101806239737,0.21293267651888342,0.0,0.0,0.0,0.0,288,0.9962770419536965,2.0,175,R2,HOLD
MODERATE__HOLD_R2_K175,HOLD_R2_K175,MODERATE,388,PC+Cl__0657,PC 17:0_17:0,0.0006700072506937677,,NOT_COMPUTED,False,False,False,False,0.3349749352720744,0.807407271036795,0.7788483732494292,PC,0.2922373186633201,,,UNASSIGNED_FALSE_POSITIVE,,,,,,,,,,,,175,R2,HOLD
MODERATE__HOLD_R2_K175,HOLD_R2_K175,MODERATE,389,PC+Cl__0658,PC 17:0_17:1,0.0006834609826201742,,NOT_COMPUTED,False,False,False,False,0.3922836268459849,0.6138364929282721,0.5912130014929557,PC,0.4142318329349733,,,UNASSIGNED_FALSE_POSITIVE,,,,,,,,,,,,175,R2,HOLD
MODERATE__HOLD_R2_K175,HOLD_R2_K175,MODERATE,390,PC+Cl__0706,PC 17:1_17:1,0.00025690970027583915,,NOT_COMPUTED,False,False,False,False,0.32843304652277755,0.6440510617032883,0.6203139041110748,PC,0.4559206111894029,,,UNASSIGNED_FALSE_POSITIVE,,,,,,,,,,,,175,R2,HOLD
