domain,lipid_name,fold,full_test_loss,deleted_test_loss,signed_gain,train_fragment_peaks,test_fragment_peaks,supported,seconds
CLEAN,PA 16:0_24:0,0,4.317888682131142e-08,0.001248612552718916,0.0012485693738320948,14,5,True,0.5308303125202656
CLEAN,PA 16:0_24:0,1,0.00017332032943014956,3.4894222549366667,3.4892489346072364,12,7,True,0.2875577285885811
CLEAN,PA 16:0_24:0,2,1.028380785687107e-08,0.005288116329531533,0.0052881060457236765,12,8,True,0.21135682612657547
CLEAN,PA 16:0_24:1,0,4.317888682131142e-08,4.317888680793105e-08,-1.3380367709539369e-17,12,4,True,0.7596679888665676
CLEAN,PA 16:0_24:1,1,0.00017332032943014956,0.00017332044547059658,1.1604044702667911e-10,10,6,True,0.9579016603529453
CLEAN,PA 16:0_24:1,2,1.028380785687107e-08,1.028380806523605e-08,2.083649798134825e-16,10,7,True,0.7436713352799416
CLEAN,PA 18:0_22:0,0,4.317888682131142e-08,4.317888681040671e-08,-1.0904708780396763e-17,16,4,True,0.750032652169466
CLEAN,PA 18:0_22:0,1,0.00017332032943014956,4.483856713824704e-05,-0.0001284817622919025,17,1,False,0.8989521749317646
CLEAN,PA 18:0_22:0,2,1.028380785687107e-08,8.93063874191606e-09,-1.3531691149550101e-09,5,16,True,0.7051698826253414
CLEAN,PA 18:0_22:1,0,4.317888682131142e-08,0.0002904517390980853,0.000290408560211264,17,1,False,0.6329395435750484
CLEAN,PA 18:0_22:1,1,0.00017332032943014956,0.07244757284825971,0.07227425251882956,13,3,True,0.6759536042809486
CLEAN,PA 18:0_22:1,2,1.028380785687107e-08,0.0005006548968852016,0.0005006446130773448,4,15,True,0.6146111376583576
CLEAN,PA 18:0_22:3,0,4.317888682131142e-08,0.00027466152821597827,0.000274618349329157,19,1,False,0.6294267140328884
CLEAN,PA 18:0_22:3,1,0.00017332032943014956,0.02357386611440152,0.023400545784971367,10,7,True,0.916995957493782
CLEAN,PA 18:0_22:3,2,1.028380785687107e-08,0.00014321668386722312,0.00014320640005936625,5,12,True,0.6527210883796215
CLEAN,PA 18:0_22:5,0,4.317888682131142e-08,0.0024372925540707907,0.0024372493751839692,16,3,True,0.546036284416914
CLEAN,PA 18:0_22:5,1,0.00017332032943014956,0.19726946011072388,0.19709613978129373,13,4,True,0.9253570102155209
CLEAN,PA 18:0_22:5,2,1.028380785687107e-08,0.0010899109433614735,0.0010899006595536166,7,13,True,0.41980553045868874
CLEAN,PA 18:0_24:0,0,4.317888682131142e-08,0.00040302000393864376,0.0004029768250518225,17,2,True,0.5984721630811691
CLEAN,PA 18:0_24:0,1,0.00017332032943014956,1.0109659850863373,1.0107926647569072,15,2,True,0.3866352513432503
CLEAN,PA 18:0_24:0,2,1.028380785687107e-08,0.0014506409752614623,0.0014506306914536054,4,16,True,0.3074652627110481
CLEAN,PA 18:0_24:4,0,4.317888682131142e-08,0.00041824504456823303,0.00041820186568141174,15,6,True,0.5894871354103088
CLEAN,PA 18:0_24:4,1,0.00017332032943014956,5.031981586511664,5.031808266182234,20,0,False,0.49553021416068077
CLEAN,PA 18:0_24:4,2,1.028380785687107e-08,0.0003172001666946725,0.00031718988288681563,5,16,True,0.6371634900569916
CLEAN,PA 18:1_22:2,0,4.317888682131142e-08,0.0009097101324546258,0.0009096669535678045,14,1,False,0.6607076190412045
CLEAN,PA 18:1_22:2,1,0.00017332032943014956,1.0357456751530068,1.0355723548235767,9,4,True,0.776522483676672
CLEAN,PA 18:1_22:2,2,1.028380785687107e-08,0.00021667076683616143,0.00021666048302830456,4,10,True,0.5045274011790752
CLEAN,PA 18:1_22:3,0,4.317888682131142e-08,4.317888675307449e-08,-6.823692790869213e-17,20,1,False,0.88590082898736
CLEAN,PA 18:1_22:3,1,0.00017332032943014956,0.0001682015058046494,-5.118823625500159e-06,12,7,True,0.8553875871002674
CLEAN,PA 18:1_22:3,2,1.028380785687107e-08,1.0973216436892136e-10,-1.0174075692502149e-08,5,13,True,0.7352436259388924
CLEAN,PA 18:1_22:4,0,4.317888682131142e-08,4.3868539352020066e-08,6.896525307086484e-10,19,2,True,0.8382354974746704
CLEAN,PA 18:1_22:4,1,0.00017332032943014956,0.00017332032358462435,-5.845525208629174e-12,14,7,True,0.903788298368454
CLEAN,PA 18:1_22:4,2,1.028380785687107e-08,1.0168736617594828e-08,-1.1507123927624203e-10,9,12,True,0.671884048730135
CLEAN,PA 18:1_24:4,0,4.317888682131142e-08,4.3178630443531704e-08,-2.563777797142264e-13,15,7,True,0.8210053108632565
CLEAN,PA 18:1_24:4,1,0.00017332032943014956,0.0001733203861545884,5.672443883966011e-11,23,0,False,0.9623737521469593
CLEAN,PA 18:1_24:4,2,1.028380785687107e-08,7.201885488276772e-09,-3.081922368594299e-09,6,16,True,0.7072782814502716
CLEAN,PA 18:1_24:5,0,4.317888682131142e-08,0.0005366221313485796,0.0005365789524617583,13,9,True,0.6082611083984375
CLEAN,PA 18:1_24:5,1,0.00017332032943014956,3.6184275532345995,3.6182542329051692,22,0,False,0.5925865657627583
CLEAN,PA 18:1_24:5,2,1.028380785687107e-08,2.1107641971569067e-05,2.1097358163712198e-05,7,13,True,0.6838332749903202
CLEAN,PA 18:2_22:2,0,4.317888682131142e-08,0.0005575457223694381,0.0005575025434826169,14,4,True,0.6560887061059475
CLEAN,PA 18:2_22:2,1,0.00017332032943014956,3.580074960303916,3.579901639974486,12,4,True,0.44771625846624374
CLEAN,PA 18:2_22:2,2,1.028380785687107e-08,0.00019202008287833185,0.00019200979907047497,5,11,True,0.5659624971449375
CLEAN,PA 18:2_22:3,0,4.317888682131142e-08,0.0009081691715744093,0.000908125992687588,17,4,True,0.6792712695896626
CLEAN,PA 18:2_22:3,1,0.00017332032943014956,1.8739170373651082,1.873743717035678,12,8,True,0.6232243329286575
CLEAN,PA 18:2_22:3,2,1.028380785687107e-08,0.00019769547261801716,0.00019768518881016028,6,11,True,0.5927749313414097
CLEAN,PA 20:0_20:0,0,4.317888682131142e-08,0.001038663807016952,0.0010386206281301307,5,5,True,0.6586412340402603
CLEAN,PA 20:0_20:0,1,0.00017332032943014956,0.3690309810972818,0.36885766076785165,5,5,True,0.6935927160084248
CLEAN,PA 20:0_20:0,2,1.028380785687107e-08,0.0013864310217261936,0.0013864207379183366,9,0,False,0.32119976729154587
CLEAN,PA 20:0_20:1,0,4.317888682131142e-08,0.0017174271016980372,0.001717383922811216,12,7,True,0.6084871515631676
CLEAN,PA 20:0_20:1,1,0.00017332032943014956,2.9265654645628048,2.9263921442333745,5,13,True,0.3367331065237522
CLEAN,PA 20:0_20:1,2,1.028380785687107e-08,0.001154967745708522,0.0011549574619006651,18,0,False,0.3671864680945873
CLEAN,PA 20:0_20:4,0,4.317888682131142e-08,4.0689506500104277e-08,-2.489380321207141e-09,16,6,True,0.7551545724272728
CLEAN,PA 20:0_20:4,1,0.00017332032943014956,0.00017332032955490233,1.2475277430014364e-13,7,14,True,0.8366995081305504
CLEAN,PA 20:0_20:4,2,1.028380785687107e-08,8.586652659435191e-09,-1.6971551974358792e-09,16,2,True,0.7202319391071796
CLEAN,PA 20:0_22:5,0,4.317888682131142e-08,4.3178886916334763e-08,9.502334563142942e-17,14,7,True,0.905861172825098
CLEAN,PA 20:0_22:5,1,0.00017332032943014956,0.00017332032931415293,-1.1599662202987915e-13,8,13,True,0.8795604109764099
CLEAN,PA 20:0_22:5,2,1.028380785687107e-08,1.0283807858276525e-08,1.4054543069827238e-18,18,2,True,0.8041930161416531
CLEAN,PA 20:0_22:6,0,4.317888682131142e-08,4.317888682131052e-08,-8.999725064576941e-22,13,8,True,0.7647532187402248
CLEAN,PA 20:0_22:6,1,0.00017332032943014956,0.00017332032718506919,-2.245080369441682e-12,10,11,True,0.904657393693924
CLEAN,PA 20:0_22:6,2,1.028380785687107e-08,1.0283807856864504e-08,-6.566159702445934e-21,16,2,True,0.6789721809327602
CLEAN,PA 20:1_20:2,0,4.317888682131142e-08,0.00024890193817649834,0.00024885875928967705,11,5,True,0.7184110730886459
CLEAN,PA 20:1_20:2,1,0.00017332032943014956,0.2989936370952369,0.2988203167658068,3,12,True,0.7664239034056664
CLEAN,PA 20:1_20:2,2,1.028380785687107e-08,0.00024956880566231457,0.0002495585218544577,16,0,False,0.5285489223897457
CLEAN,PA 20:1_20:3,0,4.317888682131142e-08,0.0016708940648992336,0.0016708508860124123,15,5,True,0.6796016059815884
CLEAN,PA 20:1_20:3,1,0.00017332032943014956,0.3084038305167586,0.3082305101873285,3,15,True,0.6949081681668758
CLEAN,PA 20:1_20:3,2,1.028380785687107e-08,0.0003202799582906519,0.000320269674482795,17,1,False,0.4541659392416477
CLEAN,PA 20:1_20:4,0,4.317888682131142e-08,0.002925318508040161,0.0029252753291533393,15,5,True,0.6279651634395123
CLEAN,PA 20:1_20:4,1,0.00017332032943014956,0.6343651386698616,0.6341918183404314,5,13,True,0.6493163853883743
CLEAN,PA 20:1_20:4,2,1.028380785687107e-08,0.0023014898449402366,0.0023014795611323796,16,3,True,0.45513593778014183
CLEAN,PA 20:1_22:2,0,4.317888682131142e-08,0.0018047896828300922,0.0018047465039432709,11,2,True,0.6531991735100746
CLEAN,PA 20:1_22:2,1,0.00017332032943014956,0.8968790263903049,0.8967057060608747,2,9,True,0.6258825249969959
CLEAN,PA 20:1_22:2,2,1.028380785687107e-08,0.00028158825041498995,0.00028157796660713307,10,3,True,0.5213842578232288
CLEAN,PA 20:1_22:4,0,4.317888682131142e-08,0.0017117122437220289,0.0017116690648352076,15,5,True,0.6214067861437798
CLEAN,PA 20:1_22:4,1,0.00017332032943014956,3.0294699384627592,3.029296618133329,5,14,True,0.2619738467037678
CLEAN,PA 20:1_22:4,2,1.028380785687107e-08,0.00023851183756279216,0.00023850155375493528,19,2,True,0.3148373141884804
CLEAN,PA 20:1_22:5,0,4.317888682131142e-08,4.3178886802827663e-08,-1.848375445163633e-17,13,6,True,0.7516413815319538
CLEAN,PA 20:1_22:5,1,0.00017332032943014956,0.00016761803039609975,-5.702299034049808e-06,5,13,True,0.8258814625442028
CLEAN,PA 20:1_22:5,2,1.028380785687107e-08,1.0283807859929035e-08,3.0579643018778855e-18,19,2,True,0.662695799022913
CLEAN,PA 20:1_22:6,0,4.317888682131142e-08,4.317888639323351e-08,-4.280779048667922e-16,11,6,True,0.7716640830039978
CLEAN,PA 20:1_22:6,1,0.00017332032943014956,0.000139252610372753,-3.406771905739656e-05,6,10,True,1.0418320633471012
CLEAN,PA 20:1_22:6,2,1.028380785687107e-08,1.0283807811260282e-08,-4.56107886070107e-17,15,2,True,0.6594524122774601
CLEAN,PA 20:2_20:2,0,4.317888682131142e-08,0.0004649957210998091,0.0004649525422129878,9,2,True,0.6340555548667908
CLEAN,PA 20:2_20:2,1,0.00017332032943014956,0.014567999351836674,0.014394679022406525,2,10,True,0.9301834292709827
CLEAN,PA 20:2_20:2,2,1.028380785687107e-08,4.733821316647018e-05,4.732792935861331e-05,11,0,False,0.5214787162840366
CLEAN,PA 20:2_20:3,0,4.317888682131142e-08,5.36132532904276e-08,1.0434366469116185e-08,17,2,True,0.9118306152522564
CLEAN,PA 20:2_20:3,1,0.00017332032943014956,0.00015843512219733687,-1.4885207232812688e-05,2,17,True,0.9765597246587276
CLEAN,PA 20:2_20:3,2,1.028380785687107e-08,7.936202592037425e-09,-2.347605264833646e-09,15,1,False,0.7023008801043034
CLEAN,PA 20:2_22:4,0,4.317888682131142e-08,0.0004801320640027538,0.0004800888851159325,20,2,True,0.7234681360423565
CLEAN,PA 20:2_22:4,1,0.00017332032943014956,0.06743416932536997,0.06726084899593981,4,19,True,0.7145038656890392
CLEAN,PA 20:2_22:4,2,1.028380785687107e-08,0.00011079752059888314,0.00011078723679102626,19,2,True,0.49520060792565346
CLEAN,PA 20:2_22:6,0,4.317888682131142e-08,0.0011388997847040342,0.001138856605817213,14,4,True,0.7064107209444046
CLEAN,PA 20:2_22:6,1,0.00017332032943014956,2.989986594925074,2.989813274595644,6,13,True,0.6241483949124813
CLEAN,PA 20:2_22:6,2,1.028380785687107e-08,0.0005075372348600142,0.0005075269510521574,15,2,True,0.28003862500190735
CLEAN,PA 20:3_22:3,0,4.317888682131142e-08,0.010080630685522046,0.010080587506635224,23,3,True,0.25266100093722343
CLEAN,PA 20:3_22:3,1,0.00017332032943014956,0.06193777809275927,0.061764457763329124,3,18,True,0.7098468206822872
CLEAN,PA 20:3_22:3,2,1.028380785687107e-08,0.0031211656646558516,0.0031211553808479947,13,5,True,0.27709437906742096
CLEAN,PA 20:3_22:4,0,4.317888682131142e-08,4.317888679173269e-08,-2.957872800781009e-17,21,2,True,0.8057954013347626
CLEAN,PA 20:3_22:4,1,0.00017332032943014956,0.00016611989588633408,-7.200433543815471e-06,3,19,True,1.1650753282010555
CLEAN,PA 20:3_22:4,2,1.028380785687107e-08,1.0283807857302867e-08,4.31796551558806e-19,16,2,True,0.6213939264416695
CLEAN,PA 20:3_22:6,0,4.317888682131142e-08,0.0015690242615801937,0.0015689810826933724,16,4,True,0.6334654092788696
CLEAN,PA 20:3_22:6,1,0.00017332032943014956,0.586203652084355,0.5860303317549248,6,13,True,0.7415904365479946
CLEAN,PA 20:3_22:6,2,1.028380785687107e-08,0.001792557326804129,0.0017925470429962721,13,3,True,0.441128384321928
CLEAN,PA 20:4_22:5,0,4.317888682131142e-08,4.3178888705632486e-08,1.8843210683730474e-15,23,3,True,0.8599203750491142
CLEAN,PA 20:4_22:5,1,0.00017332032943014956,0.00014884015536867912,-2.4480174061470433e-05,6,17,True,0.9086268730461597
CLEAN,PA 20:4_22:5,2,1.028380785687107e-08,1.0283806900149863e-08,-9.567212075664762e-16,15,7,True,0.6635038964450359
CLEAN,PA 22:0_18:1,0,4.317888682131142e-08,0.0004702690101566624,0.0004702258312698411,16,4,True,0.7108444161713123
CLEAN,PA 22:0_18:1,1,0.00017332032943014956,3.698778562758405,3.698605242428975,19,1,False,0.4185359589755535
CLEAN,PA 22:0_18:1,2,1.028380785687107e-08,3.925835620038092e-05,3.924807239252405e-05,5,16,True,0.6105859838426113
CLEAN,PA 22:0_20:1,0,4.317888682131142e-08,4.317886276073013e-08,-2.4060581286345796e-14,11,6,True,0.7567354738712311
CLEAN,PA 22:0_20:1,1,0.00017332032943014956,0.0001733203455806664,1.615051685053756e-11,10,6,True,0.8449433147907257
CLEAN,PA 22:0_20:1,2,1.028380785687107e-08,1.0283807858574704e-08,1.703633065473389e-18,12,7,True,0.6659427843987942
CLEAN,PA 22:1_20:2,0,4.317888682131142e-08,4.317888681090513e-08,-1.0406289447941711e-17,13,2,True,0.791463065892458
CLEAN,PA 22:1_20:2,1,0.00017332032943014956,0.00016679198677309787,-6.528342657051688e-06,5,11,True,0.881948783993721
CLEAN,PA 22:1_20:2,2,1.028380785687107e-08,6.3896961675588635e-09,-3.894111689312207e-09,12,4,True,0.6748396828770638
CLEAN,PA 22:1_20:4,0,4.317888682131142e-08,0.0013377289064300927,0.0013376857275432714,18,2,True,0.7138808332383633
CLEAN,PA 22:1_20:4,1,0.00017332032943014956,0.1303608106675056,0.13018749033807545,9,9,True,0.617452260106802
CLEAN,PA 22:1_20:4,2,1.028380785687107e-08,7.014725573704718e-05,7.013697192919031e-05,9,10,True,0.5097328349947929
CLEAN,PA 22:2_20:4,0,4.317888682131142e-08,0.0007024691719663575,0.0007024259930795363,20,2,True,0.5646393597126007
CLEAN,PA 22:2_20:4,1,0.00017332032943014956,3.0851912108039277,3.0850178904744974,6,11,True,0.5298647247254848
CLEAN,PA 22:2_20:4,2,1.028380785687107e-08,0.00023646795355060544,0.00023645766974274857,9,9,True,0.40558812767267227
CLEAN,PA 22:3_20:4,0,4.317888682131142e-08,0.0020764243441973476,0.002076381165310526,19,2,True,0.5870088264346123
CLEAN,PA 22:3_20:4,1,0.00017332032943014956,0.5508318253347625,0.5506585050053323,4,14,True,0.5406679473817348
CLEAN,PA 22:3_20:4,2,1.028380785687107e-08,0.0017370396638687851,0.0017370293800609282,10,5,True,0.20574748143553734
CLEAN,PA 22:3_22:6,0,4.317888682131142e-08,4.3178886811310844e-08,-1.0000573901096702e-17,16,4,True,0.8165584281086922
CLEAN,PA 22:3_22:6,1,0.00017332032943014956,0.00017151333448030143,-1.8069949498481256e-06,6,11,True,0.8942604325711727
CLEAN,PA 22:3_22:6,2,1.028380785687107e-08,1.0313049550200396e-08,2.9241693329325116e-11,11,5,True,0.6901698261499405
CLEAN,PA 22:4_22:5,0,4.317888682131142e-08,0.0023350138914866665,0.002334970712599845,17,3,True,0.6542401015758514
CLEAN,PA 22:4_22:5,1,0.00017332032943014956,0.0015965124451623096,0.00142319211573216,6,14,True,0.7164018228650093
CLEAN,PA 22:4_22:5,2,1.028380785687107e-08,0.0006282739081300105,0.0006282636243221537,16,4,True,0.5343568287789822
CLEAN,PA 22:4_22:6,0,4.317888682131142e-08,0.0013718225570798878,0.0013717793781930665,16,4,True,0.6042978018522263
CLEAN,PA 22:4_22:6,1,0.00017332032943014956,1.117518183089634,1.1173448627602038,8,12,True,0.9131488911807537
CLEAN,PA 22:4_22:6,2,1.028380785687107e-08,0.0001159065493455392,0.00011589626553768233,14,4,True,0.3700009807944298
CLEAN,PA 22:6_22:6,0,4.317888682131142e-08,4.317888653554472e-08,-2.857666950236253e-16,10,5,True,0.8303977511823177
CLEAN,PA 22:6_22:6,1,0.00017332032943014956,0.00017332028968683442,-3.974331513846227e-11,8,6,True,0.848645094782114
CLEAN,PA 22:6_22:6,2,1.028380785687107e-08,1.0281720673800671e-08,-2.0871830703990915e-12,10,4,True,0.6652313284575939
CLEAN,PA 24:0_16:1,0,4.317888682131142e-08,4.246864249889664e-08,-7.10244322414776e-10,11,3,True,0.9110031016170979
CLEAN,PA 24:0_16:1,1,0.00017332032943014956,0.00017327163828480277,-4.8691145346788436e-08,8,6,True,0.9741289019584656
CLEAN,PA 24:0_16:1,2,1.028380785687107e-08,1.1942676446851742e-08,1.658868589980672e-09,9,7,True,0.8476850241422653
CLEAN,PC 14:0_18:0,0,4.317888682131142e-08,4.317888680196931e-08,-1.9342109847115255e-17,15,4,True,0.7408410012722015
CLEAN,PC 14:0_18:0,1,0.00017332032943014956,0.00017332042489651004,9.546636048417094e-11,15,2,True,0.9028690457344055
CLEAN,PC 14:0_18:0,2,1.028380785687107e-08,1.0291702357584936e-08,7.894500713865397e-12,6,15,True,0.7080600075423717
CLEAN,PC 14:0_18:2,0,4.317888682131142e-08,0.005965213510789096,0.005965170331902275,11,5,True,0.48059260472655296
CLEAN,PC 14:0_18:2,1,0.00017332032943014956,2.8487412847605547,2.8485679644311244,17,1,False,0.38903621584177017
CLEAN,PC 14:0_18:2,2,1.028380785687107e-08,0.0009304896995924813,0.0009304794157846245,4,12,True,0.3627915382385254
CLEAN,PC 14:0_20:0,0,4.317888682131142e-08,0.0050134060563485185,0.005013362877461697,4,9,True,0.31326526403427124
CLEAN,PC 14:0_20:0,1,0.00017332032943014956,3.277354380620564,3.2771810602911335,11,2,True,0.3089713826775551
CLEAN,PC 14:0_20:0,2,1.028380785687107e-08,0.0013048673408546,0.0013048570570467432,11,4,True,0.34691350534558296
CLEAN,PC 14:0_20:1,0,4.317888682131142e-08,0.003757342228893624,0.0037572990500068025,6,7,True,0.47490210831165314
CLEAN,PC 14:0_20:1,1,0.00017332032943014956,2.9549039449226635,2.954730624593233,9,5,True,0.33760475739836693
CLEAN,PC 14:0_20:1,2,1.028380785687107e-08,0.0006765124460366439,0.0006765021622287871,12,4,True,0.3248242512345314
CLEAN,PC 14:0_20:3,0,4.317888682131142e-08,0.007239865310778741,0.00723982213189192,14,4,True,0.23774346709251404
CLEAN,PC 14:0_20:3,1,0.00017332032943014956,0.03990066540378499,0.039727345074354846,8,9,True,0.27133794501423836
CLEAN,PC 14:0_20:3,2,1.028380785687107e-08,0.0013435955948026684,0.0013435853109948115,13,5,True,0.35427477955818176
CLEAN,PC 16:1_18:2,0,4.317888682131142e-08,4.317888515959272e-08,-1.661718698869694e-15,12,2,True,0.833245038986206
CLEAN,PC 16:1_18:2,1,0.00017332032943014956,0.00017332032960693035,1.7678079052702023e-13,6,9,True,0.8488602042198181
CLEAN,PC 16:1_18:2,2,1.028380785687107e-08,1.0283807859488796e-08,2.6177255449873633e-18,8,5,True,0.6691452004015446
CLEAN,PC 17:0_17:0,0,4.317888682131142e-08,0.0057412828594258555,0.005741239680539034,3,3,True,0.3861844390630722
CLEAN,PC 17:0_17:0,1,0.00017332032943014956,2.71799262246928,2.7178193021398496,8,2,True,0.3015916980803013
CLEAN,PC 17:0_17:0,2,1.028380785687107e-08,0.0012092548928589698,0.0012092446090511129,2,5,True,0.2588891163468361
CLEAN,PC 18:0_14:1,0,4.317888682131142e-08,0.007591809700726237,0.007591766521839416,12,3,True,0.24999088793992996
CLEAN,PC 18:0_14:1,1,0.00017332032943014956,3.0493785191494025,3.049205198819972,15,0,False,0.3313518837094307
CLEAN,PC 18:0_14:1,2,1.028380785687107e-08,0.0021537469098872374,0.0021537366260793805,3,14,True,0.24170656874775887
CLEAN,PC O-16:1_17:1,0,4.317888682131142e-08,0.004321677990142773,0.004321634811255952,11,0,False,0.3651389963924885
CLEAN,PC O-16:1_17:1,1,0.00017332032943014956,3.9873847451025863,3.987211424773156,8,4,True,0.4145704060792923
CLEAN,PC O-16:1_17:1,2,1.028380785687107e-08,0.00045379342208092747,0.0004537831382730706,4,8,True,0.38043835759162903
CLEAN,PC O-16:1_18:0,0,4.317888682131142e-08,0.0022576234582700125,0.002257580279383191,13,0,False,0.4044663980603218
CLEAN,PC O-16:1_18:0,1,0.00017332032943014956,0.45418747851006164,0.4540141581806315,5,8,True,0.4925226867198944
CLEAN,PC O-16:1_18:0,2,1.028380785687107e-08,0.00912858073207965,0.009128570448271792,7,5,True,0.3014032505452633
CLEAN,PE 16:0_22:3,0,4.317888682131142e-08,4.3200760467514125e-08,2.1873646202707016e-11,10,0,False,0.8347235433757305
CLEAN,PE 16:0_22:3,1,0.00017332032943014956,0.0001655867074411661,-7.733621988983459e-06,3,6,True,0.9749732352793217
CLEAN,PE 16:0_22:3,2,1.028380785687107e-08,1.0283807856231342e-08,-6.397282508587108e-19,6,4,True,0.8126810230314732
CLEAN,PE 16:0_22:4,0,4.317888682131142e-08,3.953805225857867e-08,-3.64083456273275e-09,10,0,False,0.8083111345767975
CLEAN,PE 16:0_22:4,1,0.00017332032943014956,0.00017332032844552374,-9.846258194629726e-13,4,6,True,0.9107295721769333
CLEAN,PE 16:0_22:4,2,1.028380785687107e-08,1.0283807856864516e-08,-6.554579173870191e-21,6,4,True,0.6804671175777912
CLEAN,PE 16:0_22:6,0,4.317888682131142e-08,0.002833117968040329,0.0028330747891535074,12,3,True,0.5223215594887733
CLEAN,PE 16:0_22:6,1,0.00017332032943014956,3.123276251825773,3.1231029314963425,9,5,True,0.4963955730199814
CLEAN,PE 16:0_22:6,2,1.028380785687107e-08,0.0006910458782412432,0.0006910355944333864,8,7,True,0.30838336423039436
CLEAN,PE 16:0_24:4,0,4.317888682131142e-08,4.317888682616298e-08,4.851559876411317e-18,8,3,True,0.915473185479641
CLEAN,PE 16:0_24:4,1,0.00017332032943014956,0.00017332032616601358,-3.2641359775688328e-12,9,3,True,0.847233708947897
CLEAN,PE 16:0_24:4,2,1.028380785687107e-08,1.0283807867098012e-08,1.0226941801889189e-17,5,6,True,0.635882668197155
CLEAN,PE 16:1_22:2,0,4.317888682131142e-08,0.007660190041815791,0.00766014686292897,11,2,True,0.4851043038070202
CLEAN,PE 16:1_22:2,1,0.00017332032943014956,2.398184592288939,2.3980112719595086,5,6,True,0.3622247837483883
CLEAN,PE 16:1_22:2,2,1.028380785687107e-08,8.504953901048179e-05,8.503925520262491e-05,8,5,True,0.5021240338683128
CLEAN,PE 16:1_22:3,0,4.317888682131142e-08,4.317888679969932e-08,-2.1612098588752677e-17,9,1,False,0.776238102465868
CLEAN,PE 16:1_22:3,1,0.00017332032943014956,0.00017097918763174576,-2.341141798403799e-06,2,5,True,0.9200640097260475
CLEAN,PE 16:1_22:3,2,1.028380785687107e-08,1.02838078583177e-08,1.4466297035143884e-18,6,4,True,0.6753302477300167
CLEAN,PE 16:1_22:4,0,4.317888682131142e-08,4.317888682131041e-08,-1.0058516248644817e-21,9,0,False,0.7641158439218998
CLEAN,PE 16:1_22:4,1,0.00017332032943014956,0.00017332032943014793,-1.6263032587282567e-18,2,5,True,0.8653414659202099
CLEAN,PE 16:1_22:4,2,1.028380785687107e-08,1.0283807856864516e-08,-6.554579173870191e-21,5,4,True,0.6760821044445038
CLEAN,PE 16:1_22:5,0,4.317888682131142e-08,4.317888682131041e-08,-1.0058516248644817e-21,8,1,False,0.7718596793711185
CLEAN,PE 16:1_22:5,1,0.00017332032943014956,0.00017332032950217427,7.202471583554748e-14,3,4,True,0.8703967966139317
CLEAN,PE 16:1_22:5,2,1.028380785687107e-08,7.234186042349544e-09,-3.0496218145215265e-09,5,5,True,0.7180589027702808
CLEAN,PE 16:1_22:6,0,4.317888682131142e-08,4.272608468198123e-08,-4.5280213933019044e-10,10,3,True,0.8923533745110035
CLEAN,PE 16:1_22:6,1,0.00017332032943014956,0.0001733203337607798,4.330630255441892e-12,6,4,True,0.9725469872355461
CLEAN,PE 16:1_22:6,2,1.028380785687107e-08,1.0283797228667332e-08,-1.062820373883304e-14,7,6,True,0.6777939386665821
CLEAN,PE 17:0_20:0,0,4.317888682131142e-08,4.317888682131015e-08,-1.2705494208814505e-21,4,7,True,0.7716714292764664
CLEAN,PE 17:0_20:0,1,0.00017332032943014956,0.00017319124397977047,-1.290854503790842e-07,11,3,True,0.985128540545702
CLEAN,PE 17:0_20:0,2,1.028380785687107e-08,1.0320497920857049e-08,3.6690063985978296e-11,6,5,True,0.6830869987607002
CLEAN,PE 17:0_20:1,0,4.317888682131142e-08,0.00017591371002673812,0.0001758705311399168,4,4,True,0.7157230898737907
CLEAN,PE 17:0_20:1,1,0.00017332032943014956,3.313959498738716,3.313786178409286,5,4,True,0.38183827325701714
CLEAN,PE 17:0_20:1,2,1.028380785687107e-08,0.0005633177763491381,0.0005633074925412813,6,3,True,0.33572079613804817
CLEAN,PE 17:0_20:2,0,4.317888682131142e-08,1.071843204723407e-05,1.0675253160412759e-05,6,1,False,0.7486694119870663
CLEAN,PE 17:0_20:2,1,0.00017332032943014956,5.216771430341514,5.216598110012084,3,7,True,0.542905867099762
CLEAN,PE 17:0_20:2,2,1.028380785687107e-08,0.00010576415149884967,0.00010575386769099279,6,2,True,0.5387705378234386
CLEAN,PE 17:0_20:4,0,4.317888682131142e-08,0.0003136901278282907,0.0003136469489414694,10,1,False,0.8202616460621357
CLEAN,PE 17:0_20:4,1,0.00017332032943014956,4.9873797758619185,4.987206455532489,3,9,True,0.47429661080241203
CLEAN,PE 17:0_20:4,2,1.028380785687107e-08,0.00010131195861346581,0.00010130167480560893,6,3,True,0.4281797260046005
CLEAN,PE 17:0_20:5,0,4.317888682131142e-08,0.0036913363587740868,0.0036912931798872652,9,3,True,0.382300790399313
CLEAN,PE 17:0_20:5,1,0.00017332032943014956,2.9596995293942583,2.959526209064828,6,8,True,0.32389362528920174
CLEAN,PE 17:0_20:5,2,1.028380785687107e-08,0.0018055446996941265,0.0018055344158862696,7,3,True,0.24669457972049713
CLEAN,PE 17:0_22:2,0,4.317888682131142e-08,4.317888682131011e-08,-1.3102540902839958e-21,7,1,False,0.7568597383797169
CLEAN,PE 17:0_22:2,1,0.00017332032943014956,0.00017297010527929146,-3.502241508580937e-07,4,6,True,0.9671618938446045
CLEAN,PE 17:0_22:2,2,1.028380785687107e-08,1.462198744990696e-08,4.33817959303589e-09,5,3,True,0.617923203855753
CLEAN,PE 17:0_22:5,0,4.317888682131142e-08,4.317888682136384e-08,5.242339850116068e-20,6,2,True,0.7617186307907104
CLEAN,PE 17:0_22:5,1,0.00017332032943014956,0.00017332032489765945,-4.532490105891435e-12,5,5,True,0.8678542301058769
CLEAN,PE 17:0_22:5,2,1.028380785687107e-08,1.028380784266845e-08,-1.4202619980002806e-17,5,4,True,0.7029057070612907
CLEAN,PE 17:0_22:6,0,4.317888682131142e-08,4.646617997023631e-08,3.287293148924895e-09,8,6,True,0.8440056294202805
CLEAN,PE 17:0_22:6,1,0.00017332032943014956,0.00017332032189564846,-7.534501099198607e-12,11,4,True,0.8688875883817673
CLEAN,PE 17:0_22:6,2,1.028380785687107e-08,1.0283807812228642e-08,-4.464242811622957e-17,6,6,True,0.6770749948918819
CLEAN,PE 17:1_20:2,0,4.317888682131142e-08,4.152349664115527e-08,-1.6553901801561481e-09,9,0,False,0.774295836687088
CLEAN,PE 17:1_20:2,1,0.00017332032943014956,0.000173320358772686,2.934253645722924e-11,3,7,True,0.9296593330800533
CLEAN,PE 17:1_20:2,2,1.028380785687107e-08,7.499488509026046e-09,-2.7843193478450245e-09,7,3,True,0.6719310246407986
CLEAN,PE 17:1_20:4,0,4.317888682131142e-08,0.0005104735540152165,0.0005104303751283952,12,0,False,0.7702907472848892
CLEAN,PE 17:1_20:4,1,0.00017332032943014956,1.788585444283361,1.788412123953931,2,9,True,0.5830940902233124
CLEAN,PE 17:1_20:4,2,1.028380785687107e-08,0.00022279536697550047,0.0002227850831676436,7,3,True,0.3008935712277889
CLEAN,PE 17:1_22:1,0,4.317888682131142e-08,0.005052401158878485,0.005052357979991664,9,1,False,0.25930434837937355
CLEAN,PE 17:1_22:1,1,0.00017332032943014956,3.123502521279367,3.1233292009499367,6,6,True,0.31160426512360573
CLEAN,PE 17:1_22:1,2,1.028380785687107e-08,0.004171261097307824,0.0041712508134999675,7,5,True,0.34716837853193283
CLEAN,PE 17:1_22:3,0,4.317888682131142e-08,4.317888495757764e-08,-1.863733780388799e-15,9,0,False,0.7626277431845665
CLEAN,PE 17:1_22:3,1,0.00017332032943014956,0.00017292288454636467,-3.974448837848845e-07,2,6,True,0.8530904985964298
CLEAN,PE 17:1_22:3,2,1.028380785687107e-08,1.028380785686818e-08,-2.8901690602602787e-21,6,3,True,0.6728983446955681
CLEAN,PE 17:1_22:4,0,4.317888682131142e-08,4.317888685804961e-08,3.673819458513826e-17,9,0,False,0.8438505418598652
CLEAN,PE 17:1_22:4,1,0.00017332032943014956,0.00017332032939355662,-3.659293462861257e-14,3,6,True,0.8520932458341122
CLEAN,PE 17:1_22:4,2,1.028380785687107e-08,1.028380785686818e-08,-2.8901690602602787e-21,6,3,True,0.676825825124979
CLEAN,PE 17:1_22:5,0,4.317888682131142e-08,4.317888682142189e-08,1.1047162516768195e-19,8,1,False,0.7628014385700226
CLEAN,PE 17:1_22:5,1,0.00017332032943014956,0.00017332032948689407,5.6744512517623025e-14,4,5,True,0.8574586994946003
CLEAN,PE 17:1_22:5,2,1.028380785687107e-08,1.0283807855956459e-08,-9.146119489386576e-19,6,4,True,0.6658649407327175
CLEAN,PE 18:0_20:0,0,4.317888682131142e-08,0.00239772055870382,0.0023976773798169986,9,4,True,0.48242561891674995
CLEAN,PE 18:0_20:0,1,0.00017332032943014956,0.09015666980556958,0.08998334947613942,11,3,True,0.442944698035717
CLEAN,PE 18:0_20:0,2,1.028380785687107e-08,0.0005458545305729159,0.0005458442467650591,5,8,True,0.3394423723220825
CLEAN,PE 18:0_20:4,0,4.317888682131142e-08,0.0006151527611575522,0.000615109582270731,13,0,False,0.6930845268070698
CLEAN,PE 18:0_20:4,1,0.00017332032943014956,2.9152234122533596,2.9150500919239293,3,9,True,0.28537237271666527
CLEAN,PE 18:0_20:4,2,1.028380785687107e-08,0.0004980403914799589,0.000498030107672102,5,4,True,0.37235352024435997
CLEAN,PE 18:0_22:3,0,4.317888682131142e-08,0.00043286002046037593,0.00043281684157355464,10,0,False,0.5409522466361523
CLEAN,PE 18:0_22:3,1,0.00017332032943014956,1.8837612257421192,1.8835879054126892,3,6,True,0.5753757618367672
CLEAN,PE 18:0_22:3,2,1.028380785687107e-08,0.00028081828700664854,0.00028080800319879167,4,4,True,0.5601771026849747
CLEAN,PE 18:0_22:4,0,4.317888682131142e-08,0.00010412849202162219,0.00010408531313480088,11,0,False,0.8048019483685493
CLEAN,PE 18:0_22:4,1,0.00017332032943014956,3.1331717812696733,3.132998460940243,5,6,True,0.46888233721256256
CLEAN,PE 18:0_22:4,2,1.028380785687107e-08,0.0006070727327977478,0.000607062448989891,4,5,True,0.5199165865778923
CLEAN,PE 18:0_22:5,0,4.317888682131142e-08,0.0011607046603524134,0.0011606614814655921,10,1,False,0.6084571667015553
CLEAN,PE 18:0_22:5,1,0.00017332032943014956,4.638828794466742,4.6386554741373125,6,5,True,0.422150868922472
CLEAN,PE 18:0_22:5,2,1.028380785687107e-08,0.00017133030540448228,0.0001713200215966254,4,6,True,0.44594787061214447
CLEAN,PE 18:0_22:6,0,4.317888682131142e-08,0.003281670781567364,0.0032816276026805427,12,3,True,0.5042005069553852
CLEAN,PE 18:0_22:6,1,0.00017332032943014956,3.63109791766678,3.6309245973373496,10,4,True,0.3339715749025345
CLEAN,PE 18:0_22:6,2,1.028380785687107e-08,0.0006739646281246491,0.0006739543443167922,5,8,True,0.23814523220062256
CLEAN,PE 18:1_20:3,0,4.317888682131142e-08,7.49026954753605e-05,7.485951658853918e-05,11,0,False,0.7537565864622593
CLEAN,PE 18:1_20:3,1,0.00017332032943014956,1.5226001300709644,1.5224268097415343,4,5,True,0.6075751632452011
CLEAN,PE 18:1_20:3,2,1.028380785687107e-08,0.00018632052007720983,0.00018631023626935296,4,6,True,0.5769373923540115
CLEAN,PE 18:1_20:5,0,4.317888682131142e-08,4.236159239332059e-08,-8.17294427990827e-10,15,0,False,0.7502070143818855
CLEAN,PE 18:1_20:5,1,0.00017332032943014956,0.00017141967178954488,-1.9006576406046713e-06,6,7,True,1.088083129376173
CLEAN,PE 18:1_20:5,2,1.028380785687107e-08,8.918502750875238e-09,-1.3653051059958325e-09,5,8,True,0.6298753134906292
CLEAN,PE 18:1_22:6,0,4.317888682131142e-08,4.317888653565333e-08,-2.8565808951791955e-16,15,3,True,0.9351313672959805
CLEAN,PE 18:1_22:6,1,0.00017332032943014956,0.0001733203247778747,-4.652274848996815e-12,11,4,True,0.8860375434160233
CLEAN,PE 18:1_22:6,2,1.028380785687107e-08,5.762193617474679e-09,-4.521614239396392e-09,5,11,True,0.70773746073246
CLEAN,PE 18:2_20:2,0,4.317888682131142e-08,4.317888680280215e-08,-1.8509264701727465e-17,10,2,True,0.7602144256234169
CLEAN,PE 18:2_20:2,1,0.00017332032943014956,0.00017332034249477627,1.3064626718786373e-11,9,6,True,0.8651219122111797
CLEAN,PE 18:2_20:2,2,1.028380785687107e-08,9.342894947825981e-09,-9.409129090450896e-10,6,7,True,0.7096429206430912
CLEAN,PE 18:2_20:4,0,4.317888682131142e-08,4.317888682188812e-08,5.767037056270705e-19,12,2,True,0.8022684715688229
CLEAN,PE 18:2_20:4,1,0.00017332032943014956,0.00017332032943014793,-1.6263032587282567e-18,6,7,True,0.8691161088645458
CLEAN,PE 18:2_20:4,2,1.028380785687107e-08,1.0283807812466766e-08,-4.440430432457148e-17,5,6,True,0.6781114563345909
CLEAN,PE 18:2_22:2,0,4.317888682131142e-08,4.6024197047435634e-08,2.8453102261242162e-09,9,4,True,0.8871358521282673
CLEAN,PE 18:2_22:2,1,0.00017332032943014956,0.00016598381620569347,-7.336513224456083e-06,10,3,True,1.087954819202423
CLEAN,PE 18:2_22:2,2,1.028380785687107e-08,1.02975071240698e-08,1.3699267198729611e-11,5,7,True,0.6820074990391731
CLEAN,PE 18:2_22:3,0,4.317888682131142e-08,0.006284733311920836,0.006284690133034015,9,4,True,0.2958375923335552
CLEAN,PE 18:2_22:3,1,0.00017332032943014956,2.9727604654685553,2.972587145139125,9,3,True,0.3586430326104164
CLEAN,PE 18:2_22:3,2,1.028380785687107e-08,0.0005042616290304046,0.0005042513452225478,5,8,True,0.3107721842825413
CLEAN,PE 18:2_22:4,0,4.317888682131142e-08,0.0005091922589429463,0.000509149080056125,8,3,True,0.6260052844882011
CLEAN,PE 18:2_22:4,1,0.00017332032943014956,2.458531444765406,2.458358124435976,7,4,True,0.6372136138379574
CLEAN,PE 18:2_22:4,2,1.028380785687107e-08,0.00018935200708473227,0.0001893417232768754,3,5,True,0.587699580937624
CLEAN,PE 18:2_22:5,0,4.317888682131142e-08,0.000532597702384493,0.0005325545234976717,7,3,True,0.6878441609442234
CLEAN,PE 18:2_22:5,1,0.00017332032943014956,2.906535089416817,2.9063617690873866,8,3,True,0.6502900645136833
CLEAN,PE 18:2_22:5,2,1.028380785687107e-08,0.00018358726352210342,0.00018357697971424654,4,7,True,0.39540859311819077
CLEAN,PE 18:2_22:6,0,4.317888682131142e-08,0.0009505714016879984,0.0009505282228011771,9,5,True,0.5070522949099541
CLEAN,PE 18:2_22:6,1,0.00017332032943014956,2.319531476978118,2.3193581566486876,13,1,False,0.2875549755990505
CLEAN,PE 18:2_22:6,2,1.028380785687107e-08,0.001852833130746836,0.001852822846938979,4,10,True,0.28576352074742317
CLEAN,PE 20:0_17:1,0,4.317888682131142e-08,0.012107777523382561,0.01210773434449574,5,3,True,0.2899645306169987
CLEAN,PE 20:0_17:1,1,0.00017332032943014956,3.3469302473306732,3.346756927001243,8,2,True,0.416190505027771
CLEAN,PE 20:0_17:1,2,1.028380785687107e-08,0.0031903243278516335,0.0031903140440437765,5,6,True,0.2360476702451706
CLEAN,PE 20:0_20:3,0,4.317888682131142e-08,4.3178886752274547e-08,-6.903687111803501e-17,5,2,True,0.8743275590240955
CLEAN,PE 20:0_20:3,1,0.00017332032943014956,0.00016822583321642062,-5.094496213728936e-06,4,4,True,0.9643356129527092
CLEAN,PE 20:0_20:3,2,1.028380785687107e-08,1.6701416006551587e-08,6.417608149680516e-09,6,3,True,0.7692816033959389
CLEAN,PE 20:0_20:4,0,4.317888682131142e-08,0.0017894573044905458,0.0017894141256037245,7,2,True,0.4928028807044029
CLEAN,PE 20:0_20:4,1,0.00017332032943014956,4.790216293617378,4.790042973287949,4,5,True,0.395546555519104
CLEAN,PE 20:0_20:4,2,1.028380785687107e-08,0.0008674416965326899,0.000867431412724833,6,4,True,0.3855666480958462
CLEAN,PE 20:0_20:5,0,4.317888682131142e-08,4.328260172514544e-08,1.0371490383402407e-10,9,4,True,0.8613268919289112
CLEAN,PE 20:0_20:5,1,0.00017332032943014956,0.0001738143652556258,4.94035825476238e-07,8,6,True,0.8809705302119255
CLEAN,PE 20:0_20:5,2,1.028380785687107e-08,1.028380795708639e-08,1.0021532010840836e-16,9,5,True,0.6798354685306549
CLEAN,PE 20:1_18:2,0,4.317888682131142e-08,4.317888661174533e-08,-2.0956608907630135e-16,6,5,True,0.8433142006397247
CLEAN,PE 20:1_18:2,1,0.00017332032943014956,0.000173320363574856,3.41447064578556e-11,9,2,True,0.9542770497500896
CLEAN,PE 20:1_18:2,2,1.028380785687107e-08,1.0283807806313494e-08,-5.055757682426157e-17,4,7,True,0.6613087169826031
CLEAN,PE 20:1_18:3,0,4.317888682131142e-08,4.3178886957041254e-08,1.3572983663489487e-16,5,6,True,0.7673831172287464
CLEAN,PE 20:1_18:3,1,0.00017332032943014956,0.00017332037405260709,4.462245753022315e-11,8,2,True,0.9856719672679901
CLEAN,PE 20:1_18:3,2,1.028380785687107e-08,1.028380781530704e-08,-4.15640307988604e-17,6,4,True,0.6340269893407822
CLEAN,PE 20:1_20:2,0,4.317888682131142e-08,8.649556178293688e-05,8.645238289611556e-05,9,3,True,0.8322241008281708
CLEAN,PE 20:1_20:2,1,0.00017332032943014956,1.0641875620244086,1.0640142416949785,5,6,True,0.6221951879560947
CLEAN,PE 20:1_20:2,2,1.028380785687107e-08,0.00011048324425147868,0.0001104729604436218,8,4,True,0.5597923398017883
CLEAN,PE 20:1_20:3,0,4.317888682131142e-08,3.6839713110550044e-08,-6.339173710761374e-09,9,1,False,0.7651318311691284
CLEAN,PE 20:1_20:3,1,0.00017332032943014956,0.00017332032943181234,1.6627866618323939e-15,3,7,True,0.8293576240539551
CLEAN,PE 20:1_20:3,2,1.028380785687107e-08,1.028380785686818e-08,-2.8901690602602787e-21,7,3,True,0.6697730533778667
CLEAN,PE 20:1_20:5,0,4.317888682131142e-08,4.317888679903906e-08,-2.2272360771137404e-17,11,3,True,0.8572317063808441
CLEAN,PE 20:1_20:5,1,0.00017332032943014956,0.00017332034667931503,1.7249165474870348e-11,4,9,True,0.868890143930912
CLEAN,PE 20:1_20:5,2,1.028380785687107e-08,1.0283813023178477e-08,5.166307406678554e-15,9,3,True,0.6680510081350803
CLEAN,PE 20:2_20:2,0,4.317888682131142e-08,0.00024638791231269873,0.00024634473342587744,7,0,False,0.6856113225221634
CLEAN,PE 20:2_20:2,1,0.00017332032943014956,3.5155842884707496,3.5154109681413193,2,6,True,0.5496887154877186
CLEAN,PE 20:2_20:2,2,1.028380785687107e-08,0.00036586317510718826,0.0003658528912993314,6,2,True,0.5348609536886215
CLEAN,PE 20:2_20:4,0,4.317888682131142e-08,6.953621491176036e-05,6.949303602493905e-05,14,0,False,0.7302163057029247
CLEAN,PE 20:2_20:4,1,0.00017332032943014956,2.405805850338121,2.405632530008691,3,10,True,0.5861005000770092
CLEAN,PE 20:2_20:4,2,1.028380785687107e-08,0.0002599451072196252,0.0002599348234117683,8,4,True,0.5774808414280415
CLEAN,PE 20:2_20:5,0,4.317888682131142e-08,0.006033658687539748,0.006033615508652927,14,0,False,0.2879592254757881
CLEAN,PE 20:2_20:5,1,0.00017332032943014956,7.046846688181409,7.046673367851979,3,12,True,0.27075308933854103
CLEAN,PE 20:2_20:5,2,1.028380785687107e-08,0.0008804097705983362,0.0008803994867904794,11,3,True,0.22891714423894882
CLEAN,PE 20:3_20:4,0,4.317888682131142e-08,4.317888684513174e-08,2.3820320099689538e-17,14,0,False,0.9075881019234657
CLEAN,PE 20:3_20:4,1,0.00017332032943014956,0.0001733203294301492,-3.5236570605778894e-19,3,10,True,0.8586389534175396
CLEAN,PE 20:3_20:4,2,1.028380785687107e-08,1.0283807855918885e-08,-9.521858010832663e-19,9,4,True,0.7236802317202091
CLEAN,PE 20:3_20:5,0,4.317888682131142e-08,0.005719055376744838,0.005719012197858017,14,0,False,0.3350626491010189
CLEAN,PE 20:3_20:5,1,0.00017332032943014956,3.385653804348424,3.3854804840189936,3,11,True,0.30267662927508354
CLEAN,PE 20:3_20:5,2,1.028380785687107e-08,0.0006209938078462279,0.000620983524038371,10,3,True,0.2378946766257286
CLEAN,PE 20:4_20:4,0,4.317888682131142e-08,4.317888679236153e-08,-2.8949885453812577e-17,11,0,False,0.7812311872839928
CLEAN,PE 20:4_20:4,1,0.00017332032943014956,0.0001733203271936349,-2.2365146572830147e-12,2,8,True,0.9219460673630238
CLEAN,PE 20:4_20:4,2,1.028380785687107e-08,1.0283807822832957e-08,-3.403811328400389e-17,6,3,True,0.6777380704879761
CLEAN,PE 22:1_18:2,0,4.317888682131142e-08,0.0114944462731927,0.011494403094305878,8,3,True,0.302897397428751
CLEAN,PE 22:1_18:2,1,0.00017332032943014956,0.01118125914900573,0.011007938819575581,9,3,True,0.26021430641412735
CLEAN,PE 22:1_18:2,2,1.028380785687107e-08,0.001129706587543592,0.001129696303735735,4,8,True,0.25253788009285927
CLEAN,PE O-16:0_22:1,0,4.317888682131142e-08,4.302666387522605e-08,-1.5222294608536881e-10,6,0,False,0.8344943895936012
CLEAN,PE O-16:0_22:1,1,0.00017332032943014956,0.0001779703320760327,4.650002645883137e-06,2,3,True,0.9956918358802795
CLEAN,PE O-16:0_22:1,2,1.028380785687107e-08,1.028380785686818e-08,-2.8901690602602787e-21,3,4,True,0.6650507524609566
CLEAN,PE O-16:0_22:2,0,4.317888682131142e-08,0.0001713767932557406,0.00017133361436891929,7,0,False,0.745347648859024
CLEAN,PE O-16:0_22:2,1,0.00017332032943014956,0.010169010251072447,0.009995689921642298,2,3,True,0.8423730172216892
CLEAN,PE O-16:0_22:2,2,1.028380785687107e-08,0.0008900829681926381,0.0008900726843847813,3,4,True,0.5640859566628933
CLEAN,PE O-16:0_22:3,0,4.317888682131142e-08,0.0031489337847085378,0.0031488906058217163,7,0,False,0.5279809720814228
CLEAN,PE O-16:0_22:3,1,0.00017332032943014956,0.14573324972025348,0.14555992939082332,2,3,True,0.7733938656747341
CLEAN,PE O-16:0_22:3,2,1.028380785687107e-08,5.718684115331301e-06,5.70840030747443e-06,3,4,True,0.5871961824595928
CLEAN,PE O-16:0_22:4,0,4.317888682131142e-08,4.4129708011271565e-08,9.508211899601472e-10,8,0,False,0.7844815514981747
CLEAN,PE O-16:0_22:4,1,0.00017332032943014956,0.00017332032991164642,4.814968682011894e-13,3,3,True,0.8900944143533707
CLEAN,PE O-16:0_22:4,2,1.028380785687107e-08,1.028380785686818e-08,-2.8901690602602787e-21,3,5,True,0.6724065504968166
CLEAN,PE O-16:0_22:5,0,4.317888682131142e-08,4.317888682137425e-08,6.283263932952798e-20,7,1,False,0.7515372186899185
CLEAN,PE O-16:0_22:5,1,0.00017332032943014956,0.0001733203293912867,-3.8862847401982537e-14,4,2,True,0.8481548018753529
CLEAN,PE O-16:0_22:5,2,1.028380785687107e-08,1.0283807829971284e-08,-2.6899786134410127e-17,3,6,True,0.6323766112327576
CLEAN,PE O-16:0_22:6,0,4.317888682131142e-08,4.501120593262735e-08,1.8323191113159303e-09,9,3,True,0.7465015091001987
CLEAN,PE O-16:0_22:6,1,0.00017332032943014956,0.0001721163246945298,-1.2040047356197577e-06,8,1,False,0.9626085944473743
CLEAN,PE O-16:0_22:6,2,1.028380785687107e-08,1.028380775654744e-08,-1.0032363113781605e-16,3,8,True,0.6705879308283329
CLEAN,PE O-16:1_22:0,0,4.317888682131142e-08,0.0009744615856438199,0.0009744184067569986,4,2,True,0.585252158343792
CLEAN,PE O-16:1_22:0,1,0.00017332032943014956,0.02678088470474319,0.026607564375313038,5,1,False,0.653082612901926
CLEAN,PE O-16:1_22:0,2,1.028380785687107e-08,0.0017373842850012008,0.001737374001193344,3,4,True,0.5480232499539852
CLEAN,PE O-16:1_22:1,0,4.317888682131142e-08,4.317888679220485e-08,-2.910656669671992e-17,6,0,False,0.7610206231474876
CLEAN,PE O-16:1_22:1,1,0.00017332032943014956,0.0001368136848122141,-3.650664461793545e-05,4,3,True,0.9633797518908978
CLEAN,PE O-16:1_22:1,2,1.028380785687107e-08,1.0283810643090532e-08,2.7862194614006405e-15,3,4,True,0.7750432938337326
CLEAN,PE O-16:1_22:2,0,4.317888682131142e-08,0.0011183397605880885,0.0011182965817012672,7,0,False,0.6036088801920414
CLEAN,PE O-16:1_22:2,1,0.00017332032943014956,2.8606071722881037,2.8604338519586734,4,3,True,0.81892379373312
CLEAN,PE O-16:1_22:2,2,1.028380785687107e-08,8.738971715961435e-06,8.728687908104564e-06,3,4,True,0.7923638857901096
CLEAN,PE O-16:1_22:3,0,4.317888682131142e-08,4.2329065551964645e-08,-8.498212693467729e-10,7,0,False,0.8193608336150646
CLEAN,PE O-16:1_22:3,1,0.00017332032943014956,0.0006110090250260134,0.0004376886955958639,4,3,True,0.8750872984528542
CLEAN,PE O-16:1_22:3,2,1.028380785687107e-08,8.820106526231131e-09,-1.4637013306399393e-09,3,4,True,0.7016527876257896
CLEAN,PE O-16:1_22:4,0,4.317888682131142e-08,0.0002735304160671077,0.0002734872371802864,7,0,False,0.8193853013217449
CLEAN,PE O-16:1_22:4,1,0.00017332032943014956,0.007887245873537159,0.007713925544107009,4,3,True,0.8643065765500069
CLEAN,PE O-16:1_22:4,2,1.028380785687107e-08,0.00023700306228693929,0.0002369927784790824,3,4,True,0.6719151102006435
CLEAN,PE O-16:1_22:5,0,4.317888682131142e-08,0.0011349331403131702,0.001134889961426349,7,1,False,0.5770081244409084
CLEAN,PE O-16:1_22:5,1,0.00017332032943014956,2.9593457479786487,2.9591724276492184,6,2,True,0.7430208474397659
CLEAN,PE O-16:1_22:5,2,1.028380785687107e-08,0.0002550584802635539,0.00025504819645569705,3,6,True,0.3963964246213436
CLEAN,PE O-16:1_24:0,0,4.317888682131142e-08,4.317888472405382e-08,-2.097257600808147e-15,7,0,False,0.8165050595998764
CLEAN,PE O-16:1_24:0,1,0.00017332032943014956,0.0001733203357295169,6.299367332016775e-12,6,0,False,0.9350189231336117
CLEAN,PE O-16:1_24:0,2,1.028380785687107e-08,1.1929604688283557e-08,1.6457968314124866e-09,0,7,False,0.7051250748336315
CLEAN,PE O-16:1_24:1,0,4.317888682131142e-08,0.001277423811634562,0.0012773806327477408,8,0,False,0.5318960957229137
CLEAN,PE O-16:1_24:1,1,0.00017332032943014956,4.060796528490689,4.060623208161259,7,0,False,0.3861861601471901
CLEAN,PE O-16:1_24:1,2,1.028380785687107e-08,5.344749791040617e-05,5.34372141025493e-05,0,8,False,0.6563177667558193
CLEAN,PE O-18:0_20:1,0,4.317888682131142e-08,4.3178886821310346e-08,-1.0720260738687239e-21,4,3,True,0.7578471414744854
CLEAN,PE O-18:0_20:1,1,0.00017332032943014956,0.00017332032471452822,-4.7156213395932456e-12,1,5,False,0.8722108379006386
CLEAN,PE O-18:0_20:1,2,1.028380785687107e-08,4.9686189439579715e-09,-5.315188912913099e-09,6,0,False,0.6281260587275028
CLEAN,PE O-18:0_20:2,0,4.317888682131142e-08,4.3178886821310346e-08,-1.0720260738687239e-21,6,0,False,0.7596541345119476
CLEAN,PE O-18:0_20:2,1,0.00017332032943014956,0.00017332032943014918,-3.7947076036992655e-19,0,7,False,0.8573493510484695
CLEAN,PE O-18:0_20:2,2,1.028380785687107e-08,1.0283807395102283e-08,-4.61768787581981e-16,6,0,False,0.7345749400556087
CLEAN,PE O-18:0_20:3,0,4.317888682131142e-08,4.317888612367712e-08,-6.976342951041015e-16,7,0,False,0.8792835734784603
CLEAN,PE O-18:0_20:3,1,0.00017332032943014956,0.00017332034499992327,1.5569773714665253e-11,0,7,False,0.9352394491434097
CLEAN,PE O-18:0_20:3,2,1.028380785687107e-08,1.0283807785106752e-08,-7.176431886255509e-17,6,0,False,0.645530454814434
CLEAN,PE O-18:0_20:4,0,4.317888682131142e-08,4.3178886821310346e-08,-1.0720260738687239e-21,11,0,False,0.7707334868609905
CLEAN,PE O-18:0_20:4,1,0.00017332032943014956,0.00017332037568545424,4.625530468089882e-11,0,10,False,0.9910606518387794
CLEAN,PE O-18:0_20:4,2,1.028380785687107e-08,9.692085776781643e-09,-5.917220800894272e-10,6,1,False,0.7877510040998459
CLEAN,PE O-18:0_22:1,0,4.317888682131142e-08,0.0002652926539186171,0.0002652494750317958,5,0,False,0.7848191894590855
CLEAN,PE O-18:0_22:1,1,0.00017332032943014956,3.4669643529254497,3.4667910325960194,0,6,False,0.29060691595077515
CLEAN,PE O-18:0_22:1,2,1.028380785687107e-08,0.005380086090108048,0.005380075806300191,5,0,False,0.4658571630716324
CLEAN,PE O-18:0_22:2,0,4.317888682131142e-08,0.010927128254498781,0.010927085075611959,6,0,False,0.33295243605971336
CLEAN,PE O-18:0_22:2,1,0.00017332032943014956,0.04383323386532416,0.04365991353589401,0,6,False,0.9338659457862377
CLEAN,PE O-18:0_22:2,2,1.028380785687107e-08,0.005412002898939908,0.005411992615132051,5,0,False,0.5264765098690987
CLEAN,PE O-18:0_22:5,0,4.317888682131142e-08,4.317888658595512e-08,-2.3535629679139407e-16,8,1,False,0.8349843099713326
CLEAN,PE O-18:0_22:5,1,0.00017332032943014956,0.0001733203588047803,2.9374630738888616e-11,2,7,True,0.9202838279306889
CLEAN,PE O-18:0_22:5,2,1.028380785687107e-08,1.0283807829561911e-08,-2.7309159473923845e-17,5,2,True,0.678907435387373
CLEAN,PE O-18:0_22:6,0,4.317888682131142e-08,4.3178886821310346e-08,-1.0720260738687239e-21,9,3,True,0.7752715386450291
CLEAN,PE O-18:0_22:6,1,0.00017332032943014956,0.0001733203324679898,3.03784024303054e-12,6,5,True,0.9893546476960182
CLEAN,PE O-18:0_22:6,2,1.028380785687107e-08,1.0283808740624906e-08,8.837538355666628e-16,5,4,True,0.6578778997063637
CLEAN,PE O-18:1_20:1,0,4.317888682131142e-08,3.88923007205263e-05,3.884912183370499e-05,3,3,True,0.7403389737010002
CLEAN,PE O-18:1_20:1,1,0.00017332032943014956,0.20537988647355132,0.20520656614412117,1,4,False,0.8192035295069218
CLEAN,PE O-18:1_20:1,2,1.028380785687107e-08,4.7177460574920005e-05,4.7167176767063136e-05,7,0,False,0.509811744093895
CLEAN,PE O-18:1_20:2,0,4.317888682131142e-08,4.44198543092851e-08,1.2409674879736795e-09,6,0,False,0.7521913312375546
CLEAN,PE O-18:1_20:2,1,0.00017332032943014956,0.00017215489570063464,-1.1654337295149161e-06,0,7,False,0.955959714949131
CLEAN,PE O-18:1_20:2,2,1.028380785687107e-08,1.0208023659190448e-08,-7.57841976806228e-11,7,0,False,0.7252924330532551
CLEAN,PE O-18:1_20:3,0,4.317888682131142e-08,4.3178886821310306e-08,-1.1117307432712692e-21,7,0,False,0.7628162205219269
CLEAN,PE O-18:1_20:3,1,0.00017332032943014956,0.0001261837546643527,-4.7136574765796864e-05,0,7,False,0.861071765422821
CLEAN,PE O-18:1_20:3,2,1.028380785687107e-08,1.0283807845345796e-08,-1.152527456518507e-17,7,0,False,0.7061334326863289
CLEAN,PE O-18:1_20:4,0,4.317888682131142e-08,0.00011504227428658642,0.0001149990953997651,11,0,False,0.7666274085640907
CLEAN,PE O-18:1_20:4,1,0.00017332032943014956,2.959584419911146,2.9594110995817156,0,10,False,0.6401533149182796
CLEAN,PE O-18:1_20:4,2,1.028380785687107e-08,0.0007255281049047803,0.0007255178210969235,8,1,False,0.5372267439961433
CLEAN,PE O-18:1_20:5,0,4.317888682131142e-08,4.317189268562914e-08,-6.994135682276466e-12,11,0,False,0.7702234499156475
CLEAN,PE O-18:1_20:5,1,0.00017332032943014956,0.00017332032913533525,-2.948143031783479e-13,0,11,False,0.8901891596615314
CLEAN,PE O-18:1_20:5,2,1.028380785687107e-08,1.028380937305778e-08,1.5161867091103192e-15,11,0,False,0.6237858645617962
CLEAN,PE O-18:1_22:1,0,4.317888682131142e-08,0.0003779709855770478,0.0003779278066902265,5,0,False,0.6349094212055206
CLEAN,PE O-18:1_22:1,1,0.00017332032943014956,0.007043106165611434,0.006869785836181285,0,6,False,0.8356292843818665
CLEAN,PE O-18:1_22:1,2,1.028380785687107e-08,0.000297109533631738,0.00029709924982388114,6,0,False,0.4749429002404213
CLEAN,PE O-18:1_22:2,0,4.317888682131142e-08,0.0004159975818336816,0.0004159544029468603,6,0,False,0.6720565408468246
CLEAN,PE O-18:1_22:2,1,0.00017332032943014956,0.00014177985048551925,-3.1540478944630307e-05,0,6,False,0.847588088363409
CLEAN,PE O-18:1_22:2,2,1.028380785687107e-08,6.636098553808867e-05,6.63507017302318e-05,6,0,False,0.5041650347411633
CLEAN,PE O-18:1_22:3,0,4.317888682131142e-08,2.710301734148327e-06,2.667122847327016e-06,6,0,False,0.7873845472931862
CLEAN,PE O-18:1_22:3,1,0.00017332032943014956,0.0008311469074345776,0.0006578265780044281,0,6,False,0.8558493442833424
CLEAN,PE O-18:1_22:3,2,1.028380785687107e-08,8.296105480102129e-05,8.295077099316441e-05,6,0,False,0.627195667475462
CLEAN,PE O-18:1_22:4,0,4.317888682131142e-08,0.0002605198545520486,0.0002604766756652273,8,0,False,0.7353884316980839
CLEAN,PE O-18:1_22:4,1,0.00017332032943014956,0.6685365425719201,0.6683632222424899,1,7,False,0.9521588049829006
CLEAN,PE O-18:1_22:4,2,1.028380785687107e-08,0.0005986620820053765,0.0005986517981975196,7,1,False,0.5021688789129257
CLEAN,PE O-18:1_22:5,0,4.317888682131142e-08,0.0005328447539769544,0.0005328015750901331,8,1,False,0.6907552257180214
CLEAN,PE O-18:1_22:5,1,0.00017332032943014956,3.003226517201814,3.0030531968723837,2,7,True,0.8352766335010529
CLEAN,PE O-18:1_22:5,2,1.028380785687107e-08,0.0009921574674409725,0.0009921471836331155,8,2,True,0.4658239223062992
CLEAN,PE O-18:1_22:6,0,4.317888682131142e-08,2.9686080142607913e-05,2.9642901255786603e-05,9,3,True,0.7921621985733509
CLEAN,PE O-18:1_22:6,1,0.00017332032943014956,4.432621884499391,4.432448564169961,6,5,True,1.004413977265358
CLEAN,PE O-18:1_22:6,2,1.028380785687107e-08,0.0019075449011761176,0.0019075346173682607,8,4,True,0.5024841800332069
CLEAN,PE O-18:2_20:2,0,4.317888682131142e-08,0.00010338903288854598,0.00010334585400172466,6,0,False,0.7011686339974403
CLEAN,PE O-18:2_20:2,1,0.00017332032943014956,0.04511529682953434,0.044941976500104196,0,7,False,0.827291551977396
CLEAN,PE O-18:2_20:2,2,1.028380785687107e-08,7.772393149709314e-05,7.771364768923626e-05,7,0,False,0.5972179360687733
CLEAN,PE O-18:2_20:3,0,4.317888682131142e-08,4.317888673753433e-08,-8.377709066738706e-17,8,0,False,0.7361577786505222
CLEAN,PE O-18:2_20:3,1,0.00017332032943014956,0.00017359058308102072,2.702536508711632e-07,0,8,False,0.8580913580954075
CLEAN,PE O-18:2_20:3,2,1.028380785687107e-08,1.1162991934088885e-08,8.791840772178146e-10,8,0,False,0.7474127113819122
CLEAN,PE O-18:2_20:4,0,4.317888682131142e-08,0.002459830065112335,0.0024597868862255134,11,0,False,0.5763460397720337
CLEAN,PE O-18:2_20:4,1,0.00017332032943014956,3.1328249861230955,3.132651665793665,0,10,False,0.5257321484386921
CLEAN,PE O-18:2_20:4,2,1.028380785687107e-08,0.0006779295242005129,0.0006779192403926561,8,1,False,0.4401716962456703
CLEAN,PE O-18:2_22:0,0,4.317888682131142e-08,0.0013367494471923955,0.0013367062683055742,4,2,True,0.6191441118717194
CLEAN,PE O-18:2_22:0,1,0.00017332032943014956,0.8956921517072813,0.8955188313778512,1,5,False,0.5863220617175102
CLEAN,PE O-18:2_22:0,2,1.028380785687107e-08,0.0025648767284931393,0.0025648664446852824,7,0,False,0.2962389998137951
CLEAN,PE O-18:2_22:2,0,4.317888682131142e-08,2.187212886294312e-05,2.182894997612181e-05,6,0,False,0.7555556185543537
CLEAN,PE O-18:2_22:2,1,0.00017332032943014956,0.0006122324600152894,0.0004389121305851399,0,6,False,0.8674490973353386
CLEAN,PE O-18:2_22:2,2,1.028380785687107e-08,7.960285426144765e-05,7.959257045359077e-05,6,0,False,0.620820228010416
CLEAN,PE O-18:2_22:3,0,4.317888682131142e-08,4.397457426555454e-08,7.956874442431238e-10,6,0,False,0.7349745072424412
CLEAN,PE O-18:2_22:3,1,0.00017332032943014956,0.00013098828609630915,-4.233204333384041e-05,0,6,False,0.8854197487235069
CLEAN,PE O-18:2_22:3,2,1.028380785687107e-08,1.03816393411761e-08,9.78314843050299e-11,6,0,False,0.7037747949361801
CLEAN,PE O-18:2_22:4,0,4.317888682131142e-08,4.3178886821372166e-08,6.074814418589435e-20,8,0,False,0.7992050275206566
CLEAN,PE O-18:2_22:4,1,0.00017332032943014956,0.00015553978498739012,-1.778054444275944e-05,1,7,False,0.8625826686620712
CLEAN,PE O-18:2_22:4,2,1.028380785687107e-08,1.0283807194651474e-08,-6.62219596116493e-16,7,1,False,0.7890235595405102
CLEAN,PE O-18:2_22:5,0,4.317888682131142e-08,4.3178886821310227e-08,-1.1911400820763599e-21,8,1,False,0.7722418643534184
CLEAN,PE O-18:2_22:5,1,0.00017332032943014956,0.00017332032943017932,2.9761349634727097e-17,2,7,True,0.880383737385273
CLEAN,PE O-18:2_22:5,2,1.028380785687107e-08,1.0283807857392176e-08,5.211055879349313e-19,8,2,True,0.6954409964382648
CLEAN,PE O-18:2_22:6,0,4.317888682131142e-08,0.0009821995200126814,0.00098215634112586,9,3,True,0.6837106868624687
CLEAN,PE O-18:2_22:6,1,0.00017332032943014956,4.24193334485919,4.24176002452976,6,5,True,0.3229473643004894
CLEAN,PE O-18:2_22:6,2,1.028380785687107e-08,0.0014375540698820814,0.0014375437860742245,8,4,True,0.2416546568274498
CLEAN,PE O-18:3_20:3,0,4.317888682131142e-08,4.317888682124611e-08,-6.530756372228664e-20,7,0,False,0.7619786746799946
CLEAN,PE O-18:3_20:3,1,0.00017332032943014956,0.0001733203294301489,-6.505213034913027e-19,0,7,False,0.8598897382616997
CLEAN,PE O-18:3_20:3,2,1.028380785687107e-08,1.0283807856869065e-08,-2.005085804828539e-21,6,0,False,0.672126904129982
CLEAN,PE O-18:3_22:0,0,4.317888682131142e-08,0.0015380845162593587,0.0015380413373725374,4,2,True,0.5161395519971848
CLEAN,PE O-18:3_22:0,1,0.00017332032943014956,0.31492690998750184,0.3147535896580717,1,5,False,1.1180656142532825
CLEAN,PE O-18:3_22:0,2,1.028380785687107e-08,0.004068028217981654,0.0040680179341737975,6,0,False,0.36623649671673775
CLEAN,PE O-18:3_22:5,0,4.317888682131142e-08,4.317888682221047e-08,8.990526816165351e-19,8,1,False,0.7643984034657478
CLEAN,PE O-18:3_22:5,1,0.00017332032943014956,0.0001733203294301495,-5.421010862427522e-20,2,7,True,0.8651544973254204
CLEAN,PE O-18:3_22:5,2,1.028380785687107e-08,1.0274596247993217e-08,-9.211608877853139e-12,7,2,True,0.7146884500980377
CLEAN,PE O-18:3_22:6,0,4.317888682131142e-08,9.463492128192696e-05,9.459174239510564e-05,9,3,True,0.7724973559379578
CLEAN,PE O-18:3_22:6,1,0.00017332032943014956,0.5986889601483097,0.5985156398188796,6,5,True,0.29412003606557846
CLEAN,PE O-18:3_22:6,2,1.028380785687107e-08,0.0009027465920163849,0.000902736308208528,7,4,True,0.24805232509970665
CLEAN,PE O-20:0_18:2,0,4.317888682131142e-08,0.00808724285669134,0.008087199677804519,5,2,True,0.44455406814813614
CLEAN,PE O-20:0_18:2,1,0.00017332032943014956,0.00815227689426101,0.007978956564830861,9,0,False,0.5269075036048889
CLEAN,PE O-20:0_18:2,2,1.028380785687107e-08,0.006160339313887586,0.0061603290300797295,0,7,False,0.4918541796505451
CLEAN,PE O-20:0_20:2,0,4.317888682131142e-08,4.3178855442038546e-08,-3.1379272872253366e-14,6,0,False,0.8868593126535416
CLEAN,PE O-20:0_20:2,1,0.00017332032943014956,0.00017332032556647946,-3.863670098918845e-12,3,4,True,0.8529778197407722
CLEAN,PE O-20:0_20:2,2,1.028380785687107e-08,1.028380770463912e-08,-1.5223195088898486e-16,4,3,True,0.6229892484843731
CLEAN,PE O-20:1_18:2,0,4.317888682131142e-08,4.3178886791251754e-08,-3.005966405083822e-17,5,2,True,0.7583729028701782
CLEAN,PE O-20:1_18:2,1,0.00017332032943014956,0.0001733203922534265,6.282327693544858e-11,9,0,False,0.9540954940021038
CLEAN,PE O-20:1_18:2,2,1.028380785687107e-08,1.0283807814922042e-08,-4.1949028780083406e-17,0,7,False,0.6793529987335205
CLEAN,PE O-20:2_20:3,0,4.317888682131142e-08,4.317888682942005e-08,8.108633169175616e-18,8,0,False,0.7920445092022419
CLEAN,PE O-20:2_20:3,1,0.00017332032943014956,0.00017332032967300876,2.4285919954757096e-13,3,4,True,0.8615009859204292
CLEAN,PE O-20:2_20:3,2,1.028380785687107e-08,1.0283807856869065e-08,-2.005085804828539e-21,4,4,True,0.6816207058727741
CLEAN,PE O-20:2_20:4,0,4.317888682131142e-08,0.001065415562858623,0.0010653723839718018,11,0,False,0.607854038476944
CLEAN,PE O-20:2_20:4,1,0.00017332032943014956,3.416242840182082,3.416069519852652,3,6,True,0.4226352572441101
CLEAN,PE O-20:2_20:4,2,1.028380785687107e-08,7.889859403555741e-05,7.888831022770054e-05,4,5,True,0.6463058516383171
CLEAN,PG 14:0_20:0,0,4.317888682131142e-08,4.3178886818895574e-08,-2.4158438446876714e-18,11,8,True,0.7651339620351791
CLEAN,PG 14:0_20:0,1,0.00017332032943014956,0.00017332033013575118,7.056016198842691e-13,13,7,True,0.9371274970471859
CLEAN,PG 14:0_20:0,2,1.028380785687107e-08,1.0283808081392074e-08,2.2452100335364154e-16,14,6,True,0.7717570327222347
CLEAN,PG 14:0_22:1,0,4.317888682131142e-08,0.0011874743137585135,0.0011874311348716922,13,5,True,0.6257761046290398
CLEAN,PG 14:0_22:1,1,0.00017332032943014956,2.429558761964109,2.4293854416346785,13,5,True,0.4836473651230335
CLEAN,PG 14:0_22:1,2,1.028380785687107e-08,0.0002528827259814349,0.00025287244217357804,10,9,True,0.570549238473177
CLEAN,PG 14:0_22:3,0,4.317888682131142e-08,4.317888679966531e-08,-2.1646105638095957e-17,13,4,True,0.7023752629756927
CLEAN,PG 14:0_22:3,1,0.00017332032943014956,0.0001733203294301495,-5.421010862427522e-20,12,4,True,0.8629381656646729
CLEAN,PG 14:0_22:3,2,1.028380785687107e-08,1.0283807476768306e-08,-3.8010276440822524e-16,7,9,True,0.632476206868887
CLEAN,PG 16:0_18:0,0,4.317888682131142e-08,4.317888685194329e-08,3.06318745113779e-17,19,3,True,0.7905785888433456
CLEAN,PG 16:0_18:0,1,0.00017332032943014956,0.00017332032923672098,-1.9342857936026359e-13,12,10,True,0.8589034974575043
CLEAN,PG 16:0_18:0,2,1.028380785687107e-08,1.0164853759496782e-08,-1.189540973742884e-10,12,9,True,0.6913595795631409
CLEAN,PG 16:0_20:1,0,4.317888682131142e-08,0.0009815039147447462,0.000981460735857925,11,6,True,0.6486584357917309
CLEAN,PG 16:0_20:1,1,0.00017332032943014956,4.447213981019624,4.447040660690194,4,11,True,0.39663341641426086
CLEAN,PG 16:0_20:1,2,1.028380785687107e-08,0.0003445352654725493,0.00034452498166469243,17,1,False,0.5530545078217983
CLEAN,PG 16:0_20:2,0,4.317888682131142e-08,2.459617291124691e-08,-1.8582713910064507e-08,14,3,True,0.788281861692667
CLEAN,PG 16:0_20:2,1,0.00017332032943014956,0.00017332032369993375,-5.7302158081463245e-12,4,13,True,0.9022025242447853
CLEAN,PG 16:0_20:2,2,1.028380785687107e-08,1.0283807791548857e-08,-6.532221309093496e-17,15,2,True,0.6601611487567425
CLEAN,PG 16:0_20:3,0,4.317888682131142e-08,0.00396242035005877,0.003962377171171949,12,2,True,0.4077151045203209
CLEAN,PG 16:0_20:3,1,0.00017332032943014956,1.3290394295156542,1.3288661091862242,4,10,True,0.49925944581627846
CLEAN,PG 16:0_20:3,2,1.028380785687107e-08,0.0006525655140615636,0.0006525552302537068,12,2,True,0.4002433232963085
CLEAN,PG 16:0_22:5,0,4.317888682131142e-08,0.0021274884855942925,0.002127445306707471,12,2,True,0.42449623718857765
CLEAN,PG 16:0_22:5,1,0.00017332032943014956,1.2413667459007438,1.2411934255713137,6,9,True,0.5268159508705139
CLEAN,PG 16:0_22:5,2,1.028380785687107e-08,0.0008905256307595025,0.0008905153469516457,11,5,True,0.4583888053894043
CLEAN,PG 16:1_20:2,0,4.317888682131142e-08,0.000405715628478926,0.0004056724495921047,10,1,False,0.7547072693705559
CLEAN,PG 16:1_20:2,1,0.00017332032943014956,0.9213769132048284,0.9212035928753982,3,10,True,0.5640820749104023
CLEAN,PG 16:1_20:2,2,1.028380785687107e-08,0.00035965761857171895,0.0003596473347638621,10,2,True,0.6068872287869453
CLEAN,PG 16:1_20:3,0,4.317888682131142e-08,2.407232446858862e-08,-1.9106562352722796e-08,13,2,True,0.735351212322712
CLEAN,PG 16:1_20:3,1,0.00017332032943014956,0.0001733205686898562,2.392597066378909e-10,5,11,True,1.056459702551365
CLEAN,PG 16:1_20:3,2,1.028380785687107e-08,9.061244830220424e-09,-1.222563026650646e-09,11,3,True,0.6306779831647873
CLEAN,PG 16:1_20:4,0,4.317888682131142e-08,0.004924038701038077,0.004923995522151256,14,2,True,0.40625352412462234
CLEAN,PG 16:1_20:4,1,0.00017332032943014956,0.9364481663260252,0.936274845996595,4,11,True,0.3860721029341221
CLEAN,PG 16:1_20:4,2,1.028380785687107e-08,0.0015708826368599114,0.0015708723530520545,11,4,True,0.3309210166335106
CLEAN,PG 17:0_17:0,0,4.317888682131142e-08,0.010808866868260764,0.010808823689373942,5,3,True,0.3412475474178791
CLEAN,PG 17:0_17:0,1,0.00017332032943014956,6.475205564388233,6.475032244058803,8,1,False,0.30266088247299194
CLEAN,PG 17:0_17:0,2,1.028380785687107e-08,0.001873739976973863,0.0018737296931660061,1,6,False,0.31530871242284775
CLEAN,PG 17:0_18:1,0,4.317888682131142e-08,4.3178886489087864e-08,-3.322235537396573e-16,13,3,True,0.859007079154253
CLEAN,PG 17:0_18:1,1,0.00017332032943014956,0.0001721776356300908,-1.1426938000587558e-06,15,1,False,0.9391873590648174
CLEAN,PG 17:0_18:1,2,1.028380785687107e-08,1.0262482688897068e-08,-2.1325167974001993e-11,2,14,True,0.6263980828225613
CLEAN,PG 17:0_20:1,0,4.317888682131142e-08,4.410287157697245e-08,9.23984755661032e-10,10,7,True,0.7908536866307259
CLEAN,PG 17:0_20:1,1,0.00017332032943014956,0.00017332042650656176,9.707641220285494e-11,13,3,True,0.9734310358762741
CLEAN,PG 17:0_20:1,2,1.028380785687107e-08,1.0283810667878552e-08,2.8110074819009824e-15,6,10,True,0.7133627869188786
CLEAN,PG 17:0_20:2,0,4.317888682131142e-08,0.006145540326901398,0.006145497148014577,13,3,True,0.443216186016798
CLEAN,PG 17:0_20:2,1,0.00017332032943014956,2.8941182347356005,2.89394491440617,12,6,True,0.36240896955132484
CLEAN,PG 17:0_20:2,2,1.028380785687107e-08,0.00016839237913535395,0.00016838209532749708,6,10,True,0.39127182960510254
CLEAN,PG 17:0_20:3,0,4.317888682131142e-08,3.1232093654017704e-07,2.691420497188656e-07,11,2,True,0.8514947034418583
CLEAN,PG 17:0_20:3,1,0.00017332032943014956,0.00017332032698611174,-2.4440378106754812e-12,9,5,True,0.8545628115534782
CLEAN,PG 17:0_20:3,2,1.028380785687107e-08,1.0283807856630505e-08,-2.4056562882634683e-19,5,8,True,0.6686469428241253
CLEAN,PG 17:0_20:4,0,4.317888682131142e-08,4.319642236428125e-08,1.753554296983225e-11,14,2,True,0.7662248387932777
CLEAN,PG 17:0_20:4,1,0.00017332032943014956,0.0001733204792853682,1.498552186474881e-10,7,8,True,0.9480115287005901
CLEAN,PG 17:0_20:4,2,1.028380785687107e-08,1.0283809527731619e-08,1.6708605484527586e-15,5,8,True,0.7279192358255386
CLEAN,PG 17:0_20:5,0,4.317888682131142e-08,0.010919256825146863,0.01091921364626004,12,4,True,0.36197367683053017
CLEAN,PG 17:0_20:5,1,0.00017332032943014956,6.093387165139367,6.093213844809937,9,8,True,0.3880276121199131
CLEAN,PG 17:0_20:5,2,1.028380785687107e-08,0.0006665977587268828,0.0006665874749190259,7,6,True,0.3840769901871681
CLEAN,PG 17:1_18:2,0,4.317888682131142e-08,0.006541933980875526,0.006541890801988705,9,3,True,0.34498218819499016
CLEAN,PG 17:1_18:2,1,0.00017332032943014956,3.0704440706721066,3.0702707503426763,13,1,False,0.24126548692584038
CLEAN,PG 17:1_18:2,2,1.028380785687107e-08,0.0008228836032935366,0.0008228733194856798,1,10,False,0.2552006021142006
CLEAN,PG 17:1_20:1,0,4.317888682131142e-08,4.38495605472685e-08,6.706737259570832e-10,8,4,True,0.7978002168238163
CLEAN,PG 17:1_20:1,1,0.00017332032943014956,0.0001733595905016907,3.92610715411394e-08,8,2,True,0.9267570525407791
CLEAN,PG 17:1_20:1,2,1.028380785687107e-08,1.0293486146041278e-08,9.678289170207094e-12,6,7,True,0.6670363880693913
CLEAN,PG 17:1_20:2,0,4.317888682131142e-08,0.0014565434128626948,0.0014565002339758735,12,1,False,0.43615438789129257
CLEAN,PG 17:1_20:2,1,0.00017332032943014956,3.1605934883242086,3.1604201679947783,9,5,True,0.39152515307068825
CLEAN,PG 17:1_20:2,2,1.028380785687107e-08,0.0013687648626687422,0.0013687545788608852,6,8,True,0.38415808230638504
CLEAN,PG 17:1_20:3,0,4.317888682131142e-08,0.0027519696773172114,0.00275192649843039,12,1,False,0.41976985335350037
CLEAN,PG 17:1_20:3,1,0.00017332032943014956,2.8605203728781876,2.8603470525487573,8,5,True,0.4649311825633049
CLEAN,PG 17:1_20:3,2,1.028380785687107e-08,0.00014645467041604732,0.00014644438660819044,5,7,True,0.45579224079847336
CLEAN,PG 17:1_20:4,0,4.317888682131142e-08,3.1819173266446966e-07,2.750128458431582e-07,14,1,False,0.8742386400699615
CLEAN,PG 17:1_20:4,1,0.00017332032943014956,0.00017254454789223097,-7.757815379185883e-07,7,7,True,0.9313158169388771
CLEAN,PG 17:1_20:4,2,1.028380785687107e-08,1.028375367128102e-08,-5.4185590051241974e-14,7,8,True,0.6759670898318291
CLEAN,PG 18:0_17:1,0,4.317888682131142e-08,0.003586441204945877,0.0035863980260590553,13,4,True,0.3914027474820614
CLEAN,PG 18:0_17:1,1,0.00017332032943014956,6.0643897731407295,6.0642164528113,18,0,False,0.3361515514552593
CLEAN,PG 18:0_17:1,2,1.028380785687107e-08,0.001332853720131325,0.001332843436323468,3,14,True,0.3854964151978493
CLEAN,PG 18:0_18:0,0,4.317888682131142e-08,4.3178885417257633e-08,-1.4040537843265531e-15,8,1,False,0.8848773799836636
CLEAN,PG 18:0_18:0,1,0.00017332032943014956,0.0001733203800046837,5.057453414392121e-11,8,1,False,0.9114644303917885
CLEAN,PG 18:0_18:0,2,1.028380785687107e-08,1.0283809707487025e-08,1.8506159548426e-15,1,7,False,0.6719825081527233
CLEAN,PG 18:0_18:1,0,4.317888682131142e-08,4.317888679175255e-08,-2.9558869055663916e-17,17,2,True,0.7302664965391159
CLEAN,PG 18:0_18:1,1,0.00017332032943014956,0.00017256780435969494,-7.525250704546133e-07,17,2,True,0.9676814451813698
CLEAN,PG 18:0_18:1,2,1.028380785687107e-08,4.523191477884732e-09,-5.760616378986339e-09,3,16,True,0.710163451731205
CLEAN,PG 18:0_18:2,0,4.317888682131142e-08,0.002743423926479937,0.0027433807475931156,14,4,True,0.3922601044178009
CLEAN,PG 18:0_18:2,1,0.00017332032943014956,3.0915406968990786,3.0913673765696483,17,2,True,0.34144269675016403
CLEAN,PG 18:0_18:2,2,1.028380785687107e-08,0.002300137386112755,0.002300127102304898,1,14,False,0.36028867587447166
CLEAN,PG 18:0_18:3,0,4.317888682131142e-08,0.004561398006757941,0.00456135482787112,11,5,True,0.3772609494626522
CLEAN,PG 18:0_18:3,1,0.00017332032943014956,4.846373907802604,4.846200587473174,15,1,False,0.4184173494577408
CLEAN,PG 18:0_18:3,2,1.028380785687107e-08,0.0005004157789597986,0.0005004054951519418,4,10,True,0.5041897334158421
CLEAN,PG 18:0_20:4,0,4.317888682131142e-08,0.011878698710652216,0.011878655531765394,18,3,True,0.367035698145628
CLEAN,PG 18:0_20:4,1,0.00017332032943014956,4.370380559243832,4.370207238914402,13,6,True,0.3172689378261566
CLEAN,PG 18:0_20:4,2,1.028380785687107e-08,0.0007892871021122618,0.000789276818304405,6,12,True,0.351266011595726
CLEAN,PG 18:0_20:5,0,4.317888682131142e-08,6.979365197161339e-08,2.661476515030197e-08,16,3,True,0.8893906250596046
CLEAN,PG 18:0_20:5,1,0.00017332032943014956,0.0001732027109942892,-1.1761843586035551e-07,13,6,True,0.9462887458503246
CLEAN,PG 18:0_20:5,2,1.028380785687107e-08,1.0283810585316183e-08,2.7284451125805743e-15,6,10,True,0.5794540718197823
CLEAN,PG 18:1_18:2,0,4.317888682131142e-08,3.705543551439831e-08,-6.123451306913107e-09,10,2,True,0.8534394465386868
CLEAN,PG 18:1_18:2,1,0.00017332032943014956,0.00017334461786701482,2.428843686526523e-08,13,1,False,0.8521684743463993
CLEAN,PG 18:1_18:2,2,1.028380785687107e-08,1.0283807856869065e-08,-2.005085804828539e-21,0,12,False,0.6706575378775597
CLEAN,PG 18:1_18:3,0,4.317888682131142e-08,2.4228489102638163e-08,-1.8950397718673255e-08,9,3,True,0.741641640663147
CLEAN,PG 18:1_18:3,1,0.00017332032943014956,0.0001733203268299195,-2.600230062732925e-12,11,1,False,0.8582004941999912
CLEAN,PG 18:1_18:3,2,1.028380785687107e-08,7.345414197631493e-09,-2.938393659239578e-09,3,9,True,0.6783462949097157
CLEAN,PG 18:1_20:3,0,4.317888682131142e-08,0.002084229590177796,0.0020841864112909744,13,2,True,0.39552726596593857
CLEAN,PG 18:1_20:3,1,0.00017332032943014956,4.791807034994369,4.791633714664939,11,4,True,0.4344642534852028
CLEAN,PG 18:1_20:3,2,1.028380785687107e-08,0.00019524635163067647,0.0001952360678228196,5,10,True,0.4998909719288349
CLEAN,PG 18:1_20:4,0,4.317888682131142e-08,4.3178886801538823e-08,-1.9772594490222552e-17,16,2,True,0.7587892487645149
CLEAN,PG 18:1_20:4,1,0.00017332032943014956,0.00017332032837100424,-1.0591453116024635e-12,10,6,True,0.8690268881618977
CLEAN,PG 18:1_20:4,2,1.028380785687107e-08,1.0283807823700764e-08,-3.3170306522845933e-17,5,11,True,0.7094734758138657
CLEAN,PG 18:2_18:2,0,4.317888682131142e-08,0.0038595190593246533,0.003859475880437832,5,2,True,0.36869507282972336
CLEAN,PG 18:2_18:2,1,0.00017332032943014956,3.0721055692575208,3.0719322489280905,8,1,False,0.5247170887887478
CLEAN,PG 18:2_18:2,2,1.028380785687107e-08,0.0002443160200369999,0.000244305736229143,0,6,False,0.5274726301431656
CLEAN,PG 18:2_20:2,0,4.317888682131142e-08,9.785130566785339e-08,5.467241884654197e-08,8,2,True,0.8011831045150757
CLEAN,PG 18:2_20:2,1,0.00017332032943014956,0.0001733206330313522,3.036012026361775e-10,6,6,True,0.8782284371554852
CLEAN,PG 18:2_20:2,2,1.028380785687107e-08,4.907379953976228e-09,-5.376427902894842e-09,5,4,True,0.7166262716054916
CLEAN,PG 18:2_20:3,0,4.317888682131142e-08,0.004651377114820934,0.004651333935934113,9,3,True,0.34351491183042526
CLEAN,PG 18:2_20:3,1,0.00017332032943014956,2.8051865369424496,2.8050132166130193,8,5,True,0.3981753848493099
CLEAN,PG 18:2_20:3,2,1.028380785687107e-08,0.0012147763582419395,0.0012147660744340825,5,5,True,0.35439739003777504
CLEAN,PG 18:2_20:5,0,4.317888682131142e-08,4.3178886735027996e-08,-8.628342145364313e-17,11,3,True,0.837316058576107
CLEAN,PG 18:2_20:5,1,0.00017332032943014956,0.00017331329022821331,-7.039201936241083e-09,9,7,True,0.9190470390021801
CLEAN,PG 18:2_20:5,2,1.028380785687107e-08,1.0284008262972445e-08,2.0040610137454973e-13,5,6,True,0.6660727262496948
CLEAN,PG 18:3_20:4,0,4.317888682131142e-08,0.0034497514670651518,0.0034497082881783303,13,5,True,0.27469048649072647
CLEAN,PG 18:3_20:4,1,0.00017332032943014956,5.035487969633862,5.035314649304432,9,7,True,0.3456454612314701
CLEAN,PG 18:3_20:4,2,1.028380785687107e-08,0.000861162030972868,0.0008611517471650112,9,6,True,0.2968231290578842
CLEAN,PG 20:0_16:1,0,4.317888682131142e-08,4.317888676750492e-08,-5.380649742490855e-17,10,5,True,0.8286209180951118
CLEAN,PG 20:0_16:1,1,0.00017332032943014956,0.00017332032931033023,-1.1981932915468285e-13,6,11,True,0.8576536364853382
CLEAN,PG 20:0_16:1,2,1.028380785687107e-08,1.028380804028176e-08,1.834106893925726e-16,13,1,False,0.6914542466402054
CLEAN,PG 20:0_17:1,0,4.317888682131142e-08,0.010068175770681108,0.010068132591794286,9,5,True,0.25456713885068893
CLEAN,PG 20:0_17:1,1,0.00017332032943014956,6.40719597876299,6.407022658433561,13,4,True,0.3255787491798401
CLEAN,PG 20:0_17:1,2,1.028380785687107e-08,0.0023184751478451766,0.0023184648640373197,7,8,True,0.273031048476696
CLEAN,PG 20:1_18:3,0,4.317888682131142e-08,3.8705422296662924e-08,-4.473464524648494e-09,6,7,True,0.9030317291617393
CLEAN,PG 20:1_18:3,1,0.00017332032943014956,0.00017330510039420695,-1.5229035942601827e-08,9,3,True,0.9090483300387859
CLEAN,PG 20:1_18:3,2,1.028380785687107e-08,3.869176568684522e-09,-6.414631288186549e-09,9,5,True,0.7253307439386845
CLEAN,PG 20:2_18:3,0,4.317888682131142e-08,0.0029906221679354625,0.002990578989048641,7,4,True,0.4029311127960682
CLEAN,PG 20:2_18:3,1,0.00017332032943014956,4.378921162561993,4.378747842232563,7,5,True,0.3517840951681137
CLEAN,PG 20:2_18:3,2,1.028380785687107e-08,0.0010344910478581081,0.0010344807640502512,8,3,True,0.37922198697924614
CLEAN,PS 14:0_20:1,0,4.317888682131142e-08,0.010220706729639643,0.010220663550752821,14,6,True,0.2728581354022026
CLEAN,PS 14:0_20:1,1,0.00017332032943014956,0.10865726475474097,0.10848394442531081,8,12,True,0.25369976833462715
CLEAN,PS 14:0_20:1,2,1.028380785687107e-08,0.003508107678551927,0.0035080973947440703,18,3,True,0.2008293829858303
CLEAN,PS 14:0_22:3,0,4.317888682131142e-08,4.3178886821310405e-08,-1.0124690697649059e-21,17,5,True,0.7556672245264053
CLEAN,PS 14:0_22:3,1,0.00017332032943014956,0.00017332027183137387,-5.759877568390498e-11,10,9,True,0.9657773599028587
CLEAN,PS 14:0_22:3,2,1.028380785687107e-08,1.0283809395023647e-08,1.5381525763034486e-15,10,8,True,0.6491374000906944
CLEAN,PS 14:0_22:4,0,4.317888682131142e-08,4.317888677123061e-08,-5.0080809771520707e-17,16,5,True,0.7649819143116474
CLEAN,PS 14:0_22:4,1,0.00017332032943014956,0.000173320329106343,-3.238065468969681e-13,12,9,True,0.9317449517548084
CLEAN,PS 14:0_22:4,2,1.028380785687107e-08,1.0283526645230774e-08,-2.812116402959867e-13,13,7,True,0.6703942939639091
CLEAN,PS 16:0_18:0,0,4.317888682131142e-08,0.02691397633675504,0.02691393315786822,19,5,True,0.22630229219794273
CLEAN,PS 16:0_18:0,1,0.00017332032943014956,4.2739960021143295,4.2738226817849,16,7,True,0.4962206892669201
CLEAN,PS 16:0_18:0,2,1.028380785687107e-08,0.005678675504966058,0.005678665221158201,12,12,True,0.21057725325226784
CLEAN,PS 16:0_18:2,0,4.317888682131142e-08,0.002786518917549807,0.0027864757386629854,13,6,True,0.5277804844081402
CLEAN,PS 16:0_18:2,1,0.00017332032943014956,1.4948101409741557,1.4946368206447256,13,7,True,0.46931979805231094
CLEAN,PS 16:0_18:2,2,1.028380785687107e-08,0.0007908274711768185,0.0007908171873689617,11,7,True,0.24208515509963036
CLEAN,PS 16:0_20:0,0,4.317888682131142e-08,0.0008748748779050809,0.0008748316990182596,16,9,True,0.5653336979448795
CLEAN,PS 16:0_20:0,1,0.00017332032943014956,0.46662641719503667,0.46645309686560654,11,14,True,0.5999163240194321
CLEAN,PS 16:0_20:0,2,1.028380785687107e-08,0.0006151805672204723,0.0006151702834126155,21,2,True,0.24249281361699104
CLEAN,PS 16:0_20:1,0,4.317888682131142e-08,4.299515268956542e-08,-1.8373413174600057e-10,16,5,True,0.8099832534790039
CLEAN,PS 16:0_20:1,1,0.00017332032943014956,0.0001733203294311381,9.885484358179708e-16,6,15,True,0.8391869477927685
CLEAN,PS 16:0_20:1,2,1.028380785687107e-08,8.228597073621289e-09,-2.0552107832497814e-09,20,2,True,0.6673780120909214
CLEAN,PS 16:0_20:2,0,4.317888682131142e-08,4.317888410936531e-08,-2.7119461085255875e-15,16,4,True,0.8402867391705513
CLEAN,PS 16:0_20:2,1,0.00017332032943014956,0.00017332032942946645,-6.831015787744921e-16,6,13,True,0.8510604314506054
CLEAN,PS 16:0_20:2,2,1.028380785687107e-08,1.0117460628933221e-08,-1.663472279378493e-10,15,3,True,0.6708555519580841
CLEAN,PS 16:0_20:4,0,4.317888682131142e-08,0.0008254010301855966,0.0008253578512987753,15,4,True,0.6808498650789261
CLEAN,PS 16:0_20:4,1,0.00017332032943014956,3.2178171373338196,3.2176438170043893,12,6,True,0.5460902340710163
CLEAN,PS 16:0_20:4,2,1.028380785687107e-08,0.0011724091166051658,0.0011723988327973088,9,9,True,0.3943111002445221
CLEAN,PS 16:1_18:1,0,4.317888682131142e-08,0.005292997999296351,0.00529295482040953,18,2,True,0.2550428844988346
CLEAN,PS 16:1_18:1,1,0.00017332032943014956,2.852183894126621,2.8520105737971906,13,7,True,0.28522365167737007
CLEAN,PS 16:1_18:1,2,1.028380785687107e-08,0.0005270346588008458,0.000527024374992989,9,12,True,0.5089179091155529
CLEAN,PS 16:1_20:2,0,4.317888682131142e-08,0.008313252009845604,0.008313208830958782,16,4,True,0.21930773928761482
CLEAN,PS 16:1_20:2,1,0.00017332032943014956,1.7131011926784878,1.7129278723490577,7,13,True,0.38245058059692383
CLEAN,PS 16:1_20:2,2,1.028380785687107e-08,0.0012941256888739491,0.0012941154050660922,15,5,True,0.2288447506725788
CLEAN,PS 16:1_20:3,0,4.317888682131142e-08,4.317888680866937e-08,-1.2642046147109238e-17,19,3,True,0.7664512656629086
CLEAN,PS 16:1_20:3,1,0.00017332032943014956,0.00017332032934416964,-8.59799156784774e-14,8,13,True,0.799922488629818
CLEAN,PS 16:1_20:3,2,1.028380785687107e-08,5.398168649556173e-09,-4.885639207314898e-09,12,7,True,0.6829667501151562
CLEAN,PS 17:0_18:2,0,4.317888682131142e-08,0.0052181816535552044,0.005218138474668383,10,9,True,0.37461167201399803
CLEAN,PS 17:0_18:2,1,0.00017332032943014956,0.16531030358231827,0.16513698325288811,22,0,False,0.2536643519997597
CLEAN,PS 17:0_18:2,2,1.028380785687107e-08,0.0013107662279299177,0.0013107559441220607,6,13,True,0.25314750894904137
CLEAN,PS 18:0_18:0,0,4.317888682131142e-08,4.317888636404065e-08,-4.572707696624585e-16,14,1,False,0.7735387906432152
CLEAN,PS 18:0_18:0,1,0.00017332032943014956,0.0001733203896243533,6.01942037339008e-11,10,4,True,0.9022165089845657
CLEAN,PS 18:0_18:0,2,1.028380785687107e-08,1.0283807721852449e-08,-1.350186217811381e-16,5,10,True,0.7318102605640888
CLEAN,PS 18:0_18:1,0,4.317888682131142e-08,0.0002847483066343097,0.00028470512774748843,21,1,False,0.6242519281804562
CLEAN,PS 18:0_18:1,1,0.00017332032943014956,1.6769125599628458,1.6767392396334158,16,5,True,0.5674547962844372
CLEAN,PS 18:0_18:1,2,1.028380785687107e-08,0.002979337820387798,0.002979327536579941,6,16,True,0.2845122255384922
CLEAN,PS 18:0_18:2,0,4.317888682131142e-08,4.341577945042191e-08,2.368926291104904e-10,15,3,True,0.9076945818960667
CLEAN,PS 18:0_18:2,1,0.00017332032943014956,0.00016664622332306862,-6.674106107080937e-06,14,3,True,0.9279313646256924
CLEAN,PS 18:0_18:2,2,1.028380785687107e-08,1.0283807798897785e-08,-5.797328575738519e-17,3,13,True,0.7114031612873077
CLEAN,PS 18:1_18:1,0,4.317888682131142e-08,0.0075617172128464505,0.007561674033959629,15,1,False,0.2472381889820099
CLEAN,PS 18:1_18:1,1,0.00017332032943014956,1.914582961384411,1.914409641054981,12,3,True,0.28901829570531845
CLEAN,PS 18:1_18:1,2,1.028380785687107e-08,0.0025579180216866266,0.0025579077378787697,3,12,True,0.3968585357069969
CLEAN,PS 18:1_18:2,0,4.317888682131142e-08,0.0076671210080828615,0.00766707782919604,19,3,True,0.35017628222703934
CLEAN,PS 18:1_18:2,1,0.00017332032943014956,2.100186124464508,2.1000128041350776,22,1,False,0.26883336156606674
CLEAN,PS 18:1_18:2,2,1.028380785687107e-08,9.704610478718455e-05,9.703582097932767e-05,1,20,False,0.6247324384748936
CLEAN,PS 18:2_18:2,0,4.317888682131142e-08,0.0007113795925938186,0.0007113364137069973,11,3,True,0.5527776479721069
CLEAN,PS 18:2_18:2,1,0.00017332032943014956,2.856125336014778,2.8559520156853475,16,0,False,0.31601739302277565
CLEAN,PS 18:2_18:2,2,1.028380785687107e-08,5.142041262400715e-05,5.141012881615028e-05,1,13,False,0.6323226317763329
CLEAN,PS 20:0_16:1,0,4.317888682131142e-08,4.3217822114004024e-08,3.893529269260584e-11,15,6,True,0.9481919445097446
CLEAN,PS 20:0_16:1,1,0.00017332032943014956,0.00017332032943014912,-4.336808689942018e-19,6,15,True,0.8521320559084415
CLEAN,PS 20:0_16:1,2,1.028380785687107e-08,1.0720132406403649e-08,4.3632454953257823e-10,19,1,False,0.8488640189170837
MILD,PA 16:0_24:0,0,0.014984001647089818,0.014984001647089825,6.938893903907228e-18,14,5,True,0.21281936392188072
MILD,PA 16:0_24:0,1,3.440007627153877,3.36115361371762,-0.07885401343625675,12,7,True,0.19983657449483871
MILD,PA 16:0_24:0,2,0.0185015403243504,0.019323744276238605,0.0008222039518882042,12,8,True,0.19488657265901566
MILD,PA 16:0_24:1,0,0.014984001647089818,0.014984001647089825,6.938893903907228e-18,12,4,True,0.20963836833834648
MILD,PA 16:0_24:1,1,3.440007627153877,3.4400076271540123,1.354472090042691e-13,10,6,True,0.20685793459415436
MILD,PA 16:0_24:1,2,0.0185015403243504,0.018501540324332322,-1.8079288066630284e-14,10,7,True,0.20330994948744774
MILD,PA 18:0_22:0,0,0.014984001647089818,0.014984001647089825,6.938893903907228e-18,16,4,True,0.21268901973962784
MILD,PA 18:0_22:0,1,3.440007627153877,3.4287904433486576,-0.0112171838052193,17,1,False,0.20751966536045074
MILD,PA 18:0_22:0,2,0.0185015403243504,0.008521893954945032,-0.00997964636940537,5,16,True,0.21195333823561668
MILD,PA 18:0_22:1,0,0.014984001647089818,0.014984001647089825,6.938893903907228e-18,17,1,False,0.2100743018090725
MILD,PA 18:0_22:1,1,3.440007627153877,3.4264209977986386,-0.013586629355238244,13,3,True,0.2066180743277073
MILD,PA 18:0_22:1,2,0.0185015403243504,0.01329847487550855,-0.005203065448841851,4,15,True,0.20726021379232407
MILD,PA 18:0_22:3,0,0.014984001647089818,0.014734206874951522,-0.0002497947721382954,19,1,False,0.20694636553525925
MILD,PA 18:0_22:3,1,3.440007627153877,3.4400076271538778,8.881784197001252e-16,10,7,True,0.20969175174832344
MILD,PA 18:0_22:3,2,0.0185015403243504,0.0185015403243504,0.0,5,12,True,0.2073924019932747
MILD,PA 18:0_22:4,0,0.014984001647089818,0.015053998727981088,6.999708089126984e-05,19,2,True,0.2121589221060276
MILD,PA 18:0_22:4,1,3.440007627153877,3.4400076271538778,8.881784197001252e-16,12,7,True,0.21293330192565918
MILD,PA 18:0_22:4,2,0.0185015403243504,0.0185015403243504,0.0,9,12,True,0.2093650959432125
MILD,PA 18:0_22:5,0,0.014984001647089818,0.014984001647089379,-4.388850394221322e-16,16,3,True,0.21167594194412231
MILD,PA 18:0_22:5,1,3.440007627153877,3.4400076271538307,-4.618527782440651e-14,13,4,True,0.21114829555153847
MILD,PA 18:0_22:5,2,0.0185015403243504,0.0185015403243504,0.0,7,13,True,0.2060316503047943
MILD,PA 18:0_24:0,0,0.014984001647089818,0.01344344971239982,-0.0015405519346899984,17,2,True,0.21167554333806038
MILD,PA 18:0_24:0,1,3.440007627153877,3.3994877342247207,-0.04051989292915614,15,2,True,0.20852188020944595
MILD,PA 18:0_24:0,2,0.0185015403243504,0.017778199991757306,-0.0007233403325930948,4,16,True,0.21364399045705795
MILD,PA 18:0_24:4,0,0.014984001647089818,0.014984001647089825,6.938893903907228e-18,15,6,True,0.2112211473286152
MILD,PA 18:0_24:4,1,3.440007627153877,3.4400076271538778,8.881784197001252e-16,20,0,False,0.20925942808389664
MILD,PA 18:0_24:4,2,0.0185015403243504,0.0185015403243504,0.0,5,16,True,0.20556996762752533
MILD,PA 18:1_22:2,0,0.014984001647089818,0.019566551106732607,0.004582549459642789,14,1,False,0.2097126506268978
MILD,PA 18:1_22:2,1,3.440007627153877,3.440007627153935,5.81756864903582e-14,9,4,True,0.21028165146708488
MILD,PA 18:1_22:2,2,0.0185015403243504,0.018501540324338876,-1.1525502774389906e-14,4,10,True,0.21213951334357262
MILD,PA 18:1_22:3,0,0.014984001647089818,0.014984001647089736,-8.153200337090993e-17,20,1,False,0.21149565652012825
MILD,PA 18:1_22:3,1,3.440007627153877,3.3734614824895055,-0.06654614466437136,12,7,True,0.2122708521783352
MILD,PA 18:1_22:3,2,0.0185015403243504,0.0185015403243504,0.0,5,13,True,0.20508095249533653
MILD,PA 18:1_22:4,0,0.014984001647089818,0.014984001647089825,6.938893903907228e-18,19,2,True,0.20915557816624641
MILD,PA 18:1_22:4,1,3.440007627153877,3.440007627154039,1.6209256159527285e-13,14,7,True,0.20466743037104607
MILD,PA 18:1_22:4,2,0.0185015403243504,0.0185015403243504,0.0,9,12,True,0.21155909448862076
MILD,PA 18:1_24:5,0,0.014984001647089818,0.014984001647089825,6.938893903907228e-18,13,9,True,0.21160170808434486
MILD,PA 18:1_24:5,1,3.440007627153877,3.4400076271539244,4.75175454539567e-14,22,0,False,0.209319856017828
MILD,PA 18:1_24:5,2,0.0185015403243504,0.01854965202123189,4.811169688149e-05,7,13,True,0.20629006996750832
MILD,PA 18:2_22:2,0,0.014984001647089818,0.017698197744439426,0.002714196097349608,14,4,True,0.2000061720609665
MILD,PA 18:2_22:2,1,3.440007627153877,3.441289599886432,0.0012819727325550367,12,4,True,0.21011937409639359
MILD,PA 18:2_22:2,2,0.0185015403243504,0.01332629254908211,-0.005175247775268291,5,11,True,0.20408960804343224
MILD,PA 18:2_22:3,0,0.014984001647089818,0.014984001647089785,-3.2959746043559335e-17,17,4,True,0.21138488873839378
MILD,PA 18:2_22:3,1,3.440007627153877,3.4295664350063912,-0.010441192147485623,12,8,True,0.21237454190850258
MILD,PA 18:2_22:3,2,0.0185015403243504,0.01850154032435007,-3.2959746043559335e-16,6,11,True,0.21095846593379974
MILD,PA 20:0_20:0,0,0.014984001647089818,0.014984001647089825,6.938893903907228e-18,5,5,True,0.20871301367878914
MILD,PA 20:0_20:0,1,3.440007627153877,3.4400076271538778,8.881784197001252e-16,5,5,True,0.20913267135620117
MILD,PA 20:0_20:0,2,0.0185015403243504,0.01415268265317796,-0.004348857671172442,9,0,False,0.20895319804549217
MILD,PA 20:0_20:1,0,0.014984001647089818,0.016643904613150233,0.0016599029660604152,12,7,True,0.20997155830264091
MILD,PA 20:0_20:1,1,3.440007627153877,3.442543410449539,0.002535783295662064,5,13,True,0.20647790282964706
MILD,PA 20:0_20:1,2,0.0185015403243504,0.013309442110786534,-0.005192098213563867,18,0,False,0.2096698023378849
MILD,PA 20:0_20:4,0,0.014984001647089818,0.015044872632790258,6.0870985700440736e-05,16,6,True,0.2155625857412815
MILD,PA 20:0_20:4,1,3.440007627153877,3.4400076271538778,8.881784197001252e-16,7,14,True,0.2115190550684929
MILD,PA 20:0_20:4,2,0.0185015403243504,0.018501540324350484,8.326672684688674e-17,16,2,True,0.21529503166675568
MILD,PA 20:0_22:5,0,0.014984001647089818,0.014984001647089825,6.938893903907228e-18,14,7,True,0.21255392581224442
MILD,PA 20:0_22:5,1,3.440007627153877,3.4400076271538778,8.881784197001252e-16,8,13,True,0.21485812589526176
MILD,PA 20:0_22:5,2,0.0185015403243504,0.0185015403243504,0.0,18,2,True,0.21819636970758438
MILD,PA 20:1_20:2,0,0.014984001647089818,0.014984001647089825,6.938893903907228e-18,11,5,True,0.21115237101912498
MILD,PA 20:1_20:2,1,3.440007627153877,3.3891197053349575,-0.050887921818919324,3,12,True,0.2118862271308899
MILD,PA 20:1_20:2,2,0.0185015403243504,0.017926391839447206,-0.000575148484903195,16,0,False,0.20201903954148293
MILD,PA 20:1_20:3,0,0.014984001647089818,0.014984001647089825,6.938893903907228e-18,15,5,True,0.20965341106057167
MILD,PA 20:1_20:3,1,3.440007627153877,3.4400076271538778,8.881784197001252e-16,3,15,True,0.2101730927824974
MILD,PA 20:1_20:3,2,0.0185015403243504,0.0185015403243504,0.0,17,1,False,0.20752109587192535
MILD,PA 20:1_20:4,0,0.014984001647089818,0.02842207435166662,0.013438072704576804,15,5,True,0.21967854350805283
MILD,PA 20:1_20:4,1,3.440007627153877,3.440007627153632,-2.446931546273845e-13,5,13,True,0.2094876430928707
MILD,PA 20:1_20:4,2,0.0185015403243504,0.015978705840223553,-0.002522834484126848,16,3,True,0.2050163522362709
MILD,PA 20:1_22:2,0,0.014984001647089818,0.014984001647089825,6.938893903907228e-18,11,2,True,0.2106034755706787
MILD,PA 20:1_22:2,1,3.440007627153877,3.435103800881988,-0.004903826271888789,2,9,True,0.2114551141858101
MILD,PA 20:1_22:2,2,0.0185015403243504,0.010168045001839843,-0.008333495322510558,10,3,True,0.20953113585710526
MILD,PA 20:1_22:4,0,0.014984001647089818,0.015759592331141055,0.0007755906840512371,15,5,True,0.2111291065812111
MILD,PA 20:1_22:4,1,3.440007627153877,3.3206151150571808,-0.1193925120966961,5,14,True,0.20198391750454903
MILD,PA 20:1_22:4,2,0.0185015403243504,0.018611593595622377,0.00011005327127197595,19,2,True,0.2035665512084961
MILD,PA 20:1_22:5,0,0.014984001647089818,0.016411224446949563,0.001427222799859745,13,6,True,0.20929840952157974
MILD,PA 20:1_22:5,1,3.440007627153877,3.4400076271538778,8.881784197001252e-16,5,13,True,0.20845182612538338
MILD,PA 20:1_22:5,2,0.0185015403243504,0.0185015403243504,0.0,19,2,True,0.20404336601495743
MILD,PA 20:1_22:6,0,0.014984001647089818,0.014984001647089795,-2.2551405187698492e-17,11,6,True,0.20439335331320763
MILD,PA 20:1_22:6,1,3.440007627153877,3.467882947995513,0.027875320841636242,6,10,True,0.20919612795114517
MILD,PA 20:1_22:6,2,0.0185015403243504,0.01288247383750217,-0.005619066486848231,15,2,True,0.19714181870222092
MILD,PA 20:2_20:2,0,0.014984001647089818,0.014984001647089825,6.938893903907228e-18,9,2,True,0.20800457522273064
MILD,PA 20:2_20:2,1,3.440007627153877,3.4363394436619754,-0.0036681834919014555,2,10,True,0.2044464573264122
MILD,PA 20:2_20:2,2,0.0185015403243504,0.018501540324339392,-1.1008555178548818e-14,11,0,False,0.2013239786028862
MILD,PA 20:2_20:3,0,0.014984001647089818,0.014967276531281087,-1.672511580873108e-05,17,2,True,0.20502104610204697
MILD,PA 20:2_20:3,1,3.440007627153877,3.4400076271537703,-1.0658141036401503e-13,2,17,True,0.21433690190315247
MILD,PA 20:2_20:3,2,0.0185015403243504,0.016169026940309684,-0.0023325133840407172,15,1,False,0.20029334723949432
MILD,PA 20:2_22:4,0,0.014984001647089818,0.016324243851363926,0.0013402422042741082,20,2,True,0.20903827995061874
MILD,PA 20:2_22:4,1,3.440007627153877,3.4400076271538778,8.881784197001252e-16,4,19,True,0.20804792270064354
MILD,PA 20:2_22:4,2,0.0185015403243504,0.015097514401114794,-0.0034040259232356075,19,2,True,0.20587798953056335
MILD,PA 20:2_22:6,0,0.014984001647089818,0.015739407435670705,0.000755405788580887,14,4,True,0.2136738859117031
MILD,PA 20:2_22:6,1,3.440007627153877,3.4400076271538778,8.881784197001252e-16,6,13,True,0.21064462885260582
MILD,PA 20:2_22:6,2,0.0185015403243504,0.01440720001615637,-0.004094340308194031,15,2,True,0.20968759432435036
MILD,PA 20:3_22:3,0,0.014984001647089818,0.02064263546517126,0.005658633818081441,23,3,True,0.20832280814647675
MILD,PA 20:3_22:3,1,3.440007627153877,3.4306242310216613,-0.009383396132215616,3,18,True,0.20368847250938416
MILD,PA 20:3_22:3,2,0.0185015403243504,0.004956702735005952,-0.013544837589344449,13,5,True,0.18327973037958145
MILD,PA 20:3_22:4,0,0.014984001647089818,0.015390840720250102,0.00040683907316028424,21,2,True,0.20716726407408714
MILD,PA 20:3_22:4,1,3.440007627153877,3.4400076271538778,8.881784197001252e-16,3,19,True,0.2118462398648262
MILD,PA 20:3_22:4,2,0.0185015403243504,0.01816845438488514,-0.0003330859394652594,16,2,True,0.20193321257829666
MILD,PA 20:3_22:6,0,0.014984001647089818,0.014984001647089825,6.938893903907228e-18,16,4,True,0.20931893587112427
MILD,PA 20:3_22:6,1,3.440007627153877,3.4400076271538778,8.881784197001252e-16,6,13,True,0.2120933122932911
MILD,PA 20:3_22:6,2,0.0185015403243504,0.01668346481829206,-0.00181807550605834,13,3,True,0.20165645703673363
MILD,PA 20:4_22:5,0,0.014984001647089818,0.014984001647089375,-4.423544863740858e-16,23,3,True,0.21377375349402428
MILD,PA 20:4_22:5,1,3.440007627153877,3.4415420263871925,0.0015343992333156642,6,17,True,0.21434317901730537
MILD,PA 20:4_22:5,2,0.0185015403243504,0.01740526462851975,-0.0010962756958306508,15,7,True,0.19997433945536613
MILD,PA 20:4_22:6,0,0.014984001647089818,0.014984001647090276,4.579669976578771e-16,20,4,True,0.21187949925661087
MILD,PA 20:4_22:6,1,3.440007627153877,3.4400076271538778,8.881784197001252e-16,8,14,True,0.21339983493089676
MILD,PA 20:4_22:6,2,0.0185015403243504,0.01859140110759496,8.986078324456012e-05,12,6,True,0.20449572056531906
MILD,PA 22:0_18:1,0,0.014984001647089818,0.014984001647089802,-1.5612511283791264e-17,16,4,True,0.21166521310806274
MILD,PA 22:0_18:1,1,3.440007627153877,3.4229780846872173,-0.017029542466659553,19,1,False,0.21079081669449806
MILD,PA 22:0_18:1,2,0.0185015403243504,0.0185015403243504,0.0,5,16,True,0.20999427884817123
MILD,PA 22:0_20:1,0,0.014984001647089818,0.014984001647089825,6.938893903907228e-18,11,6,True,0.21496418491005898
MILD,PA 22:0_20:1,1,3.440007627153877,3.4400076271538778,8.881784197001252e-16,10,6,True,0.21463844925165176
MILD,PA 22:0_20:1,2,0.0185015403243504,0.018501540324333335,-1.7066209556659828e-14,12,7,True,0.21191255748271942
MILD,PA 22:0_20:3,0,0.014984001647089818,0.014984001647089825,6.938893903907228e-18,17,4,True,0.21564266830682755
MILD,PA 22:0_20:3,1,3.440007627153877,3.4400076271538778,8.881784197001252e-16,11,9,True,0.2132033035159111
MILD,PA 22:0_20:3,2,0.0185015403243504,0.01850154032433956,-1.0842021724855044e-14,10,9,True,0.20939204469323158
MILD,PA 22:1_20:2,0,0.014984001647089818,0.014984001647089825,6.938893903907228e-18,13,2,True,0.21236372366547585
MILD,PA 22:1_20:2,1,3.440007627153877,3.40984568701378,-0.030161940140096988,5,11,True,0.21603267639875412
MILD,PA 22:1_20:2,2,0.0185015403243504,0.018606594818819783,0.00010505449446938236,12,4,True,0.20531097427010536
MILD,PA 22:1_20:4,0,0.014984001647089818,0.014977142609364613,-6.859037725204589e-06,18,2,True,0.22204381972551346
MILD,PA 22:1_20:4,1,3.440007627153877,3.4400076271539697,9.281464485866309e-14,9,9,True,0.21225719526410103
MILD,PA 22:1_20:4,2,0.0185015403243504,0.01898588363581835,0.0004843433114679503,9,10,True,0.21343742311000824
MILD,PA 22:2_20:4,0,0.014984001647089818,0.014984001647089908,9.020562075079397e-17,20,2,True,0.2090865634381771
MILD,PA 22:2_20:4,1,3.440007627153877,3.3999805820755253,-0.04002704507835153,6,11,True,0.21449973434209824
MILD,PA 22:2_20:4,2,0.0185015403243504,0.01760438850047159,-0.0008971518238788112,9,9,True,0.21595528721809387
MILD,PA 22:3_20:4,0,0.014984001647089818,0.01615637888897521,0.0011723772418853907,19,2,True,0.20588397234678268
MILD,PA 22:3_20:4,1,3.440007627153877,3.46423816433636,0.024230537182483136,4,14,True,0.2136642076075077
MILD,PA 22:3_20:4,2,0.0185015403243504,0.014049349577832722,-0.004452190746517679,10,5,True,0.19572057574987411
MILD,PA 22:3_22:6,0,0.014984001647089818,0.015393114090572722,0.0004091124434829046,16,4,True,0.20457283779978752
MILD,PA 22:3_22:6,1,3.440007627153877,3.4400076271538778,8.881784197001252e-16,6,11,True,0.21639202162623405
MILD,PA 22:3_22:6,2,0.0185015403243504,0.0185015403243504,0.0,11,5,True,0.2120101973414421
MILD,PA 22:4_22:5,0,0.014984001647089818,0.014881405597378446,-0.00010259604971137211,17,3,True,0.20936614647507668
MILD,PA 22:4_22:5,1,3.440007627153877,3.4181572793681974,-0.021850347785679514,6,14,True,0.21471400186419487
MILD,PA 22:4_22:5,2,0.0185015403243504,0.018405120294760432,-9.64200295899692e-05,16,4,True,0.20951910316944122
MILD,PA 22:4_22:6,0,0.014984001647089818,0.014984001647089764,-5.377642775528102e-17,16,4,True,0.21507252752780914
MILD,PA 22:4_22:6,1,3.440007627153877,3.4400076271538778,8.881784197001252e-16,8,12,True,0.2149391882121563
MILD,PA 22:4_22:6,2,0.0185015403243504,0.017103693289351855,-0.0013978470349985464,14,4,True,0.2080456167459488
MILD,PA 22:6_22:6,0,0.014984001647089818,0.014984001647089825,6.938893903907228e-18,10,5,True,0.21425944194197655
MILD,PA 22:6_22:6,1,3.440007627153877,3.4400076271538778,8.881784197001252e-16,8,6,True,0.2151370421051979
MILD,PA 22:6_22:6,2,0.0185015403243504,0.01855322036650328,5.168004215288027e-05,10,4,True,0.20724039152264595
MILD,PA 24:0_16:1,0,0.014984001647089818,0.014984001647089693,-1.249000902703301e-16,11,3,True,0.21400054544210434
MILD,PA 24:0_16:1,1,3.440007627153877,3.428943412708276,-0.011064214445601017,8,6,True,0.2146391086280346
MILD,PA 24:0_16:1,2,0.0185015403243504,0.01448231904539556,-0.004019221278954842,9,7,True,0.20463499799370766
MILD,PC 14:0_18:0,0,0.014984001647089818,0.014984001647089712,-1.0581813203458523e-16,15,4,True,0.2269153743982315
MILD,PC 14:0_18:0,1,3.440007627153877,3.433630526153249,-0.006377101000627938,15,2,True,0.2047429196536541
MILD,PC 14:0_18:0,2,0.0185015403243504,0.018501540324350398,-3.469446951953614e-18,6,15,True,0.20625170320272446
MILD,PC 14:0_18:2,0,0.014984001647089818,0.014903597971099523,-8.040367599029472e-05,11,5,True,0.2135716900229454
MILD,PC 14:0_18:2,1,3.440007627153877,3.429846964388916,-0.010160662764961081,17,1,False,0.2112678326666355
MILD,PC 14:0_18:2,2,0.0185015403243504,0.018358532574591014,-0.00014300774975938707,4,12,True,0.21324864029884338
MILD,PC 14:0_20:0,0,0.014984001647089818,0.014809856318777175,-0.00017414532831264325,4,9,True,0.20480448007583618
MILD,PC 14:0_20:0,1,3.440007627153877,3.4172984564490916,-0.022709170704785286,11,2,True,0.20344436541199684
MILD,PC 14:0_20:0,2,0.0185015403243504,0.015101841723387051,-0.00339969860096335,11,4,True,0.2081492394208908
MILD,PC 14:0_20:1,0,0.014984001647089818,0.01493948890667102,-4.451274041879748e-05,6,7,True,0.21219438314437866
MILD,PC 14:0_20:1,1,3.440007627153877,3.418421222197323,-0.02158640495655373,9,5,True,0.2093714438378811
MILD,PC 14:0_20:1,2,0.0185015403243504,0.017171299420423898,-0.001330240903926503,12,4,True,0.20905468240380287
MILD,PC 14:0_20:3,0,0.014984001647089818,0.015277907651527735,0.0002939060044379171,14,4,True,0.20620369538664818
MILD,PC 14:0_20:3,1,3.440007627153877,3.4190365663628186,-0.02097106079105826,8,9,True,0.2183467000722885
MILD,PC 14:0_20:3,2,0.0185015403243504,0.016066713850465607,-0.0024348264738847936,13,5,True,0.20514414459466934
MILD,PC 16:0_18:1,0,0.014984001647089818,0.014984001647089826,8.673617379884035e-18,15,0,False,0.208621084690094
MILD,PC 16:0_18:1,1,3.440007627153877,3.4400076271538778,8.881784197001252e-16,6,11,True,0.20993366464972496
MILD,PC 16:0_18:1,2,0.0185015403243504,0.018501540324350398,-3.469446951953614e-18,8,6,True,0.205569576472044
MILD,PC 16:1_18:2,0,0.014984001647089818,0.014984001647089785,-3.2959746043559335e-17,12,2,True,0.20415135845541954
MILD,PC 16:1_18:2,1,3.440007627153877,3.4400076271538778,8.881784197001252e-16,6,9,True,0.20981133356690407
MILD,PC 16:1_18:2,2,0.0185015403243504,0.018501540324346002,-4.399258735077183e-15,8,5,True,0.1985667422413826
MILD,PC 17:0_17:0,0,0.014984001647089818,0.015069943440579445,8.594179348962727e-05,3,3,True,0.20160900801420212
MILD,PC 17:0_17:0,1,3.440007627153877,3.403440784532424,-0.03656684262145271,8,2,True,0.2128950096666813
MILD,PC 17:0_17:0,2,0.0185015403243504,0.01910380750945038,0.0006022671850999806,2,5,True,0.204299658536911
MILD,PC 17:0_17:1,0,0.014984001647089818,0.014984001647089873,5.551115123125783e-17,9,2,True,0.20394324138760567
MILD,PC 17:0_17:1,1,3.440007627153877,3.4400076271538778,8.881784197001252e-16,11,4,True,0.20933470502495766
MILD,PC 17:0_17:1,2,0.0185015403243504,0.018501540324350398,-3.469446951953614e-18,4,9,True,0.20427274331450462
MILD,PC 18:0_14:1,0,0.014984001647089818,0.01551948903932995,0.0005354873922401322,12,3,True,0.21052993461489677
MILD,PC 18:0_14:1,1,3.440007627153877,3.366443495257092,-0.07356413189678479,15,0,False,0.21038800477981567
MILD,PC 18:0_14:1,2,0.0185015403243504,0.01679525786237568,-0.0017062824619747223,3,14,True,0.19595234096050262
MILD,PC O-16:1_17:1,0,0.014984001647089818,0.014934816267887677,-4.9185379202140375e-05,11,0,False,0.2063675858080387
MILD,PC O-16:1_17:1,1,3.440007627153877,3.451345995034915,0.011338367881037925,8,4,True,0.20662890747189522
MILD,PC O-16:1_17:1,2,0.0185015403243504,0.01862031268443632,0.00011877236008591904,4,8,True,0.21632780507206917
MILD,PC O-16:1_18:0,0,0.014984001647089818,0.015022692882477002,3.869123538718412e-05,13,0,False,0.21550606191158295
MILD,PC O-16:1_18:0,1,3.440007627153877,3.438467913152335,-0.0015397140015420696,5,8,True,0.20687540248036385
MILD,PC O-16:1_18:0,2,0.0185015403243504,0.02039154285850961,0.0018900025341592082,7,5,True,0.2184225134551525
MILD,PE 16:0_22:1,0,0.014984001647089818,0.014984001647090085,2.671474153004283e-16,10,0,False,0.22580772638320923
MILD,PE 16:0_22:1,1,3.440007627153877,3.4400076271538778,8.881784197001252e-16,4,7,True,0.21061957627534866
MILD,PE 16:0_22:1,2,0.0185015403243504,0.0185015403243504,0.0,7,4,True,0.20617415755987167
MILD,PE 16:0_22:3,0,0.014984001647089818,0.014984001647089826,8.673617379884035e-18,10,0,False,0.20888102427124977
MILD,PE 16:0_22:3,1,3.440007627153877,3.411873321451101,-0.028134305702776086,3,6,True,0.20907152071595192
MILD,PE 16:0_22:3,2,0.0185015403243504,0.0185015403243504,0.0,6,4,True,0.20576422661542892
MILD,PE 16:0_22:4,0,0.014984001647089818,0.014984001647089826,8.673617379884035e-18,10,0,False,0.20914766937494278
MILD,PE 16:0_22:4,1,3.440007627153877,3.440007627153996,1.1901590823981678e-13,4,6,True,0.20375371724367142
MILD,PE 16:0_22:4,2,0.0185015403243504,0.0185015403243504,0.0,6,4,True,0.20473502203822136
MILD,PE 16:0_22:6,0,0.014984001647089818,0.01498400164708998,1.6306400674181987e-16,12,3,True,0.20707334205508232
MILD,PE 16:0_22:6,1,3.440007627153877,3.4400076271538778,8.881784197001252e-16,9,5,True,0.20918410643935204
MILD,PE 16:0_22:6,2,0.0185015403243504,0.0185015403243504,0.0,8,7,True,0.20368824899196625
MILD,PE 16:0_24:4,0,0.014984001647089818,0.014980268464152782,-3.733182937035867e-06,8,3,True,0.2096685729920864
MILD,PE 16:0_24:4,1,3.440007627153877,3.35066217360828,-0.08934545354559686,9,3,True,0.21303308755159378
MILD,PE 16:0_24:4,2,0.0185015403243504,0.0185015403243504,0.0,5,6,True,0.2034800909459591
MILD,PE 16:0_24:5,0,0.014984001647089818,0.014984001647089826,8.673617379884035e-18,6,5,True,0.2073211446404457
MILD,PE 16:0_24:5,1,3.440007627153877,3.390768400743289,-0.04923922641058809,8,3,True,0.20242391899228096
MILD,PE 16:0_24:5,2,0.0185015403243504,0.0185015403243504,0.0,7,3,True,0.20344632491469383
MILD,PE 16:1_22:2,0,0.014984001647089818,0.014984001647089826,8.673617379884035e-18,11,2,True,0.20771680399775505
MILD,PE 16:1_22:2,1,3.440007627153877,3.456848967609523,0.016841340455646225,5,6,True,0.20753920078277588
MILD,PE 16:1_22:2,2,0.0185015403243504,0.0188770145460604,0.0003754742217099982,8,5,True,0.2027706392109394
MILD,PE 16:1_22:3,0,0.014984001647089818,0.014984001647089875,5.724587470723463e-17,9,1,False,0.21030719578266144
MILD,PE 16:1_22:3,1,3.440007627153877,3.421794270156451,-0.018213356997425656,2,5,True,0.20685213431715965
MILD,PE 16:1_22:3,2,0.0185015403243504,0.0185015403243504,0.0,6,4,True,0.20306796953082085
MILD,PE 16:1_22:5,0,0.014984001647089818,0.014458318708073655,-0.000525682939016163,8,1,False,0.21047072857618332
MILD,PE 16:1_22:5,1,3.440007627153877,3.4400076271538778,8.881784197001252e-16,3,4,True,0.2082848846912384
MILD,PE 16:1_22:5,2,0.0185015403243504,0.0185015403243504,0.0,5,5,True,0.20439277961850166
MILD,PE 17:0_20:0,0,0.014984001647089818,0.014141480704337059,-0.0008425209427527589,4,7,True,0.20672748610377312
MILD,PE 17:0_20:0,1,3.440007627153877,3.4400076271538778,8.881784197001252e-16,11,3,True,0.20816991478204727
MILD,PE 17:0_20:0,2,0.0185015403243504,0.018501540324350398,-3.469446951953614e-18,6,5,True,0.2040630355477333
MILD,PE 17:0_20:1,0,0.014984001647089818,0.014984001647089826,8.673617379884035e-18,4,4,True,0.20834017544984818
MILD,PE 17:0_20:1,1,3.440007627153877,3.5668718733985982,0.12686424624472137,5,4,True,0.21166666597127914
MILD,PE 17:0_20:1,2,0.0185015403243504,0.018501540324350398,-3.469446951953614e-18,6,3,True,0.20336835831403732
MILD,PE 17:0_20:2,0,0.014984001647089818,0.014984001647089826,8.673617379884035e-18,6,1,False,0.20776290819048882
MILD,PE 17:0_20:2,1,3.440007627153877,3.4400076271538778,8.881784197001252e-16,3,7,True,0.2083982564508915
MILD,PE 17:0_20:2,2,0.0185015403243504,0.018031919682725595,-0.0004696206416248058,6,2,True,0.19745158404111862
MILD,PE 17:0_20:4,0,0.014984001647089818,0.014984001647089826,8.673617379884035e-18,10,1,False,0.2076098620891571
MILD,PE 17:0_20:4,1,3.440007627153877,3.4400076271538778,8.881784197001252e-16,3,9,True,0.20769530534744263
MILD,PE 17:0_20:4,2,0.0185015403243504,0.017054958586589616,-0.0014465817377607854,6,3,True,0.2016490399837494
MILD,PE 17:0_20:5,0,0.014984001647089818,0.014984001647089953,1.3530843112619095e-16,9,3,True,0.20322387665510178
MILD,PE 17:0_20:5,1,3.440007627153877,3.458228373874686,0.01822074672080909,6,8,True,0.20219646766781807
MILD,PE 17:0_20:5,2,0.0185015403243504,0.01796716619069131,-0.0005343741336590914,7,3,True,0.2017659991979599
MILD,PE 17:0_22:2,0,0.014984001647089818,0.014984001647089826,8.673617379884035e-18,7,1,False,0.20857128873467445
MILD,PE 17:0_22:2,1,3.440007627153877,3.54323362767562,0.10322600052174291,4,6,True,0.21274014189839363
MILD,PE 17:0_22:2,2,0.0185015403243504,0.018637567113279845,0.0001360267889294435,5,3,True,0.20300620049238205
MILD,PE 17:0_22:3,0,0.014984001647089818,0.014984001647089877,5.898059818321144e-17,7,1,False,0.21009324491024017
MILD,PE 17:0_22:3,1,3.440007627153877,3.4400076271538778,8.881784197001252e-16,3,6,True,0.20877548307180405
MILD,PE 17:0_22:3,2,0.0185015403243504,0.018501540324335684,-1.471739397018723e-14,5,3,True,0.1917140856385231
MILD,PE 17:0_22:5,0,0.014984001647089818,0.014984001647089826,8.673617379884035e-18,6,2,True,0.21002044156193733
MILD,PE 17:0_22:5,1,3.440007627153877,3.4400076271538778,8.881784197001252e-16,5,5,True,0.20886805653572083
MILD,PE 17:0_22:5,2,0.0185015403243504,0.018501540324350398,-3.469446951953614e-18,5,4,True,0.2050900124013424
MILD,PE 17:0_22:6,0,0.014984001647089818,0.015199569311410189,0.00021556766432037112,8,6,True,0.20779471844434738
MILD,PE 17:0_22:6,1,3.440007627153877,3.4400076271538778,8.881784197001252e-16,11,4,True,0.2084980644285679
MILD,PE 17:0_22:6,2,0.0185015403243504,0.018501540324350398,-3.469446951953614e-18,6,6,True,0.2043185867369175
MILD,PE 17:1_20:1,0,0.014984001647089818,0.014984001647089826,8.673617379884035e-18,7,3,True,0.21038348972797394
MILD,PE 17:1_20:1,1,3.440007627153877,3.441617879666127,0.00161025251225011,5,5,True,0.21524489670991898
MILD,PE 17:1_20:1,2,0.0185015403243504,0.018501540324350398,-3.469446951953614e-18,7,4,True,0.2059747911989689
MILD,PE 17:1_20:2,0,0.014984001647089818,0.01498400164709026,4.423544863740858e-16,9,0,False,0.21479595080018044
MILD,PE 17:1_20:2,1,3.440007627153877,3.441540047406493,0.001532420252616351,3,7,True,0.21305357664823532
MILD,PE 17:1_20:2,2,0.0185015403243504,0.018501540324350398,-3.469446951953614e-18,7,3,True,0.2053883746266365
MILD,PE 17:1_20:3,0,0.014984001647089818,0.014984001647089993,1.7520707107365752e-16,10,0,False,0.21370583027601242
MILD,PE 17:1_20:3,1,3.440007627153877,3.4505767369333773,0.01056910977950043,3,7,True,0.21034184098243713
MILD,PE 17:1_20:3,2,0.0185015403243504,0.018501540324350398,-3.469446951953614e-18,7,3,True,0.20702889561653137
MILD,PE 17:1_20:4,0,0.014984001647089818,0.014984001647089826,8.673617379884035e-18,12,0,False,0.20985082164406776
MILD,PE 17:1_20:4,1,3.440007627153877,3.8148970610282387,0.3748894338743618,2,9,True,0.22401805967092514
MILD,PE 17:1_20:4,2,0.0185015403243504,0.018501540324335985,-1.4415552085367267e-14,7,3,True,0.20935190096497536
MILD,PE 17:1_22:1,0,0.014984001647089818,0.014067235642470574,-0.0009167660046192436,9,1,False,0.20334567502141
MILD,PE 17:1_22:1,1,3.440007627153877,3.46301523029686,0.023007603142983335,6,6,True,0.20555367693305016
MILD,PE 17:1_22:1,2,0.0185015403243504,0.013989808462051305,-0.0045117318622990964,7,5,True,0.20631882920861244
MILD,PE 17:1_22:3,0,0.014984001647089818,0.014984001647089408,-4.0939474033052647e-16,9,0,False,0.21333042159676552
MILD,PE 17:1_22:3,1,3.440007627153877,3.4400076271538778,8.881784197001252e-16,2,6,True,0.21146684139966965
MILD,PE 17:1_22:3,2,0.0185015403243504,0.018501540324350398,-3.469446951953614e-18,6,3,True,0.2058698982000351
MILD,PE 17:1_22:5,0,0.014984001647089818,0.014984001647089764,-5.377642775528102e-17,8,1,False,0.2074914053082466
MILD,PE 17:1_22:5,1,3.440007627153877,3.4400076271538778,8.881784197001252e-16,4,5,True,0.20990771055221558
MILD,PE 17:1_22:5,2,0.0185015403243504,0.018501540324350398,-3.469446951953614e-18,6,4,True,0.20678409561514854
MILD,PE 18:0_20:0,0,0.014984001647089818,0.016080791219690437,0.0010967895726006188,9,4,True,0.2062378078699112
MILD,PE 18:0_20:0,1,3.440007627153877,3.333122974684212,-0.10688465246966494,11,3,True,0.21471432223916054
MILD,PE 18:0_20:0,2,0.0185015403243504,0.012853972257429213,-0.005647568066921188,5,8,True,0.20133347436785698
MILD,PE 18:0_20:4,0,0.014984001647089818,0.014984001647089826,8.673617379884035e-18,13,0,False,0.20928550511598587
MILD,PE 18:0_20:4,1,3.440007627153877,3.44348309307663,0.0034754659227531626,3,9,True,0.2044704183936119
MILD,PE 18:0_20:4,2,0.0185015403243504,0.017308942809771223,-0.001192597514579178,5,4,True,0.20160773769021034
MILD,PE 18:0_22:3,0,0.014984001647089818,0.014984001647089826,8.673617379884035e-18,10,0,False,0.2106858603656292
MILD,PE 18:0_22:3,1,3.440007627153877,3.4400076271538778,8.881784197001252e-16,3,6,True,0.21001343429088593
MILD,PE 18:0_22:3,2,0.0185015403243504,0.011970912539745259,-0.006530627784605142,4,4,True,0.20284150913357735
MILD,PE 18:0_22:4,0,0.014984001647089818,0.01426913489868805,-0.0007148667484017674,11,0,False,0.20881182700395584
MILD,PE 18:0_22:4,1,3.440007627153877,3.4113605554991877,-0.02864707165468916,5,6,True,0.22612477838993073
MILD,PE 18:0_22:4,2,0.0185015403243504,0.01857640912147419,7.486879712378935e-05,4,5,True,0.20516782999038696
MILD,PE 18:0_22:5,0,0.014984001647089818,0.014984001647089757,-6.071532165918825e-17,10,1,False,0.2123546525835991
MILD,PE 18:0_22:5,1,3.440007627153877,3.4400076271538778,8.881784197001252e-16,6,5,True,0.2119670733809471
MILD,PE 18:0_22:5,2,0.0185015403243504,0.01786995248721476,-0.0006315878371356415,4,6,True,0.20154781267046928
MILD,PE 18:0_22:6,0,0.014984001647089818,0.014885739648414876,-9.826199867494188e-05,12,3,True,0.20994798094034195
MILD,PE 18:0_22:6,1,3.440007627153877,3.690350897984355,0.250343270830478,10,4,True,0.2098461650311947
MILD,PE 18:0_22:6,2,0.0185015403243504,0.0181082016311288,-0.00039333869322160167,5,8,True,0.1994621455669403
MILD,PE 18:1_20:2,0,0.014984001647089818,0.014984001647089826,8.673617379884035e-18,11,0,False,0.21176094189286232
MILD,PE 18:1_20:2,1,3.440007627153877,3.4400076271538778,8.881784197001252e-16,4,6,True,0.2128891758620739
MILD,PE 18:1_20:2,2,0.0185015403243504,0.01874790962144125,0.0002463692970908482,5,6,True,0.20439837127923965
MILD,PE 18:1_20:3,0,0.014984001647089818,0.014984001647089826,8.673617379884035e-18,11,0,False,0.21144288033246994
MILD,PE 18:1_20:3,1,3.440007627153877,3.4400076271538778,8.881784197001252e-16,4,5,True,0.21212860569357872
MILD,PE 18:1_20:3,2,0.0185015403243504,0.018501540324350398,-3.469446951953614e-18,4,6,True,0.20770784839987755
MILD,PE 18:1_20:5,0,0.014984001647089818,0.014984001647089826,8.673617379884035e-18,15,0,False,0.21135534346103668
MILD,PE 18:1_20:5,1,3.440007627153877,3.4408897161868537,0.0008820890329768183,6,7,True,0.23804688081145287
MILD,PE 18:1_20:5,2,0.0185015403243504,0.018501540324326885,-2.3515911440341597e-14,5,8,True,0.20879947394132614
MILD,PE 18:1_22:3,0,0.014984001647089818,0.014984001647089826,8.673617379884035e-18,10,1,False,0.21868648752570152
MILD,PE 18:1_22:3,1,3.440007627153877,3.4400076271538778,8.881784197001252e-16,4,4,True,0.21149590983986855
MILD,PE 18:1_22:3,2,0.0185015403243504,0.018501540324350398,-3.469446951953614e-18,4,6,True,0.2084214650094509
MILD,PE 18:1_22:6,0,0.014984001647089818,0.01517133247025099,0.00018733082316117235,15,3,True,0.21053797006607056
MILD,PE 18:1_22:6,1,3.440007627153877,3.4400076271538778,8.881784197001252e-16,11,4,True,0.20836400613188744
MILD,PE 18:1_22:6,2,0.0185015403243504,0.01850576179526674,4.221470916339343e-06,5,11,True,0.21129003167152405
MILD,PE 18:2_20:2,0,0.014984001647089818,0.014984001647089604,-2.1337098754514727e-16,10,2,True,0.20948629081249237
MILD,PE 18:2_20:2,1,3.440007627153877,3.447868073480822,0.007860446326945159,9,6,True,0.21286552399396896
MILD,PE 18:2_20:2,2,0.0185015403243504,0.008719957394731852,-0.00978158292961855,6,7,True,0.20839235186576843
MILD,PE 18:2_20:3,0,0.014984001647089818,0.014984001647089826,8.673617379884035e-18,11,2,True,0.2074434868991375
MILD,PE 18:2_20:3,1,3.440007627153877,3.4400076271538778,8.881784197001252e-16,8,6,True,0.20908958837389946
MILD,PE 18:2_20:3,2,0.0185015403243504,0.018501540324350398,-3.469446951953614e-18,6,7,True,0.20342399552464485
MILD,PE 18:2_20:4,0,0.014984001647089818,0.014984001647089787,-3.122502256758253e-17,12,2,True,0.20745811611413956
MILD,PE 18:2_20:4,1,3.440007627153877,3.4475580587520636,0.007550431598186691,6,7,True,0.2076181396842003
MILD,PE 18:2_20:4,2,0.0185015403243504,0.018463578002658822,-3.796232169157865e-05,5,6,True,0.20418662577867508
MILD,PE 18:2_22:2,0,0.014984001647089818,0.014893986362103987,-9.001528498583065e-05,9,4,True,0.20165708288550377
MILD,PE 18:2_22:2,1,3.440007627153877,3.437910061025806,-0.0020975661280706603,10,3,True,0.21090063825249672
MILD,PE 18:2_22:2,2,0.0185015403243504,0.017933376374759103,-0.000568163949591298,5,7,True,0.20216547325253487
MILD,PE 18:2_22:3,0,0.014984001647089818,0.015330469157921675,0.0003464675108318573,9,4,True,0.1984299011528492
MILD,PE 18:2_22:3,1,3.440007627153877,3.5816587465844267,0.14165111943054987,9,3,True,0.20762145146727562
MILD,PE 18:2_22:3,2,0.0185015403243504,0.018482879749509577,-1.866057484082445e-05,5,8,True,0.19231318682432175
MILD,PE 18:2_22:4,0,0.014984001647089818,0.014984001647089826,8.673617379884035e-18,8,3,True,0.20976650342345238
MILD,PE 18:2_22:4,1,3.440007627153877,3.4400076271538778,8.881784197001252e-16,7,4,True,0.20972074940800667
MILD,PE 18:2_22:4,2,0.0185015403243504,0.018501540324350398,-3.469446951953614e-18,3,5,True,0.20391741767525673
MILD,PE 18:2_22:5,0,0.014984001647089818,0.014684056211019689,-0.00029994543607012904,7,3,True,0.21308188512921333
MILD,PE 18:2_22:5,1,3.440007627153877,3.4400076271538778,8.881784197001252e-16,8,3,True,0.20782636478543282
MILD,PE 18:2_22:5,2,0.0185015403243504,0.01853105035049466,2.951002614426032e-05,4,7,True,0.20161841809749603
MILD,PE 18:2_22:6,0,0.014984001647089818,0.015403798770317098,0.00041979712322728034,9,5,True,0.2192145176231861
MILD,PE 18:2_22:6,1,3.440007627153877,3.404430153308938,-0.03557747384493881,13,1,False,0.20815517753362656
MILD,PE 18:2_22:6,2,0.0185015403243504,0.016900448754061402,-0.001601091570288999,4,10,True,0.199237909168005
MILD,PE 18:3_22:5,0,0.014984001647089818,0.014987414812679258,3.4131655894404506e-06,7,3,True,0.20925012975931168
MILD,PE 18:3_22:5,1,3.440007627153877,3.4400076271538778,8.881784197001252e-16,8,3,True,0.2092936486005783
MILD,PE 18:3_22:5,2,0.0185015403243504,0.018501540324350398,-3.469446951953614e-18,6,6,True,0.20560865476727486
MILD,PE 20:0_17:1,0,0.014984001647089818,0.016148521378429044,0.0011645197313392263,5,3,True,0.2125343568623066
MILD,PE 20:0_17:1,1,3.440007627153877,3.4400076271541526,2.757793993168889e-13,8,2,True,0.20727260783314705
MILD,PE 20:0_17:1,2,0.0185015403243504,0.019038410827512304,0.0005368705031619028,5,6,True,0.2031239978969097
MILD,PE 20:0_20:3,0,0.014984001647089818,0.014984001647089826,8.673617379884035e-18,5,2,True,0.20787735283374786
MILD,PE 20:0_20:3,1,3.440007627153877,3.4400076271538778,8.881784197001252e-16,4,4,True,0.20996836945414543
MILD,PE 20:0_20:3,2,0.0185015403243504,0.018501540324350398,-3.469446951953614e-18,6,3,True,0.20326576009392738
MILD,PE 20:0_20:4,0,0.014984001647089818,0.020700157112214273,0.005716155465124455,7,2,True,0.20695379003882408
MILD,PE 20:0_20:4,1,3.440007627153877,3.4293993023862104,-0.010608324767666488,4,5,True,0.2160128355026245
MILD,PE 20:0_20:4,2,0.0185015403243504,0.018501540324326163,-2.423755640634795e-14,6,4,True,0.20138760656118393
MILD,PE 20:0_20:5,0,0.014984001647089818,0.014247926873259733,-0.0007360747738300848,9,4,True,0.20693812519311905
MILD,PE 20:0_20:5,1,3.440007627153877,3.377143504901286,-0.06286412225259097,8,6,True,0.2349388413131237
MILD,PE 20:0_20:5,2,0.0185015403243504,0.018501540324350398,-3.469446951953614e-18,9,5,True,0.20440072193741798
MILD,PE 20:1_18:2,0,0.014984001647089818,0.014984001647089826,8.673617379884035e-18,6,5,True,0.20771720632910728
MILD,PE 20:1_18:2,1,3.440007627153877,3.4400076271537374,-1.3944401189291966e-13,9,2,True,0.20482217520475388
MILD,PE 20:1_18:2,2,0.0185015403243504,0.018537947019641923,3.640669529152152e-05,4,7,True,0.20112519711256027
MILD,PE 20:1_18:3,0,0.014984001647089818,0.014984001647089826,8.673617379884035e-18,5,6,True,0.20807746425271034
MILD,PE 20:1_18:3,1,3.440007627153877,3.4271285660677555,-0.012879061086121357,8,2,True,0.2095552533864975
MILD,PE 20:1_18:3,2,0.0185015403243504,0.018501540324350398,-3.469446951953614e-18,6,4,True,0.20399343594908714
MILD,PE 20:1_20:2,0,0.014984001647089818,0.014984001647089826,8.673617379884035e-18,9,3,True,0.2080230601131916
MILD,PE 20:1_20:2,1,3.440007627153877,3.4400076271538778,8.881784197001252e-16,5,6,True,0.2085914947092533
MILD,PE 20:1_20:2,2,0.0185015403243504,0.018501540324350398,-3.469446951953614e-18,8,4,True,0.20420895516872406
MILD,PE 20:1_20:3,0,0.014984001647089818,0.014984001647089507,-3.1051550219984847e-16,9,1,False,0.21276092529296875
MILD,PE 20:1_20:3,1,3.440007627153877,3.4400076271538778,8.881784197001252e-16,3,7,True,0.20955751091241837
MILD,PE 20:1_20:3,2,0.0185015403243504,0.018501540324350398,-3.469446951953614e-18,7,3,True,0.2032640017569065
MILD,PE 20:1_20:5,0,0.014984001647089818,0.0149840016470899,8.153200337090993e-17,11,3,True,0.2078012377023697
MILD,PE 20:1_20:5,1,3.440007627153877,3.4400076271538778,8.881784197001252e-16,4,9,True,0.20842270180583
MILD,PE 20:1_20:5,2,0.0185015403243504,0.018501540324344815,-5.585809592645319e-15,9,3,True,0.2013734169304371
MILD,PE 20:2_20:2,0,0.014984001647089818,0.0151273785560506,0.00014337690896078226,7,0,False,0.20897721871733665
MILD,PE 20:2_20:2,1,3.440007627153877,3.4400076271538778,8.881784197001252e-16,2,6,True,0.20750383660197258
MILD,PE 20:2_20:2,2,0.0185015403243504,0.018501540324350998,5.967448757360216e-16,6,2,True,0.19586410000920296
MILD,PE 20:2_20:4,0,0.014984001647089818,0.014984001647089538,-2.7929047963226594e-16,14,0,False,0.21631642058491707
MILD,PE 20:2_20:4,1,3.440007627153877,3.4400076271538826,5.773159728050814e-15,3,10,True,0.2056693397462368
MILD,PE 20:2_20:4,2,0.0185015403243504,0.018501540324350026,-3.7470027081099033e-16,8,4,True,0.2065642848610878
MILD,PE 20:2_20:5,0,0.014984001647089818,0.017917448116776754,0.002933446469686936,14,0,False,0.20657864212989807
MILD,PE 20:2_20:5,1,3.440007627153877,3.7543088081449665,0.3143011809910896,3,12,True,0.2159700095653534
MILD,PE 20:2_20:5,2,0.0185015403243504,0.01850984963289487,8.309308544469235e-06,11,3,True,0.20098551362752914
MILD,PE 20:3_20:4,0,0.014984001647089818,0.014984001647090631,8.135853102331225e-16,14,0,False,0.2033335044980049
MILD,PE 20:3_20:4,1,3.440007627153877,3.4400076271537237,-1.532107773982716e-13,3,10,True,0.20647408813238144
MILD,PE 20:3_20:4,2,0.0185015403243504,0.018501540324350398,-3.469446951953614e-18,9,4,True,0.20434359461069107
MILD,PE 20:3_20:5,0,0.014984001647089818,0.016674271666544498,0.0016902700194546798,14,0,False,0.2024124674499035
MILD,PE 20:3_20:5,1,3.440007627153877,3.6131666920955374,0.17315906494166056,3,11,True,0.20975441113114357
MILD,PE 20:3_20:5,2,0.0185015403243504,0.01789064012370709,-0.000610900200643312,10,3,True,0.1912248581647873
MILD,PE 20:4_20:4,0,0.014984001647089818,0.014984001647089826,8.673617379884035e-18,11,0,False,0.20808590948581696
MILD,PE 20:4_20:4,1,3.440007627153877,3.4400076271538778,8.881784197001252e-16,2,8,True,0.2083512283861637
MILD,PE 20:4_20:4,2,0.0185015403243504,0.017595073567815544,-0.0009064667565348572,6,3,True,0.20230979099869728
MILD,PE 22:1_18:2,0,0.014984001647089818,0.014956846574830457,-2.7155072259360882e-05,8,3,True,0.19642198085784912
MILD,PE 22:1_18:2,1,3.440007627153877,3.886383832745293,0.4463762055914162,9,3,True,0.21380280703306198
MILD,PE 22:1_18:2,2,0.0185015403243504,0.015368436676339987,-0.0031331036480104144,4,8,True,0.21022285148501396
MILD,PE O-16:0_22:1,0,0.014984001647089818,0.01498400164708986,4.163336342344337e-17,6,0,False,0.215420201420784
MILD,PE O-16:0_22:1,1,3.440007627153877,3.440007627154154,2.7711166694643907e-13,2,3,True,0.21125468611717224
MILD,PE O-16:0_22:1,2,0.0185015403243504,0.018501540324350398,-3.469446951953614e-18,3,4,True,0.20347869396209717
MILD,PE O-16:0_22:2,0,0.014984001647089818,0.014984001647089733,-8.500145032286355e-17,7,0,False,0.20943043380975723
MILD,PE O-16:0_22:2,1,3.440007627153877,3.4400076271538778,8.881784197001252e-16,2,3,True,0.21084636449813843
MILD,PE O-16:0_22:2,2,0.0185015403243504,0.018501540324350398,-3.469446951953614e-18,3,4,True,0.20433828234672546
MILD,PE O-16:0_22:3,0,0.014984001647089818,0.014984001647089918,1.0061396160665481e-16,7,0,False,0.210491593927145
MILD,PE O-16:0_22:3,1,3.440007627153877,3.281134651706941,-0.1588729754469358,2,3,True,0.20798874273896217
MILD,PE O-16:0_22:3,2,0.0185015403243504,0.018501540324350398,-3.469446951953614e-18,3,4,True,0.20419179275631905
MILD,PE O-16:0_22:5,0,0.014984001647089818,0.014984001647089826,8.673617379884035e-18,7,1,False,0.20731322839856148
MILD,PE O-16:0_22:5,1,3.440007627153877,3.4400076271538778,8.881784197001252e-16,4,2,True,0.2075309380888939
MILD,PE O-16:0_22:5,2,0.0185015403243504,0.018501540324350398,-3.469446951953614e-18,3,6,True,0.203595083206892
MILD,PE O-16:1_22:0,0,0.014984001647089818,0.014984001647089826,8.673617379884035e-18,4,2,True,0.20786407962441444
MILD,PE O-16:1_22:0,1,3.440007627153877,3.440007627154004,1.270095140171179e-13,5,1,False,0.20352305099368095
MILD,PE O-16:1_22:0,2,0.0185015403243504,0.018053247075528415,-0.00044829324882198623,3,4,True,0.2035544514656067
MILD,PE O-16:1_22:1,0,0.014984001647089818,0.014984001647089826,8.673617379884035e-18,6,0,False,0.20793122798204422
MILD,PE O-16:1_22:1,1,3.440007627153877,3.440007627154045,1.6830981053317373e-13,4,3,True,0.2018708810210228
MILD,PE O-16:1_22:1,2,0.0185015403243504,0.01850154032434378,-6.619704784327496e-15,3,4,True,0.20097192004323006
MILD,PE O-16:1_22:2,0,0.014984001647089818,0.014984001647089826,8.673617379884035e-18,7,0,False,0.20798388868570328
MILD,PE O-16:1_22:2,1,3.440007627153877,3.4400076271538778,8.881784197001252e-16,4,3,True,0.20791259035468102
MILD,PE O-16:1_22:2,2,0.0185015403243504,0.018501540324344555,-5.84601811404184e-15,3,4,True,0.21168681606650352
MILD,PE O-16:1_22:3,0,0.014984001647089818,0.014984001647089826,8.673617379884035e-18,7,0,False,0.20905888825654984
MILD,PE O-16:1_22:3,1,3.440007627153877,3.264442086935359,-0.17556554021851767,4,3,True,0.21175670623779297
MILD,PE O-16:1_22:3,2,0.0185015403243504,0.018501540324350398,-3.469446951953614e-18,3,4,True,0.20648546144366264
MILD,PE O-16:1_22:4,0,0.014984001647089818,0.014984001647089826,8.673617379884035e-18,7,0,False,0.2081606611609459
MILD,PE O-16:1_22:4,1,3.440007627153877,3.4400076271538778,8.881784197001252e-16,4,3,True,0.2102755568921566
MILD,PE O-16:1_22:4,2,0.0185015403243504,0.018501540324350398,-3.469446951953614e-18,3,4,True,0.2038525678217411
MILD,PE O-16:1_22:5,0,0.014984001647089818,0.0160025332283453,0.0010185315812554826,7,1,False,0.2274201326072216
MILD,PE O-16:1_22:5,1,3.440007627153877,3.440007627154081,2.042810365310288e-13,6,2,True,0.2006543129682541
MILD,PE O-16:1_22:5,2,0.0185015403243504,0.017325751506176986,-0.001175788818173415,3,6,True,0.196735218167305
MILD,PE O-16:1_24:0,0,0.014984001647089818,0.014984001647089644,-1.734723475976807e-16,7,0,False,0.2112722434103489
MILD,PE O-16:1_24:0,1,3.440007627153877,3.443979874143277,0.00397224698940013,6,0,False,0.20172053202986717
MILD,PE O-16:1_24:0,2,0.0185015403243504,0.01850154032434901,-1.3912482277333993e-15,0,7,False,0.20015182346105576
MILD,PE O-16:1_24:1,0,0.014984001647089818,0.014877680558374112,-0.00010632108871570616,8,0,False,0.21834537386894226
MILD,PE O-16:1_24:1,1,3.440007627153877,3.451710317442598,0.011702690288720952,7,0,False,0.20472586154937744
MILD,PE O-16:1_24:1,2,0.0185015403243504,0.004134477563576525,-0.014367062760773876,0,8,False,0.19806916639208794
MILD,PE O-18:0_20:1,0,0.014984001647089818,0.014984001647089826,8.673617379884035e-18,4,3,True,0.21026047691702843
MILD,PE O-18:0_20:1,1,3.440007627153877,3.2640433325346723,-0.1759642946192046,1,5,False,0.20730755105614662
MILD,PE O-18:0_20:1,2,0.0185015403243504,0.015228197529501233,-0.0032733427948491677,6,0,False,0.205626480281353
MILD,PE O-18:0_20:2,0,0.014984001647089818,0.01498400164708988,6.245004513516506e-17,6,0,False,0.21286441013216972
MILD,PE O-18:0_20:2,1,3.440007627153877,3.4400076271538778,8.881784197001252e-16,0,7,False,0.2076936550438404
MILD,PE O-18:0_20:2,2,0.0185015403243504,0.018501540324350415,1.3877787807814457e-17,6,0,False,0.2038736268877983
MILD,PE O-18:0_20:3,0,0.014984001647089818,0.014984001647089826,8.673617379884035e-18,7,0,False,0.20871395617723465
MILD,PE O-18:0_20:3,1,3.440007627153877,3.440007627153907,3.019806626980426e-14,0,7,False,0.20735780522227287
MILD,PE O-18:0_20:3,2,0.0185015403243504,0.018501540324350398,-3.469446951953614e-18,6,0,False,0.20571403205394745
MILD,PE O-18:0_20:4,0,0.014984001647089818,0.015089715290160979,0.00010571364307116089,11,0,False,0.208226278424263
MILD,PE O-18:0_20:4,1,3.440007627153877,3.4400076271541127,2.3581137043038325e-13,0,10,False,0.20483964681625366
MILD,PE O-18:0_20:4,2,0.0185015403243504,0.018594001539200558,9.246121485015704e-05,6,1,False,0.20022688433527946
MILD,PE O-18:0_22:1,0,0.014984001647089818,0.014765176039384667,-0.0002188256077051507,5,0,False,0.2110818661749363
MILD,PE O-18:0_22:1,1,3.440007627153877,3.2665001098795883,-0.1735075172742886,0,6,False,0.20388178527355194
MILD,PE O-18:0_22:1,2,0.0185015403243504,0.01261779366910609,-0.005883746655244311,5,0,False,0.20654096081852913
MILD,PE O-18:0_22:2,0,0.014984001647089818,0.015004303242574825,2.0301595485007137e-05,6,0,False,0.2070115990936756
MILD,PE O-18:0_22:2,1,3.440007627153877,3.4418158309242104,0.0018082037703335274,0,6,False,0.20732381939888
MILD,PE O-18:0_22:2,2,0.0185015403243504,0.018501540324350314,-8.673617379884035e-17,5,0,False,0.19491122663021088
MILD,PE O-18:0_22:6,0,0.014984001647089818,0.014977779701196707,-6.221945893111064e-06,9,3,True,0.20331251993775368
MILD,PE O-18:0_22:6,1,3.440007627153877,3.4400076271538778,8.881784197001252e-16,6,5,True,0.20777734741568565
MILD,PE O-18:0_22:6,2,0.0185015403243504,0.018501540324339087,-1.1313866510320736e-14,5,4,True,0.2040964514017105
MILD,PE O-18:1_20:1,0,0.014984001647089818,0.014984001647089826,8.673617379884035e-18,3,3,True,0.21021128818392754
MILD,PE O-18:1_20:1,1,3.440007627153877,3.324424834068272,-0.11558279308560504,1,4,False,0.21151291206479073
MILD,PE O-18:1_20:1,2,0.0185015403243504,0.01245095961381927,-0.00605058071053113,7,0,False,0.2057160697877407
MILD,PE O-18:1_20:2,0,0.014984001647089818,0.014984001647089826,8.673617379884035e-18,6,0,False,0.20872558280825615
MILD,PE O-18:1_20:2,1,3.440007627153877,3.4448019879379137,0.004794360784036833,0,7,False,0.20805564895272255
MILD,PE O-18:1_20:2,2,0.0185015403243504,0.018501540324350398,-3.469446951953614e-18,7,0,False,0.2035420723259449
MILD,PE O-18:1_20:3,0,0.014984001647089818,0.014984001647089826,8.673617379884035e-18,7,0,False,0.22863934934139252
MILD,PE O-18:1_20:3,1,3.440007627153877,3.4400076271538778,8.881784197001252e-16,0,7,False,0.20812728628516197
MILD,PE O-18:1_20:3,2,0.0185015403243504,0.01850154032433982,-1.0581813203458523e-14,7,0,False,0.20051100105047226
MILD,PE O-18:1_20:4,0,0.014984001647089818,0.014984001647089771,-4.683753385137379e-17,11,0,False,0.2101273238658905
MILD,PE O-18:1_20:4,1,3.440007627153877,3.4400076271538778,8.881784197001252e-16,0,10,False,0.2084607146680355
MILD,PE O-18:1_20:4,2,0.0185015403243504,0.018357481374529312,-0.00014405894982108883,8,1,False,0.22221452370285988
MILD,PE O-18:1_20:5,0,0.014984001647089818,0.014473314590132983,-0.0005106870569568343,11,0,False,0.21179892495274544
MILD,PE O-18:1_20:5,1,3.440007627153877,3.4400076271538778,8.881784197001252e-16,0,11,False,0.20813491940498352
MILD,PE O-18:1_20:5,2,0.0185015403243504,0.01852082726613094,1.9286941780539274e-05,11,0,False,0.2027057781815529
MILD,PE O-18:1_22:1,0,0.014984001647089818,0.014984001647089826,8.673617379884035e-18,5,0,False,0.21157237142324448
MILD,PE O-18:1_22:1,1,3.440007627153877,3.4390309159284493,-0.000976711225427529,0,6,False,0.21286243945360184
MILD,PE O-18:1_22:1,2,0.0185015403243504,0.018925778730157553,0.00042423840580715216,6,0,False,0.21679912135004997
MILD,PE O-18:1_22:2,0,0.014984001647089818,0.014484407871038952,-0.0004995937760508655,6,0,False,0.22238589078187943
MILD,PE O-18:1_22:2,1,3.440007627153877,3.4400076271538778,8.881784197001252e-16,0,6,False,0.2091815210878849
MILD,PE O-18:1_22:2,2,0.0185015403243504,0.005384401071336407,-0.013117139253013995,6,0,False,0.19178741797804832
MILD,PE O-18:1_22:3,0,0.014984001647089818,0.015019547409015593,3.554576192577562e-05,6,0,False,0.21370745077729225
MILD,PE O-18:1_22:3,1,3.440007627153877,3.4400076271538778,8.881784197001252e-16,0,6,False,0.21060877293348312
MILD,PE O-18:1_22:3,2,0.0185015403243504,0.018501540324339975,-1.042568809062061e-14,6,0,False,0.215394776314497
MILD,PE O-18:1_22:4,0,0.014984001647089818,0.014984001647089826,8.673617379884035e-18,8,0,False,0.20911669731140137
MILD,PE O-18:1_22:4,1,3.440007627153877,3.44000762715375,-1.270095140171179e-13,1,7,False,0.21007465198636055
MILD,PE O-18:1_22:4,2,0.0185015403243504,0.01850154032435086,4.579669976578771e-16,7,1,False,0.20868054777383804
MILD,PE O-18:1_22:5,0,0.014984001647089818,0.014984001647089826,8.673617379884035e-18,8,1,False,0.2105778492987156
MILD,PE O-18:1_22:5,1,3.440007627153877,3.440007627153656,-2.2071233729548112e-13,2,7,True,0.2086992859840393
MILD,PE O-18:1_22:5,2,0.0185015403243504,0.01850154032434319,-7.20951076615961e-15,8,2,True,0.2105247788131237
MILD,PE O-18:1_22:6,0,0.014984001647089818,0.014984001647089708,-1.0928757898653885e-16,9,3,True,0.20915082469582558
MILD,PE O-18:1_22:6,1,3.440007627153877,3.4400076271538778,8.881784197001252e-16,6,5,True,0.21124061197042465
MILD,PE O-18:1_22:6,2,0.0185015403243504,0.018501540324352042,1.6410484082740595e-15,8,4,True,0.20039954036474228
MILD,PE O-18:2_20:2,0,0.014984001647089818,0.01492615613413249,-5.784551295732847e-05,6,0,False,0.2055872306227684
MILD,PE O-18:2_20:2,1,3.440007627153877,3.444274376129622,0.004266748975745305,0,7,False,0.20835798606276512
MILD,PE O-18:2_20:2,2,0.0185015403243504,0.018501540324350398,-3.469446951953614e-18,7,0,False,0.2045149803161621
MILD,PE O-18:2_20:3,0,0.014984001647089818,0.013655099828751849,-0.001328901818337969,8,0,False,0.20430202782154083
MILD,PE O-18:2_20:3,1,3.440007627153877,3.4230515890874784,-0.01695603806639845,0,8,False,0.20743155106902122
MILD,PE O-18:2_20:3,2,0.0185015403243504,0.011374739448118206,-0.007126800876232195,8,0,False,0.2171078585088253
MILD,PE O-18:2_20:4,0,0.014984001647089818,0.016598285058600906,0.0016142834115110884,11,0,False,0.19918179139494896
MILD,PE O-18:2_20:4,1,3.440007627153877,3.4400076271538778,8.881784197001252e-16,0,10,False,0.20856541022658348
MILD,PE O-18:2_20:4,2,0.0185015403243504,0.0185015403243504,0.0,8,1,False,0.2025608941912651
MILD,PE O-18:2_22:0,0,0.014984001647089818,0.014984001647089826,8.673617379884035e-18,4,2,True,0.21224743127822876
MILD,PE O-18:2_22:0,1,3.440007627153877,3.4777046622265084,0.03769703507263156,1,5,False,0.2116425782442093
MILD,PE O-18:2_22:0,2,0.0185015403243504,0.018501540324350398,-3.469446951953614e-18,7,0,False,0.2044898085296154
MILD,PE O-18:2_22:2,0,0.014984001647089818,0.014984001647089826,8.673617379884035e-18,6,0,False,0.20781468600034714
MILD,PE O-18:2_22:2,1,3.440007627153877,3.4400076271538778,8.881784197001252e-16,0,6,False,0.20812981948256493
MILD,PE O-18:2_22:2,2,0.0185015403243504,0.018501540324350398,-3.469446951953614e-18,6,0,False,0.20394721627235413
MILD,PE O-18:2_22:3,0,0.014984001647089818,0.014984001647089826,8.673617379884035e-18,6,0,False,0.20926399528980255
MILD,PE O-18:2_22:3,1,3.440007627153877,1.3816643654525624,-2.0583432617013147,0,6,False,0.20834708586335182
MILD,PE O-18:2_22:3,2,0.0185015403243504,0.018501540324350398,-3.469446951953614e-18,6,0,False,0.20561620965600014
MILD,PE O-18:2_22:4,0,0.014984001647089818,0.014984001647089826,8.673617379884035e-18,8,0,False,0.21108894422650337
MILD,PE O-18:2_22:4,1,3.440007627153877,3.4400076271538778,8.881784197001252e-16,1,7,False,0.21092457696795464
MILD,PE O-18:2_22:4,2,0.0185015403243504,0.018501540324342862,-7.539108226595204e-15,7,1,False,0.19690227881073952
MILD,PE O-18:2_22:5,0,0.014984001647089818,0.014984001647089826,8.673617379884035e-18,8,1,False,0.20900508016347885
MILD,PE O-18:2_22:5,1,3.440007627153877,3.4400076271538778,8.881784197001252e-16,2,7,True,0.20947837084531784
MILD,PE O-18:2_22:5,2,0.0185015403243504,0.0185015403243307,-1.969951979319262e-14,8,2,True,0.20082174241542816
MILD,PE O-18:2_22:6,0,0.014984001647089818,0.0149840016470899,8.153200337090993e-17,9,3,True,0.21542778611183167
MILD,PE O-18:2_22:6,1,3.440007627153877,3.440007627153912,3.5083047578154947e-14,6,5,True,0.2099379189312458
MILD,PE O-18:2_22:6,2,0.0185015403243504,0.012162170256010452,-0.006339370068339949,8,4,True,0.18729819357395172
MILD,PE O-18:3_20:3,0,0.014984001647089818,0.014984001647089977,1.5959455978986625e-16,7,0,False,0.2116071730852127
MILD,PE O-18:3_20:3,1,3.440007627153877,3.4400076271538778,8.881784197001252e-16,0,7,False,0.20830677822232246
MILD,PE O-18:3_20:3,2,0.0185015403243504,0.018501540324350398,-3.469446951953614e-18,6,0,False,0.2047622762620449
MILD,PE O-18:3_22:0,0,0.014984001647089818,0.014984001647089826,8.673617379884035e-18,4,2,True,0.20875553041696548
MILD,PE O-18:3_22:0,1,3.440007627153877,3.440007627153935,5.81756864903582e-14,1,5,False,0.20269574970006943
MILD,PE O-18:3_22:0,2,0.0185015403243504,0.018501540324350342,-5.898059818321144e-17,6,0,False,0.205939169973135
MILD,PE O-18:3_22:5,0,0.014984001647089818,0.014732944056719906,-0.00025105759036991165,8,1,False,0.2059360221028328
MILD,PE O-18:3_22:5,1,3.440007627153877,3.1339748273891472,-0.30603279976472963,2,7,True,0.19559945538640022
MILD,PE O-18:3_22:5,2,0.0185015403243504,0.018624144492206358,0.00012260416785595668,7,2,True,0.20519789308309555
MILD,PE O-18:3_22:6,0,0.014984001647089818,0.014984001647089826,8.673617379884035e-18,9,3,True,0.21134501323103905
MILD,PE O-18:3_22:6,1,3.440007627153877,3.4400076271538778,8.881784197001252e-16,6,5,True,0.20857879146933556
MILD,PE O-18:3_22:6,2,0.0185015403243504,0.016372738912626215,-0.0021288014117241856,7,4,True,0.19394279271364212
MILD,PE O-20:0_18:2,0,0.014984001647089818,0.015294094648170728,0.00031009300108091054,5,2,True,0.20108484104275703
MILD,PE O-20:0_18:2,1,3.440007627153877,3.4407062486325914,0.0006986214787145784,9,0,False,0.21046068891882896
MILD,PE O-20:0_18:2,2,0.0185015403243504,0.018821824438361244,0.000320284114010843,0,7,False,0.2164159007370472
MILD,PE O-20:0_20:2,0,0.014984001647089818,0.014984001647089826,8.673617379884035e-18,6,0,False,0.2089148573577404
MILD,PE O-20:0_20:2,1,3.440007627153877,3.4309426759188986,-0.009064951234978302,3,4,True,0.20451480150222778
MILD,PE O-20:0_20:2,2,0.0185015403243504,0.018501540324343452,-6.949302244763089e-15,4,3,True,0.20122895762324333
MILD,PE O-20:1_18:2,0,0.014984001647089818,0.014984001647089826,8.673617379884035e-18,5,2,True,0.20806074142456055
MILD,PE O-20:1_18:2,1,3.440007627153877,3.4400076271539053,2.842170943040401e-14,9,0,False,0.21046655252575874
MILD,PE O-20:1_18:2,2,0.0185015403243504,0.018686300606661592,0.00018476028231119088,0,7,False,0.21097632125020027
MILD,PE O-20:2_20:3,0,0.014984001647089818,0.014984001647090024,2.0643209364124004e-16,8,0,False,0.20308347418904305
MILD,PE O-20:2_20:3,1,3.440007627153877,4.425369762400346,0.9853621352464694,3,4,True,0.20889535173773766
MILD,PE O-20:2_20:3,2,0.0185015403243504,0.018501540324350398,-3.469446951953614e-18,4,4,True,0.2045150324702263
MILD,PE O-20:2_20:4,0,0.014984001647089818,0.01504590243934612,6.190079225630238e-05,11,0,False,0.20640790089964867
MILD,PE O-20:2_20:4,1,3.440007627153877,3.4400076271539892,1.1235457009206584e-13,3,6,True,0.21012870222330093
MILD,PE O-20:2_20:4,2,0.0185015403243504,0.009172850691202073,-0.009328689633148328,4,5,True,0.20958051085472107
MILD,PG 14:0_20:0,0,0.014984001647089818,0.014984001647089826,8.673617379884035e-18,11,8,True,0.20870276913046837
MILD,PG 14:0_20:0,1,3.440007627153877,3.4400076271538778,8.881784197001252e-16,13,7,True,0.20880210027098656
MILD,PG 14:0_20:0,2,0.0185015403243504,0.018501540324347095,-3.3063829452117943e-15,14,6,True,0.20380500331521034
MILD,PG 14:0_22:1,0,0.014984001647089818,0.014984001647089826,8.673617379884035e-18,13,5,True,0.20863891392946243
MILD,PG 14:0_22:1,1,3.440007627153877,3.4400076271540154,1.3855583347321954e-13,13,5,True,0.20469853654503822
MILD,PG 14:0_22:1,2,0.0185015403243504,0.01850154032434504,-5.360295540768334e-15,10,9,True,0.21942224726080894
MILD,PG 14:0_22:3,0,0.014984001647089818,0.014984001647089826,8.673617379884035e-18,13,4,True,0.21032065525650978
MILD,PG 14:0_22:3,1,3.440007627153877,3.4400076271534945,-3.823608096809039e-13,12,4,True,0.20949234068393707
MILD,PG 14:0_22:3,2,0.0185015403243504,0.018501540324356885,6.484396353201305e-15,7,9,True,0.2141733579337597
MILD,PG 14:0_22:4,0,0.014984001647089818,0.014984001647089826,8.673617379884035e-18,12,4,True,0.21059881895780563
MILD,PG 14:0_22:4,1,3.440007627153877,3.4400076271538778,8.881784197001252e-16,12,4,True,0.20906754955649376
MILD,PG 14:0_22:4,2,0.0185015403243504,0.018501540324338397,-1.2004286453759505e-14,7,8,True,0.2128232680261135
MILD,PG 16:0_18:0,0,0.014984001647089818,0.014984001647089826,8.673617379884035e-18,19,3,True,0.20888153836131096
MILD,PG 16:0_18:0,1,3.440007627153877,3.5147033983490497,0.07469577119517279,12,10,True,0.2107413336634636
MILD,PG 16:0_18:0,2,0.0185015403243504,0.018501540324350398,-3.469446951953614e-18,12,9,True,0.20413240790367126
MILD,PG 16:0_20:1,0,0.014984001647089818,0.014984001647089826,8.673617379884035e-18,11,6,True,0.20831221342086792
MILD,PG 16:0_20:1,1,3.440007627153877,3.4456718397588015,0.005664212604924668,4,11,True,0.20762724801898003
MILD,PG 16:0_20:1,2,0.0185015403243504,0.018501540324350398,-3.469446951953614e-18,17,1,False,0.20469509810209274
MILD,PG 16:0_20:2,0,0.014984001647089818,0.014984001647089826,8.673617379884035e-18,14,3,True,0.20924106240272522
MILD,PG 16:0_20:2,1,3.440007627153877,3.442113709993991,0.002106082840114265,4,13,True,0.2118247076869011
MILD,PG 16:0_20:2,2,0.0185015403243504,0.01853620039539808,3.4660071047680485e-05,15,2,True,0.2064884677529335
MILD,PG 16:0_20:3,0,0.014984001647089818,0.014984001647089826,8.673617379884035e-18,12,2,True,0.21297860518097878
MILD,PG 16:0_20:3,1,3.440007627153877,3.4456771680810308,0.005669540927153882,4,10,True,0.21562198922038078
MILD,PG 16:0_20:3,2,0.0185015403243504,0.017930459486690805,-0.000571080837659596,12,2,True,0.2156791128218174
MILD,PG 16:0_22:4,0,0.014984001647089818,0.017365991330392898,0.00238198968330308,13,2,True,0.208692979067564
MILD,PG 16:0_22:4,1,3.440007627153877,3.405307278116393,-0.03470034903748376,6,9,True,0.2165599949657917
MILD,PG 16:0_22:4,2,0.0185015403243504,0.018501540324328075,-2.2325891135821507e-14,10,4,True,0.21110551431775093
MILD,PG 16:0_22:5,0,0.014984001647089818,0.014984001647089584,-2.3418766925686896e-16,12,2,True,0.21370262652635574
MILD,PG 16:0_22:5,1,3.440007627153877,3.440007627153969,9.192646643896296e-14,6,9,True,0.20922798290848732
MILD,PG 16:0_22:5,2,0.0185015403243504,0.017949868299478994,-0.0005516720248714066,11,5,True,0.1967351846396923
MILD,PG 16:1_20:1,0,0.014984001647089818,0.014984001647089826,8.673617379884035e-18,8,5,True,0.20978035405278206
MILD,PG 16:1_20:1,1,3.440007627153877,3.4400076271538778,8.881784197001252e-16,2,8,True,0.2126835398375988
MILD,PG 16:1_20:1,2,0.0185015403243504,0.0185015403243504,0.0,12,2,True,0.20475290343165398
MILD,PG 16:1_20:2,0,0.014984001647089818,0.014984001647089826,8.673617379884035e-18,10,1,False,0.21295824646949768
MILD,PG 16:1_20:2,1,3.440007627153877,3.4400076271538778,8.881784197001252e-16,3,10,True,0.21186737716197968
MILD,PG 16:1_20:2,2,0.0185015403243504,0.018501540324350398,-3.469446951953614e-18,10,2,True,0.2057075835764408
MILD,PG 16:1_20:3,0,0.014984001647089818,0.013952116274671715,-0.001031885372418103,13,2,True,0.2157145030796528
MILD,PG 16:1_20:3,1,3.440007627153877,3.4400076271544537,5.768718835952313e-13,5,11,True,0.2124146707355976
MILD,PG 16:1_20:3,2,0.0185015403243504,0.017406893555261,-0.001094646769089401,11,3,True,0.20570846647024155
MILD,PG 16:1_20:4,0,0.014984001647089818,0.01628807364758261,0.0013040720004927914,14,2,True,0.21020811796188354
MILD,PG 16:1_20:4,1,3.440007627153877,3.4279125258297514,-0.012095101324125501,4,11,True,0.2106226459145546
MILD,PG 16:1_20:4,2,0.0185015403243504,0.018501540324350398,-3.469446951953614e-18,11,4,True,0.20480770990252495
MILD,PG 17:0_17:0,0,0.014984001647089818,0.015001175597040511,1.7173949950693296e-05,5,3,True,0.21260979026556015
MILD,PG 17:0_17:0,1,3.440007627153877,3.768056991041323,0.328049363887446,8,1,False,0.23783333599567413
MILD,PG 17:0_17:0,2,0.0185015403243504,0.019116069964599473,0.0006145296402490716,1,6,False,0.20596856251358986
MILD,PG 17:0_18:1,0,0.014984001647089818,0.01498400164708983,1.214306433183765e-17,13,3,True,0.2129332572221756
MILD,PG 17:0_18:1,1,3.440007627153877,3.4396056681938205,-0.0004019589600563478,15,1,False,0.2075902298092842
MILD,PG 17:0_18:1,2,0.0185015403243504,0.018501540324327742,-2.2658958043209054e-14,2,14,True,0.1984400562942028
MILD,PG 17:0_20:1,0,0.014984001647089818,0.015968806908235274,0.000984805261145456,10,7,True,0.21376484259963036
MILD,PG 17:0_20:1,1,3.440007627153877,3.427483879017416,-0.012523748136461066,13,3,True,0.22289274632930756
MILD,PG 17:0_20:1,2,0.0185015403243504,0.018434742031231913,-6.679829311848767e-05,6,10,True,0.2204696163535118
MILD,PG 17:0_20:2,0,0.014984001647089818,0.017212142542541713,0.002228140895451895,13,3,True,0.21349746361374855
MILD,PG 17:0_20:2,1,3.440007627153877,3.436978861191555,-0.003028765962322044,12,6,True,0.2108975276350975
MILD,PG 17:0_20:2,2,0.0185015403243504,0.018501540324328023,-2.237793284010081e-14,6,10,True,0.2090965062379837
MILD,PG 17:0_20:3,0,0.014984001647089818,0.014984001647089826,8.673617379884035e-18,11,2,True,0.21212777122855186
MILD,PG 17:0_20:3,1,3.440007627153877,3.4371022291567694,-0.0029053979971074284,9,5,True,0.21117506176233292
MILD,PG 17:0_20:3,2,0.0185015403243504,0.018536373280237783,3.483295588738167e-05,5,8,True,0.20740624517202377
MILD,PG 17:0_20:4,0,0.014984001647089818,0.015001220347847755,1.721870075793719e-05,14,2,True,0.20939315482974052
MILD,PG 17:0_20:4,1,3.440007627153877,3.4400076271538778,8.881784197001252e-16,7,8,True,0.21178368851542473
MILD,PG 17:0_20:4,2,0.0185015403243504,0.018501540324350398,-3.469446951953614e-18,5,8,True,0.20940080285072327
MILD,PG 17:0_20:5,0,0.014984001647089818,0.014984001647089722,-9.540979117872439e-17,12,4,True,0.20868636295199394
MILD,PG 17:0_20:5,1,3.440007627153877,3.4400076271538698,-7.105427357601002e-15,9,8,True,0.2099982090294361
MILD,PG 17:0_20:5,2,0.0185015403243504,0.01854250557799081,4.0965253640407734e-05,7,6,True,0.20894668623805046
MILD,PG 17:1_18:2,0,0.014984001647089818,0.01644628725538116,0.0014622856082913433,9,3,True,0.20690182968974113
MILD,PG 17:1_18:2,1,3.440007627153877,3.4088226697739263,-0.03118495737995053,13,1,False,0.1919172704219818
MILD,PG 17:1_18:2,2,0.0185015403243504,0.014211034142498682,-0.004290506181851719,1,10,False,0.20817315205931664
MILD,PG 17:1_20:1,0,0.014984001647089818,0.014556768040269574,-0.0004272336068202442,8,4,True,0.21009327471256256
MILD,PG 17:1_20:1,1,3.440007627153877,3.4400076271537396,-1.3722356584366935e-13,8,2,True,0.20979876071214676
MILD,PG 17:1_20:1,2,0.0185015403243504,0.018046613849776672,-0.00045492647457372887,6,7,True,0.20513885095715523
MILD,PG 17:1_20:2,0,0.014984001647089818,0.014984001647089826,8.673617379884035e-18,12,1,False,0.20885909721255302
MILD,PG 17:1_20:2,1,3.440007627153877,3.4372282838353243,-0.002779343318552563,9,5,True,0.20843889936804771
MILD,PG 17:1_20:2,2,0.0185015403243504,0.01746456267872932,-0.0010369776456210823,6,8,True,0.20077119767665863
MILD,PG 17:1_20:4,0,0.014984001647089818,0.014751595322917872,-0.00023240632417194547,14,1,False,0.21247797459363937
MILD,PG 17:1_20:4,1,3.440007627153877,3.426271122603236,-0.013736504550641015,7,7,True,0.20564742758870125
MILD,PG 17:1_20:4,2,0.0185015403243504,0.016252323599787358,-0.0022492167245630433,7,8,True,0.19710462912917137
MILD,PG 18:0_17:1,0,0.014984001647089818,0.016782781810702592,0.0017987801636127742,13,4,True,0.20422444492578506
MILD,PG 18:0_17:1,1,3.440007627153877,3.4272650240689035,-0.012742603084973325,18,0,False,0.22216027230024338
MILD,PG 18:0_17:1,2,0.0185015403243504,0.018023758257513182,-0.0004777820668372193,3,14,True,0.20425137132406235
MILD,PG 18:0_18:0,0,0.014984001647089818,0.014984001647089962,1.43982048506075e-16,8,1,False,0.21293877065181732
MILD,PG 18:0_18:0,1,3.440007627153877,3.4400076271538778,8.881784197001252e-16,8,1,False,0.20881958678364754
MILD,PG 18:0_18:0,2,0.0185015403243504,0.018501540324350398,-3.469446951953614e-18,1,7,False,0.20523980259895325
MILD,PG 18:0_18:1,0,0.014984001647089818,0.014984001647089826,8.673617379884035e-18,17,2,True,0.20846139267086983
MILD,PG 18:0_18:1,1,3.440007627153877,3.4400076271539106,3.375077994860476e-14,17,2,True,0.2072063907980919
MILD,PG 18:0_18:1,2,0.0185015403243504,0.017903722668244033,-0.0005978176561063676,3,16,True,0.2096775434911251
MILD,PG 18:0_18:2,0,0.014984001647089818,0.015092069975577434,0.00010806832848761667,14,4,True,0.21162478998303413
MILD,PG 18:0_18:2,1,3.440007627153877,3.429132210688272,-0.010875416465605081,17,2,True,0.21347630769014359
MILD,PG 18:0_18:2,2,0.0185015403243504,0.01800635994579443,-0.0004951803785559726,1,14,False,0.2092312052845955
MILD,PG 18:0_18:3,0,0.014984001647089818,0.01632470801490946,0.0013407063678196416,11,5,True,0.21018805354833603
MILD,PG 18:0_18:3,1,3.440007627153877,3.44012031562611,0.0001126884722331134,15,1,False,0.20534612983465195
MILD,PG 18:0_18:3,2,0.0185015403243504,0.017314006826520303,-0.0011875334978300976,4,10,True,0.21088317409157753
MILD,PG 18:0_20:4,0,0.014984001647089818,0.014984001647089764,-5.377642775528102e-17,18,3,True,0.20842240378260612
MILD,PG 18:0_20:4,1,3.440007627153877,3.450338518718658,0.010330891564781286,13,6,True,0.20889441296458244
MILD,PG 18:0_20:4,2,0.0185015403243504,0.017874819924990584,-0.0006267203993598168,6,12,True,0.19333475083112717
MILD,PG 18:0_20:5,0,0.014984001647089818,0.0166829674611817,0.0016989658140918826,16,3,True,0.20755482465028763
MILD,PG 18:0_20:5,1,3.440007627153877,3.426000158739115,-0.01400746841476197,13,6,True,0.21292061358690262
MILD,PG 18:0_20:5,2,0.0185015403243504,0.018501540324322618,-2.7783331191244542e-14,6,10,True,0.21032392606139183
MILD,PG 18:1_18:2,0,0.014984001647089818,0.014984001647089826,8.673617379884035e-18,10,2,True,0.20978382602334023
MILD,PG 18:1_18:2,1,3.440007627153877,3.4400076271538262,-5.062616992290714e-14,13,1,False,0.20983688533306122
MILD,PG 18:1_18:2,2,0.0185015403243504,0.01854264813142317,4.110780707276829e-05,0,12,False,0.2046365663409233
MILD,PG 18:1_18:3,0,0.014984001647089818,0.014984001647089826,8.673617379884035e-18,9,3,True,0.20878778770565987
MILD,PG 18:1_18:3,1,3.440007627153877,3.447037005285048,0.0070293781311709935,11,1,False,0.20896290242671967
MILD,PG 18:1_18:3,2,0.0185015403243504,0.01850154032435094,5.377642775528102e-16,3,9,True,0.2011624611914158
MILD,PG 18:1_20:3,0,0.014984001647089818,0.014984001647089826,8.673617379884035e-18,13,2,True,0.2080996409058571
MILD,PG 18:1_20:3,1,3.440007627153877,3.4400076271538778,8.881784197001252e-16,11,4,True,0.20863674953579903
MILD,PG 18:1_20:3,2,0.0185015403243504,0.017723727571533957,-0.0007778127528164439,5,10,True,0.2083788998425007
MILD,PG 18:1_20:4,0,0.014984001647089818,0.014984001647089826,8.673617379884035e-18,16,2,True,0.20818504318594933
MILD,PG 18:1_20:4,1,3.440007627153877,3.4400076271538778,8.881784197001252e-16,10,6,True,0.20860625430941582
MILD,PG 18:1_20:4,2,0.0185015403243504,0.018587086307340087,8.554598298968555e-05,5,11,True,0.19995733350515366
MILD,PG 18:2_18:2,0,0.014984001647089818,0.014960241495660248,-2.376015142956968e-05,5,2,True,0.20058633759617805
MILD,PG 18:2_18:2,1,3.440007627153877,3.4400076271538778,8.881784197001252e-16,8,1,False,0.21368901059031487
MILD,PG 18:2_18:2,2,0.0185015403243504,0.018501540324350398,-3.469446951953614e-18,0,6,False,0.20615530386567116
MILD,PG 18:2_20:2,0,0.014984001647089818,0.014861368460533285,-0.00012263318655653284,8,2,True,0.21012220904231071
MILD,PG 18:2_20:2,1,3.440007627153877,3.4400076271538778,8.881784197001252e-16,6,6,True,0.20848434790968895
MILD,PG 18:2_20:2,2,0.0185015403243504,0.018501540324350408,6.938893903907228e-18,5,4,True,0.2088881991803646
MILD,PG 18:2_20:3,0,0.014984001647089818,0.014984001647089826,8.673617379884035e-18,9,3,True,0.21304769068956375
MILD,PG 18:2_20:3,1,3.440007627153877,3.4110960742327667,-0.02891155292111014,8,5,True,0.20620038360357285
MILD,PG 18:2_20:3,2,0.0185015403243504,0.018501540324350422,2.0816681711721685e-17,5,5,True,0.2086721919476986
MILD,PG 18:2_20:5,0,0.014984001647089818,0.014984001647089792,-2.6020852139652106e-17,11,3,True,0.21211278066039085
MILD,PG 18:2_20:5,1,3.440007627153877,3.4400076271540234,1.4654943925052066e-13,9,7,True,0.2093125469982624
MILD,PG 18:2_20:5,2,0.0185015403243504,0.016853444930144377,-0.0016480953942060242,5,6,True,0.20506788417696953
MILD,PG 18:3_20:4,0,0.014984001647089818,0.01884236286280468,0.003858361215714862,13,5,True,0.20147642120718956
MILD,PG 18:3_20:4,1,3.440007627153877,3.4400076271538778,8.881784197001252e-16,9,7,True,0.20950213074684143
MILD,PG 18:3_20:4,2,0.0185015403243504,0.018501540324335826,-1.4575146645157133e-14,9,6,True,0.2012121081352234
MILD,PG 20:0_16:1,0,0.014984001647089818,0.014984001647089826,8.673617379884035e-18,10,5,True,0.21116729080677032
MILD,PG 20:0_16:1,1,3.440007627153877,3.4400076271538778,8.881784197001252e-16,6,11,True,0.2089998684823513
MILD,PG 20:0_16:1,2,0.0185015403243504,0.018341357547367498,-0.0001601827769829034,13,1,False,0.20154094696044922
MILD,PG 20:0_17:1,0,0.014984001647089818,0.01655037253383291,0.0015663708867430914,9,5,True,0.20205001533031464
MILD,PG 20:0_17:1,1,3.440007627153877,3.460903136239135,0.02089550908525828,13,4,True,0.20783906802535057
MILD,PG 20:0_17:1,2,0.0185015403243504,0.019580994405509988,0.0010794540811595865,7,8,True,0.19933351129293442
MILD,PG 20:1_18:3,0,0.014984001647089818,0.014984001647089719,-9.8879238130678e-17,6,7,True,0.2124476358294487
MILD,PG 20:1_18:3,1,3.440007627153877,3.441398843375265,0.0013912162213882695,9,3,True,0.2171693630516529
MILD,PG 20:1_18:3,2,0.0185015403243504,0.01850154032434765,-2.751271432899216e-15,9,5,True,0.21481843292713165
MILD,PG 20:2_18:3,0,0.014984001647089818,0.013671826723671295,-0.0013121749234185232,7,4,True,0.21398459374904633
MILD,PG 20:2_18:3,1,3.440007627153877,3.4405425548246513,0.0005349276707744544,7,5,True,0.20735840126872063
MILD,PG 20:2_18:3,2,0.0185015403243504,0.018066947661898473,-0.00043459266245192765,8,3,True,0.20541878789663315
MILD,PS 14:0_20:0,0,0.014984001647089818,0.014862021714205458,-0.00012197993288435953,17,9,True,0.21701852977275848
MILD,PS 14:0_20:0,1,3.440007627153877,3.4400076271538778,8.881784197001252e-16,12,14,True,0.20917515829205513
MILD,PS 14:0_20:0,2,0.0185015403243504,0.018506806030352686,5.2657060022852364e-06,20,3,True,0.19558458775281906
MILD,PS 14:0_20:1,0,0.014984001647089818,0.020686678047474504,0.005702676400384686,14,6,True,0.2029874473810196
MILD,PS 14:0_20:1,1,3.440007627153877,3.3950259406893095,-0.04498168646456735,8,12,True,0.19681694358587265
MILD,PS 14:0_20:1,2,0.0185015403243504,0.019195793301316967,0.000694252976966566,18,3,True,0.19384154677391052
MILD,PS 14:0_22:3,0,0.014984001647089818,0.014587868637080042,-0.0003961330100097759,17,5,True,0.21337470412254333
MILD,PS 14:0_22:3,1,3.440007627153877,3.439504207628058,-0.0005034195258186713,10,9,True,0.20279215648770332
MILD,PS 14:0_22:3,2,0.0185015403243504,0.01850154032435134,9.402201239794294e-16,10,8,True,0.2039559856057167
MILD,PS 14:0_22:4,0,0.014984001647089818,0.014984099997635862,9.835054604404037e-08,16,5,True,0.21297739818692207
MILD,PS 14:0_22:4,1,3.440007627153877,3.4400076271538778,8.881784197001252e-16,12,9,True,0.2108178436756134
MILD,PS 14:0_22:4,2,0.0185015403243504,0.0185015403243504,0.0,13,7,True,0.2104315645992756
MILD,PS 16:0_18:0,0,0.014984001647089818,0.015843122652013576,0.0008591210049237585,19,5,True,0.19349348917603493
MILD,PS 16:0_18:0,1,3.440007627153877,3.4459876997366896,0.0059800725828127455,16,7,True,0.2097042240202427
MILD,PS 16:0_18:0,2,0.0185015403243504,0.007349974257403329,-0.011151566066947071,12,12,True,0.2033873200416565
MILD,PS 16:0_18:2,0,0.014984001647089818,0.015431277471629432,0.0004472758245396141,13,6,True,0.21091977506875992
MILD,PS 16:0_18:2,1,3.440007627153877,3.4400076271538778,8.881784197001252e-16,13,7,True,0.21001286804676056
MILD,PS 16:0_18:2,2,0.0185015403243504,0.01452886275409657,-0.003972677570253831,11,7,True,0.20407796278595924
MILD,PS 16:0_20:0,0,0.014984001647089818,0.014997223497676824,1.3221850587006104e-05,16,9,True,0.20865386724472046
MILD,PS 16:0_20:0,1,3.440007627153877,3.4400076271538778,8.881784197001252e-16,11,14,True,0.2124176286160946
MILD,PS 16:0_20:0,2,0.0185015403243504,0.018522278051457307,2.0737727106905773e-05,21,2,True,0.21615181118249893
MILD,PS 16:0_20:4,0,0.014984001647089818,0.01498400164708987,5.204170427930421e-17,15,4,True,0.21088922023773193
MILD,PS 16:0_20:4,1,3.440007627153877,3.43997151198554,-3.611516833679218e-05,12,6,True,0.2077176496386528
MILD,PS 16:0_20:4,2,0.0185015403243504,0.013658781694313456,-0.004842758630036945,9,9,True,0.20125730335712433
MILD,PS 16:1_18:1,0,0.014984001647089818,0.017513393726700813,0.002529392079610995,18,2,True,0.1994202509522438
MILD,PS 16:1_18:1,1,3.440007627153877,3.355649654839162,-0.08435797231471476,13,7,True,0.2000214122235775
MILD,PS 16:1_18:1,2,0.0185015403243504,0.018976274606439414,0.00047473428208901283,9,12,True,0.20110752061009407
MILD,PS 16:1_20:2,0,0.014984001647089818,0.02038574639123213,0.005401744744142312,16,4,True,0.19026945531368256
MILD,PS 16:1_20:2,1,3.440007627153877,3.4425859855549765,0.0025783584010996563,7,13,True,0.209237203001976
MILD,PS 16:1_20:2,2,0.0185015403243504,0.015501155747469603,-0.0030003845768807984,15,5,True,0.19830643758177757
MILD,PS 17:0_18:2,0,0.014984001647089818,0.014984001647089826,8.673617379884035e-18,10,9,True,0.20866401493549347
MILD,PS 17:0_18:2,1,3.440007627153877,3.5846923286230683,0.14468470146919143,22,0,False,0.20457100868225098
MILD,PS 17:0_18:2,2,0.0185015403243504,0.019735976548790585,0.0012344362244401837,6,13,True,0.20865250378847122
MILD,PS 18:0_18:0,0,0.014984001647089818,0.014868319430318064,-0.00011568221677175396,14,1,False,0.21215244010090828
MILD,PS 18:0_18:0,1,3.440007627153877,3.4351477050620973,-0.004859922091779545,10,4,True,0.20433304831385612
MILD,PS 18:0_18:0,2,0.0185015403243504,0.011865801576408508,-0.006635738747941893,5,10,True,0.20891067385673523
MILD,PS 18:0_18:1,0,0.014984001647089818,0.014804544664766533,-0.00017945698232328493,21,1,False,0.21746787056326866
MILD,PS 18:0_18:1,1,3.440007627153877,3.4400076271538778,8.881784197001252e-16,16,5,True,0.20935217291116714
MILD,PS 18:0_18:1,2,0.0185015403243504,0.017584718935866293,-0.0009168213884841077,6,16,True,0.1936822272837162
MILD,PS 18:0_18:2,0,0.014984001647089818,0.015859226896842694,0.0008752252497528767,15,3,True,0.2017827220261097
MILD,PS 18:0_18:2,1,3.440007627153877,3.4400076271538405,-3.6415315207705135e-14,14,3,True,0.21100205183029175
MILD,PS 18:0_18:2,2,0.0185015403243504,0.0185015403243504,0.0,3,13,True,0.20400142297148705
MILD,PS 18:1_18:1,0,0.014984001647089818,0.01768782933973902,0.0027038276926492025,15,1,False,0.2010226659476757
MILD,PS 18:1_18:1,1,3.440007627153877,3.488659349938125,0.04865172278424801,12,3,True,0.2039325162768364
MILD,PS 18:1_18:1,2,0.0185015403243504,0.0185015403243504,0.0,3,12,True,0.2067921981215477
MILD,PS 18:1_18:2,0,0.014984001647089818,0.019733062490987358,0.00474906084389754,19,3,True,0.20190142467617989
MILD,PS 18:1_18:2,1,3.440007627153877,3.4807067485619863,0.040699121408109384,22,1,False,0.20258744433522224
MILD,PS 18:1_18:2,2,0.0185015403243504,0.0185015403243504,0.0,1,20,False,0.20361949503421783
MILD,PS 18:2_18:2,0,0.014984001647089818,0.015577210307116835,0.000593208660027017,11,3,True,0.20801681652665138
MILD,PS 18:2_18:2,1,3.440007627153877,3.4710776402473544,0.031070013093477566,16,0,False,0.20940636098384857
MILD,PS 18:2_18:2,2,0.0185015403243504,0.0185015403243504,0.0,1,13,False,0.20491810515522957
MILD,PS 20:0_16:1,0,0.014984001647089818,0.014984001647089825,6.938893903907228e-18,15,6,True,0.21062196791172028
MILD,PS 20:0_16:1,1,3.440007627153877,3.4400076271538778,8.881784197001252e-16,6,15,True,0.211868267506361
MILD,PS 20:0_16:1,2,0.0185015403243504,0.0185015403243504,0.0,19,1,False,0.2066798210144043
