severity,dataset_id,lipid_name,K,replicate,state,X_hat,rho_zero,cone_isolation,max_fragment_cosine,collective_gain,abundance_multiplier,full_spectral_change,fragment_spectral_change,achieved_dropout_rate
MILD,MILD__HOLD_R1_K050,PA 18:0_22:2,50,R1,filter_loss,0.016280349617732195,0.0,0.27393752390511106,0.8394493239810369,0.36260158405766385,0.6170676298438253,0.0031467721020281836,0.001963496628401451,0.05333333333333334
MILD,MILD__HOLD_R1_K050,PA 18:0_22:4,50,R1,retained_true,0.011082224707146012,2.2384048409275023e-05,0.18925162859522815,0.8691673191165914,0.31323723028330897,0.5,0.0052424423533639075,0.005220284092495531,0.04878048780487805
MILD,MILD__HOLD_R1_K050,PA 18:0_24:1,50,R1,retained_true,0.014230274139888786,2.066023636131461e-05,0.3334734584306543,0.8793255202210899,0.22349976674487387,0.689110922829001,0.0006864036053716438,0.000725562654723011,0.05970149253731343
MILD,MILD__HOLD_R1_K050,PA 18:1_22:1,50,R1,retained_true,0.027037651458308068,9.688742215438164e-05,0.46175873097333114,0.9022714644699661,0.2905844069806663,0.7303443264893795,0.00041288798704874896,0.0012335033041256382,0.05405405405405406
MILD,MILD__HOLD_R1_K050,PA 20:0_20:4,50,R1,filter_loss,0.0066063670465129525,2.672196006916701e-06,0.1645114953783594,0.8957566529041909,0.3424625013635971,0.7303443264893795,0.0275152521851324,0.02927579501551658,0.0449438202247191
MILD,MILD__HOLD_R1_K050,PA 20:1_20:1,50,R1,filter_loss,0.008205468275603369,3.215347267579833e-06,0.4231895167566119,0.9753576763078726,0.3291536211973855,0.5,0.0010118669186879314,0.002037990335239992,0.06818181818181818
MILD,MILD__HOLD_R1_K050,PA 20:1_22:1,50,R1,retained_true,0.027929541473225006,0.00013128731616497146,0.48292710886676304,0.8982874947005188,0.22073574264275386,0.7802037075442214,0.018562907982432097,0.02491796284808878,0.07894736842105263
MILD,MILD__HOLD_R1_K050,PA 22:1_18:2,50,R1,retained_true,0.049611011517268794,0.00032287513521275134,0.3672416022212644,0.8804726866933393,0.42728280324989093,2.0,0.006605096516895115,0.006326827710238514,0.02702702702702703
MILD,MILD__HOLD_R1_K050,PA 22:1_20:2,50,R1,retained_true,0.04154374302651746,0.0003413803182512855,0.43337633237958284,0.8789327040599717,0.27097424872123554,2.0,0.0080624691981116,0.011981980213494614,0.04
MILD,MILD__HOLD_R1_K050,PA 22:1_20:3,50,R1,retained_true,0.015489621250886956,9.4935801190156e-05,0.47201880717776407,0.8266719825061805,0.24944586960093668,0.5340342571614348,0.010869264824328262,0.012492854571788947,0.05194805194805195
MILD,MILD__HOLD_R1_K050,PA 22:6_22:6,50,R1,retained_true,0.052788080827182386,0.0025215283959954056,0.5618631902016936,0.691000163096786,0.18635717808006635,2.0,0.00917253164779075,0.009477089595620991,0.0625
MILD,MILD__HOLD_R1_K050,PC 14:0_20:4,50,R1,retained_true,0.024843619377382,0.0007240128838356756,0.6036768381098416,0.7745273553735048,0.030942368542241527,0.7802037075442214,0.0018490512821154326,0.0018224172135786754,0.012048192771084338
MILD,MILD__HOLD_R1_K050,PC 16:1_18:1,50,R1,retained_true,0.04831776867093783,4.6791699396910564e-05,0.3710824945274597,0.6900215947371616,0.3528311199198995,2.0,0.005740128810954093,0.005740337720885114,0.06521739130434782
MILD,MILD__HOLD_R1_K050,PC 20:0_14:1,50,R1,filter_loss,0.018858170284672675,1.1803156405601597e-05,0.593367589246976,0.47707361889437966,0.2851238976272237,0.6170676298438253,0.002188794125086768,0.0021900445777822686,0.05333333333333334
MILD,MILD__HOLD_R1_K050,PE 16:0_22:1,50,R1,retained_true,0.03134065783963725,3.0134354793949973e-05,0.20454583643989277,0.8508967724619106,0.32715941021570594,1.4538436095675817,0.0026095936024855826,0.0026208471119697485,0.09259259259259259
MILD,MILD__HOLD_R1_K050,PE 16:0_22:2,50,R1,retained_true,0.025309739107499833,4.2483496007997045e-05,0.1886425381510025,0.8572487991575071,0.3301179135196991,2.0,0.0008072029675337822,0.0008077406273154786,0.017543859649122806
MILD,MILD__HOLD_R1_K050,PE 16:0_24:5,50,R1,filter_loss,0.01481336933159009,1.6004753764612977e-05,0.21271686018449112,0.9348240213453116,0.1546244672974381,0.5,0.001921353681188731,0.001875379517050746,0.06896551724137931
MILD,MILD__HOLD_R1_K050,PE 16:1_22:1,50,R1,retained_true,0.027050248408161306,2.5533586244276686e-05,0.29634414058106057,0.6962164662208943,0.4407404219699385,1.0000000000000002,0.00808124486543349,0.008570132244739348,0.05660377358490566
MILD,MILD__HOLD_R1_K050,PE 16:1_22:4,50,R1,filter_loss,0.002435520194614692,0.0,0.11707440620301834,0.9872300880237134,0.16084900498979865,0.5,0.0007842304184302318,0.0007842322844462402,0.031746031746031744
MILD,MILD__HOLD_R1_K050,PE 17:0_20:0,50,R1,filter_loss,0.014269359718087129,7.470564105484627e-06,0.2698075638945543,0.9206618024583055,0.26327938903853587,0.5,0.001887741959508804,0.0017402936546969672,0.07936507936507936
MILD,MILD__HOLD_R1_K050,PE 17:0_22:6,50,R1,retained_true,0.034389324940503736,0.000371595546520253,0.31244709118745745,0.8271838267520604,0.30433218821543645,2.0,0.017611707508774055,0.01838682715755835,0.12121212121212122
MILD,MILD__HOLD_R1_K050,PE 18:3_20:4,50,R1,filter_loss,0.00882232491257398,1.0555882347216024e-05,0.15717262060050777,0.9796724074104938,0.3020809046376558,0.5,0.006280647038709897,0.0062955661135006835,0.04054054054054054
MILD,MILD__HOLD_R1_K050,PE 20:1_20:3,50,R1,retained_true,0.01505450310493902,2.295217566430358e-05,0.15409170574418976,0.9673598800301968,0.13448997604329319,1.2101381550740857,0.000491030613383403,0.000468651826536548,0.03773584905660377
MILD,MILD__HOLD_R1_K050,PE 20:3_20:3,50,R1,filter_loss,0.024426517752255832,1.6794154392520692e-05,0.11972298568219342,0.9884825101246301,0.06004173901205881,1.0000000000000002,0.00048032041794177083,0.0004712716755622681,0.0
MILD,MILD__HOLD_R1_K050,PE 22:0_16:1,50,R1,retained_true,0.049820251005491326,0.00044420742223988505,0.4791490094759039,0.8206488603123235,0.1992356350010589,2.0,0.004476879868959838,0.005136088122938753,0.0392156862745098
MILD,MILD__HOLD_R1_K050,PE O-16:0_22:4,50,R1,filter_loss,0.02161838913497431,1.5050116255099619e-05,0.21233553953653375,0.9788297262879938,0.0525446422437508,2.0,0.0004060403474748231,0.00041840104713342097,0.0
MILD,MILD__HOLD_R1_K050,PE O-16:0_22:5,50,R1,retained_true,0.04416252887356885,0.00026224697349980464,0.2748935194643735,0.9595548171321114,0.1397678816901211,2.0,0.00038394355007931313,0.0002964901617497073,0.0
MILD,MILD__HOLD_R1_K050,PE O-16:1_24:0,50,R1,retained_true,0.013811873890062946,0.00012368707238144235,0.6719956962672089,0.7350890401757907,0.07613711984283755,0.5,0.001067432937777557,0.0006814609391118109,0.03571428571428571
MILD,MILD__HOLD_R1_K050,PE O-16:1_24:5,50,R1,filter_loss,0.029449551085810835,1.187541353283428e-05,0.34567378912555613,0.9348240213453116,0.021667538356373084,0.8939526432607221,0.0025190919169711945,0.0024780282091372285,0.05555555555555555
MILD,MILD__HOLD_R1_K050,PE O-18:0_20:2,50,R1,filter_loss,0.009383566394335366,9.716098667971249e-06,0.24588669439016053,0.9868742659860326,0.06594469017151477,0.689110922829001,0.0019601050080191307,0.0005584465070473943,0.0
MILD,MILD__HOLD_R1_K050,PE O-18:0_22:3,50,R1,filter_loss,0.007569015512705137,5.581391618691536e-06,0.17092763078541914,0.9848176901850096,0.13210834735563867,0.8939526432607221,0.0008456161502210513,0.0005473704997376316,0.125
MILD,MILD__HOLD_R1_K050,PE O-18:1_20:3,50,R1,filter_loss,0.02232117560093485,2.1784220310415044e-18,0.17248031845796863,0.9828895828332406,0.04325030597265456,0.5,0.001199120320281133,0.001173666927543504,0.09090909090909091
MILD,MILD__HOLD_R1_K050,PE O-18:3_20:3,50,R1,filter_loss,0.030621026114922255,1.4117820655129937e-05,0.14272429629361114,0.9852235586914223,0.03704042840064109,2.0,0.0009088682263856951,0.0009038504168767947,0.0
MILD,MILD__HOLD_R1_K050,PE O-18:3_22:5,50,R1,retained_true,0.03646048120826178,7.859639487783059e-05,0.24245622912169137,0.9538166594574129,0.08542067730299038,2.0,0.000300097893669804,0.0002976237770843104,0.0
MILD,MILD__HOLD_R1_K050,PE O-20:1_18:2,50,R1,retained_true,0.05191896495752613,0.00013760418456054886,0.4351737905876049,0.9895861653945057,0.1319467591106363,2.0,0.00023551375914476758,0.0002665464533165851,0.030303030303030304
MILD,MILD__HOLD_R1_K050,PE O-20:3_20:4,50,R1,filter_loss,0.020120365498315532,5.905080864163404e-06,0.2145730867610224,0.9824124426110163,0.03143893515640733,1.4538436095675817,0.0030017567410796087,0.002117635277798957,0.021739130434782608
MILD,MILD__HOLD_R1_K050,PE O-22:1_18:2,50,R1,retained_true,0.052010265880355816,0.000392270378236905,0.3303710154344505,0.9888056550432852,0.337294176164278,2.0,0.001060120048168356,0.0004618266693974249,0.0
MILD,MILD__HOLD_R1_K050,PG 14:0_20:0,50,R1,filter_loss,0.013629911868673811,1.4505761486835506e-05,0.7233219574944608,0.7740328453451822,0.0781368584247818,0.5,6.341122825315182e-05,0.0008465325861760631,0.05
MILD,MILD__HOLD_R1_K050,PG 14:0_22:0,50,R1,filter_loss,0.008986777950593347,4.950959161457965e-18,0.39347230654553556,0.7936099239641267,0.021497958044986498,0.5,6.010538475131888e-05,0.004721999882481787,0.0125
MILD,MILD__HOLD_R1_K050,PG 16:0_22:4,50,R1,filter_loss,0.050261859268541265,2.819134693899532e-06,0.20371874124768685,0.9923755383909935,0.44339453837236364,1.0760213163243861,0.006204517917372199,0.004482035888584646,0.034482758620689655
MILD,MILD__HOLD_R1_K050,PG 16:1_22:3,50,R1,filter_loss,0.03884035815824931,1.1232774179148103e-05,0.23838939494724698,0.9816952449555878,0.29010776373355207,1.8682084992203376,0.0029689467587183938,0.011172064022184958,0.046511627906976744
MILD,MILD__HOLD_R1_K050,PG 17:0_18:2,50,R1,retained_true,0.056952695042252734,0.00026338503531363183,0.3764851143957298,0.9263229165510191,0.3987025973319038,1.8682084992203376,0.008230647100060384,0.016439132142790913,0.021505376344086023
MILD,MILD__HOLD_R1_K050,PG 18:0_18:1,50,R1,filter_loss,0.018786264298283863,5.672340044144014e-07,0.22385302590484416,0.857321011866293,0.5499702514118422,1.2101381550740857,0.009484848876495366,0.014209638457357121,0.06329113924050633
MILD,MILD__HOLD_R1_K050,PG 18:2_20:2,50,R1,filter_loss,0.05070034521289651,1.3393340800456635e-05,0.26810270421335247,0.9325718345250835,0.2603944544674466,2.0,7.151403581784344e-05,0.0005881280192069349,0.0898876404494382
MILD,MILD__HOLD_R1_K050,PG 20:1_18:3,50,R1,retained_true,0.02145330974965125,3.386828921790578e-05,0.23811465068961957,0.9659907277452849,0.39065317821122125,1.0760213163243861,0.003301798627939889,0.0014211657860777605,0.013333333333333334
MILD,MILD__HOLD_R1_K050,PS 16:0_20:3,50,R1,filter_loss,0.009972800815231405,1.4154987995689464e-05,0.31718607034211305,0.6379581944357362,0.2271159539431486,0.5,0.024743180600422243,0.0532754581349153,0.02631578947368421
MILD,MILD__HOLD_R1_K050,PS 16:1_20:4,50,R1,retained_true,0.06276526641092971,0.004864130800649316,0.6316414058973379,0.55604981646135,0.12364708441998395,2.0,0.0006250680690788046,0.0006367104023839998,0.05128205128205128
MILD,MILD__HOLD_R1_K050,PS 17:0_18:1,50,R1,retained_true,0.017424041175738366,0.00022391119205628822,0.6537549379034493,0.5358578664393875,0.1898482402281083,0.5,0.00248721638376892,0.002491653810229977,0.0410958904109589
MILD,MILD__HOLD_R1_K050,PS 18:0_18:3,50,R1,retained_true,0.060673468525043274,0.0031465559837107297,0.5738266720137706,0.6379581944357362,0.264601068755451,2.0,0.001516310654012143,0.0014631946069058044,0.06666666666666667
MILD,MILD__HOLD_R1_K050,PS 18:1_18:3,50,R1,retained_true,0.015401470654925083,0.00018483331490411182,0.6381277857367744,0.5253007492314473,0.23640738012806917,0.5340342571614348,0.002803569105580772,0.0028337271763367866,0.046875
MILD,MILD__HOLD_R1_K125,PA 16:0_24:1,125,R1,filter_loss,0.01990630780599843,1.7005824329549804e-05,0.5504804076642431,0.883487638633687,0.19595790828137805,2.0,0.0018129815710938857,0.0005478222759552898,0.017857142857142856
MILD,MILD__HOLD_R1_K125,PA 18:0_22:0,125,R1,filter_loss,0.018675325376573813,2.172685042113538e-07,0.3381799302246325,0.7789494468002593,0.44534403487199864,1.4538436095675817,0.0011921075225009847,0.0013569185606716605,0.05405405405405406
MILD,MILD__HOLD_R1_K125,PA 18:0_22:2,125,R1,filter_loss,0.0028324232696271194,0.0,0.27393752390511106,0.8394493239810369,0.36260158405766385,0.6170676298438253,0.0031467721020281836,0.001963496628401451,0.05333333333333334
MILD,MILD__HOLD_R1_K125,PA 18:0_22:4,125,R1,filter_loss,0.010112276600849464,7.541255914068034e-08,0.18925162859522815,0.8691673191165914,0.31323723028330897,0.5,0.0052424423533639075,0.005220284092495531,0.04878048780487805
MILD,MILD__HOLD_R1_K125,PA 18:0_24:1,125,R1,filter_loss,0.01269780837362195,0.0,0.3334734584306543,0.8793255202210899,0.22349976674487387,0.689110922829001,0.0006864036053716438,0.000725562654723011,0.05970149253731343
MILD,MILD__HOLD_R1_K125,PA 18:0_24:5,125,R1,filter_loss,0.002280116019237437,3.5657577997146777e-07,0.1609179673339711,0.923167578011941,0.23175005437601462,0.5,0.0008635904598484068,0.0008511644063095014,0.025
MILD,MILD__HOLD_R1_K125,PA 18:1_22:1,125,R1,filter_loss,0.01526473976961639,6.07769345655824e-07,0.46175873097333114,0.9022714644699661,0.2905844069806663,0.7303443264893795,0.00041288798704874896,0.0012335033041256382,0.05405405405405406
MILD,MILD__HOLD_R1_K125,PA 18:1_22:3,125,R1,retained_true,0.021803503119704193,2.1790046214914186e-05,0.26035456632127724,0.8639124793194024,0.33467634555443054,2.0,0.0026888722371033458,0.002139123678131294,0.03896103896103896
MILD,MILD__HOLD_R1_K125,PA 18:1_22:4,125,R1,filter_loss,0.010388425836025552,2.43089720330754e-06,0.23118051955905902,0.7349039762795926,0.45741325188581883,2.0,0.004805814183295842,0.004868951904925756,0.024096385542168676
MILD,MILD__HOLD_R1_K125,PA 18:1_24:4,125,R1,filter_loss,0.005397619648318134,1.0860634265516648e-08,0.2590661626283403,0.770029563231097,0.383684973635327,0.5,0.0010838412905258554,0.0010729791287783508,0.058823529411764705
MILD,MILD__HOLD_R1_K125,PA 20:0_20:3,125,R1,filter_loss,0.010290623760603305,0.0,0.28594755195446475,0.8048190171061798,0.4076195370011738,1.4538436095675817,0.008036960110991642,0.00976471434619064,0.07317073170731707
MILD,MILD__HOLD_R1_K125,PA 20:0_20:4,125,R1,filter_loss,0.004383948834767839,6.368044026211931e-07,0.1645114953783594,0.8957566529041909,0.3424625013635971,0.7303443264893795,0.0275152521851324,0.02927579501551658,0.0449438202247191
MILD,MILD__HOLD_R1_K125,PA 20:0_22:1,125,R1,filter_loss,0.008482494089252134,0.0,0.3017443733307278,0.7600275012777736,0.3861256918000734,0.689110922829001,0.003709424811556894,0.003737143717409519,0.025974025974025976
MILD,MILD__HOLD_R1_K125,PA 20:0_22:4,125,R1,filter_loss,0.006395962945340896,1.1344599158996254e-07,0.241048023112079,0.8303328039494347,0.3429309669132585,0.5,0.060892874707397016,0.06298741883866765,0.046511627906976744
MILD,MILD__HOLD_R1_K125,PA 20:1_20:1,125,R1,filter_loss,0.010400101062352689,1.2879315577781035e-06,0.4231895167566119,0.9753576763078726,0.3291536211973855,0.5,0.0010118669186879314,0.002037990335239992,0.06818181818181818
MILD,MILD__HOLD_R1_K125,PA 20:1_22:1,125,R1,filter_loss,0.009121544817927534,1.188134680425828e-05,0.48292710886676304,0.8982874947005188,0.22073574264275386,0.7802037075442214,0.018562907982432097,0.02491796284808878,0.07894736842105263
MILD,MILD__HOLD_R1_K125,PA 20:1_22:3,125,R1,filter_loss,0.009594244301630172,1.6420458826358153e-07,0.33476954438953394,0.8781031661032047,0.24658711409645712,1.8682084992203376,0.018403108017956193,0.021063832308081065,0.06329113924050633
MILD,MILD__HOLD_R1_K125,PA 20:1_22:6,125,R1,filter_loss,0.013714934355954861,4.870452176139416e-07,0.23670331410171605,0.9753576763078726,0.2468565478982028,1.0760213163243861,0.0025643340536040116,0.0025700567332332946,0.06172839506172839
MILD,MILD__HOLD_R1_K125,PA 20:4_22:4,125,R1,filter_loss,0.006478292826576293,1.3897011590712134e-05,0.48634054946811606,0.6664725514235691,0.28586225820427874,0.5,0.014403718647744035,0.015260405212573436,0.03225806451612903
MILD,MILD__HOLD_R1_K125,PA 22:0_20:1,125,R1,retained_true,0.010977134101451009,2.2685470384439533e-05,0.4020166500263304,0.8495611434984474,0.2527636987135384,1.0760213163243861,0.01593733933205499,0.018926282928069638,0.04
MILD,MILD__HOLD_R1_K125,PA 22:0_20:4,125,R1,retained_true,0.019516223856716176,1.9183423056626785e-05,0.4550397992700734,0.7513055221510871,0.3384293666283728,2.0,0.0023387656878122165,0.0024800429863981455,0.04819277108433735
MILD,MILD__HOLD_R1_K125,PA 22:1_18:2,125,R1,retained_true,0.025257437730389933,3.0335107285614725e-05,0.3672416022212644,0.8804726866933393,0.42728280324989093,2.0,0.006605096516895115,0.006326827710238514,0.02702702702702703
MILD,MILD__HOLD_R1_K125,PA 22:1_20:2,125,R1,filter_loss,0.01258659599655389,1.6356708437132637e-05,0.43337633237958284,0.8789327040599717,0.27097424872123554,2.0,0.0080624691981116,0.011981980213494614,0.04
MILD,MILD__HOLD_R1_K125,PA 22:1_20:3,125,R1,retained_true,0.02078629415999544,5.8236737569763345e-05,0.47201880717776407,0.8266719825061805,0.24944586960093668,0.5340342571614348,0.010869264824328262,0.012492854571788947,0.05194805194805195
MILD,MILD__HOLD_R1_K125,PA 22:1_20:5,125,R1,filter_loss,0.006103345402630978,1.9717981086983505e-06,0.35373566324826666,0.8941830868357824,0.2306843778836697,0.5,0.0036393607382263493,0.003952696241691589,0.025
MILD,MILD__HOLD_R1_K125,PA 22:5_22:5,125,R1,filter_loss,0.007615711809709056,6.568840129258542e-07,0.37471749963267753,0.9264320052062154,0.08562930665407442,0.8939526432607221,0.05654517952012661,0.05902033614793045,0.10869565217391304
MILD,MILD__HOLD_R1_K125,PA 22:6_22:6,125,R1,retained_true,0.022391334918239986,0.0001576343637581738,0.5618631902016936,0.691000163096786,0.18635717808006635,2.0,0.00917253164779075,0.009477089595620991,0.0625
MILD,MILD__HOLD_R1_K125,PA 24:1_18:2,125,R1,retained_true,0.019209360282663412,2.560234312144782e-05,0.416531063009088,0.7481851339902038,0.35294871355264307,1.0000000000000002,0.0021331576615825076,0.0017595765424679444,0.045454545454545456
MILD,MILD__HOLD_R1_K125,PC 14:0_20:4,125,R1,retained_true,0.011810391552245569,0.00013724977571487465,0.6036768381098416,0.7745273553735048,0.030942368542241527,0.7802037075442214,0.0018490512821154326,0.0018224172135786754,0.012048192771084338
MILD,MILD__HOLD_R1_K125,PC 14:1_20:1,125,R1,retained_true,0.01908206092011702,6.35207015099045e-05,0.4158486366407816,0.6900215947371616,0.30806497780657766,2.0,0.0002922287015207914,0.00029117252372179436,0.012987012987012988
MILD,MILD__HOLD_R1_K125,PC 16:0_18:0,125,R1,filter_loss,0.00981558512060011,4.45292863837712e-06,0.49212912704514206,0.6471130837014081,0.2680149501547328,0.7802037075442214,0.004063515546806951,0.004072487376110989,0.07058823529411765
MILD,MILD__HOLD_R1_K125,PC 16:0_18:1,125,R1,filter_loss,0.003413733413443726,9.462868843164007e-07,0.3986166534022413,0.6482926248318512,0.4109027795617344,0.5340342571614348,0.002719818573634347,0.002719800540087247,0.11594202898550725
MILD,MILD__HOLD_R1_K125,PC 16:1_18:1,125,R1,filter_loss,0.02751710664843319,1.0674727287486249e-18,0.3710824945274597,0.6900215947371616,0.3528311199198995,2.0,0.005740128810954093,0.005740337720885114,0.06521739130434782
MILD,MILD__HOLD_R1_K125,PC 16:1_18:2,125,R1,retained_true,0.029020844509166494,6.904937450086854e-05,0.6451321224456396,0.494520891089959,0.2246564065829395,2.0,0.07762520620459001,0.07763217030105019,0.06666666666666667
MILD,MILD__HOLD_R1_K125,PC 20:0_14:1,125,R1,filter_loss,0.012989845096393417,1.1239607936414385e-06,0.593367589246976,0.47707361889437966,0.2851238976272237,0.6170676298438253,0.002188794125086768,0.0021900445777822686,0.05333333333333334
MILD,MILD__HOLD_R1_K125,PE 16:0_22:1,125,R1,filter_loss,0.009317245828956338,2.0683399611798422e-06,0.20454583643989277,0.8508967724619106,0.32715941021570594,1.4538436095675817,0.0026095936024855826,0.0026208471119697485,0.09259259259259259
MILD,MILD__HOLD_R1_K125,PE 16:0_22:2,125,R1,filter_loss,0.006971759851259487,0.0,0.1886425381510025,0.8572487991575071,0.3301179135196991,2.0,0.0008072029675337822,0.0008077406273154786,0.017543859649122806
MILD,MILD__HOLD_R1_K125,PE 16:0_24:5,125,R1,filter_loss,0.0013071817107137308,4.073855635877287e-06,0.21271686018449112,0.9348240213453116,0.1546244672974381,0.5,0.001921353681188731,0.001875379517050746,0.06896551724137931
MILD,MILD__HOLD_R1_K125,PE 16:0_24:6,125,R1,filter_loss,0.028627070562294164,1.480136049635485e-05,0.354462542162506,0.9120817497666402,0.1077393979106176,2.0,0.012594339890680706,0.012384383975249547,0.04838709677419355
MILD,MILD__HOLD_R1_K125,PE 16:1_22:1,125,R1,filter_loss,0.012139887735353743,1.3356845825354595e-06,0.29634414058106057,0.6962164662208943,0.4407404219699385,1.0000000000000002,0.00808124486543349,0.008570132244739348,0.05660377358490566
MILD,MILD__HOLD_R1_K125,PE 16:1_22:4,125,R1,solver_miss,0.0002554064658334808,,0.11707440620301834,0.9872300880237134,0.16084900498979865,0.5,0.0007842304184302318,0.0007842322844462402,0.031746031746031744
MILD,MILD__HOLD_R1_K125,PE 17:0_20:0,125,R1,solver_miss,0.0008088860432209753,,0.2698075638945543,0.9206618024583055,0.26327938903853587,0.5,0.001887741959508804,0.0017402936546969672,0.07936507936507936
MILD,MILD__HOLD_R1_K125,PE 17:0_22:4,125,R1,filter_loss,0.00942296930175848,2.679591783392265e-06,0.16492324087593133,0.9518068384474951,0.1688292372948361,1.0000000000000002,0.003262250096318753,0.003098515234440602,0.04411764705882353
MILD,MILD__HOLD_R1_K125,PE 17:0_22:5,125,R1,retained_true,0.017876286703328425,3.735683515716341e-05,0.20553202250395822,0.9211023236447361,0.22285151703158326,2.0,0.0012394890093427868,0.0012522411101744124,0.030303030303030304
MILD,MILD__HOLD_R1_K125,PE 17:0_22:6,125,R1,retained_true,0.018222760054306356,4.4256974153121346e-05,0.31244709118745745,0.8271838267520604,0.30433218821543645,2.0,0.017611707508774055,0.01838682715755835,0.12121212121212122
MILD,MILD__HOLD_R1_K125,PE 17:1_20:1,125,R1,filter_loss,0.0038026432272760032,5.667624230795436e-06,0.2809048613188857,0.9726361074886047,0.3272746898881621,0.7802037075442214,0.0022883291685498186,0.0024144226540380176,0.08196721311475409
MILD,MILD__HOLD_R1_K125,PE 17:1_20:3,125,R1,filter_loss,0.00818061790350249,1.6783815553609345e-06,0.17058675100295786,0.9942019114139844,0.23344250644858108,0.5,0.0217430849925212,0.02209873193679912,0.1
MILD,MILD__HOLD_R1_K125,PE 17:1_22:5,125,R1,filter_loss,0.01488362134015826,4.698832980463377e-06,0.1734421065443991,0.9209267513286628,0.23190880091119995,0.5,0.0016810239978535257,0.0016830515975861937,0.06349206349206349
MILD,MILD__HOLD_R1_K125,PE 17:1_22:6,125,R1,filter_loss,0.012080218546117636,6.9828009856958096e-06,0.2805102678681988,0.8065738667783828,0.34444630313629093,1.2101381550740857,0.0021298269298372086,0.002090265847873085,0.1111111111111111
MILD,MILD__HOLD_R1_K125,PE 18:0_20:3,125,R1,filter_loss,0.0045274046303800455,1.1670529040215107e-07,0.19168425851262216,0.9604368385083139,0.1400403915099126,0.6170676298438253,0.00019942539037831608,0.0002018506253916863,0.03125
MILD,MILD__HOLD_R1_K125,PE 18:0_20:5,125,R1,filter_loss,0.021692950970920562,1.0030449782376451e-05,0.4239120961696826,0.9850297730134422,0.320123235599173,2.0,0.0011396559714325072,0.0011919672869405984,0.02666666666666667
MILD,MILD__HOLD_R1_K125,PE 18:1_20:2,125,R1,filter_loss,0.0021036580033775986,1.248315645962662e-06,0.23433578314102768,0.9251187567839819,0.20375319449318544,0.7303443264893795,0.0008310407557433619,0.00014275590517265346,0.014285714285714285
MILD,MILD__HOLD_R1_K125,PE 18:1_22:3,125,R1,solver_miss,4.9821685374163235e-08,,0.10400557506001402,0.9605256779361461,0.1742934444820513,0.7802037075442214,0.0035822472545240513,0.0035823397963168357,0.058823529411764705
MILD,MILD__HOLD_R1_K125,PE 18:2_20:2,125,R1,filter_loss,0.00792172788330083,1.4067489556004625e-06,0.18632332063996887,0.930785287256962,0.4829206823131476,2.0,0.0008037372846143587,0.0008063023806984537,0.028985507246376812
MILD,MILD__HOLD_R1_K125,PE 18:3_20:4,125,R1,filter_loss,0.005372844420689148,9.923661756573162e-07,0.15717262060050777,0.9796724074104938,0.3020809046376558,0.5,0.006280647038709897,0.0062955661135006835,0.04054054054054054
MILD,MILD__HOLD_R1_K125,PE 20:0_20:3,125,R1,filter_loss,0.00719610159209459,2.1413069082321677e-06,0.23032749244938702,0.9788474233762352,0.09767313679891157,1.0760213163243861,0.021471551927456423,0.022981147873066488,0.1206896551724138
MILD,MILD__HOLD_R1_K125,PE 20:1_18:2,125,R1,filter_loss,0.009691803338536522,0.0,0.3477875659110764,0.8910754995054128,0.2892279401300275,0.5,0.0915750292343036,0.10181200158881287,0.07142857142857142
MILD,MILD__HOLD_R1_K125,PE 20:1_20:3,125,R1,filter_loss,0.003298139860149309,3.202627651273151e-06,0.15409170574418976,0.9673598800301968,0.13448997604329319,1.2101381550740857,0.000491030613383403,0.000468651826536548,0.03773584905660377
MILD,MILD__HOLD_R1_K125,PE 20:1_20:4,125,R1,filter_loss,0.0050887151066350556,2.4029059499078145e-07,0.22946614386916517,0.9422890778439277,0.1647009138898418,0.5,0.0011668996450705515,0.0009797108106910368,0.0410958904109589
MILD,MILD__HOLD_R1_K125,PE 20:1_20:5,125,R1,retained_true,0.029662762767835315,5.306402109175802e-05,0.3973599004661181,0.7993795604865694,0.33650437366671354,2.0,0.002105112367196016,0.0015876158792395012,0.06944444444444445
MILD,MILD__HOLD_R1_K125,PE 20:3_20:3,125,R1,filter_loss,0.014920068427860936,9.55727238516801e-07,0.11972298568219342,0.9884825101246301,0.06004173901205881,1.0000000000000002,0.00048032041794177083,0.0004712716755622681,0.0
MILD,MILD__HOLD_R1_K125,PE 20:4_20:5,125,R1,retained_true,0.02518319768445223,0.00012848359326191703,0.26664550336010406,0.7114621309435802,0.4744158758561441,2.0,0.0026647366186214327,0.0027472315274700287,0.01694915254237288
MILD,MILD__HOLD_R1_K125,PE 22:0_16:1,125,R1,retained_true,0.018577154545978077,1.765733279400047e-05,0.4791490094759039,0.8206488603123235,0.1992356350010589,2.0,0.004476879868959838,0.005136088122938753,0.0392156862745098
MILD,MILD__HOLD_R1_K125,PE O-16:0_22:4,125,R1,filter_loss,0.009245178413099974,7.503017925005169e-07,0.21233553953653375,0.9788297262879938,0.0525446422437508,2.0,0.0004060403474748231,0.00041840104713342097,0.0
MILD,MILD__HOLD_R1_K125,PE O-16:0_22:5,125,R1,filter_loss,0.018523053580812004,1.847976588426598e-06,0.2748935194643735,0.9595548171321114,0.1397678816901211,2.0,0.00038394355007931313,0.0002964901617497073,0.0
MILD,MILD__HOLD_R1_K125,PE O-16:1_24:0,125,R1,filter_loss,0.00681722340687179,2.626872133410898e-06,0.6719956962672089,0.7350890401757907,0.07613711984283755,0.5,0.001067432937777557,0.0006814609391118109,0.03571428571428571
MILD,MILD__HOLD_R1_K125,PE O-16:1_24:5,125,R1,filter_loss,0.017519162285061965,1.7791212145810415e-19,0.34567378912555613,0.9348240213453116,0.021667538356373084,0.8939526432607221,0.0025190919169711945,0.0024780282091372285,0.05555555555555555
MILD,MILD__HOLD_R1_K125,PE O-18:0_20:1,125,R1,filter_loss,0.006530522560450536,3.423837626971014e-07,0.318148671588633,0.9846847840318518,0.10986362796133797,0.8939526432607221,0.0001630039114796089,0.00017009481650798186,0.037037037037037035
MILD,MILD__HOLD_R1_K125,PE O-18:0_20:2,125,R1,filter_loss,0.0031260637735112014,9.862581335911822e-07,0.24588669439016053,0.9868742659860326,0.06594469017151477,0.689110922829001,0.0019601050080191307,0.0005584465070473943,0.0
MILD,MILD__HOLD_R1_K125,PE O-18:0_20:5,125,R1,filter_loss,0.012660288798104073,5.86810538321896e-07,0.6919909071159304,0.9215313010613547,0.1361896321849082,0.5,0.0038942866708165935,0.004027293005726573,0.02857142857142857
MILD,MILD__HOLD_R1_K125,PE O-18:0_22:3,125,R1,filter_loss,0.002651581407887537,0.0,0.17092763078541914,0.9848176901850096,0.13210834735563867,0.8939526432607221,0.0008456161502210513,0.0005473704997376316,0.125
MILD,MILD__HOLD_R1_K125,PE O-18:0_22:4,125,R1,filter_loss,0.018300446284737187,0.0,0.29140314574818993,0.9785214888337301,0.07223834193787476,0.5,0.00991779822923411,0.010948030972303235,0.06451612903225806
MILD,MILD__HOLD_R1_K125,PE O-18:0_22:6,125,R1,retained_true,0.028813735861964,0.00017502874115184815,0.5753436233533816,0.900438885889574,0.17868511941106635,2.0,0.000292360631166555,0.0004274430617627889,0.02857142857142857
MILD,MILD__HOLD_R1_K125,PE O-18:1_20:3,125,R1,filter_loss,0.008115876256657382,0.0,0.17248031845796863,0.9828895828332406,0.04325030597265456,0.5,0.001199120320281133,0.001173666927543504,0.09090909090909091
MILD,MILD__HOLD_R1_K125,PE O-18:1_20:5,125,R1,filter_loss,0.0032710829751440877,1.254111720038999e-07,0.5577857427715306,0.9215313010613547,0.19234784377749203,0.5340342571614348,0.004494611377175217,0.0021003523208922292,0.023809523809523808
MILD,MILD__HOLD_R1_K125,PE O-18:2_20:3,125,R1,filter_loss,0.0035041920788604457,0.0,0.15389249231375365,0.982213995160686,0.04157871249447814,0.7303443264893795,0.011902632343288366,0.01190551140071483,0.06060606060606061
MILD,MILD__HOLD_R1_K125,PE O-18:2_22:3,125,R1,filter_loss,0.016695401168833963,4.5936708509377473e-07,0.11689533016188987,0.986523537683374,0.04682821117393669,1.2101381550740857,0.00025152470337641564,0.00025152508544168395,0.06451612903225806
MILD,MILD__HOLD_R1_K125,PE O-18:2_22:4,125,R1,filter_loss,0.012167633944214445,1.9421308109995194e-08,0.14828595476682938,0.9790243416279218,0.05669129626843439,0.5,0.0006958109492893882,0.000691927852268126,0.02631578947368421
MILD,MILD__HOLD_R1_K125,PE O-18:2_22:5,125,R1,filter_loss,0.01842943574143846,1.8926987273492775e-08,0.26103860623460656,0.9522818262826038,0.09101743804944895,2.0,0.0005889830349302683,0.0005985797905463386,0.02564102564102564
MILD,MILD__HOLD_R1_K125,PE O-18:3_20:3,125,R1,filter_loss,0.024970111626340052,2.710576750549742e-07,0.14272429629361114,0.9852235586914223,0.03704042840064109,2.0,0.0009088682263856951,0.0009038504168767947,0.0
MILD,MILD__HOLD_R1_K125,PE O-18:3_22:3,125,R1,filter_loss,0.01777981611453437,5.337363643743124e-19,0.12439321564387905,0.986523537683374,0.03933032569194751,1.4538436095675817,0.00039330638137358154,0.000393316500170271,0.0967741935483871
MILD,MILD__HOLD_R1_K125,PE O-18:3_22:5,125,R1,filter_loss,0.02015746891769601,1.1603806226420196e-06,0.24245622912169137,0.9538166594574129,0.08542067730299038,2.0,0.000300097893669804,0.0002976237770843104,0.0
MILD,MILD__HOLD_R1_K125,PE O-20:0_20:2,125,R1,filter_loss,0.00332778268553615,0.0,0.3574277360579778,0.9885666181646524,0.13364990366733687,0.5,0.0013632549085536017,0.0008270848205020886,0.14814814814814814
MILD,MILD__HOLD_R1_K125,PE O-20:0_20:4,125,R1,filter_loss,0.009329897183336378,2.825951124718886e-06,0.526269032993801,0.9845400250879618,0.03802391643362135,0.8939526432607221,0.0021938309055087313,0.00017604092447076614,0.05263157894736842
MILD,MILD__HOLD_R1_K125,PE O-20:1_18:2,125,R1,filter_loss,0.02228383216703893,3.925086949518421e-06,0.4351737905876049,0.9895861653945057,0.1319467591106363,2.0,0.00023551375914476758,0.0002665464533165851,0.030303030303030304
MILD,MILD__HOLD_R1_K125,PE O-20:1_20:2,125,R1,filter_loss,0.017250360838416946,1.8093538411638892e-06,0.1653451175229508,0.9857697500316058,0.0657556111825639,2.0,0.022925236368650403,0.023326231185886726,0.03225806451612903
MILD,MILD__HOLD_R1_K125,PE O-20:1_20:3,125,R1,filter_loss,0.02414928524832964,1.297376909693408e-06,0.20156572631951045,0.9834038435158862,0.040391770192754556,1.8682084992203376,5.294427021595993e-05,2.361550169449611e-05,0.0
MILD,MILD__HOLD_R1_K125,PE O-20:3_20:3,125,R1,filter_loss,0.01775805749523099,2.302607859156367e-06,0.1678765453740962,0.9829060245747678,0.02838033431556483,2.0,0.0009170570347204476,0.0009176655325875416,0.11428571428571428
MILD,MILD__HOLD_R1_K125,PE O-20:3_20:4,125,R1,filter_loss,0.014366068602469247,1.199794362132374e-06,0.2145730867610224,0.9824124426110163,0.03143893515640733,1.4538436095675817,0.0030017567410796087,0.002117635277798957,0.021739130434782608
MILD,MILD__HOLD_R1_K125,PE O-22:1_18:2,125,R1,retained_true,0.022455962189599703,3.40960694078516e-05,0.3303710154344505,0.9888056550432852,0.337294176164278,2.0,0.001060120048168356,0.0004618266693974249,0.0
MILD,MILD__HOLD_R1_K125,PG 14:0_20:0,125,R1,filter_loss,0.008138816906121468,3.8811116422968626e-07,0.7233219574944608,0.7740328453451822,0.0781368584247818,0.5,6.341122825315182e-05,0.0008465325861760631,0.05
MILD,MILD__HOLD_R1_K125,PG 14:0_22:0,125,R1,filter_loss,0.00207154458130442,0.0,0.39347230654553556,0.7936099239641267,0.021497958044986498,0.5,6.010538475131888e-05,0.004721999882481787,0.0125
MILD,MILD__HOLD_R1_K125,PG 14:0_22:5,125,R1,filter_loss,0.007214119319074104,2.1887849388112055e-06,0.3916326572569566,0.8740294125875786,0.3151168353722158,0.6170676298438253,0.015233218820401295,0.028681124293445937,0.06976744186046512
MILD,MILD__HOLD_R1_K125,PG 14:0_24:4,125,R1,filter_loss,0.011468918960337736,2.0292503606989302e-06,0.2364766144017557,0.9336814199983869,0.409000174620185,1.0000000000000002,0.0003849632011037052,0.0011070667357394592,0.04819277108433735
MILD,MILD__HOLD_R1_K125,PG 16:0_18:0,125,R1,filter_loss,0.006953671468037443,1.026217237760642e-06,0.2730282086736678,0.7320003904966144,0.5284306072455749,0.5,0.006718608831998929,0.00921187438394766,0.05154639175257732
MILD,MILD__HOLD_R1_K125,PG 16:0_20:2,125,R1,filter_loss,0.016988348315613466,0.0,0.06404391649487126,0.9219327136957365,0.1380284242110617,1.8682084992203376,0.0001325419053186394,0.0004419274324660716,0.021739130434782608
MILD,MILD__HOLD_R1_K125,PG 16:0_20:5,125,R1,filter_loss,0.026018238579062682,5.743693561615782e-06,0.3586980333079263,0.7784577318028689,0.43367157561769326,2.0,0.0005535803503026182,0.0007745547809636655,0.03614457831325301
MILD,MILD__HOLD_R1_K125,PG 16:0_22:4,125,R1,filter_loss,0.023780069125978735,1.5159268671167753e-06,0.20371874124768685,0.9923755383909935,0.44339453837236364,1.0760213163243861,0.006204517917372199,0.004482035888584646,0.034482758620689655
MILD,MILD__HOLD_R1_K125,PG 16:0_22:6,125,R1,filter_loss,0.007546010643864513,4.34496847567523e-06,0.42771565508602566,0.9755490303044848,0.17342901101082447,0.5,0.0035863246382661362,0.005133708069018583,0.046511627906976744
MILD,MILD__HOLD_R1_K125,PG 16:1_20:1,125,R1,filter_loss,0.03216911716334732,2.140020811711711e-06,0.09626468926765062,0.9360510343034749,0.032094009427904344,0.689110922829001,0.00014154946035849214,0.02162659342799489,0.022727272727272728
MILD,MILD__HOLD_R1_K125,PG 16:1_22:3,125,R1,filter_loss,0.024919430729523514,1.6877659047942752e-06,0.23838939494724698,0.9816952449555878,0.29010776373355207,1.8682084992203376,0.0029689467587183938,0.011172064022184958,0.046511627906976744
MILD,MILD__HOLD_R1_K125,PG 16:1_22:5,125,R1,filter_loss,0.011495001251594798,3.983103025661524e-07,0.33527002658239174,0.9821921171688058,0.16525580723594785,1.2101381550740857,0.0013743626973785616,0.0016358418510322714,0.060240963855421686
MILD,MILD__HOLD_R1_K125,PG 17:0_18:2,125,R1,filter_loss,0.017909792396120568,1.374776483595879e-06,0.3764851143957298,0.9263229165510191,0.3987025973319038,1.8682084992203376,0.008230647100060384,0.016439132142790913,0.021505376344086023
MILD,MILD__HOLD_R1_K125,PG 17:0_20:0,125,R1,retained_true,0.026228322968085326,0.002097208714825558,0.8310149974793403,0.9206618024583055,0.050880880759260116,2.0,0.003081353950645682,0.007454888958567052,0.08791208791208792
MILD,MILD__HOLD_R1_K125,PG 17:0_20:3,125,R1,filter_loss,0.021567564059158394,5.358954327608478e-07,0.15645235358917814,0.9898819477902964,0.24553643982354834,2.0,0.0011922815237459528,0.0006965114657125904,0.061855670103092786
MILD,MILD__HOLD_R1_K125,PG 17:0_20:4,125,R1,filter_loss,0.0035238416337277354,4.015189958086388e-07,0.333380957182523,0.9887826418894832,0.3019228169112968,0.5,0.0009626592846555537,0.0006253799471490629,0.029411764705882353
MILD,MILD__HOLD_R1_K125,PG 17:1_20:1,125,R1,filter_loss,0.008801201175163982,1.310976103764585e-06,0.266391512522408,0.9726361074886047,0.01725447718424139,2.0,4.577721397003298e-05,0.0002219708024051581,0.034482758620689655
MILD,MILD__HOLD_R1_K125,PG 17:1_20:4,125,R1,filter_loss,0.007254867326502545,7.594651369736997e-08,0.4831275545644737,0.9853779862370524,0.22593740389897193,0.7303443264893795,0.0021811563309734883,0.003555580182944329,0.02127659574468085
MILD,MILD__HOLD_R1_K125,PG 18:0_18:1,125,R1,filter_loss,0.01005857182660262,8.629641607382759e-07,0.22385302590484416,0.857321011866293,0.5499702514118422,1.2101381550740857,0.009484848876495366,0.014209638457357121,0.06329113924050633
MILD,MILD__HOLD_R1_K125,PG 18:0_20:5,125,R1,filter_loss,0.0014678130813299468,5.410086487872841e-08,0.3912132251385195,0.9850297730134422,0.3528221066303361,0.5,0.0008703065793419507,0.00036847638994674803,0.020833333333333332
MILD,MILD__HOLD_R1_K125,PG 18:1_18:1,125,R1,filter_loss,0.009122816628145151,3.605868056601188e-08,0.20074680321951024,0.9552207873236039,0.5335974465364102,2.0,0.001967807797006671,0.0008816908419428948,0.034482758620689655
MILD,MILD__HOLD_R1_K125,PG 18:2_20:2,125,R1,filter_loss,0.019300721228949304,0.0,0.26810270421335247,0.9325718345250835,0.2603944544674466,2.0,7.151403581784344e-05,0.0005881280192069349,0.0898876404494382
MILD,MILD__HOLD_R1_K125,PG 20:1_18:3,125,R1,filter_loss,0.011794817183384923,1.235729585027012e-06,0.23811465068961957,0.9659907277452849,0.39065317821122125,1.0760213163243861,0.003301798627939889,0.0014211657860777605,0.013333333333333334
MILD,MILD__HOLD_R1_K125,PS 14:0_20:0,125,R1,retained_true,0.026047945876532565,0.00016719647049799768,0.6390062445975,0.6039215648852556,0.16709168430356958,2.0,0.0027541471004010054,0.0027427701343425426,0.013888888888888888
MILD,MILD__HOLD_R1_K125,PS 14:0_22:2,125,R1,filter_loss,0.010769888265257564,7.651726811720127e-07,0.4826107446087538,0.6351598729298585,0.056673251273551106,0.5,0.002331991978609671,0.013828208191141056,0.07142857142857142
MILD,MILD__HOLD_R1_K125,PS 16:0_20:3,125,R1,filter_loss,0.001178341990681925,3.558242429162083e-19,0.31718607034211305,0.6379581944357362,0.2271159539431486,0.5,0.024743180600422243,0.0532754581349153,0.02631578947368421
MILD,MILD__HOLD_R1_K125,PS 16:0_20:5,125,R1,filter_loss,0.006438620283841985,4.624996354223582e-06,0.4925110672748304,0.5885323920958705,0.2627774230424914,0.5340342571614348,0.0034720204595677373,0.005312662972331572,0.02857142857142857
MILD,MILD__HOLD_R1_K125,PS 16:1_20:1,125,R1,retained_true,0.02523079898229595,0.00021423082268639843,0.4129541991564398,0.5415506422933887,0.12632979672586508,2.0,0.005809768621976241,0.013510185735995384,0.05405405405405406
MILD,MILD__HOLD_R1_K125,PS 16:1_20:4,125,R1,retained_true,0.031947251837001096,0.00044033647150252435,0.6316414058973379,0.55604981646135,0.12364708441998395,2.0,0.0006250680690788046,0.0006367104023839998,0.05128205128205128
MILD,MILD__HOLD_R1_K125,PS 17:0_18:1,125,R1,retained_true,0.0077769903232115505,3.9084522764694536e-05,0.6537549379034493,0.5358578664393875,0.1898482402281083,0.5,0.00248721638376892,0.002491653810229977,0.0410958904109589
MILD,MILD__HOLD_R1_K125,PS 18:0_16:1,125,R1,filter_loss,0.00909800238374371,2.092096173701874e-06,0.4974005788167513,0.5669019742880855,0.3372870145815912,0.689110922829001,0.007780393272455055,0.007796839687494228,0.014492753623188406
MILD,MILD__HOLD_R1_K125,PS 18:0_18:0,125,R1,retained_true,0.020904249345948946,1.978512637642282e-05,0.4331045541325963,0.7822407069839156,0.19197976773862468,2.0,0.004926182990125705,0.004921859357551961,0.03773584905660377
MILD,MILD__HOLD_R1_K125,PS 18:0_18:3,125,R1,retained_true,0.028146607720453375,0.0003141110707175235,0.5738266720137706,0.6379581944357362,0.264601068755451,2.0,0.001516310654012143,0.0014631946069058044,0.06666666666666667
MILD,MILD__HOLD_R1_K125,PS 18:1_18:3,125,R1,retained_true,0.007022588736327017,4.008109363468952e-05,0.6381277857367744,0.5253007492314473,0.23640738012806917,0.5340342571614348,0.002803569105580772,0.0028337271763367866,0.046875
MILD,MILD__HOLD_R1_K125,PS 20:0_16:1,125,R1,filter_loss,0.0014260644525629076,3.558242429162083e-19,0.49681824282241865,0.5478869149773706,0.34409744001467496,0.6170676298438253,0.059660803180161204,0.06023360124150534,0.06578947368421052
MILD,MILD__HOLD_R1_K175,PA 16:0_24:1,175,R1,filter_loss,0.013954363328531307,3.3716943247396254e-06,0.5504804076642431,0.883487638633687,0.19595790828137805,2.0,0.0018129815710938857,0.0005478222759552898,0.017857142857142856
MILD,MILD__HOLD_R1_K175,PA 16:0_24:4,175,R1,solver_miss,0.0004804570282497501,,0.2223063465458067,0.9171280506076233,0.17914163452145218,0.6170676298438253,0.04338089176146531,0.04345848797882845,0.04
MILD,MILD__HOLD_R1_K175,PA 18:0_22:0,175,R1,filter_loss,0.011750305404426724,3.9779574576305286e-07,0.3381799302246325,0.7789494468002593,0.44534403487199864,1.4538436095675817,0.0011921075225009847,0.0013569185606716605,0.05405405405405406
MILD,MILD__HOLD_R1_K175,PA 18:0_22:2,175,R1,filter_loss,0.0034133990520720738,0.0,0.27393752390511106,0.8394493239810369,0.36260158405766385,0.6170676298438253,0.0031467721020281836,0.001963496628401451,0.05333333333333334
MILD,MILD__HOLD_R1_K175,PA 18:0_22:4,175,R1,filter_loss,0.006855126349068997,0.0,0.18925162859522815,0.8691673191165914,0.31323723028330897,0.5,0.0052424423533639075,0.005220284092495531,0.04878048780487805
MILD,MILD__HOLD_R1_K175,PA 18:0_24:1,175,R1,filter_loss,0.008137991884208771,0.0,0.3334734584306543,0.8793255202210899,0.22349976674487387,0.689110922829001,0.0006864036053716438,0.000725562654723011,0.05970149253731343
MILD,MILD__HOLD_R1_K175,PA 18:0_24:5,175,R1,solver_miss,0.0006367527484183016,,0.1609179673339711,0.923167578011941,0.23175005437601462,0.5,0.0008635904598484068,0.0008511644063095014,0.025
MILD,MILD__HOLD_R1_K175,PA 18:0_24:6,175,R1,filter_loss,0.018060638641997383,1.612064111255932e-06,0.1641748706562144,0.9374908882297373,0.19157325912956763,2.0,0.004642181796140066,0.004645773085514948,0.04878048780487805
MILD,MILD__HOLD_R1_K175,PA 18:1_22:1,175,R1,filter_loss,0.011359402881741597,9.356406478568537e-08,0.46175873097333114,0.9022714644699661,0.2905844069806663,0.7303443264893795,0.00041288798704874896,0.0012335033041256382,0.05405405405405406
MILD,MILD__HOLD_R1_K175,PA 18:1_22:3,175,R1,filter_loss,0.014752566342317953,1.163753298613192e-05,0.26035456632127724,0.8639124793194024,0.33467634555443054,2.0,0.0026888722371033458,0.002139123678131294,0.03896103896103896
MILD,MILD__HOLD_R1_K175,PA 18:1_22:4,175,R1,filter_loss,0.007701555298747115,1.7035832987338461e-06,0.23118051955905902,0.7349039762795926,0.45741325188581883,2.0,0.004805814183295842,0.004868951904925756,0.024096385542168676
MILD,MILD__HOLD_R1_K175,PA 18:1_24:1,175,R1,filter_loss,0.007196696686847832,7.595705423435041e-07,0.4394175718623714,0.7742897189559598,0.30213238364332506,0.5,0.000759699939821834,0.0008438388853387879,0.015151515151515152
MILD,MILD__HOLD_R1_K175,PA 18:1_24:4,175,R1,filter_loss,0.006156323201965064,6.420753657371753e-08,0.2590661626283403,0.770029563231097,0.383684973635327,0.5,0.0010838412905258554,0.0010729791287783508,0.058823529411764705
MILD,MILD__HOLD_R1_K175,PA 18:1_24:6,175,R1,filter_loss,0.022382775402988612,2.272626362955807e-06,0.25854770171004793,0.8317569743542244,0.311757671286486,2.0,0.010835595411361254,0.010851465233581492,0.07407407407407407
MILD,MILD__HOLD_R1_K175,PA 18:2_24:4,175,R1,filter_loss,0.007845562874907477,1.2190456807224606e-07,0.33277246997096527,0.6495701338678831,0.4330785336890039,0.7802037075442214,0.0039133891856287795,0.003868713351689035,0.07058823529411765
MILD,MILD__HOLD_R1_K175,PA 18:2_24:5,175,R1,filter_loss,0.0010339383636725039,0.0,0.30902833514416345,0.8083196183923326,0.2868943377666932,0.5,0.004081604352916046,0.004077549062661889,0.06329113924050633
MILD,MILD__HOLD_R1_K175,PA 20:0_20:2,175,R1,solver_miss,3.700398212373024e-07,,0.2807555140432376,0.7492730089935543,0.49169235917013354,0.5,0.001564770493217682,0.0014533126063535073,0.04054054054054054
MILD,MILD__HOLD_R1_K175,PA 20:0_20:3,175,R1,filter_loss,0.01112687785598595,0.0,0.28594755195446475,0.8048190171061798,0.4076195370011738,1.4538436095675817,0.008036960110991642,0.00976471434619064,0.07317073170731707
MILD,MILD__HOLD_R1_K175,PA 20:0_20:4,175,R1,solver_miss,0.0,,0.1645114953783594,0.8957566529041909,0.3424625013635971,0.7303443264893795,0.0275152521851324,0.02927579501551658,0.0449438202247191
MILD,MILD__HOLD_R1_K175,PA 20:0_22:1,175,R1,filter_loss,0.00555675162383517,0.0,0.3017443733307278,0.7600275012777736,0.3861256918000734,0.689110922829001,0.003709424811556894,0.003737143717409519,0.025974025974025976
MILD,MILD__HOLD_R1_K175,PA 20:0_22:4,175,R1,filter_loss,0.007591831529300495,0.0,0.241048023112079,0.8303328039494347,0.3429309669132585,0.5,0.060892874707397016,0.06298741883866765,0.046511627906976744
MILD,MILD__HOLD_R1_K175,PA 20:0_22:6,175,R1,filter_loss,0.004447510241763128,0.0,0.18342642508946627,0.9361340206999159,0.20227608263374897,0.5,0.004776696328855912,0.004726570921992357,0.07142857142857142
MILD,MILD__HOLD_R1_K175,PA 20:1_20:1,175,R1,filter_loss,0.011200041991264873,2.590125208689758e-06,0.4231895167566119,0.9753576763078726,0.3291536211973855,0.5,0.0010118669186879314,0.002037990335239992,0.06818181818181818
MILD,MILD__HOLD_R1_K175,PA 20:1_22:1,175,R1,filter_loss,0.008909553273864902,2.4305929871128136e-07,0.48292710886676304,0.8982874947005188,0.22073574264275386,0.7802037075442214,0.018562907982432097,0.02491796284808878,0.07894736842105263
MILD,MILD__HOLD_R1_K175,PA 20:1_22:3,175,R1,filter_loss,0.00721474748858271,0.0,0.33476954438953394,0.8781031661032047,0.24658711409645712,1.8682084992203376,0.018403108017956193,0.021063832308081065,0.06329113924050633
MILD,MILD__HOLD_R1_K175,PA 20:1_22:5,175,R1,filter_loss,0.013722355130372422,1.4518814796337535e-06,0.22030580527220145,0.8930555529932804,0.2632540567277174,2.0,0.0030627099534888957,0.0029952224810618766,0.0125
MILD,MILD__HOLD_R1_K175,PA 20:1_22:6,175,R1,filter_loss,0.015547413759818579,1.4089780151362324e-07,0.23670331410171605,0.9753576763078726,0.2468565478982028,1.0760213163243861,0.0025643340536040116,0.0025700567332332946,0.06172839506172839
MILD,MILD__HOLD_R1_K175,PA 20:3_22:4,175,R1,filter_loss,0.003371728496435667,0.0,0.402579539322542,0.7488776965339671,0.3030548023026991,0.5,0.0032054403866504932,0.003222308663755058,0.09302325581395349
MILD,MILD__HOLD_R1_K175,PA 20:4_22:4,175,R1,filter_loss,0.004618200093347062,2.155774402155771e-06,0.48634054946811606,0.6664725514235691,0.28586225820427874,0.5,0.014403718647744035,0.015260405212573436,0.03225806451612903
MILD,MILD__HOLD_R1_K175,PA 22:0_18:2,175,R1,filter_loss,0.011279513595873114,1.7198197034126564e-19,0.34226134747101367,0.761776416520081,0.4474985059635067,1.0760213163243861,0.0030674863975856947,0.0028834133419998187,0.0547945205479452
MILD,MILD__HOLD_R1_K175,PA 22:0_20:1,175,R1,filter_loss,0.012152367702876053,1.0626518441424613e-05,0.4020166500263304,0.8495611434984474,0.2527636987135384,1.0760213163243861,0.01593733933205499,0.018926282928069638,0.04
MILD,MILD__HOLD_R1_K175,PA 22:0_20:3,175,R1,filter_loss,0.01084201379661806,5.23212541207049e-06,0.4070101497165706,0.700138513759436,0.38977747877753405,0.5,0.009922850596979504,0.01301240678684945,0.02631578947368421
MILD,MILD__HOLD_R1_K175,PA 22:0_20:4,175,R1,filter_loss,0.016992767832588792,1.0486696717917429e-06,0.4550397992700734,0.7513055221510871,0.3384293666283728,2.0,0.0023387656878122165,0.0024800429863981455,0.04819277108433735
MILD,MILD__HOLD_R1_K175,PA 22:1_18:2,175,R1,filter_loss,0.019210978455192356,1.401760006885179e-05,0.3672416022212644,0.8804726866933393,0.42728280324989093,2.0,0.006605096516895115,0.006326827710238514,0.02702702702702703
MILD,MILD__HOLD_R1_K175,PA 22:1_20:2,175,R1,filter_loss,0.006481188857702369,0.0,0.43337633237958284,0.8789327040599717,0.27097424872123554,2.0,0.0080624691981116,0.011981980213494614,0.04
MILD,MILD__HOLD_R1_K175,PA 22:1_20:3,175,R1,retained_true,0.013813297135854564,2.1478699257317885e-05,0.47201880717776407,0.8266719825061805,0.24944586960093668,0.5340342571614348,0.010869264824328262,0.012492854571788947,0.05194805194805195
MILD,MILD__HOLD_R1_K175,PA 22:1_20:5,175,R1,filter_loss,0.007263485272431355,8.405694198002765e-07,0.35373566324826666,0.8941830868357824,0.2306843778836697,0.5,0.0036393607382263493,0.003952696241691589,0.025
MILD,MILD__HOLD_R1_K175,PA 22:5_22:5,175,R1,filter_loss,0.005927185037152893,1.9057056979151996e-07,0.37471749963267753,0.9264320052062154,0.08562930665407442,0.8939526432607221,0.05654517952012661,0.05902033614793045,0.10869565217391304
MILD,MILD__HOLD_R1_K175,PA 22:6_22:6,175,R1,retained_true,0.015175254654157748,4.553945529935973e-05,0.5618631902016936,0.691000163096786,0.18635717808006635,2.0,0.00917253164779075,0.009477089595620991,0.0625
MILD,MILD__HOLD_R1_K175,PA 24:1_18:2,175,R1,filter_loss,0.01590612995500755,9.368655702828411e-06,0.416531063009088,0.7481851339902038,0.35294871355264307,1.0000000000000002,0.0021331576615825076,0.0017595765424679444,0.045454545454545456
MILD,MILD__HOLD_R1_K175,PC 14:0_20:2,175,R1,filter_loss,0.011013309081993767,1.152394882391569e-06,0.3254331442131747,0.6041425983942957,0.4715533114037237,0.8939526432607221,0.007462943955335866,0.007518058498400038,0.05
MILD,MILD__HOLD_R1_K175,PC 14:0_20:4,175,R1,retained_true,0.0069933823807451275,7.12409844376789e-05,0.6036768381098416,0.7745273553735048,0.030942368542241527,0.7802037075442214,0.0018490512821154326,0.0018224172135786754,0.012048192771084338
MILD,MILD__HOLD_R1_K175,PC 14:1_20:1,175,R1,retained_true,0.017016429464930708,4.448316101628109e-05,0.4158486366407816,0.6900215947371616,0.30806497780657766,2.0,0.0002922287015207914,0.00029117252372179436,0.012987012987012988
MILD,MILD__HOLD_R1_K175,PC 16:0_18:0,175,R1,filter_loss,0.0073260560886510015,1.8481630909072594e-06,0.49212912704514206,0.6471130837014081,0.2680149501547328,0.7802037075442214,0.004063515546806951,0.004072487376110989,0.07058823529411765
MILD,MILD__HOLD_R1_K175,PC 16:0_18:1,175,R1,filter_loss,0.003952816415471849,0.0,0.3986166534022413,0.6482926248318512,0.4109027795617344,0.5340342571614348,0.002719818573634347,0.002719800540087247,0.11594202898550725
MILD,MILD__HOLD_R1_K175,PC 16:0_18:2,175,R1,filter_loss,0.025289827145289944,3.659340639978965e-06,0.3131917397743864,0.5996238721920917,0.4899091295507795,2.0,0.06290873847509104,0.06290881606687038,0.05747126436781609
MILD,MILD__HOLD_R1_K175,PC 16:1_18:1,175,R1,filter_loss,0.020572411347575564,3.383681084332309e-08,0.3710824945274597,0.6900215947371616,0.3528311199198995,2.0,0.005740128810954093,0.005740337720885114,0.06521739130434782
MILD,MILD__HOLD_R1_K175,PC 16:1_18:2,175,R1,retained_true,0.02322150610852085,2.580891805551898e-05,0.6451321224456396,0.494520891089959,0.2246564065829395,2.0,0.07762520620459001,0.07763217030105019,0.06666666666666667
MILD,MILD__HOLD_R1_K175,PC 20:0_14:1,175,R1,filter_loss,0.007086792947120371,3.539949383520791e-08,0.593367589246976,0.47707361889437966,0.2851238976272237,0.6170676298438253,0.002188794125086768,0.0021900445777822686,0.05333333333333334
MILD,MILD__HOLD_R1_K175,PC O-16:0_17:0,175,R1,retained_true,0.008641527400209547,0.0001129718849252278,0.7536429126805174,0.6594747873316874,0.016839149861247793,0.689110922829001,0.0021199241046659933,0.002119924212811153,0.0
MILD,MILD__HOLD_R1_K175,PC O-16:1_18:1,175,R1,retained_true,0.011156979137154242,0.00025247997623061453,0.8076497414228311,0.6052609717953458,0.02991086558637346,1.0000000000000002,0.0011780312079956445,0.0011619748561649823,0.08571428571428572
MILD,MILD__HOLD_R1_K175,PE 16:0_22:1,175,R1,filter_loss,0.007938545124074766,1.118823868569997e-06,0.20454583643989277,0.8508967724619106,0.32715941021570594,1.4538436095675817,0.0026095936024855826,0.0026208471119697485,0.09259259259259259
MILD,MILD__HOLD_R1_K175,PE 16:0_22:2,175,R1,filter_loss,0.010711215695641294,0.0,0.1886425381510025,0.8572487991575071,0.3301179135196991,2.0,0.0008072029675337822,0.0008077406273154786,0.017543859649122806
MILD,MILD__HOLD_R1_K175,PE 16:0_22:4,175,R1,filter_loss,0.004755881610556381,9.257006961757573e-09,0.15895469448868532,0.9923755383909935,0.2386585476665622,2.0,0.0026445506599418467,0.0026437613959471307,0.015625
MILD,MILD__HOLD_R1_K175,PE 16:0_24:5,175,R1,solver_miss,0.0005550076986013997,,0.21271686018449112,0.9348240213453116,0.1546244672974381,0.5,0.001921353681188731,0.001875379517050746,0.06896551724137931
MILD,MILD__HOLD_R1_K175,PE 16:0_24:6,175,R1,filter_loss,0.021642989406415205,2.5797295551189847e-19,0.354462542162506,0.9120817497666402,0.1077393979106176,2.0,0.012594339890680706,0.012384383975249547,0.04838709677419355
MILD,MILD__HOLD_R1_K175,PE 16:1_22:1,175,R1,filter_loss,0.006149772855969298,4.299549258531641e-19,0.29634414058106057,0.6962164662208943,0.4407404219699385,1.0000000000000002,0.00808124486543349,0.008570132244739348,0.05660377358490566
MILD,MILD__HOLD_R1_K175,PE 16:1_22:3,175,R1,filter_loss,0.016660006794547454,0.0,0.12325824954460242,0.9816952449555878,0.20295021528294271,2.0,8.291252553216388e-05,8.291775400715018e-05,0.05357142857142857
MILD,MILD__HOLD_R1_K175,PE 16:1_22:4,175,R1,filter_loss,0.008890880915790121,7.485949796113259e-07,0.11707440620301834,0.9872300880237134,0.16084900498979865,0.5,0.0007842304184302318,0.0007842322844462402,0.031746031746031744
MILD,MILD__HOLD_R1_K175,PE 16:1_22:6,175,R1,filter_loss,0.017776862221237477,2.7571825485870034e-06,0.2519478993591113,0.9780045750710121,0.13185464506752925,2.0,0.0014294605966203022,0.0014300496428103493,0.09836065573770492
MILD,MILD__HOLD_R1_K175,PE 17:0_20:0,175,R1,filter_loss,0.006566462354925667,2.415719884299458e-06,0.2698075638945543,0.9206618024583055,0.26327938903853587,0.5,0.001887741959508804,0.0017402936546969672,0.07936507936507936
MILD,MILD__HOLD_R1_K175,PE 17:0_22:2,175,R1,filter_loss,0.009386925299773509,5.159459110237969e-19,0.13503108538528152,0.9386569008618137,0.21734595795940753,2.0,0.0011864621584661839,0.0011931643887791443,0.0
MILD,MILD__HOLD_R1_K175,PE 17:0_22:4,175,R1,filter_loss,0.007459607379220514,1.913484214055953e-06,0.16492324087593133,0.9518068384474951,0.1688292372948361,1.0000000000000002,0.003262250096318753,0.003098515234440602,0.04411764705882353
MILD,MILD__HOLD_R1_K175,PE 17:0_22:5,175,R1,retained_true,0.010643488503878454,1.932878703926437e-05,0.20553202250395822,0.9211023236447361,0.22285151703158326,2.0,0.0012394890093427868,0.0012522411101744124,0.030303030303030304
MILD,MILD__HOLD_R1_K175,PE 17:0_22:6,175,R1,retained_true,0.01627704096993114,2.193097268594347e-05,0.31244709118745745,0.8271838267520604,0.30433218821543645,2.0,0.017611707508774055,0.01838682715755835,0.12121212121212122
MILD,MILD__HOLD_R1_K175,PE 17:1_20:1,175,R1,filter_loss,0.004375886147736505,5.610692009203623e-09,0.2809048613188857,0.9726361074886047,0.3272746898881621,0.7802037075442214,0.0022883291685498186,0.0024144226540380176,0.08196721311475409
MILD,MILD__HOLD_R1_K175,PE 17:1_20:3,175,R1,filter_loss,0.007132203831117801,4.841780957224439e-07,0.17058675100295786,0.9942019114139844,0.23344250644858108,0.5,0.0217430849925212,0.02209873193679912,0.1
MILD,MILD__HOLD_R1_K175,PE 17:1_22:5,175,R1,filter_loss,0.004947045984842086,8.38384612722091e-07,0.1734421065443991,0.9209267513286628,0.23190880091119995,0.5,0.0016810239978535257,0.0016830515975861937,0.06349206349206349
MILD,MILD__HOLD_R1_K175,PE 17:1_22:6,175,R1,filter_loss,0.007727836554865976,3.5676173796989025e-06,0.2805102678681988,0.8065738667783828,0.34444630313629093,1.2101381550740857,0.0021298269298372086,0.002090265847873085,0.1111111111111111
MILD,MILD__HOLD_R1_K175,PE 18:0_20:1,175,R1,filter_loss,0.020687405004243566,3.1024817186463556e-07,0.25393425517668783,0.9625905679777863,0.1807537946676117,2.0,0.0011387468614931784,0.0008336602771666923,0.046153846153846156
MILD,MILD__HOLD_R1_K175,PE 18:0_20:3,175,R1,filter_loss,0.0023143502592700227,0.0,0.19168425851262216,0.9604368385083139,0.1400403915099126,0.6170676298438253,0.00019942539037831608,0.0002018506253916863,0.03125
MILD,MILD__HOLD_R1_K175,PE 18:0_20:5,175,R1,filter_loss,0.015445745983754904,9.037108076185739e-07,0.4239120961696826,0.9850297730134422,0.320123235599173,2.0,0.0011396559714325072,0.0011919672869405984,0.02666666666666667
MILD,MILD__HOLD_R1_K175,PE 18:1_20:2,175,R1,solver_miss,0.0,,0.23433578314102768,0.9251187567839819,0.20375319449318544,0.7303443264893795,0.0008310407557433619,0.00014275590517265346,0.014285714285714285
MILD,MILD__HOLD_R1_K175,PE 18:1_20:5,175,R1,filter_loss,0.003984403528699245,0.0,0.3998586987063159,0.9724669479844656,0.2358672544872255,0.6170676298438253,0.0008012039054279274,0.0008606088188597427,0.0375
MILD,MILD__HOLD_R1_K175,PE 18:1_22:2,175,R1,filter_loss,0.012853948248803225,2.588012653628808e-06,0.12985107942569446,0.9248799886279087,0.2737586242615052,0.689110922829001,0.0021254478117591624,0.002124672815584927,0.058823529411764705
MILD,MILD__HOLD_R1_K175,PE 18:1_22:3,175,R1,filter_loss,0.002950650174770178,0.0,0.10400557506001402,0.9605256779361461,0.1742934444820513,0.7802037075442214,0.0035822472545240513,0.0035823397963168357,0.058823529411764705
MILD,MILD__HOLD_R1_K175,PE 18:1_22:4,175,R1,filter_loss,0.008084904402581262,0.0,0.11052846478170081,0.969840644646915,0.13562077871750905,0.8939526432607221,0.0002187931374144636,0.00021536997653726075,0.05333333333333334
MILD,MILD__HOLD_R1_K175,PE 18:1_22:5,175,R1,filter_loss,0.01684278936908441,0.0,0.19163429981325247,0.9256344671279978,0.2133913524062529,1.4538436095675817,0.000883079450688995,0.0008913924319237099,0.028169014084507043
MILD,MILD__HOLD_R1_K175,PE 18:1_22:6,175,R1,filter_loss,0.004755461879729808,0.0,0.3159564682544253,0.8033916799379116,0.3147345109004634,0.5340342571614348,0.004215489361945601,0.004259121098188823,0.015384615384615385
MILD,MILD__HOLD_R1_K175,PE 18:2_20:2,175,R1,filter_loss,0.009464243309030822,1.597848672098281e-07,0.18632332063996887,0.930785287256962,0.4829206823131476,2.0,0.0008037372846143587,0.0008063023806984537,0.028985507246376812
MILD,MILD__HOLD_R1_K175,PE 18:2_22:2,175,R1,filter_loss,0.012873195882379907,0.0,0.1271355008514916,0.9008257061441529,0.3075663178035413,1.8682084992203376,0.0003045712876184048,0.000304167674782585,0.05970149253731343
MILD,MILD__HOLD_R1_K175,PE 18:3_20:4,175,R1,solver_miss,0.00031797517272522764,,0.15717262060050777,0.9796724074104938,0.3020809046376558,0.5,0.006280647038709897,0.0062955661135006835,0.04054054054054054
MILD,MILD__HOLD_R1_K175,PE 20:0_20:3,175,R1,filter_loss,0.004091896947234432,2.622541827792245e-07,0.23032749244938702,0.9788474233762352,0.09767313679891157,1.0760213163243861,0.021471551927456423,0.022981147873066488,0.1206896551724138
MILD,MILD__HOLD_R1_K175,PE 20:0_20:5,175,R1,filter_loss,0.011307147282241284,2.184787003249514e-07,0.42609430792144315,0.8451414828957593,0.30776996621138847,0.7802037075442214,0.002121680792026015,0.0022945694826855823,0.04225352112676056
MILD,MILD__HOLD_R1_K175,PE 20:1_18:2,175,R1,filter_loss,0.007176759323431476,0.0,0.3477875659110764,0.8910754995054128,0.2892279401300275,0.5,0.0915750292343036,0.10181200158881287,0.07142857142857142
MILD,MILD__HOLD_R1_K175,PE 20:1_20:3,175,R1,filter_loss,0.00246810873012428,7.255134510035537e-08,0.15409170574418976,0.9673598800301968,0.13448997604329319,1.2101381550740857,0.000491030613383403,0.000468651826536548,0.03773584905660377
MILD,MILD__HOLD_R1_K175,PE 20:1_20:4,175,R1,filter_loss,0.006346158823828823,1.7198197034126564e-19,0.22946614386916517,0.9422890778439277,0.1647009138898418,0.5,0.0011668996450705515,0.0009797108106910368,0.0410958904109589
MILD,MILD__HOLD_R1_K175,PE 20:1_20:5,175,R1,retained_true,0.022338901325592672,2.1970714569378838e-05,0.3973599004661181,0.7993795604865694,0.33650437366671354,2.0,0.002105112367196016,0.0015876158792395012,0.06944444444444445
MILD,MILD__HOLD_R1_K175,PE 20:2_20:3,175,R1,filter_loss,0.002822459919155803,8.160120249718392e-09,0.10342592469336877,0.8809502880689941,0.37931315485534245,0.5340342571614348,0.0016177336068645687,0.0016321924775449803,0.0
MILD,MILD__HOLD_R1_K175,PE 20:3_20:3,175,R1,filter_loss,0.016358608914045534,8.225910888884344e-08,0.11972298568219342,0.9884825101246301,0.06004173901205881,1.0000000000000002,0.00048032041794177083,0.0004712716755622681,0.0
MILD,MILD__HOLD_R1_K175,PE 20:4_20:5,175,R1,retained_true,0.018534256871737282,6.297273805683671e-05,0.26664550336010406,0.7114621309435802,0.4744158758561441,2.0,0.0026647366186214327,0.0027472315274700287,0.01694915254237288
MILD,MILD__HOLD_R1_K175,PE 22:0_16:1,175,R1,filter_loss,0.016647001515601365,5.648849648218385e-06,0.4791490094759039,0.8206488603123235,0.1992356350010589,2.0,0.004476879868959838,0.005136088122938753,0.0392156862745098
MILD,MILD__HOLD_R1_K175,PE O-16:0_22:1,175,R1,filter_loss,0.003910141994114442,1.7198197034126564e-19,0.25810380084870377,0.9626827699537985,0.034183285797328655,0.5,0.001476706135746686,0.0012837561985494794,0.0
MILD,MILD__HOLD_R1_K175,PE O-16:0_22:4,175,R1,filter_loss,0.004914972713404849,2.5329847465092634e-07,0.21233553953653375,0.9788297262879938,0.0525446422437508,2.0,0.0004060403474748231,0.00041840104713342097,0.0
MILD,MILD__HOLD_R1_K175,PE O-16:0_22:5,175,R1,filter_loss,0.012304669434375862,1.0968822616428169e-07,0.2748935194643735,0.9595548171321114,0.1397678816901211,2.0,0.00038394355007931313,0.0002964901617497073,0.0
MILD,MILD__HOLD_R1_K175,PE O-16:0_22:6,175,R1,filter_loss,0.010088075817849136,8.798135298243702e-07,0.48470573742722234,0.900438885889574,0.1614418659271415,0.7303443264893795,0.0022747405659097053,0.0018564212507093947,0.0
MILD,MILD__HOLD_R1_K175,PE O-16:1_22:1,175,R1,solver_miss,0.0005751345016161174,,0.3096547237703799,0.9753848425333608,0.07168868530044187,0.5,0.0023513749611915324,0.000861151070150834,0.034482758620689655
MILD,MILD__HOLD_R1_K175,PE O-16:1_22:3,175,R1,solver_miss,0.0,,0.15301712497872955,0.978974472761994,0.05109413449543146,2.0,0.0016880138933791367,0.0016878880497489535,0.1
MILD,MILD__HOLD_R1_K175,PE O-16:1_24:0,175,R1,filter_loss,0.004468679134561213,3.089936472247253e-07,0.6719956962672089,0.7350890401757907,0.07613711984283755,0.5,0.001067432937777557,0.0006814609391118109,0.03571428571428571
MILD,MILD__HOLD_R1_K175,PE O-16:1_24:5,175,R1,filter_loss,0.01368880889733147,2.5797295551189847e-19,0.34567378912555613,0.9348240213453116,0.021667538356373084,0.8939526432607221,0.0025190919169711945,0.0024780282091372285,0.05555555555555555
MILD,MILD__HOLD_R1_K175,PE O-16:1_24:6,175,R1,filter_loss,0.024611411642443057,1.7104107264638684e-05,0.41848831684391674,0.9120817497666402,0.043713623229206855,2.0,0.0027064563948248077,0.0027649406387783015,0.05128205128205128
MILD,MILD__HOLD_R1_K175,PE O-18:0_20:1,175,R1,filter_loss,0.005638393202667767,2.6680437237158e-06,0.318148671588633,0.9846847840318518,0.10986362796133797,0.8939526432607221,0.0001630039114796089,0.00017009481650798186,0.037037037037037035
MILD,MILD__HOLD_R1_K175,PE O-18:0_20:2,175,R1,filter_loss,0.0048936896567878165,9.02099098335306e-09,0.24588669439016053,0.9868742659860326,0.06594469017151477,0.689110922829001,0.0019601050080191307,0.0005584465070473943,0.0
MILD,MILD__HOLD_R1_K175,PE O-18:0_20:5,175,R1,filter_loss,0.009858585268345715,4.968003572615716e-07,0.6919909071159304,0.9215313010613547,0.1361896321849082,0.5,0.0038942866708165935,0.004027293005726573,0.02857142857142857
MILD,MILD__HOLD_R1_K175,PE O-18:0_22:3,175,R1,solver_miss,0.00019074898313945033,,0.17092763078541914,0.9848176901850096,0.13210834735563867,0.8939526432607221,0.0008456161502210513,0.0005473704997376316,0.125
MILD,MILD__HOLD_R1_K175,PE O-18:0_22:4,175,R1,filter_loss,0.015394486320685062,4.299549258531641e-19,0.29140314574818993,0.9785214888337301,0.07223834193787476,0.5,0.00991779822923411,0.010948030972303235,0.06451612903225806
MILD,MILD__HOLD_R1_K175,PE O-18:0_22:5,175,R1,filter_loss,0.02300298535311835,9.343674792420388e-06,0.43559350264218133,0.9521162343234528,0.09057688868244451,1.8682084992203376,0.00897500524146111,0.0052266673231925465,0.03125
MILD,MILD__HOLD_R1_K175,PE O-18:0_22:6,175,R1,retained_true,0.0204777776236862,5.215784956926785e-05,0.5753436233533816,0.900438885889574,0.17868511941106635,2.0,0.000292360631166555,0.0004274430617627889,0.02857142857142857
MILD,MILD__HOLD_R1_K175,PE O-18:1_20:2,175,R1,filter_loss,0.0023452758678710376,4.299549258531641e-19,0.23640856435982596,0.9860488591567219,0.05007971048025392,0.7303443264893795,0.0006346910313643761,0.00015812090998579276,0.0
MILD,MILD__HOLD_R1_K175,PE O-18:1_20:3,175,R1,filter_loss,0.00670611679706916,0.0,0.17248031845796863,0.9828895828332406,0.04325030597265456,0.5,0.001199120320281133,0.001173666927543504,0.09090909090909091
MILD,MILD__HOLD_R1_K175,PE O-18:1_20:5,175,R1,filter_loss,0.00415304346963135,1.4407634727649875e-08,0.5577857427715306,0.9215313010613547,0.19234784377749203,0.5340342571614348,0.004494611377175217,0.0021003523208922292,0.023809523809523808
MILD,MILD__HOLD_R1_K175,PE O-18:2_20:3,175,R1,filter_loss,0.005982379437648111,0.0,0.15389249231375365,0.982213995160686,0.04157871249447814,0.7303443264893795,0.011902632343288366,0.01190551140071483,0.06060606060606061
MILD,MILD__HOLD_R1_K175,PE O-18:2_22:3,175,R1,filter_loss,0.01663670722761072,3.061587387264773e-07,0.11689533016188987,0.986523537683374,0.04682821117393669,1.2101381550740857,0.00025152470337641564,0.00025152508544168395,0.06451612903225806
MILD,MILD__HOLD_R1_K175,PE O-18:2_22:4,175,R1,filter_loss,0.009062305332547715,1.7198197034126564e-19,0.14828595476682938,0.9790243416279218,0.05669129626843439,0.5,0.0006958109492893882,0.000691927852268126,0.02631578947368421
MILD,MILD__HOLD_R1_K175,PE O-18:2_22:5,175,R1,filter_loss,0.009693868827555853,1.7198197034126564e-19,0.26103860623460656,0.9522818262826038,0.09101743804944895,2.0,0.0005889830349302683,0.0005985797905463386,0.02564102564102564
MILD,MILD__HOLD_R1_K175,PE O-18:3_20:3,175,R1,filter_loss,0.015920684011648728,1.2293847838786174e-09,0.14272429629361114,0.9852235586914223,0.03704042840064109,2.0,0.0009088682263856951,0.0009038504168767947,0.0
MILD,MILD__HOLD_R1_K175,PE O-18:3_22:3,175,R1,filter_loss,0.017032874750897202,5.774833675977889e-07,0.12439321564387905,0.986523537683374,0.03933032569194751,1.4538436095675817,0.00039330638137358154,0.000393316500170271,0.0967741935483871
MILD,MILD__HOLD_R1_K175,PE O-18:3_22:5,175,R1,filter_loss,0.014726891600353119,6.385380946738863e-07,0.24245622912169137,0.9538166594574129,0.08542067730299038,2.0,0.000300097893669804,0.0002976237770843104,0.0
MILD,MILD__HOLD_R1_K175,PE O-20:0_20:2,175,R1,filter_loss,0.005425082846586612,0.0,0.3574277360579778,0.9885666181646524,0.13364990366733687,0.5,0.0013632549085536017,0.0008270848205020886,0.14814814814814814
MILD,MILD__HOLD_R1_K175,PE O-20:0_20:4,175,R1,filter_loss,0.007649246108763224,5.433668235969958e-07,0.526269032993801,0.9845400250879618,0.03802391643362135,0.8939526432607221,0.0021938309055087313,0.00017604092447076614,0.05263157894736842
MILD,MILD__HOLD_R1_K175,PE O-20:1_18:2,175,R1,filter_loss,0.01737089034498088,4.115113644525091e-06,0.4351737905876049,0.9895861653945057,0.1319467591106363,2.0,0.00023551375914476758,0.0002665464533165851,0.030303030303030304
MILD,MILD__HOLD_R1_K175,PE O-20:1_20:1,175,R1,filter_loss,0.01723312131960108,5.624603200984385e-08,0.300364327002164,0.9853143544809311,0.16047256463030118,2.0,0.021069383599322422,0.02380573565115074,0.0625
MILD,MILD__HOLD_R1_K175,PE O-20:1_20:2,175,R1,filter_loss,0.018496484798091663,5.522953090699158e-07,0.1653451175229508,0.9857697500316058,0.0657556111825639,2.0,0.022925236368650403,0.023326231185886726,0.03225806451612903
MILD,MILD__HOLD_R1_K175,PE O-20:1_20:3,175,R1,filter_loss,0.01636878931437862,7.825659638217796e-07,0.20156572631951045,0.9834038435158862,0.040391770192754556,1.8682084992203376,5.294427021595993e-05,2.361550169449611e-05,0.0
MILD,MILD__HOLD_R1_K175,PE O-20:2_20:3,175,R1,solver_miss,0.00027381414711860754,,0.1699072530804405,0.9836260273963529,0.031218531110331932,0.5,0.0001892135844027143,0.000190117413105928,0.06060606060606061
MILD,MILD__HOLD_R1_K175,PE O-20:3_20:3,175,R1,filter_loss,0.016210764728725915,2.952842405783927e-06,0.1678765453740962,0.9829060245747678,0.02838033431556483,2.0,0.0009170570347204476,0.0009176655325875416,0.11428571428571428
MILD,MILD__HOLD_R1_K175,PE O-20:3_20:4,175,R1,filter_loss,0.006455341564029328,1.2913964201760722e-07,0.2145730867610224,0.9824124426110163,0.03143893515640733,1.4538436095675817,0.0030017567410796087,0.002117635277798957,0.021739130434782608
MILD,MILD__HOLD_R1_K175,PE O-22:1_18:2,175,R1,filter_loss,0.01729065416473087,1.664869131517708e-05,0.3303710154344505,0.9888056550432852,0.337294176164278,2.0,0.001060120048168356,0.0004618266693974249,0.0
MILD,MILD__HOLD_R1_K175,PG 14:0_20:0,175,R1,filter_loss,0.004307805824601603,2.5797295551189847e-19,0.7233219574944608,0.7740328453451822,0.0781368584247818,0.5,6.341122825315182e-05,0.0008465325861760631,0.05
MILD,MILD__HOLD_R1_K175,PG 14:0_22:0,175,R1,filter_loss,0.001719072763668992,4.299549258531641e-19,0.39347230654553556,0.7936099239641267,0.021497958044986498,0.5,6.010538475131888e-05,0.004721999882481787,0.0125
MILD,MILD__HOLD_R1_K175,PG 14:0_22:3,175,R1,filter_loss,0.005226274431775641,0.0,0.08672432217020402,0.9402021823761977,0.09248053115510325,1.0000000000000002,4.3691162162073915e-05,0.0010326677530587691,0.03614457831325301
MILD,MILD__HOLD_R1_K175,PG 14:0_22:5,175,R1,filter_loss,0.0036521691645994645,9.967186041420405e-07,0.3916326572569566,0.8740294125875786,0.3151168353722158,0.6170676298438253,0.015233218820401295,0.028681124293445937,0.06976744186046512
MILD,MILD__HOLD_R1_K175,PG 14:0_24:4,175,R1,filter_loss,0.0078088317374773635,2.0404580988148805e-07,0.2364766144017557,0.9336814199983869,0.409000174620185,1.0000000000000002,0.0003849632011037052,0.0011070667357394592,0.04819277108433735
MILD,MILD__HOLD_R1_K175,PG 16:0_18:0,175,R1,filter_loss,0.006329345646364463,8.169158490174172e-07,0.2730282086736678,0.7320003904966144,0.5284306072455749,0.5,0.006718608831998929,0.00921187438394766,0.05154639175257732
MILD,MILD__HOLD_R1_K175,PG 16:0_20:2,175,R1,filter_loss,0.01906170953737057,0.0,0.06404391649487126,0.9219327136957365,0.1380284242110617,1.8682084992203376,0.0001325419053186394,0.0004419274324660716,0.021739130434782608
MILD,MILD__HOLD_R1_K175,PG 16:0_20:5,175,R1,filter_loss,0.01882445906903776,1.6023055071870277e-06,0.3586980333079263,0.7784577318028689,0.43367157561769326,2.0,0.0005535803503026182,0.0007745547809636655,0.03614457831325301
MILD,MILD__HOLD_R1_K175,PG 16:0_22:4,175,R1,filter_loss,0.011950935338618766,4.270820821974827e-07,0.20371874124768685,0.9923755383909935,0.44339453837236364,1.0760213163243861,0.006204517917372199,0.004482035888584646,0.034482758620689655
MILD,MILD__HOLD_R1_K175,PG 16:0_22:6,175,R1,filter_loss,0.005466435655024574,5.557353004279544e-08,0.42771565508602566,0.9755490303044848,0.17342901101082447,0.5,0.0035863246382661362,0.005133708069018583,0.046511627906976744
MILD,MILD__HOLD_R1_K175,PG 16:1_20:1,175,R1,filter_loss,0.0010141645510726635,7.207983687267342e-07,0.09626468926765062,0.9360510343034749,0.032094009427904344,0.689110922829001,0.00014154946035849214,0.02162659342799489,0.022727272727272728
MILD,MILD__HOLD_R1_K175,PG 16:1_22:3,175,R1,filter_loss,0.02567377928051395,6.212375261996633e-07,0.23838939494724698,0.9816952449555878,0.29010776373355207,1.8682084992203376,0.0029689467587183938,0.011172064022184958,0.046511627906976744
MILD,MILD__HOLD_R1_K175,PG 16:1_22:5,175,R1,filter_loss,0.009051161917388266,2.079581136813872e-07,0.33527002658239174,0.9821921171688058,0.16525580723594785,1.2101381550740857,0.0013743626973785616,0.0016358418510322714,0.060240963855421686
MILD,MILD__HOLD_R1_K175,PG 17:0_18:0,175,R1,retained_true,0.012022299806656063,0.00016459967231145114,0.5692674122568047,0.7118582510946688,0.2506727968425583,1.2101381550740857,0.005002985232330115,0.006596406970651447,0.08
MILD,MILD__HOLD_R1_K175,PG 17:0_18:2,175,R1,filter_loss,0.01468215797114582,7.861706618406376e-07,0.3764851143957298,0.9263229165510191,0.3987025973319038,1.8682084992203376,0.008230647100060384,0.016439132142790913,0.021505376344086023
MILD,MILD__HOLD_R1_K175,PG 17:0_20:0,175,R1,retained_true,0.021006277937933734,0.0010765693828179406,0.8310149974793403,0.9206618024583055,0.050880880759260116,2.0,0.003081353950645682,0.007454888958567052,0.08791208791208792
MILD,MILD__HOLD_R1_K175,PG 17:0_20:1,175,R1,retained_true,0.024193664061491683,0.0002199593055498448,0.7656382983426151,0.9467690930810565,0.11848369535153747,2.0,0.0003650793415157505,0.0031137288602455238,0.05319148936170213
MILD,MILD__HOLD_R1_K175,PG 17:0_20:3,175,R1,filter_loss,0.015215679760226555,3.4843199645675207e-08,0.15645235358917814,0.9898819477902964,0.24553643982354834,2.0,0.0011922815237459528,0.0006965114657125904,0.061855670103092786
MILD,MILD__HOLD_R1_K175,PG 17:0_20:4,175,R1,filter_loss,0.002733768308252006,1.1829896184076618e-07,0.333380957182523,0.9887826418894832,0.3019228169112968,0.5,0.0009626592846555537,0.0006253799471490629,0.029411764705882353
MILD,MILD__HOLD_R1_K175,PG 17:1_20:1,175,R1,filter_loss,0.019292277912539568,8.730179200633531e-07,0.266391512522408,0.9726361074886047,0.01725447718424139,2.0,4.577721397003298e-05,0.0002219708024051581,0.034482758620689655
MILD,MILD__HOLD_R1_K175,PG 17:1_20:4,175,R1,solver_miss,0.0009470313581094217,,0.4831275545644737,0.9853779862370524,0.22593740389897193,0.7303443264893795,0.0021811563309734883,0.003555580182944329,0.02127659574468085
MILD,MILD__HOLD_R1_K175,PG 18:0_18:0,175,R1,filter_loss,0.0139808274545771,2.487071226224878e-06,0.27746580180873914,0.8568501347183278,0.3515672967583239,2.0,0.0003581991358001524,0.00010951787532964552,0.03389830508474576
MILD,MILD__HOLD_R1_K175,PG 18:0_18:1,175,R1,filter_loss,0.010668233228288039,0.0,0.22385302590484416,0.857321011866293,0.5499702514118422,1.2101381550740857,0.009484848876495366,0.014209638457357121,0.06329113924050633
MILD,MILD__HOLD_R1_K175,PG 18:0_20:5,175,R1,solver_miss,2.3295070611674968e-05,,0.3912132251385195,0.9850297730134422,0.3528221066303361,0.5,0.0008703065793419507,0.00036847638994674803,0.020833333333333332
MILD,MILD__HOLD_R1_K175,PG 18:1_18:1,175,R1,filter_loss,0.002578629266340722,1.7198197034126564e-19,0.20074680321951024,0.9552207873236039,0.5335974465364102,2.0,0.001967807797006671,0.0008816908419428948,0.034482758620689655
MILD,MILD__HOLD_R1_K175,PG 18:1_18:2,175,R1,filter_loss,0.012936862589356012,4.366598990587351e-07,0.18514361914509317,0.8693484458976806,0.5954341339760317,1.4538436095675817,0.0025587379885222417,0.0008958728503084545,0.05970149253731343
MILD,MILD__HOLD_R1_K175,PG 18:1_20:5,175,R1,filter_loss,0.006722549330688661,2.2460055415512094e-07,0.43403628582268905,0.9724669479844656,0.20168966737085237,0.5,0.004315376155732187,0.0033317377345079002,0.010416666666666666
MILD,MILD__HOLD_R1_K175,PG 18:2_20:2,175,R1,filter_loss,0.014953901943759841,0.0,0.26810270421335247,0.9325718345250835,0.2603944544674466,2.0,7.151403581784344e-05,0.0005881280192069349,0.0898876404494382
MILD,MILD__HOLD_R1_K175,PG 18:2_20:5,175,R1,filter_loss,0.011733342380660573,1.4359917777269915e-06,0.45600375389372205,0.9631467226016989,0.13540569175942307,1.0760213163243861,0.003755522198340744,0.003347427340093412,0.033707865168539325
MILD,MILD__HOLD_R1_K175,PG 20:0_16:1,175,R1,filter_loss,0.001859999959269818,6.708200045640718e-08,0.27509463736924117,0.8206488603123235,0.4400895324696777,0.5,0.0035883190031053003,0.002125072738387912,0.04597701149425287
MILD,MILD__HOLD_R1_K175,PG 20:1_18:3,175,R1,filter_loss,0.009975354845270451,2.569848277409687e-07,0.23811465068961957,0.9659907277452849,0.39065317821122125,1.0760213163243861,0.003301798627939889,0.0014211657860777605,0.013333333333333334
MILD,MILD__HOLD_R1_K175,PS 14:0_20:0,175,R1,retained_true,0.019546023868409406,4.512122798842937e-05,0.6390062445975,0.6039215648852556,0.16709168430356958,2.0,0.0027541471004010054,0.0027427701343425426,0.013888888888888888
MILD,MILD__HOLD_R1_K175,PS 14:0_22:0,175,R1,retained_true,0.01639810891497846,0.00043186588261335797,0.755911282254363,0.4966771953016806,0.15131295823331015,2.0,0.014301426338439227,0.022659755577108642,0.07142857142857142
MILD,MILD__HOLD_R1_K175,PS 14:0_22:2,175,R1,filter_loss,0.008531571110175806,6.250479257447048e-07,0.4826107446087538,0.6351598729298585,0.056673251273551106,0.5,0.002331991978609671,0.013828208191141056,0.07142857142857142
MILD,MILD__HOLD_R1_K175,PS 14:0_22:4,175,R1,retained_true,0.02521539749958556,3.586581104766548e-05,0.3282929959935041,0.543623575220217,0.10688133467946276,2.0,0.005255813177672319,0.004191883189783474,0.05333333333333334
MILD,MILD__HOLD_R1_K175,PS 16:0_20:3,175,R1,filter_loss,0.003209539857129396,1.7198197034126564e-19,0.31718607034211305,0.6379581944357362,0.2271159539431486,0.5,0.024743180600422243,0.0532754581349153,0.02631578947368421
MILD,MILD__HOLD_R1_K175,PS 16:0_20:5,175,R1,filter_loss,0.004013865308847848,9.263807102431238e-07,0.4925110672748304,0.5885323920958705,0.2627774230424914,0.5340342571614348,0.0034720204595677373,0.005312662972331572,0.02857142857142857
MILD,MILD__HOLD_R1_K175,PS 16:1_20:1,175,R1,retained_true,0.016690465036846788,5.0212674864562135e-05,0.4129541991564398,0.5415506422933887,0.12632979672586508,2.0,0.005809768621976241,0.013510185735995384,0.05405405405405406
MILD,MILD__HOLD_R1_K175,PS 16:1_20:3,175,R1,filter_loss,0.00788359751692899,1.484935135820409e-06,0.34984059386853866,0.5074650921831881,0.12705139171053204,1.2101381550740857,0.007313982585612444,0.02550036110593812,0.04225352112676056
MILD,MILD__HOLD_R1_K175,PS 16:1_20:4,175,R1,retained_true,0.02456750010856841,0.0001481848345129293,0.6316414058973379,0.55604981646135,0.12364708441998395,2.0,0.0006250680690788046,0.0006367104023839998,0.05128205128205128
MILD,MILD__HOLD_R1_K175,PS 17:0_18:1,175,R1,retained_true,0.006065158940113732,1.9763525776576594e-05,0.6537549379034493,0.5358578664393875,0.1898482402281083,0.5,0.00248721638376892,0.002491653810229977,0.0410958904109589
MILD,MILD__HOLD_R1_K175,PS 18:0_16:1,175,R1,filter_loss,0.007378720810047289,3.2954777094589275e-06,0.4974005788167513,0.5669019742880855,0.3372870145815912,0.689110922829001,0.007780393272455055,0.007796839687494228,0.014492753623188406
MILD,MILD__HOLD_R1_K175,PS 18:0_17:1,175,R1,filter_loss,0.006921552752745296,1.3504227123710062e-05,0.5700329198506149,0.552158066910196,0.2648511266188399,0.5,0.10610618543008443,0.10639827148241643,0.014925373134328358
MILD,MILD__HOLD_R1_K175,PS 18:0_18:0,175,R1,filter_loss,0.019785147441374176,2.4528008623397246e-06,0.4331045541325963,0.7822407069839156,0.19197976773862468,2.0,0.004926182990125705,0.004921859357551961,0.03773584905660377
MILD,MILD__HOLD_R1_K175,PS 18:0_18:3,175,R1,retained_true,0.020079778744671734,4.7385131157757264e-05,0.5738266720137706,0.6379581944357362,0.264601068755451,2.0,0.001516310654012143,0.0014631946069058044,0.06666666666666667
MILD,MILD__HOLD_R1_K175,PS 18:1_18:3,175,R1,filter_loss,0.006201187285917627,9.277396063666189e-06,0.6381277857367744,0.5253007492314473,0.23640738012806917,0.5340342571614348,0.002803569105580772,0.0028337271763367866,0.046875
MILD,MILD__HOLD_R1_K175,PS 20:0_16:1,175,R1,filter_loss,0.003149060751953033,6.45669195913241e-07,0.49681824282241865,0.5478869149773706,0.34409744001467496,0.6170676298438253,0.059660803180161204,0.06023360124150534,0.06578947368421052
MILD,MILD__HOLD_R2_K050,PA 18:0_22:2,50,R2,filter_loss,0.013665179692894323,0.0,0.27393752390511106,0.8394493239810369,0.36260158405766385,0.6170676298438253,0.0031467721020281836,0.001963496628401451,0.05333333333333334
MILD,MILD__HOLD_R2_K050,PA 18:0_22:4,50,R2,retained_true,0.018442397082914334,2.2384047784026757e-05,0.18925162859522815,0.8691673191165914,0.31323723028330897,0.5,0.0052424423533639075,0.005220284092495531,0.04878048780487805
MILD,MILD__HOLD_R2_K050,PA 18:0_24:1,50,R2,retained_true,0.013548689064202453,2.0660236302363963e-05,0.3334734584306543,0.8793255202210899,0.22349976674487387,0.689110922829001,0.0006864036053716438,0.000725562654723011,0.05970149253731343
MILD,MILD__HOLD_R2_K050,PA 18:1_22:1,50,R2,retained_true,0.02475589141802819,9.688742091700703e-05,0.46175873097333114,0.9022714644699661,0.2905844069806663,0.7303443264893795,0.00041288798704874896,0.0012335033041256382,0.05405405405405406
MILD,MILD__HOLD_R2_K050,PA 20:0_20:4,50,R2,filter_loss,0.002833021992155441,2.6721959999022303e-06,0.1645114953783594,0.8957566529041909,0.3424625013635971,0.7303443264893795,0.0275152521851324,0.02927579501551658,0.0449438202247191
MILD,MILD__HOLD_R2_K050,PA 20:1_20:1,50,R2,filter_loss,0.013900307710797255,3.2153475456839773e-06,0.4231895167566119,0.9753576763078726,0.3291536211973855,0.5,0.0010118669186879314,0.002037990335239992,0.06818181818181818
MILD,MILD__HOLD_R2_K050,PA 20:1_22:1,50,R2,retained_true,0.02258383650280687,0.00013128731590030085,0.48292710886676304,0.8982874947005188,0.22073574264275386,0.7802037075442214,0.018562907982432097,0.02491796284808878,0.07894736842105263
MILD,MILD__HOLD_R2_K050,PA 22:1_18:2,50,R2,retained_true,0.0509160965995957,0.00032287513810334763,0.3672416022212644,0.8804726866933393,0.42728280324989093,2.0,0.006605096516895115,0.006326827710238514,0.02702702702702703
MILD,MILD__HOLD_R2_K050,PA 22:1_20:2,50,R2,retained_true,0.04583101421718198,0.00034138031941381567,0.43337633237958284,0.8789327040599717,0.27097424872123554,2.0,0.0080624691981116,0.011981980213494614,0.04
MILD,MILD__HOLD_R2_K050,PA 22:1_20:3,50,R2,retained_true,0.015452113422498776,9.493580088604186e-05,0.47201880717776407,0.8266719825061805,0.24944586960093668,0.5340342571614348,0.010869264824328262,0.012492854571788947,0.05194805194805195
MILD,MILD__HOLD_R2_K050,PA 22:6_22:6,50,R2,retained_true,0.05553968362138288,0.002521528394695128,0.5618631902016936,0.691000163096786,0.18635717808006635,2.0,0.00917253164779075,0.009477089595620991,0.0625
MILD,MILD__HOLD_R2_K050,PC 14:0_20:4,50,R2,retained_true,0.024062405440488068,0.0007240128853293875,0.6036768381098416,0.7745273553735048,0.030942368542241527,0.7802037075442214,0.0018490512821154326,0.0018224172135786754,0.012048192771084338
MILD,MILD__HOLD_R2_K050,PC 16:1_18:1,50,R2,retained_true,0.039262493175883,4.6791699344522423e-05,0.3710824945274597,0.6900215947371616,0.3528311199198995,2.0,0.005740128810954093,0.005740337720885114,0.06521739130434782
MILD,MILD__HOLD_R2_K050,PC 20:0_14:1,50,R2,filter_loss,0.018916024995630613,1.1803156312932653e-05,0.593367589246976,0.47707361889437966,0.2851238976272237,0.6170676298438253,0.002188794125086768,0.0021900445777822686,0.05333333333333334
MILD,MILD__HOLD_R2_K050,PE 16:0_22:1,50,R2,retained_true,0.029861156088627456,3.0134354773257084e-05,0.20454583643989277,0.8508967724619106,0.32715941021570594,1.4538436095675817,0.0026095936024855826,0.0026208471119697485,0.09259259259259259
MILD,MILD__HOLD_R2_K050,PE 16:0_22:2,50,R2,retained_true,0.022698972645480504,4.248349639199023e-05,0.1886425381510025,0.8572487991575071,0.3301179135196991,2.0,0.0008072029675337822,0.0008077406273154786,0.017543859649122806
MILD,MILD__HOLD_R2_K050,PE 16:0_24:5,50,R2,filter_loss,0.034675156940679054,1.600475383243631e-05,0.21271686018449112,0.9348240213453116,0.1546244672974381,0.5,0.001921353681188731,0.001875379517050746,0.06896551724137931
MILD,MILD__HOLD_R2_K050,PE 16:1_22:1,50,R2,retained_true,0.03080108356809185,2.5533586292223623e-05,0.29634414058106057,0.6962164662208943,0.4407404219699385,1.0000000000000002,0.00808124486543349,0.008570132244739348,0.05660377358490566
MILD,MILD__HOLD_R2_K050,PE 16:1_22:4,50,R2,filter_loss,0.0028223978971795988,0.0,0.11707440620301834,0.9872300880237134,0.16084900498979865,0.5,0.0007842304184302318,0.0007842322844462402,0.031746031746031744
MILD,MILD__HOLD_R2_K050,PE 17:0_20:0,50,R2,filter_loss,0.00868359079891334,7.470564184359881e-06,0.2698075638945543,0.9206618024583055,0.26327938903853587,0.5,0.001887741959508804,0.0017402936546969672,0.07936507936507936
MILD,MILD__HOLD_R2_K050,PE 17:0_22:6,50,R2,retained_true,0.035656316182155284,0.0003715955449816132,0.31244709118745745,0.8271838267520604,0.30433218821543645,2.0,0.017611707508774055,0.01838682715755835,0.12121212121212122
MILD,MILD__HOLD_R2_K050,PE 18:3_20:4,50,R2,filter_loss,0.008936747662948843,1.0555882548425475e-05,0.15717262060050777,0.9796724074104938,0.3020809046376558,0.5,0.006280647038709897,0.0062955661135006835,0.04054054054054054
MILD,MILD__HOLD_R2_K050,PE 20:1_20:3,50,R2,retained_true,0.018921403089325956,2.2952175759153504e-05,0.15409170574418976,0.9673598800301968,0.13448997604329319,1.2101381550740857,0.000491030613383403,0.000468651826536548,0.03773584905660377
MILD,MILD__HOLD_R2_K050,PE 20:3_20:3,50,R2,filter_loss,0.025953530302300156,1.6794154265771254e-05,0.11972298568219342,0.9884825101246301,0.06004173901205881,1.0000000000000002,0.00048032041794177083,0.0004712716755622681,0.0
MILD,MILD__HOLD_R2_K050,PE 22:0_16:1,50,R2,retained_true,0.05247507586344767,0.0004442074239980391,0.4791490094759039,0.8206488603123235,0.1992356350010589,2.0,0.004476879868959838,0.005136088122938753,0.0392156862745098
MILD,MILD__HOLD_R2_K050,PE O-16:0_22:4,50,R2,filter_loss,0.026578986086742463,1.5050116252492326e-05,0.21233553953653375,0.9788297262879938,0.0525446422437508,2.0,0.0004060403474748231,0.00041840104713342097,0.0
MILD,MILD__HOLD_R2_K050,PE O-16:0_22:5,50,R2,retained_true,0.050243241933957475,0.00026224697361484017,0.2748935194643735,0.9595548171321114,0.1397678816901211,2.0,0.00038394355007931313,0.0002964901617497073,0.0
MILD,MILD__HOLD_R2_K050,PE O-16:1_24:0,50,R2,retained_true,0.014291106324086625,0.00012368707139039686,0.6719956962672089,0.7350890401757907,0.07613711984283755,0.5,0.001067432937777557,0.0006814609391118109,0.03571428571428571
MILD,MILD__HOLD_R2_K050,PE O-16:1_24:5,50,R2,filter_loss,0.015715120841619152,1.1875413768352735e-05,0.34567378912555613,0.9348240213453116,0.021667538356373084,0.8939526432607221,0.0025190919169711945,0.0024780282091372285,0.05555555555555555
MILD,MILD__HOLD_R2_K050,PE O-18:0_20:2,50,R2,filter_loss,0.00408076968986837,9.716098851020944e-06,0.24588669439016053,0.9868742659860326,0.06594469017151477,0.689110922829001,0.0019601050080191307,0.0005584465070473943,0.0
MILD,MILD__HOLD_R2_K050,PE O-18:0_22:3,50,R2,filter_loss,0.011474586586615428,5.581391615265704e-06,0.17092763078541914,0.9848176901850096,0.13210834735563867,0.8939526432607221,0.0008456161502210513,0.0005473704997376316,0.125
MILD,MILD__HOLD_R2_K050,PE O-18:1_20:3,50,R2,filter_loss,0.005882549961839635,1.841092287190688e-18,0.17248031845796863,0.9828895828332406,0.04325030597265456,0.5,0.001199120320281133,0.001173666927543504,0.09090909090909091
MILD,MILD__HOLD_R2_K050,PE O-18:3_20:3,50,R2,filter_loss,0.02983165522639588,1.4117820674914648e-05,0.14272429629361114,0.9852235586914223,0.03704042840064109,2.0,0.0009088682263856951,0.0009038504168767947,0.0
MILD,MILD__HOLD_R2_K050,PE O-18:3_22:5,50,R2,retained_true,0.03507716508832741,7.859639515512338e-05,0.24245622912169137,0.9538166594574129,0.08542067730299038,2.0,0.000300097893669804,0.0002976237770843104,0.0
MILD,MILD__HOLD_R2_K050,PE O-20:1_18:2,50,R2,retained_true,0.039197187782196996,0.00013760418493124262,0.4351737905876049,0.9895861653945057,0.1319467591106363,2.0,0.00023551375914476758,0.0002665464533165851,0.030303030303030304
MILD,MILD__HOLD_R2_K050,PE O-20:3_20:4,50,R2,filter_loss,0.018788798236158685,5.905080652473777e-06,0.2145730867610224,0.9824124426110163,0.03143893515640733,1.4538436095675817,0.0030017567410796087,0.002117635277798957,0.021739130434782608
MILD,MILD__HOLD_R2_K050,PE O-22:1_18:2,50,R2,retained_true,0.05139139084260126,0.0003922703786175777,0.3303710154344505,0.9888056550432852,0.337294176164278,2.0,0.001060120048168356,0.0004618266693974249,0.0
MILD,MILD__HOLD_R2_K050,PG 14:0_20:0,50,R2,filter_loss,0.011589267448717185,1.4505761298965301e-05,0.7233219574944608,0.7740328453451822,0.0781368584247818,0.5,6.341122825315182e-05,0.0008465325861760631,0.05
MILD,MILD__HOLD_R2_K050,PG 14:0_22:0,50,R2,filter_loss,0.011816852028943354,1.841092287190688e-18,0.39347230654553556,0.7936099239641267,0.021497958044986498,0.5,6.010538475131888e-05,0.004721999882481787,0.0125
MILD,MILD__HOLD_R2_K050,PG 16:0_22:4,50,R2,filter_loss,0.04232181130306197,2.8191348395410894e-06,0.20371874124768685,0.9923755383909935,0.44339453837236364,1.0760213163243861,0.006204517917372199,0.004482035888584646,0.034482758620689655
MILD,MILD__HOLD_R2_K050,PG 16:1_22:3,50,R2,filter_loss,0.044025033008928516,1.1232774187659981e-05,0.23838939494724698,0.9816952449555878,0.29010776373355207,1.8682084992203376,0.0029689467587183938,0.011172064022184958,0.046511627906976744
MILD,MILD__HOLD_R2_K050,PG 17:0_18:2,50,R2,retained_true,0.052782692531691856,0.00026338503493446503,0.3764851143957298,0.9263229165510191,0.3987025973319038,1.8682084992203376,0.008230647100060384,0.016439132142790913,0.021505376344086023
MILD,MILD__HOLD_R2_K050,PG 18:0_18:1,50,R2,filter_loss,0.025095259384949286,5.672339825880991e-07,0.22385302590484416,0.857321011866293,0.5499702514118422,1.2101381550740857,0.009484848876495366,0.014209638457357121,0.06329113924050633
MILD,MILD__HOLD_R2_K050,PG 18:2_20:2,50,R2,filter_loss,0.05741605532718811,1.3393340635833593e-05,0.26810270421335247,0.9325718345250835,0.2603944544674466,2.0,7.151403581784344e-05,0.0005881280192069349,0.0898876404494382
MILD,MILD__HOLD_R2_K050,PG 20:1_18:3,50,R2,retained_true,0.02995059684988902,3.386828936710262e-05,0.23811465068961957,0.9659907277452849,0.39065317821122125,1.0760213163243861,0.003301798627939889,0.0014211657860777605,0.013333333333333334
MILD,MILD__HOLD_R2_K050,PS 16:0_20:3,50,R2,filter_loss,0.014183187892668885,1.4154988294516318e-05,0.31718607034211305,0.6379581944357362,0.2271159539431486,0.5,0.024743180600422243,0.0532754581349153,0.02631578947368421
MILD,MILD__HOLD_R2_K050,PS 16:1_20:4,50,R2,retained_true,0.06550871076564069,0.004864130796707625,0.6316414058973379,0.55604981646135,0.12364708441998395,2.0,0.0006250680690788046,0.0006367104023839998,0.05128205128205128
MILD,MILD__HOLD_R2_K050,PS 17:0_18:1,50,R2,retained_true,0.015973063976416443,0.00022391119397594737,0.6537549379034493,0.5358578664393875,0.1898482402281083,0.5,0.00248721638376892,0.002491653810229977,0.0410958904109589
MILD,MILD__HOLD_R2_K050,PS 18:0_18:3,50,R2,retained_true,0.05646232624504586,0.0031465559780526043,0.5738266720137706,0.6379581944357362,0.264601068755451,2.0,0.001516310654012143,0.0014631946069058044,0.06666666666666667
MILD,MILD__HOLD_R2_K050,PS 18:1_18:3,50,R2,retained_true,0.018055213519683706,0.00018483331585047508,0.6381277857367744,0.5253007492314473,0.23640738012806917,0.5340342571614348,0.002803569105580772,0.0028337271763367866,0.046875
MILD,MILD__HOLD_R2_K125,PA 16:0_24:1,125,R2,filter_loss,0.0208508622822758,1.7005824539636466e-05,0.5504804076642431,0.883487638633687,0.19595790828137805,2.0,0.0018129815710938857,0.0005478222759552898,0.017857142857142856
MILD,MILD__HOLD_R2_K125,PA 18:0_22:0,125,R2,filter_loss,0.018731073474959743,2.172685751449719e-07,0.3381799302246325,0.7789494468002593,0.44534403487199864,1.4538436095675817,0.0011921075225009847,0.0013569185606716605,0.05405405405405406
MILD,MILD__HOLD_R2_K125,PA 18:0_22:2,125,R2,filter_loss,0.004119785220845975,0.0,0.27393752390511106,0.8394493239810369,0.36260158405766385,0.6170676298438253,0.0031467721020281836,0.001963496628401451,0.05333333333333334
MILD,MILD__HOLD_R2_K125,PA 18:0_22:4,125,R2,filter_loss,0.010872265799155812,7.541257162802204e-08,0.18925162859522815,0.8691673191165914,0.31323723028330897,0.5,0.0052424423533639075,0.005220284092495531,0.04878048780487805
MILD,MILD__HOLD_R2_K125,PA 18:0_24:1,125,R2,filter_loss,0.01196642203666876,0.0,0.3334734584306543,0.8793255202210899,0.22349976674487387,0.689110922829001,0.0006864036053716438,0.000725562654723011,0.05970149253731343
MILD,MILD__HOLD_R2_K125,PA 18:0_24:5,125,R2,filter_loss,0.00734458235364583,3.565758524859027e-07,0.1609179673339711,0.923167578011941,0.23175005437601462,0.5,0.0008635904598484068,0.0008511644063095014,0.025
MILD,MILD__HOLD_R2_K125,PA 18:1_22:1,125,R2,filter_loss,0.01114550877972608,6.077692249191178e-07,0.46175873097333114,0.9022714644699661,0.2905844069806663,0.7303443264893795,0.00041288798704874896,0.0012335033041256382,0.05405405405405406
MILD,MILD__HOLD_R2_K125,PA 18:1_22:3,125,R2,retained_true,0.029810209829903365,2.1790045877711592e-05,0.26035456632127724,0.8639124793194024,0.33467634555443054,2.0,0.0026888722371033458,0.002139123678131294,0.03896103896103896
MILD,MILD__HOLD_R2_K125,PA 18:1_22:4,125,R2,filter_loss,0.01591385219308849,2.4308973708959346e-06,0.23118051955905902,0.7349039762795926,0.45741325188581883,2.0,0.004805814183295842,0.004868951904925756,0.024096385542168676
MILD,MILD__HOLD_R2_K125,PA 18:1_24:4,125,R2,filter_loss,0.0047152333702602705,1.0860656544820618e-08,0.2590661626283403,0.770029563231097,0.383684973635327,0.5,0.0010838412905258554,0.0010729791287783508,0.058823529411764705
MILD,MILD__HOLD_R2_K125,PA 20:0_20:3,125,R2,filter_loss,0.012355343775823787,0.0,0.28594755195446475,0.8048190171061798,0.4076195370011738,1.4538436095675817,0.008036960110991642,0.00976471434619064,0.07317073170731707
MILD,MILD__HOLD_R2_K125,PA 20:0_20:4,125,R2,filter_loss,0.0032623160411432593,6.368044534266845e-07,0.1645114953783594,0.8957566529041909,0.3424625013635971,0.7303443264893795,0.0275152521851324,0.02927579501551658,0.0449438202247191
MILD,MILD__HOLD_R2_K125,PA 20:0_22:1,125,R2,filter_loss,0.011605880015782308,0.0,0.3017443733307278,0.7600275012777736,0.3861256918000734,0.689110922829001,0.003709424811556894,0.003737143717409519,0.025974025974025976
MILD,MILD__HOLD_R2_K125,PA 20:0_22:4,125,R2,filter_loss,0.008055363066841697,1.1344595949205849e-07,0.241048023112079,0.8303328039494347,0.3429309669132585,0.5,0.060892874707397016,0.06298741883866765,0.046511627906976744
MILD,MILD__HOLD_R2_K125,PA 20:1_20:1,125,R2,filter_loss,0.008905478897487157,1.2879316306033976e-06,0.4231895167566119,0.9753576763078726,0.3291536211973855,0.5,0.0010118669186879314,0.002037990335239992,0.06818181818181818
MILD,MILD__HOLD_R2_K125,PA 20:1_22:1,125,R2,filter_loss,0.007741661580495238,1.1881346689935046e-05,0.48292710886676304,0.8982874947005188,0.22073574264275386,0.7802037075442214,0.018562907982432097,0.02491796284808878,0.07894736842105263
MILD,MILD__HOLD_R2_K125,PA 20:1_22:3,125,R2,filter_loss,0.014493079358934258,1.6420458759739518e-07,0.33476954438953394,0.8781031661032047,0.24658711409645712,1.8682084992203376,0.018403108017956193,0.021063832308081065,0.06329113924050633
MILD,MILD__HOLD_R2_K125,PA 20:1_22:6,125,R2,filter_loss,0.011664928029490021,4.870451261320946e-07,0.23670331410171605,0.9753576763078726,0.2468565478982028,1.0760213163243861,0.0025643340536040116,0.0025700567332332946,0.06172839506172839
MILD,MILD__HOLD_R2_K125,PA 20:4_22:4,125,R2,filter_loss,0.005654872345956436,1.3897011475295268e-05,0.48634054946811606,0.6664725514235691,0.28586225820427874,0.5,0.014403718647744035,0.015260405212573436,0.03225806451612903
MILD,MILD__HOLD_R2_K125,PA 22:0_20:1,125,R2,retained_true,0.010337920309205637,2.2685470348699635e-05,0.4020166500263304,0.8495611434984474,0.2527636987135384,1.0760213163243861,0.01593733933205499,0.018926282928069638,0.04
MILD,MILD__HOLD_R2_K125,PA 22:0_20:4,125,R2,retained_true,0.023239430377952765,1.9183423674969323e-05,0.4550397992700734,0.7513055221510871,0.3384293666283728,2.0,0.0023387656878122165,0.0024800429863981455,0.04819277108433735
MILD,MILD__HOLD_R2_K125,PA 22:1_18:2,125,R2,retained_true,0.027723870784109282,3.033510763732395e-05,0.3672416022212644,0.8804726866933393,0.42728280324989093,2.0,0.006605096516895115,0.006326827710238514,0.02702702702702703
MILD,MILD__HOLD_R2_K125,PA 22:1_20:2,125,R2,filter_loss,0.018638880107711298,1.635670857169726e-05,0.43337633237958284,0.8789327040599717,0.27097424872123554,2.0,0.0080624691981116,0.011981980213494614,0.04
MILD,MILD__HOLD_R2_K125,PA 22:1_20:3,125,R2,retained_true,0.01835016234818283,5.8236738559869806e-05,0.47201880717776407,0.8266719825061805,0.24944586960093668,0.5340342571614348,0.010869264824328262,0.012492854571788947,0.05194805194805195
MILD,MILD__HOLD_R2_K125,PA 22:1_20:5,125,R2,filter_loss,0.004913868670570853,1.9717980789300336e-06,0.35373566324826666,0.8941830868357824,0.2306843778836697,0.5,0.0036393607382263493,0.003952696241691589,0.025
MILD,MILD__HOLD_R2_K125,PA 22:5_22:5,125,R2,filter_loss,0.008280377001540242,6.568839187915932e-07,0.37471749963267753,0.9264320052062154,0.08562930665407442,0.8939526432607221,0.05654517952012661,0.05902033614793045,0.10869565217391304
MILD,MILD__HOLD_R2_K125,PA 22:6_22:6,125,R2,retained_true,0.02474713873097319,0.00015763436455096122,0.5618631902016936,0.691000163096786,0.18635717808006635,2.0,0.00917253164779075,0.009477089595620991,0.0625
MILD,MILD__HOLD_R2_K125,PA 24:1_18:2,125,R2,retained_true,0.014938673035123138,2.560234325614707e-05,0.416531063009088,0.7481851339902038,0.35294871355264307,1.0000000000000002,0.0021331576615825076,0.0017595765424679444,0.045454545454545456
MILD,MILD__HOLD_R2_K125,PC 14:0_20:4,125,R2,retained_true,0.012288076304864814,0.00013724977651728327,0.6036768381098416,0.7745273553735048,0.030942368542241527,0.7802037075442214,0.0018490512821154326,0.0018224172135786754,0.012048192771084338
MILD,MILD__HOLD_R2_K125,PC 14:1_20:1,125,R2,retained_true,0.02822269502568591,6.352070118370512e-05,0.4158486366407816,0.6900215947371616,0.30806497780657766,2.0,0.0002922287015207914,0.00029117252372179436,0.012987012987012988
MILD,MILD__HOLD_R2_K125,PC 16:0_18:0,125,R2,filter_loss,0.010115721331976777,4.452928640269995e-06,0.49212912704514206,0.6471130837014081,0.2680149501547328,0.7802037075442214,0.004063515546806951,0.004072487376110989,0.07058823529411765
MILD,MILD__HOLD_R2_K125,PC 16:0_18:1,125,R2,filter_loss,0.001792847316622441,9.462868290698794e-07,0.3986166534022413,0.6482926248318512,0.4109027795617344,0.5340342571614348,0.002719818573634347,0.002719800540087247,0.11594202898550725
MILD,MILD__HOLD_R2_K125,PC 16:1_18:1,125,R2,filter_loss,0.00852400259949933,0.0,0.3710824945274597,0.6900215947371616,0.3528311199198995,2.0,0.005740128810954093,0.005740337720885114,0.06521739130434782
MILD,MILD__HOLD_R2_K125,PC 16:1_18:2,125,R2,retained_true,0.027799895452359363,6.90493746911433e-05,0.6451321224456396,0.494520891089959,0.2246564065829395,2.0,0.07762520620459001,0.07763217030105019,0.06666666666666667
MILD,MILD__HOLD_R2_K125,PC 20:0_14:1,125,R2,filter_loss,0.006802162992888892,1.1239608897208482e-06,0.593367589246976,0.47707361889437966,0.2851238976272237,0.6170676298438253,0.002188794125086768,0.0021900445777822686,0.05333333333333334
MILD,MILD__HOLD_R2_K125,PE 16:0_22:1,125,R2,filter_loss,0.009935491335202652,2.0683399393471597e-06,0.20454583643989277,0.8508967724619106,0.32715941021570594,1.4538436095675817,0.0026095936024855826,0.0026208471119697485,0.09259259259259259
MILD,MILD__HOLD_R2_K125,PE 16:0_22:2,125,R2,filter_loss,0.004714314288141333,0.0,0.1886425381510025,0.8572487991575071,0.3301179135196991,2.0,0.0008072029675337822,0.0008077406273154786,0.017543859649122806
MILD,MILD__HOLD_R2_K125,PE 16:0_24:5,125,R2,filter_loss,0.012481775125745423,4.07385557357301e-06,0.21271686018449112,0.9348240213453116,0.1546244672974381,0.5,0.001921353681188731,0.001875379517050746,0.06896551724137931
MILD,MILD__HOLD_R2_K125,PE 16:0_24:6,125,R2,filter_loss,0.025381337773670666,1.480136042228934e-05,0.354462542162506,0.9120817497666402,0.1077393979106176,2.0,0.012594339890680706,0.012384383975249547,0.04838709677419355
MILD,MILD__HOLD_R2_K125,PE 16:1_22:1,125,R2,filter_loss,0.008443258893043617,1.3356846202730397e-06,0.29634414058106057,0.6962164662208943,0.4407404219699385,1.0000000000000002,0.00808124486543349,0.008570132244739348,0.05660377358490566
MILD,MILD__HOLD_R2_K125,PE 16:1_22:4,125,R2,filter_loss,0.003925938586688223,0.0,0.11707440620301834,0.9872300880237134,0.16084900498979865,0.5,0.0007842304184302318,0.0007842322844462402,0.031746031746031744
MILD,MILD__HOLD_R2_K125,PE 17:0_20:0,125,R2,filter_loss,0.0016426203401806484,2.8989949604232383e-06,0.2698075638945543,0.9206618024583055,0.26327938903853587,0.5,0.001887741959508804,0.0017402936546969672,0.07936507936507936
MILD,MILD__HOLD_R2_K125,PE 17:0_22:4,125,R2,filter_loss,0.00587093319592843,2.6795917743922056e-06,0.16492324087593133,0.9518068384474951,0.1688292372948361,1.0000000000000002,0.003262250096318753,0.003098515234440602,0.04411764705882353
MILD,MILD__HOLD_R2_K125,PE 17:0_22:5,125,R2,retained_true,0.025786705030084466,3.735683505258662e-05,0.20553202250395822,0.9211023236447361,0.22285151703158326,2.0,0.0012394890093427868,0.0012522411101744124,0.030303030303030304
MILD,MILD__HOLD_R2_K125,PE 17:0_22:6,125,R2,retained_true,0.021938590377269373,4.425697364819076e-05,0.31244709118745745,0.8271838267520604,0.30433218821543645,2.0,0.017611707508774055,0.01838682715755835,0.12121212121212122
MILD,MILD__HOLD_R2_K125,PE 17:1_20:1,125,R2,filter_loss,0.007180248255728194,5.667624451091987e-06,0.2809048613188857,0.9726361074886047,0.3272746898881621,0.7802037075442214,0.0022883291685498186,0.0024144226540380176,0.08196721311475409
MILD,MILD__HOLD_R2_K125,PE 17:1_20:3,125,R2,filter_loss,0.0072872576121714655,1.6783815022706943e-06,0.17058675100295786,0.9942019114139844,0.23344250644858108,0.5,0.0217430849925212,0.02209873193679912,0.1
MILD,MILD__HOLD_R2_K125,PE 17:1_22:5,125,R2,filter_loss,0.01463103697838702,4.698833026349556e-06,0.1734421065443991,0.9209267513286628,0.23190880091119995,0.5,0.0016810239978535257,0.0016830515975861937,0.06349206349206349
MILD,MILD__HOLD_R2_K125,PE 17:1_22:6,125,R2,filter_loss,0.014199604923759872,6.982800938244769e-06,0.2805102678681988,0.8065738667783828,0.34444630313629093,1.2101381550740857,0.0021298269298372086,0.002090265847873085,0.1111111111111111
MILD,MILD__HOLD_R2_K125,PE 18:0_20:3,125,R2,filter_loss,0.005250308138225242,1.1670528756254372e-07,0.19168425851262216,0.9604368385083139,0.1400403915099126,0.6170676298438253,0.00019942539037831608,0.0002018506253916863,0.03125
MILD,MILD__HOLD_R2_K125,PE 18:0_20:5,125,R2,filter_loss,0.020205696241917457,1.003044968257842e-05,0.4239120961696826,0.9850297730134422,0.320123235599173,2.0,0.0011396559714325072,0.0011919672869405984,0.02666666666666667
MILD,MILD__HOLD_R2_K125,PE 18:1_20:2,125,R2,filter_loss,0.0070738180245881075,1.2483156589028876e-06,0.23433578314102768,0.9251187567839819,0.20375319449318544,0.7303443264893795,0.0008310407557433619,0.00014275590517265346,0.014285714285714285
MILD,MILD__HOLD_R2_K125,PE 18:1_22:3,125,R2,solver_miss,0.000574939090905963,,0.10400557506001402,0.9605256779361461,0.1742934444820513,0.7802037075442214,0.0035822472545240513,0.0035823397963168357,0.058823529411764705
MILD,MILD__HOLD_R2_K125,PE 18:2_20:2,125,R2,filter_loss,0.013564390765119541,1.4067489142738254e-06,0.18632332063996887,0.930785287256962,0.4829206823131476,2.0,0.0008037372846143587,0.0008063023806984537,0.028985507246376812
MILD,MILD__HOLD_R2_K125,PE 18:3_20:4,125,R2,solver_miss,0.000491291818374075,,0.15717262060050777,0.9796724074104938,0.3020809046376558,0.5,0.006280647038709897,0.0062955661135006835,0.04054054054054054
MILD,MILD__HOLD_R2_K125,PE 20:0_20:3,125,R2,filter_loss,0.0056939673281177,2.1413069011732264e-06,0.23032749244938702,0.9788474233762352,0.09767313679891157,1.0760213163243861,0.021471551927456423,0.022981147873066488,0.1206896551724138
MILD,MILD__HOLD_R2_K125,PE 20:1_18:2,125,R2,filter_loss,0.005224167220246901,0.0,0.3477875659110764,0.8910754995054128,0.2892279401300275,0.5,0.0915750292343036,0.10181200158881287,0.07142857142857142
MILD,MILD__HOLD_R2_K125,PE 20:1_20:3,125,R2,filter_loss,0.016843353053032212,3.2026276511256362e-06,0.15409170574418976,0.9673598800301968,0.13448997604329319,1.2101381550740857,0.000491030613383403,0.000468651826536548,0.03773584905660377
MILD,MILD__HOLD_R2_K125,PE 20:1_20:4,125,R2,solver_miss,0.0005187801722979831,,0.22946614386916517,0.9422890778439277,0.1647009138898418,0.5,0.0011668996450705515,0.0009797108106910368,0.0410958904109589
MILD,MILD__HOLD_R2_K125,PE 20:1_20:5,125,R2,retained_true,0.027038832443476303,5.306402121826651e-05,0.3973599004661181,0.7993795604865694,0.33650437366671354,2.0,0.002105112367196016,0.0015876158792395012,0.06944444444444445
MILD,MILD__HOLD_R2_K125,PE 20:3_20:3,125,R2,filter_loss,0.011828850871830833,9.557272275518197e-07,0.11972298568219342,0.9884825101246301,0.06004173901205881,1.0000000000000002,0.00048032041794177083,0.0004712716755622681,0.0
MILD,MILD__HOLD_R2_K125,PE 20:4_20:5,125,R2,retained_true,0.02491605571930877,0.00012848359357813484,0.26664550336010406,0.7114621309435802,0.4744158758561441,2.0,0.0026647366186214327,0.0027472315274700287,0.01694915254237288
MILD,MILD__HOLD_R2_K125,PE 22:0_16:1,125,R2,retained_true,0.024447640346887938,1.7657332494422888e-05,0.4791490094759039,0.8206488603123235,0.1992356350010589,2.0,0.004476879868959838,0.005136088122938753,0.0392156862745098
MILD,MILD__HOLD_R2_K125,PE O-16:0_22:4,125,R2,filter_loss,0.01113989130289009,7.503017646359087e-07,0.21233553953653375,0.9788297262879938,0.0525446422437508,2.0,0.0004060403474748231,0.00041840104713342097,0.0
MILD,MILD__HOLD_R2_K125,PE O-16:0_22:5,125,R2,filter_loss,0.015061568062108633,1.8479765675379438e-06,0.2748935194643735,0.9595548171321114,0.1397678816901211,2.0,0.00038394355007931313,0.0002964901617497073,0.0
MILD,MILD__HOLD_R2_K125,PE O-16:1_24:0,125,R2,filter_loss,0.006094257116361628,2.6268721340283956e-06,0.6719956962672089,0.7350890401757907,0.07613711984283755,0.5,0.001067432937777557,0.0006814609391118109,0.03571428571428571
MILD,MILD__HOLD_R2_K125,PE O-16:1_24:5,125,R2,filter_loss,0.012289105106372138,0.0,0.34567378912555613,0.9348240213453116,0.021667538356373084,0.8939526432607221,0.0025190919169711945,0.0024780282091372285,0.05555555555555555
MILD,MILD__HOLD_R2_K125,PE O-18:0_20:1,125,R2,filter_loss,0.008617742713966214,3.4238378688676424e-07,0.318148671588633,0.9846847840318518,0.10986362796133797,0.8939526432607221,0.0001630039114796089,0.00017009481650798186,0.037037037037037035
MILD,MILD__HOLD_R2_K125,PE O-18:0_20:2,125,R2,filter_loss,0.00761089259340463,9.86258151175247e-07,0.24588669439016053,0.9868742659860326,0.06594469017151477,0.689110922829001,0.0019601050080191307,0.0005584465070473943,0.0
MILD,MILD__HOLD_R2_K125,PE O-18:0_20:5,125,R2,filter_loss,0.009773402085782916,5.86810539374042e-07,0.6919909071159304,0.9215313010613547,0.1361896321849082,0.5,0.0038942866708165935,0.004027293005726573,0.02857142857142857
MILD,MILD__HOLD_R2_K125,PE O-18:0_22:3,125,R2,filter_loss,0.002158648146731549,0.0,0.17092763078541914,0.9848176901850096,0.13210834735563867,0.8939526432607221,0.0008456161502210513,0.0005473704997376316,0.125
MILD,MILD__HOLD_R2_K125,PE O-18:0_22:4,125,R2,filter_loss,0.01681809322780956,0.0,0.29140314574818993,0.9785214888337301,0.07223834193787476,0.5,0.00991779822923411,0.010948030972303235,0.06451612903225806
MILD,MILD__HOLD_R2_K125,PE O-18:0_22:6,125,R2,retained_true,0.027041727758909312,0.00017502874036829066,0.5753436233533816,0.900438885889574,0.17868511941106635,2.0,0.000292360631166555,0.0004274430617627889,0.02857142857142857
MILD,MILD__HOLD_R2_K125,PE O-18:1_20:3,125,R2,filter_loss,0.005022585277261169,0.0,0.17248031845796863,0.9828895828332406,0.04325030597265456,0.5,0.001199120320281133,0.001173666927543504,0.09090909090909091
MILD,MILD__HOLD_R2_K125,PE O-18:1_20:5,125,R2,filter_loss,0.0047167435724717564,1.2541117997739444e-07,0.5577857427715306,0.9215313010613547,0.19234784377749203,0.5340342571614348,0.004494611377175217,0.0021003523208922292,0.023809523809523808
MILD,MILD__HOLD_R2_K125,PE O-18:2_20:3,125,R2,filter_loss,0.005206052959797897,0.0,0.15389249231375365,0.982213995160686,0.04157871249447814,0.7303443264893795,0.011902632343288366,0.01190551140071483,0.06060606060606061
MILD,MILD__HOLD_R2_K125,PE O-18:2_22:3,125,R2,filter_loss,0.003506843855384533,4.593671373194876e-07,0.11689533016188987,0.986523537683374,0.04682821117393669,1.2101381550740857,0.00025152470337641564,0.00025152508544168395,0.06451612903225806
MILD,MILD__HOLD_R2_K125,PE O-18:2_22:4,125,R2,filter_loss,0.004303746853644343,1.942129877669185e-08,0.14828595476682938,0.9790243416279218,0.05669129626843439,0.5,0.0006958109492893882,0.000691927852268126,0.02631578947368421
MILD,MILD__HOLD_R2_K125,PE O-18:2_22:5,125,R2,filter_loss,0.02461637209926794,1.8926993615025054e-08,0.26103860623460656,0.9522818262826038,0.09101743804944895,2.0,0.0005889830349302683,0.0005985797905463386,0.02564102564102564
MILD,MILD__HOLD_R2_K125,PE O-18:3_20:3,125,R2,filter_loss,0.023305965317147376,2.710576468485349e-07,0.14272429629361114,0.9852235586914223,0.03704042840064109,2.0,0.0009088682263856951,0.0009038504168767947,0.0
MILD,MILD__HOLD_R2_K125,PE O-18:3_22:3,125,R2,filter_loss,0.01932518937272145,0.0,0.12439321564387905,0.986523537683374,0.03933032569194751,1.4538436095675817,0.00039330638137358154,0.000393316500170271,0.0967741935483871
MILD,MILD__HOLD_R2_K125,PE O-18:3_22:5,125,R2,filter_loss,0.023377626058304228,1.1603806712396182e-06,0.24245622912169137,0.9538166594574129,0.08542067730299038,2.0,0.000300097893669804,0.0002976237770843104,0.0
MILD,MILD__HOLD_R2_K125,PE O-20:0_20:2,125,R2,filter_loss,0.003825030943681772,0.0,0.3574277360579778,0.9885666181646524,0.13364990366733687,0.5,0.0013632549085536017,0.0008270848205020886,0.14814814814814814
MILD,MILD__HOLD_R2_K125,PE O-20:0_20:4,125,R2,filter_loss,0.011184185489118119,2.8259511133909783e-06,0.526269032993801,0.9845400250879618,0.03802391643362135,0.8939526432607221,0.0021938309055087313,0.00017604092447076614,0.05263157894736842
MILD,MILD__HOLD_R2_K125,PE O-20:1_18:2,125,R2,filter_loss,0.018665377731770866,3.925087107132761e-06,0.4351737905876049,0.9895861653945057,0.1319467591106363,2.0,0.00023551375914476758,0.0002665464533165851,0.030303030303030304
MILD,MILD__HOLD_R2_K125,PE O-20:1_20:2,125,R2,filter_loss,0.016487314561852363,1.8093538185596086e-06,0.1653451175229508,0.9857697500316058,0.0657556111825639,2.0,0.022925236368650403,0.023326231185886726,0.03225806451612903
MILD,MILD__HOLD_R2_K125,PE O-20:1_20:3,125,R2,filter_loss,0.02782088079565267,1.2973769342840047e-06,0.20156572631951045,0.9834038435158862,0.040391770192754556,1.8682084992203376,5.294427021595993e-05,2.361550169449611e-05,0.0
MILD,MILD__HOLD_R2_K125,PE O-20:3_20:3,125,R2,filter_loss,0.024342855052735472,2.3026079612071357e-06,0.1678765453740962,0.9829060245747678,0.02838033431556483,2.0,0.0009170570347204476,0.0009176655325875416,0.11428571428571428
MILD,MILD__HOLD_R2_K125,PE O-20:3_20:4,125,R2,filter_loss,0.010270316088537927,1.1997942923116e-06,0.2145730867610224,0.9824124426110163,0.03143893515640733,1.4538436095675817,0.0030017567410796087,0.002117635277798957,0.021739130434782608
MILD,MILD__HOLD_R2_K125,PE O-22:1_18:2,125,R2,retained_true,0.024037354990834266,3.40960695671488e-05,0.3303710154344505,0.9888056550432852,0.337294176164278,2.0,0.001060120048168356,0.0004618266693974249,0.0
MILD,MILD__HOLD_R2_K125,PG 14:0_20:0,125,R2,filter_loss,0.011144463599659472,3.8811122015375647e-07,0.7233219574944608,0.7740328453451822,0.0781368584247818,0.5,6.341122825315182e-05,0.0008465325861760631,0.05
MILD,MILD__HOLD_R2_K125,PG 14:0_22:0,125,R2,filter_loss,0.005513891803891423,0.0,0.39347230654553556,0.7936099239641267,0.021497958044986498,0.5,6.010538475131888e-05,0.004721999882481787,0.0125
MILD,MILD__HOLD_R2_K125,PG 14:0_22:5,125,R2,filter_loss,0.011145475797506313,2.188784991998535e-06,0.3916326572569566,0.8740294125875786,0.3151168353722158,0.6170676298438253,0.015233218820401295,0.028681124293445937,0.06976744186046512
MILD,MILD__HOLD_R2_K125,PG 14:0_24:4,125,R2,filter_loss,0.0080274952412302,2.0292502460184475e-06,0.2364766144017557,0.9336814199983869,0.409000174620185,1.0000000000000002,0.0003849632011037052,0.0011070667357394592,0.04819277108433735
MILD,MILD__HOLD_R2_K125,PG 16:0_18:0,125,R2,filter_loss,0.003592152630302909,1.026217148235377e-06,0.2730282086736678,0.7320003904966144,0.5284306072455749,0.5,0.006718608831998929,0.00921187438394766,0.05154639175257732
MILD,MILD__HOLD_R2_K125,PG 16:0_20:2,125,R2,filter_loss,0.017214840201106647,0.0,0.06404391649487126,0.9219327136957365,0.1380284242110617,1.8682084992203376,0.0001325419053186394,0.0004419274324660716,0.021739130434782608
MILD,MILD__HOLD_R2_K125,PG 16:0_20:5,125,R2,filter_loss,0.029981250918574655,5.743693630939391e-06,0.3586980333079263,0.7784577318028689,0.43367157561769326,2.0,0.0005535803503026182,0.0007745547809636655,0.03614457831325301
MILD,MILD__HOLD_R2_K125,PG 16:0_22:4,125,R2,filter_loss,0.03098086371007564,1.515926849440258e-06,0.20371874124768685,0.9923755383909935,0.44339453837236364,1.0760213163243861,0.006204517917372199,0.004482035888584646,0.034482758620689655
MILD,MILD__HOLD_R2_K125,PG 16:0_22:6,125,R2,filter_loss,0.003798804283321561,4.344968612130462e-06,0.42771565508602566,0.9755490303044848,0.17342901101082447,0.5,0.0035863246382661362,0.005133708069018583,0.046511627906976744
MILD,MILD__HOLD_R2_K125,PG 16:1_20:1,125,R2,filter_loss,0.027798075986745385,2.14002091484784e-06,0.09626468926765062,0.9360510343034749,0.032094009427904344,0.689110922829001,0.00014154946035849214,0.02162659342799489,0.022727272727272728
MILD,MILD__HOLD_R2_K125,PG 16:1_22:3,125,R2,filter_loss,0.03839232353661928,1.687766038808839e-06,0.23838939494724698,0.9816952449555878,0.29010776373355207,1.8682084992203376,0.0029689467587183938,0.011172064022184958,0.046511627906976744
MILD,MILD__HOLD_R2_K125,PG 16:1_22:5,125,R2,filter_loss,0.014292364152858365,3.983102585857372e-07,0.33527002658239174,0.9821921171688058,0.16525580723594785,1.2101381550740857,0.0013743626973785616,0.0016358418510322714,0.060240963855421686
MILD,MILD__HOLD_R2_K125,PG 17:0_18:2,125,R2,filter_loss,0.021786161327461494,1.3747764161740775e-06,0.3764851143957298,0.9263229165510191,0.3987025973319038,1.8682084992203376,0.008230647100060384,0.016439132142790913,0.021505376344086023
MILD,MILD__HOLD_R2_K125,PG 17:0_20:0,125,R2,retained_true,0.027518349062199642,0.0020972087187443446,0.8310149974793403,0.9206618024583055,0.050880880759260116,2.0,0.003081353950645682,0.007454888958567052,0.08791208791208792
MILD,MILD__HOLD_R2_K125,PG 17:0_20:3,125,R2,filter_loss,0.032241409900209655,5.358954209544183e-07,0.15645235358917814,0.9898819477902964,0.24553643982354834,2.0,0.0011922815237459528,0.0006965114657125904,0.061855670103092786
MILD,MILD__HOLD_R2_K125,PG 17:0_20:4,125,R2,filter_loss,0.0055664562481664084,4.01519022208647e-07,0.333380957182523,0.9887826418894832,0.3019228169112968,0.5,0.0009626592846555537,0.0006253799471490629,0.029411764705882353
MILD,MILD__HOLD_R2_K125,PG 17:1_20:1,125,R2,filter_loss,0.014880722119464403,1.310976092632102e-06,0.266391512522408,0.9726361074886047,0.01725447718424139,2.0,4.577721397003298e-05,0.0002219708024051581,0.034482758620689655
MILD,MILD__HOLD_R2_K125,PG 17:1_20:4,125,R2,filter_loss,0.009039504586855852,7.594652990289931e-08,0.4831275545644737,0.9853779862370524,0.22593740389897193,0.7303443264893795,0.0021811563309734883,0.003555580182944329,0.02127659574468085
MILD,MILD__HOLD_R2_K125,PG 18:0_18:1,125,R2,filter_loss,0.011811506556970174,8.629641545079712e-07,0.22385302590484416,0.857321011866293,0.5499702514118422,1.2101381550740857,0.009484848876495366,0.014209638457357121,0.06329113924050633
MILD,MILD__HOLD_R2_K125,PG 18:0_20:5,125,R2,filter_loss,0.007548141179246851,5.4100876013802596e-08,0.3912132251385195,0.9850297730134422,0.3528221066303361,0.5,0.0008703065793419507,0.00036847638994674803,0.020833333333333332
MILD,MILD__HOLD_R2_K125,PG 18:1_18:1,125,R2,filter_loss,0.017309252996369175,3.6058689277624414e-08,0.20074680321951024,0.9552207873236039,0.5335974465364102,2.0,0.001967807797006671,0.0008816908419428948,0.034482758620689655
MILD,MILD__HOLD_R2_K125,PG 18:2_20:2,125,R2,filter_loss,0.020207562030325327,0.0,0.26810270421335247,0.9325718345250835,0.2603944544674466,2.0,7.151403581784344e-05,0.0005881280192069349,0.0898876404494382
MILD,MILD__HOLD_R2_K125,PG 20:1_18:3,125,R2,filter_loss,0.01191366591759275,1.235729569247234e-06,0.23811465068961957,0.9659907277452849,0.39065317821122125,1.0760213163243861,0.003301798627939889,0.0014211657860777605,0.013333333333333334
MILD,MILD__HOLD_R2_K125,PS 14:0_20:0,125,R2,retained_true,0.02753062190247923,0.00016719646893738994,0.6390062445975,0.6039215648852556,0.16709168430356958,2.0,0.0027541471004010054,0.0027427701343425426,0.013888888888888888
MILD,MILD__HOLD_R2_K125,PS 14:0_22:2,125,R2,filter_loss,0.005136831734582985,7.65172879315222e-07,0.4826107446087538,0.6351598729298585,0.056673251273551106,0.5,0.002331991978609671,0.013828208191141056,0.07142857142857142
MILD,MILD__HOLD_R2_K125,PS 16:0_20:3,125,R2,filter_loss,0.00550789343872425,0.0,0.31718607034211305,0.6379581944357362,0.2271159539431486,0.5,0.024743180600422243,0.0532754581349153,0.02631578947368421
MILD,MILD__HOLD_R2_K125,PS 16:0_20:5,125,R2,filter_loss,0.007007574547462458,4.624996450470104e-06,0.4925110672748304,0.5885323920958705,0.2627774230424914,0.5340342571614348,0.0034720204595677373,0.005312662972331572,0.02857142857142857
MILD,MILD__HOLD_R2_K125,PS 16:1_20:1,125,R2,retained_true,0.03114535035478314,0.00021423081892139753,0.4129541991564398,0.5415506422933887,0.12632979672586508,2.0,0.005809768621976241,0.013510185735995384,0.05405405405405406
MILD,MILD__HOLD_R2_K125,PS 16:1_20:4,125,R2,retained_true,0.034230494597053816,0.0004403364726306713,0.6316414058973379,0.55604981646135,0.12364708441998395,2.0,0.0006250680690788046,0.0006367104023839998,0.05128205128205128
MILD,MILD__HOLD_R2_K125,PS 17:0_18:1,125,R2,retained_true,0.007370680441017078,3.90845229632459e-05,0.6537549379034493,0.5358578664393875,0.1898482402281083,0.5,0.00248721638376892,0.002491653810229977,0.0410958904109589
MILD,MILD__HOLD_R2_K125,PS 18:0_16:1,125,R2,filter_loss,0.00941583644205417,2.092096370856657e-06,0.4974005788167513,0.5669019742880855,0.3372870145815912,0.689110922829001,0.007780393272455055,0.007796839687494228,0.014492753623188406
MILD,MILD__HOLD_R2_K125,PS 18:0_18:0,125,R2,retained_true,0.022668580213211477,1.9785122337095052e-05,0.4331045541325963,0.7822407069839156,0.19197976773862468,2.0,0.004926182990125705,0.004921859357551961,0.03773584905660377
MILD,MILD__HOLD_R2_K125,PS 18:0_18:3,125,R2,retained_true,0.025059273021891152,0.0003141110721083549,0.5738266720137706,0.6379581944357362,0.264601068755451,2.0,0.001516310654012143,0.0014631946069058044,0.06666666666666667
MILD,MILD__HOLD_R2_K125,PS 18:1_18:3,125,R2,retained_true,0.008474564599074237,4.0081093538981293e-05,0.6381277857367744,0.5253007492314473,0.23640738012806917,0.5340342571614348,0.002803569105580772,0.0028337271763367866,0.046875
MILD,MILD__HOLD_R2_K125,PS 20:0_16:1,125,R2,filter_loss,0.006365649645643439,0.0,0.49681824282241865,0.5478869149773706,0.34409744001467496,0.6170676298438253,0.059660803180161204,0.06023360124150534,0.06578947368421052
MILD,MILD__HOLD_R2_K175,PA 16:0_24:1,175,R2,filter_loss,0.013527085332257658,3.3716943457175157e-06,0.5504804076642431,0.883487638633687,0.19595790828137805,2.0,0.0018129815710938857,0.0005478222759552898,0.017857142857142856
MILD,MILD__HOLD_R2_K175,PA 16:0_24:4,175,R2,filter_loss,0.002665504688999068,0.0,0.2223063465458067,0.9171280506076233,0.17914163452145218,0.6170676298438253,0.04338089176146531,0.04345848797882845,0.04
MILD,MILD__HOLD_R2_K175,PA 18:0_22:0,175,R2,filter_loss,0.012189393247248107,3.9779584169340523e-07,0.3381799302246325,0.7789494468002593,0.44534403487199864,1.4538436095675817,0.0011921075225009847,0.0013569185606716605,0.05405405405405406
MILD,MILD__HOLD_R2_K175,PA 18:0_22:2,175,R2,filter_loss,0.001666506044704513,0.0,0.27393752390511106,0.8394493239810369,0.36260158405766385,0.6170676298438253,0.0031467721020281836,0.001963496628401451,0.05333333333333334
MILD,MILD__HOLD_R2_K175,PA 18:0_22:4,175,R2,filter_loss,0.012303882154973057,0.0,0.18925162859522815,0.8691673191165914,0.31323723028330897,0.5,0.0052424423533639075,0.005220284092495531,0.04878048780487805
MILD,MILD__HOLD_R2_K175,PA 18:0_24:1,175,R2,filter_loss,0.009214593196289965,0.0,0.3334734584306543,0.8793255202210899,0.22349976674487387,0.689110922829001,0.0006864036053716438,0.000725562654723011,0.05970149253731343
MILD,MILD__HOLD_R2_K175,PA 18:0_24:5,175,R2,filter_loss,0.0010391536628056909,5.509390691650403e-08,0.1609179673339711,0.923167578011941,0.23175005437601462,0.5,0.0008635904598484068,0.0008511644063095014,0.025
MILD,MILD__HOLD_R2_K175,PA 18:0_24:6,175,R2,filter_loss,0.012387476654243043,1.612064126153418e-06,0.1641748706562144,0.9374908882297373,0.19157325912956763,2.0,0.004642181796140066,0.004645773085514948,0.04878048780487805
MILD,MILD__HOLD_R2_K175,PA 18:1_22:1,175,R2,filter_loss,0.009462131396883025,9.356403230775059e-08,0.46175873097333114,0.9022714644699661,0.2905844069806663,0.7303443264893795,0.00041288798704874896,0.0012335033041256382,0.05405405405405406
MILD,MILD__HOLD_R2_K175,PA 18:1_22:3,175,R2,filter_loss,0.01691316147196167,1.1637532982898988e-05,0.26035456632127724,0.8639124793194024,0.33467634555443054,2.0,0.0026888722371033458,0.002139123678131294,0.03896103896103896
MILD,MILD__HOLD_R2_K175,PA 18:1_22:4,175,R2,filter_loss,0.010527182500602434,1.7035831987050324e-06,0.23118051955905902,0.7349039762795926,0.45741325188581883,2.0,0.004805814183295842,0.004868951904925756,0.024096385542168676
MILD,MILD__HOLD_R2_K175,PA 18:1_24:1,175,R2,filter_loss,0.007264395715973427,7.595704104634311e-07,0.4394175718623714,0.7742897189559598,0.30213238364332506,0.5,0.000759699939821834,0.0008438388853387879,0.015151515151515152
MILD,MILD__HOLD_R2_K175,PA 18:1_24:4,175,R2,filter_loss,0.006866033571139593,6.420759551192533e-08,0.2590661626283403,0.770029563231097,0.383684973635327,0.5,0.0010838412905258554,0.0010729791287783508,0.058823529411764705
MILD,MILD__HOLD_R2_K175,PA 18:1_24:6,175,R2,filter_loss,0.027903241651056235,2.2726262107229973e-06,0.25854770171004793,0.8317569743542244,0.311757671286486,2.0,0.010835595411361254,0.010851465233581492,0.07407407407407407
MILD,MILD__HOLD_R2_K175,PA 18:2_24:4,175,R2,filter_loss,0.005619002260890617,1.219045610689434e-07,0.33277246997096527,0.6495701338678831,0.4330785336890039,0.7802037075442214,0.0039133891856287795,0.003868713351689035,0.07058823529411765
MILD,MILD__HOLD_R2_K175,PA 18:2_24:5,175,R2,filter_loss,0.0012414096253729702,0.0,0.30902833514416345,0.8083196183923326,0.2868943377666932,0.5,0.004081604352916046,0.004077549062661889,0.06329113924050633
MILD,MILD__HOLD_R2_K175,PA 20:0_20:2,175,R2,solver_miss,4.7769567802689736e-05,,0.2807555140432376,0.7492730089935543,0.49169235917013354,0.5,0.001564770493217682,0.0014533126063535073,0.04054054054054054
MILD,MILD__HOLD_R2_K175,PA 20:0_20:3,175,R2,filter_loss,0.010372705828342894,0.0,0.28594755195446475,0.8048190171061798,0.4076195370011738,1.4538436095675817,0.008036960110991642,0.00976471434619064,0.07317073170731707
MILD,MILD__HOLD_R2_K175,PA 20:0_20:4,175,R2,solver_miss,0.0,,0.1645114953783594,0.8957566529041909,0.3424625013635971,0.7303443264893795,0.0275152521851324,0.02927579501551658,0.0449438202247191
MILD,MILD__HOLD_R2_K175,PA 20:0_22:1,175,R2,filter_loss,0.007016316448929099,0.0,0.3017443733307278,0.7600275012777736,0.3861256918000734,0.689110922829001,0.003709424811556894,0.003737143717409519,0.025974025974025976
MILD,MILD__HOLD_R2_K175,PA 20:0_22:4,175,R2,filter_loss,0.00939381240400324,0.0,0.241048023112079,0.8303328039494347,0.3429309669132585,0.5,0.060892874707397016,0.06298741883866765,0.046511627906976744
MILD,MILD__HOLD_R2_K175,PA 20:0_22:6,175,R2,filter_loss,0.007319890809323231,0.0,0.18342642508946627,0.9361340206999159,0.20227608263374897,0.5,0.004776696328855912,0.004726570921992357,0.07142857142857142
MILD,MILD__HOLD_R2_K175,PA 20:1_20:1,175,R2,filter_loss,0.012945852995285556,2.590125391033238e-06,0.4231895167566119,0.9753576763078726,0.3291536211973855,0.5,0.0010118669186879314,0.002037990335239992,0.06818181818181818
MILD,MILD__HOLD_R2_K175,PA 20:1_22:1,175,R2,filter_loss,0.005796734368134193,2.430592831855673e-07,0.48292710886676304,0.8982874947005188,0.22073574264275386,0.7802037075442214,0.018562907982432097,0.02491796284808878,0.07894736842105263
MILD,MILD__HOLD_R2_K175,PA 20:1_22:3,175,R2,filter_loss,0.014761163059172829,2.503282421819822e-19,0.33476954438953394,0.8781031661032047,0.24658711409645712,1.8682084992203376,0.018403108017956193,0.021063832308081065,0.06329113924050633
MILD,MILD__HOLD_R2_K175,PA 20:1_22:5,175,R2,filter_loss,0.01268177043580624,1.4518815552907484e-06,0.22030580527220145,0.8930555529932804,0.2632540567277174,2.0,0.0030627099534888957,0.0029952224810618766,0.0125
MILD,MILD__HOLD_R2_K175,PA 20:1_22:6,175,R2,filter_loss,0.015455150270045381,1.4089775769997385e-07,0.23670331410171605,0.9753576763078726,0.2468565478982028,1.0760213163243861,0.0025643340536040116,0.0025700567332332946,0.06172839506172839
MILD,MILD__HOLD_R2_K175,PA 20:3_22:4,175,R2,filter_loss,0.0026895854549761006,0.0,0.402579539322542,0.7488776965339671,0.3030548023026991,0.5,0.0032054403866504932,0.003222308663755058,0.09302325581395349
MILD,MILD__HOLD_R2_K175,PA 20:4_22:4,175,R2,filter_loss,0.003908297438798363,2.1557743329061565e-06,0.48634054946811606,0.6664725514235691,0.28586225820427874,0.5,0.014403718647744035,0.015260405212573436,0.03225806451612903
MILD,MILD__HOLD_R2_K175,PA 22:0_18:2,175,R2,filter_loss,0.005450348754135441,2.503282421819822e-19,0.34226134747101367,0.761776416520081,0.4474985059635067,1.0760213163243861,0.0030674863975856947,0.0028834133419998187,0.0547945205479452
MILD,MILD__HOLD_R2_K175,PA 22:0_20:1,175,R2,filter_loss,0.011714943153924228,1.0626518536468458e-05,0.4020166500263304,0.8495611434984474,0.2527636987135384,1.0760213163243861,0.01593733933205499,0.018926282928069638,0.04
MILD,MILD__HOLD_R2_K175,PA 22:0_20:3,175,R2,filter_loss,0.009114873362270034,5.232125059085359e-06,0.4070101497165706,0.700138513759436,0.38977747877753405,0.5,0.009922850596979504,0.01301240678684945,0.02631578947368421
MILD,MILD__HOLD_R2_K175,PA 22:0_20:4,175,R2,filter_loss,0.023287140369121797,1.0486696334623814e-06,0.4550397992700734,0.7513055221510871,0.3384293666283728,2.0,0.0023387656878122165,0.0024800429863981455,0.04819277108433735
MILD,MILD__HOLD_R2_K175,PA 22:1_18:2,175,R2,filter_loss,0.020529244545304876,1.4017600496919764e-05,0.3672416022212644,0.8804726866933393,0.42728280324989093,2.0,0.006605096516895115,0.006326827710238514,0.02702702702702703
MILD,MILD__HOLD_R2_K175,PA 22:1_20:2,175,R2,filter_loss,0.012238561743649842,5.006564843639644e-19,0.43337633237958284,0.8789327040599717,0.27097424872123554,2.0,0.0080624691981116,0.011981980213494614,0.04
MILD,MILD__HOLD_R2_K175,PA 22:1_20:3,175,R2,retained_true,0.00855535126782422,2.1478699026287578e-05,0.47201880717776407,0.8266719825061805,0.24944586960093668,0.5340342571614348,0.010869264824328262,0.012492854571788947,0.05194805194805195
MILD,MILD__HOLD_R2_K175,PA 22:1_20:5,175,R2,filter_loss,0.006590012202244736,8.405694076487139e-07,0.35373566324826666,0.8941830868357824,0.2306843778836697,0.5,0.0036393607382263493,0.003952696241691589,0.025
MILD,MILD__HOLD_R2_K175,PA 22:5_22:5,175,R2,filter_loss,0.007397704596768425,1.9057051639233223e-07,0.37471749963267753,0.9264320052062154,0.08562930665407442,0.8939526432607221,0.05654517952012661,0.05902033614793045,0.10869565217391304
MILD,MILD__HOLD_R2_K175,PA 22:6_22:6,175,R2,retained_true,0.016579814060871837,4.553945570015409e-05,0.5618631902016936,0.691000163096786,0.18635717808006635,2.0,0.00917253164779075,0.009477089595620991,0.0625
MILD,MILD__HOLD_R2_K175,PA 24:1_18:2,175,R2,filter_loss,0.010923089031104404,9.368655937397936e-06,0.416531063009088,0.7481851339902038,0.35294871355264307,1.0000000000000002,0.0021331576615825076,0.0017595765424679444,0.045454545454545456
MILD,MILD__HOLD_R2_K175,PC 14:0_20:2,175,R2,filter_loss,0.010946926520598402,1.152394859966403e-06,0.3254331442131747,0.6041425983942957,0.4715533114037237,0.8939526432607221,0.007462943955335866,0.007518058498400038,0.05
MILD,MILD__HOLD_R2_K175,PC 14:0_20:4,175,R2,retained_true,0.007346163974109657,7.124098498408284e-05,0.6036768381098416,0.7745273553735048,0.030942368542241527,0.7802037075442214,0.0018490512821154326,0.0018224172135786754,0.012048192771084338
MILD,MILD__HOLD_R2_K175,PC 14:1_20:1,175,R2,retained_true,0.019652131153145225,4.448316083443635e-05,0.4158486366407816,0.6900215947371616,0.30806497780657766,2.0,0.0002922287015207914,0.00029117252372179436,0.012987012987012988
MILD,MILD__HOLD_R2_K175,PC 16:0_18:0,175,R2,filter_loss,0.007961649052187426,1.848162947885329e-06,0.49212912704514206,0.6471130837014081,0.2680149501547328,0.7802037075442214,0.004063515546806951,0.004072487376110989,0.07058823529411765
MILD,MILD__HOLD_R2_K175,PC 16:0_18:1,175,R2,filter_loss,0.002149655178985742,0.0,0.3986166534022413,0.6482926248318512,0.4109027795617344,0.5340342571614348,0.002719818573634347,0.002719800540087247,0.11594202898550725
MILD,MILD__HOLD_R2_K175,PC 16:0_18:2,175,R2,filter_loss,0.03930793118874778,3.6593405664009746e-06,0.3131917397743864,0.5996238721920917,0.4899091295507795,2.0,0.06290873847509104,0.06290881606687038,0.05747126436781609
MILD,MILD__HOLD_R2_K175,PC 16:1_18:1,175,R2,filter_loss,0.006227265111074292,3.3836831661856884e-08,0.3710824945274597,0.6900215947371616,0.3528311199198995,2.0,0.005740128810954093,0.005740337720885114,0.06521739130434782
MILD,MILD__HOLD_R2_K175,PC 16:1_18:2,175,R2,retained_true,0.020671681811909176,2.5808918075919477e-05,0.6451321224456396,0.494520891089959,0.2246564065829395,2.0,0.07762520620459001,0.07763217030105019,0.06666666666666667
MILD,MILD__HOLD_R2_K175,PC 20:0_14:1,175,R2,filter_loss,0.005181077562611895,3.5399508258848585e-08,0.593367589246976,0.47707361889437966,0.2851238976272237,0.6170676298438253,0.002188794125086768,0.0021900445777822686,0.05333333333333334
MILD,MILD__HOLD_R2_K175,PC O-16:0_17:0,175,R2,retained_true,0.009521945630908678,0.00011297188516399599,0.7536429126805174,0.6594747873316874,0.016839149861247793,0.689110922829001,0.0021199241046659933,0.002119924212811153,0.0
MILD,MILD__HOLD_R2_K175,PC O-16:1_18:1,175,R2,retained_true,0.011129577555795585,0.0002524799764997633,0.8076497414228311,0.6052609717953458,0.02991086558637346,1.0000000000000002,0.0011780312079956445,0.0011619748561649823,0.08571428571428572
MILD,MILD__HOLD_R2_K175,PE 16:0_22:1,175,R2,filter_loss,0.008508041117110426,1.1188238282539593e-06,0.20454583643989277,0.8508967724619106,0.32715941021570594,1.4538436095675817,0.0026095936024855826,0.0026208471119697485,0.09259259259259259
MILD,MILD__HOLD_R2_K175,PE 16:0_22:2,175,R2,filter_loss,0.008770557212301959,0.0,0.1886425381510025,0.8572487991575071,0.3301179135196991,2.0,0.0008072029675337822,0.0008077406273154786,0.017543859649122806
MILD,MILD__HOLD_R2_K175,PE 16:0_22:4,175,R2,filter_loss,0.010195713546647021,9.256997552626048e-09,0.15895469448868532,0.9923755383909935,0.2386585476665622,2.0,0.0026445506599418467,0.0026437613959471307,0.015625
MILD,MILD__HOLD_R2_K175,PE 16:0_24:5,175,R2,filter_loss,0.005962739150426924,1.1727571915744536e-06,0.21271686018449112,0.9348240213453116,0.1546244672974381,0.5,0.001921353681188731,0.001875379517050746,0.06896551724137931
MILD,MILD__HOLD_R2_K175,PE 16:0_24:6,175,R2,filter_loss,0.02388263201386946,5.006564843639644e-19,0.354462542162506,0.9120817497666402,0.1077393979106176,2.0,0.012594339890680706,0.012384383975249547,0.04838709677419355
MILD,MILD__HOLD_R2_K175,PE 16:1_22:1,175,R2,filter_loss,0.003378428014068737,0.0,0.29634414058106057,0.6962164662208943,0.4407404219699385,1.0000000000000002,0.00808124486543349,0.008570132244739348,0.05660377358490566
MILD,MILD__HOLD_R2_K175,PE 16:1_22:3,175,R2,filter_loss,0.023293336030392173,2.503282421819822e-19,0.12325824954460242,0.9816952449555878,0.20295021528294271,2.0,8.291252553216388e-05,8.291775400715018e-05,0.05357142857142857
MILD,MILD__HOLD_R2_K175,PE 16:1_22:4,175,R2,filter_loss,0.001689004405466955,7.48594993032387e-07,0.11707440620301834,0.9872300880237134,0.16084900498979865,0.5,0.0007842304184302318,0.0007842322844462402,0.031746031746031744
MILD,MILD__HOLD_R2_K175,PE 16:1_22:6,175,R2,filter_loss,0.018247174756044218,2.7571826268242854e-06,0.2519478993591113,0.9780045750710121,0.13185464506752925,2.0,0.0014294605966203022,0.0014300496428103493,0.09836065573770492
MILD,MILD__HOLD_R2_K175,PE 17:0_20:0,175,R2,filter_loss,0.0013694609270825694,2.4157198072015383e-06,0.2698075638945543,0.9206618024583055,0.26327938903853587,0.5,0.001887741959508804,0.0017402936546969672,0.07936507936507936
MILD,MILD__HOLD_R2_K175,PE 17:0_22:2,175,R2,filter_loss,0.010096345085159199,5.006564843639644e-19,0.13503108538528152,0.9386569008618137,0.21734595795940753,2.0,0.0011864621584661839,0.0011931643887791443,0.0
MILD,MILD__HOLD_R2_K175,PE 17:0_22:4,175,R2,filter_loss,0.009645655886405306,1.913484248758765e-06,0.16492324087593133,0.9518068384474951,0.1688292372948361,1.0000000000000002,0.003262250096318753,0.003098515234440602,0.04411764705882353
MILD,MILD__HOLD_R2_K175,PE 17:0_22:5,175,R2,retained_true,0.01678919654870112,1.9328786904110248e-05,0.20553202250395822,0.9211023236447361,0.22285151703158326,2.0,0.0012394890093427868,0.0012522411101744124,0.030303030303030304
MILD,MILD__HOLD_R2_K175,PE 17:0_22:6,175,R2,retained_true,0.015868964512488867,2.1930972313192947e-05,0.31244709118745745,0.8271838267520604,0.30433218821543645,2.0,0.017611707508774055,0.01838682715755835,0.12121212121212122
MILD,MILD__HOLD_R2_K175,PE 17:1_20:1,175,R2,filter_loss,0.00518633810683461,5.610705750819742e-09,0.2809048613188857,0.9726361074886047,0.3272746898881621,0.7802037075442214,0.0022883291685498186,0.0024144226540380176,0.08196721311475409
MILD,MILD__HOLD_R2_K175,PE 17:1_20:3,175,R2,filter_loss,0.004052969072806604,4.841780628207288e-07,0.17058675100295786,0.9942019114139844,0.23344250644858108,0.5,0.0217430849925212,0.02209873193679912,0.1
MILD,MILD__HOLD_R2_K175,PE 17:1_22:5,175,R2,filter_loss,0.010511174969067467,8.38384607845054e-07,0.1734421065443991,0.9209267513286628,0.23190880091119995,0.5,0.0016810239978535257,0.0016830515975861937,0.06349206349206349
MILD,MILD__HOLD_R2_K175,PE 17:1_22:6,175,R2,filter_loss,0.00804428044297687,3.5676173046491136e-06,0.2805102678681988,0.8065738667783828,0.34444630313629093,1.2101381550740857,0.0021298269298372086,0.002090265847873085,0.1111111111111111
MILD,MILD__HOLD_R2_K175,PE 18:0_20:1,175,R2,filter_loss,0.021037380927441462,3.102481383378882e-07,0.25393425517668783,0.9625905679777863,0.1807537946676117,2.0,0.0011387468614931784,0.0008336602771666923,0.046153846153846156
MILD,MILD__HOLD_R2_K175,PE 18:0_20:3,175,R2,filter_loss,0.0039043734901377234,0.0,0.19168425851262216,0.9604368385083139,0.1400403915099126,0.6170676298438253,0.00019942539037831608,0.0002018506253916863,0.03125
MILD,MILD__HOLD_R2_K175,PE 18:0_20:5,175,R2,filter_loss,0.012763139398471122,9.037107823144784e-07,0.4239120961696826,0.9850297730134422,0.320123235599173,2.0,0.0011396559714325072,0.0011919672869405984,0.02666666666666667
MILD,MILD__HOLD_R2_K175,PE 18:1_20:2,175,R2,filter_loss,0.00138009449184645,5.517847985180363e-07,0.23433578314102768,0.9251187567839819,0.20375319449318544,0.7303443264893795,0.0008310407557433619,0.00014275590517265346,0.014285714285714285
MILD,MILD__HOLD_R2_K175,PE 18:1_20:5,175,R2,filter_loss,0.005636511111885793,0.0,0.3998586987063159,0.9724669479844656,0.2358672544872255,0.6170676298438253,0.0008012039054279274,0.0008606088188597427,0.0375
MILD,MILD__HOLD_R2_K175,PE 18:1_22:2,175,R2,filter_loss,0.010718302143174983,2.588012684548901e-06,0.12985107942569446,0.9248799886279087,0.2737586242615052,0.689110922829001,0.0021254478117591624,0.002124672815584927,0.058823529411764705
MILD,MILD__HOLD_R2_K175,PE 18:1_22:3,175,R2,filter_loss,0.008550095028809771,0.0,0.10400557506001402,0.9605256779361461,0.1742934444820513,0.7802037075442214,0.0035822472545240513,0.0035823397963168357,0.058823529411764705
MILD,MILD__HOLD_R2_K175,PE 18:1_22:4,175,R2,filter_loss,0.012114196273585938,0.0,0.11052846478170081,0.969840644646915,0.13562077871750905,0.8939526432607221,0.0002187931374144636,0.00021536997653726075,0.05333333333333334
MILD,MILD__HOLD_R2_K175,PE 18:1_22:5,175,R2,filter_loss,0.013232340008958489,0.0,0.19163429981325247,0.9256344671279978,0.2133913524062529,1.4538436095675817,0.000883079450688995,0.0008913924319237099,0.028169014084507043
MILD,MILD__HOLD_R2_K175,PE 18:1_22:6,175,R2,filter_loss,0.0023481430991773825,0.0,0.3159564682544253,0.8033916799379116,0.3147345109004634,0.5340342571614348,0.004215489361945601,0.004259121098188823,0.015384615384615385
MILD,MILD__HOLD_R2_K175,PE 18:2_20:2,175,R2,filter_loss,0.01062667709628638,1.5978486477154366e-07,0.18632332063996887,0.930785287256962,0.4829206823131476,2.0,0.0008037372846143587,0.0008063023806984537,0.028985507246376812
MILD,MILD__HOLD_R2_K175,PE 18:2_22:2,175,R2,filter_loss,0.010717319266426273,0.0,0.1271355008514916,0.9008257061441529,0.3075663178035413,1.8682084992203376,0.0003045712876184048,0.000304167674782585,0.05970149253731343
MILD,MILD__HOLD_R2_K175,PE 18:3_20:4,175,R2,filter_loss,0.0036238491486935824,1.350519943129266e-07,0.15717262060050777,0.9796724074104938,0.3020809046376558,0.5,0.006280647038709897,0.0062955661135006835,0.04054054054054054
MILD,MILD__HOLD_R2_K175,PE 20:0_20:3,175,R2,filter_loss,0.005257769403825327,2.622541929990903e-07,0.23032749244938702,0.9788474233762352,0.09767313679891157,1.0760213163243861,0.021471551927456423,0.022981147873066488,0.1206896551724138
MILD,MILD__HOLD_R2_K175,PE 20:0_20:5,175,R2,filter_loss,0.011890992607083102,2.184787160879576e-07,0.42609430792144315,0.8451414828957593,0.30776996621138847,0.7802037075442214,0.002121680792026015,0.0022945694826855823,0.04225352112676056
MILD,MILD__HOLD_R2_K175,PE 20:1_18:2,175,R2,filter_loss,0.005671880530832852,1.6688549478798813e-19,0.3477875659110764,0.8910754995054128,0.2892279401300275,0.5,0.0915750292343036,0.10181200158881287,0.07142857142857142
MILD,MILD__HOLD_R2_K175,PE 20:1_20:3,175,R2,filter_loss,0.014925347302822037,7.255134248587715e-08,0.15409170574418976,0.9673598800301968,0.13448997604329319,1.2101381550740857,0.000491030613383403,0.000468651826536548,0.03773584905660377
MILD,MILD__HOLD_R2_K175,PE 20:1_20:4,175,R2,solver_miss,6.95600461008524e-05,,0.22946614386916517,0.9422890778439277,0.1647009138898418,0.5,0.0011668996450705515,0.0009797108106910368,0.0410958904109589
MILD,MILD__HOLD_R2_K175,PE 20:1_20:5,175,R2,retained_true,0.02024639654680128,2.1970714453220535e-05,0.3973599004661181,0.7993795604865694,0.33650437366671354,2.0,0.002105112367196016,0.0015876158792395012,0.06944444444444445
MILD,MILD__HOLD_R2_K175,PE 20:2_20:3,175,R2,filter_loss,0.013269681404379395,8.160120595562074e-09,0.10342592469336877,0.8809502880689941,0.37931315485534245,0.5340342571614348,0.0016177336068645687,0.0016321924775449803,0.0
MILD,MILD__HOLD_R2_K175,PE 20:3_20:3,175,R2,filter_loss,0.004660585453312792,8.225910222886877e-08,0.11972298568219342,0.9884825101246301,0.06004173901205881,1.0000000000000002,0.00048032041794177083,0.0004712716755622681,0.0
MILD,MILD__HOLD_R2_K175,PE 20:4_20:5,175,R2,retained_true,0.01766047371995725,6.297273823485276e-05,0.26664550336010406,0.7114621309435802,0.4744158758561441,2.0,0.0026647366186214327,0.0027472315274700287,0.01694915254237288
MILD,MILD__HOLD_R2_K175,PE 22:0_16:1,175,R2,filter_loss,0.020691116260740095,5.6488494703506675e-06,0.4791490094759039,0.8206488603123235,0.1992356350010589,2.0,0.004476879868959838,0.005136088122938753,0.0392156862745098
MILD,MILD__HOLD_R2_K175,PE O-16:0_22:1,175,R2,filter_loss,0.007452365535639703,0.0,0.25810380084870377,0.9626827699537985,0.034183285797328655,0.5,0.001476706135746686,0.0012837561985494794,0.0
MILD,MILD__HOLD_R2_K175,PE O-16:0_22:4,175,R2,filter_loss,0.00536534912518569,2.532984802724858e-07,0.21233553953653375,0.9788297262879938,0.0525446422437508,2.0,0.0004060403474748231,0.00041840104713342097,0.0
MILD,MILD__HOLD_R2_K175,PE O-16:0_22:5,175,R2,filter_loss,0.012582870578127368,1.096882108316039e-07,0.2748935194643735,0.9595548171321114,0.1397678816901211,2.0,0.00038394355007931313,0.0002964901617497073,0.0
MILD,MILD__HOLD_R2_K175,PE O-16:0_22:6,175,R2,filter_loss,0.007275061203049357,8.798135720716472e-07,0.48470573742722234,0.900438885889574,0.1614418659271415,0.7303443264893795,0.0022747405659097053,0.0018564212507093947,0.0
MILD,MILD__HOLD_R2_K175,PE O-16:1_22:1,175,R2,filter_loss,0.0033240301664498595,0.0,0.3096547237703799,0.9753848425333608,0.07168868530044187,0.5,0.0023513749611915324,0.000861151070150834,0.034482758620689655
MILD,MILD__HOLD_R2_K175,PE O-16:1_22:3,175,R2,filter_loss,0.005550092829006146,0.0,0.15301712497872955,0.978974472761994,0.05109413449543146,2.0,0.0016880138933791367,0.0016878880497489535,0.1
MILD,MILD__HOLD_R2_K175,PE O-16:1_24:0,175,R2,filter_loss,0.003896288726783417,3.0899370975838266e-07,0.6719956962672089,0.7350890401757907,0.07613711984283755,0.5,0.001067432937777557,0.0006814609391118109,0.03571428571428571
MILD,MILD__HOLD_R2_K175,PE O-16:1_24:5,175,R2,filter_loss,0.006970358421394659,0.0,0.34567378912555613,0.9348240213453116,0.021667538356373084,0.8939526432607221,0.0025190919169711945,0.0024780282091372285,0.05555555555555555
MILD,MILD__HOLD_R2_K175,PE O-16:1_24:6,175,R2,filter_loss,0.022218514269636395,1.7104106835847248e-05,0.41848831684391674,0.9120817497666402,0.043713623229206855,2.0,0.0027064563948248077,0.0027649406387783015,0.05128205128205128
MILD,MILD__HOLD_R2_K175,PE O-18:0_20:1,175,R2,filter_loss,0.007704252757587811,2.6680436222711854e-06,0.318148671588633,0.9846847840318518,0.10986362796133797,0.8939526432607221,0.0001630039114796089,0.00017009481650798186,0.037037037037037035
MILD,MILD__HOLD_R2_K175,PE O-18:0_20:2,175,R2,filter_loss,0.005007598572752769,9.020990524010511e-09,0.24588669439016053,0.9868742659860326,0.06594469017151477,0.689110922829001,0.0019601050080191307,0.0005584465070473943,0.0
MILD,MILD__HOLD_R2_K175,PE O-18:0_20:5,175,R2,filter_loss,0.007630708189867625,4.968003772295781e-07,0.6919909071159304,0.9215313010613547,0.1361896321849082,0.5,0.0038942866708165935,0.004027293005726573,0.02857142857142857
MILD,MILD__HOLD_R2_K175,PE O-18:0_22:3,175,R2,filter_loss,0.0015541168308914933,0.0,0.17092763078541914,0.9848176901850096,0.13210834735563867,0.8939526432607221,0.0008456161502210513,0.0005473704997376316,0.125
MILD,MILD__HOLD_R2_K175,PE O-18:0_22:4,175,R2,filter_loss,0.009348183013643745,1.6688549478798813e-19,0.29140314574818993,0.9785214888337301,0.07223834193787476,0.5,0.00991779822923411,0.010948030972303235,0.06451612903225806
MILD,MILD__HOLD_R2_K175,PE O-18:0_22:5,175,R2,filter_loss,0.020625387112035324,9.34367483858703e-06,0.43559350264218133,0.9521162343234528,0.09057688868244451,1.8682084992203376,0.00897500524146111,0.0052266673231925465,0.03125
MILD,MILD__HOLD_R2_K175,PE O-18:0_22:6,175,R2,retained_true,0.020817695401189894,5.2157849781323294e-05,0.5753436233533816,0.900438885889574,0.17868511941106635,2.0,0.000292360631166555,0.0004274430617627889,0.02857142857142857
MILD,MILD__HOLD_R2_K175,PE O-18:1_20:2,175,R2,filter_loss,0.006968777488523901,2.503282421819822e-19,0.23640856435982596,0.9860488591567219,0.05007971048025392,0.7303443264893795,0.0006346910313643761,0.00015812090998579276,0.0
MILD,MILD__HOLD_R2_K175,PE O-18:1_20:3,175,R2,filter_loss,0.006500623514512366,0.0,0.17248031845796863,0.9828895828332406,0.04325030597265456,0.5,0.001199120320281133,0.001173666927543504,0.09090909090909091
MILD,MILD__HOLD_R2_K175,PE O-18:1_20:5,175,R2,filter_loss,0.005281270994327552,1.4407629801149432e-08,0.5577857427715306,0.9215313010613547,0.19234784377749203,0.5340342571614348,0.004494611377175217,0.0021003523208922292,0.023809523809523808
MILD,MILD__HOLD_R2_K175,PE O-18:2_20:3,175,R2,filter_loss,0.003969579980756574,0.0,0.15389249231375365,0.982213995160686,0.04157871249447814,0.7303443264893795,0.011902632343288366,0.01190551140071483,0.06060606060606061
MILD,MILD__HOLD_R2_K175,PE O-18:2_22:3,175,R2,filter_loss,0.004865468469796675,3.0615872010366513e-07,0.11689533016188987,0.986523537683374,0.04682821117393669,1.2101381550740857,0.00025152470337641564,0.00025152508544168395,0.06451612903225806
MILD,MILD__HOLD_R2_K175,PE O-18:2_22:4,175,R2,filter_loss,0.003049687179841411,1.6688549478798813e-19,0.14828595476682938,0.9790243416279218,0.05669129626843439,0.5,0.0006958109492893882,0.000691927852268126,0.02631578947368421
MILD,MILD__HOLD_R2_K175,PE O-18:2_22:5,175,R2,filter_loss,0.014064446443084888,0.0,0.26103860623460656,0.9522818262826038,0.09101743804944895,2.0,0.0005889830349302683,0.0005985797905463386,0.02564102564102564
MILD,MILD__HOLD_R2_K175,PE O-18:3_20:3,175,R2,filter_loss,0.006483916869732412,1.2293858649019656e-09,0.14272429629361114,0.9852235586914223,0.03704042840064109,2.0,0.0009088682263856951,0.0009038504168767947,0.0
MILD,MILD__HOLD_R2_K175,PE O-18:3_22:3,175,R2,filter_loss,0.02250700261348766,5.774832983124878e-07,0.12439321564387905,0.986523537683374,0.03933032569194751,1.4538436095675817,0.00039330638137358154,0.000393316500170271,0.0967741935483871
MILD,MILD__HOLD_R2_K175,PE O-18:3_22:5,175,R2,filter_loss,0.014457374355676038,6.38538096650257e-07,0.24245622912169137,0.9538166594574129,0.08542067730299038,2.0,0.000300097893669804,0.0002976237770843104,0.0
MILD,MILD__HOLD_R2_K175,PE O-20:0_20:2,175,R2,filter_loss,0.003317290754322465,1.6688549478798813e-19,0.3574277360579778,0.9885666181646524,0.13364990366733687,0.5,0.0013632549085536017,0.0008270848205020886,0.14814814814814814
MILD,MILD__HOLD_R2_K175,PE O-20:0_20:4,175,R2,filter_loss,0.00794577253134181,5.433667936713308e-07,0.526269032993801,0.9845400250879618,0.03802391643362135,0.8939526432607221,0.0021938309055087313,0.00017604092447076614,0.05263157894736842
MILD,MILD__HOLD_R2_K175,PE O-20:1_18:2,175,R2,filter_loss,0.014840225774444297,4.115113580665032e-06,0.4351737905876049,0.9895861653945057,0.1319467591106363,2.0,0.00023551375914476758,0.0002665464533165851,0.030303030303030304
MILD,MILD__HOLD_R2_K175,PE O-20:1_20:1,175,R2,filter_loss,0.02129402546806399,5.62460589034574e-08,0.300364327002164,0.9853143544809311,0.16047256463030118,2.0,0.021069383599322422,0.02380573565115074,0.0625
MILD,MILD__HOLD_R2_K175,PE O-20:1_20:2,175,R2,filter_loss,0.011704912438104011,5.522952516838538e-07,0.1653451175229508,0.9857697500316058,0.0657556111825639,2.0,0.022925236368650403,0.023326231185886726,0.03225806451612903
MILD,MILD__HOLD_R2_K175,PE O-20:1_20:3,175,R2,filter_loss,0.021141198120470474,7.825659249467279e-07,0.20156572631951045,0.9834038435158862,0.040391770192754556,1.8682084992203376,5.294427021595993e-05,2.361550169449611e-05,0.0
MILD,MILD__HOLD_R2_K175,PE O-20:2_20:3,175,R2,filter_loss,0.004007105945390966,0.0,0.1699072530804405,0.9836260273963529,0.031218531110331932,0.5,0.0001892135844027143,0.000190117413105928,0.06060606060606061
MILD,MILD__HOLD_R2_K175,PE O-20:3_20:3,175,R2,filter_loss,0.018165277757606638,2.9528423771043017e-06,0.1678765453740962,0.9829060245747678,0.02838033431556483,2.0,0.0009170570347204476,0.0009176655325875416,0.11428571428571428
MILD,MILD__HOLD_R2_K175,PE O-20:3_20:4,175,R2,filter_loss,0.005704662572330046,1.2913962160067808e-07,0.2145730867610224,0.9824124426110163,0.03143893515640733,1.4538436095675817,0.0030017567410796087,0.002117635277798957,0.021739130434782608
MILD,MILD__HOLD_R2_K175,PE O-22:1_18:2,175,R2,filter_loss,0.017361602599132397,1.664869141692129e-05,0.3303710154344505,0.9888056550432852,0.337294176164278,2.0,0.001060120048168356,0.0004618266693974249,0.0
MILD,MILD__HOLD_R2_K175,PG 14:0_20:0,175,R2,filter_loss,0.00537372310554969,2.503282421819822e-19,0.7233219574944608,0.7740328453451822,0.0781368584247818,0.5,6.341122825315182e-05,0.0008465325861760631,0.05
MILD,MILD__HOLD_R2_K175,PG 14:0_22:0,175,R2,filter_loss,0.008063653584583963,1.6688549478798813e-19,0.39347230654553556,0.7936099239641267,0.021497958044986498,0.5,6.010538475131888e-05,0.004721999882481787,0.0125
MILD,MILD__HOLD_R2_K175,PG 14:0_22:3,175,R2,filter_loss,0.006907424209492141,1.6688549478798813e-19,0.08672432217020402,0.9402021823761977,0.09248053115510325,1.0000000000000002,4.3691162162073915e-05,0.0010326677530587691,0.03614457831325301
MILD,MILD__HOLD_R2_K175,PG 14:0_22:5,175,R2,filter_loss,0.006724031336901179,9.967186581581775e-07,0.3916326572569566,0.8740294125875786,0.3151168353722158,0.6170676298438253,0.015233218820401295,0.028681124293445937,0.06976744186046512
MILD,MILD__HOLD_R2_K175,PG 14:0_24:4,175,R2,filter_loss,0.0067875427958778,2.0404580651294463e-07,0.2364766144017557,0.9336814199983869,0.409000174620185,1.0000000000000002,0.0003849632011037052,0.0011070667357394592,0.04819277108433735
MILD,MILD__HOLD_R2_K175,PG 16:0_18:0,175,R2,filter_loss,0.0051143400633492705,8.169158309466567e-07,0.2730282086736678,0.7320003904966144,0.5284306072455749,0.5,0.006718608831998929,0.00921187438394766,0.05154639175257732
MILD,MILD__HOLD_R2_K175,PG 16:0_20:2,175,R2,filter_loss,0.01736981163480302,0.0,0.06404391649487126,0.9219327136957365,0.1380284242110617,1.8682084992203376,0.0001325419053186394,0.0004419274324660716,0.021739130434782608
MILD,MILD__HOLD_R2_K175,PG 16:0_20:5,175,R2,filter_loss,0.02001849316648753,1.6023055613978343e-06,0.3586980333079263,0.7784577318028689,0.43367157561769326,2.0,0.0005535803503026182,0.0007745547809636655,0.03614457831325301
MILD,MILD__HOLD_R2_K175,PG 16:0_22:4,175,R2,filter_loss,0.018801399260402335,4.2708211586611097e-07,0.20371874124768685,0.9923755383909935,0.44339453837236364,1.0760213163243861,0.006204517917372199,0.004482035888584646,0.034482758620689655
MILD,MILD__HOLD_R2_K175,PG 16:0_22:6,175,R2,filter_loss,0.00518528250170245,5.557352760624326e-08,0.42771565508602566,0.9755490303044848,0.17342901101082447,0.5,0.0035863246382661362,0.005133708069018583,0.046511627906976744
MILD,MILD__HOLD_R2_K175,PG 16:1_20:1,175,R2,solver_miss,0.00019498623359417397,,0.09626468926765062,0.9360510343034749,0.032094009427904344,0.689110922829001,0.00014154946035849214,0.02162659342799489,0.022727272727272728
MILD,MILD__HOLD_R2_K175,PG 16:1_22:3,175,R2,filter_loss,0.02321430821290488,6.212375500021938e-07,0.23838939494724698,0.9816952449555878,0.29010776373355207,1.8682084992203376,0.0029689467587183938,0.011172064022184958,0.046511627906976744
MILD,MILD__HOLD_R2_K175,PG 16:1_22:5,175,R2,filter_loss,0.006831679961249787,2.0795811362705815e-07,0.33527002658239174,0.9821921171688058,0.16525580723594785,1.2101381550740857,0.0013743626973785616,0.0016358418510322714,0.060240963855421686
MILD,MILD__HOLD_R2_K175,PG 17:0_18:0,175,R2,retained_true,0.012614436097678235,0.00016459967274310585,0.5692674122568047,0.7118582510946688,0.2506727968425583,1.2101381550740857,0.005002985232330115,0.006596406970651447,0.08
MILD,MILD__HOLD_R2_K175,PG 17:0_18:2,175,R2,filter_loss,0.015817567240610907,7.861706468376924e-07,0.3764851143957298,0.9263229165510191,0.3987025973319038,1.8682084992203376,0.008230647100060384,0.016439132142790913,0.021505376344086023
MILD,MILD__HOLD_R2_K175,PG 17:0_20:0,175,R2,retained_true,0.020951658938462386,0.0010765693858391147,0.8310149974793403,0.9206618024583055,0.050880880759260116,2.0,0.003081353950645682,0.007454888958567052,0.08791208791208792
MILD,MILD__HOLD_R2_K175,PG 17:0_20:1,175,R2,retained_true,0.019719458682445415,0.00021995930399053369,0.7656382983426151,0.9467690930810565,0.11848369535153747,2.0,0.0003650793415157505,0.0031137288602455238,0.05319148936170213
MILD,MILD__HOLD_R2_K175,PG 17:0_20:3,175,R2,filter_loss,0.019244350168999887,3.4843198654993e-08,0.15645235358917814,0.9898819477902964,0.24553643982354834,2.0,0.0011922815237459528,0.0006965114657125904,0.061855670103092786
MILD,MILD__HOLD_R2_K175,PG 17:0_20:4,175,R2,solver_miss,7.185679468559025e-05,,0.333380957182523,0.9887826418894832,0.3019228169112968,0.5,0.0009626592846555537,0.0006253799471490629,0.029411764705882353
MILD,MILD__HOLD_R2_K175,PG 17:1_20:1,175,R2,filter_loss,0.012010781757074476,8.730179208712078e-07,0.266391512522408,0.9726361074886047,0.01725447718424139,2.0,4.577721397003298e-05,0.0002219708024051581,0.034482758620689655
MILD,MILD__HOLD_R2_K175,PG 17:1_20:4,175,R2,filter_loss,0.00425503512631086,0.0,0.4831275545644737,0.9853779862370524,0.22593740389897193,0.7303443264893795,0.0021811563309734883,0.003555580182944329,0.02127659574468085
MILD,MILD__HOLD_R2_K175,PG 18:0_18:0,175,R2,filter_loss,0.014744938392680762,2.4870703058073584e-06,0.27746580180873914,0.8568501347183278,0.3515672967583239,2.0,0.0003581991358001524,0.00010951787532964552,0.03389830508474576
MILD,MILD__HOLD_R2_K175,PG 18:0_18:1,175,R2,filter_loss,0.007082383806188402,0.0,0.22385302590484416,0.857321011866293,0.5499702514118422,1.2101381550740857,0.009484848876495366,0.014209638457357121,0.06329113924050633
MILD,MILD__HOLD_R2_K175,PG 18:0_20:5,175,R2,filter_loss,0.004430535810483136,8.93404917974985e-08,0.3912132251385195,0.9850297730134422,0.3528221066303361,0.5,0.0008703065793419507,0.00036847638994674803,0.020833333333333332
MILD,MILD__HOLD_R2_K175,PG 18:1_18:1,175,R2,filter_loss,0.0102440608777242,6.675419791519525e-19,0.20074680321951024,0.9552207873236039,0.5335974465364102,2.0,0.001967807797006671,0.0008816908419428948,0.034482758620689655
MILD,MILD__HOLD_R2_K175,PG 18:1_18:2,175,R2,filter_loss,0.0091591956026948,4.366599241760794e-07,0.18514361914509317,0.8693484458976806,0.5954341339760317,1.4538436095675817,0.0025587379885222417,0.0008958728503084545,0.05970149253731343
MILD,MILD__HOLD_R2_K175,PG 18:1_20:5,175,R2,filter_loss,0.007149389469430999,2.2460056125869348e-07,0.43403628582268905,0.9724669479844656,0.20168966737085237,0.5,0.004315376155732187,0.0033317377345079002,0.010416666666666666
MILD,MILD__HOLD_R2_K175,PG 18:2_20:2,175,R2,filter_loss,0.019060728624966564,0.0,0.26810270421335247,0.9325718345250835,0.2603944544674466,2.0,7.151403581784344e-05,0.0005881280192069349,0.0898876404494382
MILD,MILD__HOLD_R2_K175,PG 18:2_20:5,175,R2,filter_loss,0.009779710606788795,1.4359917924496965e-06,0.45600375389372205,0.9631467226016989,0.13540569175942307,1.0760213163243861,0.003755522198340744,0.003347427340093412,0.033707865168539325
MILD,MILD__HOLD_R2_K175,PG 20:0_16:1,175,R2,filter_loss,0.003308032025016345,6.708197050755694e-08,0.27509463736924117,0.8206488603123235,0.4400895324696777,0.5,0.0035883190031053003,0.002125072738387912,0.04597701149425287
MILD,MILD__HOLD_R2_K175,PG 20:1_18:3,175,R2,filter_loss,0.00825924425582239,2.569848120891455e-07,0.23811465068961957,0.9659907277452849,0.39065317821122125,1.0760213163243861,0.003301798627939889,0.0014211657860777605,0.013333333333333334
MILD,MILD__HOLD_R2_K175,PS 14:0_20:0,175,R2,retained_true,0.019862252854591842,4.512122832605438e-05,0.6390062445975,0.6039215648852556,0.16709168430356958,2.0,0.0027541471004010054,0.0027427701343425426,0.013888888888888888
MILD,MILD__HOLD_R2_K175,PS 14:0_22:0,175,R2,retained_true,0.02040838239554619,0.0004318658825131226,0.755911282254363,0.4966771953016806,0.15131295823331015,2.0,0.014301426338439227,0.022659755577108642,0.07142857142857142
MILD,MILD__HOLD_R2_K175,PS 14:0_22:2,175,R2,filter_loss,0.005503044055537247,6.250479727607414e-07,0.4826107446087538,0.6351598729298585,0.056673251273551106,0.5,0.002331991978609671,0.013828208191141056,0.07142857142857142
MILD,MILD__HOLD_R2_K175,PS 14:0_22:4,175,R2,retained_true,0.021522678281557114,3.586581144065406e-05,0.3282929959935041,0.543623575220217,0.10688133467946276,2.0,0.005255813177672319,0.004191883189783474,0.05333333333333334
MILD,MILD__HOLD_R2_K175,PS 16:0_20:3,175,R2,solver_miss,0.0008877150063886438,,0.31718607034211305,0.6379581944357362,0.2271159539431486,0.5,0.024743180600422243,0.0532754581349153,0.02631578947368421
MILD,MILD__HOLD_R2_K175,PS 16:0_20:5,175,R2,filter_loss,0.006047933052448772,9.263806875700359e-07,0.4925110672748304,0.5885323920958705,0.2627774230424914,0.5340342571614348,0.0034720204595677373,0.005312662972331572,0.02857142857142857
MILD,MILD__HOLD_R2_K175,PS 16:1_20:1,175,R2,retained_true,0.017629091364944866,5.0212674274184e-05,0.4129541991564398,0.5415506422933887,0.12632979672586508,2.0,0.005809768621976241,0.013510185735995384,0.05405405405405406
MILD,MILD__HOLD_R2_K175,PS 16:1_20:3,175,R2,filter_loss,0.01261694679850343,1.4849350405307136e-06,0.34984059386853866,0.5074650921831881,0.12705139171053204,1.2101381550740857,0.007313982585612444,0.02550036110593812,0.04225352112676056
MILD,MILD__HOLD_R2_K175,PS 16:1_20:4,175,R2,retained_true,0.021503322572130383,0.00014818483566030594,0.6316414058973379,0.55604981646135,0.12364708441998395,2.0,0.0006250680690788046,0.0006367104023839998,0.05128205128205128
MILD,MILD__HOLD_R2_K175,PS 17:0_18:1,175,R2,retained_true,0.00539506064305978,1.976352583782699e-05,0.6537549379034493,0.5358578664393875,0.1898482402281083,0.5,0.00248721638376892,0.002491653810229977,0.0410958904109589
MILD,MILD__HOLD_R2_K175,PS 18:0_16:1,175,R2,filter_loss,0.007227615498045259,3.29547777523889e-06,0.4974005788167513,0.5669019742880855,0.3372870145815912,0.689110922829001,0.007780393272455055,0.007796839687494228,0.014492753623188406
MILD,MILD__HOLD_R2_K175,PS 18:0_17:1,175,R2,filter_loss,0.006031295670666796,1.3504227149212601e-05,0.5700329198506149,0.552158066910196,0.2648511266188399,0.5,0.10610618543008443,0.10639827148241643,0.014925373134328358
MILD,MILD__HOLD_R2_K175,PS 18:0_18:0,175,R2,filter_loss,0.01980856406205667,2.4528002567164032e-06,0.4331045541325963,0.7822407069839156,0.19197976773862468,2.0,0.004926182990125705,0.004921859357551961,0.03773584905660377
MILD,MILD__HOLD_R2_K175,PS 18:0_18:3,175,R2,retained_true,0.021221623202072517,4.7385131941061105e-05,0.5738266720137706,0.6379581944357362,0.264601068755451,2.0,0.001516310654012143,0.0014631946069058044,0.06666666666666667
MILD,MILD__HOLD_R2_K175,PS 18:1_18:3,175,R2,filter_loss,0.004635828338443992,9.277396195726522e-06,0.6381277857367744,0.5253007492314473,0.23640738012806917,0.5340342571614348,0.002803569105580772,0.0028337271763367866,0.046875
MILD,MILD__HOLD_R2_K175,PS 20:0_16:1,175,R2,filter_loss,0.005185918912651213,6.456691927444242e-07,0.49681824282241865,0.5478869149773706,0.34409744001467496,0.6170676298438253,0.059660803180161204,0.06023360124150534,0.06578947368421052
MILD,MILD__HOLD_R3_K050,PA 18:0_22:2,50,R3,filter_loss,0.016936535599095165,0.0,0.27393752390511106,0.8394493239810369,0.36260158405766385,0.6170676298438253,0.0031467721020281836,0.001963496628401451,0.05333333333333334
MILD,MILD__HOLD_R3_K050,PA 18:0_22:4,50,R3,retained_true,0.008689328548004043,2.2384048713744662e-05,0.18925162859522815,0.8691673191165914,0.31323723028330897,0.5,0.0052424423533639075,0.005220284092495531,0.04878048780487805
MILD,MILD__HOLD_R3_K050,PA 18:0_24:1,50,R3,retained_true,0.017529886682000714,2.0660236255687105e-05,0.3334734584306543,0.8793255202210899,0.22349976674487387,0.689110922829001,0.0006864036053716438,0.000725562654723011,0.05970149253731343
MILD,MILD__HOLD_R3_K050,PA 18:1_22:1,50,R3,retained_true,0.024427396854643155,9.688742346601793e-05,0.46175873097333114,0.9022714644699661,0.2905844069806663,0.7303443264893795,0.00041288798704874896,0.0012335033041256382,0.05405405405405406
MILD,MILD__HOLD_R3_K050,PA 20:0_20:4,50,R3,filter_loss,0.007678955909249053,2.672195977144942e-06,0.1645114953783594,0.8957566529041909,0.3424625013635971,0.7303443264893795,0.0275152521851324,0.02927579501551658,0.0449438202247191
MILD,MILD__HOLD_R3_K050,PA 20:1_20:1,50,R3,filter_loss,0.014015968413170897,3.215347099632665e-06,0.4231895167566119,0.9753576763078726,0.3291536211973855,0.5,0.0010118669186879314,0.002037990335239992,0.06818181818181818
MILD,MILD__HOLD_R3_K050,PA 20:1_22:1,50,R3,retained_true,0.024935209863735455,0.00013128731619364633,0.48292710886676304,0.8982874947005188,0.22073574264275386,0.7802037075442214,0.018562907982432097,0.02491796284808878,0.07894736842105263
MILD,MILD__HOLD_R3_K050,PA 22:1_18:2,50,R3,retained_true,0.05695641306271279,0.000322875134005714,0.3672416022212644,0.8804726866933393,0.42728280324989093,2.0,0.006605096516895115,0.006326827710238514,0.02702702702702703
MILD,MILD__HOLD_R3_K050,PA 22:1_20:2,50,R3,retained_true,0.04844792133250748,0.00034138032015012805,0.43337633237958284,0.8789327040599717,0.27097424872123554,2.0,0.0080624691981116,0.011981980213494614,0.04
MILD,MILD__HOLD_R3_K050,PA 22:1_20:3,50,R3,retained_true,0.015075419110148137,9.493580140254766e-05,0.47201880717776407,0.8266719825061805,0.24944586960093668,0.5340342571614348,0.010869264824328262,0.012492854571788947,0.05194805194805195
MILD,MILD__HOLD_R3_K050,PA 22:6_22:6,50,R3,retained_true,0.05469424824866298,0.002521528402727815,0.5618631902016936,0.691000163096786,0.18635717808006635,2.0,0.00917253164779075,0.009477089595620991,0.0625
MILD,MILD__HOLD_R3_K050,PC 14:0_20:4,50,R3,retained_true,0.025781749457690156,0.0007240128835452673,0.6036768381098416,0.7745273553735048,0.030942368542241527,0.7802037075442214,0.0018490512821154326,0.0018224172135786754,0.012048192771084338
MILD,MILD__HOLD_R3_K050,PC 16:1_18:1,50,R3,retained_true,0.046588935029567013,4.679170002163228e-05,0.3710824945274597,0.6900215947371616,0.3528311199198995,2.0,0.005740128810954093,0.005740337720885114,0.06521739130434782
MILD,MILD__HOLD_R3_K050,PC 20:0_14:1,50,R3,filter_loss,0.022251576946616766,1.1803156571955928e-05,0.593367589246976,0.47707361889437966,0.2851238976272237,0.6170676298438253,0.002188794125086768,0.0021900445777822686,0.05333333333333334
MILD,MILD__HOLD_R3_K050,PE 16:0_22:1,50,R3,retained_true,0.03499503949849399,3.0134354917501855e-05,0.20454583643989277,0.8508967724619106,0.32715941021570594,1.4538436095675817,0.0026095936024855826,0.0026208471119697485,0.09259259259259259
MILD,MILD__HOLD_R3_K050,PE 16:0_22:2,50,R3,retained_true,0.020565384140516445,4.248349623934129e-05,0.1886425381510025,0.8572487991575071,0.3301179135196991,2.0,0.0008072029675337822,0.0008077406273154786,0.017543859649122806
MILD,MILD__HOLD_R3_K050,PE 16:0_24:5,50,R3,filter_loss,0.03342548432179778,1.6004754045071406e-05,0.21271686018449112,0.9348240213453116,0.1546244672974381,0.5,0.001921353681188731,0.001875379517050746,0.06896551724137931
MILD,MILD__HOLD_R3_K050,PE 16:1_22:1,50,R3,retained_true,0.03302941764348073,2.5533586135825085e-05,0.29634414058106057,0.6962164662208943,0.4407404219699385,1.0000000000000002,0.00808124486543349,0.008570132244739348,0.05660377358490566
MILD,MILD__HOLD_R3_K050,PE 16:1_22:4,50,R3,solver_miss,0.0005028467127327418,,0.11707440620301834,0.9872300880237134,0.16084900498979865,0.5,0.0007842304184302318,0.0007842322844462402,0.031746031746031744
MILD,MILD__HOLD_R3_K050,PE 17:0_20:0,50,R3,filter_loss,0.011221248831769233,7.470564142025167e-06,0.2698075638945543,0.9206618024583055,0.26327938903853587,0.5,0.001887741959508804,0.0017402936546969672,0.07936507936507936
MILD,MILD__HOLD_R3_K050,PE 17:0_22:6,50,R3,retained_true,0.03874281981172172,0.00037159554673439285,0.31244709118745745,0.8271838267520604,0.30433218821543645,2.0,0.017611707508774055,0.01838682715755835,0.12121212121212122
MILD,MILD__HOLD_R3_K050,PE 18:3_20:4,50,R3,filter_loss,0.017460795058859994,1.0555882243916203e-05,0.15717262060050777,0.9796724074104938,0.3020809046376558,0.5,0.006280647038709897,0.0062955661135006835,0.04054054054054054
MILD,MILD__HOLD_R3_K050,PE 20:1_20:3,50,R3,retained_true,0.018699297547465396,2.2952175762201285e-05,0.15409170574418976,0.9673598800301968,0.13448997604329319,1.2101381550740857,0.000491030613383403,0.000468651826536548,0.03773584905660377
MILD,MILD__HOLD_R3_K050,PE 20:3_20:3,50,R3,filter_loss,0.029495680848244075,1.679415445776873e-05,0.11972298568219342,0.9884825101246301,0.06004173901205881,1.0000000000000002,0.00048032041794177083,0.0004712716755622681,0.0
MILD,MILD__HOLD_R3_K050,PE 22:0_16:1,50,R3,retained_true,0.05248481682032051,0.00044420742337964445,0.4791490094759039,0.8206488603123235,0.1992356350010589,2.0,0.004476879868959838,0.005136088122938753,0.0392156862745098
MILD,MILD__HOLD_R3_K050,PE O-16:0_22:4,50,R3,filter_loss,0.03226643579807206,1.5050116111912982e-05,0.21233553953653375,0.9788297262879938,0.0525446422437508,2.0,0.0004060403474748231,0.00041840104713342097,0.0
MILD,MILD__HOLD_R3_K050,PE O-16:0_22:5,50,R3,retained_true,0.048479597806628465,0.000262246973575793,0.2748935194643735,0.9595548171321114,0.1397678816901211,2.0,0.00038394355007931313,0.0002964901617497073,0.0
MILD,MILD__HOLD_R3_K050,PE O-16:1_24:0,50,R3,retained_true,0.016127469542793524,0.0001236870728638207,0.6719956962672089,0.7350890401757907,0.07613711984283755,0.5,0.001067432937777557,0.0006814609391118109,0.03571428571428571
MILD,MILD__HOLD_R3_K050,PE O-16:1_24:5,50,R3,filter_loss,0.01575188655337753,1.1875413446924882e-05,0.34567378912555613,0.9348240213453116,0.021667538356373084,0.8939526432607221,0.0025190919169711945,0.0024780282091372285,0.05555555555555555
MILD,MILD__HOLD_R3_K050,PE O-18:0_20:2,50,R3,filter_loss,0.010187875376461663,9.716098584339075e-06,0.24588669439016053,0.9868742659860326,0.06594469017151477,0.689110922829001,0.0019601050080191307,0.0005584465070473943,0.0
MILD,MILD__HOLD_R3_K050,PE O-18:0_22:3,50,R3,filter_loss,0.01209457855584824,5.581391636002171e-06,0.17092763078541914,0.9848176901850096,0.13210834735563867,0.8939526432607221,0.0008456161502210513,0.0005473704997376316,0.125
MILD,MILD__HOLD_R3_K050,PE O-18:1_20:3,50,R3,filter_loss,0.0026048190455168142,0.0,0.17248031845796863,0.9828895828332406,0.04325030597265456,0.5,0.001199120320281133,0.001173666927543504,0.09090909090909091
MILD,MILD__HOLD_R3_K050,PE O-18:3_20:3,50,R3,filter_loss,0.04102928666073178,1.4117820510765416e-05,0.14272429629361114,0.9852235586914223,0.03704042840064109,2.0,0.0009088682263856951,0.0009038504168767947,0.0
MILD,MILD__HOLD_R3_K050,PE O-18:3_22:5,50,R3,retained_true,0.0318978460711094,7.859639459264037e-05,0.24245622912169137,0.9538166594574129,0.08542067730299038,2.0,0.000300097893669804,0.0002976237770843104,0.0
MILD,MILD__HOLD_R3_K050,PE O-20:1_18:2,50,R3,retained_true,0.04655035447088997,0.00013760418509124316,0.4351737905876049,0.9895861653945057,0.1319467591106363,2.0,0.00023551375914476758,0.0002665464533165851,0.030303030303030304
MILD,MILD__HOLD_R3_K050,PE O-20:3_20:4,50,R3,filter_loss,0.019891988307639732,5.905080709836293e-06,0.2145730867610224,0.9824124426110163,0.03143893515640733,1.4538436095675817,0.0030017567410796087,0.002117635277798957,0.021739130434782608
MILD,MILD__HOLD_R3_K050,PE O-22:1_18:2,50,R3,retained_true,0.058356576065210844,0.00039227037806589197,0.3303710154344505,0.9888056550432852,0.337294176164278,2.0,0.001060120048168356,0.0004618266693974249,0.0
MILD,MILD__HOLD_R3_K050,PG 14:0_20:0,50,R3,filter_loss,0.012314893093167325,1.4505761859683458e-05,0.7233219574944608,0.7740328453451822,0.0781368584247818,0.5,6.341122825315182e-05,0.0008465325861760631,0.05
MILD,MILD__HOLD_R3_K050,PG 14:0_22:0,50,R3,filter_loss,0.01250954223643965,0.0,0.39347230654553556,0.7936099239641267,0.021497958044986498,0.5,6.010538475131888e-05,0.004721999882481787,0.0125
MILD,MILD__HOLD_R3_K050,PG 16:0_22:4,50,R3,filter_loss,0.04927135804219394,2.8191346413898067e-06,0.20371874124768685,0.9923755383909935,0.44339453837236364,1.0760213163243861,0.006204517917372199,0.004482035888584646,0.034482758620689655
MILD,MILD__HOLD_R3_K050,PG 16:1_22:3,50,R3,filter_loss,0.06133001022277475,1.1232774271328882e-05,0.23838939494724698,0.9816952449555878,0.29010776373355207,1.8682084992203376,0.0029689467587183938,0.011172064022184958,0.046511627906976744
MILD,MILD__HOLD_R3_K050,PG 17:0_18:2,50,R3,retained_true,0.05036306260893188,0.00026338503533082094,0.3764851143957298,0.9263229165510191,0.3987025973319038,1.8682084992203376,0.008230647100060384,0.016439132142790913,0.021505376344086023
MILD,MILD__HOLD_R3_K050,PG 18:0_18:1,50,R3,filter_loss,0.019940999025718165,5.672339866982429e-07,0.22385302590484416,0.857321011866293,0.5499702514118422,1.2101381550740857,0.009484848876495366,0.014209638457357121,0.06329113924050633
MILD,MILD__HOLD_R3_K050,PG 18:2_20:2,50,R3,filter_loss,0.03706970960429167,1.3393340846894398e-05,0.26810270421335247,0.9325718345250835,0.2603944544674466,2.0,7.151403581784344e-05,0.0005881280192069349,0.0898876404494382
MILD,MILD__HOLD_R3_K050,PG 20:1_18:3,50,R3,retained_true,0.02462923367388568,3.3868289128116524e-05,0.23811465068961957,0.9659907277452849,0.39065317821122125,1.0760213163243861,0.003301798627939889,0.0014211657860777605,0.013333333333333334
MILD,MILD__HOLD_R3_K050,PS 16:0_20:3,50,R3,filter_loss,0.011490568147157161,1.4154987900846755e-05,0.31718607034211305,0.6379581944357362,0.2271159539431486,0.5,0.024743180600422243,0.0532754581349153,0.02631578947368421
MILD,MILD__HOLD_R3_K050,PS 16:1_20:4,50,R3,retained_true,0.05837605237512252,0.004864130805827629,0.6316414058973379,0.55604981646135,0.12364708441998395,2.0,0.0006250680690788046,0.0006367104023839998,0.05128205128205128
MILD,MILD__HOLD_R3_K050,PS 17:0_18:1,50,R3,retained_true,0.01767632343565391,0.00022391119107169314,0.6537549379034493,0.5358578664393875,0.1898482402281083,0.5,0.00248721638376892,0.002491653810229977,0.0410958904109589
MILD,MILD__HOLD_R3_K050,PS 18:0_18:3,50,R3,retained_true,0.06714712721199954,0.003146555993093561,0.5738266720137706,0.6379581944357362,0.264601068755451,2.0,0.001516310654012143,0.0014631946069058044,0.06666666666666667
MILD,MILD__HOLD_R3_K050,PS 18:1_18:3,50,R3,retained_true,0.015677527701052872,0.00018483331506745333,0.6381277857367744,0.5253007492314473,0.23640738012806917,0.5340342571614348,0.002803569105580772,0.0028337271763367866,0.046875
MILD,MILD__HOLD_R3_K125,PA 16:0_24:1,125,R3,filter_loss,0.02277557327991833,1.700582462061667e-05,0.5504804076642431,0.883487638633687,0.19595790828137805,2.0,0.0018129815710938857,0.0005478222759552898,0.017857142857142856
MILD,MILD__HOLD_R3_K125,PA 18:0_22:0,125,R3,filter_loss,0.016608427059364037,2.172685256104492e-07,0.3381799302246325,0.7789494468002593,0.44534403487199864,1.4538436095675817,0.0011921075225009847,0.0013569185606716605,0.05405405405405406
MILD,MILD__HOLD_R3_K125,PA 18:0_22:2,125,R3,solver_miss,0.00029840268282504837,,0.27393752390511106,0.8394493239810369,0.36260158405766385,0.6170676298438253,0.0031467721020281836,0.001963496628401451,0.05333333333333334
MILD,MILD__HOLD_R3_K125,PA 18:0_22:4,125,R3,filter_loss,0.01012934345241624,7.541255317428518e-08,0.18925162859522815,0.8691673191165914,0.31323723028330897,0.5,0.0052424423533639075,0.005220284092495531,0.04878048780487805
MILD,MILD__HOLD_R3_K125,PA 18:0_24:1,125,R3,filter_loss,0.013108961288369891,0.0,0.3334734584306543,0.8793255202210899,0.22349976674487387,0.689110922829001,0.0006864036053716438,0.000725562654723011,0.05970149253731343
MILD,MILD__HOLD_R3_K125,PA 18:0_24:5,125,R3,filter_loss,0.004221168825815041,3.565757670732943e-07,0.1609179673339711,0.923167578011941,0.23175005437601462,0.5,0.0008635904598484068,0.0008511644063095014,0.025
MILD,MILD__HOLD_R3_K125,PA 18:1_22:1,125,R3,filter_loss,0.018165779493682557,6.077693573994744e-07,0.46175873097333114,0.9022714644699661,0.2905844069806663,0.7303443264893795,0.00041288798704874896,0.0012335033041256382,0.05405405405405406
MILD,MILD__HOLD_R3_K125,PA 18:1_22:3,125,R3,retained_true,0.020938074837759345,2.1790047237430825e-05,0.26035456632127724,0.8639124793194024,0.33467634555443054,2.0,0.0026888722371033458,0.002139123678131294,0.03896103896103896
MILD,MILD__HOLD_R3_K125,PA 18:1_22:4,125,R3,filter_loss,0.022713173580839734,2.4308970068210564e-06,0.23118051955905902,0.7349039762795926,0.45741325188581883,2.0,0.004805814183295842,0.004868951904925756,0.024096385542168676
MILD,MILD__HOLD_R3_K125,PA 18:1_24:4,125,R3,filter_loss,0.005522700640020436,1.0860641383627729e-08,0.2590661626283403,0.770029563231097,0.383684973635327,0.5,0.0010838412905258554,0.0010729791287783508,0.058823529411764705
MILD,MILD__HOLD_R3_K125,PA 20:0_20:3,125,R3,filter_loss,0.00792127763260851,0.0,0.28594755195446475,0.8048190171061798,0.4076195370011738,1.4538436095675817,0.008036960110991642,0.00976471434619064,0.07317073170731707
MILD,MILD__HOLD_R3_K125,PA 20:0_20:4,125,R3,solver_miss,0.0007593155477214877,,0.1645114953783594,0.8957566529041909,0.3424625013635971,0.7303443264893795,0.0275152521851324,0.02927579501551658,0.0449438202247191
MILD,MILD__HOLD_R3_K125,PA 20:0_22:1,125,R3,filter_loss,0.006434898968747583,0.0,0.3017443733307278,0.7600275012777736,0.3861256918000734,0.689110922829001,0.003709424811556894,0.003737143717409519,0.025974025974025976
MILD,MILD__HOLD_R3_K125,PA 20:0_22:4,125,R3,filter_loss,0.008253882927328081,1.1344606821755635e-07,0.241048023112079,0.8303328039494347,0.3429309669132585,0.5,0.060892874707397016,0.06298741883866765,0.046511627906976744
MILD,MILD__HOLD_R3_K125,PA 20:1_20:1,125,R3,filter_loss,0.005434303738904977,1.2879314303253647e-06,0.4231895167566119,0.9753576763078726,0.3291536211973855,0.5,0.0010118669186879314,0.002037990335239992,0.06818181818181818
MILD,MILD__HOLD_R3_K125,PA 20:1_22:1,125,R3,filter_loss,0.006119216919163054,1.1881346739221974e-05,0.48292710886676304,0.8982874947005188,0.22073574264275386,0.7802037075442214,0.018562907982432097,0.02491796284808878,0.07894736842105263
MILD,MILD__HOLD_R3_K125,PA 20:1_22:3,125,R3,filter_loss,0.017322089256523693,1.642045268094646e-07,0.33476954438953394,0.8781031661032047,0.24658711409645712,1.8682084992203376,0.018403108017956193,0.021063832308081065,0.06329113924050633
MILD,MILD__HOLD_R3_K125,PA 20:1_22:6,125,R3,filter_loss,0.005713533439727331,4.870451908174076e-07,0.23670331410171605,0.9753576763078726,0.2468565478982028,1.0760213163243861,0.0025643340536040116,0.0025700567332332946,0.06172839506172839
MILD,MILD__HOLD_R3_K125,PA 20:4_22:4,125,R3,filter_loss,0.005699277863953796,1.3897012166009176e-05,0.48634054946811606,0.6664725514235691,0.28586225820427874,0.5,0.014403718647744035,0.015260405212573436,0.03225806451612903
MILD,MILD__HOLD_R3_K125,PA 22:0_20:1,125,R3,retained_true,0.014246594766486983,2.2685470866232222e-05,0.4020166500263304,0.8495611434984474,0.2527636987135384,1.0760213163243861,0.01593733933205499,0.018926282928069638,0.04
MILD,MILD__HOLD_R3_K125,PA 22:0_20:4,125,R3,retained_true,0.020381309714890543,1.918342309985898e-05,0.4550397992700734,0.7513055221510871,0.3384293666283728,2.0,0.0023387656878122165,0.0024800429863981455,0.04819277108433735
MILD,MILD__HOLD_R3_K125,PA 22:1_18:2,125,R3,retained_true,0.030894032759171148,3.03351075973239e-05,0.3672416022212644,0.8804726866933393,0.42728280324989093,2.0,0.006605096516895115,0.006326827710238514,0.02702702702702703
MILD,MILD__HOLD_R3_K125,PA 22:1_20:2,125,R3,filter_loss,0.015253573609576744,1.6356708526688465e-05,0.43337633237958284,0.8789327040599717,0.27097424872123554,2.0,0.0080624691981116,0.011981980213494614,0.04
MILD,MILD__HOLD_R3_K125,PA 22:1_20:3,125,R3,retained_true,0.01676765204719115,5.823673760128384e-05,0.47201880717776407,0.8266719825061805,0.24944586960093668,0.5340342571614348,0.010869264824328262,0.012492854571788947,0.05194805194805195
MILD,MILD__HOLD_R3_K125,PA 22:1_20:5,125,R3,filter_loss,0.00861773336166972,1.9717979287810237e-06,0.35373566324826666,0.8941830868357824,0.2306843778836697,0.5,0.0036393607382263493,0.003952696241691589,0.025
MILD,MILD__HOLD_R3_K125,PA 22:5_22:5,125,R3,filter_loss,0.007099835905815549,6.568838183362368e-07,0.37471749963267753,0.9264320052062154,0.08562930665407442,0.8939526432607221,0.05654517952012661,0.05902033614793045,0.10869565217391304
MILD,MILD__HOLD_R3_K125,PA 22:6_22:6,125,R3,retained_true,0.02476042259054849,0.00015763436465209856,0.5618631902016936,0.691000163096786,0.18635717808006635,2.0,0.00917253164779075,0.009477089595620991,0.0625
MILD,MILD__HOLD_R3_K125,PA 24:1_18:2,125,R3,retained_true,0.010533044542901455,2.560234357208697e-05,0.416531063009088,0.7481851339902038,0.35294871355264307,1.0000000000000002,0.0021331576615825076,0.0017595765424679444,0.045454545454545456
MILD,MILD__HOLD_R3_K125,PC 14:0_20:4,125,R3,retained_true,0.010079168653528444,0.00013724977565239302,0.6036768381098416,0.7745273553735048,0.030942368542241527,0.7802037075442214,0.0018490512821154326,0.0018224172135786754,0.012048192771084338
MILD,MILD__HOLD_R3_K125,PC 14:1_20:1,125,R3,retained_true,0.02804203528619488,6.352070134017792e-05,0.4158486366407816,0.6900215947371616,0.30806497780657766,2.0,0.0002922287015207914,0.00029117252372179436,0.012987012987012988
MILD,MILD__HOLD_R3_K125,PC 16:0_18:0,125,R3,filter_loss,0.010850561607386011,4.452928515781182e-06,0.49212912704514206,0.6471130837014081,0.2680149501547328,0.7802037075442214,0.004063515546806951,0.004072487376110989,0.07058823529411765
MILD,MILD__HOLD_R3_K125,PC 16:0_18:1,125,R3,filter_loss,0.002153109107484259,9.46286839492945e-07,0.3986166534022413,0.6482926248318512,0.4109027795617344,0.5340342571614348,0.002719818573634347,0.002719800540087247,0.11594202898550725
MILD,MILD__HOLD_R3_K125,PC 16:1_18:1,125,R3,filter_loss,0.017138431245009543,0.0,0.3710824945274597,0.6900215947371616,0.3528311199198995,2.0,0.005740128810954093,0.005740337720885114,0.06521739130434782
MILD,MILD__HOLD_R3_K125,PC 16:1_18:2,125,R3,retained_true,0.029113686675033036,6.90493747232142e-05,0.6451321224456396,0.494520891089959,0.2246564065829395,2.0,0.07762520620459001,0.07763217030105019,0.06666666666666667
MILD,MILD__HOLD_R3_K125,PC 20:0_14:1,125,R3,filter_loss,0.00937520774634863,1.1239608471640607e-06,0.593367589246976,0.47707361889437966,0.2851238976272237,0.6170676298438253,0.002188794125086768,0.0021900445777822686,0.05333333333333334
MILD,MILD__HOLD_R3_K125,PE 16:0_22:1,125,R3,filter_loss,0.015676539780167968,2.0683399356797404e-06,0.20454583643989277,0.8508967724619106,0.32715941021570594,1.4538436095675817,0.0026095936024855826,0.0026208471119697485,0.09259259259259259
MILD,MILD__HOLD_R3_K125,PE 16:0_22:2,125,R3,filter_loss,0.006826306566949523,0.0,0.1886425381510025,0.8572487991575071,0.3301179135196991,2.0,0.0008072029675337822,0.0008077406273154786,0.017543859649122806
MILD,MILD__HOLD_R3_K125,PE 16:0_24:5,125,R3,filter_loss,0.005000866655114797,4.073855647523495e-06,0.21271686018449112,0.9348240213453116,0.1546244672974381,0.5,0.001921353681188731,0.001875379517050746,0.06896551724137931
MILD,MILD__HOLD_R3_K125,PE 16:0_24:6,125,R3,filter_loss,0.02760244299505464,1.4801360414284276e-05,0.354462542162506,0.9120817497666402,0.1077393979106176,2.0,0.012594339890680706,0.012384383975249547,0.04838709677419355
MILD,MILD__HOLD_R3_K125,PE 16:1_22:1,125,R3,filter_loss,0.007699720955985839,1.3356845966796834e-06,0.29634414058106057,0.6962164662208943,0.4407404219699385,1.0000000000000002,0.00808124486543349,0.008570132244739348,0.05660377358490566
MILD,MILD__HOLD_R3_K125,PE 16:1_22:4,125,R3,solver_miss,0.00025639035335416196,,0.11707440620301834,0.9872300880237134,0.16084900498979865,0.5,0.0007842304184302318,0.0007842322844462402,0.031746031746031744
MILD,MILD__HOLD_R3_K125,PE 17:0_20:0,125,R3,filter_loss,0.004163217289992538,2.8989949131392617e-06,0.2698075638945543,0.9206618024583055,0.26327938903853587,0.5,0.001887741959508804,0.0017402936546969672,0.07936507936507936
MILD,MILD__HOLD_R3_K125,PE 17:0_22:4,125,R3,filter_loss,0.010803269497723736,2.679591823101216e-06,0.16492324087593133,0.9518068384474951,0.1688292372948361,1.0000000000000002,0.003262250096318753,0.003098515234440602,0.04411764705882353
MILD,MILD__HOLD_R3_K125,PE 17:0_22:5,125,R3,retained_true,0.023073517649584714,3.7356834952030874e-05,0.20553202250395822,0.9211023236447361,0.22285151703158326,2.0,0.0012394890093427868,0.0012522411101744124,0.030303030303030304
MILD,MILD__HOLD_R3_K125,PE 17:0_22:6,125,R3,retained_true,0.01973159335753024,4.4256974475900944e-05,0.31244709118745745,0.8271838267520604,0.30433218821543645,2.0,0.017611707508774055,0.01838682715755835,0.12121212121212122
MILD,MILD__HOLD_R3_K125,PE 17:1_20:1,125,R3,filter_loss,0.011985579917237544,5.667624455360741e-06,0.2809048613188857,0.9726361074886047,0.3272746898881621,0.7802037075442214,0.0022883291685498186,0.0024144226540380176,0.08196721311475409
MILD,MILD__HOLD_R3_K125,PE 17:1_20:3,125,R3,filter_loss,0.008403217664899171,1.6783815542301174e-06,0.17058675100295786,0.9942019114139844,0.23344250644858108,0.5,0.0217430849925212,0.02209873193679912,0.1
MILD,MILD__HOLD_R3_K125,PE 17:1_22:5,125,R3,filter_loss,0.01071288412299279,4.698832904340833e-06,0.1734421065443991,0.9209267513286628,0.23190880091119995,0.5,0.0016810239978535257,0.0016830515975861937,0.06349206349206349
MILD,MILD__HOLD_R3_K125,PE 17:1_22:6,125,R3,filter_loss,0.012326818974649196,6.982800878022128e-06,0.2805102678681988,0.8065738667783828,0.34444630313629093,1.2101381550740857,0.0021298269298372086,0.002090265847873085,0.1111111111111111
MILD,MILD__HOLD_R3_K125,PE 18:0_20:3,125,R3,filter_loss,0.006955185077308619,1.1670529672562333e-07,0.19168425851262216,0.9604368385083139,0.1400403915099126,0.6170676298438253,0.00019942539037831608,0.0002018506253916863,0.03125
MILD,MILD__HOLD_R3_K125,PE 18:0_20:5,125,R3,filter_loss,0.020267900180376802,1.0030449636154233e-05,0.4239120961696826,0.9850297730134422,0.320123235599173,2.0,0.0011396559714325072,0.0011919672869405984,0.02666666666666667
MILD,MILD__HOLD_R3_K125,PE 18:1_20:2,125,R3,filter_loss,0.006847379126839301,1.248315671993188e-06,0.23433578314102768,0.9251187567839819,0.20375319449318544,0.7303443264893795,0.0008310407557433619,0.00014275590517265346,0.014285714285714285
MILD,MILD__HOLD_R3_K125,PE 18:1_22:3,125,R3,filter_loss,0.00516977239487149,0.0,0.10400557506001402,0.9605256779361461,0.1742934444820513,0.7802037075442214,0.0035822472545240513,0.0035823397963168357,0.058823529411764705
MILD,MILD__HOLD_R3_K125,PE 18:2_20:2,125,R3,filter_loss,0.013279648496630665,1.4067489555770023e-06,0.18632332063996887,0.930785287256962,0.4829206823131476,2.0,0.0008037372846143587,0.0008063023806984537,0.028985507246376812
MILD,MILD__HOLD_R3_K125,PE 18:3_20:4,125,R3,solver_miss,9.40836889414295e-05,,0.15717262060050777,0.9796724074104938,0.3020809046376558,0.5,0.006280647038709897,0.0062955661135006835,0.04054054054054054
MILD,MILD__HOLD_R3_K125,PE 20:0_20:3,125,R3,filter_loss,0.007938767045859652,2.141306957338073e-06,0.23032749244938702,0.9788474233762352,0.09767313679891157,1.0760213163243861,0.021471551927456423,0.022981147873066488,0.1206896551724138
MILD,MILD__HOLD_R3_K125,PE 20:1_18:2,125,R3,filter_loss,0.006838806231537446,0.0,0.3477875659110764,0.8910754995054128,0.2892279401300275,0.5,0.0915750292343036,0.10181200158881287,0.07142857142857142
MILD,MILD__HOLD_R3_K125,PE 20:1_20:3,125,R3,filter_loss,0.005280293797850622,3.2026277019059158e-06,0.15409170574418976,0.9673598800301968,0.13448997604329319,1.2101381550740857,0.000491030613383403,0.000468651826536548,0.03773584905660377
MILD,MILD__HOLD_R3_K125,PE 20:1_20:4,125,R3,filter_loss,0.0061130743190209525,2.402905709667909e-07,0.22946614386916517,0.9422890778439277,0.1647009138898418,0.5,0.0011668996450705515,0.0009797108106910368,0.0410958904109589
MILD,MILD__HOLD_R3_K125,PE 20:1_20:5,125,R3,retained_true,0.027344076883740208,5.306402141540226e-05,0.3973599004661181,0.7993795604865694,0.33650437366671354,2.0,0.002105112367196016,0.0015876158792395012,0.06944444444444445
MILD,MILD__HOLD_R3_K125,PE 20:3_20:3,125,R3,filter_loss,0.012999016440845758,9.557272454725106e-07,0.11972298568219342,0.9884825101246301,0.06004173901205881,1.0000000000000002,0.00048032041794177083,0.0004712716755622681,0.0
MILD,MILD__HOLD_R3_K125,PE 20:4_20:5,125,R3,retained_true,0.0245018888233838,0.0001284835937803364,0.26664550336010406,0.7114621309435802,0.4744158758561441,2.0,0.0026647366186214327,0.0027472315274700287,0.01694915254237288
MILD,MILD__HOLD_R3_K125,PE 22:0_16:1,125,R3,retained_true,0.0225017338424648,1.7657332721661207e-05,0.4791490094759039,0.8206488603123235,0.1992356350010589,2.0,0.004476879868959838,0.005136088122938753,0.0392156862745098
MILD,MILD__HOLD_R3_K125,PE O-16:0_22:4,125,R3,filter_loss,0.012612865977311143,7.503018159444617e-07,0.21233553953653375,0.9788297262879938,0.0525446422437508,2.0,0.0004060403474748231,0.00041840104713342097,0.0
MILD,MILD__HOLD_R3_K125,PE O-16:0_22:5,125,R3,filter_loss,0.017326023372805553,1.8479765183267333e-06,0.2748935194643735,0.9595548171321114,0.1397678816901211,2.0,0.00038394355007931313,0.0002964901617497073,0.0
MILD,MILD__HOLD_R3_K125,PE O-16:1_24:0,125,R3,filter_loss,0.006592919326375939,2.6268720785705516e-06,0.6719956962672089,0.7350890401757907,0.07613711984283755,0.5,0.001067432937777557,0.0006814609391118109,0.03571428571428571
MILD,MILD__HOLD_R3_K125,PE O-16:1_24:5,125,R3,filter_loss,0.016491351972765286,3.339773732482965e-19,0.34567378912555613,0.9348240213453116,0.021667538356373084,0.8939526432607221,0.0025190919169711945,0.0024780282091372285,0.05555555555555555
MILD,MILD__HOLD_R3_K125,PE O-18:0_20:1,125,R3,filter_loss,0.00841806068137085,3.423837473665061e-07,0.318148671588633,0.9846847840318518,0.10986362796133797,0.8939526432607221,0.0001630039114796089,0.00017009481650798186,0.037037037037037035
MILD,MILD__HOLD_R3_K125,PE O-18:0_20:2,125,R3,filter_loss,0.006500350166261036,9.862581479259183e-07,0.24588669439016053,0.9868742659860326,0.06594469017151477,0.689110922829001,0.0019601050080191307,0.0005584465070473943,0.0
MILD,MILD__HOLD_R3_K125,PE O-18:0_20:5,125,R3,filter_loss,0.014709926898376267,5.868105677881703e-07,0.6919909071159304,0.9215313010613547,0.1361896321849082,0.5,0.0038942866708165935,0.004027293005726573,0.02857142857142857
MILD,MILD__HOLD_R3_K125,PE O-18:0_22:3,125,R3,filter_loss,0.014748023307822749,0.0,0.17092763078541914,0.9848176901850096,0.13210834735563867,0.8939526432607221,0.0008456161502210513,0.0005473704997376316,0.125
MILD,MILD__HOLD_R3_K125,PE O-18:0_22:4,125,R3,filter_loss,0.005239340486294352,0.0,0.29140314574818993,0.9785214888337301,0.07223834193787476,0.5,0.00991779822923411,0.010948030972303235,0.06451612903225806
MILD,MILD__HOLD_R3_K125,PE O-18:0_22:6,125,R3,retained_true,0.02546316902926242,0.00017502874047304126,0.5753436233533816,0.900438885889574,0.17868511941106635,2.0,0.000292360631166555,0.0004274430617627889,0.02857142857142857
MILD,MILD__HOLD_R3_K125,PE O-18:1_20:3,125,R3,solver_miss,0.00012129537887192598,,0.17248031845796863,0.9828895828332406,0.04325030597265456,0.5,0.001199120320281133,0.001173666927543504,0.09090909090909091
MILD,MILD__HOLD_R3_K125,PE O-18:1_20:5,125,R3,filter_loss,0.006684982106545491,1.254111347862599e-07,0.5577857427715306,0.9215313010613547,0.19234784377749203,0.5340342571614348,0.004494611377175217,0.0021003523208922292,0.023809523809523808
MILD,MILD__HOLD_R3_K125,PE O-18:2_20:3,125,R3,filter_loss,0.01837387954099419,0.0,0.15389249231375365,0.982213995160686,0.04157871249447814,0.7303443264893795,0.011902632343288366,0.01190551140071483,0.06060606060606061
MILD,MILD__HOLD_R3_K125,PE O-18:2_22:3,125,R3,filter_loss,0.008956315313868122,4.593671350426768e-07,0.11689533016188987,0.986523537683374,0.04682821117393669,1.2101381550740857,0.00025152470337641564,0.00025152508544168395,0.06451612903225806
MILD,MILD__HOLD_R3_K125,PE O-18:2_22:4,125,R3,filter_loss,0.008433902928503136,1.9421304221756988e-08,0.14828595476682938,0.9790243416279218,0.05669129626843439,0.5,0.0006958109492893882,0.000691927852268126,0.02631578947368421
MILD,MILD__HOLD_R3_K125,PE O-18:2_22:5,125,R3,filter_loss,0.020169902459803386,1.8927002002226656e-08,0.26103860623460656,0.9522818262826038,0.09101743804944895,2.0,0.0005889830349302683,0.0005985797905463386,0.02564102564102564
MILD,MILD__HOLD_R3_K125,PE O-18:3_20:3,125,R3,filter_loss,0.023530456731204328,2.710576612672253e-07,0.14272429629361114,0.9852235586914223,0.03704042840064109,2.0,0.0009088682263856951,0.0009038504168767947,0.0
MILD,MILD__HOLD_R3_K125,PE O-18:3_22:3,125,R3,filter_loss,0.008329927059642814,0.0,0.12439321564387905,0.986523537683374,0.03933032569194751,1.4538436095675817,0.00039330638137358154,0.000393316500170271,0.0967741935483871
MILD,MILD__HOLD_R3_K125,PE O-18:3_22:5,125,R3,filter_loss,0.021798046829811835,1.1603807446167492e-06,0.24245622912169137,0.9538166594574129,0.08542067730299038,2.0,0.000300097893669804,0.0002976237770843104,0.0
MILD,MILD__HOLD_R3_K125,PE O-20:0_20:2,125,R3,filter_loss,0.004796358326419993,0.0,0.3574277360579778,0.9885666181646524,0.13364990366733687,0.5,0.0013632549085536017,0.0008270848205020886,0.14814814814814814
MILD,MILD__HOLD_R3_K125,PE O-20:0_20:4,125,R3,filter_loss,0.01640394257639912,2.825951189193543e-06,0.526269032993801,0.9845400250879618,0.03802391643362135,0.8939526432607221,0.0021938309055087313,0.00017604092447076614,0.05263157894736842
MILD,MILD__HOLD_R3_K125,PE O-20:1_18:2,125,R3,filter_loss,0.02210324328208469,3.925087025157504e-06,0.4351737905876049,0.9895861653945057,0.1319467591106363,2.0,0.00023551375914476758,0.0002665464533165851,0.030303030303030304
MILD,MILD__HOLD_R3_K125,PE O-20:1_20:2,125,R3,filter_loss,0.020467144074830024,1.8093539115278726e-06,0.1653451175229508,0.9857697500316058,0.0657556111825639,2.0,0.022925236368650403,0.023326231185886726,0.03225806451612903
MILD,MILD__HOLD_R3_K125,PE O-20:1_20:3,125,R3,filter_loss,0.027063560347370185,1.2973769970924612e-06,0.20156572631951045,0.9834038435158862,0.040391770192754556,1.8682084992203376,5.294427021595993e-05,2.361550169449611e-05,0.0
MILD,MILD__HOLD_R3_K125,PE O-20:3_20:3,125,R3,filter_loss,0.017974464416292378,2.3026078275833896e-06,0.1678765453740962,0.9829060245747678,0.02838033431556483,2.0,0.0009170570347204476,0.0009176655325875416,0.11428571428571428
MILD,MILD__HOLD_R3_K125,PE O-20:3_20:4,125,R3,filter_loss,0.017839486583278878,1.1997943750809534e-06,0.2145730867610224,0.9824124426110163,0.03143893515640733,1.4538436095675817,0.0030017567410796087,0.002117635277798957,0.021739130434782608
MILD,MILD__HOLD_R3_K125,PE O-22:1_18:2,125,R3,retained_true,0.023885862606796402,3.4096069534406275e-05,0.3303710154344505,0.9888056550432852,0.337294176164278,2.0,0.001060120048168356,0.0004618266693974249,0.0
MILD,MILD__HOLD_R3_K125,PG 14:0_20:0,125,R3,filter_loss,0.00938432522745348,3.8811118169045467e-07,0.7233219574944608,0.7740328453451822,0.0781368584247818,0.5,6.341122825315182e-05,0.0008465325861760631,0.05
MILD,MILD__HOLD_R3_K125,PG 14:0_22:0,125,R3,filter_loss,0.007003831275194005,0.0,0.39347230654553556,0.7936099239641267,0.021497958044986498,0.5,6.010538475131888e-05,0.004721999882481787,0.0125
MILD,MILD__HOLD_R3_K125,PG 14:0_22:5,125,R3,filter_loss,0.010582373054239282,2.18878494471561e-06,0.3916326572569566,0.8740294125875786,0.3151168353722158,0.6170676298438253,0.015233218820401295,0.028681124293445937,0.06976744186046512
MILD,MILD__HOLD_R3_K125,PG 14:0_24:4,125,R3,filter_loss,0.010894238266362554,2.0292503542430234e-06,0.2364766144017557,0.9336814199983869,0.409000174620185,1.0000000000000002,0.0003849632011037052,0.0011070667357394592,0.04819277108433735
MILD,MILD__HOLD_R3_K125,PG 16:0_18:0,125,R3,filter_loss,0.0031758420223263486,1.0262172016982462e-06,0.2730282086736678,0.7320003904966144,0.5284306072455749,0.5,0.006718608831998929,0.00921187438394766,0.05154639175257732
MILD,MILD__HOLD_R3_K125,PG 16:0_20:2,125,R3,filter_loss,0.026065007625749446,0.0,0.06404391649487126,0.9219327136957365,0.1380284242110617,1.8682084992203376,0.0001325419053186394,0.0004419274324660716,0.021739130434782608
MILD,MILD__HOLD_R3_K125,PG 16:0_20:5,125,R3,filter_loss,0.03144670057030069,5.743693283267523e-06,0.3586980333079263,0.7784577318028689,0.43367157561769326,2.0,0.0005535803503026182,0.0007745547809636655,0.03614457831325301
MILD,MILD__HOLD_R3_K125,PG 16:0_22:4,125,R3,filter_loss,0.026695057433892555,1.5159269172317483e-06,0.20371874124768685,0.9923755383909935,0.44339453837236364,1.0760213163243861,0.006204517917372199,0.004482035888584646,0.034482758620689655
MILD,MILD__HOLD_R3_K125,PG 16:0_22:6,125,R3,filter_loss,0.00937141355645867,4.3449683784575614e-06,0.42771565508602566,0.9755490303044848,0.17342901101082447,0.5,0.0035863246382661362,0.005133708069018583,0.046511627906976744
MILD,MILD__HOLD_R3_K125,PG 16:1_20:1,125,R3,filter_loss,0.014742630849124083,2.140020825189405e-06,0.09626468926765062,0.9360510343034749,0.032094009427904344,0.689110922829001,0.00014154946035849214,0.02162659342799489,0.022727272727272728
MILD,MILD__HOLD_R3_K125,PG 16:1_22:3,125,R3,filter_loss,0.027446081592065668,1.687765901151907e-06,0.23838939494724698,0.9816952449555878,0.29010776373355207,1.8682084992203376,0.0029689467587183938,0.011172064022184958,0.046511627906976744
MILD,MILD__HOLD_R3_K125,PG 16:1_22:5,125,R3,filter_loss,0.013056023481863953,3.9831029849615007e-07,0.33527002658239174,0.9821921171688058,0.16525580723594785,1.2101381550740857,0.0013743626973785616,0.0016358418510322714,0.060240963855421686
MILD,MILD__HOLD_R3_K125,PG 17:0_18:2,125,R3,filter_loss,0.018884691842569617,1.3747763484528303e-06,0.3764851143957298,0.9263229165510191,0.3987025973319038,1.8682084992203376,0.008230647100060384,0.016439132142790913,0.021505376344086023
MILD,MILD__HOLD_R3_K125,PG 17:0_20:0,125,R3,retained_true,0.02738744044965784,0.0020972087174108327,0.8310149974793403,0.9206618024583055,0.050880880759260116,2.0,0.003081353950645682,0.007454888958567052,0.08791208791208792
MILD,MILD__HOLD_R3_K125,PG 17:0_20:3,125,R3,filter_loss,0.024596605889890367,5.358954922871767e-07,0.15645235358917814,0.9898819477902964,0.24553643982354834,2.0,0.0011922815237459528,0.0006965114657125904,0.061855670103092786
MILD,MILD__HOLD_R3_K125,PG 17:0_20:4,125,R3,filter_loss,0.0038321452748627115,4.0151902244820813e-07,0.333380957182523,0.9887826418894832,0.3019228169112968,0.5,0.0009626592846555537,0.0006253799471490629,0.029411764705882353
MILD,MILD__HOLD_R3_K125,PG 17:1_20:1,125,R3,filter_loss,0.02020280822882137,1.310976066929864e-06,0.266391512522408,0.9726361074886047,0.01725447718424139,2.0,4.577721397003298e-05,0.0002219708024051581,0.034482758620689655
MILD,MILD__HOLD_R3_K125,PG 17:1_20:4,125,R3,filter_loss,0.0052634428410903225,7.594654610931412e-08,0.4831275545644737,0.9853779862370524,0.22593740389897193,0.7303443264893795,0.0021811563309734883,0.003555580182944329,0.02127659574468085
MILD,MILD__HOLD_R3_K125,PG 18:0_18:1,125,R3,filter_loss,0.006219535869509125,8.629641660226057e-07,0.22385302590484416,0.857321011866293,0.5499702514118422,1.2101381550740857,0.009484848876495366,0.014209638457357121,0.06329113924050633
MILD,MILD__HOLD_R3_K125,PG 18:0_20:5,125,R3,filter_loss,0.004755395762092799,5.4100903893061156e-08,0.3912132251385195,0.9850297730134422,0.3528221066303361,0.5,0.0008703065793419507,0.00036847638994674803,0.020833333333333332
MILD,MILD__HOLD_R3_K125,PG 18:1_18:1,125,R3,filter_loss,0.01297077226411118,3.605869119242179e-08,0.20074680321951024,0.9552207873236039,0.5335974465364102,2.0,0.001967807797006671,0.0008816908419428948,0.034482758620689655
MILD,MILD__HOLD_R3_K125,PG 18:2_20:2,125,R3,filter_loss,0.01861639620330449,0.0,0.26810270421335247,0.9325718345250835,0.2603944544674466,2.0,7.151403581784344e-05,0.0005881280192069349,0.0898876404494382
MILD,MILD__HOLD_R3_K125,PG 20:1_18:3,125,R3,filter_loss,0.0111343984154346,1.2357295482092325e-06,0.23811465068961957,0.9659907277452849,0.39065317821122125,1.0760213163243861,0.003301798627939889,0.0014211657860777605,0.013333333333333334
MILD,MILD__HOLD_R3_K125,PS 14:0_20:0,125,R3,retained_true,0.030141796277522084,0.00016719647252729614,0.6390062445975,0.6039215648852556,0.16709168430356958,2.0,0.0027541471004010054,0.0027427701343425426,0.013888888888888888
MILD,MILD__HOLD_R3_K125,PS 14:0_22:2,125,R3,filter_loss,0.0066928323096005615,7.651726436719673e-07,0.4826107446087538,0.6351598729298585,0.056673251273551106,0.5,0.002331991978609671,0.013828208191141056,0.07142857142857142
MILD,MILD__HOLD_R3_K125,PS 16:0_20:3,125,R3,filter_loss,0.001142191098750091,6.67954746496593e-19,0.31718607034211305,0.6379581944357362,0.2271159539431486,0.5,0.024743180600422243,0.0532754581349153,0.02631578947368421
MILD,MILD__HOLD_R3_K125,PS 16:0_20:5,125,R3,filter_loss,0.006798399533504613,4.624996276638714e-06,0.4925110672748304,0.5885323920958705,0.2627774230424914,0.5340342571614348,0.0034720204595677373,0.005312662972331572,0.02857142857142857
MILD,MILD__HOLD_R3_K125,PS 16:1_20:1,125,R3,retained_true,0.03757654485748409,0.0002142308255696752,0.4129541991564398,0.5415506422933887,0.12632979672586508,2.0,0.005809768621976241,0.013510185735995384,0.05405405405405406
MILD,MILD__HOLD_R3_K125,PS 16:1_20:4,125,R3,retained_true,0.03202221043495806,0.00044033647246427484,0.6316414058973379,0.55604981646135,0.12364708441998395,2.0,0.0006250680690788046,0.0006367104023839998,0.05128205128205128
MILD,MILD__HOLD_R3_K125,PS 17:0_18:1,125,R3,retained_true,0.007959512608830191,3.9084522670192466e-05,0.6537549379034493,0.5358578664393875,0.1898482402281083,0.5,0.00248721638376892,0.002491653810229977,0.0410958904109589
MILD,MILD__HOLD_R3_K125,PS 18:0_16:1,125,R3,filter_loss,0.009416727449123384,2.09209614862318e-06,0.4974005788167513,0.5669019742880855,0.3372870145815912,0.689110922829001,0.007780393272455055,0.007796839687494228,0.014492753623188406
MILD,MILD__HOLD_R3_K125,PS 18:0_18:0,125,R3,retained_true,0.024382605976447667,1.9785126010958342e-05,0.4331045541325963,0.7822407069839156,0.19197976773862468,2.0,0.004926182990125705,0.004921859357551961,0.03773584905660377
MILD,MILD__HOLD_R3_K125,PS 18:0_18:3,125,R3,retained_true,0.029775502604293822,0.0003141110739255228,0.5738266720137706,0.6379581944357362,0.264601068755451,2.0,0.001516310654012143,0.0014631946069058044,0.06666666666666667
MILD,MILD__HOLD_R3_K125,PS 18:1_18:3,125,R3,retained_true,0.007404945203109372,4.008109379740396e-05,0.6381277857367744,0.5253007492314473,0.23640738012806917,0.5340342571614348,0.002803569105580772,0.0028337271763367866,0.046875
MILD,MILD__HOLD_R3_K125,PS 20:0_16:1,125,R3,filter_loss,0.003644378289612344,0.0,0.49681824282241865,0.5478869149773706,0.34409744001467496,0.6170676298438253,0.059660803180161204,0.06023360124150534,0.06578947368421052
MILD,MILD__HOLD_R3_K175,PA 16:0_24:1,175,R3,filter_loss,0.01755643014257388,3.371694309632496e-06,0.5504804076642431,0.883487638633687,0.19595790828137805,2.0,0.0018129815710938857,0.0005478222759552898,0.017857142857142856
MILD,MILD__HOLD_R3_K175,PA 16:0_24:4,175,R3,solver_miss,0.0006438092104304371,,0.2223063465458067,0.9171280506076233,0.17914163452145218,0.6170676298438253,0.04338089176146531,0.04345848797882845,0.04
MILD,MILD__HOLD_R3_K175,PA 18:0_22:0,175,R3,filter_loss,0.010897256645144389,3.97795702495946e-07,0.3381799302246325,0.7789494468002593,0.44534403487199864,1.4538436095675817,0.0011921075225009847,0.0013569185606716605,0.05405405405405406
MILD,MILD__HOLD_R3_K175,PA 18:0_22:2,175,R3,solver_miss,0.0,,0.27393752390511106,0.8394493239810369,0.36260158405766385,0.6170676298438253,0.0031467721020281836,0.001963496628401451,0.05333333333333334
MILD,MILD__HOLD_R3_K175,PA 18:0_22:4,175,R3,filter_loss,0.009782478097842245,0.0,0.18925162859522815,0.8691673191165914,0.31323723028330897,0.5,0.0052424423533639075,0.005220284092495531,0.04878048780487805
MILD,MILD__HOLD_R3_K175,PA 18:0_24:1,175,R3,filter_loss,0.009585719493263043,0.0,0.3334734584306543,0.8793255202210899,0.22349976674487387,0.689110922829001,0.0006864036053716438,0.000725562654723011,0.05970149253731343
MILD,MILD__HOLD_R3_K175,PA 18:0_24:5,175,R3,filter_loss,0.0077748646238713906,5.509391387910311e-08,0.1609179673339711,0.923167578011941,0.23175005437601462,0.5,0.0008635904598484068,0.0008511644063095014,0.025
MILD,MILD__HOLD_R3_K175,PA 18:0_24:6,175,R3,filter_loss,0.02350083318555817,1.6120640871293437e-06,0.1641748706562144,0.9374908882297373,0.19157325912956763,2.0,0.004642181796140066,0.004645773085514948,0.04878048780487805
MILD,MILD__HOLD_R3_K175,PA 18:1_22:1,175,R3,filter_loss,0.007963684829701204,9.35640800847711e-08,0.46175873097333114,0.9022714644699661,0.2905844069806663,0.7303443264893795,0.00041288798704874896,0.0012335033041256382,0.05405405405405406
MILD,MILD__HOLD_R3_K175,PA 18:1_22:3,175,R3,filter_loss,0.01734002798762893,1.1637533437522448e-05,0.26035456632127724,0.8639124793194024,0.33467634555443054,2.0,0.0026888722371033458,0.002139123678131294,0.03896103896103896
MILD,MILD__HOLD_R3_K175,PA 18:1_22:4,175,R3,filter_loss,0.01783201790805334,1.703583183278087e-06,0.23118051955905902,0.7349039762795926,0.45741325188581883,2.0,0.004805814183295842,0.004868951904925756,0.024096385542168676
MILD,MILD__HOLD_R3_K175,PA 18:1_24:1,175,R3,filter_loss,0.007874871780603566,7.595704930659035e-07,0.4394175718623714,0.7742897189559598,0.30213238364332506,0.5,0.000759699939821834,0.0008438388853387879,0.015151515151515152
MILD,MILD__HOLD_R3_K175,PA 18:1_24:4,175,R3,filter_loss,0.0029644586778790932,6.420750425420972e-08,0.2590661626283403,0.770029563231097,0.383684973635327,0.5,0.0010838412905258554,0.0010729791287783508,0.058823529411764705
MILD,MILD__HOLD_R3_K175,PA 18:1_24:6,175,R3,filter_loss,0.018646695571723045,2.272626561413187e-06,0.25854770171004793,0.8317569743542244,0.311757671286486,2.0,0.010835595411361254,0.010851465233581492,0.07407407407407407
MILD,MILD__HOLD_R3_K175,PA 18:2_24:4,175,R3,filter_loss,0.008911842884233074,1.219045447951527e-07,0.33277246997096527,0.6495701338678831,0.4330785336890039,0.7802037075442214,0.0039133891856287795,0.003868713351689035,0.07058823529411765
MILD,MILD__HOLD_R3_K175,PA 18:2_24:5,175,R3,filter_loss,0.001995459409041336,0.0,0.30902833514416345,0.8083196183923326,0.2868943377666932,0.5,0.004081604352916046,0.004077549062661889,0.06329113924050633
MILD,MILD__HOLD_R3_K175,PA 20:0_20:2,175,R3,solver_miss,6.051098183009136e-08,,0.2807555140432376,0.7492730089935543,0.49169235917013354,0.5,0.001564770493217682,0.0014533126063535073,0.04054054054054054
MILD,MILD__HOLD_R3_K175,PA 20:0_20:3,175,R3,filter_loss,0.00980207392701487,0.0,0.28594755195446475,0.8048190171061798,0.4076195370011738,1.4538436095675817,0.008036960110991642,0.00976471434619064,0.07317073170731707
MILD,MILD__HOLD_R3_K175,PA 20:0_20:4,175,R3,solver_miss,0.0006911428470520884,,0.1645114953783594,0.8957566529041909,0.3424625013635971,0.7303443264893795,0.0275152521851324,0.02927579501551658,0.0449438202247191
MILD,MILD__HOLD_R3_K175,PA 20:0_22:1,175,R3,filter_loss,0.005539387653984537,0.0,0.3017443733307278,0.7600275012777736,0.3861256918000734,0.689110922829001,0.003709424811556894,0.003737143717409519,0.025974025974025976
MILD,MILD__HOLD_R3_K175,PA 20:0_22:4,175,R3,filter_loss,0.015835983896863158,0.0,0.241048023112079,0.8303328039494347,0.3429309669132585,0.5,0.060892874707397016,0.06298741883866765,0.046511627906976744
MILD,MILD__HOLD_R3_K175,PA 20:0_22:6,175,R3,filter_loss,0.00468615878005137,0.0,0.18342642508946627,0.9361340206999159,0.20227608263374897,0.5,0.004776696328855912,0.004726570921992357,0.07142857142857142
MILD,MILD__HOLD_R3_K175,PA 20:1_20:1,175,R3,filter_loss,0.014140203505972036,2.590125300124584e-06,0.4231895167566119,0.9753576763078726,0.3291536211973855,0.5,0.0010118669186879314,0.002037990335239992,0.06818181818181818
MILD,MILD__HOLD_R3_K175,PA 20:1_22:1,175,R3,filter_loss,0.004958330253813427,2.430593416075637e-07,0.48292710886676304,0.8982874947005188,0.22073574264275386,0.7802037075442214,0.018562907982432097,0.02491796284808878,0.07894736842105263
MILD,MILD__HOLD_R3_K175,PA 20:1_22:3,175,R3,filter_loss,0.016034054285630654,0.0,0.33476954438953394,0.8781031661032047,0.24658711409645712,1.8682084992203376,0.018403108017956193,0.021063832308081065,0.06329113924050633
MILD,MILD__HOLD_R3_K175,PA 20:1_22:5,175,R3,filter_loss,0.007670252061550797,1.4518815929921936e-06,0.22030580527220145,0.8930555529932804,0.2632540567277174,2.0,0.0030627099534888957,0.0029952224810618766,0.0125
MILD,MILD__HOLD_R3_K175,PA 20:1_22:6,175,R3,filter_loss,0.012322180778799074,1.408978205985634e-07,0.23670331410171605,0.9753576763078726,0.2468565478982028,1.0760213163243861,0.0025643340536040116,0.0025700567332332946,0.06172839506172839
MILD,MILD__HOLD_R3_K175,PA 20:3_22:4,175,R3,filter_loss,0.0028482063773163538,0.0,0.402579539322542,0.7488776965339671,0.3030548023026991,0.5,0.0032054403866504932,0.003222308663755058,0.09302325581395349
MILD,MILD__HOLD_R3_K175,PA 20:4_22:4,175,R3,filter_loss,0.0034466377263485596,2.155774786823472e-06,0.48634054946811606,0.6664725514235691,0.28586225820427874,0.5,0.014403718647744035,0.015260405212573436,0.03225806451612903
MILD,MILD__HOLD_R3_K175,PA 22:0_18:2,175,R3,filter_loss,0.01052951479436494,0.0,0.34226134747101367,0.761776416520081,0.4474985059635067,1.0760213163243861,0.0030674863975856947,0.0028834133419998187,0.0547945205479452
MILD,MILD__HOLD_R3_K175,PA 22:0_20:1,175,R3,filter_loss,0.011494670677703269,1.0626518825440194e-05,0.4020166500263304,0.8495611434984474,0.2527636987135384,1.0760213163243861,0.01593733933205499,0.018926282928069638,0.04
MILD,MILD__HOLD_R3_K175,PA 22:0_20:3,175,R3,filter_loss,0.012666337620712082,5.23212542756702e-06,0.4070101497165706,0.700138513759436,0.38977747877753405,0.5,0.009922850596979504,0.01301240678684945,0.02631578947368421
MILD,MILD__HOLD_R3_K175,PA 22:0_20:4,175,R3,filter_loss,0.019178974374435144,1.0486697336451187e-06,0.4550397992700734,0.7513055221510871,0.3384293666283728,2.0,0.0023387656878122165,0.0024800429863981455,0.04819277108433735
MILD,MILD__HOLD_R3_K175,PA 22:1_18:2,175,R3,filter_loss,0.020271636776523532,1.4017600222127354e-05,0.3672416022212644,0.8804726866933393,0.42728280324989093,2.0,0.006605096516895115,0.006326827710238514,0.02702702702702703
MILD,MILD__HOLD_R3_K175,PA 22:1_20:2,175,R3,filter_loss,0.01041047327219146,4.082096634044371e-19,0.43337633237958284,0.8789327040599717,0.27097424872123554,2.0,0.0080624691981116,0.011981980213494614,0.04
MILD,MILD__HOLD_R3_K175,PA 22:1_20:3,175,R3,retained_true,0.01660798517324141,2.1478699411835275e-05,0.47201880717776407,0.8266719825061805,0.24944586960093668,0.5340342571614348,0.010869264824328262,0.012492854571788947,0.05194805194805195
MILD,MILD__HOLD_R3_K175,PA 22:1_20:5,175,R3,filter_loss,0.013516682921739328,8.405694487709207e-07,0.35373566324826666,0.8941830868357824,0.2306843778836697,0.5,0.0036393607382263493,0.003952696241691589,0.025
MILD,MILD__HOLD_R3_K175,PA 22:5_22:5,175,R3,filter_loss,0.006046606396757613,1.905705085034301e-07,0.37471749963267753,0.9264320052062154,0.08562930665407442,0.8939526432607221,0.05654517952012661,0.05902033614793045,0.10869565217391304
MILD,MILD__HOLD_R3_K175,PA 22:6_22:6,175,R3,retained_true,0.01707382293165932,4.553945584215602e-05,0.5618631902016936,0.691000163096786,0.18635717808006635,2.0,0.00917253164779075,0.009477089595620991,0.0625
MILD,MILD__HOLD_R3_K175,PA 24:1_18:2,175,R3,filter_loss,0.009136732007701752,9.368656033581777e-06,0.416531063009088,0.7481851339902038,0.35294871355264307,1.0000000000000002,0.0021331576615825076,0.0017595765424679444,0.045454545454545456
MILD,MILD__HOLD_R3_K175,PC 14:0_20:2,175,R3,filter_loss,0.010662959736636234,1.152394861711114e-06,0.3254331442131747,0.6041425983942957,0.4715533114037237,0.8939526432607221,0.007462943955335866,0.007518058498400038,0.05
MILD,MILD__HOLD_R3_K175,PC 14:0_20:4,175,R3,retained_true,0.007421389578046984,7.124098427499831e-05,0.6036768381098416,0.7745273553735048,0.030942368542241527,0.7802037075442214,0.0018490512821154326,0.0018224172135786754,0.012048192771084338
MILD,MILD__HOLD_R3_K175,PC 14:1_20:1,175,R3,retained_true,0.016710109529272196,4.448316114656629e-05,0.4158486366407816,0.6900215947371616,0.30806497780657766,2.0,0.0002922287015207914,0.00029117252372179436,0.012987012987012988
MILD,MILD__HOLD_R3_K175,PC 16:0_18:0,175,R3,filter_loss,0.007721348403623432,1.8481629729486156e-06,0.49212912704514206,0.6471130837014081,0.2680149501547328,0.7802037075442214,0.004063515546806951,0.004072487376110989,0.07058823529411765
MILD,MILD__HOLD_R3_K175,PC 16:0_18:1,175,R3,filter_loss,0.002017480016254876,0.0,0.3986166534022413,0.6482926248318512,0.4109027795617344,0.5340342571614348,0.002719818573634347,0.002719800540087247,0.11594202898550725
MILD,MILD__HOLD_R3_K175,PC 16:0_18:2,175,R3,filter_loss,0.030450139925549555,3.6593407610236045e-06,0.3131917397743864,0.5996238721920917,0.4899091295507795,2.0,0.06290873847509104,0.06290881606687038,0.05747126436781609
MILD,MILD__HOLD_R3_K175,PC 16:1_18:1,175,R3,filter_loss,0.01476397677760513,3.383680376419326e-08,0.3710824945274597,0.6900215947371616,0.3528311199198995,2.0,0.005740128810954093,0.005740337720885114,0.06521739130434782
MILD,MILD__HOLD_R3_K175,PC 16:1_18:2,175,R3,retained_true,0.022298806569006565,2.580891808807646e-05,0.6451321224456396,0.494520891089959,0.2246564065829395,2.0,0.07762520620459001,0.07763217030105019,0.06666666666666667
MILD,MILD__HOLD_R3_K175,PC 20:0_14:1,175,R3,filter_loss,0.0070596479102812,3.539948883525033e-08,0.593367589246976,0.47707361889437966,0.2851238976272237,0.6170676298438253,0.002188794125086768,0.0021900445777822686,0.05333333333333334
MILD,MILD__HOLD_R3_K175,PC O-16:0_17:0,175,R3,retained_true,0.00914702629206494,0.00011297188511220093,0.7536429126805174,0.6594747873316874,0.016839149861247793,0.689110922829001,0.0021199241046659933,0.002119924212811153,0.0
MILD,MILD__HOLD_R3_K175,PC O-16:1_18:1,175,R3,retained_true,0.01203223123745816,0.00025247997622209866,0.8076497414228311,0.6052609717953458,0.02991086558637346,1.0000000000000002,0.0011780312079956445,0.0011619748561649823,0.08571428571428572
MILD,MILD__HOLD_R3_K175,PE 16:0_22:1,175,R3,filter_loss,0.012801656294540624,1.1188238832833127e-06,0.20454583643989277,0.8508967724619106,0.32715941021570594,1.4538436095675817,0.0026095936024855826,0.0026208471119697485,0.09259259259259259
MILD,MILD__HOLD_R3_K175,PE 16:0_22:2,175,R3,filter_loss,0.008040675104105255,0.0,0.1886425381510025,0.8572487991575071,0.3301179135196991,2.0,0.0008072029675337822,0.0008077406273154786,0.017543859649122806
MILD,MILD__HOLD_R3_K175,PE 16:0_22:4,175,R3,filter_loss,0.00991870600844755,9.2570059838269e-09,0.15895469448868532,0.9923755383909935,0.2386585476665622,2.0,0.0026445506599418467,0.0026437613959471307,0.015625
MILD,MILD__HOLD_R3_K175,PE 16:0_24:5,175,R3,filter_loss,0.009807696257990384,1.1727571737762957e-06,0.21271686018449112,0.9348240213453116,0.1546244672974381,0.5,0.001921353681188731,0.001875379517050746,0.06896551724137931
MILD,MILD__HOLD_R3_K175,PE 16:0_24:6,175,R3,filter_loss,0.017221951401610428,0.0,0.354462542162506,0.9120817497666402,0.1077393979106176,2.0,0.012594339890680706,0.012384383975249547,0.04838709677419355
MILD,MILD__HOLD_R3_K175,PE 16:1_22:1,175,R3,filter_loss,0.0060814518481766295,1.6328386536177484e-19,0.29634414058106057,0.6962164662208943,0.4407404219699385,1.0000000000000002,0.00808124486543349,0.008570132244739348,0.05660377358490566
MILD,MILD__HOLD_R3_K175,PE 16:1_22:3,175,R3,filter_loss,0.01235974448086514,0.0,0.12325824954460242,0.9816952449555878,0.20295021528294271,2.0,8.291252553216388e-05,8.291775400715018e-05,0.05357142857142857
MILD,MILD__HOLD_R3_K175,PE 16:1_22:4,175,R3,filter_loss,0.0034091020450980935,7.485949731699117e-07,0.11707440620301834,0.9872300880237134,0.16084900498979865,0.5,0.0007842304184302318,0.0007842322844462402,0.031746031746031744
MILD,MILD__HOLD_R3_K175,PE 16:1_22:6,175,R3,filter_loss,0.016356750906165198,2.7571827143552603e-06,0.2519478993591113,0.9780045750710121,0.13185464506752925,2.0,0.0014294605966203022,0.0014300496428103493,0.09836065573770492
MILD,MILD__HOLD_R3_K175,PE 17:0_20:0,175,R3,filter_loss,0.003873014955814011,2.4157198854060617e-06,0.2698075638945543,0.9206618024583055,0.26327938903853587,0.5,0.001887741959508804,0.0017402936546969672,0.07936507936507936
MILD,MILD__HOLD_R3_K175,PE 17:0_22:2,175,R3,filter_loss,0.011606451935253611,0.0,0.13503108538528152,0.9386569008618137,0.21734595795940753,2.0,0.0011864621584661839,0.0011931643887791443,0.0
MILD,MILD__HOLD_R3_K175,PE 17:0_22:4,175,R3,filter_loss,0.001328006815191757,1.9134841493349647e-06,0.16492324087593133,0.9518068384474951,0.1688292372948361,1.0000000000000002,0.003262250096318753,0.003098515234440602,0.04411764705882353
MILD,MILD__HOLD_R3_K175,PE 17:0_22:5,175,R3,retained_true,0.01836036767179767,1.9328786937230276e-05,0.20553202250395822,0.9211023236447361,0.22285151703158326,2.0,0.0012394890093427868,0.0012522411101744124,0.030303030303030304
MILD,MILD__HOLD_R3_K175,PE 17:0_22:6,175,R3,retained_true,0.015662944432190393,2.1930972560636312e-05,0.31244709118745745,0.8271838267520604,0.30433218821543645,2.0,0.017611707508774055,0.01838682715755835,0.12121212121212122
MILD,MILD__HOLD_R3_K175,PE 17:1_20:1,175,R3,filter_loss,0.009645399736444646,5.61071400855807e-09,0.2809048613188857,0.9726361074886047,0.3272746898881621,0.7802037075442214,0.0022883291685498186,0.0024144226540380176,0.08196721311475409
MILD,MILD__HOLD_R3_K175,PE 17:1_20:3,175,R3,filter_loss,0.006071842455735299,4.841780737757005e-07,0.17058675100295786,0.9942019114139844,0.23344250644858108,0.5,0.0217430849925212,0.02209873193679912,0.1
MILD,MILD__HOLD_R3_K175,PE 17:1_22:5,175,R3,filter_loss,0.0020383868630656312,8.383846447915064e-07,0.1734421065443991,0.9209267513286628,0.23190880091119995,0.5,0.0016810239978535257,0.0016830515975861937,0.06349206349206349
MILD,MILD__HOLD_R3_K175,PE 17:1_22:6,175,R3,filter_loss,0.005215374513979601,3.567617200099145e-06,0.2805102678681988,0.8065738667783828,0.34444630313629093,1.2101381550740857,0.0021298269298372086,0.002090265847873085,0.1111111111111111
MILD,MILD__HOLD_R3_K175,PE 18:0_20:1,175,R3,filter_loss,0.020452548112412216,3.1024815571136034e-07,0.25393425517668783,0.9625905679777863,0.1807537946676117,2.0,0.0011387468614931784,0.0008336602771666923,0.046153846153846156
MILD,MILD__HOLD_R3_K175,PE 18:0_20:3,175,R3,filter_loss,0.003979157694004982,0.0,0.19168425851262216,0.9604368385083139,0.1400403915099126,0.6170676298438253,0.00019942539037831608,0.0002018506253916863,0.03125
MILD,MILD__HOLD_R3_K175,PE 18:0_20:5,175,R3,filter_loss,0.014962557476990953,9.037107885475199e-07,0.4239120961696826,0.9850297730134422,0.320123235599173,2.0,0.0011396559714325072,0.0011919672869405984,0.02666666666666667
MILD,MILD__HOLD_R3_K175,PE 18:1_20:2,175,R3,filter_loss,0.002431330527419876,5.517848116568272e-07,0.23433578314102768,0.9251187567839819,0.20375319449318544,0.7303443264893795,0.0008310407557433619,0.00014275590517265346,0.014285714285714285
MILD,MILD__HOLD_R3_K175,PE 18:1_20:5,175,R3,filter_loss,0.005379196834114599,0.0,0.3998586987063159,0.9724669479844656,0.2358672544872255,0.6170676298438253,0.0008012039054279274,0.0008606088188597427,0.0375
MILD,MILD__HOLD_R3_K175,PE 18:1_22:2,175,R3,filter_loss,0.010341941964043417,2.5880127103646415e-06,0.12985107942569446,0.9248799886279087,0.2737586242615052,0.689110922829001,0.0021254478117591624,0.002124672815584927,0.058823529411764705
MILD,MILD__HOLD_R3_K175,PE 18:1_22:3,175,R3,filter_loss,0.009875232347715115,0.0,0.10400557506001402,0.9605256779361461,0.1742934444820513,0.7802037075442214,0.0035822472545240513,0.0035823397963168357,0.058823529411764705
MILD,MILD__HOLD_R3_K175,PE 18:1_22:4,175,R3,filter_loss,0.01111785016574875,0.0,0.11052846478170081,0.969840644646915,0.13562077871750905,0.8939526432607221,0.0002187931374144636,0.00021536997653726075,0.05333333333333334
MILD,MILD__HOLD_R3_K175,PE 18:1_22:5,175,R3,filter_loss,0.009455692183754567,0.0,0.19163429981325247,0.9256344671279978,0.2133913524062529,1.4538436095675817,0.000883079450688995,0.0008913924319237099,0.028169014084507043
MILD,MILD__HOLD_R3_K175,PE 18:1_22:6,175,R3,filter_loss,0.0020181551852910392,0.0,0.3159564682544253,0.8033916799379116,0.3147345109004634,0.5340342571614348,0.004215489361945601,0.004259121098188823,0.015384615384615385
MILD,MILD__HOLD_R3_K175,PE 18:2_20:2,175,R3,filter_loss,0.014080611668614304,1.5978485698009532e-07,0.18632332063996887,0.930785287256962,0.4829206823131476,2.0,0.0008037372846143587,0.0008063023806984537,0.028985507246376812
MILD,MILD__HOLD_R3_K175,PE 18:2_22:2,175,R3,filter_loss,0.013594159225167593,0.0,0.1271355008514916,0.9008257061441529,0.3075663178035413,1.8682084992203376,0.0003045712876184048,0.000304167674782585,0.05970149253731343
MILD,MILD__HOLD_R3_K175,PE 18:3_20:4,175,R3,solver_miss,0.0005751142532678632,,0.15717262060050777,0.9796724074104938,0.3020809046376558,0.5,0.006280647038709897,0.0062955661135006835,0.04054054054054054
MILD,MILD__HOLD_R3_K175,PE 20:0_20:3,175,R3,filter_loss,0.003118654064703312,2.6225420469930205e-07,0.23032749244938702,0.9788474233762352,0.09767313679891157,1.0760213163243861,0.021471551927456423,0.022981147873066488,0.1206896551724138
MILD,MILD__HOLD_R3_K175,PE 20:0_20:5,175,R3,filter_loss,0.008266287063848939,2.184787137276217e-07,0.42609430792144315,0.8451414828957593,0.30776996621138847,0.7802037075442214,0.002121680792026015,0.0022945694826855823,0.04225352112676056
MILD,MILD__HOLD_R3_K175,PE 20:1_18:2,175,R3,filter_loss,0.005096075999885609,0.0,0.3477875659110764,0.8910754995054128,0.2892279401300275,0.5,0.0915750292343036,0.10181200158881287,0.07142857142857142
MILD,MILD__HOLD_R3_K175,PE 20:1_20:3,175,R3,filter_loss,0.0060686622955832634,7.255135389210893e-08,0.15409170574418976,0.9673598800301968,0.13448997604329319,1.2101381550740857,0.000491030613383403,0.000468651826536548,0.03773584905660377
MILD,MILD__HOLD_R3_K175,PE 20:1_20:4,175,R3,filter_loss,0.004853864636684123,1.6328386536177484e-19,0.22946614386916517,0.9422890778439277,0.1647009138898418,0.5,0.0011668996450705515,0.0009797108106910368,0.0410958904109589
MILD,MILD__HOLD_R3_K175,PE 20:1_20:5,175,R3,retained_true,0.021373001133999873,2.197071473891052e-05,0.3973599004661181,0.7993795604865694,0.33650437366671354,2.0,0.002105112367196016,0.0015876158792395012,0.06944444444444445
MILD,MILD__HOLD_R3_K175,PE 20:2_20:3,175,R3,solver_miss,0.00012164130213334368,,0.10342592469336877,0.8809502880689941,0.37931315485534245,0.5340342571614348,0.0016177336068645687,0.0016321924775449803,0.0
MILD,MILD__HOLD_R3_K175,PE 20:3_20:3,175,R3,filter_loss,0.014728901510047441,8.225911701457295e-08,0.11972298568219342,0.9884825101246301,0.06004173901205881,1.0000000000000002,0.00048032041794177083,0.0004712716755622681,0.0
MILD,MILD__HOLD_R3_K175,PE 20:4_20:5,175,R3,retained_true,0.017354935154233583,6.297273824296614e-05,0.26664550336010406,0.7114621309435802,0.4744158758561441,2.0,0.0026647366186214327,0.0027472315274700287,0.01694915254237288
MILD,MILD__HOLD_R3_K175,PE 22:0_16:1,175,R3,filter_loss,0.01969054987523126,5.6488498039286255e-06,0.4791490094759039,0.8206488603123235,0.1992356350010589,2.0,0.004476879868959838,0.005136088122938753,0.0392156862745098
MILD,MILD__HOLD_R3_K175,PE O-16:0_22:1,175,R3,filter_loss,0.005296857517633331,0.0,0.25810380084870377,0.9626827699537985,0.034183285797328655,0.5,0.001476706135746686,0.0012837561985494794,0.0
MILD,MILD__HOLD_R3_K175,PE O-16:0_22:4,175,R3,filter_loss,0.012880325980180508,2.5329850653966804e-07,0.21233553953653375,0.9788297262879938,0.0525446422437508,2.0,0.0004060403474748231,0.00041840104713342097,0.0
MILD,MILD__HOLD_R3_K175,PE O-16:0_22:5,175,R3,filter_loss,0.011209181424039077,1.0968822454491215e-07,0.2748935194643735,0.9595548171321114,0.1397678816901211,2.0,0.00038394355007931313,0.0002964901617497073,0.0
MILD,MILD__HOLD_R3_K175,PE O-16:0_22:6,175,R3,filter_loss,0.007076032537585305,8.798135839818198e-07,0.48470573742722234,0.900438885889574,0.1614418659271415,0.7303443264893795,0.0022747405659097053,0.0018564212507093947,0.0
MILD,MILD__HOLD_R3_K175,PE O-16:1_22:1,175,R3,solver_miss,0.000947899845571452,,0.3096547237703799,0.9753848425333608,0.07168868530044187,0.5,0.0023513749611915324,0.000861151070150834,0.034482758620689655
MILD,MILD__HOLD_R3_K175,PE O-16:1_22:3,175,R3,filter_loss,0.006394191564257121,0.0,0.15301712497872955,0.978974472761994,0.05109413449543146,2.0,0.0016880138933791367,0.0016878880497489535,0.1
MILD,MILD__HOLD_R3_K175,PE O-16:1_24:0,175,R3,filter_loss,0.003280282814823503,3.0899358851315496e-07,0.6719956962672089,0.7350890401757907,0.07613711984283755,0.5,0.001067432937777557,0.0006814609391118109,0.03571428571428571
MILD,MILD__HOLD_R3_K175,PE O-16:1_24:5,175,R3,filter_loss,0.0032462986388523078,0.0,0.34567378912555613,0.9348240213453116,0.021667538356373084,0.8939526432607221,0.0025190919169711945,0.0024780282091372285,0.05555555555555555
MILD,MILD__HOLD_R3_K175,PE O-16:1_24:6,175,R3,filter_loss,0.025096582266654604,1.7104107532350538e-05,0.41848831684391674,0.9120817497666402,0.043713623229206855,2.0,0.0027064563948248077,0.0027649406387783015,0.05128205128205128
MILD,MILD__HOLD_R3_K175,PE O-18:0_20:1,175,R3,filter_loss,0.009087851047013642,2.6680437401871455e-06,0.318148671588633,0.9846847840318518,0.10986362796133797,0.8939526432607221,0.0001630039114796089,0.00017009481650798186,0.037037037037037035
MILD,MILD__HOLD_R3_K175,PE O-18:0_20:2,175,R3,filter_loss,0.004836623794085976,9.020990533004848e-09,0.24588669439016053,0.9868742659860326,0.06594469017151477,0.689110922829001,0.0019601050080191307,0.0005584465070473943,0.0
MILD,MILD__HOLD_R3_K175,PE O-18:0_20:5,175,R3,filter_loss,0.011702863861596654,4.968003892606685e-07,0.6919909071159304,0.9215313010613547,0.1361896321849082,0.5,0.0038942866708165935,0.004027293005726573,0.02857142857142857
MILD,MILD__HOLD_R3_K175,PE O-18:0_22:3,175,R3,solver_miss,9.335122441277478e-08,,0.17092763078541914,0.9848176901850096,0.13210834735563867,0.8939526432607221,0.0008456161502210513,0.0005473704997376316,0.125
MILD,MILD__HOLD_R3_K175,PE O-18:0_22:4,175,R3,filter_loss,0.006918329067054467,1.6328386536177484e-19,0.29140314574818993,0.9785214888337301,0.07223834193787476,0.5,0.00991779822923411,0.010948030972303235,0.06451612903225806
MILD,MILD__HOLD_R3_K175,PE O-18:0_22:5,175,R3,filter_loss,0.021553451996544293,9.343675023935842e-06,0.43559350264218133,0.9521162343234528,0.09057688868244451,1.8682084992203376,0.00897500524146111,0.0052266673231925465,0.03125
MILD,MILD__HOLD_R3_K175,PE O-18:0_22:6,175,R3,retained_true,0.01879793419150981,5.215784952685154e-05,0.5753436233533816,0.900438885889574,0.17868511941106635,2.0,0.000292360631166555,0.0004274430617627889,0.02857142857142857
MILD,MILD__HOLD_R3_K175,PE O-18:1_20:2,175,R3,solver_miss,0.00097216251334797,,0.23640856435982596,0.9860488591567219,0.05007971048025392,0.7303443264893795,0.0006346910313643761,0.00015812090998579276,0.0
MILD,MILD__HOLD_R3_K175,PE O-18:1_20:3,175,R3,solver_miss,8.925773744540974e-05,,0.17248031845796863,0.9828895828332406,0.04325030597265456,0.5,0.001199120320281133,0.001173666927543504,0.09090909090909091
MILD,MILD__HOLD_R3_K175,PE O-18:1_20:5,175,R3,filter_loss,0.006089234350055939,1.4407629245357125e-08,0.5577857427715306,0.9215313010613547,0.19234784377749203,0.5340342571614348,0.004494611377175217,0.0021003523208922292,0.023809523809523808
MILD,MILD__HOLD_R3_K175,PE O-18:2_20:3,175,R3,filter_loss,0.008412314385983166,0.0,0.15389249231375365,0.982213995160686,0.04157871249447814,0.7303443264893795,0.011902632343288366,0.01190551140071483,0.06060606060606061
MILD,MILD__HOLD_R3_K175,PE O-18:2_22:3,175,R3,filter_loss,0.012393263690822724,3.0615877345215294e-07,0.11689533016188987,0.986523537683374,0.04682821117393669,1.2101381550740857,0.00025152470337641564,0.00025152508544168395,0.06451612903225806
MILD,MILD__HOLD_R3_K175,PE O-18:2_22:4,175,R3,solver_miss,0.0007915533188722377,,0.14828595476682938,0.9790243416279218,0.05669129626843439,0.5,0.0006958109492893882,0.000691927852268126,0.02631578947368421
MILD,MILD__HOLD_R3_K175,PE O-18:2_22:5,175,R3,filter_loss,0.010591307875588579,0.0,0.26103860623460656,0.9522818262826038,0.09101743804944895,2.0,0.0005889830349302683,0.0005985797905463386,0.02564102564102564
MILD,MILD__HOLD_R3_K175,PE O-18:3_20:3,175,R3,filter_loss,0.013316898746790236,1.2293852030608728e-09,0.14272429629361114,0.9852235586914223,0.03704042840064109,2.0,0.0009088682263856951,0.0009038504168767947,0.0
MILD,MILD__HOLD_R3_K175,PE O-18:3_22:3,175,R3,filter_loss,0.010984751838648518,5.774833738285395e-07,0.12439321564387905,0.986523537683374,0.03933032569194751,1.4538436095675817,0.00039330638137358154,0.000393316500170271,0.0967741935483871
MILD,MILD__HOLD_R3_K175,PE O-18:3_22:5,175,R3,filter_loss,0.015911591467882295,6.385381283702395e-07,0.24245622912169137,0.9538166594574129,0.08542067730299038,2.0,0.000300097893669804,0.0002976237770843104,0.0
MILD,MILD__HOLD_R3_K175,PE O-20:0_20:2,175,R3,filter_loss,0.007235331256734434,0.0,0.3574277360579778,0.9885666181646524,0.13364990366733687,0.5,0.0013632549085536017,0.0008270848205020886,0.14814814814814814
MILD,MILD__HOLD_R3_K175,PE O-20:0_20:4,175,R3,filter_loss,0.010401520140461777,5.433668433161312e-07,0.526269032993801,0.9845400250879618,0.03802391643362135,0.8939526432607221,0.0021938309055087313,0.00017604092447076614,0.05263157894736842
MILD,MILD__HOLD_R3_K175,PE O-20:1_18:2,175,R3,filter_loss,0.01817859596460642,4.115113737687709e-06,0.4351737905876049,0.9895861653945057,0.1319467591106363,2.0,0.00023551375914476758,0.0002665464533165851,0.030303030303030304
MILD,MILD__HOLD_R3_K175,PE O-20:1_20:1,175,R3,filter_loss,0.017115215104814487,5.624601442310871e-08,0.300364327002164,0.9853143544809311,0.16047256463030118,2.0,0.021069383599322422,0.02380573565115074,0.0625
MILD,MILD__HOLD_R3_K175,PE O-20:1_20:2,175,R3,filter_loss,0.019280990922885054,5.522953519815047e-07,0.1653451175229508,0.9857697500316058,0.0657556111825639,2.0,0.022925236368650403,0.023326231185886726,0.03225806451612903
MILD,MILD__HOLD_R3_K175,PE O-20:1_20:3,175,R3,filter_loss,0.02050440441480303,7.82565985879639e-07,0.20156572631951045,0.9834038435158862,0.040391770192754556,1.8682084992203376,5.294427021595993e-05,2.361550169449611e-05,0.0
MILD,MILD__HOLD_R3_K175,PE O-20:2_20:3,175,R3,solver_miss,9.001679465420907e-05,,0.1699072530804405,0.9836260273963529,0.031218531110331932,0.5,0.0001892135844027143,0.000190117413105928,0.06060606060606061
MILD,MILD__HOLD_R3_K175,PE O-20:3_20:3,175,R3,filter_loss,0.013799555050338145,2.9528425456960946e-06,0.1678765453740962,0.9829060245747678,0.02838033431556483,2.0,0.0009170570347204476,0.0009176655325875416,0.11428571428571428
MILD,MILD__HOLD_R3_K175,PE O-20:3_20:4,175,R3,filter_loss,0.009702651975448758,1.291396427486724e-07,0.2145730867610224,0.9824124426110163,0.03143893515640733,1.4538436095675817,0.0030017567410796087,0.002117635277798957,0.021739130434782608
MILD,MILD__HOLD_R3_K175,PE O-22:1_18:2,175,R3,filter_loss,0.020370808062349317,1.664869126027842e-05,0.3303710154344505,0.9888056550432852,0.337294176164278,2.0,0.001060120048168356,0.0004618266693974249,0.0
MILD,MILD__HOLD_R3_K175,PG 14:0_20:0,175,R3,filter_loss,0.006988006195601795,0.0,0.7233219574944608,0.7740328453451822,0.0781368584247818,0.5,6.341122825315182e-05,0.0008465325861760631,0.05
MILD,MILD__HOLD_R3_K175,PG 14:0_22:0,175,R3,filter_loss,0.0027632469889122273,0.0,0.39347230654553556,0.7936099239641267,0.021497958044986498,0.5,6.010538475131888e-05,0.004721999882481787,0.0125
MILD,MILD__HOLD_R3_K175,PG 14:0_22:3,175,R3,filter_loss,0.006229232512523649,0.0,0.08672432217020402,0.9402021823761977,0.09248053115510325,1.0000000000000002,4.3691162162073915e-05,0.0010326677530587691,0.03614457831325301
MILD,MILD__HOLD_R3_K175,PG 14:0_22:5,175,R3,filter_loss,0.006404207705255085,9.967186180071722e-07,0.3916326572569566,0.8740294125875786,0.3151168353722158,0.6170676298438253,0.015233218820401295,0.028681124293445937,0.06976744186046512
MILD,MILD__HOLD_R3_K175,PG 14:0_24:4,175,R3,filter_loss,0.006871551837654945,2.040458292311202e-07,0.2364766144017557,0.9336814199983869,0.409000174620185,1.0000000000000002,0.0003849632011037052,0.0011070667357394592,0.04819277108433735
MILD,MILD__HOLD_R3_K175,PG 16:0_18:0,175,R3,solver_miss,0.000726825468093878,,0.2730282086736678,0.7320003904966144,0.5284306072455749,0.5,0.006718608831998929,0.00921187438394766,0.05154639175257732
MILD,MILD__HOLD_R3_K175,PG 16:0_20:2,175,R3,filter_loss,0.017056326048269153,0.0,0.06404391649487126,0.9219327136957365,0.1380284242110617,1.8682084992203376,0.0001325419053186394,0.0004419274324660716,0.021739130434782608
MILD,MILD__HOLD_R3_K175,PG 16:0_20:5,175,R3,filter_loss,0.02271511209939638,1.602305527611769e-06,0.3586980333079263,0.7784577318028689,0.43367157561769326,2.0,0.0005535803503026182,0.0007745547809636655,0.03614457831325301
MILD,MILD__HOLD_R3_K175,PG 16:0_22:4,175,R3,filter_loss,0.021147072271235735,4.2708211962858976e-07,0.20371874124768685,0.9923755383909935,0.44339453837236364,1.0760213163243861,0.006204517917372199,0.004482035888584646,0.034482758620689655
MILD,MILD__HOLD_R3_K175,PG 16:0_22:6,175,R3,filter_loss,0.007909906854395408,5.557352526432251e-08,0.42771565508602566,0.9755490303044848,0.17342901101082447,0.5,0.0035863246382661362,0.005133708069018583,0.046511627906976744
MILD,MILD__HOLD_R3_K175,PG 16:1_20:1,175,R3,filter_loss,0.0012786283575883378,7.20798410686243e-07,0.09626468926765062,0.9360510343034749,0.032094009427904344,0.689110922829001,0.00014154946035849214,0.02162659342799489,0.022727272727272728
MILD,MILD__HOLD_R3_K175,PG 16:1_22:3,175,R3,filter_loss,0.014780766810420974,6.212375177394122e-07,0.23838939494724698,0.9816952449555878,0.29010776373355207,1.8682084992203376,0.0029689467587183938,0.011172064022184958,0.046511627906976744
MILD,MILD__HOLD_R3_K175,PG 16:1_22:5,175,R3,filter_loss,0.012197729235468404,2.079581079665165e-07,0.33527002658239174,0.9821921171688058,0.16525580723594785,1.2101381550740857,0.0013743626973785616,0.0016358418510322714,0.060240963855421686
MILD,MILD__HOLD_R3_K175,PG 17:0_18:0,175,R3,retained_true,0.012313612959134548,0.00016459967222850333,0.5692674122568047,0.7118582510946688,0.2506727968425583,1.2101381550740857,0.005002985232330115,0.006596406970651447,0.08
MILD,MILD__HOLD_R3_K175,PG 17:0_18:2,175,R3,filter_loss,0.016285000961405078,7.86170622745022e-07,0.3764851143957298,0.9263229165510191,0.3987025973319038,1.8682084992203376,0.008230647100060384,0.016439132142790913,0.021505376344086023
MILD,MILD__HOLD_R3_K175,PG 17:0_20:0,175,R3,retained_true,0.02056274850712409,0.0010765693863895194,0.8310149974793403,0.9206618024583055,0.050880880759260116,2.0,0.003081353950645682,0.007454888958567052,0.08791208791208792
MILD,MILD__HOLD_R3_K175,PG 17:0_20:1,175,R3,retained_true,0.023676060243564452,0.0002199593021584598,0.7656382983426151,0.9467690930810565,0.11848369535153747,2.0,0.0003650793415157505,0.0031137288602455238,0.05319148936170213
MILD,MILD__HOLD_R3_K175,PG 17:0_20:3,175,R3,filter_loss,0.020181644111621013,3.484320929688595e-08,0.15645235358917814,0.9898819477902964,0.24553643982354834,2.0,0.0011922815237459528,0.0006965114657125904,0.061855670103092786
MILD,MILD__HOLD_R3_K175,PG 17:0_20:4,175,R3,filter_loss,0.0010533158210776258,1.182989760421349e-07,0.333380957182523,0.9887826418894832,0.3019228169112968,0.5,0.0009626592846555537,0.0006253799471490629,0.029411764705882353
MILD,MILD__HOLD_R3_K175,PG 17:1_20:1,175,R3,filter_loss,0.02241551867463218,8.730179223294079e-07,0.266391512522408,0.9726361074886047,0.01725447718424139,2.0,4.577721397003298e-05,0.0002219708024051581,0.034482758620689655
MILD,MILD__HOLD_R3_K175,PG 17:1_20:4,175,R3,filter_loss,0.004547740228423634,0.0,0.4831275545644737,0.9853779862370524,0.22593740389897193,0.7303443264893795,0.0021811563309734883,0.003555580182944329,0.02127659574468085
MILD,MILD__HOLD_R3_K175,PG 18:0_18:0,175,R3,filter_loss,0.008787227123174564,2.487070893491798e-06,0.27746580180873914,0.8568501347183278,0.3515672967583239,2.0,0.0003581991358001524,0.00010951787532964552,0.03389830508474576
MILD,MILD__HOLD_R3_K175,PG 18:0_18:1,175,R3,filter_loss,0.006436592412305354,0.0,0.22385302590484416,0.857321011866293,0.5499702514118422,1.2101381550740857,0.009484848876495366,0.014209638457357121,0.06329113924050633
MILD,MILD__HOLD_R3_K175,PG 18:0_20:5,175,R3,filter_loss,0.003994717528870015,8.934046698415325e-08,0.3912132251385195,0.9850297730134422,0.3528221066303361,0.5,0.0008703065793419507,0.00036847638994674803,0.020833333333333332
MILD,MILD__HOLD_R3_K175,PG 18:1_18:1,175,R3,filter_loss,0.011452949622297494,0.0,0.20074680321951024,0.9552207873236039,0.5335974465364102,2.0,0.001967807797006671,0.0008816908419428948,0.034482758620689655
MILD,MILD__HOLD_R3_K175,PG 18:1_18:2,175,R3,filter_loss,0.009013682850930745,4.3665988441055634e-07,0.18514361914509317,0.8693484458976806,0.5954341339760317,1.4538436095675817,0.0025587379885222417,0.0008958728503084545,0.05970149253731343
MILD,MILD__HOLD_R3_K175,PG 18:1_20:5,175,R3,filter_loss,0.008963673566716752,2.2460056942472e-07,0.43403628582268905,0.9724669479844656,0.20168966737085237,0.5,0.004315376155732187,0.0033317377345079002,0.010416666666666666
MILD,MILD__HOLD_R3_K175,PG 18:2_20:2,175,R3,filter_loss,0.0237961663166939,0.0,0.26810270421335247,0.9325718345250835,0.2603944544674466,2.0,7.151403581784344e-05,0.0005881280192069349,0.0898876404494382
MILD,MILD__HOLD_R3_K175,PG 18:2_20:5,175,R3,filter_loss,0.01046361361193281,1.4359917560605032e-06,0.45600375389372205,0.9631467226016989,0.13540569175942307,1.0760213163243861,0.003755522198340744,0.003347427340093412,0.033707865168539325
MILD,MILD__HOLD_R3_K175,PG 20:0_16:1,175,R3,filter_loss,0.001738351583190145,6.708199856084268e-08,0.27509463736924117,0.8206488603123235,0.4400895324696777,0.5,0.0035883190031053003,0.002125072738387912,0.04597701149425287
MILD,MILD__HOLD_R3_K175,PG 20:1_18:3,175,R3,filter_loss,0.0072931424072438505,2.569848245791717e-07,0.23811465068961957,0.9659907277452849,0.39065317821122125,1.0760213163243861,0.003301798627939889,0.0014211657860777605,0.013333333333333334
MILD,MILD__HOLD_R3_K175,PS 14:0_20:0,175,R3,retained_true,0.02246590036556647,4.51212281870673e-05,0.6390062445975,0.6039215648852556,0.16709168430356958,2.0,0.0027541471004010054,0.0027427701343425426,0.013888888888888888
MILD,MILD__HOLD_R3_K175,PS 14:0_22:0,175,R3,retained_true,0.020516073492722758,0.0004318658851212309,0.755911282254363,0.4966771953016806,0.15131295823331015,2.0,0.014301426338439227,0.022659755577108642,0.07142857142857142
MILD,MILD__HOLD_R3_K175,PS 14:0_22:2,175,R3,filter_loss,0.005998709265154463,6.250478884663916e-07,0.4826107446087538,0.6351598729298585,0.056673251273551106,0.5,0.002331991978609671,0.013828208191141056,0.07142857142857142
MILD,MILD__HOLD_R3_K175,PS 14:0_22:4,175,R3,retained_true,0.026836281920363855,3.5865811619865096e-05,0.3282929959935041,0.543623575220217,0.10688133467946276,2.0,0.005255813177672319,0.004191883189783474,0.05333333333333334
MILD,MILD__HOLD_R3_K175,PS 16:0_20:3,175,R3,filter_loss,0.0020872579889254254,0.0,0.31718607034211305,0.6379581944357362,0.2271159539431486,0.5,0.024743180600422243,0.0532754581349153,0.02631578947368421
MILD,MILD__HOLD_R3_K175,PS 16:0_20:5,175,R3,filter_loss,0.00434777840469007,9.263807135756983e-07,0.4925110672748304,0.5885323920958705,0.2627774230424914,0.5340342571614348,0.0034720204595677373,0.005312662972331572,0.02857142857142857
MILD,MILD__HOLD_R3_K175,PS 16:1_20:1,175,R3,retained_true,0.024069199993527052,5.0212676917045054e-05,0.4129541991564398,0.5415506422933887,0.12632979672586508,2.0,0.005809768621976241,0.013510185735995384,0.05405405405405406
MILD,MILD__HOLD_R3_K175,PS 16:1_20:3,175,R3,filter_loss,0.0071564439890948,1.484935125512208e-06,0.34984059386853866,0.5074650921831881,0.12705139171053204,1.2101381550740857,0.007313982585612444,0.02550036110593812,0.04225352112676056
MILD,MILD__HOLD_R3_K175,PS 16:1_20:4,175,R3,retained_true,0.022176235435603885,0.00014818483514298286,0.6316414058973379,0.55604981646135,0.12364708441998395,2.0,0.0006250680690788046,0.0006367104023839998,0.05128205128205128
MILD,MILD__HOLD_R3_K175,PS 17:0_18:1,175,R3,retained_true,0.0050653999658896946,1.9763525605734863e-05,0.6537549379034493,0.5358578664393875,0.1898482402281083,0.5,0.00248721638376892,0.002491653810229977,0.0410958904109589
MILD,MILD__HOLD_R3_K175,PS 18:0_16:1,175,R3,filter_loss,0.007227671426749409,3.295477717009625e-06,0.4974005788167513,0.5669019742880855,0.3372870145815912,0.689110922829001,0.007780393272455055,0.007796839687494228,0.014492753623188406
MILD,MILD__HOLD_R3_K175,PS 18:0_17:1,175,R3,filter_loss,0.005800567727210767,1.3504227280489947e-05,0.5700329198506149,0.552158066910196,0.2648511266188399,0.5,0.10610618543008443,0.10639827148241643,0.014925373134328358
MILD,MILD__HOLD_R3_K175,PS 18:0_18:0,175,R3,filter_loss,0.02050655989883824,2.4528009436109235e-06,0.4331045541325963,0.7822407069839156,0.19197976773862468,2.0,0.004926182990125705,0.004921859357551961,0.03773584905660377
MILD,MILD__HOLD_R3_K175,PS 18:0_18:3,175,R3,retained_true,0.020031280284190815,4.738513196043398e-05,0.5738266720137706,0.6379581944357362,0.264601068755451,2.0,0.001516310654012143,0.0014631946069058044,0.06666666666666667
MILD,MILD__HOLD_R3_K175,PS 18:1_18:3,175,R3,filter_loss,0.005874316606154564,9.277396046002716e-06,0.6381277857367744,0.5253007492314473,0.23640738012806917,0.5340342571614348,0.002803569105580772,0.0028337271763367866,0.046875
MILD,MILD__HOLD_R3_K175,PS 20:0_16:1,175,R3,filter_loss,0.005553129845779135,6.456692031346808e-07,0.49681824282241865,0.5478869149773706,0.34409744001467496,0.6170676298438253,0.059660803180161204,0.06023360124150534,0.06578947368421052
MILD,MILD__HOLD_R4_K050,PA 18:0_22:2,50,R4,filter_loss,0.013615495352644532,0.0,0.27393752390511106,0.8394493239810369,0.36260158405766385,0.6170676298438253,0.0031467721020281836,0.001963496628401451,0.05333333333333334
MILD,MILD__HOLD_R4_K050,PA 18:0_22:4,50,R4,retained_true,0.0156452215904522,2.2384048949487114e-05,0.18925162859522815,0.8691673191165914,0.31323723028330897,0.5,0.0052424423533639075,0.005220284092495531,0.04878048780487805
MILD,MILD__HOLD_R4_K050,PA 18:0_24:1,50,R4,retained_true,0.016216883280432897,2.066023642775872e-05,0.3334734584306543,0.8793255202210899,0.22349976674487387,0.689110922829001,0.0006864036053716438,0.000725562654723011,0.05970149253731343
MILD,MILD__HOLD_R4_K050,PA 18:1_22:1,50,R4,retained_true,0.03201719237742592,9.688742387678404e-05,0.46175873097333114,0.9022714644699661,0.2905844069806663,0.7303443264893795,0.00041288798704874896,0.0012335033041256382,0.05405405405405406
MILD,MILD__HOLD_R4_K050,PA 20:0_20:4,50,R4,filter_loss,0.006098565591621586,2.6721960006969166e-06,0.1645114953783594,0.8957566529041909,0.3424625013635971,0.7303443264893795,0.0275152521851324,0.02927579501551658,0.0449438202247191
MILD,MILD__HOLD_R4_K050,PA 20:1_20:1,50,R4,filter_loss,0.004175810010870432,3.2153470508081636e-06,0.4231895167566119,0.9753576763078726,0.3291536211973855,0.5,0.0010118669186879314,0.002037990335239992,0.06818181818181818
MILD,MILD__HOLD_R4_K050,PA 20:1_22:1,50,R4,retained_true,0.019621835028034284,0.0001312873169161846,0.48292710886676304,0.8982874947005188,0.22073574264275386,0.7802037075442214,0.018562907982432097,0.02491796284808878,0.07894736842105263
MILD,MILD__HOLD_R4_K050,PA 22:1_18:2,50,R4,retained_true,0.05180275314498089,0.00032287513384331916,0.3672416022212644,0.8804726866933393,0.42728280324989093,2.0,0.006605096516895115,0.006326827710238514,0.02702702702702703
MILD,MILD__HOLD_R4_K050,PA 22:1_20:2,50,R4,retained_true,0.04081721056098463,0.00034138032016781014,0.43337633237958284,0.8789327040599717,0.27097424872123554,2.0,0.0080624691981116,0.011981980213494614,0.04
MILD,MILD__HOLD_R4_K050,PA 22:1_20:3,50,R4,retained_true,0.014917439580512339,9.493580173106279e-05,0.47201880717776407,0.8266719825061805,0.24944586960093668,0.5340342571614348,0.010869264824328262,0.012492854571788947,0.05194805194805195
MILD,MILD__HOLD_R4_K050,PA 22:6_22:6,50,R4,retained_true,0.049578763506978055,0.002521528400044608,0.5618631902016936,0.691000163096786,0.18635717808006635,2.0,0.00917253164779075,0.009477089595620991,0.0625
MILD,MILD__HOLD_R4_K050,PC 14:0_20:4,50,R4,retained_true,0.023221902430369132,0.0007240128832519172,0.6036768381098416,0.7745273553735048,0.030942368542241527,0.7802037075442214,0.0018490512821154326,0.0018224172135786754,0.012048192771084338
MILD,MILD__HOLD_R4_K050,PC 16:1_18:1,50,R4,retained_true,0.04784309487180033,4.6791699753414616e-05,0.3710824945274597,0.6900215947371616,0.3528311199198995,2.0,0.005740128810954093,0.005740337720885114,0.06521739130434782
MILD,MILD__HOLD_R4_K050,PC 20:0_14:1,50,R4,filter_loss,0.01828381121721423,1.1803156563977678e-05,0.593367589246976,0.47707361889437966,0.2851238976272237,0.6170676298438253,0.002188794125086768,0.0021900445777822686,0.05333333333333334
MILD,MILD__HOLD_R4_K050,PE 16:0_22:1,50,R4,retained_true,0.03402981172962815,3.0134354934412817e-05,0.20454583643989277,0.8508967724619106,0.32715941021570594,1.4538436095675817,0.0026095936024855826,0.0026208471119697485,0.09259259259259259
MILD,MILD__HOLD_R4_K050,PE 16:0_22:2,50,R4,retained_true,0.030498878520709687,4.248349590287217e-05,0.1886425381510025,0.8572487991575071,0.3301179135196991,2.0,0.0008072029675337822,0.0008077406273154786,0.017543859649122806
MILD,MILD__HOLD_R4_K050,PE 16:0_24:5,50,R4,filter_loss,0.026615752268863337,1.6004753788839776e-05,0.21271686018449112,0.9348240213453116,0.1546244672974381,0.5,0.001921353681188731,0.001875379517050746,0.06896551724137931
MILD,MILD__HOLD_R4_K050,PE 16:1_22:1,50,R4,retained_true,0.02156865855146826,2.5533586154860487e-05,0.29634414058106057,0.6962164662208943,0.4407404219699385,1.0000000000000002,0.00808124486543349,0.008570132244739348,0.05660377358490566
MILD,MILD__HOLD_R4_K050,PE 16:1_22:4,50,R4,solver_miss,5.046596435030578e-06,,0.11707440620301834,0.9872300880237134,0.16084900498979865,0.5,0.0007842304184302318,0.0007842322844462402,0.031746031746031744
MILD,MILD__HOLD_R4_K050,PE 17:0_20:0,50,R4,filter_loss,0.011095862502974486,7.47056408834229e-06,0.2698075638945543,0.9206618024583055,0.26327938903853587,0.5,0.001887741959508804,0.0017402936546969672,0.07936507936507936
MILD,MILD__HOLD_R4_K050,PE 17:0_22:6,50,R4,retained_true,0.03954717104708675,0.00037159554713426396,0.31244709118745745,0.8271838267520604,0.30433218821543645,2.0,0.017611707508774055,0.01838682715755835,0.12121212121212122
MILD,MILD__HOLD_R4_K050,PE 18:3_20:4,50,R4,filter_loss,0.008945282923164686,1.055588227812578e-05,0.15717262060050777,0.9796724074104938,0.3020809046376558,0.5,0.006280647038709897,0.0062955661135006835,0.04054054054054054
MILD,MILD__HOLD_R4_K050,PE 20:1_20:3,50,R4,retained_true,0.020689913832444052,2.2952175664937247e-05,0.15409170574418976,0.9673598800301968,0.13448997604329319,1.2101381550740857,0.000491030613383403,0.000468651826536548,0.03773584905660377
MILD,MILD__HOLD_R4_K050,PE 20:3_20:3,50,R4,filter_loss,0.025753325664495903,1.6794154514953955e-05,0.11972298568219342,0.9884825101246301,0.06004173901205881,1.0000000000000002,0.00048032041794177083,0.0004712716755622681,0.0
MILD,MILD__HOLD_R4_K050,PE 22:0_16:1,50,R4,retained_true,0.04770480766857378,0.00044420742346053905,0.4791490094759039,0.8206488603123235,0.1992356350010589,2.0,0.004476879868959838,0.005136088122938753,0.0392156862745098
MILD,MILD__HOLD_R4_K050,PE O-16:0_22:4,50,R4,filter_loss,0.03369614641088464,1.5050116260762016e-05,0.21233553953653375,0.9788297262879938,0.0525446422437508,2.0,0.0004060403474748231,0.00041840104713342097,0.0
MILD,MILD__HOLD_R4_K050,PE O-16:0_22:5,50,R4,retained_true,0.045628292853567,0.0002622469737409082,0.2748935194643735,0.9595548171321114,0.1397678816901211,2.0,0.00038394355007931313,0.0002964901617497073,0.0
MILD,MILD__HOLD_R4_K050,PE O-16:1_24:0,50,R4,retained_true,0.016290583342332236,0.0001236870736504421,0.6719956962672089,0.7350890401757907,0.07613711984283755,0.5,0.001067432937777557,0.0006814609391118109,0.03571428571428571
MILD,MILD__HOLD_R4_K050,PE O-16:1_24:5,50,R4,filter_loss,0.020685511408239318,1.1875413466469935e-05,0.34567378912555613,0.9348240213453116,0.021667538356373084,0.8939526432607221,0.0025190919169711945,0.0024780282091372285,0.05555555555555555
MILD,MILD__HOLD_R4_K050,PE O-18:0_20:2,50,R4,filter_loss,0.007928943079204694,9.716098567635021e-06,0.24588669439016053,0.9868742659860326,0.06594469017151477,0.689110922829001,0.0019601050080191307,0.0005584465070473943,0.0
MILD,MILD__HOLD_R4_K050,PE O-18:0_22:3,50,R4,filter_loss,0.013960634456663856,5.581391613157005e-06,0.17092763078541914,0.9848176901850096,0.13210834735563867,0.8939526432607221,0.0008456161502210513,0.0005473704997376316,0.125
MILD,MILD__HOLD_R4_K050,PE O-18:1_20:3,50,R4,filter_loss,0.006837425785958715,1.6842537411539343e-18,0.17248031845796863,0.9828895828332406,0.04325030597265456,0.5,0.001199120320281133,0.001173666927543504,0.09090909090909091
MILD,MILD__HOLD_R4_K050,PE O-18:3_20:3,50,R4,filter_loss,0.036680632050413955,1.4117820661508648e-05,0.14272429629361114,0.9852235586914223,0.03704042840064109,2.0,0.0009088682263856951,0.0009038504168767947,0.0
MILD,MILD__HOLD_R4_K050,PE O-18:3_22:5,50,R4,retained_true,0.03853832172463484,7.859639488978946e-05,0.24245622912169137,0.9538166594574129,0.08542067730299038,2.0,0.000300097893669804,0.0002976237770843104,0.0
MILD,MILD__HOLD_R4_K050,PE O-20:1_18:2,50,R4,retained_true,0.04491723704161708,0.00013760418382090817,0.4351737905876049,0.9895861653945057,0.1319467591106363,2.0,0.00023551375914476758,0.0002665464533165851,0.030303030303030304
MILD,MILD__HOLD_R4_K050,PE O-20:3_20:4,50,R4,filter_loss,0.01739536579723371,5.905080969159213e-06,0.2145730867610224,0.9824124426110163,0.03143893515640733,1.4538436095675817,0.0030017567410796087,0.002117635277798957,0.021739130434782608
MILD,MILD__HOLD_R4_K050,PE O-22:1_18:2,50,R4,retained_true,0.05034545034489827,0.0003922703761824337,0.3303710154344505,0.9888056550432852,0.337294176164278,2.0,0.001060120048168356,0.0004618266693974249,0.0
MILD,MILD__HOLD_R4_K050,PG 14:0_20:0,50,R4,filter_loss,0.010506963792428173,1.450576166275269e-05,0.7233219574944608,0.7740328453451822,0.0781368584247818,0.5,6.341122825315182e-05,0.0008465325861760631,0.05
MILD,MILD__HOLD_R4_K050,PG 14:0_22:0,50,R4,filter_loss,0.013340347461736554,0.0,0.39347230654553556,0.7936099239641267,0.021497958044986498,0.5,6.010538475131888e-05,0.004721999882481787,0.0125
MILD,MILD__HOLD_R4_K050,PG 16:0_22:4,50,R4,filter_loss,0.035646168721549396,2.8191346183355354e-06,0.20371874124768685,0.9923755383909935,0.44339453837236364,1.0760213163243861,0.006204517917372199,0.004482035888584646,0.034482758620689655
MILD,MILD__HOLD_R4_K050,PG 16:1_22:3,50,R4,filter_loss,0.03433634830587156,1.1232774252084267e-05,0.23838939494724698,0.9816952449555878,0.29010776373355207,1.8682084992203376,0.0029689467587183938,0.011172064022184958,0.046511627906976744
MILD,MILD__HOLD_R4_K050,PG 17:0_18:2,50,R4,retained_true,0.04906836754707685,0.0002633850352595447,0.3764851143957298,0.9263229165510191,0.3987025973319038,1.8682084992203376,0.008230647100060384,0.016439132142790913,0.021505376344086023
MILD,MILD__HOLD_R4_K050,PG 18:0_18:1,50,R4,filter_loss,0.01810365112109925,5.67234011035093e-07,0.22385302590484416,0.857321011866293,0.5499702514118422,1.2101381550740857,0.009484848876495366,0.014209638457357121,0.06329113924050633
MILD,MILD__HOLD_R4_K050,PG 18:2_20:2,50,R4,filter_loss,0.06469094906424495,1.3393340874306614e-05,0.26810270421335247,0.9325718345250835,0.2603944544674466,2.0,7.151403581784344e-05,0.0005881280192069349,0.0898876404494382
MILD,MILD__HOLD_R4_K050,PG 20:1_18:3,50,R4,retained_true,0.030332174046518345,3.3868289482557705e-05,0.23811465068961957,0.9659907277452849,0.39065317821122125,1.0760213163243861,0.003301798627939889,0.0014211657860777605,0.013333333333333334
MILD,MILD__HOLD_R4_K050,PS 16:0_20:3,50,R4,filter_loss,0.011382675181710315,1.4154987719789619e-05,0.31718607034211305,0.6379581944357362,0.2271159539431486,0.5,0.024743180600422243,0.0532754581349153,0.02631578947368421
MILD,MILD__HOLD_R4_K050,PS 16:1_20:4,50,R4,retained_true,0.05420331421257346,0.004864130798461418,0.6316414058973379,0.55604981646135,0.12364708441998395,2.0,0.0006250680690788046,0.0006367104023839998,0.05128205128205128
MILD,MILD__HOLD_R4_K050,PS 17:0_18:1,50,R4,retained_true,0.014561532949548582,0.00022391118967863942,0.6537549379034493,0.5358578664393875,0.1898482402281083,0.5,0.00248721638376892,0.002491653810229977,0.0410958904109589
MILD,MILD__HOLD_R4_K050,PS 18:0_18:3,50,R4,retained_true,0.05567560002672203,0.0031465560009828345,0.5738266720137706,0.6379581944357362,0.264601068755451,2.0,0.001516310654012143,0.0014631946069058044,0.06666666666666667
MILD,MILD__HOLD_R4_K050,PS 18:1_18:3,50,R4,retained_true,0.014591840962221764,0.0001848333134080607,0.6381277857367744,0.5253007492314473,0.23640738012806917,0.5340342571614348,0.002803569105580772,0.0028337271763367866,0.046875
MILD,MILD__HOLD_R4_K125,PA 16:0_24:1,125,R4,filter_loss,0.017871651417238028,1.7005824521317566e-05,0.5504804076642431,0.883487638633687,0.19595790828137805,2.0,0.0018129815710938857,0.0005478222759552898,0.017857142857142856
MILD,MILD__HOLD_R4_K125,PA 18:0_22:0,125,R4,filter_loss,0.017162119735505913,2.172685407766639e-07,0.3381799302246325,0.7789494468002593,0.44534403487199864,1.4538436095675817,0.0011921075225009847,0.0013569185606716605,0.05405405405405406
MILD,MILD__HOLD_R4_K125,PA 18:0_22:2,125,R4,filter_loss,0.002756799097438374,0.0,0.27393752390511106,0.8394493239810369,0.36260158405766385,0.6170676298438253,0.0031467721020281836,0.001963496628401451,0.05333333333333334
MILD,MILD__HOLD_R4_K125,PA 18:0_22:4,125,R4,filter_loss,0.013154206462616889,7.541256671242847e-08,0.18925162859522815,0.8691673191165914,0.31323723028330897,0.5,0.0052424423533639075,0.005220284092495531,0.04878048780487805
MILD,MILD__HOLD_R4_K125,PA 18:0_24:1,125,R4,filter_loss,0.012300584434186955,0.0,0.3334734584306543,0.8793255202210899,0.22349976674487387,0.689110922829001,0.0006864036053716438,0.000725562654723011,0.05970149253731343
MILD,MILD__HOLD_R4_K125,PA 18:0_24:5,125,R4,filter_loss,0.003153390405665361,3.565757842677398e-07,0.1609179673339711,0.923167578011941,0.23175005437601462,0.5,0.0008635904598484068,0.0008511644063095014,0.025
MILD,MILD__HOLD_R4_K125,PA 18:1_22:1,125,R4,filter_loss,0.016641159086697267,6.077693093622771e-07,0.46175873097333114,0.9022714644699661,0.2905844069806663,0.7303443264893795,0.00041288798704874896,0.0012335033041256382,0.05405405405405406
MILD,MILD__HOLD_R4_K125,PA 18:1_22:3,125,R4,retained_true,0.025548820116433373,2.179004646758281e-05,0.26035456632127724,0.8639124793194024,0.33467634555443054,2.0,0.0026888722371033458,0.002139123678131294,0.03896103896103896
MILD,MILD__HOLD_R4_K125,PA 18:1_22:4,125,R4,filter_loss,0.010649802723379821,2.4308970963090166e-06,0.23118051955905902,0.7349039762795926,0.45741325188581883,2.0,0.004805814183295842,0.004868951904925756,0.024096385542168676
MILD,MILD__HOLD_R4_K125,PA 18:1_24:4,125,R4,filter_loss,0.008341806855014837,1.0860643314724362e-08,0.2590661626283403,0.770029563231097,0.383684973635327,0.5,0.0010838412905258554,0.0010729791287783508,0.058823529411764705
MILD,MILD__HOLD_R4_K125,PA 20:0_20:3,125,R4,filter_loss,0.010278923457068056,0.0,0.28594755195446475,0.8048190171061798,0.4076195370011738,1.4538436095675817,0.008036960110991642,0.00976471434619064,0.07317073170731707
MILD,MILD__HOLD_R4_K125,PA 20:0_20:4,125,R4,filter_loss,0.005130058786174423,6.36804294799696e-07,0.1645114953783594,0.8957566529041909,0.3424625013635971,0.7303443264893795,0.0275152521851324,0.02927579501551658,0.0449438202247191
MILD,MILD__HOLD_R4_K125,PA 20:0_22:1,125,R4,filter_loss,0.005550688976355594,3.516510601226387e-19,0.3017443733307278,0.7600275012777736,0.3861256918000734,0.689110922829001,0.003709424811556894,0.003737143717409519,0.025974025974025976
MILD,MILD__HOLD_R4_K125,PA 20:0_22:4,125,R4,filter_loss,0.01041006753799844,1.1344603114420559e-07,0.241048023112079,0.8303328039494347,0.3429309669132585,0.5,0.060892874707397016,0.06298741883866765,0.046511627906976744
MILD,MILD__HOLD_R4_K125,PA 20:1_20:1,125,R4,filter_loss,0.002388925603715268,1.2879314972300124e-06,0.4231895167566119,0.9753576763078726,0.3291536211973855,0.5,0.0010118669186879314,0.002037990335239992,0.06818181818181818
MILD,MILD__HOLD_R4_K125,PA 20:1_22:1,125,R4,filter_loss,0.009106989394683872,1.1881346852365436e-05,0.48292710886676304,0.8982874947005188,0.22073574264275386,0.7802037075442214,0.018562907982432097,0.02491796284808878,0.07894736842105263
MILD,MILD__HOLD_R4_K125,PA 20:1_22:3,125,R4,filter_loss,0.011029120021530446,1.6420457029323792e-07,0.33476954438953394,0.8781031661032047,0.24658711409645712,1.8682084992203376,0.018403108017956193,0.021063832308081065,0.06329113924050633
MILD,MILD__HOLD_R4_K125,PA 20:1_22:6,125,R4,solver_miss,0.0008428664485011182,,0.23670331410171605,0.9753576763078726,0.2468565478982028,1.0760213163243861,0.0025643340536040116,0.0025700567332332946,0.06172839506172839
MILD,MILD__HOLD_R4_K125,PA 20:4_22:4,125,R4,filter_loss,0.006796708229011588,1.3897011919921004e-05,0.48634054946811606,0.6664725514235691,0.28586225820427874,0.5,0.014403718647744035,0.015260405212573436,0.03225806451612903
MILD,MILD__HOLD_R4_K125,PA 22:0_20:1,125,R4,retained_true,0.014898337922543376,2.2685470506059e-05,0.4020166500263304,0.8495611434984474,0.2527636987135384,1.0760213163243861,0.01593733933205499,0.018926282928069638,0.04
MILD,MILD__HOLD_R4_K125,PA 22:0_20:4,125,R4,retained_true,0.021337640230040193,1.9183422934562784e-05,0.4550397992700734,0.7513055221510871,0.3384293666283728,2.0,0.0023387656878122165,0.0024800429863981455,0.04819277108433735
MILD,MILD__HOLD_R4_K125,PA 22:1_18:2,125,R4,retained_true,0.02299594004047728,3.0335107581559167e-05,0.3672416022212644,0.8804726866933393,0.42728280324989093,2.0,0.006605096516895115,0.006326827710238514,0.02702702702702703
MILD,MILD__HOLD_R4_K125,PA 22:1_20:2,125,R4,filter_loss,0.015828716847456695,1.6356708446232756e-05,0.43337633237958284,0.8789327040599717,0.27097424872123554,2.0,0.0080624691981116,0.011981980213494614,0.04
MILD,MILD__HOLD_R4_K125,PA 22:1_20:3,125,R4,retained_true,0.019100604105262563,5.823673728748787e-05,0.47201880717776407,0.8266719825061805,0.24944586960093668,0.5340342571614348,0.010869264824328262,0.012492854571788947,0.05194805194805195
MILD,MILD__HOLD_R4_K125,PA 22:1_20:5,125,R4,filter_loss,0.0065111305368309455,1.9717980136064136e-06,0.35373566324826666,0.8941830868357824,0.2306843778836697,0.5,0.0036393607382263493,0.003952696241691589,0.025
MILD,MILD__HOLD_R4_K125,PA 22:5_22:5,125,R4,filter_loss,0.00702654559853585,6.568838266714642e-07,0.37471749963267753,0.9264320052062154,0.08562930665407442,0.8939526432607221,0.05654517952012661,0.05902033614793045,0.10869565217391304
MILD,MILD__HOLD_R4_K125,PA 22:6_22:6,125,R4,retained_true,0.024230680658968794,0.00015763436474412447,0.5618631902016936,0.691000163096786,0.18635717808006635,2.0,0.00917253164779075,0.009477089595620991,0.0625
MILD,MILD__HOLD_R4_K125,PA 24:1_18:2,125,R4,retained_true,0.014457309339633266,2.5602343183100244e-05,0.416531063009088,0.7481851339902038,0.35294871355264307,1.0000000000000002,0.0021331576615825076,0.0017595765424679444,0.045454545454545456
MILD,MILD__HOLD_R4_K125,PC 14:0_20:4,125,R4,retained_true,0.01076442389838917,0.00013724977534527327,0.6036768381098416,0.7745273553735048,0.030942368542241527,0.7802037075442214,0.0018490512821154326,0.0018224172135786754,0.012048192771084338
MILD,MILD__HOLD_R4_K125,PC 14:1_20:1,125,R4,retained_true,0.022499950593567526,6.35207014860538e-05,0.4158486366407816,0.6900215947371616,0.30806497780657766,2.0,0.0002922287015207914,0.00029117252372179436,0.012987012987012988
MILD,MILD__HOLD_R4_K125,PC 16:0_18:0,125,R4,filter_loss,0.010813372163830114,4.452928594299613e-06,0.49212912704514206,0.6471130837014081,0.2680149501547328,0.7802037075442214,0.004063515546806951,0.004072487376110989,0.07058823529411765
MILD,MILD__HOLD_R4_K125,PC 16:0_18:1,125,R4,filter_loss,0.002664047446213998,9.462868174214131e-07,0.3986166534022413,0.6482926248318512,0.4109027795617344,0.5340342571614348,0.002719818573634347,0.002719800540087247,0.11594202898550725
MILD,MILD__HOLD_R4_K125,PC 16:1_18:1,125,R4,filter_loss,0.019244475887188858,7.033021202452774e-19,0.3710824945274597,0.6900215947371616,0.3528311199198995,2.0,0.005740128810954093,0.005740337720885114,0.06521739130434782
MILD,MILD__HOLD_R4_K125,PC 16:1_18:2,125,R4,retained_true,0.03028710820715643,6.904937446644262e-05,0.6451321224456396,0.494520891089959,0.2246564065829395,2.0,0.07762520620459001,0.07763217030105019,0.06666666666666667
MILD,MILD__HOLD_R4_K125,PC 20:0_14:1,125,R4,filter_loss,0.010732022988188223,1.1239608833012943e-06,0.593367589246976,0.47707361889437966,0.2851238976272237,0.6170676298438253,0.002188794125086768,0.0021900445777822686,0.05333333333333334
MILD,MILD__HOLD_R4_K125,PE 16:0_22:1,125,R4,filter_loss,0.01371820935816218,2.06833993756234e-06,0.20454583643989277,0.8508967724619106,0.32715941021570594,1.4538436095675817,0.0026095936024855826,0.0026208471119697485,0.09259259259259259
MILD,MILD__HOLD_R4_K125,PE 16:0_22:2,125,R4,filter_loss,0.01073719109110209,0.0,0.1886425381510025,0.8572487991575071,0.3301179135196991,2.0,0.0008072029675337822,0.0008077406273154786,0.017543859649122806
MILD,MILD__HOLD_R4_K125,PE 16:0_24:5,125,R4,filter_loss,0.009133541441091103,4.07385566844864e-06,0.21271686018449112,0.9348240213453116,0.1546244672974381,0.5,0.001921353681188731,0.001875379517050746,0.06896551724137931
MILD,MILD__HOLD_R4_K125,PE 16:0_24:6,125,R4,filter_loss,0.027336099999173746,1.4801360481819472e-05,0.354462542162506,0.9120817497666402,0.1077393979106176,2.0,0.012594339890680706,0.012384383975249547,0.04838709677419355
MILD,MILD__HOLD_R4_K125,PE 16:1_22:1,125,R4,filter_loss,0.007619712967131574,1.3356845902212856e-06,0.29634414058106057,0.6962164662208943,0.4407404219699385,1.0000000000000002,0.00808124486543349,0.008570132244739348,0.05660377358490566
MILD,MILD__HOLD_R4_K125,PE 16:1_22:4,125,R4,filter_loss,0.002316647828346365,0.0,0.11707440620301834,0.9872300880237134,0.16084900498979865,0.5,0.0007842304184302318,0.0007842322844462402,0.031746031746031744
MILD,MILD__HOLD_R4_K125,PE 17:0_20:0,125,R4,filter_loss,0.0019915504968933176,2.8989950081052894e-06,0.2698075638945543,0.9206618024583055,0.26327938903853587,0.5,0.001887741959508804,0.0017402936546969672,0.07936507936507936
MILD,MILD__HOLD_R4_K125,PE 17:0_22:4,125,R4,filter_loss,0.010876172716024299,2.679591960735953e-06,0.16492324087593133,0.9518068384474951,0.1688292372948361,1.0000000000000002,0.003262250096318753,0.003098515234440602,0.04411764705882353
MILD,MILD__HOLD_R4_K125,PE 17:0_22:5,125,R4,retained_true,0.014154205507287753,3.7356835019592194e-05,0.20553202250395822,0.9211023236447361,0.22285151703158326,2.0,0.0012394890093427868,0.0012522411101744124,0.030303030303030304
MILD,MILD__HOLD_R4_K125,PE 17:0_22:6,125,R4,retained_true,0.012172210813578405,4.425697382986843e-05,0.31244709118745745,0.8271838267520604,0.30433218821543645,2.0,0.017611707508774055,0.01838682715755835,0.12121212121212122
MILD,MILD__HOLD_R4_K125,PE 17:1_20:1,125,R4,filter_loss,0.005573200132499653,5.667624222182302e-06,0.2809048613188857,0.9726361074886047,0.3272746898881621,0.7802037075442214,0.0022883291685498186,0.0024144226540380176,0.08196721311475409
MILD,MILD__HOLD_R4_K125,PE 17:1_20:3,125,R4,filter_loss,0.005010207631900155,1.678381499207558e-06,0.17058675100295786,0.9942019114139844,0.23344250644858108,0.5,0.0217430849925212,0.02209873193679912,0.1
MILD,MILD__HOLD_R4_K125,PE 17:1_22:5,125,R4,filter_loss,0.01717369688756864,4.6988330300646265e-06,0.1734421065443991,0.9209267513286628,0.23190880091119995,0.5,0.0016810239978535257,0.0016830515975861937,0.06349206349206349
MILD,MILD__HOLD_R4_K125,PE 17:1_22:6,125,R4,filter_loss,0.014778833027188033,6.982800961020173e-06,0.2805102678681988,0.8065738667783828,0.34444630313629093,1.2101381550740857,0.0021298269298372086,0.002090265847873085,0.1111111111111111
MILD,MILD__HOLD_R4_K125,PE 18:0_20:3,125,R4,filter_loss,0.006941195094275508,1.1670528859971825e-07,0.19168425851262216,0.9604368385083139,0.1400403915099126,0.6170676298438253,0.00019942539037831608,0.0002018506253916863,0.03125
MILD,MILD__HOLD_R4_K125,PE 18:0_20:5,125,R4,filter_loss,0.021728167925230277,1.0030449807075876e-05,0.4239120961696826,0.9850297730134422,0.320123235599173,2.0,0.0011396559714325072,0.0011919672869405984,0.02666666666666667
MILD,MILD__HOLD_R4_K125,PE 18:1_20:2,125,R4,filter_loss,0.003829549346932211,1.2483156709762509e-06,0.23433578314102768,0.9251187567839819,0.20375319449318544,0.7303443264893795,0.0008310407557433619,0.00014275590517265346,0.014285714285714285
MILD,MILD__HOLD_R4_K125,PE 18:1_22:3,125,R4,solver_miss,0.0,,0.10400557506001402,0.9605256779361461,0.1742934444820513,0.7802037075442214,0.0035822472545240513,0.0035823397963168357,0.058823529411764705
MILD,MILD__HOLD_R4_K125,PE 18:2_20:2,125,R4,filter_loss,0.01702915412783111,1.406748943292816e-06,0.18632332063996887,0.930785287256962,0.4829206823131476,2.0,0.0008037372846143587,0.0008063023806984537,0.028985507246376812
MILD,MILD__HOLD_R4_K125,PE 18:3_20:4,125,R4,solver_miss,0.00013582961777585387,,0.15717262060050777,0.9796724074104938,0.3020809046376558,0.5,0.006280647038709897,0.0062955661135006835,0.04054054054054054
MILD,MILD__HOLD_R4_K125,PE 20:0_20:3,125,R4,filter_loss,0.007191463426856409,2.141306948686961e-06,0.23032749244938702,0.9788474233762352,0.09767313679891157,1.0760213163243861,0.021471551927456423,0.022981147873066488,0.1206896551724138
MILD,MILD__HOLD_R4_K125,PE 20:1_18:2,125,R4,filter_loss,0.006658919811659643,0.0,0.3477875659110764,0.8910754995054128,0.2892279401300275,0.5,0.0915750292343036,0.10181200158881287,0.07142857142857142
MILD,MILD__HOLD_R4_K125,PE 20:1_20:3,125,R4,filter_loss,0.005243854683644638,3.2026276616383527e-06,0.15409170574418976,0.9673598800301968,0.13448997604329319,1.2101381550740857,0.000491030613383403,0.000468651826536548,0.03773584905660377
MILD,MILD__HOLD_R4_K125,PE 20:1_20:4,125,R4,filter_loss,0.007728477157366182,2.4029058307336204e-07,0.22946614386916517,0.9422890778439277,0.1647009138898418,0.5,0.0011668996450705515,0.0009797108106910368,0.0410958904109589
MILD,MILD__HOLD_R4_K125,PE 20:1_20:5,125,R4,retained_true,0.027725351675528247,5.3064021092540345e-05,0.3973599004661181,0.7993795604865694,0.33650437366671354,2.0,0.002105112367196016,0.0015876158792395012,0.06944444444444445
MILD,MILD__HOLD_R4_K125,PE 20:3_20:3,125,R4,filter_loss,0.015609102631743348,9.557272488849927e-07,0.11972298568219342,0.9884825101246301,0.06004173901205881,1.0000000000000002,0.00048032041794177083,0.0004712716755622681,0.0
MILD,MILD__HOLD_R4_K125,PE 20:4_20:5,125,R4,retained_true,0.024895623057301388,0.00012848359338099618,0.26664550336010406,0.7114621309435802,0.4744158758561441,2.0,0.0026647366186214327,0.0027472315274700287,0.01694915254237288
MILD,MILD__HOLD_R4_K125,PE 22:0_16:1,125,R4,retained_true,0.017487161490163054,1.765733267382119e-05,0.4791490094759039,0.8206488603123235,0.1992356350010589,2.0,0.004476879868959838,0.005136088122938753,0.0392156862745098
MILD,MILD__HOLD_R4_K125,PE O-16:0_22:4,125,R4,filter_loss,0.01346567807946595,7.503017793382701e-07,0.21233553953653375,0.9788297262879938,0.0525446422437508,2.0,0.0004060403474748231,0.00041840104713342097,0.0
MILD,MILD__HOLD_R4_K125,PE O-16:0_22:5,125,R4,filter_loss,0.022069077473068563,1.8479766106193662e-06,0.2748935194643735,0.9595548171321114,0.1397678816901211,2.0,0.00038394355007931313,0.0002964901617497073,0.0
MILD,MILD__HOLD_R4_K125,PE O-16:1_24:0,125,R4,filter_loss,0.0066248510234271215,2.62687217515932e-06,0.6719956962672089,0.7350890401757907,0.07613711984283755,0.5,0.001067432937777557,0.0006814609391118109,0.03571428571428571
MILD,MILD__HOLD_R4_K125,PE O-16:1_24:5,125,R4,filter_loss,0.010748317441215582,7.033021202452774e-19,0.34567378912555613,0.9348240213453116,0.021667538356373084,0.8939526432607221,0.0025190919169711945,0.0024780282091372285,0.05555555555555555
MILD,MILD__HOLD_R4_K125,PE O-18:0_20:1,125,R4,filter_loss,0.009283304166921138,3.423837826870496e-07,0.318148671588633,0.9846847840318518,0.10986362796133797,0.8939526432607221,0.0001630039114796089,0.00017009481650798186,0.037037037037037035
MILD,MILD__HOLD_R4_K125,PE O-18:0_20:2,125,R4,filter_loss,0.001904109944671653,9.862581765925367e-07,0.24588669439016053,0.9868742659860326,0.06594469017151477,0.689110922829001,0.0019601050080191307,0.0005584465070473943,0.0
MILD,MILD__HOLD_R4_K125,PE O-18:0_20:5,125,R4,filter_loss,0.008758770770238409,5.868105320347235e-07,0.6919909071159304,0.9215313010613547,0.1361896321849082,0.5,0.0038942866708165935,0.004027293005726573,0.02857142857142857
MILD,MILD__HOLD_R4_K125,PE O-18:0_22:3,125,R4,filter_loss,0.012937623464047313,0.0,0.17092763078541914,0.9848176901850096,0.13210834735563867,0.8939526432607221,0.0008456161502210513,0.0005473704997376316,0.125
MILD,MILD__HOLD_R4_K125,PE O-18:0_22:4,125,R4,filter_loss,0.007262046566858505,0.0,0.29140314574818993,0.9785214888337301,0.07223834193787476,0.5,0.00991779822923411,0.010948030972303235,0.06451612903225806
MILD,MILD__HOLD_R4_K125,PE O-18:0_22:6,125,R4,retained_true,0.031036446793404737,0.00017502874070904044,0.5753436233533816,0.900438885889574,0.17868511941106635,2.0,0.000292360631166555,0.0004274430617627889,0.02857142857142857
MILD,MILD__HOLD_R4_K125,PE O-18:1_20:3,125,R4,filter_loss,0.0036676009472432583,0.0,0.17248031845796863,0.9828895828332406,0.04325030597265456,0.5,0.001199120320281133,0.001173666927543504,0.09090909090909091
MILD,MILD__HOLD_R4_K125,PE O-18:1_20:5,125,R4,filter_loss,0.0031823360360866883,1.254111543588707e-07,0.5577857427715306,0.9215313010613547,0.19234784377749203,0.5340342571614348,0.004494611377175217,0.0021003523208922292,0.023809523809523808
MILD,MILD__HOLD_R4_K125,PE O-18:2_20:3,125,R4,filter_loss,0.011480412416577738,0.0,0.15389249231375365,0.982213995160686,0.04157871249447814,0.7303443264893795,0.011902632343288366,0.01190551140071483,0.06060606060606061
MILD,MILD__HOLD_R4_K125,PE O-18:2_22:3,125,R4,filter_loss,0.009749641762594113,4.593670739173085e-07,0.11689533016188987,0.986523537683374,0.04682821117393669,1.2101381550740857,0.00025152470337641564,0.00025152508544168395,0.06451612903225806
MILD,MILD__HOLD_R4_K125,PE O-18:2_22:4,125,R4,filter_loss,0.006162567853378524,1.9421304395574405e-08,0.14828595476682938,0.9790243416279218,0.05669129626843439,0.5,0.0006958109492893882,0.000691927852268126,0.02631578947368421
MILD,MILD__HOLD_R4_K125,PE O-18:2_22:5,125,R4,filter_loss,0.016708877186642386,1.8926989579840855e-08,0.26103860623460656,0.9522818262826038,0.09101743804944895,2.0,0.0005889830349302683,0.0005985797905463386,0.02564102564102564
MILD,MILD__HOLD_R4_K125,PE O-18:3_20:3,125,R4,filter_loss,0.03189154108776828,2.710576745304276e-07,0.14272429629361114,0.9852235586914223,0.03704042840064109,2.0,0.0009088682263856951,0.0009038504168767947,0.0
MILD,MILD__HOLD_R4_K125,PE O-18:3_22:3,125,R4,filter_loss,0.011258646103749291,5.27476590183958e-19,0.12439321564387905,0.986523537683374,0.03933032569194751,1.4538436095675817,0.00039330638137358154,0.000393316500170271,0.0967741935483871
MILD,MILD__HOLD_R4_K125,PE O-18:3_22:5,125,R4,filter_loss,0.018839758876758126,1.1603805959402612e-06,0.24245622912169137,0.9538166594574129,0.08542067730299038,2.0,0.000300097893669804,0.0002976237770843104,0.0
MILD,MILD__HOLD_R4_K125,PE O-20:0_20:2,125,R4,filter_loss,0.004058082723569773,0.0,0.3574277360579778,0.9885666181646524,0.13364990366733687,0.5,0.0013632549085536017,0.0008270848205020886,0.14814814814814814
MILD,MILD__HOLD_R4_K125,PE O-20:0_20:4,125,R4,filter_loss,0.01513359612414853,2.825951115938408e-06,0.526269032993801,0.9845400250879618,0.03802391643362135,0.8939526432607221,0.0021938309055087313,0.00017604092447076614,0.05263157894736842
MILD,MILD__HOLD_R4_K125,PE O-20:1_18:2,125,R4,filter_loss,0.01962700369777355,3.925086965566925e-06,0.4351737905876049,0.9895861653945057,0.1319467591106363,2.0,0.00023551375914476758,0.0002665464533165851,0.030303030303030304
MILD,MILD__HOLD_R4_K125,PE O-20:1_20:2,125,R4,filter_loss,0.018390981262293316,1.8093538568177526e-06,0.1653451175229508,0.9857697500316058,0.0657556111825639,2.0,0.022925236368650403,0.023326231185886726,0.03225806451612903
MILD,MILD__HOLD_R4_K125,PE O-20:1_20:3,125,R4,filter_loss,0.03251520560891322,1.2973768837590973e-06,0.20156572631951045,0.9834038435158862,0.040391770192754556,1.8682084992203376,5.294427021595993e-05,2.361550169449611e-05,0.0
MILD,MILD__HOLD_R4_K125,PE O-20:3_20:3,125,R4,filter_loss,0.025323836280920383,2.3026077971231243e-06,0.1678765453740962,0.9829060245747678,0.02838033431556483,2.0,0.0009170570347204476,0.0009176655325875416,0.11428571428571428
MILD,MILD__HOLD_R4_K125,PE O-20:3_20:4,125,R4,filter_loss,0.009090006066451835,1.1997943978928558e-06,0.2145730867610224,0.9824124426110163,0.03143893515640733,1.4538436095675817,0.0030017567410796087,0.002117635277798957,0.021739130434782608
MILD,MILD__HOLD_R4_K125,PE O-22:1_18:2,125,R4,retained_true,0.024147047334002435,3.4096069440672945e-05,0.3303710154344505,0.9888056550432852,0.337294176164278,2.0,0.001060120048168356,0.0004618266693974249,0.0
MILD,MILD__HOLD_R4_K125,PG 14:0_20:0,125,R4,filter_loss,0.00475248029571809,3.881111689418425e-07,0.7233219574944608,0.7740328453451822,0.0781368584247818,0.5,6.341122825315182e-05,0.0008465325861760631,0.05
MILD,MILD__HOLD_R4_K125,PG 14:0_22:0,125,R4,filter_loss,0.0055359690659909705,0.0,0.39347230654553556,0.7936099239641267,0.021497958044986498,0.5,6.010538475131888e-05,0.004721999882481787,0.0125
MILD,MILD__HOLD_R4_K125,PG 14:0_22:5,125,R4,filter_loss,0.007637055451710129,2.188784906878837e-06,0.3916326572569566,0.8740294125875786,0.3151168353722158,0.6170676298438253,0.015233218820401295,0.028681124293445937,0.06976744186046512
MILD,MILD__HOLD_R4_K125,PG 14:0_24:4,125,R4,filter_loss,0.013989150265649411,2.0292503215857126e-06,0.2364766144017557,0.9336814199983869,0.409000174620185,1.0000000000000002,0.0003849632011037052,0.0011070667357394592,0.04819277108433735
MILD,MILD__HOLD_R4_K125,PG 16:0_18:0,125,R4,filter_loss,0.010753309086630414,1.0262172307301598e-06,0.2730282086736678,0.7320003904966144,0.5284306072455749,0.5,0.006718608831998929,0.00921187438394766,0.05154639175257732
MILD,MILD__HOLD_R4_K125,PG 16:0_20:2,125,R4,filter_loss,0.007700917448950296,0.0,0.06404391649487126,0.9219327136957365,0.1380284242110617,1.8682084992203376,0.0001325419053186394,0.0004419274324660716,0.021739130434782608
MILD,MILD__HOLD_R4_K125,PG 16:0_20:5,125,R4,filter_loss,0.02777072722473699,5.743693404399652e-06,0.3586980333079263,0.7784577318028689,0.43367157561769326,2.0,0.0005535803503026182,0.0007745547809636655,0.03614457831325301
MILD,MILD__HOLD_R4_K125,PG 16:0_22:4,125,R4,filter_loss,0.02827734226054839,1.5159268540793007e-06,0.20371874124768685,0.9923755383909935,0.44339453837236364,1.0760213163243861,0.006204517917372199,0.004482035888584646,0.034482758620689655
MILD,MILD__HOLD_R4_K125,PG 16:0_22:6,125,R4,filter_loss,0.00954121863151861,4.344968485395169e-06,0.42771565508602566,0.9755490303044848,0.17342901101082447,0.5,0.0035863246382661362,0.005133708069018583,0.046511627906976744
MILD,MILD__HOLD_R4_K125,PG 16:1_20:1,125,R4,filter_loss,0.035226718249779396,2.1400207912060835e-06,0.09626468926765062,0.9360510343034749,0.032094009427904344,0.689110922829001,0.00014154946035849214,0.02162659342799489,0.022727272727272728
MILD,MILD__HOLD_R4_K125,PG 16:1_22:3,125,R4,filter_loss,0.03876516681628818,1.6877659882810513e-06,0.23838939494724698,0.9816952449555878,0.29010776373355207,1.8682084992203376,0.0029689467587183938,0.011172064022184958,0.046511627906976744
MILD,MILD__HOLD_R4_K125,PG 16:1_22:5,125,R4,filter_loss,0.011494730853728369,3.9831025623816465e-07,0.33527002658239174,0.9821921171688058,0.16525580723594785,1.2101381550740857,0.0013743626973785616,0.0016358418510322714,0.060240963855421686
MILD,MILD__HOLD_R4_K125,PG 17:0_18:2,125,R4,filter_loss,0.022871687138798436,1.374776443944028e-06,0.3764851143957298,0.9263229165510191,0.3987025973319038,1.8682084992203376,0.008230647100060384,0.016439132142790913,0.021505376344086023
MILD,MILD__HOLD_R4_K125,PG 17:0_20:0,125,R4,retained_true,0.026994432555201522,0.0020972087153679226,0.8310149974793403,0.9206618024583055,0.050880880759260116,2.0,0.003081353950645682,0.007454888958567052,0.08791208791208792
MILD,MILD__HOLD_R4_K125,PG 17:0_20:3,125,R4,filter_loss,0.018135024564771535,5.358954434634823e-07,0.15645235358917814,0.9898819477902964,0.24553643982354834,2.0,0.0011922815237459528,0.0006965114657125904,0.061855670103092786
MILD,MILD__HOLD_R4_K125,PG 17:0_20:4,125,R4,filter_loss,0.0027962754926141357,4.0151899703258967e-07,0.333380957182523,0.9887826418894832,0.3019228169112968,0.5,0.0009626592846555537,0.0006253799471490629,0.029411764705882353
MILD,MILD__HOLD_R4_K125,PG 17:1_20:1,125,R4,filter_loss,0.009248692695129394,1.3109760614720465e-06,0.266391512522408,0.9726361074886047,0.01725447718424139,2.0,4.577721397003298e-05,0.0002219708024051581,0.034482758620689655
MILD,MILD__HOLD_R4_K125,PG 17:1_20:4,125,R4,filter_loss,0.009170348505463393,7.594651468581872e-08,0.4831275545644737,0.9853779862370524,0.22593740389897193,0.7303443264893795,0.0021811563309734883,0.003555580182944329,0.02127659574468085
MILD,MILD__HOLD_R4_K125,PG 18:0_18:1,125,R4,filter_loss,0.009918183205974167,8.629641727767033e-07,0.22385302590484416,0.857321011866293,0.5499702514118422,1.2101381550740857,0.009484848876495366,0.014209638457357121,0.06329113924050633
MILD,MILD__HOLD_R4_K125,PG 18:0_20:5,125,R4,filter_loss,0.0032824834132608037,5.4100877421853715e-08,0.3912132251385195,0.9850297730134422,0.3528221066303361,0.5,0.0008703065793419507,0.00036847638994674803,0.020833333333333332
MILD,MILD__HOLD_R4_K125,PG 18:1_18:1,125,R4,filter_loss,0.020826598386751688,3.605868820985781e-08,0.20074680321951024,0.9552207873236039,0.5335974465364102,2.0,0.001967807797006671,0.0008816908419428948,0.034482758620689655
MILD,MILD__HOLD_R4_K125,PG 18:2_20:2,125,R4,filter_loss,0.01649471831654562,0.0,0.26810270421335247,0.9325718345250835,0.2603944544674466,2.0,7.151403581784344e-05,0.0005881280192069349,0.0898876404494382
MILD,MILD__HOLD_R4_K125,PG 20:1_18:3,125,R4,filter_loss,0.01290687157413088,1.2357295147751226e-06,0.23811465068961957,0.9659907277452849,0.39065317821122125,1.0760213163243861,0.003301798627939889,0.0014211657860777605,0.013333333333333334
MILD,MILD__HOLD_R4_K125,PS 14:0_20:0,125,R4,retained_true,0.024948559951774862,0.0001671964713639733,0.6390062445975,0.6039215648852556,0.16709168430356958,2.0,0.0027541471004010054,0.0027427701343425426,0.013888888888888888
MILD,MILD__HOLD_R4_K125,PS 14:0_22:2,125,R4,filter_loss,0.005667309405344771,7.651726400708099e-07,0.4826107446087538,0.6351598729298585,0.056673251273551106,0.5,0.002331991978609671,0.013828208191141056,0.07142857142857142
MILD,MILD__HOLD_R4_K125,PS 16:0_20:3,125,R4,filter_loss,0.005175709511349182,8.791276503065968e-19,0.31718607034211305,0.6379581944357362,0.2271159539431486,0.5,0.024743180600422243,0.0532754581349153,0.02631578947368421
MILD,MILD__HOLD_R4_K125,PS 16:0_20:5,125,R4,filter_loss,0.006659376730665642,4.624996299668802e-06,0.4925110672748304,0.5885323920958705,0.2627774230424914,0.5340342571614348,0.0034720204595677373,0.005312662972331572,0.02857142857142857
MILD,MILD__HOLD_R4_K125,PS 16:1_20:1,125,R4,retained_true,0.029640234492363297,0.00021423082365431645,0.4129541991564398,0.5415506422933887,0.12632979672586508,2.0,0.005809768621976241,0.013510185735995384,0.05405405405405406
MILD,MILD__HOLD_R4_K125,PS 16:1_20:4,125,R4,retained_true,0.03312875615868691,0.0004403364714274753,0.6316414058973379,0.55604981646135,0.12364708441998395,2.0,0.0006250680690788046,0.0006367104023839998,0.05128205128205128
MILD,MILD__HOLD_R4_K125,PS 17:0_18:1,125,R4,retained_true,0.007714923514187948,3.908452289761702e-05,0.6537549379034493,0.5358578664393875,0.1898482402281083,0.5,0.00248721638376892,0.002491653810229977,0.0410958904109589
MILD,MILD__HOLD_R4_K125,PS 18:0_16:1,125,R4,filter_loss,0.003386224247611209,2.0920961960166853e-06,0.4974005788167513,0.5669019742880855,0.3372870145815912,0.689110922829001,0.007780393272455055,0.007796839687494228,0.014492753623188406
MILD,MILD__HOLD_R4_K125,PS 18:0_18:0,125,R4,retained_true,0.025059258102416722,1.9785124754627515e-05,0.4331045541325963,0.7822407069839156,0.19197976773862468,2.0,0.004926182990125705,0.004921859357551961,0.03773584905660377
MILD,MILD__HOLD_R4_K125,PS 18:0_18:3,125,R4,retained_true,0.027791582827194922,0.00031411107274269815,0.5738266720137706,0.6379581944357362,0.264601068755451,2.0,0.001516310654012143,0.0014631946069058044,0.06666666666666667
MILD,MILD__HOLD_R4_K125,PS 18:1_18:3,125,R4,retained_true,0.007353463537123706,4.008109358907525e-05,0.6381277857367744,0.5253007492314473,0.23640738012806917,0.5340342571614348,0.002803569105580772,0.0028337271763367866,0.046875
MILD,MILD__HOLD_R4_K125,PS 20:0_16:1,125,R4,filter_loss,0.007877257678093125,5.27476590183958e-19,0.49681824282241865,0.5478869149773706,0.34409744001467496,0.6170676298438253,0.059660803180161204,0.06023360124150534,0.06578947368421052
MILD,MILD__HOLD_R4_K175,PA 16:0_24:1,175,R4,filter_loss,0.010927240686598462,3.371694305446909e-06,0.5504804076642431,0.883487638633687,0.19595790828137805,2.0,0.0018129815710938857,0.0005478222759552898,0.017857142857142856
MILD,MILD__HOLD_R4_K175,PA 16:0_24:4,175,R4,filter_loss,0.001552416915755043,0.0,0.2223063465458067,0.9171280506076233,0.17914163452145218,0.6170676298438253,0.04338089176146531,0.04345848797882845,0.04
MILD,MILD__HOLD_R4_K175,PA 18:0_22:0,175,R4,filter_loss,0.011307493470438666,3.9779569606895894e-07,0.3381799302246325,0.7789494468002593,0.44534403487199864,1.4538436095675817,0.0011921075225009847,0.0013569185606716605,0.05405405405405406
MILD,MILD__HOLD_R4_K175,PA 18:0_22:2,175,R4,filter_loss,0.0043824595146980195,0.0,0.27393752390511106,0.8394493239810369,0.36260158405766385,0.6170676298438253,0.0031467721020281836,0.001963496628401451,0.05333333333333334
MILD,MILD__HOLD_R4_K175,PA 18:0_22:4,175,R4,filter_loss,0.011706769479589398,0.0,0.18925162859522815,0.8691673191165914,0.31323723028330897,0.5,0.0052424423533639075,0.005220284092495531,0.04878048780487805
MILD,MILD__HOLD_R4_K175,PA 18:0_24:1,175,R4,filter_loss,0.006670451830426858,0.0,0.3334734584306543,0.8793255202210899,0.22349976674487387,0.689110922829001,0.0006864036053716438,0.000725562654723011,0.05970149253731343
MILD,MILD__HOLD_R4_K175,PA 18:0_24:5,175,R4,filter_loss,0.009220096220943273,5.509389860535213e-08,0.1609179673339711,0.923167578011941,0.23175005437601462,0.5,0.0008635904598484068,0.0008511644063095014,0.025
MILD,MILD__HOLD_R4_K175,PA 18:0_24:6,175,R4,filter_loss,0.0272181278707429,1.6120640811163553e-06,0.1641748706562144,0.9374908882297373,0.19157325912956763,2.0,0.004642181796140066,0.004645773085514948,0.04878048780487805
MILD,MILD__HOLD_R4_K175,PA 18:1_22:1,175,R4,filter_loss,0.007617019185544124,9.35640788136005e-08,0.46175873097333114,0.9022714644699661,0.2905844069806663,0.7303443264893795,0.00041288798704874896,0.0012335033041256382,0.05405405405405406
MILD,MILD__HOLD_R4_K175,PA 18:1_22:3,175,R4,filter_loss,0.014564407247807427,1.1637533366162943e-05,0.26035456632127724,0.8639124793194024,0.33467634555443054,2.0,0.0026888722371033458,0.002139123678131294,0.03896103896103896
MILD,MILD__HOLD_R4_K175,PA 18:1_22:4,175,R4,filter_loss,0.009919430336168752,1.703583047457529e-06,0.23118051955905902,0.7349039762795926,0.45741325188581883,2.0,0.004805814183295842,0.004868951904925756,0.024096385542168676
MILD,MILD__HOLD_R4_K175,PA 18:1_24:1,175,R4,filter_loss,0.006814810398360316,7.595704550602432e-07,0.4394175718623714,0.7742897189559598,0.30213238364332506,0.5,0.000759699939821834,0.0008438388853387879,0.015151515151515152
MILD,MILD__HOLD_R4_K175,PA 18:1_24:4,175,R4,filter_loss,0.010276819852295727,6.420752659973722e-08,0.2590661626283403,0.770029563231097,0.383684973635327,0.5,0.0010838412905258554,0.0010729791287783508,0.058823529411764705
MILD,MILD__HOLD_R4_K175,PA 18:1_24:6,175,R4,filter_loss,0.019741843365208296,2.2726266281431177e-06,0.25854770171004793,0.8317569743542244,0.311757671286486,2.0,0.010835595411361254,0.010851465233581492,0.07407407407407407
MILD,MILD__HOLD_R4_K175,PA 18:2_24:4,175,R4,filter_loss,0.007377010549747291,1.2190454692873123e-07,0.33277246997096527,0.6495701338678831,0.4330785336890039,0.7802037075442214,0.0039133891856287795,0.003868713351689035,0.07058823529411765
MILD,MILD__HOLD_R4_K175,PA 18:2_24:5,175,R4,solver_miss,9.011399355144168e-06,,0.30902833514416345,0.8083196183923326,0.2868943377666932,0.5,0.004081604352916046,0.004077549062661889,0.06329113924050633
MILD,MILD__HOLD_R4_K175,PA 20:0_20:2,175,R4,solver_miss,0.0,,0.2807555140432376,0.7492730089935543,0.49169235917013354,0.5,0.001564770493217682,0.0014533126063535073,0.04054054054054054
MILD,MILD__HOLD_R4_K175,PA 20:0_20:3,175,R4,filter_loss,0.01180808977682506,0.0,0.28594755195446475,0.8048190171061798,0.4076195370011738,1.4538436095675817,0.008036960110991642,0.00976471434619064,0.07317073170731707
MILD,MILD__HOLD_R4_K175,PA 20:0_20:4,175,R4,solver_miss,1.2162779636051612e-08,,0.1645114953783594,0.8957566529041909,0.3424625013635971,0.7303443264893795,0.0275152521851324,0.02927579501551658,0.0449438202247191
MILD,MILD__HOLD_R4_K175,PA 20:0_22:1,175,R4,filter_loss,0.002372507231335249,0.0,0.3017443733307278,0.7600275012777736,0.3861256918000734,0.689110922829001,0.003709424811556894,0.003737143717409519,0.025974025974025976
MILD,MILD__HOLD_R4_K175,PA 20:0_22:4,175,R4,filter_loss,0.006858841236906908,0.0,0.241048023112079,0.8303328039494347,0.3429309669132585,0.5,0.060892874707397016,0.06298741883866765,0.046511627906976744
MILD,MILD__HOLD_R4_K175,PA 20:0_22:6,175,R4,filter_loss,0.004035371040660738,0.0,0.18342642508946627,0.9361340206999159,0.20227608263374897,0.5,0.004776696328855912,0.004726570921992357,0.07142857142857142
MILD,MILD__HOLD_R4_K175,PA 20:1_20:1,175,R4,filter_loss,0.009946583616602908,2.5901252502594457e-06,0.4231895167566119,0.9753576763078726,0.3291536211973855,0.5,0.0010118669186879314,0.002037990335239992,0.06818181818181818
MILD,MILD__HOLD_R4_K175,PA 20:1_22:1,175,R4,filter_loss,0.008796561183332571,2.4305936434792914e-07,0.48292710886676304,0.8982874947005188,0.22073574264275386,0.7802037075442214,0.018562907982432097,0.02491796284808878,0.07894736842105263
MILD,MILD__HOLD_R4_K175,PA 20:1_22:3,175,R4,filter_loss,0.014131659141107497,0.0,0.33476954438953394,0.8781031661032047,0.24658711409645712,1.8682084992203376,0.018403108017956193,0.021063832308081065,0.06329113924050633
MILD,MILD__HOLD_R4_K175,PA 20:1_22:5,175,R4,filter_loss,0.002592168836492119,1.451881545893882e-06,0.22030580527220145,0.8930555529932804,0.2632540567277174,2.0,0.0030627099534888957,0.0029952224810618766,0.0125
MILD,MILD__HOLD_R4_K175,PA 20:1_22:6,175,R4,filter_loss,0.017649557912769866,1.4089783661611383e-07,0.23670331410171605,0.9753576763078726,0.2468565478982028,1.0760213163243861,0.0025643340536040116,0.0025700567332332946,0.06172839506172839
MILD,MILD__HOLD_R4_K175,PA 20:3_22:4,175,R4,filter_loss,0.0010107213167068923,0.0,0.402579539322542,0.7488776965339671,0.3030548023026991,0.5,0.0032054403866504932,0.003222308663755058,0.09302325581395349
MILD,MILD__HOLD_R4_K175,PA 20:4_22:4,175,R4,filter_loss,0.006041752318306767,2.155774707644216e-06,0.48634054946811606,0.6664725514235691,0.28586225820427874,0.5,0.014403718647744035,0.015260405212573436,0.03225806451612903
MILD,MILD__HOLD_R4_K175,PA 22:0_18:2,175,R4,filter_loss,0.014219482171802217,0.0,0.34226134747101367,0.761776416520081,0.4474985059635067,1.0760213163243861,0.0030674863975856947,0.0028834133419998187,0.0547945205479452
MILD,MILD__HOLD_R4_K175,PA 22:0_20:1,175,R4,filter_loss,0.014893536230739609,1.0626518904151686e-05,0.4020166500263304,0.8495611434984474,0.2527636987135384,1.0760213163243861,0.01593733933205499,0.018926282928069638,0.04
MILD,MILD__HOLD_R4_K175,PA 22:0_20:3,175,R4,filter_loss,0.008647773650206582,5.232125259380348e-06,0.4070101497165706,0.700138513759436,0.38977747877753405,0.5,0.009922850596979504,0.01301240678684945,0.02631578947368421
MILD,MILD__HOLD_R4_K175,PA 22:0_20:4,175,R4,filter_loss,0.016397076591452207,1.0486697502574578e-06,0.4550397992700734,0.7513055221510871,0.3384293666283728,2.0,0.0023387656878122165,0.0024800429863981455,0.04819277108433735
MILD,MILD__HOLD_R4_K175,PA 22:1_18:2,175,R4,filter_loss,0.01837326251269331,1.4017600384371313e-05,0.3672416022212644,0.8804726866933393,0.42728280324989093,2.0,0.006605096516895115,0.006326827710238514,0.02702702702702703
MILD,MILD__HOLD_R4_K175,PA 22:1_20:2,175,R4,filter_loss,0.008806877320051415,0.0,0.43337633237958284,0.8789327040599717,0.27097424872123554,2.0,0.0080624691981116,0.011981980213494614,0.04
MILD,MILD__HOLD_R4_K175,PA 22:1_20:3,175,R4,retained_true,0.014324456941312382,2.1478699156230808e-05,0.47201880717776407,0.8266719825061805,0.24944586960093668,0.5340342571614348,0.010869264824328262,0.012492854571788947,0.05194805194805195
MILD,MILD__HOLD_R4_K175,PA 22:1_20:5,175,R4,filter_loss,0.010629206250882279,8.405694295852133e-07,0.35373566324826666,0.8941830868357824,0.2306843778836697,0.5,0.0036393607382263493,0.003952696241691589,0.025
MILD,MILD__HOLD_R4_K175,PA 22:5_22:5,175,R4,filter_loss,0.007860854730288165,1.9057052663834313e-07,0.37471749963267753,0.9264320052062154,0.08562930665407442,0.8939526432607221,0.05654517952012661,0.05902033614793045,0.10869565217391304
MILD,MILD__HOLD_R4_K175,PA 22:6_22:6,175,R4,retained_true,0.015621120525625483,4.5539455534812697e-05,0.5618631902016936,0.691000163096786,0.18635717808006635,2.0,0.00917253164779075,0.009477089595620991,0.0625
MILD,MILD__HOLD_R4_K175,PA 24:1_18:2,175,R4,filter_loss,0.015752130376782157,9.368656113795258e-06,0.416531063009088,0.7481851339902038,0.35294871355264307,1.0000000000000002,0.0021331576615825076,0.0017595765424679444,0.045454545454545456
MILD,MILD__HOLD_R4_K175,PC 14:0_20:2,175,R4,filter_loss,0.007846100784937528,1.1523948925244018e-06,0.3254331442131747,0.6041425983942957,0.4715533114037237,0.8939526432607221,0.007462943955335866,0.007518058498400038,0.05
MILD,MILD__HOLD_R4_K175,PC 14:0_20:4,175,R4,retained_true,0.006976059353235488,7.124098426199972e-05,0.6036768381098416,0.7745273553735048,0.030942368542241527,0.7802037075442214,0.0018490512821154326,0.0018224172135786754,0.012048192771084338
MILD,MILD__HOLD_R4_K175,PC 14:1_20:1,175,R4,retained_true,0.01501532184797655,4.448316136984262e-05,0.4158486366407816,0.6900215947371616,0.30806497780657766,2.0,0.0002922287015207914,0.00029117252372179436,0.012987012987012988
MILD,MILD__HOLD_R4_K175,PC 16:0_18:0,175,R4,filter_loss,0.007590572545459518,1.8481631220778595e-06,0.49212912704514206,0.6471130837014081,0.2680149501547328,0.7802037075442214,0.004063515546806951,0.004072487376110989,0.07058823529411765
MILD,MILD__HOLD_R4_K175,PC 16:0_18:1,175,R4,filter_loss,0.0012172289955174932,0.0,0.3986166534022413,0.6482926248318512,0.4109027795617344,0.5340342571614348,0.002719818573634347,0.002719800540087247,0.11594202898550725
MILD,MILD__HOLD_R4_K175,PC 16:0_18:2,175,R4,filter_loss,0.02728024338013093,3.6593407906362604e-06,0.3131917397743864,0.5996238721920917,0.4899091295507795,2.0,0.06290873847509104,0.06290881606687038,0.05747126436781609
MILD,MILD__HOLD_R4_K175,PC 16:1_18:1,175,R4,filter_loss,0.02047952508897344,3.383680205668255e-08,0.3710824945274597,0.6900215947371616,0.3528311199198995,2.0,0.005740128810954093,0.005740337720885114,0.06521739130434782
MILD,MILD__HOLD_R4_K175,PC 16:1_18:2,175,R4,retained_true,0.02114074379509852,2.58089180592153e-05,0.6451321224456396,0.494520891089959,0.2246564065829395,2.0,0.07762520620459001,0.07763217030105019,0.06666666666666667
MILD,MILD__HOLD_R4_K175,PC 20:0_14:1,175,R4,filter_loss,0.007417123217973707,3.539948652913239e-08,0.593367589246976,0.47707361889437966,0.2851238976272237,0.6170676298438253,0.002188794125086768,0.0021900445777822686,0.05333333333333334
MILD,MILD__HOLD_R4_K175,PC O-16:0_17:0,175,R4,retained_true,0.008642058448292198,0.00011297188475313324,0.7536429126805174,0.6594747873316874,0.016839149861247793,0.689110922829001,0.0021199241046659933,0.002119924212811153,0.0
MILD,MILD__HOLD_R4_K175,PC O-16:1_18:1,175,R4,retained_true,0.01038749092147081,0.0002524799760924995,0.8076497414228311,0.6052609717953458,0.02991086558637346,1.0000000000000002,0.0011780312079956445,0.0011619748561649823,0.08571428571428572
MILD,MILD__HOLD_R4_K175,PE 16:0_22:1,175,R4,filter_loss,0.011963999858424262,1.118823891911906e-06,0.20454583643989277,0.8508967724619106,0.32715941021570594,1.4538436095675817,0.0026095936024855826,0.0026208471119697485,0.09259259259259259
MILD,MILD__HOLD_R4_K175,PE 16:0_22:2,175,R4,filter_loss,0.011560066850582335,0.0,0.1886425381510025,0.8572487991575071,0.3301179135196991,2.0,0.0008072029675337822,0.0008077406273154786,0.017543859649122806
MILD,MILD__HOLD_R4_K175,PE 16:0_22:4,175,R4,filter_loss,0.007694988656773625,9.257008442809446e-09,0.15895469448868532,0.9923755383909935,0.2386585476665622,2.0,0.0026445506599418467,0.0026437613959471307,0.015625
MILD,MILD__HOLD_R4_K175,PE 16:0_24:5,175,R4,filter_loss,0.008828864574939596,1.1727572308434082e-06,0.21271686018449112,0.9348240213453116,0.1546244672974381,0.5,0.001921353681188731,0.001875379517050746,0.06896551724137931
MILD,MILD__HOLD_R4_K175,PE 16:0_24:6,175,R4,filter_loss,0.023934928862942458,0.0,0.354462542162506,0.9120817497666402,0.1077393979106176,2.0,0.012594339890680706,0.012384383975249547,0.04838709677419355
MILD,MILD__HOLD_R4_K175,PE 16:1_22:1,175,R4,filter_loss,0.005866314237462871,0.0,0.29634414058106057,0.6962164662208943,0.4407404219699385,1.0000000000000002,0.00808124486543349,0.008570132244739348,0.05660377358490566
MILD,MILD__HOLD_R4_K175,PE 16:1_22:3,175,R4,filter_loss,0.013950676682824542,0.0,0.12325824954460242,0.9816952449555878,0.20295021528294271,2.0,8.291252553216388e-05,8.291775400715018e-05,0.05357142857142857
MILD,MILD__HOLD_R4_K175,PE 16:1_22:4,175,R4,filter_loss,0.009083460775170115,7.485949661911271e-07,0.11707440620301834,0.9872300880237134,0.16084900498979865,0.5,0.0007842304184302318,0.0007842322844462402,0.031746031746031744
MILD,MILD__HOLD_R4_K175,PE 16:1_22:6,175,R4,filter_loss,0.015150854272076183,2.757182621561537e-06,0.2519478993591113,0.9780045750710121,0.13185464506752925,2.0,0.0014294605966203022,0.0014300496428103493,0.09836065573770492
MILD,MILD__HOLD_R4_K175,PE 17:0_20:0,175,R4,filter_loss,0.0029668199013772227,2.415719911275018e-06,0.2698075638945543,0.9206618024583055,0.26327938903853587,0.5,0.001887741959508804,0.0017402936546969672,0.07936507936507936
MILD,MILD__HOLD_R4_K175,PE 17:0_22:2,175,R4,filter_loss,0.010269240808607385,0.0,0.13503108538528152,0.9386569008618137,0.21734595795940753,2.0,0.0011864621584661839,0.0011931643887791443,0.0
MILD,MILD__HOLD_R4_K175,PE 17:0_22:4,175,R4,filter_loss,0.007603567775869072,1.9134842433721233e-06,0.16492324087593133,0.9518068384474951,0.1688292372948361,1.0000000000000002,0.003262250096318753,0.003098515234440602,0.04411764705882353
MILD,MILD__HOLD_R4_K175,PE 17:0_22:5,175,R4,retained_true,0.010386956480688506,1.9328787091382754e-05,0.20553202250395822,0.9211023236447361,0.22285151703158326,2.0,0.0012394890093427868,0.0012522411101744124,0.030303030303030304
MILD,MILD__HOLD_R4_K175,PE 17:0_22:6,175,R4,retained_true,0.012488244740924219,2.19309722955759e-05,0.31244709118745745,0.8271838267520604,0.30433218821543645,2.0,0.017611707508774055,0.01838682715755835,0.12121212121212122
MILD,MILD__HOLD_R4_K175,PE 17:1_20:1,175,R4,filter_loss,0.00485982463169763,5.610698199463244e-09,0.2809048613188857,0.9726361074886047,0.3272746898881621,0.7802037075442214,0.0022883291685498186,0.0024144226540380176,0.08196721311475409
MILD,MILD__HOLD_R4_K175,PE 17:1_20:3,175,R4,filter_loss,0.0053243947083523434,4.841780603981877e-07,0.17058675100295786,0.9942019114139844,0.23344250644858108,0.5,0.0217430849925212,0.02209873193679912,0.1
MILD,MILD__HOLD_R4_K175,PE 17:1_22:5,175,R4,filter_loss,0.00796399572625771,8.383846185162562e-07,0.1734421065443991,0.9209267513286628,0.23190880091119995,0.5,0.0016810239978535257,0.0016830515975861937,0.06349206349206349
MILD,MILD__HOLD_R4_K175,PE 17:1_22:6,175,R4,filter_loss,0.006942721682298419,3.567617289300881e-06,0.2805102678681988,0.8065738667783828,0.34444630313629093,1.2101381550740857,0.0021298269298372086,0.002090265847873085,0.1111111111111111
MILD,MILD__HOLD_R4_K175,PE 18:0_20:1,175,R4,filter_loss,0.01936931925770375,3.102481747398314e-07,0.25393425517668783,0.9625905679777863,0.1807537946676117,2.0,0.0011387468614931784,0.0008336602771666923,0.046153846153846156
MILD,MILD__HOLD_R4_K175,PE 18:0_20:3,175,R4,solver_miss,5.624252921979911e-05,,0.19168425851262216,0.9604368385083139,0.1400403915099126,0.6170676298438253,0.00019942539037831608,0.0002018506253916863,0.03125
MILD,MILD__HOLD_R4_K175,PE 18:0_20:5,175,R4,filter_loss,0.01447201004176076,9.037107799580459e-07,0.4239120961696826,0.9850297730134422,0.320123235599173,2.0,0.0011396559714325072,0.0011919672869405984,0.02666666666666667
MILD,MILD__HOLD_R4_K175,PE 18:1_20:2,175,R4,filter_loss,0.005843664589557192,5.517848006952384e-07,0.23433578314102768,0.9251187567839819,0.20375319449318544,0.7303443264893795,0.0008310407557433619,0.00014275590517265346,0.014285714285714285
MILD,MILD__HOLD_R4_K175,PE 18:1_20:5,175,R4,filter_loss,0.004497264621232008,0.0,0.3998586987063159,0.9724669479844656,0.2358672544872255,0.6170676298438253,0.0008012039054279274,0.0008606088188597427,0.0375
MILD,MILD__HOLD_R4_K175,PE 18:1_22:2,175,R4,filter_loss,0.009447103611075114,2.58801269822268e-06,0.12985107942569446,0.9248799886279087,0.2737586242615052,0.689110922829001,0.0021254478117591624,0.002124672815584927,0.058823529411764705
MILD,MILD__HOLD_R4_K175,PE 18:1_22:3,175,R4,filter_loss,0.011977528643928663,1.7342309433404855e-19,0.10400557506001402,0.9605256779361461,0.1742934444820513,0.7802037075442214,0.0035822472545240513,0.0035823397963168357,0.058823529411764705
MILD,MILD__HOLD_R4_K175,PE 18:1_22:4,175,R4,filter_loss,0.0011995629797849161,0.0,0.11052846478170081,0.969840644646915,0.13562077871750905,0.8939526432607221,0.0002187931374144636,0.00021536997653726075,0.05333333333333334
MILD,MILD__HOLD_R4_K175,PE 18:1_22:5,175,R4,filter_loss,0.014552502028327176,0.0,0.19163429981325247,0.9256344671279978,0.2133913524062529,1.4538436095675817,0.000883079450688995,0.0008913924319237099,0.028169014084507043
MILD,MILD__HOLD_R4_K175,PE 18:1_22:6,175,R4,filter_loss,0.004178354159966112,0.0,0.3159564682544253,0.8033916799379116,0.3147345109004634,0.5340342571614348,0.004215489361945601,0.004259121098188823,0.015384615384615385
MILD,MILD__HOLD_R4_K175,PE 18:2_20:2,175,R4,filter_loss,0.01127478088608745,1.597848675057873e-07,0.18632332063996887,0.930785287256962,0.4829206823131476,2.0,0.0008037372846143587,0.0008063023806984537,0.028985507246376812
MILD,MILD__HOLD_R4_K175,PE 18:2_22:2,175,R4,filter_loss,0.012472331017692176,0.0,0.1271355008514916,0.9008257061441529,0.3075663178035413,1.8682084992203376,0.0003045712876184048,0.000304167674782585,0.05970149253731343
MILD,MILD__HOLD_R4_K175,PE 18:3_20:4,175,R4,solver_miss,0.00021870133563204821,,0.15717262060050777,0.9796724074104938,0.3020809046376558,0.5,0.006280647038709897,0.0062955661135006835,0.04054054054054054
MILD,MILD__HOLD_R4_K175,PE 20:0_20:3,175,R4,filter_loss,0.004716578940703998,2.62254205854961e-07,0.23032749244938702,0.9788474233762352,0.09767313679891157,1.0760213163243861,0.021471551927456423,0.022981147873066488,0.1206896551724138
MILD,MILD__HOLD_R4_K175,PE 20:0_20:5,175,R4,filter_loss,0.00952177904332719,2.1847870981291042e-07,0.42609430792144315,0.8451414828957593,0.30776996621138847,0.7802037075442214,0.002121680792026015,0.0022945694826855823,0.04225352112676056
MILD,MILD__HOLD_R4_K175,PE 20:1_18:2,175,R4,filter_loss,0.0046323602036289335,0.0,0.3477875659110764,0.8910754995054128,0.2892279401300275,0.5,0.0915750292343036,0.10181200158881287,0.07142857142857142
MILD,MILD__HOLD_R4_K175,PE 20:1_20:3,175,R4,filter_loss,0.011476908448961253,7.25513641731376e-08,0.15409170574418976,0.9673598800301968,0.13448997604329319,1.2101381550740857,0.000491030613383403,0.000468651826536548,0.03773584905660377
MILD,MILD__HOLD_R4_K175,PE 20:1_20:4,175,R4,filter_loss,0.004164021989486356,0.0,0.22946614386916517,0.9422890778439277,0.1647009138898418,0.5,0.0011668996450705515,0.0009797108106910368,0.0410958904109589
MILD,MILD__HOLD_R4_K175,PE 20:1_20:5,175,R4,retained_true,0.01789129051452793,2.197071456416733e-05,0.3973599004661181,0.7993795604865694,0.33650437366671354,2.0,0.002105112367196016,0.0015876158792395012,0.06944444444444445
MILD,MILD__HOLD_R4_K175,PE 20:2_20:3,175,R4,solver_miss,2.1609328722215978e-05,,0.10342592469336877,0.8809502880689941,0.37931315485534245,0.5340342571614348,0.0016177336068645687,0.0016321924775449803,0.0
MILD,MILD__HOLD_R4_K175,PE 20:3_20:3,175,R4,filter_loss,0.015884709068133187,8.22591213415883e-08,0.11972298568219342,0.9884825101246301,0.06004173901205881,1.0000000000000002,0.00048032041794177083,0.0004712716755622681,0.0
MILD,MILD__HOLD_R4_K175,PE 20:4_20:5,175,R4,retained_true,0.019392336571380526,6.297273794959212e-05,0.26664550336010406,0.7114621309435802,0.4744158758561441,2.0,0.0026647366186214327,0.0027472315274700287,0.01694915254237288
MILD,MILD__HOLD_R4_K175,PE 22:0_16:1,175,R4,filter_loss,0.015970366274184373,5.648849905733878e-06,0.4791490094759039,0.8206488603123235,0.1992356350010589,2.0,0.004476879868959838,0.005136088122938753,0.0392156862745098
MILD,MILD__HOLD_R4_K175,PE O-16:0_22:1,175,R4,filter_loss,0.004375991946196644,0.0,0.25810380084870377,0.9626827699537985,0.034183285797328655,0.5,0.001476706135746686,0.0012837561985494794,0.0
MILD,MILD__HOLD_R4_K175,PE O-16:0_22:4,175,R4,filter_loss,0.011015189244871864,2.532984910674486e-07,0.21233553953653375,0.9788297262879938,0.0525446422437508,2.0,0.0004060403474748231,0.00041840104713342097,0.0
MILD,MILD__HOLD_R4_K175,PE O-16:0_22:5,175,R4,filter_loss,0.017122134847142974,1.0968820292330688e-07,0.2748935194643735,0.9595548171321114,0.1397678816901211,2.0,0.00038394355007931313,0.0002964901617497073,0.0
MILD,MILD__HOLD_R4_K175,PE O-16:0_22:6,175,R4,filter_loss,0.007446890404201947,8.798134955297156e-07,0.48470573742722234,0.900438885889574,0.1614418659271415,0.7303443264893795,0.0022747405659097053,0.0018564212507093947,0.0
MILD,MILD__HOLD_R4_K175,PE O-16:1_22:1,175,R4,solver_miss,0.0001210604845535703,,0.3096547237703799,0.9753848425333608,0.07168868530044187,0.5,0.0023513749611915324,0.000861151070150834,0.034482758620689655
MILD,MILD__HOLD_R4_K175,PE O-16:1_22:3,175,R4,filter_loss,0.012923458623044124,0.0,0.15301712497872955,0.978974472761994,0.05109413449543146,2.0,0.0016880138933791367,0.0016878880497489535,0.1
MILD,MILD__HOLD_R4_K175,PE O-16:1_24:0,175,R4,filter_loss,0.004359806731043837,3.0899360558894324e-07,0.6719956962672089,0.7350890401757907,0.07613711984283755,0.5,0.001067432937777557,0.0006814609391118109,0.03571428571428571
MILD,MILD__HOLD_R4_K175,PE O-16:1_24:5,175,R4,filter_loss,0.0020781406140054034,0.0,0.34567378912555613,0.9348240213453116,0.021667538356373084,0.8939526432607221,0.0025190919169711945,0.0024780282091372285,0.05555555555555555
MILD,MILD__HOLD_R4_K175,PE O-16:1_24:6,175,R4,filter_loss,0.014748989888850785,1.710410756035559e-05,0.41848831684391674,0.9120817497666402,0.043713623229206855,2.0,0.0027064563948248077,0.0027649406387783015,0.05128205128205128
MILD,MILD__HOLD_R4_K175,PE O-18:0_20:1,175,R4,filter_loss,0.006199879981499238,2.668043761042746e-06,0.318148671588633,0.9846847840318518,0.10986362796133797,0.8939526432607221,0.0001630039114796089,0.00017009481650798186,0.037037037037037035
MILD,MILD__HOLD_R4_K175,PE O-18:0_20:2,175,R4,filter_loss,0.0027345943873327834,9.020996141589887e-09,0.24588669439016053,0.9868742659860326,0.06594469017151477,0.689110922829001,0.0019601050080191307,0.0005584465070473943,0.0
MILD,MILD__HOLD_R4_K175,PE O-18:0_20:5,175,R4,filter_loss,0.0073907506900442645,4.968003840852639e-07,0.6919909071159304,0.9215313010613547,0.1361896321849082,0.5,0.0038942866708165935,0.004027293005726573,0.02857142857142857
MILD,MILD__HOLD_R4_K175,PE O-18:0_22:3,175,R4,filter_loss,0.011951193254549014,0.0,0.17092763078541914,0.9848176901850096,0.13210834735563867,0.8939526432607221,0.0008456161502210513,0.0005473704997376316,0.125
MILD,MILD__HOLD_R4_K175,PE O-18:0_22:4,175,R4,filter_loss,0.008030352346059992,0.0,0.29140314574818993,0.9785214888337301,0.07223834193787476,0.5,0.00991779822923411,0.010948030972303235,0.06451612903225806
MILD,MILD__HOLD_R4_K175,PE O-18:0_22:5,175,R4,filter_loss,0.019385860281206924,9.343674925343048e-06,0.43559350264218133,0.9521162343234528,0.09057688868244451,1.8682084992203376,0.00897500524146111,0.0052266673231925465,0.03125
MILD,MILD__HOLD_R4_K175,PE O-18:0_22:6,175,R4,retained_true,0.02063156938955803,5.2157849513201574e-05,0.5753436233533816,0.900438885889574,0.17868511941106635,2.0,0.000292360631166555,0.0004274430617627889,0.02857142857142857
MILD,MILD__HOLD_R4_K175,PE O-18:1_20:2,175,R4,filter_loss,0.004895923501706246,0.0,0.23640856435982596,0.9860488591567219,0.05007971048025392,0.7303443264893795,0.0006346910313643761,0.00015812090998579276,0.0
MILD,MILD__HOLD_R4_K175,PE O-18:1_20:3,175,R4,filter_loss,0.00520607567588352,0.0,0.17248031845796863,0.9828895828332406,0.04325030597265456,0.5,0.001199120320281133,0.001173666927543504,0.09090909090909091
MILD,MILD__HOLD_R4_K175,PE O-18:1_20:5,175,R4,filter_loss,0.004544884620990831,1.440763839721827e-08,0.5577857427715306,0.9215313010613547,0.19234784377749203,0.5340342571614348,0.004494611377175217,0.0021003523208922292,0.023809523809523808
MILD,MILD__HOLD_R4_K175,PE O-18:2_20:3,175,R4,filter_loss,0.0097093450325767,0.0,0.15389249231375365,0.982213995160686,0.04157871249447814,0.7303443264893795,0.011902632343288366,0.01190551140071483,0.06060606060606061
MILD,MILD__HOLD_R4_K175,PE O-18:2_22:3,175,R4,filter_loss,0.0035321166260326815,3.0615873563814456e-07,0.11689533016188987,0.986523537683374,0.04682821117393669,1.2101381550740857,0.00025152470337641564,0.00025152508544168395,0.06451612903225806
MILD,MILD__HOLD_R4_K175,PE O-18:2_22:4,175,R4,filter_loss,0.0060645240750745255,0.0,0.14828595476682938,0.9790243416279218,0.05669129626843439,0.5,0.0006958109492893882,0.000691927852268126,0.02631578947368421
MILD,MILD__HOLD_R4_K175,PE O-18:2_22:5,175,R4,filter_loss,0.00958620408376958,0.0,0.26103860623460656,0.9522818262826038,0.09101743804944895,2.0,0.0005889830349302683,0.0005985797905463386,0.02564102564102564
MILD,MILD__HOLD_R4_K175,PE O-18:3_20:3,175,R4,filter_loss,0.025762824212393856,1.2293849005057319e-09,0.14272429629361114,0.9852235586914223,0.03704042840064109,2.0,0.0009088682263856951,0.0009038504168767947,0.0
MILD,MILD__HOLD_R4_K175,PE O-18:3_22:3,175,R4,filter_loss,0.003975024291711859,5.774833681537626e-07,0.12439321564387905,0.986523537683374,0.03933032569194751,1.4538436095675817,0.00039330638137358154,0.000393316500170271,0.0967741935483871
MILD,MILD__HOLD_R4_K175,PE O-18:3_22:5,175,R4,filter_loss,0.012037926042558102,6.385381032271803e-07,0.24245622912169137,0.9538166594574129,0.08542067730299038,2.0,0.000300097893669804,0.0002976237770843104,0.0
MILD,MILD__HOLD_R4_K175,PE O-20:0_20:2,175,R4,filter_loss,0.0032179156436317378,0.0,0.3574277360579778,0.9885666181646524,0.13364990366733687,0.5,0.0013632549085536017,0.0008270848205020886,0.14814814814814814
MILD,MILD__HOLD_R4_K175,PE O-20:0_20:4,175,R4,filter_loss,0.010683833018391424,5.433668166872642e-07,0.526269032993801,0.9845400250879618,0.03802391643362135,0.8939526432607221,0.0021938309055087313,0.00017604092447076614,0.05263157894736842
MILD,MILD__HOLD_R4_K175,PE O-20:1_18:2,175,R4,filter_loss,0.01600071092248635,4.115113698304396e-06,0.4351737905876049,0.9895861653945057,0.1319467591106363,2.0,0.00023551375914476758,0.0002665464533165851,0.030303030303030304
MILD,MILD__HOLD_R4_K175,PE O-20:1_20:1,175,R4,filter_loss,0.01844598876115599,5.6246028931947896e-08,0.300364327002164,0.9853143544809311,0.16047256463030118,2.0,0.021069383599322422,0.02380573565115074,0.0625
MILD,MILD__HOLD_R4_K175,PE O-20:1_20:2,175,R4,filter_loss,0.019260336525635514,5.522953162459857e-07,0.1653451175229508,0.9857697500316058,0.0657556111825639,2.0,0.022925236368650403,0.023326231185886726,0.03225806451612903
MILD,MILD__HOLD_R4_K175,PE O-20:1_20:3,175,R4,filter_loss,0.014382821244038562,7.825659980067179e-07,0.20156572631951045,0.9834038435158862,0.040391770192754556,1.8682084992203376,5.294427021595993e-05,2.361550169449611e-05,0.0
MILD,MILD__HOLD_R4_K175,PE O-20:2_20:3,175,R4,filter_loss,0.003058640255793722,0.0,0.1699072530804405,0.9836260273963529,0.031218531110331932,0.5,0.0001892135844027143,0.000190117413105928,0.06060606060606061
MILD,MILD__HOLD_R4_K175,PE O-20:3_20:3,175,R4,filter_loss,0.012560163546618864,2.952842489184365e-06,0.1678765453740962,0.9829060245747678,0.02838033431556483,2.0,0.0009170570347204476,0.0009176655325875416,0.11428571428571428
MILD,MILD__HOLD_R4_K175,PE O-20:3_20:4,175,R4,filter_loss,0.012427199283009626,1.2913963430093013e-07,0.2145730867610224,0.9824124426110163,0.03143893515640733,1.4538436095675817,0.0030017567410796087,0.002117635277798957,0.021739130434782608
MILD,MILD__HOLD_R4_K175,PE O-22:1_18:2,175,R4,filter_loss,0.017097702107857268,1.664869123036036e-05,0.3303710154344505,0.9888056550432852,0.337294176164278,2.0,0.001060120048168356,0.0004618266693974249,0.0
MILD,MILD__HOLD_R4_K175,PG 14:0_20:0,175,R4,filter_loss,0.0041764753312742596,0.0,0.7233219574944608,0.7740328453451822,0.0781368584247818,0.5,6.341122825315182e-05,0.0008465325861760631,0.05
MILD,MILD__HOLD_R4_K175,PG 14:0_22:0,175,R4,filter_loss,0.004040142422996506,0.0,0.39347230654553556,0.7936099239641267,0.021497958044986498,0.5,6.010538475131888e-05,0.004721999882481787,0.0125
MILD,MILD__HOLD_R4_K175,PG 14:0_22:3,175,R4,solver_miss,0.0007283400227746843,,0.08672432217020402,0.9402021823761977,0.09248053115510325,1.0000000000000002,4.3691162162073915e-05,0.0010326677530587691,0.03614457831325301
MILD,MILD__HOLD_R4_K175,PG 14:0_22:5,175,R4,filter_loss,0.004137322645220237,9.967186117866918e-07,0.3916326572569566,0.8740294125875786,0.3151168353722158,0.6170676298438253,0.015233218820401295,0.028681124293445937,0.06976744186046512
MILD,MILD__HOLD_R4_K175,PG 14:0_24:4,175,R4,filter_loss,0.009837387406275731,2.0404581650346298e-07,0.2364766144017557,0.9336814199983869,0.409000174620185,1.0000000000000002,0.0003849632011037052,0.0011070667357394592,0.04819277108433735
MILD,MILD__HOLD_R4_K175,PG 16:0_18:0,175,R4,filter_loss,0.008058800614932068,8.169158941957468e-07,0.2730282086736678,0.7320003904966144,0.5284306072455749,0.5,0.006718608831998929,0.00921187438394766,0.05154639175257732
MILD,MILD__HOLD_R4_K175,PG 16:0_20:2,175,R4,filter_loss,0.011909355936807494,0.0,0.06404391649487126,0.9219327136957365,0.1380284242110617,1.8682084992203376,0.0001325419053186394,0.0004419274324660716,0.021739130434782608
MILD,MILD__HOLD_R4_K175,PG 16:0_20:5,175,R4,filter_loss,0.01828744053590986,1.6023055175410799e-06,0.3586980333079263,0.7784577318028689,0.43367157561769326,2.0,0.0005535803503026182,0.0007745547809636655,0.03614457831325301
MILD,MILD__HOLD_R4_K175,PG 16:0_22:4,175,R4,filter_loss,0.02131328002657484,4.2708207712074545e-07,0.20371874124768685,0.9923755383909935,0.44339453837236364,1.0760213163243861,0.006204517917372199,0.004482035888584646,0.034482758620689655
MILD,MILD__HOLD_R4_K175,PG 16:0_22:6,175,R4,filter_loss,0.005707354211877332,5.5573539675392216e-08,0.42771565508602566,0.9755490303044848,0.17342901101082447,0.5,0.0035863246382661362,0.005133708069018583,0.046511627906976744
MILD,MILD__HOLD_R4_K175,PG 16:1_20:1,175,R4,filter_loss,0.012967366028672971,7.20798420670625e-07,0.09626468926765062,0.9360510343034749,0.032094009427904344,0.689110922829001,0.00014154946035849214,0.02162659342799489,0.022727272727272728
MILD,MILD__HOLD_R4_K175,PG 16:1_22:3,175,R4,filter_loss,0.020902540582800864,6.212375179161759e-07,0.23838939494724698,0.9816952449555878,0.29010776373355207,1.8682084992203376,0.0029689467587183938,0.011172064022184958,0.046511627906976744
MILD,MILD__HOLD_R4_K175,PG 16:1_22:5,175,R4,filter_loss,0.009523516119864198,2.0795810710978154e-07,0.33527002658239174,0.9821921171688058,0.16525580723594785,1.2101381550740857,0.0013743626973785616,0.0016358418510322714,0.060240963855421686
MILD,MILD__HOLD_R4_K175,PG 17:0_18:0,175,R4,retained_true,0.011097571127202185,0.00016459967271454312,0.5692674122568047,0.7118582510946688,0.2506727968425583,1.2101381550740857,0.005002985232330115,0.006596406970651447,0.08
MILD,MILD__HOLD_R4_K175,PG 17:0_18:2,175,R4,filter_loss,0.015637953319486617,7.861706969307153e-07,0.3764851143957298,0.9263229165510191,0.3987025973319038,1.8682084992203376,0.008230647100060384,0.016439132142790913,0.021505376344086023
MILD,MILD__HOLD_R4_K175,PG 17:0_20:0,175,R4,retained_true,0.020817444777443187,0.0010765693851154691,0.8310149974793403,0.9206618024583055,0.050880880759260116,2.0,0.003081353950645682,0.007454888958567052,0.08791208791208792
MILD,MILD__HOLD_R4_K175,PG 17:0_20:1,175,R4,retained_true,0.019079419204254957,0.00021995930541485596,0.7656382983426151,0.9467690930810565,0.11848369535153747,2.0,0.0003650793415157505,0.0031137288602455238,0.05319148936170213
MILD,MILD__HOLD_R4_K175,PG 17:0_20:3,175,R4,filter_loss,0.009027871723076364,3.484319650030564e-08,0.15645235358917814,0.9898819477902964,0.24553643982354834,2.0,0.0011922815237459528,0.0006965114657125904,0.061855670103092786
MILD,MILD__HOLD_R4_K175,PG 17:0_20:4,175,R4,solver_miss,0.0005394506360333957,,0.333380957182523,0.9887826418894832,0.3019228169112968,0.5,0.0009626592846555537,0.0006253799471490629,0.029411764705882353
MILD,MILD__HOLD_R4_K175,PG 17:1_20:1,175,R4,filter_loss,0.005630217551422315,8.730179338402984e-07,0.266391512522408,0.9726361074886047,0.01725447718424139,2.0,4.577721397003298e-05,0.0002219708024051581,0.034482758620689655
MILD,MILD__HOLD_R4_K175,PG 17:1_20:4,175,R4,filter_loss,0.004488105673900175,0.0,0.4831275545644737,0.9853779862370524,0.22593740389897193,0.7303443264893795,0.0021811563309734883,0.003555580182944329,0.02127659574468085
MILD,MILD__HOLD_R4_K175,PG 18:0_18:0,175,R4,filter_loss,0.008545136854696591,2.487071292570123e-06,0.27746580180873914,0.8568501347183278,0.3515672967583239,2.0,0.0003581991358001524,0.00010951787532964552,0.03389830508474576
MILD,MILD__HOLD_R4_K175,PG 18:0_18:1,175,R4,filter_loss,0.009161184073106744,0.0,0.22385302590484416,0.857321011866293,0.5499702514118422,1.2101381550740857,0.009484848876495366,0.014209638457357121,0.06329113924050633
MILD,MILD__HOLD_R4_K175,PG 18:0_20:5,175,R4,filter_loss,0.00153989220847008,8.93404657812813e-08,0.3912132251385195,0.9850297730134422,0.3528221066303361,0.5,0.0008703065793419507,0.00036847638994674803,0.020833333333333332
MILD,MILD__HOLD_R4_K175,PG 18:1_18:1,175,R4,filter_loss,0.013491621263695077,0.0,0.20074680321951024,0.9552207873236039,0.5335974465364102,2.0,0.001967807797006671,0.0008816908419428948,0.034482758620689655
MILD,MILD__HOLD_R4_K175,PG 18:1_18:2,175,R4,filter_loss,0.011685799444499005,4.366598762635817e-07,0.18514361914509317,0.8693484458976806,0.5954341339760317,1.4538436095675817,0.0025587379885222417,0.0008958728503084545,0.05970149253731343
MILD,MILD__HOLD_R4_K175,PG 18:1_20:5,175,R4,filter_loss,0.006889232316928141,2.2460054412670814e-07,0.43403628582268905,0.9724669479844656,0.20168966737085237,0.5,0.004315376155732187,0.0033317377345079002,0.010416666666666666
MILD,MILD__HOLD_R4_K175,PG 18:2_20:2,175,R4,filter_loss,0.01733576748628832,0.0,0.26810270421335247,0.9325718345250835,0.2603944544674466,2.0,7.151403581784344e-05,0.0005881280192069349,0.0898876404494382
MILD,MILD__HOLD_R4_K175,PG 18:2_20:5,175,R4,filter_loss,0.011652906937840128,1.4359917131344987e-06,0.45600375389372205,0.9631467226016989,0.13540569175942307,1.0760213163243861,0.003755522198340744,0.003347427340093412,0.033707865168539325
MILD,MILD__HOLD_R4_K175,PG 20:0_16:1,175,R4,filter_loss,0.003989676258174673,6.708200620986438e-08,0.27509463736924117,0.8206488603123235,0.4400895324696777,0.5,0.0035883190031053003,0.002125072738387912,0.04597701149425287
MILD,MILD__HOLD_R4_K175,PG 20:1_18:3,175,R4,filter_loss,0.008128734982188215,2.5698482613720705e-07,0.23811465068961957,0.9659907277452849,0.39065317821122125,1.0760213163243861,0.003301798627939889,0.0014211657860777605,0.013333333333333334
MILD,MILD__HOLD_R4_K175,PS 14:0_20:0,175,R4,retained_true,0.02249971284079659,4.512122819736196e-05,0.6390062445975,0.6039215648852556,0.16709168430356958,2.0,0.0027541471004010054,0.0027427701343425426,0.013888888888888888
MILD,MILD__HOLD_R4_K175,PS 14:0_22:0,175,R4,retained_true,0.019547804083454537,0.000431865881545631,0.755911282254363,0.4966771953016806,0.15131295823331015,2.0,0.014301426338439227,0.022659755577108642,0.07142857142857142
MILD,MILD__HOLD_R4_K175,PS 14:0_22:2,175,R4,filter_loss,0.003618500478604729,6.250479554960951e-07,0.4826107446087538,0.6351598729298585,0.056673251273551106,0.5,0.002331991978609671,0.013828208191141056,0.07142857142857142
MILD,MILD__HOLD_R4_K175,PS 14:0_22:4,175,R4,retained_true,0.02249862295376482,3.586581142333718e-05,0.3282929959935041,0.543623575220217,0.10688133467946276,2.0,0.005255813177672319,0.004191883189783474,0.05333333333333334
MILD,MILD__HOLD_R4_K175,PS 16:0_20:3,175,R4,filter_loss,0.003868275171726783,0.0,0.31718607034211305,0.6379581944357362,0.2271159539431486,0.5,0.024743180600422243,0.0532754581349153,0.02631578947368421
MILD,MILD__HOLD_R4_K175,PS 16:0_20:5,175,R4,filter_loss,0.0039285811307189136,9.263806764389277e-07,0.4925110672748304,0.5885323920958705,0.2627774230424914,0.5340342571614348,0.0034720204595677373,0.005312662972331572,0.02857142857142857
MILD,MILD__HOLD_R4_K175,PS 16:1_20:1,175,R4,retained_true,0.02024203830291088,5.021267645737173e-05,0.4129541991564398,0.5415506422933887,0.12632979672586508,2.0,0.005809768621976241,0.013510185735995384,0.05405405405405406
MILD,MILD__HOLD_R4_K175,PS 16:1_20:3,175,R4,filter_loss,0.008752668374275347,1.484935168880484e-06,0.34984059386853866,0.5074650921831881,0.12705139171053204,1.2101381550740857,0.007313982585612444,0.02550036110593812,0.04225352112676056
MILD,MILD__HOLD_R4_K175,PS 16:1_20:4,175,R4,retained_true,0.02102440882488086,0.00014818483497417806,0.6316414058973379,0.55604981646135,0.12364708441998395,2.0,0.0006250680690788046,0.0006367104023839998,0.05128205128205128
MILD,MILD__HOLD_R4_K175,PS 17:0_18:1,175,R4,retained_true,0.004891618165744745,1.9763525548762905e-05,0.6537549379034493,0.5358578664393875,0.1898482402281083,0.5,0.00248721638376892,0.002491653810229977,0.0410958904109589
MILD,MILD__HOLD_R4_K175,PS 18:0_16:1,175,R4,filter_loss,0.004999767180209466,3.2954776762907237e-06,0.4974005788167513,0.5669019742880855,0.3372870145815912,0.689110922829001,0.007780393272455055,0.007796839687494228,0.014492753623188406
MILD,MILD__HOLD_R4_K175,PS 18:0_17:1,175,R4,filter_loss,0.005864896757044129,1.3504227361280976e-05,0.5700329198506149,0.552158066910196,0.2648511266188399,0.5,0.10610618543008443,0.10639827148241643,0.014925373134328358
MILD,MILD__HOLD_R4_K175,PS 18:0_18:0,175,R4,filter_loss,0.016536006742017686,2.4528009604985934e-06,0.4331045541325963,0.7822407069839156,0.19197976773862468,2.0,0.004926182990125705,0.004921859357551961,0.03773584905660377
MILD,MILD__HOLD_R4_K175,PS 18:0_18:3,175,R4,retained_true,0.018221622428013017,4.738513214392886e-05,0.5738266720137706,0.6379581944357362,0.264601068755451,2.0,0.001516310654012143,0.0014631946069058044,0.06666666666666667
MILD,MILD__HOLD_R4_K175,PS 18:1_18:3,175,R4,filter_loss,0.006380420307702162,9.277396108969514e-06,0.6381277857367744,0.5253007492314473,0.23640738012806917,0.5340342571614348,0.002803569105580772,0.0028337271763367866,0.046875
MILD,MILD__HOLD_R4_K175,PS 20:0_16:1,175,R4,filter_loss,0.005046765982122444,6.456691680002972e-07,0.49681824282241865,0.5478869149773706,0.34409744001467496,0.6170676298438253,0.059660803180161204,0.06023360124150534,0.06578947368421052
MILD,MILD__HOLD_R5_K050,PA 18:0_22:2,50,R5,filter_loss,0.01658183891799167,0.0,0.27393752390511106,0.8394493239810369,0.36260158405766385,0.6170676298438253,0.0031467721020281836,0.001963496628401451,0.05333333333333334
MILD,MILD__HOLD_R5_K050,PA 18:0_22:4,50,R5,retained_true,0.008424245336234093,2.238404858112137e-05,0.18925162859522815,0.8691673191165914,0.31323723028330897,0.5,0.0052424423533639075,0.005220284092495531,0.04878048780487805
MILD,MILD__HOLD_R5_K050,PA 18:0_24:1,50,R5,retained_true,0.013733413136593499,2.066023641951875e-05,0.3334734584306543,0.8793255202210899,0.22349976674487387,0.689110922829001,0.0006864036053716438,0.000725562654723011,0.05970149253731343
MILD,MILD__HOLD_R5_K050,PA 18:1_22:1,50,R5,retained_true,0.029095714757337066,9.68874231527637e-05,0.46175873097333114,0.9022714644699661,0.2905844069806663,0.7303443264893795,0.00041288798704874896,0.0012335033041256382,0.05405405405405406
MILD,MILD__HOLD_R5_K050,PA 20:0_20:4,50,R5,filter_loss,0.004380611732899925,2.672196024981383e-06,0.1645114953783594,0.8957566529041909,0.3424625013635971,0.7303443264893795,0.0275152521851324,0.02927579501551658,0.0449438202247191
MILD,MILD__HOLD_R5_K050,PA 20:1_20:1,50,R5,filter_loss,0.009517234159395151,3.215347290573008e-06,0.4231895167566119,0.9753576763078726,0.3291536211973855,0.5,0.0010118669186879314,0.002037990335239992,0.06818181818181818
MILD,MILD__HOLD_R5_K050,PA 20:1_22:1,50,R5,retained_true,0.025763413841137204,0.00013128731637315064,0.48292710886676304,0.8982874947005188,0.22073574264275386,0.7802037075442214,0.018562907982432097,0.02491796284808878,0.07894736842105263
MILD,MILD__HOLD_R5_K050,PA 22:1_18:2,50,R5,retained_true,0.045716258101135235,0.0003228751358457702,0.3672416022212644,0.8804726866933393,0.42728280324989093,2.0,0.006605096516895115,0.006326827710238514,0.02702702702702703
MILD,MILD__HOLD_R5_K050,PA 22:1_20:2,50,R5,retained_true,0.0390912920534108,0.00034138032033360455,0.43337633237958284,0.8789327040599717,0.27097424872123554,2.0,0.0080624691981116,0.011981980213494614,0.04
MILD,MILD__HOLD_R5_K050,PA 22:1_20:3,50,R5,retained_true,0.01559879437568958,9.493580138172702e-05,0.47201880717776407,0.8266719825061805,0.24944586960093668,0.5340342571614348,0.010869264824328262,0.012492854571788947,0.05194805194805195
MILD,MILD__HOLD_R5_K050,PA 22:6_22:6,50,R5,retained_true,0.053411267271385496,0.002521528397733398,0.5618631902016936,0.691000163096786,0.18635717808006635,2.0,0.00917253164779075,0.009477089595620991,0.0625
MILD,MILD__HOLD_R5_K050,PC 14:0_20:4,50,R5,retained_true,0.021183556414042806,0.0007240128828360997,0.6036768381098416,0.7745273553735048,0.030942368542241527,0.7802037075442214,0.0018490512821154326,0.0018224172135786754,0.012048192771084338
MILD,MILD__HOLD_R5_K050,PC 16:1_18:1,50,R5,retained_true,0.04816005939819665,4.679169982222234e-05,0.3710824945274597,0.6900215947371616,0.3528311199198995,2.0,0.005740128810954093,0.005740337720885114,0.06521739130434782
MILD,MILD__HOLD_R5_K050,PC 20:0_14:1,50,R5,filter_loss,0.017619413276670062,1.1803156503154893e-05,0.593367589246976,0.47707361889437966,0.2851238976272237,0.6170676298438253,0.002188794125086768,0.0021900445777822686,0.05333333333333334
MILD,MILD__HOLD_R5_K050,PE 16:0_22:1,50,R5,retained_true,0.04031375551403025,3.013435478681959e-05,0.20454583643989277,0.8508967724619106,0.32715941021570594,1.4538436095675817,0.0026095936024855826,0.0026208471119697485,0.09259259259259259
MILD,MILD__HOLD_R5_K050,PE 16:0_22:2,50,R5,retained_true,0.013634476778635446,4.2483496509049694e-05,0.1886425381510025,0.8572487991575071,0.3301179135196991,2.0,0.0008072029675337822,0.0008077406273154786,0.017543859649122806
MILD,MILD__HOLD_R5_K050,PE 16:0_24:5,50,R5,filter_loss,0.03221036572629702,1.6004753996469147e-05,0.21271686018449112,0.9348240213453116,0.1546244672974381,0.5,0.001921353681188731,0.001875379517050746,0.06896551724137931
MILD,MILD__HOLD_R5_K050,PE 16:1_22:1,50,R5,retained_true,0.03173153404570547,2.553358617619007e-05,0.29634414058106057,0.6962164662208943,0.4407404219699385,1.0000000000000002,0.00808124486543349,0.008570132244739348,0.05660377358490566
MILD,MILD__HOLD_R5_K050,PE 16:1_22:4,50,R5,solver_miss,8.432105657819739e-05,,0.11707440620301834,0.9872300880237134,0.16084900498979865,0.5,0.0007842304184302318,0.0007842322844462402,0.031746031746031744
MILD,MILD__HOLD_R5_K050,PE 17:0_20:0,50,R5,filter_loss,0.013611122668156178,7.4705640625424776e-06,0.2698075638945543,0.9206618024583055,0.26327938903853587,0.5,0.001887741959508804,0.0017402936546969672,0.07936507936507936
MILD,MILD__HOLD_R5_K050,PE 17:0_22:6,50,R5,retained_true,0.03577106973012739,0.00037159554584626793,0.31244709118745745,0.8271838267520604,0.30433218821543645,2.0,0.017611707508774055,0.01838682715755835,0.12121212121212122
MILD,MILD__HOLD_R5_K050,PE 18:3_20:4,50,R5,filter_loss,0.011916269516152109,1.0555882300220085e-05,0.15717262060050777,0.9796724074104938,0.3020809046376558,0.5,0.006280647038709897,0.0062955661135006835,0.04054054054054054
MILD,MILD__HOLD_R5_K050,PE 20:1_20:3,50,R5,retained_true,0.025399129699139246,2.2952175841214714e-05,0.15409170574418976,0.9673598800301968,0.13448997604329319,1.2101381550740857,0.000491030613383403,0.000468651826536548,0.03773584905660377
MILD,MILD__HOLD_R5_K050,PE 20:3_20:3,50,R5,filter_loss,0.027779055115080154,1.6794154493206977e-05,0.11972298568219342,0.9884825101246301,0.06004173901205881,1.0000000000000002,0.00048032041794177083,0.0004712716755622681,0.0
MILD,MILD__HOLD_R5_K050,PE 22:0_16:1,50,R5,retained_true,0.048292696456314566,0.0004442074255669236,0.4791490094759039,0.8206488603123235,0.1992356350010589,2.0,0.004476879868959838,0.005136088122938753,0.0392156862745098
MILD,MILD__HOLD_R5_K050,PE O-16:0_22:4,50,R5,filter_loss,0.027691646342511082,1.5050116511397017e-05,0.21233553953653375,0.9788297262879938,0.0525446422437508,2.0,0.0004060403474748231,0.00041840104713342097,0.0
MILD,MILD__HOLD_R5_K050,PE O-16:0_22:5,50,R5,retained_true,0.049886849836407,0.00026224697408121727,0.2748935194643735,0.9595548171321114,0.1397678816901211,2.0,0.00038394355007931313,0.0002964901617497073,0.0
MILD,MILD__HOLD_R5_K050,PE O-16:1_24:0,50,R5,retained_true,0.013854205864109697,0.00012368707325920733,0.6719956962672089,0.7350890401757907,0.07613711984283755,0.5,0.001067432937777557,0.0006814609391118109,0.03571428571428571
MILD,MILD__HOLD_R5_K050,PE O-16:1_24:5,50,R5,filter_loss,0.016123359991141444,1.1875413336179747e-05,0.34567378912555613,0.9348240213453116,0.021667538356373084,0.8939526432607221,0.0025190919169711945,0.0024780282091372285,0.05555555555555555
MILD,MILD__HOLD_R5_K050,PE O-18:0_20:2,50,R5,filter_loss,0.009247359988718212,9.716098655631e-06,0.24588669439016053,0.9868742659860326,0.06594469017151477,0.689110922829001,0.0019601050080191307,0.0005584465070473943,0.0
MILD,MILD__HOLD_R5_K050,PE O-18:0_22:3,50,R5,filter_loss,0.011063054877857456,5.5813916704917925e-06,0.17092763078541914,0.9848176901850096,0.13210834735563867,0.8939526432607221,0.0008456161502210513,0.0005473704997376316,0.125
MILD,MILD__HOLD_R5_K050,PE O-18:1_20:3,50,R5,filter_loss,0.005892917650568745,0.0,0.17248031845796863,0.9828895828332406,0.04325030597265456,0.5,0.001199120320281133,0.001173666927543504,0.09090909090909091
MILD,MILD__HOLD_R5_K050,PE O-18:3_20:3,50,R5,filter_loss,0.03473255372618047,1.4117820902035826e-05,0.14272429629361114,0.9852235586914223,0.03704042840064109,2.0,0.0009088682263856951,0.0009038504168767947,0.0
MILD,MILD__HOLD_R5_K050,PE O-18:3_22:5,50,R5,retained_true,0.040212635316819643,7.859639478703335e-05,0.24245622912169137,0.9538166594574129,0.08542067730299038,2.0,0.000300097893669804,0.0002976237770843104,0.0
MILD,MILD__HOLD_R5_K050,PE O-20:1_18:2,50,R5,retained_true,0.04882758003731329,0.00013760418409530044,0.4351737905876049,0.9895861653945057,0.1319467591106363,2.0,0.00023551375914476758,0.0002665464533165851,0.030303030303030304
MILD,MILD__HOLD_R5_K050,PE O-20:3_20:4,50,R5,filter_loss,0.01683144168093352,5.9050810428900225e-06,0.2145730867610224,0.9824124426110163,0.03143893515640733,1.4538436095675817,0.0030017567410796087,0.002117635277798957,0.021739130434782608
MILD,MILD__HOLD_R5_K050,PE O-22:1_18:2,50,R5,retained_true,0.05361572078841039,0.00039227037701980135,0.3303710154344505,0.9888056550432852,0.337294176164278,2.0,0.001060120048168356,0.0004618266693974249,0.0
MILD,MILD__HOLD_R5_K050,PG 14:0_20:0,50,R5,filter_loss,0.011704256531858774,1.4505761714927479e-05,0.7233219574944608,0.7740328453451822,0.0781368584247818,0.5,6.341122825315182e-05,0.0008465325861760631,0.05
MILD,MILD__HOLD_R5_K050,PG 14:0_22:0,50,R5,filter_loss,0.010450060004778744,0.0,0.39347230654553556,0.7936099239641267,0.021497958044986498,0.5,6.010538475131888e-05,0.004721999882481787,0.0125
MILD,MILD__HOLD_R5_K050,PG 16:0_22:4,50,R5,filter_loss,0.04565122196111985,2.8191346036775722e-06,0.20371874124768685,0.9923755383909935,0.44339453837236364,1.0760213163243861,0.006204517917372199,0.004482035888584646,0.034482758620689655
MILD,MILD__HOLD_R5_K050,PG 16:1_22:3,50,R5,filter_loss,0.04399780208649131,1.1232774233705964e-05,0.23838939494724698,0.9816952449555878,0.29010776373355207,1.8682084992203376,0.0029689467587183938,0.011172064022184958,0.046511627906976744
MILD,MILD__HOLD_R5_K050,PG 17:0_18:2,50,R5,retained_true,0.05026678144704761,0.0002633850359982031,0.3764851143957298,0.9263229165510191,0.3987025973319038,1.8682084992203376,0.008230647100060384,0.016439132142790913,0.021505376344086023
MILD,MILD__HOLD_R5_K050,PG 18:0_18:1,50,R5,filter_loss,0.013782245959046174,5.67234004229235e-07,0.22385302590484416,0.857321011866293,0.5499702514118422,1.2101381550740857,0.009484848876495366,0.014209638457357121,0.06329113924050633
MILD,MILD__HOLD_R5_K050,PG 18:2_20:2,50,R5,filter_loss,0.04777927370441245,1.3393340836382787e-05,0.26810270421335247,0.9325718345250835,0.2603944544674466,2.0,7.151403581784344e-05,0.0005881280192069349,0.0898876404494382
MILD,MILD__HOLD_R5_K050,PG 20:1_18:3,50,R5,retained_true,0.027354856840300586,3.3868289421091465e-05,0.23811465068961957,0.9659907277452849,0.39065317821122125,1.0760213163243861,0.003301798627939889,0.0014211657860777605,0.013333333333333334
MILD,MILD__HOLD_R5_K050,PS 16:0_20:3,50,R5,filter_loss,0.009281122194303493,1.4154987838195531e-05,0.31718607034211305,0.6379581944357362,0.2271159539431486,0.5,0.024743180600422243,0.0532754581349153,0.02631578947368421
MILD,MILD__HOLD_R5_K050,PS 16:1_20:4,50,R5,retained_true,0.060442324740050665,0.004864130802852157,0.6316414058973379,0.55604981646135,0.12364708441998395,2.0,0.0006250680690788046,0.0006367104023839998,0.05128205128205128
MILD,MILD__HOLD_R5_K050,PS 17:0_18:1,50,R5,retained_true,0.01694901478306437,0.00022391119143124507,0.6537549379034493,0.5358578664393875,0.1898482402281083,0.5,0.00248721638376892,0.002491653810229977,0.0410958904109589
MILD,MILD__HOLD_R5_K050,PS 18:0_18:3,50,R5,retained_true,0.05284613899400494,0.003146555985772775,0.5738266720137706,0.6379581944357362,0.264601068755451,2.0,0.001516310654012143,0.0014631946069058044,0.06666666666666667
MILD,MILD__HOLD_R5_K050,PS 18:1_18:3,50,R5,retained_true,0.015252591433814869,0.0001848333149473989,0.6381277857367744,0.5253007492314473,0.23640738012806917,0.5340342571614348,0.002803569105580772,0.0028337271763367866,0.046875
MILD,MILD__HOLD_R5_K125,PA 16:0_24:1,125,R5,filter_loss,0.02241809798288718,1.7005824405044143e-05,0.5504804076642431,0.883487638633687,0.19595790828137805,2.0,0.0018129815710938857,0.0005478222759552898,0.017857142857142856
MILD,MILD__HOLD_R5_K125,PA 18:0_22:0,125,R5,filter_loss,0.01790439423203257,2.1726848888982493e-07,0.3381799302246325,0.7789494468002593,0.44534403487199864,1.4538436095675817,0.0011921075225009847,0.0013569185606716605,0.05405405405405406
MILD,MILD__HOLD_R5_K125,PA 18:0_22:2,125,R5,solver_miss,0.00010501371424488855,,0.27393752390511106,0.8394493239810369,0.36260158405766385,0.6170676298438253,0.0031467721020281836,0.001963496628401451,0.05333333333333334
MILD,MILD__HOLD_R5_K125,PA 18:0_22:4,125,R5,filter_loss,0.015558615801320178,7.541255415864368e-08,0.18925162859522815,0.8691673191165914,0.31323723028330897,0.5,0.0052424423533639075,0.005220284092495531,0.04878048780487805
MILD,MILD__HOLD_R5_K125,PA 18:0_24:1,125,R5,filter_loss,0.012575043607909812,0.0,0.3334734584306543,0.8793255202210899,0.22349976674487387,0.689110922829001,0.0006864036053716438,0.000725562654723011,0.05970149253731343
MILD,MILD__HOLD_R5_K125,PA 18:0_24:5,125,R5,filter_loss,0.005031864465810764,3.565758476677074e-07,0.1609179673339711,0.923167578011941,0.23175005437601462,0.5,0.0008635904598484068,0.0008511644063095014,0.025
MILD,MILD__HOLD_R5_K125,PA 18:1_22:1,125,R5,filter_loss,0.016706869006878646,6.07769344935858e-07,0.46175873097333114,0.9022714644699661,0.2905844069806663,0.7303443264893795,0.00041288798704874896,0.0012335033041256382,0.05405405405405406
MILD,MILD__HOLD_R5_K125,PA 18:1_22:3,125,R5,retained_true,0.01778126183585823,2.1790047009914644e-05,0.26035456632127724,0.8639124793194024,0.33467634555443054,2.0,0.0026888722371033458,0.002139123678131294,0.03896103896103896
MILD,MILD__HOLD_R5_K125,PA 18:1_22:4,125,R5,filter_loss,0.022095365011182554,2.430897302130354e-06,0.23118051955905902,0.7349039762795926,0.45741325188581883,2.0,0.004805814183295842,0.004868951904925756,0.024096385542168676
MILD,MILD__HOLD_R5_K125,PA 18:1_24:4,125,R5,filter_loss,0.005010831997198665,1.0860624790593924e-08,0.2590661626283403,0.770029563231097,0.383684973635327,0.5,0.0010838412905258554,0.0010729791287783508,0.058823529411764705
MILD,MILD__HOLD_R5_K125,PA 20:0_20:3,125,R5,filter_loss,0.013888921969594412,0.0,0.28594755195446475,0.8048190171061798,0.4076195370011738,1.4538436095675817,0.008036960110991642,0.00976471434619064,0.07317073170731707
MILD,MILD__HOLD_R5_K125,PA 20:0_20:4,125,R5,filter_loss,0.004485628737949376,6.368042636367201e-07,0.1645114953783594,0.8957566529041909,0.3424625013635971,0.7303443264893795,0.0275152521851324,0.02927579501551658,0.0449438202247191
MILD,MILD__HOLD_R5_K125,PA 20:0_22:1,125,R5,filter_loss,0.008310600051033108,1.852862310039907e-19,0.3017443733307278,0.7600275012777736,0.3861256918000734,0.689110922829001,0.003709424811556894,0.003737143717409519,0.025974025974025976
MILD,MILD__HOLD_R5_K125,PA 20:0_22:4,125,R5,filter_loss,0.0028637077870354855,1.1344606296318314e-07,0.241048023112079,0.8303328039494347,0.3429309669132585,0.5,0.060892874707397016,0.06298741883866765,0.046511627906976744
MILD,MILD__HOLD_R5_K125,PA 20:1_20:1,125,R5,filter_loss,0.005365114079894913,1.2879314890175005e-06,0.4231895167566119,0.9753576763078726,0.3291536211973855,0.5,0.0010118669186879314,0.002037990335239992,0.06818181818181818
MILD,MILD__HOLD_R5_K125,PA 20:1_22:1,125,R5,filter_loss,0.011901844233278459,1.1881346868990525e-05,0.48292710886676304,0.8982874947005188,0.22073574264275386,0.7802037075442214,0.018562907982432097,0.02491796284808878,0.07894736842105263
MILD,MILD__HOLD_R5_K125,PA 20:1_22:3,125,R5,filter_loss,0.019971296088641698,1.6420453214419463e-07,0.33476954438953394,0.8781031661032047,0.24658711409645712,1.8682084992203376,0.018403108017956193,0.021063832308081065,0.06329113924050633
MILD,MILD__HOLD_R5_K125,PA 20:1_22:6,125,R5,filter_loss,0.007874349450986995,4.870452250174226e-07,0.23670331410171605,0.9753576763078726,0.2468565478982028,1.0760213163243861,0.0025643340536040116,0.0025700567332332946,0.06172839506172839
MILD,MILD__HOLD_R5_K125,PA 20:4_22:4,125,R5,filter_loss,0.005990707647845412,1.3897011848910544e-05,0.48634054946811606,0.6664725514235691,0.28586225820427874,0.5,0.014403718647744035,0.015260405212573436,0.03225806451612903
MILD,MILD__HOLD_R5_K125,PA 22:0_20:1,125,R5,retained_true,0.01241784224419564,2.2685470734381725e-05,0.4020166500263304,0.8495611434984474,0.2527636987135384,1.0760213163243861,0.01593733933205499,0.018926282928069638,0.04
MILD,MILD__HOLD_R5_K125,PA 22:0_20:4,125,R5,retained_true,0.020782338455969666,1.9183423120155408e-05,0.4550397992700734,0.7513055221510871,0.3384293666283728,2.0,0.0023387656878122165,0.0024800429863981455,0.04819277108433735
MILD,MILD__HOLD_R5_K125,PA 22:1_18:2,125,R5,retained_true,0.023251300538543827,3.0335107204665575e-05,0.3672416022212644,0.8804726866933393,0.42728280324989093,2.0,0.006605096516895115,0.006326827710238514,0.02702702702702703
MILD,MILD__HOLD_R5_K125,PA 22:1_20:2,125,R5,filter_loss,0.01324407384738652,1.6356708524726395e-05,0.43337633237958284,0.8789327040599717,0.27097424872123554,2.0,0.0080624691981116,0.011981980213494614,0.04
MILD,MILD__HOLD_R5_K125,PA 22:1_20:3,125,R5,retained_true,0.01225471578126706,5.8236737958968336e-05,0.47201880717776407,0.8266719825061805,0.24944586960093668,0.5340342571614348,0.010869264824328262,0.012492854571788947,0.05194805194805195
MILD,MILD__HOLD_R5_K125,PA 22:1_20:5,125,R5,filter_loss,0.006096576001843321,1.971797967723318e-06,0.35373566324826666,0.8941830868357824,0.2306843778836697,0.5,0.0036393607382263493,0.003952696241691589,0.025
MILD,MILD__HOLD_R5_K125,PA 22:5_22:5,125,R5,filter_loss,0.0030620218030545905,6.568839210597549e-07,0.37471749963267753,0.9264320052062154,0.08562930665407442,0.8939526432607221,0.05654517952012661,0.05902033614793045,0.10869565217391304
MILD,MILD__HOLD_R5_K125,PA 22:6_22:6,125,R5,retained_true,0.02235036915230899,0.00015763436421836806,0.5618631902016936,0.691000163096786,0.18635717808006635,2.0,0.00917253164779075,0.009477089595620991,0.0625
MILD,MILD__HOLD_R5_K125,PA 24:1_18:2,125,R5,retained_true,0.01764451362209985,2.5602343470934636e-05,0.416531063009088,0.7481851339902038,0.35294871355264307,1.0000000000000002,0.0021331576615825076,0.0017595765424679444,0.045454545454545456
MILD,MILD__HOLD_R5_K125,PC 14:0_20:4,125,R5,retained_true,0.00906134974201177,0.00013724977563854963,0.6036768381098416,0.7745273553735048,0.030942368542241527,0.7802037075442214,0.0018490512821154326,0.0018224172135786754,0.012048192771084338
MILD,MILD__HOLD_R5_K125,PC 14:1_20:1,125,R5,retained_true,0.0189746670835637,6.352070143448714e-05,0.4158486366407816,0.6900215947371616,0.30806497780657766,2.0,0.0002922287015207914,0.00029117252372179436,0.012987012987012988
MILD,MILD__HOLD_R5_K125,PC 16:0_18:0,125,R5,filter_loss,0.009292002175819106,4.4529285544910184e-06,0.49212912704514206,0.6471130837014081,0.2680149501547328,0.7802037075442214,0.004063515546806951,0.004072487376110989,0.07058823529411765
MILD,MILD__HOLD_R5_K125,PC 16:0_18:1,125,R5,filter_loss,0.002594459924217901,9.462868787358667e-07,0.3986166534022413,0.6482926248318512,0.4109027795617344,0.5340342571614348,0.002719818573634347,0.002719800540087247,0.11594202898550725
MILD,MILD__HOLD_R5_K125,PC 16:1_18:1,125,R5,filter_loss,0.015827384352794707,3.705724620079814e-19,0.3710824945274597,0.6900215947371616,0.3528311199198995,2.0,0.005740128810954093,0.005740337720885114,0.06521739130434782
MILD,MILD__HOLD_R5_K125,PC 16:1_18:2,125,R5,retained_true,0.029437176648480123,6.904937453020687e-05,0.6451321224456396,0.494520891089959,0.2246564065829395,2.0,0.07762520620459001,0.07763217030105019,0.06666666666666667
MILD,MILD__HOLD_R5_K125,PC 20:0_14:1,125,R5,filter_loss,0.011403948783522183,1.1239608112425108e-06,0.593367589246976,0.47707361889437966,0.2851238976272237,0.6170676298438253,0.002188794125086768,0.0021900445777822686,0.05333333333333334
MILD,MILD__HOLD_R5_K125,PE 16:0_22:1,125,R5,filter_loss,0.015902139588933127,2.068339948219931e-06,0.20454583643989277,0.8508967724619106,0.32715941021570594,1.4538436095675817,0.0026095936024855826,0.0026208471119697485,0.09259259259259259
MILD,MILD__HOLD_R5_K125,PE 16:0_22:2,125,R5,filter_loss,0.0010984055328183675,0.0,0.1886425381510025,0.8572487991575071,0.3301179135196991,2.0,0.0008072029675337822,0.0008077406273154786,0.017543859649122806
MILD,MILD__HOLD_R5_K125,PE 16:0_24:5,125,R5,filter_loss,0.008882165244993174,4.073855673725734e-06,0.21271686018449112,0.9348240213453116,0.1546244672974381,0.5,0.001921353681188731,0.001875379517050746,0.06896551724137931
MILD,MILD__HOLD_R5_K125,PE 16:0_24:6,125,R5,filter_loss,0.024759407600178793,1.4801360714350922e-05,0.354462542162506,0.9120817497666402,0.1077393979106176,2.0,0.012594339890680706,0.012384383975249547,0.04838709677419355
MILD,MILD__HOLD_R5_K125,PE 16:1_22:1,125,R5,filter_loss,0.010954603055656906,1.335684554440626e-06,0.29634414058106057,0.6962164662208943,0.4407404219699385,1.0000000000000002,0.00808124486543349,0.008570132244739348,0.05660377358490566
MILD,MILD__HOLD_R5_K125,PE 16:1_22:4,125,R5,filter_loss,0.0013209454980740042,0.0,0.11707440620301834,0.9872300880237134,0.16084900498979865,0.5,0.0007842304184302318,0.0007842322844462402,0.031746031746031744
MILD,MILD__HOLD_R5_K125,PE 17:0_20:0,125,R5,solver_miss,0.0007495781453995126,,0.2698075638945543,0.9206618024583055,0.26327938903853587,0.5,0.001887741959508804,0.0017402936546969672,0.07936507936507936
MILD,MILD__HOLD_R5_K125,PE 17:0_22:4,125,R5,filter_loss,0.01347224469263263,2.6795918163323466e-06,0.16492324087593133,0.9518068384474951,0.1688292372948361,1.0000000000000002,0.003262250096318753,0.003098515234440602,0.04411764705882353
MILD,MILD__HOLD_R5_K125,PE 17:0_22:5,125,R5,retained_true,0.025493435948838787,3.735683485830823e-05,0.20553202250395822,0.9211023236447361,0.22285151703158326,2.0,0.0012394890093427868,0.0012522411101744124,0.030303030303030304
MILD,MILD__HOLD_R5_K125,PE 17:0_22:6,125,R5,retained_true,0.02017787901891555,4.425697365427895e-05,0.31244709118745745,0.8271838267520604,0.30433218821543645,2.0,0.017611707508774055,0.01838682715755835,0.12121212121212122
MILD,MILD__HOLD_R5_K125,PE 17:1_20:1,125,R5,filter_loss,0.009222054179983267,5.667624344398474e-06,0.2809048613188857,0.9726361074886047,0.3272746898881621,0.7802037075442214,0.0022883291685498186,0.0024144226540380176,0.08196721311475409
MILD,MILD__HOLD_R5_K125,PE 17:1_20:3,125,R5,filter_loss,0.009227011785807775,1.6783815555772538e-06,0.17058675100295786,0.9942019114139844,0.23344250644858108,0.5,0.0217430849925212,0.02209873193679912,0.1
MILD,MILD__HOLD_R5_K125,PE 17:1_22:5,125,R5,filter_loss,0.004431115026824704,4.6988329361892905e-06,0.1734421065443991,0.9209267513286628,0.23190880091119995,0.5,0.0016810239978535257,0.0016830515975861937,0.06349206349206349
MILD,MILD__HOLD_R5_K125,PE 17:1_22:6,125,R5,filter_loss,0.010368535873580349,6.98280097540098e-06,0.2805102678681988,0.8065738667783828,0.34444630313629093,1.2101381550740857,0.0021298269298372086,0.002090265847873085,0.1111111111111111
MILD,MILD__HOLD_R5_K125,PE 18:0_20:3,125,R5,filter_loss,0.006280990693393411,1.1670529498673931e-07,0.19168425851262216,0.9604368385083139,0.1400403915099126,0.6170676298438253,0.00019942539037831608,0.0002018506253916863,0.03125
MILD,MILD__HOLD_R5_K125,PE 18:0_20:5,125,R5,filter_loss,0.019026713846368018,1.0030449858845701e-05,0.4239120961696826,0.9850297730134422,0.320123235599173,2.0,0.0011396559714325072,0.0011919672869405984,0.02666666666666667
MILD,MILD__HOLD_R5_K125,PE 18:1_20:2,125,R5,filter_loss,0.005766967364850945,1.2483156595917727e-06,0.23433578314102768,0.9251187567839819,0.20375319449318544,0.7303443264893795,0.0008310407557433619,0.00014275590517265346,0.014285714285714285
MILD,MILD__HOLD_R5_K125,PE 18:1_22:3,125,R5,filter_loss,0.0021701423228265002,0.0,0.10400557506001402,0.9605256779361461,0.1742934444820513,0.7802037075442214,0.0035822472545240513,0.0035823397963168357,0.058823529411764705
MILD,MILD__HOLD_R5_K125,PE 18:2_20:2,125,R5,filter_loss,0.01401867404122754,1.4067489547320687e-06,0.18632332063996887,0.930785287256962,0.4829206823131476,2.0,0.0008037372846143587,0.0008063023806984537,0.028985507246376812
MILD,MILD__HOLD_R5_K125,PE 18:3_20:4,125,R5,solver_miss,0.00011278189704962495,,0.15717262060050777,0.9796724074104938,0.3020809046376558,0.5,0.006280647038709897,0.0062955661135006835,0.04054054054054054
MILD,MILD__HOLD_R5_K125,PE 20:0_20:3,125,R5,filter_loss,0.01017866907860783,2.141306931231432e-06,0.23032749244938702,0.9788474233762352,0.09767313679891157,1.0760213163243861,0.021471551927456423,0.022981147873066488,0.1206896551724138
MILD,MILD__HOLD_R5_K125,PE 20:1_18:2,125,R5,filter_loss,0.003786447061423907,0.0,0.3477875659110764,0.8910754995054128,0.2892279401300275,0.5,0.0915750292343036,0.10181200158881287,0.07142857142857142
MILD,MILD__HOLD_R5_K125,PE 20:1_20:3,125,R5,filter_loss,0.0154134865621726,3.2026276645795535e-06,0.15409170574418976,0.9673598800301968,0.13448997604329319,1.2101381550740857,0.000491030613383403,0.000468651826536548,0.03773584905660377
MILD,MILD__HOLD_R5_K125,PE 20:1_20:4,125,R5,filter_loss,0.003971007390009317,2.4029057276080123e-07,0.22946614386916517,0.9422890778439277,0.1647009138898418,0.5,0.0011668996450705515,0.0009797108106910368,0.0410958904109589
MILD,MILD__HOLD_R5_K125,PE 20:1_20:5,125,R5,retained_true,0.027432509845372415,5.30640215729964e-05,0.3973599004661181,0.7993795604865694,0.33650437366671354,2.0,0.002105112367196016,0.0015876158792395012,0.06944444444444445
MILD,MILD__HOLD_R5_K125,PE 20:3_20:3,125,R5,filter_loss,0.01581669104790995,9.55727247977065e-07,0.11972298568219342,0.9884825101246301,0.06004173901205881,1.0000000000000002,0.00048032041794177083,0.0004712716755622681,0.0
MILD,MILD__HOLD_R5_K125,PE 20:4_20:5,125,R5,retained_true,0.024353293921793858,0.0001284835932960465,0.26664550336010406,0.7114621309435802,0.4744158758561441,2.0,0.0026647366186214327,0.0027472315274700287,0.01694915254237288
MILD,MILD__HOLD_R5_K125,PE 22:0_16:1,125,R5,retained_true,0.01923547679084016,1.765733278306192e-05,0.4791490094759039,0.8206488603123235,0.1992356350010589,2.0,0.004476879868959838,0.005136088122938753,0.0392156862745098
MILD,MILD__HOLD_R5_K125,PE O-16:0_22:4,125,R5,filter_loss,0.011001180659542245,7.503018090916132e-07,0.21233553953653375,0.9788297262879938,0.0525446422437508,2.0,0.0004060403474748231,0.00041840104713342097,0.0
MILD,MILD__HOLD_R5_K125,PE O-16:0_22:5,125,R5,filter_loss,0.02682163996749535,1.8479766851389752e-06,0.2748935194643735,0.9595548171321114,0.1397678816901211,2.0,0.00038394355007931313,0.0002964901617497073,0.0
MILD,MILD__HOLD_R5_K125,PE O-16:1_24:0,125,R5,filter_loss,0.006496635140847969,2.626872061524322e-06,0.6719956962672089,0.7350890401757907,0.07613711984283755,0.5,0.001067432937777557,0.0006814609391118109,0.03571428571428571
MILD,MILD__HOLD_R5_K125,PE O-16:1_24:5,125,R5,filter_loss,0.011941900891204546,1.852862310039907e-19,0.34567378912555613,0.9348240213453116,0.021667538356373084,0.8939526432607221,0.0025190919169711945,0.0024780282091372285,0.05555555555555555
MILD,MILD__HOLD_R5_K125,PE O-18:0_20:1,125,R5,filter_loss,0.009461979158698477,3.42383710180766e-07,0.318148671588633,0.9846847840318518,0.10986362796133797,0.8939526432607221,0.0001630039114796089,0.00017009481650798186,0.037037037037037035
MILD,MILD__HOLD_R5_K125,PE O-18:0_20:2,125,R5,filter_loss,0.009272898589816923,9.86258151041576e-07,0.24588669439016053,0.9868742659860326,0.06594469017151477,0.689110922829001,0.0019601050080191307,0.0005584465070473943,0.0
MILD,MILD__HOLD_R5_K125,PE O-18:0_20:5,125,R5,filter_loss,0.0092720535847731,5.868105100412035e-07,0.6919909071159304,0.9215313010613547,0.1361896321849082,0.5,0.0038942866708165935,0.004027293005726573,0.02857142857142857
MILD,MILD__HOLD_R5_K125,PE O-18:0_22:3,125,R5,filter_loss,0.0019036790658572816,0.0,0.17092763078541914,0.9848176901850096,0.13210834735563867,0.8939526432607221,0.0008456161502210513,0.0005473704997376316,0.125
MILD,MILD__HOLD_R5_K125,PE O-18:0_22:4,125,R5,filter_loss,0.00807557515839655,0.0,0.29140314574818993,0.9785214888337301,0.07223834193787476,0.5,0.00991779822923411,0.010948030972303235,0.06451612903225806
MILD,MILD__HOLD_R5_K125,PE O-18:0_22:6,125,R5,retained_true,0.026177853309778586,0.0001750287407677449,0.5753436233533816,0.900438885889574,0.17868511941106635,2.0,0.000292360631166555,0.0004274430617627889,0.02857142857142857
MILD,MILD__HOLD_R5_K125,PE O-18:1_20:3,125,R5,solver_miss,0.0001502423880124357,,0.17248031845796863,0.9828895828332406,0.04325030597265456,0.5,0.001199120320281133,0.001173666927543504,0.09090909090909091
MILD,MILD__HOLD_R5_K125,PE O-18:1_20:5,125,R5,filter_loss,0.0062136751466236135,1.2541113822364122e-07,0.5577857427715306,0.9215313010613547,0.19234784377749203,0.5340342571614348,0.004494611377175217,0.0021003523208922292,0.023809523809523808
MILD,MILD__HOLD_R5_K125,PE O-18:2_20:3,125,R5,filter_loss,0.01669204382449401,0.0,0.15389249231375365,0.982213995160686,0.04157871249447814,0.7303443264893795,0.011902632343288366,0.01190551140071483,0.06060606060606061
MILD,MILD__HOLD_R5_K125,PE O-18:2_22:3,125,R5,filter_loss,0.00309395006675041,4.593671005251936e-07,0.11689533016188987,0.986523537683374,0.04682821117393669,1.2101381550740857,0.00025152470337641564,0.00025152508544168395,0.06451612903225806
MILD,MILD__HOLD_R5_K125,PE O-18:2_22:4,125,R5,filter_loss,0.007355113768439347,1.9421304061237074e-08,0.14828595476682938,0.9790243416279218,0.05669129626843439,0.5,0.0006958109492893882,0.000691927852268126,0.02631578947368421
MILD,MILD__HOLD_R5_K125,PE O-18:2_22:5,125,R5,filter_loss,0.014038437530884112,1.8926992154051992e-08,0.26103860623460656,0.9522818262826038,0.09101743804944895,2.0,0.0005889830349302683,0.0005985797905463386,0.02564102564102564
MILD,MILD__HOLD_R5_K125,PE O-18:3_20:3,125,R5,filter_loss,0.008502091241940948,2.7105766526859764e-07,0.14272429629361114,0.9852235586914223,0.03704042840064109,2.0,0.0009088682263856951,0.0009038504168767947,0.0
MILD,MILD__HOLD_R5_K125,PE O-18:3_22:3,125,R5,filter_loss,0.017095408704836976,0.0,0.12439321564387905,0.986523537683374,0.03933032569194751,1.4538436095675817,0.00039330638137358154,0.000393316500170271,0.0967741935483871
MILD,MILD__HOLD_R5_K125,PE O-18:3_22:5,125,R5,filter_loss,0.021677488584840962,1.1603806453965765e-06,0.24245622912169137,0.9538166594574129,0.08542067730299038,2.0,0.000300097893669804,0.0002976237770843104,0.0
MILD,MILD__HOLD_R5_K125,PE O-20:0_20:2,125,R5,solver_miss,0.0005873838228317411,,0.3574277360579778,0.9885666181646524,0.13364990366733687,0.5,0.0013632549085536017,0.0008270848205020886,0.14814814814814814
MILD,MILD__HOLD_R5_K125,PE O-20:0_20:4,125,R5,filter_loss,0.012349600290731207,2.825951173847165e-06,0.526269032993801,0.9845400250879618,0.03802391643362135,0.8939526432607221,0.0021938309055087313,0.00017604092447076614,0.05263157894736842
MILD,MILD__HOLD_R5_K125,PE O-20:1_18:2,125,R5,filter_loss,0.020267941217118904,3.92508689025916e-06,0.4351737905876049,0.9895861653945057,0.1319467591106363,2.0,0.00023551375914476758,0.0002665464533165851,0.030303030303030304
MILD,MILD__HOLD_R5_K125,PE O-20:1_20:2,125,R5,filter_loss,0.014545992889054053,1.8093539312616665e-06,0.1653451175229508,0.9857697500316058,0.0657556111825639,2.0,0.022925236368650403,0.023326231185886726,0.03225806451612903
MILD,MILD__HOLD_R5_K125,PE O-20:1_20:3,125,R5,filter_loss,0.0348041389097601,1.2973769182634495e-06,0.20156572631951045,0.9834038435158862,0.040391770192754556,1.8682084992203376,5.294427021595993e-05,2.361550169449611e-05,0.0
MILD,MILD__HOLD_R5_K125,PE O-20:3_20:3,125,R5,filter_loss,0.027035427772335564,2.302607795206822e-06,0.1678765453740962,0.9829060245747678,0.02838033431556483,2.0,0.0009170570347204476,0.0009176655325875416,0.11428571428571428
MILD,MILD__HOLD_R5_K125,PE O-20:3_20:4,125,R5,filter_loss,0.006945524093634318,1.1997944189774752e-06,0.2145730867610224,0.9824124426110163,0.03143893515640733,1.4538436095675817,0.0030017567410796087,0.002117635277798957,0.021739130434782608
MILD,MILD__HOLD_R5_K125,PE O-22:1_18:2,125,R5,retained_true,0.0218708796663125,3.4096069418293996e-05,0.3303710154344505,0.9888056550432852,0.337294176164278,2.0,0.001060120048168356,0.0004618266693974249,0.0
MILD,MILD__HOLD_R5_K125,PG 14:0_20:0,125,R5,filter_loss,0.007032872320792642,3.8811116710516904e-07,0.7233219574944608,0.7740328453451822,0.0781368584247818,0.5,6.341122825315182e-05,0.0008465325861760631,0.05
MILD,MILD__HOLD_R5_K125,PG 14:0_22:0,125,R5,filter_loss,0.006654632077757796,0.0,0.39347230654553556,0.7936099239641267,0.021497958044986498,0.5,6.010538475131888e-05,0.004721999882481787,0.0125
MILD,MILD__HOLD_R5_K125,PG 14:0_22:5,125,R5,filter_loss,0.007764658349800081,2.188784915999641e-06,0.3916326572569566,0.8740294125875786,0.3151168353722158,0.6170676298438253,0.015233218820401295,0.028681124293445937,0.06976744186046512
MILD,MILD__HOLD_R5_K125,PG 14:0_24:4,125,R5,filter_loss,0.011901823909432526,2.0292504047759456e-06,0.2364766144017557,0.9336814199983869,0.409000174620185,1.0000000000000002,0.0003849632011037052,0.0011070667357394592,0.04819277108433735
MILD,MILD__HOLD_R5_K125,PG 16:0_18:0,125,R5,filter_loss,0.008199875593863327,1.0262172037141435e-06,0.2730282086736678,0.7320003904966144,0.5284306072455749,0.5,0.006718608831998929,0.00921187438394766,0.05154639175257732
MILD,MILD__HOLD_R5_K125,PG 16:0_20:2,125,R5,filter_loss,0.02612909775508564,0.0,0.06404391649487126,0.9219327136957365,0.1380284242110617,1.8682084992203376,0.0001325419053186394,0.0004419274324660716,0.021739130434782608
MILD,MILD__HOLD_R5_K125,PG 16:0_20:5,125,R5,filter_loss,0.025329498742317654,5.743693619719259e-06,0.3586980333079263,0.7784577318028689,0.43367157561769326,2.0,0.0005535803503026182,0.0007745547809636655,0.03614457831325301
MILD,MILD__HOLD_R5_K125,PG 16:0_22:4,125,R5,filter_loss,0.01192135280662298,1.5159268416424584e-06,0.20371874124768685,0.9923755383909935,0.44339453837236364,1.0760213163243861,0.006204517917372199,0.004482035888584646,0.034482758620689655
MILD,MILD__HOLD_R5_K125,PG 16:0_22:6,125,R5,filter_loss,0.006945361233112567,4.344968369522166e-06,0.42771565508602566,0.9755490303044848,0.17342901101082447,0.5,0.0035863246382661362,0.005133708069018583,0.046511627906976744
MILD,MILD__HOLD_R5_K125,PG 16:1_20:1,125,R5,filter_loss,0.018794153562194237,2.1400208499490458e-06,0.09626468926765062,0.9360510343034749,0.032094009427904344,0.689110922829001,0.00014154946035849214,0.02162659342799489,0.022727272727272728
MILD,MILD__HOLD_R5_K125,PG 16:1_22:3,125,R5,filter_loss,0.03707664638877101,1.6877658958547319e-06,0.23838939494724698,0.9816952449555878,0.29010776373355207,1.8682084992203376,0.0029689467587183938,0.011172064022184958,0.046511627906976744
MILD,MILD__HOLD_R5_K125,PG 16:1_22:5,125,R5,filter_loss,0.010534026323571354,3.9831030864976843e-07,0.33527002658239174,0.9821921171688058,0.16525580723594785,1.2101381550740857,0.0013743626973785616,0.0016358418510322714,0.060240963855421686
MILD,MILD__HOLD_R5_K125,PG 17:0_18:2,125,R5,filter_loss,0.01591470405639388,1.374776448982616e-06,0.3764851143957298,0.9263229165510191,0.3987025973319038,1.8682084992203376,0.008230647100060384,0.016439132142790913,0.021505376344086023
MILD,MILD__HOLD_R5_K125,PG 17:0_20:0,125,R5,retained_true,0.026320230127542033,0.0020972087166426525,0.8310149974793403,0.9206618024583055,0.050880880759260116,2.0,0.003081353950645682,0.007454888958567052,0.08791208791208792
MILD,MILD__HOLD_R5_K125,PG 17:0_20:3,125,R5,filter_loss,0.018068330098969423,5.358954383319337e-07,0.15645235358917814,0.9898819477902964,0.24553643982354834,2.0,0.0011922815237459528,0.0006965114657125904,0.061855670103092786
MILD,MILD__HOLD_R5_K125,PG 17:0_20:4,125,R5,filter_loss,0.005068911152549354,4.0151900192174606e-07,0.333380957182523,0.9887826418894832,0.3019228169112968,0.5,0.0009626592846555537,0.0006253799471490629,0.029411764705882353
MILD,MILD__HOLD_R5_K125,PG 17:1_20:1,125,R5,filter_loss,0.01429519936348688,1.3109760892245165e-06,0.266391512522408,0.9726361074886047,0.01725447718424139,2.0,4.577721397003298e-05,0.0002219708024051581,0.034482758620689655
MILD,MILD__HOLD_R5_K125,PG 17:1_20:4,125,R5,filter_loss,0.007469242930656071,7.594651941994626e-08,0.4831275545644737,0.9853779862370524,0.22593740389897193,0.7303443264893795,0.0021811563309734883,0.003555580182944329,0.02127659574468085
MILD,MILD__HOLD_R5_K125,PG 18:0_18:1,125,R5,filter_loss,0.005931579492651292,8.629642054872564e-07,0.22385302590484416,0.857321011866293,0.5499702514118422,1.2101381550740857,0.009484848876495366,0.014209638457357121,0.06329113924050633
MILD,MILD__HOLD_R5_K125,PG 18:0_20:5,125,R5,filter_loss,0.0032668282838191854,5.4100879494354256e-08,0.3912132251385195,0.9850297730134422,0.3528221066303361,0.5,0.0008703065793419507,0.00036847638994674803,0.020833333333333332
MILD,MILD__HOLD_R5_K125,PG 18:1_18:1,125,R5,filter_loss,0.015703671696603756,3.6058678684928115e-08,0.20074680321951024,0.9552207873236039,0.5335974465364102,2.0,0.001967807797006671,0.0008816908419428948,0.034482758620689655
MILD,MILD__HOLD_R5_K125,PG 18:2_20:2,125,R5,filter_loss,0.017538214546769227,0.0,0.26810270421335247,0.9325718345250835,0.2603944544674466,2.0,7.151403581784344e-05,0.0005881280192069349,0.0898876404494382
MILD,MILD__HOLD_R5_K125,PG 20:1_18:3,125,R5,filter_loss,0.01169345507082905,1.2357295379827615e-06,0.23811465068961957,0.9659907277452849,0.39065317821122125,1.0760213163243861,0.003301798627939889,0.0014211657860777605,0.013333333333333334
MILD,MILD__HOLD_R5_K125,PS 14:0_20:0,125,R5,retained_true,0.027719246023615716,0.00016719647162349085,0.6390062445975,0.6039215648852556,0.16709168430356958,2.0,0.0027541471004010054,0.0027427701343425426,0.013888888888888888
MILD,MILD__HOLD_R5_K125,PS 14:0_22:2,125,R5,filter_loss,0.008132422679854364,7.651726138902286e-07,0.4826107446087538,0.6351598729298585,0.056673251273551106,0.5,0.002331991978609671,0.013828208191141056,0.07142857142857142
MILD,MILD__HOLD_R5_K125,PS 16:0_20:3,125,R5,filter_loss,0.0018402673150663695,1.852862310039907e-19,0.31718607034211305,0.6379581944357362,0.2271159539431486,0.5,0.024743180600422243,0.0532754581349153,0.02631578947368421
MILD,MILD__HOLD_R5_K125,PS 16:0_20:5,125,R5,filter_loss,0.006892464915610955,4.624996390945395e-06,0.4925110672748304,0.5885323920958705,0.2627774230424914,0.5340342571614348,0.0034720204595677373,0.005312662972331572,0.02857142857142857
MILD,MILD__HOLD_R5_K125,PS 16:1_20:1,125,R5,retained_true,0.027556681541844163,0.00021423082675789683,0.4129541991564398,0.5415506422933887,0.12632979672586508,2.0,0.005809768621976241,0.013510185735995384,0.05405405405405406
MILD,MILD__HOLD_R5_K125,PS 16:1_20:4,125,R5,retained_true,0.031034600020636814,0.0004403364719078688,0.6316414058973379,0.55604981646135,0.12364708441998395,2.0,0.0006250680690788046,0.0006367104023839998,0.05128205128205128
MILD,MILD__HOLD_R5_K125,PS 17:0_18:1,125,R5,retained_true,0.007581422683384701,3.9084522590591325e-05,0.6537549379034493,0.5358578664393875,0.1898482402281083,0.5,0.00248721638376892,0.002491653810229977,0.0410958904109589
MILD,MILD__HOLD_R5_K125,PS 18:0_16:1,125,R5,filter_loss,0.007735177014218627,2.092096196691909e-06,0.4974005788167513,0.5669019742880855,0.3372870145815912,0.689110922829001,0.007780393272455055,0.007796839687494228,0.014492753623188406
MILD,MILD__HOLD_R5_K125,PS 18:0_18:0,125,R5,retained_true,0.021762557655542723,1.9785126000486335e-05,0.4331045541325963,0.7822407069839156,0.19197976773862468,2.0,0.004926182990125705,0.004921859357551961,0.03773584905660377
MILD,MILD__HOLD_R5_K125,PS 18:0_18:3,125,R5,retained_true,0.025627751110302712,0.00031411107154126017,0.5738266720137706,0.6379581944357362,0.264601068755451,2.0,0.001516310654012143,0.0014631946069058044,0.06666666666666667
MILD,MILD__HOLD_R5_K125,PS 18:1_18:3,125,R5,retained_true,0.007028330131514294,4.008109378972521e-05,0.6381277857367744,0.5253007492314473,0.23640738012806917,0.5340342571614348,0.002803569105580772,0.0028337271763367866,0.046875
MILD,MILD__HOLD_R5_K125,PS 20:0_16:1,125,R5,filter_loss,0.006635442041502242,3.705724620079814e-19,0.49681824282241865,0.5478869149773706,0.34409744001467496,0.6170676298438253,0.059660803180161204,0.06023360124150534,0.06578947368421052
MILD,MILD__HOLD_R5_K175,PA 16:0_24:1,175,R5,filter_loss,0.015056260059460038,3.371694371450011e-06,0.5504804076642431,0.883487638633687,0.19595790828137805,2.0,0.0018129815710938857,0.0005478222759552898,0.017857142857142856
MILD,MILD__HOLD_R5_K175,PA 16:0_24:4,175,R5,filter_loss,0.0025126537727730974,0.0,0.2223063465458067,0.9171280506076233,0.17914163452145218,0.6170676298438253,0.04338089176146531,0.04345848797882845,0.04
MILD,MILD__HOLD_R5_K175,PA 18:0_22:0,175,R5,filter_loss,0.01283812392751826,3.9779572017841295e-07,0.3381799302246325,0.7789494468002593,0.44534403487199864,1.4538436095675817,0.0011921075225009847,0.0013569185606716605,0.05405405405405406
MILD,MILD__HOLD_R5_K175,PA 18:0_22:2,175,R5,solver_miss,0.0005301988538975197,,0.27393752390511106,0.8394493239810369,0.36260158405766385,0.6170676298438253,0.0031467721020281836,0.001963496628401451,0.05333333333333334
MILD,MILD__HOLD_R5_K175,PA 18:0_22:4,175,R5,filter_loss,0.007802891379377972,0.0,0.18925162859522815,0.8691673191165914,0.31323723028330897,0.5,0.0052424423533639075,0.005220284092495531,0.04878048780487805
MILD,MILD__HOLD_R5_K175,PA 18:0_24:1,175,R5,filter_loss,0.008159807035502368,0.0,0.3334734584306543,0.8793255202210899,0.22349976674487387,0.689110922829001,0.0006864036053716438,0.000725562654723011,0.05970149253731343
MILD,MILD__HOLD_R5_K175,PA 18:0_24:5,175,R5,filter_loss,0.007692994719897085,5.509390033440887e-08,0.1609179673339711,0.923167578011941,0.23175005437601462,0.5,0.0008635904598484068,0.0008511644063095014,0.025
MILD,MILD__HOLD_R5_K175,PA 18:0_24:6,175,R5,filter_loss,0.01632898532329108,1.6120641719025284e-06,0.1641748706562144,0.9374908882297373,0.19157325912956763,2.0,0.004642181796140066,0.004645773085514948,0.04878048780487805
MILD,MILD__HOLD_R5_K175,PA 18:1_22:1,175,R5,filter_loss,0.015130869516326221,9.356408844103403e-08,0.46175873097333114,0.9022714644699661,0.2905844069806663,0.7303443264893795,0.00041288798704874896,0.0012335033041256382,0.05405405405405406
MILD,MILD__HOLD_R5_K175,PA 18:1_22:3,175,R5,filter_loss,0.010811445769173752,1.163753338675158e-05,0.26035456632127724,0.8639124793194024,0.33467634555443054,2.0,0.0026888722371033458,0.002139123678131294,0.03896103896103896
MILD,MILD__HOLD_R5_K175,PA 18:1_22:4,175,R5,filter_loss,0.015978106374374537,1.7035832259855374e-06,0.23118051955905902,0.7349039762795926,0.45741325188581883,2.0,0.004805814183295842,0.004868951904925756,0.024096385542168676
MILD,MILD__HOLD_R5_K175,PA 18:1_24:1,175,R5,filter_loss,0.005900054662224891,7.595704163527309e-07,0.4394175718623714,0.7742897189559598,0.30213238364332506,0.5,0.000759699939821834,0.0008438388853387879,0.015151515151515152
MILD,MILD__HOLD_R5_K175,PA 18:1_24:4,175,R5,filter_loss,0.005988283394848655,6.420750020289339e-08,0.2590661626283403,0.770029563231097,0.383684973635327,0.5,0.0010838412905258554,0.0010729791287783508,0.058823529411764705
MILD,MILD__HOLD_R5_K175,PA 18:1_24:6,175,R5,filter_loss,0.015948286122761012,2.2726265235363906e-06,0.25854770171004793,0.8317569743542244,0.311757671286486,2.0,0.010835595411361254,0.010851465233581492,0.07407407407407407
MILD,MILD__HOLD_R5_K175,PA 18:2_24:4,175,R5,filter_loss,0.0076795671991691196,1.2190454639272275e-07,0.33277246997096527,0.6495701338678831,0.4330785336890039,0.7802037075442214,0.0039133891856287795,0.003868713351689035,0.07058823529411765
MILD,MILD__HOLD_R5_K175,PA 18:2_24:5,175,R5,filter_loss,0.001483112124129337,0.0,0.30902833514416345,0.8083196183923326,0.2868943377666932,0.5,0.004081604352916046,0.004077549062661889,0.06329113924050633
MILD,MILD__HOLD_R5_K175,PA 20:0_20:2,175,R5,solver_miss,4.0960586173173496e-08,,0.2807555140432376,0.7492730089935543,0.49169235917013354,0.5,0.001564770493217682,0.0014533126063535073,0.04054054054054054
MILD,MILD__HOLD_R5_K175,PA 20:0_20:3,175,R5,filter_loss,0.01048478532828315,0.0,0.28594755195446475,0.8048190171061798,0.4076195370011738,1.4538436095675817,0.008036960110991642,0.00976471434619064,0.07317073170731707
MILD,MILD__HOLD_R5_K175,PA 20:0_20:4,175,R5,filter_loss,0.002953844901663384,2.5036775916157583e-07,0.1645114953783594,0.8957566529041909,0.3424625013635971,0.7303443264893795,0.0275152521851324,0.02927579501551658,0.0449438202247191
MILD,MILD__HOLD_R5_K175,PA 20:0_22:1,175,R5,filter_loss,0.004967745115091512,0.0,0.3017443733307278,0.7600275012777736,0.3861256918000734,0.689110922829001,0.003709424811556894,0.003737143717409519,0.025974025974025976
MILD,MILD__HOLD_R5_K175,PA 20:0_22:4,175,R5,filter_loss,0.0062166331140839515,0.0,0.241048023112079,0.8303328039494347,0.3429309669132585,0.5,0.060892874707397016,0.06298741883866765,0.046511627906976744
MILD,MILD__HOLD_R5_K175,PA 20:0_22:6,175,R5,filter_loss,0.004286274950158903,0.0,0.18342642508946627,0.9361340206999159,0.20227608263374897,0.5,0.004776696328855912,0.004726570921992357,0.07142857142857142
MILD,MILD__HOLD_R5_K175,PA 20:1_20:1,175,R5,filter_loss,0.007318562247079479,2.590125217113265e-06,0.4231895167566119,0.9753576763078726,0.3291536211973855,0.5,0.0010118669186879314,0.002037990335239992,0.06818181818181818
MILD,MILD__HOLD_R5_K175,PA 20:1_22:1,175,R5,filter_loss,0.007489642585498762,2.4305940088151254e-07,0.48292710886676304,0.8982874947005188,0.22073574264275386,0.7802037075442214,0.018562907982432097,0.02491796284808878,0.07894736842105263
MILD,MILD__HOLD_R5_K175,PA 20:1_22:3,175,R5,filter_loss,0.01180833121105884,9.364878437108975e-20,0.33476954438953394,0.8781031661032047,0.24658711409645712,1.8682084992203376,0.018403108017956193,0.021063832308081065,0.06329113924050633
MILD,MILD__HOLD_R5_K175,PA 20:1_22:5,175,R5,filter_loss,0.010299240777625888,1.4518816227567971e-06,0.22030580527220145,0.8930555529932804,0.2632540567277174,2.0,0.0030627099534888957,0.0029952224810618766,0.0125
MILD,MILD__HOLD_R5_K175,PA 20:1_22:6,175,R5,filter_loss,0.01166276183548147,1.4089779706384347e-07,0.23670331410171605,0.9753576763078726,0.2468565478982028,1.0760213163243861,0.0025643340536040116,0.0025700567332332946,0.06172839506172839
MILD,MILD__HOLD_R5_K175,PA 20:3_22:4,175,R5,filter_loss,0.0036653715874450468,0.0,0.402579539322542,0.7488776965339671,0.3030548023026991,0.5,0.0032054403866504932,0.003222308663755058,0.09302325581395349
MILD,MILD__HOLD_R5_K175,PA 20:4_22:4,175,R5,filter_loss,0.0036371584590423416,2.155774572502095e-06,0.48634054946811606,0.6664725514235691,0.28586225820427874,0.5,0.014403718647744035,0.015260405212573436,0.03225806451612903
MILD,MILD__HOLD_R5_K175,PA 22:0_18:2,175,R5,filter_loss,0.008622114893234856,9.364878437108975e-20,0.34226134747101367,0.761776416520081,0.4474985059635067,1.0760213163243861,0.0030674863975856947,0.0028834133419998187,0.0547945205479452
MILD,MILD__HOLD_R5_K175,PA 22:0_20:1,175,R5,filter_loss,0.01604902396000342,1.0626518962032237e-05,0.4020166500263304,0.8495611434984474,0.2527636987135384,1.0760213163243861,0.01593733933205499,0.018926282928069638,0.04
MILD,MILD__HOLD_R5_K175,PA 22:0_20:3,175,R5,filter_loss,0.01107393782506906,5.2321254169082016e-06,0.4070101497165706,0.700138513759436,0.38977747877753405,0.5,0.009922850596979504,0.01301240678684945,0.02631578947368421
MILD,MILD__HOLD_R5_K175,PA 22:0_20:4,175,R5,filter_loss,0.011442924598800289,1.0486697601335487e-06,0.4550397992700734,0.7513055221510871,0.3384293666283728,2.0,0.0023387656878122165,0.0024800429863981455,0.04819277108433735
MILD,MILD__HOLD_R5_K175,PA 22:1_18:2,175,R5,filter_loss,0.015176247619488999,1.4017600188798748e-05,0.3672416022212644,0.8804726866933393,0.42728280324989093,2.0,0.006605096516895115,0.006326827710238514,0.02702702702702703
MILD,MILD__HOLD_R5_K175,PA 22:1_20:2,175,R5,filter_loss,0.009823966927196162,0.0,0.43337633237958284,0.8789327040599717,0.27097424872123554,2.0,0.0080624691981116,0.011981980213494614,0.04
MILD,MILD__HOLD_R5_K175,PA 22:1_20:3,175,R5,retained_true,0.012535625484384718,2.147869954241164e-05,0.47201880717776407,0.8266719825061805,0.24944586960093668,0.5340342571614348,0.010869264824328262,0.012492854571788947,0.05194805194805195
MILD,MILD__HOLD_R5_K175,PA 22:1_20:5,175,R5,filter_loss,0.0059187373500191,8.405693573306971e-07,0.35373566324826666,0.8941830868357824,0.2306843778836697,0.5,0.0036393607382263493,0.003952696241691589,0.025
MILD,MILD__HOLD_R5_K175,PA 22:5_22:5,175,R5,filter_loss,0.003372623466866131,1.9057052789332094e-07,0.37471749963267753,0.9264320052062154,0.08562930665407442,0.8939526432607221,0.05654517952012661,0.05902033614793045,0.10869565217391304
MILD,MILD__HOLD_R5_K175,PA 22:6_22:6,175,R5,retained_true,0.015762022974184577,4.553945530096407e-05,0.5618631902016936,0.691000163096786,0.18635717808006635,2.0,0.00917253164779075,0.009477089595620991,0.0625
MILD,MILD__HOLD_R5_K175,PA 24:1_18:2,175,R5,filter_loss,0.014508996419806314,9.368656155224317e-06,0.416531063009088,0.7481851339902038,0.35294871355264307,1.0000000000000002,0.0021331576615825076,0.0017595765424679444,0.045454545454545456
MILD,MILD__HOLD_R5_K175,PC 14:0_20:2,175,R5,filter_loss,0.007671395376727507,1.15239488674484e-06,0.3254331442131747,0.6041425983942957,0.4715533114037237,0.8939526432607221,0.007462943955335866,0.007518058498400038,0.05
MILD,MILD__HOLD_R5_K175,PC 14:0_20:4,175,R5,retained_true,0.0063683392291130295,7.12409843358567e-05,0.6036768381098416,0.7745273553735048,0.030942368542241527,0.7802037075442214,0.0018490512821154326,0.0018224172135786754,0.012048192771084338
MILD,MILD__HOLD_R5_K175,PC 14:1_20:1,175,R5,retained_true,0.015635314219632046,4.448316123943957e-05,0.4158486366407816,0.6900215947371616,0.30806497780657766,2.0,0.0002922287015207914,0.00029117252372179436,0.012987012987012988
MILD,MILD__HOLD_R5_K175,PC 16:0_18:0,175,R5,filter_loss,0.006533913215197125,1.8481630735162474e-06,0.49212912704514206,0.6471130837014081,0.2680149501547328,0.7802037075442214,0.004063515546806951,0.004072487376110989,0.07058823529411765
MILD,MILD__HOLD_R5_K175,PC 16:0_18:1,175,R5,filter_loss,0.0032611641606651743,0.0,0.3986166534022413,0.6482926248318512,0.4109027795617344,0.5340342571614348,0.002719818573634347,0.002719800540087247,0.11594202898550725
MILD,MILD__HOLD_R5_K175,PC 16:0_18:2,175,R5,filter_loss,0.033178425496827285,3.6593408337762706e-06,0.3131917397743864,0.5996238721920917,0.4899091295507795,2.0,0.06290873847509104,0.06290881606687038,0.05747126436781609
MILD,MILD__HOLD_R5_K175,PC 16:1_18:1,175,R5,filter_loss,0.015103100887234582,3.3836793810462886e-08,0.3710824945274597,0.6900215947371616,0.3528311199198995,2.0,0.005740128810954093,0.005740337720885114,0.06521739130434782
MILD,MILD__HOLD_R5_K175,PC 16:1_18:2,175,R5,retained_true,0.022459837915561724,2.5808918088063294e-05,0.6451321224456396,0.494520891089959,0.2246564065829395,2.0,0.07762520620459001,0.07763217030105019,0.06666666666666667
MILD,MILD__HOLD_R5_K175,PC 20:0_14:1,175,R5,filter_loss,0.006452887067353232,3.53994811167362e-08,0.593367589246976,0.47707361889437966,0.2851238976272237,0.6170676298438253,0.002188794125086768,0.0021900445777822686,0.05333333333333334
MILD,MILD__HOLD_R5_K175,PC O-16:0_17:0,175,R5,retained_true,0.008638334803403893,0.00011297188494252844,0.7536429126805174,0.6594747873316874,0.016839149861247793,0.689110922829001,0.0021199241046659933,0.002119924212811153,0.0
MILD,MILD__HOLD_R5_K175,PC O-16:1_18:1,175,R5,retained_true,0.01031648097100382,0.0002524799761548806,0.8076497414228311,0.6052609717953458,0.02991086558637346,1.0000000000000002,0.0011780312079956445,0.0011619748561649823,0.08571428571428572
MILD,MILD__HOLD_R5_K175,PE 16:0_22:1,175,R5,filter_loss,0.01091487018486134,1.1188238568510463e-06,0.20454583643989277,0.8508967724619106,0.32715941021570594,1.4538436095675817,0.0026095936024855826,0.0026208471119697485,0.09259259259259259
MILD,MILD__HOLD_R5_K175,PE 16:0_22:2,175,R5,filter_loss,0.00851860150384065,0.0,0.1886425381510025,0.8572487991575071,0.3301179135196991,2.0,0.0008072029675337822,0.0008077406273154786,0.017543859649122806
MILD,MILD__HOLD_R5_K175,PE 16:0_22:4,175,R5,filter_loss,0.004624688331188338,9.25699951495551e-09,0.15895469448868532,0.9923755383909935,0.2386585476665622,2.0,0.0026445506599418467,0.0026437613959471307,0.015625
MILD,MILD__HOLD_R5_K175,PE 16:0_24:5,175,R5,filter_loss,0.009635448401377311,1.1727572265704135e-06,0.21271686018449112,0.9348240213453116,0.1546244672974381,0.5,0.001921353681188731,0.001875379517050746,0.06896551724137931
MILD,MILD__HOLD_R5_K175,PE 16:0_24:6,175,R5,filter_loss,0.019217401481617487,3.74595137484359e-19,0.354462542162506,0.9120817497666402,0.1077393979106176,2.0,0.012594339890680706,0.012384383975249547,0.04838709677419355
MILD,MILD__HOLD_R5_K175,PE 16:1_22:1,175,R5,filter_loss,0.007248395158585818,3.74595137484359e-19,0.29634414058106057,0.6962164662208943,0.4407404219699385,1.0000000000000002,0.00808124486543349,0.008570132244739348,0.05660377358490566
MILD,MILD__HOLD_R5_K175,PE 16:1_22:3,175,R5,filter_loss,0.014413092222518619,9.364878437108975e-20,0.12325824954460242,0.9816952449555878,0.20295021528294271,2.0,8.291252553216388e-05,8.291775400715018e-05,0.05357142857142857
MILD,MILD__HOLD_R5_K175,PE 16:1_22:4,175,R5,solver_miss,0.0008397207879496619,,0.11707440620301834,0.9872300880237134,0.16084900498979865,0.5,0.0007842304184302318,0.0007842322844462402,0.031746031746031744
MILD,MILD__HOLD_R5_K175,PE 16:1_22:6,175,R5,filter_loss,0.017140749379700497,2.7571826558383863e-06,0.2519478993591113,0.9780045750710121,0.13185464506752925,2.0,0.0014294605966203022,0.0014300496428103493,0.09836065573770492
MILD,MILD__HOLD_R5_K175,PE 17:0_20:0,175,R5,filter_loss,0.0027752089883411354,2.4157199132103324e-06,0.2698075638945543,0.9206618024583055,0.26327938903853587,0.5,0.001887741959508804,0.0017402936546969672,0.07936507936507936
MILD,MILD__HOLD_R5_K175,PE 17:0_22:2,175,R5,filter_loss,0.010461039148843845,0.0,0.13503108538528152,0.9386569008618137,0.21734595795940753,2.0,0.0011864621584661839,0.0011931643887791443,0.0
MILD,MILD__HOLD_R5_K175,PE 17:0_22:4,175,R5,filter_loss,0.009685607444463222,1.9134841887349173e-06,0.16492324087593133,0.9518068384474951,0.1688292372948361,1.0000000000000002,0.003262250096318753,0.003098515234440602,0.04411764705882353
MILD,MILD__HOLD_R5_K175,PE 17:0_22:5,175,R5,retained_true,0.015236847780576535,1.9328786906158173e-05,0.20553202250395822,0.9211023236447361,0.22285151703158326,2.0,0.0012394890093427868,0.0012522411101744124,0.030303030303030304
MILD,MILD__HOLD_R5_K175,PE 17:0_22:6,175,R5,retained_true,0.015468400978419105,2.193097221017065e-05,0.31244709118745745,0.8271838267520604,0.30433218821543645,2.0,0.017611707508774055,0.01838682715755835,0.12121212121212122
MILD,MILD__HOLD_R5_K175,PE 17:1_20:1,175,R5,filter_loss,0.006662032913792537,5.610702618402561e-09,0.2809048613188857,0.9726361074886047,0.3272746898881621,0.7802037075442214,0.0022883291685498186,0.0024144226540380176,0.08196721311475409
MILD,MILD__HOLD_R5_K175,PE 17:1_20:3,175,R5,filter_loss,0.00646771654089025,4.841780939203768e-07,0.17058675100295786,0.9942019114139844,0.23344250644858108,0.5,0.0217430849925212,0.02209873193679912,0.1
MILD,MILD__HOLD_R5_K175,PE 17:1_22:5,175,R5,filter_loss,0.004401926135823426,8.3838463384406e-07,0.1734421065443991,0.9209267513286628,0.23190880091119995,0.5,0.0016810239978535257,0.0016830515975861937,0.06349206349206349
MILD,MILD__HOLD_R5_K175,PE 17:1_22:6,175,R5,filter_loss,0.0062744623219235405,3.567617237078563e-06,0.2805102678681988,0.8065738667783828,0.34444630313629093,1.2101381550740857,0.0021298269298372086,0.002090265847873085,0.1111111111111111
MILD,MILD__HOLD_R5_K175,PE 18:0_20:1,175,R5,filter_loss,0.020438142613531607,3.1024816272207205e-07,0.25393425517668783,0.9625905679777863,0.1807537946676117,2.0,0.0011387468614931784,0.0008336602771666923,0.046153846153846156
MILD,MILD__HOLD_R5_K175,PE 18:0_20:3,175,R5,filter_loss,0.006446924335779088,0.0,0.19168425851262216,0.9604368385083139,0.1400403915099126,0.6170676298438253,0.00019942539037831608,0.0002018506253916863,0.03125
MILD,MILD__HOLD_R5_K175,PE 18:0_20:5,175,R5,filter_loss,0.013354704948275103,9.037107463001832e-07,0.4239120961696826,0.9850297730134422,0.320123235599173,2.0,0.0011396559714325072,0.0011919672869405984,0.02666666666666667
MILD,MILD__HOLD_R5_K175,PE 18:1_20:2,175,R5,filter_loss,0.0035456331234792397,5.517847980190922e-07,0.23433578314102768,0.9251187567839819,0.20375319449318544,0.7303443264893795,0.0008310407557433619,0.00014275590517265346,0.014285714285714285
MILD,MILD__HOLD_R5_K175,PE 18:1_20:5,175,R5,filter_loss,0.005041163990949392,0.0,0.3998586987063159,0.9724669479844656,0.2358672544872255,0.6170676298438253,0.0008012039054279274,0.0008606088188597427,0.0375
MILD,MILD__HOLD_R5_K175,PE 18:1_22:2,175,R5,filter_loss,0.009244992357184068,2.5880127651133687e-06,0.12985107942569446,0.9248799886279087,0.2737586242615052,0.689110922829001,0.0021254478117591624,0.002124672815584927,0.058823529411764705
MILD,MILD__HOLD_R5_K175,PE 18:1_22:3,175,R5,filter_loss,0.012368639069080681,0.0,0.10400557506001402,0.9605256779361461,0.1742934444820513,0.7802037075442214,0.0035822472545240513,0.0035823397963168357,0.058823529411764705
MILD,MILD__HOLD_R5_K175,PE 18:1_22:4,175,R5,filter_loss,0.007501016276255681,0.0,0.11052846478170081,0.969840644646915,0.13562077871750905,0.8939526432607221,0.0002187931374144636,0.00021536997653726075,0.05333333333333334
MILD,MILD__HOLD_R5_K175,PE 18:1_22:5,175,R5,filter_loss,0.013475479547088507,7.49190274968718e-19,0.19163429981325247,0.9256344671279978,0.2133913524062529,1.4538436095675817,0.000883079450688995,0.0008913924319237099,0.028169014084507043
MILD,MILD__HOLD_R5_K175,PE 18:1_22:6,175,R5,filter_loss,0.005406303869657458,0.0,0.3159564682544253,0.8033916799379116,0.3147345109004634,0.5340342571614348,0.004215489361945601,0.004259121098188823,0.015384615384615385
MILD,MILD__HOLD_R5_K175,PE 18:2_20:2,175,R5,filter_loss,0.013344712982122557,1.5978485360201514e-07,0.18632332063996887,0.930785287256962,0.4829206823131476,2.0,0.0008037372846143587,0.0008063023806984537,0.028985507246376812
MILD,MILD__HOLD_R5_K175,PE 18:2_22:2,175,R5,filter_loss,0.013953911381276532,0.0,0.1271355008514916,0.9008257061441529,0.3075663178035413,1.8682084992203376,0.0003045712876184048,0.000304167674782585,0.05970149253731343
MILD,MILD__HOLD_R5_K175,PE 18:3_20:4,175,R5,filter_loss,0.001935773887691033,1.3505200210021103e-07,0.15717262060050777,0.9796724074104938,0.3020809046376558,0.5,0.006280647038709897,0.0062955661135006835,0.04054054054054054
MILD,MILD__HOLD_R5_K175,PE 20:0_20:3,175,R5,filter_loss,0.005806977100024041,2.6225420446135673e-07,0.23032749244938702,0.9788474233762352,0.09767313679891157,1.0760213163243861,0.021471551927456423,0.022981147873066488,0.1206896551724138
MILD,MILD__HOLD_R5_K175,PE 20:0_20:5,175,R5,filter_loss,0.01050221380139297,2.1847871647285216e-07,0.42609430792144315,0.8451414828957593,0.30776996621138847,0.7802037075442214,0.002121680792026015,0.0022945694826855823,0.04225352112676056
MILD,MILD__HOLD_R5_K175,PE 20:1_18:2,175,R5,filter_loss,0.0012550450286551826,0.0,0.3477875659110764,0.8910754995054128,0.2892279401300275,0.5,0.0915750292343036,0.10181200158881287,0.07142857142857142
MILD,MILD__HOLD_R5_K175,PE 20:1_20:3,175,R5,filter_loss,0.010924067998920112,7.255136278843291e-08,0.15409170574418976,0.9673598800301968,0.13448997604329319,1.2101381550740857,0.000491030613383403,0.000468651826536548,0.03773584905660377
MILD,MILD__HOLD_R5_K175,PE 20:1_20:4,175,R5,filter_loss,0.004280127776987494,0.0,0.22946614386916517,0.9422890778439277,0.1647009138898418,0.5,0.0011668996450705515,0.0009797108106910368,0.0410958904109589
MILD,MILD__HOLD_R5_K175,PE 20:1_20:5,175,R5,retained_true,0.020142580304400918,2.1970714916344625e-05,0.3973599004661181,0.7993795604865694,0.33650437366671354,2.0,0.002105112367196016,0.0015876158792395012,0.06944444444444445
MILD,MILD__HOLD_R5_K175,PE 20:2_20:3,175,R5,filter_loss,0.0038128010674814607,8.160116655747597e-09,0.10342592469336877,0.8809502880689941,0.37931315485534245,0.5340342571614348,0.0016177336068645687,0.0016321924775449803,0.0
MILD,MILD__HOLD_R5_K175,PE 20:3_20:3,175,R5,filter_loss,0.01175349459457615,8.225911534551593e-08,0.11972298568219342,0.9884825101246301,0.06004173901205881,1.0000000000000002,0.00048032041794177083,0.0004712716755622681,0.0
MILD,MILD__HOLD_R5_K175,PE 20:4_20:5,175,R5,retained_true,0.015538995330968327,6.297273822011753e-05,0.26664550336010406,0.7114621309435802,0.4744158758561441,2.0,0.0026647366186214327,0.0027472315274700287,0.01694915254237288
MILD,MILD__HOLD_R5_K175,PE 22:0_16:1,175,R5,filter_loss,0.013662721750813813,5.64884990299276e-06,0.4791490094759039,0.8206488603123235,0.1992356350010589,2.0,0.004476879868959838,0.005136088122938753,0.0392156862745098
MILD,MILD__HOLD_R5_K175,PE O-16:0_22:1,175,R5,filter_loss,0.003894532959305747,0.0,0.25810380084870377,0.9626827699537985,0.034183285797328655,0.5,0.001476706135746686,0.0012837561985494794,0.0
MILD,MILD__HOLD_R5_K175,PE O-16:0_22:4,175,R5,filter_loss,0.008919410664880478,2.5329850724795673e-07,0.21233553953653375,0.9788297262879938,0.0525446422437508,2.0,0.0004060403474748231,0.00041840104713342097,0.0
MILD,MILD__HOLD_R5_K175,PE O-16:0_22:5,175,R5,filter_loss,0.015982468920388977,1.0968820666029982e-07,0.2748935194643735,0.9595548171321114,0.1397678816901211,2.0,0.00038394355007931313,0.0002964901617497073,0.0
MILD,MILD__HOLD_R5_K175,PE O-16:0_22:6,175,R5,filter_loss,0.00785522559227631,8.798135336663438e-07,0.48470573742722234,0.900438885889574,0.1614418659271415,0.7303443264893795,0.0022747405659097053,0.0018564212507093947,0.0
MILD,MILD__HOLD_R5_K175,PE O-16:1_22:1,175,R5,filter_loss,0.0022965378893466384,0.0,0.3096547237703799,0.9753848425333608,0.07168868530044187,0.5,0.0023513749611915324,0.000861151070150834,0.034482758620689655
MILD,MILD__HOLD_R5_K175,PE O-16:1_22:3,175,R5,filter_loss,0.011991088812847907,0.0,0.15301712497872955,0.978974472761994,0.05109413449543146,2.0,0.0016880138933791367,0.0016878880497489535,0.1
MILD,MILD__HOLD_R5_K175,PE O-16:1_24:0,175,R5,filter_loss,0.00363394739982096,3.089936208199211e-07,0.6719956962672089,0.7350890401757907,0.07613711984283755,0.5,0.001067432937777557,0.0006814609391118109,0.03571428571428571
MILD,MILD__HOLD_R5_K175,PE O-16:1_24:5,175,R5,filter_loss,0.0028464247624377303,9.364878437108975e-20,0.34567378912555613,0.9348240213453116,0.021667538356373084,0.8939526432607221,0.0025190919169711945,0.0024780282091372285,0.05555555555555555
MILD,MILD__HOLD_R5_K175,PE O-16:1_24:6,175,R5,filter_loss,0.02165259393146041,1.7104107530725302e-05,0.41848831684391674,0.9120817497666402,0.043713623229206855,2.0,0.0027064563948248077,0.0027649406387783015,0.05128205128205128
MILD,MILD__HOLD_R5_K175,PE O-18:0_20:1,175,R5,filter_loss,0.007184154955071785,2.6680437578878323e-06,0.318148671588633,0.9846847840318518,0.10986362796133797,0.8939526432607221,0.0001630039114796089,0.00017009481650798186,0.037037037037037035
MILD,MILD__HOLD_R5_K175,PE O-18:0_20:2,175,R5,solver_miss,0.0,,0.24588669439016053,0.9868742659860326,0.06594469017151477,0.689110922829001,0.0019601050080191307,0.0005584465070473943,0.0
MILD,MILD__HOLD_R5_K175,PE O-18:0_20:5,175,R5,filter_loss,0.010358390439309676,4.968003938833214e-07,0.6919909071159304,0.9215313010613547,0.1361896321849082,0.5,0.0038942866708165935,0.004027293005726573,0.02857142857142857
MILD,MILD__HOLD_R5_K175,PE O-18:0_22:3,175,R5,solver_miss,0.0,,0.17092763078541914,0.9848176901850096,0.13210834735563867,0.8939526432607221,0.0008456161502210513,0.0005473704997376316,0.125
MILD,MILD__HOLD_R5_K175,PE O-18:0_22:4,175,R5,filter_loss,0.010627722385745362,0.0,0.29140314574818993,0.9785214888337301,0.07223834193787476,0.5,0.00991779822923411,0.010948030972303235,0.06451612903225806
MILD,MILD__HOLD_R5_K175,PE O-18:0_22:5,175,R5,filter_loss,0.02039563681914484,9.34367481277665e-06,0.43559350264218133,0.9521162343234528,0.09057688868244451,1.8682084992203376,0.00897500524146111,0.0052266673231925465,0.03125
MILD,MILD__HOLD_R5_K175,PE O-18:0_22:6,175,R5,retained_true,0.018745177216923845,5.215784988329172e-05,0.5753436233533816,0.900438885889574,0.17868511941106635,2.0,0.000292360631166555,0.0004274430617627889,0.02857142857142857
MILD,MILD__HOLD_R5_K175,PE O-18:1_20:2,175,R5,filter_loss,0.006204329561548659,5.618927062265385e-19,0.23640856435982596,0.9860488591567219,0.05007971048025392,0.7303443264893795,0.0006346910313643761,0.00015812090998579276,0.0
MILD,MILD__HOLD_R5_K175,PE O-18:1_20:3,175,R5,solver_miss,5.739288656437481e-05,,0.17248031845796863,0.9828895828332406,0.04325030597265456,0.5,0.001199120320281133,0.001173666927543504,0.09090909090909091
MILD,MILD__HOLD_R5_K175,PE O-18:1_20:5,175,R5,filter_loss,0.004917606962542095,1.4407634076275987e-08,0.5577857427715306,0.9215313010613547,0.19234784377749203,0.5340342571614348,0.004494611377175217,0.0021003523208922292,0.023809523809523808
MILD,MILD__HOLD_R5_K175,PE O-18:2_20:3,175,R5,filter_loss,0.00537340489934778,0.0,0.15389249231375365,0.982213995160686,0.04157871249447814,0.7303443264893795,0.011902632343288366,0.01190551140071483,0.06060606060606061
MILD,MILD__HOLD_R5_K175,PE O-18:2_22:3,175,R5,filter_loss,0.004085759975250016,3.061587552491315e-07,0.11689533016188987,0.986523537683374,0.04682821117393669,1.2101381550740857,0.00025152470337641564,0.00025152508544168395,0.06451612903225806
MILD,MILD__HOLD_R5_K175,PE O-18:2_22:4,175,R5,filter_loss,0.0053823958836515156,3.74595137484359e-19,0.14828595476682938,0.9790243416279218,0.05669129626843439,0.5,0.0006958109492893882,0.000691927852268126,0.02631578947368421
MILD,MILD__HOLD_R5_K175,PE O-18:2_22:5,175,R5,filter_loss,0.009183550699681816,0.0,0.26103860623460656,0.9522818262826038,0.09101743804944895,2.0,0.0005889830349302683,0.0005985797905463386,0.02564102564102564
MILD,MILD__HOLD_R5_K175,PE O-18:3_20:3,175,R5,filter_loss,0.006291985487730005,1.2293868435569228e-09,0.14272429629361114,0.9852235586914223,0.03704042840064109,2.0,0.0009088682263856951,0.0009038504168767947,0.0
MILD,MILD__HOLD_R5_K175,PE O-18:3_22:3,175,R5,filter_loss,0.014953743572349847,5.774833467699498e-07,0.12439321564387905,0.986523537683374,0.03933032569194751,1.4538436095675817,0.00039330638137358154,0.000393316500170271,0.0967741935483871
MILD,MILD__HOLD_R5_K175,PE O-18:3_22:5,175,R5,filter_loss,0.014978878653024108,6.385381293746645e-07,0.24245622912169137,0.9538166594574129,0.08542067730299038,2.0,0.000300097893669804,0.0002976237770843104,0.0
MILD,MILD__HOLD_R5_K175,PE O-20:0_20:2,175,R5,filter_loss,0.0041555118252378336,0.0,0.3574277360579778,0.9885666181646524,0.13364990366733687,0.5,0.0013632549085536017,0.0008270848205020886,0.14814814814814814
MILD,MILD__HOLD_R5_K175,PE O-20:0_20:4,175,R5,filter_loss,0.009035252501202906,5.433668362560242e-07,0.526269032993801,0.9845400250879618,0.03802391643362135,0.8939526432607221,0.0021938309055087313,0.00017604092447076614,0.05263157894736842
MILD,MILD__HOLD_R5_K175,PE O-20:1_18:2,175,R5,filter_loss,0.014171480007466652,4.115113671574962e-06,0.4351737905876049,0.9895861653945057,0.1319467591106363,2.0,0.00023551375914476758,0.0002665464533165851,0.030303030303030304
MILD,MILD__HOLD_R5_K175,PE O-20:1_20:1,175,R5,filter_loss,0.02085290687738405,5.624601785769717e-08,0.300364327002164,0.9853143544809311,0.16047256463030118,2.0,0.021069383599322422,0.02380573565115074,0.0625
MILD,MILD__HOLD_R5_K175,PE O-20:1_20:2,175,R5,filter_loss,0.015535113108749289,5.522953449692619e-07,0.1653451175229508,0.9857697500316058,0.0657556111825639,2.0,0.022925236368650403,0.023326231185886726,0.03225806451612903
MILD,MILD__HOLD_R5_K175,PE O-20:1_20:3,175,R5,filter_loss,0.021665682944757354,7.825659919769133e-07,0.20156572631951045,0.9834038435158862,0.040391770192754556,1.8682084992203376,5.294427021595993e-05,2.361550169449611e-05,0.0
MILD,MILD__HOLD_R5_K175,PE O-20:2_20:3,175,R5,solver_miss,5.9961137918826313e-05,,0.1699072530804405,0.9836260273963529,0.031218531110331932,0.5,0.0001892135844027143,0.000190117413105928,0.06060606060606061
MILD,MILD__HOLD_R5_K175,PE O-20:3_20:3,175,R5,filter_loss,0.017114007011366797,2.952842534497444e-06,0.1678765453740962,0.9829060245747678,0.02838033431556483,2.0,0.0009170570347204476,0.0009176655325875416,0.11428571428571428
MILD,MILD__HOLD_R5_K175,PE O-20:3_20:4,175,R5,filter_loss,0.008419664441904784,1.2913963689539893e-07,0.2145730867610224,0.9824124426110163,0.03143893515640733,1.4538436095675817,0.0030017567410796087,0.002117635277798957,0.021739130434782608
MILD,MILD__HOLD_R5_K175,PE O-22:1_18:2,175,R5,filter_loss,0.015418022633532511,1.6648691254414275e-05,0.3303710154344505,0.9888056550432852,0.337294176164278,2.0,0.001060120048168356,0.0004618266693974249,0.0
MILD,MILD__HOLD_R5_K175,PG 14:0_20:0,175,R5,filter_loss,0.003899694595986302,9.364878437108975e-20,0.7233219574944608,0.7740328453451822,0.0781368584247818,0.5,6.341122825315182e-05,0.0008465325861760631,0.05
MILD,MILD__HOLD_R5_K175,PG 14:0_22:0,175,R5,filter_loss,0.004957883828897347,0.0,0.39347230654553556,0.7936099239641267,0.021497958044986498,0.5,6.010538475131888e-05,0.004721999882481787,0.0125
MILD,MILD__HOLD_R5_K175,PG 14:0_22:3,175,R5,filter_loss,0.005698785549021617,0.0,0.08672432217020402,0.9402021823761977,0.09248053115510325,1.0000000000000002,4.3691162162073915e-05,0.0010326677530587691,0.03614457831325301
MILD,MILD__HOLD_R5_K175,PG 14:0_22:5,175,R5,filter_loss,0.006248402600584595,9.967186046147482e-07,0.3916326572569566,0.8740294125875786,0.3151168353722158,0.6170676298438253,0.015233218820401295,0.028681124293445937,0.06976744186046512
MILD,MILD__HOLD_R5_K175,PG 14:0_24:4,175,R5,filter_loss,0.00831148861413183,2.040458282497954e-07,0.2364766144017557,0.9336814199983869,0.409000174620185,1.0000000000000002,0.0003849632011037052,0.0011070667357394592,0.04819277108433735
MILD,MILD__HOLD_R5_K175,PG 16:0_18:0,175,R5,filter_loss,0.005970353413700804,8.16915922078392e-07,0.2730282086736678,0.7320003904966144,0.5284306072455749,0.5,0.006718608831998929,0.00921187438394766,0.05154639175257732
MILD,MILD__HOLD_R5_K175,PG 16:0_20:2,175,R5,filter_loss,0.013258529563779238,0.0,0.06404391649487126,0.9219327136957365,0.1380284242110617,1.8682084992203376,0.0001325419053186394,0.0004419274324660716,0.021739130434782608
MILD,MILD__HOLD_R5_K175,PG 16:0_20:5,175,R5,filter_loss,0.018447117327377433,1.6023055228024725e-06,0.3586980333079263,0.7784577318028689,0.43367157561769326,2.0,0.0005535803503026182,0.0007745547809636655,0.03614457831325301
MILD,MILD__HOLD_R5_K175,PG 16:0_22:4,175,R5,filter_loss,0.016352914094770035,4.270821061974728e-07,0.20371874124768685,0.9923755383909935,0.44339453837236364,1.0760213163243861,0.006204517917372199,0.004482035888584646,0.034482758620689655
MILD,MILD__HOLD_R5_K175,PG 16:0_22:6,175,R5,filter_loss,0.00685087841381053,5.5573530275127367e-08,0.42771565508602566,0.9755490303044848,0.17342901101082447,0.5,0.0035863246382661362,0.005133708069018583,0.046511627906976744
MILD,MILD__HOLD_R5_K175,PG 16:1_20:1,175,R5,filter_loss,0.013694367895332288,7.207983852731268e-07,0.09626468926765062,0.9360510343034749,0.032094009427904344,0.689110922829001,0.00014154946035849214,0.02162659342799489,0.022727272727272728
MILD,MILD__HOLD_R5_K175,PG 16:1_22:3,175,R5,filter_loss,0.0202752972492272,6.212374977622975e-07,0.23838939494724698,0.9816952449555878,0.29010776373355207,1.8682084992203376,0.0029689467587183938,0.011172064022184958,0.046511627906976744
MILD,MILD__HOLD_R5_K175,PG 16:1_22:5,175,R5,filter_loss,0.008704531893282567,2.0795810363551386e-07,0.33527002658239174,0.9821921171688058,0.16525580723594785,1.2101381550740857,0.0013743626973785616,0.0016358418510322714,0.060240963855421686
MILD,MILD__HOLD_R5_K175,PG 17:0_18:0,175,R5,retained_true,0.011127625325543043,0.00016459967237671802,0.5692674122568047,0.7118582510946688,0.2506727968425583,1.2101381550740857,0.005002985232330115,0.006596406970651447,0.08
MILD,MILD__HOLD_R5_K175,PG 17:0_18:2,175,R5,filter_loss,0.016071516254363295,7.861707020952164e-07,0.3764851143957298,0.9263229165510191,0.3987025973319038,1.8682084992203376,0.008230647100060384,0.016439132142790913,0.021505376344086023
MILD,MILD__HOLD_R5_K175,PG 17:0_20:0,175,R5,retained_true,0.019775166411367597,0.0010765693827814074,0.8310149974793403,0.9206618024583055,0.050880880759260116,2.0,0.003081353950645682,0.007454888958567052,0.08791208791208792
MILD,MILD__HOLD_R5_K175,PG 17:0_20:1,175,R5,retained_true,0.018897068726749542,0.00021995930252949366,0.7656382983426151,0.9467690930810565,0.11848369535153747,2.0,0.0003650793415157505,0.0031137288602455238,0.05319148936170213
MILD,MILD__HOLD_R5_K175,PG 17:0_20:3,175,R5,filter_loss,0.012005673170524452,3.4843203824618727e-08,0.15645235358917814,0.9898819477902964,0.24553643982354834,2.0,0.0011922815237459528,0.0006965114657125904,0.061855670103092786
MILD,MILD__HOLD_R5_K175,PG 17:0_20:4,175,R5,filter_loss,0.0011855986677564835,1.1829896733853464e-07,0.333380957182523,0.9887826418894832,0.3019228169112968,0.5,0.0009626592846555537,0.0006253799471490629,0.029411764705882353
MILD,MILD__HOLD_R5_K175,PG 17:1_20:1,175,R5,filter_loss,0.011465239546238112,8.730179396843774e-07,0.266391512522408,0.9726361074886047,0.01725447718424139,2.0,4.577721397003298e-05,0.0002219708024051581,0.034482758620689655
MILD,MILD__HOLD_R5_K175,PG 17:1_20:4,175,R5,filter_loss,0.002067739425406089,0.0,0.4831275545644737,0.9853779862370524,0.22593740389897193,0.7303443264893795,0.0021811563309734883,0.003555580182944329,0.02127659574468085
MILD,MILD__HOLD_R5_K175,PG 18:0_18:0,175,R5,filter_loss,0.012089349036803127,2.487071202245863e-06,0.27746580180873914,0.8568501347183278,0.3515672967583239,2.0,0.0003581991358001524,0.00010951787532964552,0.03389830508474576
MILD,MILD__HOLD_R5_K175,PG 18:0_18:1,175,R5,filter_loss,0.006182209128482309,0.0,0.22385302590484416,0.857321011866293,0.5499702514118422,1.2101381550740857,0.009484848876495366,0.014209638457357121,0.06329113924050633
MILD,MILD__HOLD_R5_K175,PG 18:0_20:5,175,R5,filter_loss,0.002015368958839034,8.93404628599012e-08,0.3912132251385195,0.9850297730134422,0.3528221066303361,0.5,0.0008703065793419507,0.00036847638994674803,0.020833333333333332
MILD,MILD__HOLD_R5_K175,PG 18:1_18:1,175,R5,filter_loss,0.00899338387755443,2.8094635311326924e-19,0.20074680321951024,0.9552207873236039,0.5335974465364102,2.0,0.001967807797006671,0.0008816908419428948,0.034482758620689655
MILD,MILD__HOLD_R5_K175,PG 18:1_18:2,175,R5,filter_loss,0.012739249387594132,4.3665987357254087e-07,0.18514361914509317,0.8693484458976806,0.5954341339760317,1.4538436095675817,0.0025587379885222417,0.0008958728503084545,0.05970149253731343
MILD,MILD__HOLD_R5_K175,PG 18:1_20:5,175,R5,filter_loss,0.005862691174636704,2.2460056171315347e-07,0.43403628582268905,0.9724669479844656,0.20168966737085237,0.5,0.004315376155732187,0.0033317377345079002,0.010416666666666666
MILD,MILD__HOLD_R5_K175,PG 18:2_20:2,175,R5,filter_loss,0.014080813414623907,0.0,0.26810270421335247,0.9325718345250835,0.2603944544674466,2.0,7.151403581784344e-05,0.0005881280192069349,0.0898876404494382
MILD,MILD__HOLD_R5_K175,PG 18:2_20:5,175,R5,filter_loss,0.012711046728376132,1.4359917124780636e-06,0.45600375389372205,0.9631467226016989,0.13540569175942307,1.0760213163243861,0.003755522198340744,0.003347427340093412,0.033707865168539325
MILD,MILD__HOLD_R5_K175,PG 20:0_16:1,175,R5,filter_loss,0.003725723619210261,6.708200794223004e-08,0.27509463736924117,0.8206488603123235,0.4400895324696777,0.5,0.0035883190031053003,0.002125072738387912,0.04597701149425287
MILD,MILD__HOLD_R5_K175,PG 20:1_18:3,175,R5,filter_loss,0.008421777985167338,2.569848294366954e-07,0.23811465068961957,0.9659907277452849,0.39065317821122125,1.0760213163243861,0.003301798627939889,0.0014211657860777605,0.013333333333333334
MILD,MILD__HOLD_R5_K175,PS 14:0_20:0,175,R5,retained_true,0.020999409796321596,4.512122816754768e-05,0.6390062445975,0.6039215648852556,0.16709168430356958,2.0,0.0027541471004010054,0.0027427701343425426,0.013888888888888888
MILD,MILD__HOLD_R5_K175,PS 14:0_22:0,175,R5,retained_true,0.019206025129013093,0.0004318658876033079,0.755911282254363,0.4966771953016806,0.15131295823331015,2.0,0.014301426338439227,0.022659755577108642,0.07142857142857142
MILD,MILD__HOLD_R5_K175,PS 14:0_22:2,175,R5,filter_loss,0.003739824555129268,6.250479178878933e-07,0.4826107446087538,0.6351598729298585,0.056673251273551106,0.5,0.002331991978609671,0.013828208191141056,0.07142857142857142
MILD,MILD__HOLD_R5_K175,PS 14:0_22:4,175,R5,retained_true,0.027173387606354363,3.586581121689488e-05,0.3282929959935041,0.543623575220217,0.10688133467946276,2.0,0.005255813177672319,0.004191883189783474,0.05333333333333334
MILD,MILD__HOLD_R5_K175,PS 16:0_20:3,175,R5,filter_loss,0.0021440997567611373,9.364878437108975e-20,0.31718607034211305,0.6379581944357362,0.2271159539431486,0.5,0.024743180600422243,0.0532754581349153,0.02631578947368421
MILD,MILD__HOLD_R5_K175,PS 16:0_20:5,175,R5,filter_loss,0.005522794157255018,9.263807423594635e-07,0.4925110672748304,0.5885323920958705,0.2627774230424914,0.5340342571614348,0.0034720204595677373,0.005312662972331572,0.02857142857142857
MILD,MILD__HOLD_R5_K175,PS 16:1_20:1,175,R5,retained_true,0.021158989808887353,5.021267600202835e-05,0.4129541991564398,0.5415506422933887,0.12632979672586508,2.0,0.005809768621976241,0.013510185735995384,0.05405405405405406
MILD,MILD__HOLD_R5_K175,PS 16:1_20:3,175,R5,filter_loss,0.007171636862854597,1.4849351951385145e-06,0.34984059386853866,0.5074650921831881,0.12705139171053204,1.2101381550740857,0.007313982585612444,0.02550036110593812,0.04225352112676056
MILD,MILD__HOLD_R5_K175,PS 16:1_20:4,175,R5,retained_true,0.02188406690315307,0.00014818483494805667,0.6316414058973379,0.55604981646135,0.12364708441998395,2.0,0.0006250680690788046,0.0006367104023839998,0.05128205128205128
MILD,MILD__HOLD_R5_K175,PS 17:0_18:1,175,R5,retained_true,0.005102526068913103,1.9763525636676407e-05,0.6537549379034493,0.5358578664393875,0.1898482402281083,0.5,0.00248721638376892,0.002491653810229977,0.0410958904109589
MILD,MILD__HOLD_R5_K175,PS 18:0_16:1,175,R5,filter_loss,0.00569746155683118,3.2954777132367952e-06,0.4974005788167513,0.5669019742880855,0.3372870145815912,0.689110922829001,0.007780393272455055,0.007796839687494228,0.014492753623188406
MILD,MILD__HOLD_R5_K175,PS 18:0_17:1,175,R5,filter_loss,0.006894863143937838,1.350422738383204e-05,0.5700329198506149,0.552158066910196,0.2648511266188399,0.5,0.10610618543008443,0.10639827148241643,0.014925373134328358
MILD,MILD__HOLD_R5_K175,PS 18:0_18:0,175,R5,filter_loss,0.01786206822309124,2.452801115919931e-06,0.4331045541325963,0.7822407069839156,0.19197976773862468,2.0,0.004926182990125705,0.004921859357551961,0.03773584905660377
MILD,MILD__HOLD_R5_K175,PS 18:0_18:3,175,R5,retained_true,0.015839423742828002,4.738513164969779e-05,0.5738266720137706,0.6379581944357362,0.264601068755451,2.0,0.001516310654012143,0.0014631946069058044,0.06666666666666667
MILD,MILD__HOLD_R5_K175,PS 18:1_18:3,175,R5,filter_loss,0.005598930359515791,9.277396172825756e-06,0.6381277857367744,0.5253007492314473,0.23640738012806917,0.5340342571614348,0.002803569105580772,0.0028337271763367866,0.046875
MILD,MILD__HOLD_R5_K175,PS 20:0_16:1,175,R5,filter_loss,0.0037879979336759456,6.4566918715487e-07,0.49681824282241865,0.5478869149773706,0.34409744001467496,0.6170676298438253,0.059660803180161204,0.06023360124150534,0.06578947368421052
MODERATE,MODERATE__HOLD_R1_K050,PA 18:0_22:2,50,R1,filter_loss,0.012983670768991292,7.437592517031283e-06,0.27393752390511106,0.8394493239810369,0.36260158405766385,0.6170676298438253,0.02351886071492093,0.02069604792981916,0.16
MODERATE,MODERATE__HOLD_R1_K050,PA 18:0_22:4,50,R1,filter_loss,0.004858510293073762,1.6052317855342068e-18,0.18925162859522815,0.8691673191165914,0.31323723028330897,0.5,0.028616841107932944,0.028598164600455833,0.13414634146341464
MODERATE,MODERATE__HOLD_R1_K050,PA 18:0_24:1,50,R1,filter_loss,0.016113480688562318,2.5428301941298137e-05,0.3334734584306543,0.8793255202210899,0.22349976674487387,0.689110922829001,0.026829836515780414,0.029863395376363955,0.11940298507462686
MODERATE,MODERATE__HOLD_R1_K050,PA 18:1_22:1,50,R1,retained_true,0.03199189207213926,8.389481942782802e-05,0.46175873097333114,0.9022714644699661,0.2905844069806663,0.7303443264893795,0.0019058111212388873,0.005781683022816564,0.10810810810810811
MODERATE,MODERATE__HOLD_R1_K050,PA 20:0_20:4,50,R1,filter_loss,0.005878738849748727,8.330494678684527e-06,0.1645114953783594,0.8957566529041909,0.3424625013635971,0.7303443264893795,0.035207471766033116,0.037242614862983636,0.10112359550561797
MODERATE,MODERATE__HOLD_R1_K050,PA 20:1_20:1,50,R1,filter_loss,0.005560339496290911,2.638696503292152e-05,0.4231895167566119,0.9753576763078726,0.3291536211973855,0.5,0.004056557011968609,0.009118661173266429,0.11363636363636363
MODERATE,MODERATE__HOLD_R1_K050,PA 20:1_22:1,50,R1,retained_true,0.017650693713007547,0.00011990133375871583,0.48292710886676304,0.8982874947005188,0.22073574264275386,0.7802037075442214,0.042150757204609035,0.046487835812741074,0.11842105263157894
MODERATE,MODERATE__HOLD_R1_K050,PA 22:1_18:2,50,R1,retained_true,0.043859425466567625,0.00032657113096049424,0.3672416022212644,0.8804726866933393,0.42728280324989093,2.0,0.02691113441240789,0.023724425464931476,0.05405405405405406
MODERATE,MODERATE__HOLD_R1_K050,PA 22:1_20:2,50,R1,retained_true,0.04221436606094574,0.00037966300162536854,0.43337633237958284,0.8789327040599717,0.27097424872123554,2.0,0.013554543831596821,0.01914604769921946,0.09333333333333334
MODERATE,MODERATE__HOLD_R1_K050,PA 22:1_20:3,50,R1,retained_true,0.017244245944309313,0.00014069819209404008,0.47201880717776407,0.8266719825061805,0.24944586960093668,0.5340342571614348,0.036066276380636864,0.04223833819265632,0.12987012987012986
MODERATE,MODERATE__HOLD_R1_K050,PA 22:6_22:6,50,R1,retained_true,0.05332634833912673,0.00266516122194759,0.5618631902016936,0.691000163096786,0.18635717808006635,2.0,0.011791523875777421,0.012108010693223203,0.14583333333333334
MODERATE,MODERATE__HOLD_R1_K050,PC 14:0_20:4,50,R1,retained_true,0.021491466155640786,0.0006058868205915803,0.6036768381098416,0.7745273553735048,0.030942368542241527,0.7802037075442214,0.02095375866627036,0.020883261090615557,0.060240963855421686
MODERATE,MODERATE__HOLD_R1_K050,PC 16:1_18:1,50,R1,filter_loss,0.043368253781903336,0.0,0.3710824945274597,0.6900215947371616,0.3528311199198995,2.0,0.016335279638232003,0.01633586859628633,0.08695652173913043
MODERATE,MODERATE__HOLD_R1_K050,PC 20:0_14:1,50,R1,filter_loss,0.01688109106486755,6.5917916983463334e-06,0.593367589246976,0.47707361889437966,0.2851238976272237,0.6170676298438253,0.009633002353415354,0.00963735879025518,0.12
MODERATE,MODERATE__HOLD_R1_K050,PE 16:0_22:1,50,R1,filter_loss,0.025398228966096784,2.772576723465374e-05,0.20454583643989277,0.8508967724619106,0.32715941021570594,1.4538436095675817,0.012638953305908918,0.012713523169433083,0.16666666666666666
MODERATE,MODERATE__HOLD_R1_K050,PE 16:0_22:2,50,R1,filter_loss,0.020766081253007433,1.680395409753065e-05,0.1886425381510025,0.8572487991575071,0.3301179135196991,2.0,0.02756581713086992,0.02769940301002005,0.12280701754385964
MODERATE,MODERATE__HOLD_R1_K050,PE 16:0_24:5,50,R1,filter_loss,0.011053252322641755,1.6052317855342068e-18,0.21271686018449112,0.9348240213453116,0.1546244672974381,0.5,0.007927872983995443,0.007752559846100793,0.1206896551724138
MODERATE,MODERATE__HOLD_R1_K050,PE 16:1_22:1,50,R1,retained_true,0.024569135551583337,6.275535870770696e-05,0.29634414058106057,0.6962164662208943,0.4407404219699385,1.0000000000000002,0.0338159661449321,0.0358225131677532,0.11320754716981132
MODERATE,MODERATE__HOLD_R1_K050,PE 16:1_22:4,50,R1,filter_loss,0.002876510964136997,0.0,0.11707440620301834,0.9872300880237134,0.16084900498979865,0.5,0.0029498684932359742,0.002949875225067733,0.1111111111111111
MODERATE,MODERATE__HOLD_R1_K050,PE 17:0_20:0,50,R1,filter_loss,0.015783400020952403,2.9777210984478653e-06,0.2698075638945543,0.9206618024583055,0.26327938903853587,0.5,0.008181300974087313,0.0076215412507438796,0.14285714285714285
MODERATE,MODERATE__HOLD_R1_K050,PE 17:0_22:6,50,R1,retained_true,0.03215519004154402,0.00030565705496472795,0.31244709118745745,0.8271838267520604,0.30433218821543645,2.0,0.02043282907208166,0.02128164989764758,0.21212121212121213
MODERATE,MODERATE__HOLD_R1_K050,PE 18:3_20:4,50,R1,filter_loss,0.00680380726044733,1.8273820892218576e-05,0.15717262060050777,0.9796724074104938,0.3020809046376558,0.5,0.12042440326983606,0.1206991783278889,0.1891891891891892
MODERATE,MODERATE__HOLD_R1_K050,PE 20:1_20:3,50,R1,filter_loss,0.014946126575796307,3.953924720520788e-05,0.15409170574418976,0.9673598800301968,0.13448997604329319,1.2101381550740857,0.0014960618723857122,0.0013968157459480768,0.09433962264150944
MODERATE,MODERATE__HOLD_R1_K050,PE 20:3_20:3,50,R1,filter_loss,0.022489846327574864,1.7103960479124507e-05,0.11972298568219342,0.9884825101246301,0.06004173901205881,1.0000000000000002,0.0016963874672193402,0.0016617522380532046,0.10344827586206896
MODERATE,MODERATE__HOLD_R1_K050,PE 22:0_16:1,50,R1,retained_true,0.04673171266260891,0.0003938850883569972,0.4791490094759039,0.8206488603123235,0.1992356350010589,2.0,0.01398340966457523,0.015429314087784252,0.0784313725490196
MODERATE,MODERATE__HOLD_R1_K050,PE O-16:0_22:4,50,R1,filter_loss,0.022339484041657094,8.594657075669726e-06,0.21233553953653375,0.9788297262879938,0.0525446422437508,2.0,0.0014353458098601557,0.0014785625831121862,0.0
MODERATE,MODERATE__HOLD_R1_K050,PE O-16:0_22:5,50,R1,retained_true,0.042775858097559745,0.00023592315470055624,0.2748935194643735,0.9595548171321114,0.1397678816901211,2.0,0.0014573668327483302,0.0010336822738566953,0.0
MODERATE,MODERATE__HOLD_R1_K050,PE O-16:1_24:0,50,R1,retained_true,0.014064466779247477,0.00013513012826181926,0.6719956962672089,0.7350890401757907,0.07613711984283755,0.5,0.004366731043771277,0.0027348561583652176,0.07142857142857142
MODERATE,MODERATE__HOLD_R1_K050,PE O-16:1_24:5,50,R1,filter_loss,0.038065754121152415,3.311964870511688e-05,0.34567378912555613,0.9348240213453116,0.021667538356373084,0.8939526432607221,0.011877127120754505,0.011714428054727999,0.05555555555555555
MODERATE,MODERATE__HOLD_R1_K050,PE O-18:0_20:2,50,R1,filter_loss,0.010874228641596885,8.238404586079479e-06,0.24588669439016053,0.9868742659860326,0.06594469017151477,0.689110922829001,0.00877764206900511,0.0025374031051380586,0.07692307692307693
MODERATE,MODERATE__HOLD_R1_K050,PE O-18:0_22:3,50,R1,filter_loss,0.010193060729471596,1.1890440479404532e-07,0.17092763078541914,0.9848176901850096,0.13210834735563867,0.8939526432607221,0.003936637273247778,0.002721574194149201,0.125
MODERATE,MODERATE__HOLD_R1_K050,PE O-18:1_20:3,50,R1,filter_loss,0.022569439597569407,0.0,0.17248031845796863,0.9828895828332406,0.04325030597265456,0.5,0.004280407775395512,0.004177774932991096,0.12121212121212122
MODERATE,MODERATE__HOLD_R1_K050,PE O-18:3_20:3,50,R1,filter_loss,0.02700344033239409,1.1993111773660536e-06,0.14272429629361114,0.9852235586914223,0.03704042840064109,2.0,0.0033996321470814994,0.0033814598886886538,0.030303030303030304
MODERATE,MODERATE__HOLD_R1_K050,PE O-18:3_22:5,50,R1,retained_true,0.03717202200512034,0.0001119185632773581,0.24245622912169137,0.9538166594574129,0.08542067730299038,2.0,0.0013059829909413123,0.0012967573271988053,0.02564102564102564
MODERATE,MODERATE__HOLD_R1_K050,PE O-20:1_18:2,50,R1,retained_true,0.04411865733762667,6.041364594018693e-05,0.4351737905876049,0.9895861653945057,0.1319467591106363,2.0,0.0063135284661594016,0.00756257282988404,0.12121212121212122
MODERATE,MODERATE__HOLD_R1_K050,PE O-20:3_20:4,50,R1,filter_loss,0.014606892852583443,3.1942489042792005e-06,0.2145730867610224,0.9824124426110163,0.03143893515640733,1.4538436095675817,0.009135750159838807,0.006421502386010913,0.06521739130434782
MODERATE,MODERATE__HOLD_R1_K050,PE O-22:1_18:2,50,R1,retained_true,0.053494603700914356,0.0004123862739273116,0.3303710154344505,0.9888056550432852,0.337294176164278,2.0,0.009925040544100261,0.010085456571791829,0.14705882352941177
MODERATE,MODERATE__HOLD_R1_K050,PG 14:0_20:0,50,R1,filter_loss,0.015679235349424378,2.2908780625902777e-05,0.7233219574944608,0.7740328453451822,0.0781368584247818,0.5,0.0001978858993553212,0.00261810597049994,0.075
MODERATE,MODERATE__HOLD_R1_K050,PG 14:0_22:0,50,R1,filter_loss,0.005504628193679843,0.0,0.39347230654553556,0.7936099239641267,0.021497958044986498,0.5,0.0002454187826737009,0.020583162875648098,0.0375
MODERATE,MODERATE__HOLD_R1_K050,PG 16:0_22:4,50,R1,filter_loss,0.0501248409789639,3.035476811722159e-05,0.20371874124768685,0.9923755383909935,0.44339453837236364,1.0760213163243861,0.02098008274366725,0.021660108898242325,0.06896551724137931
MODERATE,MODERATE__HOLD_R1_K050,PG 16:1_22:3,50,R1,filter_loss,0.030727674460237876,2.0349512638214384e-05,0.23838939494724698,0.9816952449555878,0.29010776373355207,1.8682084992203376,0.0105728782574529,0.05125626961388585,0.13953488372093023
MODERATE,MODERATE__HOLD_R1_K050,PG 17:0_18:2,50,R1,retained_true,0.06198324749394202,0.00027048244010644386,0.3764851143957298,0.9263229165510191,0.3987025973319038,1.8682084992203376,0.009484791059420017,0.016719429623746618,0.06451612903225806
MODERATE,MODERATE__HOLD_R1_K050,PG 18:0_18:1,50,R1,filter_loss,0.014682075709432444,0.0,0.22385302590484416,0.857321011866293,0.5499702514118422,1.2101381550740857,0.013214245959425774,0.015415554182313107,0.08860759493670886
MODERATE,MODERATE__HOLD_R1_K050,PG 18:2_20:2,50,R1,filter_loss,0.0583373265079308,2.284239560234052e-06,0.26810270421335247,0.9325718345250835,0.2603944544674466,2.0,0.00035321850653713405,0.0029041614180301822,0.1797752808988764
MODERATE,MODERATE__HOLD_R1_K050,PG 20:1_18:3,50,R1,filter_loss,0.02235212418445216,8.19853111745874e-06,0.23811465068961957,0.9659907277452849,0.39065317821122125,1.0760213163243861,0.013223788545502657,0.005873700646287117,0.04
MODERATE,MODERATE__HOLD_R1_K050,PS 16:0_20:3,50,R1,retained_true,0.0074356312555055775,0.00014037265629001722,0.31718607034211305,0.6379581944357362,0.2271159539431486,0.5,0.027212528966907734,0.058276376417067954,0.09210526315789473
MODERATE,MODERATE__HOLD_R1_K050,PS 16:1_20:4,50,R1,retained_true,0.062013651608418624,0.0050929643526746084,0.6316414058973379,0.55604981646135,0.12364708441998395,2.0,0.002065200950896351,0.0021543074540258944,0.07692307692307693
MODERATE,MODERATE__HOLD_R1_K050,PS 17:0_18:1,50,R1,retained_true,0.015811308227642647,0.0004637211096318157,0.6537549379034493,0.5358578664393875,0.1898482402281083,0.5,0.010570117363184806,0.010591397975243666,0.0547945205479452
MODERATE,MODERATE__HOLD_R1_K050,PS 18:0_18:3,50,R1,retained_true,0.06289316048347081,0.002429665488473409,0.5738266720137706,0.6379581944357362,0.264601068755451,2.0,0.09413502859169243,0.095342705409444,0.10666666666666667
MODERATE,MODERATE__HOLD_R1_K050,PS 18:1_18:3,50,R1,retained_true,0.016082949864948688,0.00029456923209413385,0.6381277857367744,0.5253007492314473,0.23640738012806917,0.5340342571614348,0.06172178898474612,0.06271145019339008,0.078125
MODERATE,MODERATE__HOLD_R1_K125,PA 16:0_24:1,125,R1,retained_true,0.020912179927260972,6.560311445052489e-05,0.5504804076642431,0.883487638633687,0.19595790828137805,2.0,0.007297931729579266,0.0021546023846907847,0.03571428571428571
MODERATE,MODERATE__HOLD_R1_K125,PA 18:0_22:0,125,R1,filter_loss,0.015954906720097733,0.0,0.3381799302246325,0.7789494468002593,0.44534403487199864,1.4538436095675817,0.02848961175578779,0.03648961246100402,0.08108108108108109
MODERATE,MODERATE__HOLD_R1_K125,PA 18:0_22:2,125,R1,filter_loss,0.004059553874136978,7.229807929295889e-19,0.27393752390511106,0.8394493239810369,0.36260158405766385,0.6170676298438253,0.02351886071492093,0.02069604792981916,0.16
MODERATE,MODERATE__HOLD_R1_K125,PA 18:0_22:4,125,R1,filter_loss,0.008412361469637067,0.0,0.18925162859522815,0.8691673191165914,0.31323723028330897,0.5,0.028616841107932944,0.028598164600455833,0.13414634146341464
MODERATE,MODERATE__HOLD_R1_K125,PA 18:0_24:1,125,R1,filter_loss,0.013865306026710336,2.5502063499017727e-07,0.3334734584306543,0.8793255202210899,0.22349976674487387,0.689110922829001,0.026829836515780414,0.029863395376363955,0.11940298507462686
MODERATE,MODERATE__HOLD_R1_K125,PA 18:0_24:5,125,R1,filter_loss,0.0027410378177944333,0.0,0.1609179673339711,0.923167578011941,0.23175005437601462,0.5,0.0036633805692699584,0.0036136396067398824,0.0625
MODERATE,MODERATE__HOLD_R1_K125,PA 18:1_22:1,125,R1,filter_loss,0.015470896102748337,2.092177066779573e-07,0.46175873097333114,0.9022714644699661,0.2905844069806663,0.7303443264893795,0.0019058111212388873,0.005781683022816564,0.10810810810810811
MODERATE,MODERATE__HOLD_R1_K125,PA 18:1_22:3,125,R1,filter_loss,0.023741884750150946,2.202849089658741e-05,0.26035456632127724,0.8639124793194024,0.33467634555443054,2.0,0.01104951059015924,0.009298220516597566,0.05194805194805195
MODERATE,MODERATE__HOLD_R1_K125,PA 18:1_22:4,125,R1,filter_loss,0.011007478068739081,7.222119143376047e-07,0.23118051955905902,0.7349039762795926,0.45741325188581883,2.0,0.02171118528722915,0.021927532103925507,0.08433734939759036
MODERATE,MODERATE__HOLD_R1_K125,PA 18:1_24:4,125,R1,filter_loss,0.0060394702899966846,5.269189389414786e-06,0.2590661626283403,0.770029563231097,0.383684973635327,0.5,0.004381306891687475,0.004326198598567421,0.09411764705882353
MODERATE,MODERATE__HOLD_R1_K125,PA 20:0_20:3,125,R1,filter_loss,0.011241124430605515,0.0,0.28594755195446475,0.8048190171061798,0.4076195370011738,1.4538436095675817,0.026905938589507516,0.03319554418155579,0.13414634146341464
MODERATE,MODERATE__HOLD_R1_K125,PA 20:0_20:4,125,R1,filter_loss,0.00447893190969239,3.3929902342314775e-06,0.1645114953783594,0.8957566529041909,0.3424625013635971,0.7303443264893795,0.035207471766033116,0.037242614862983636,0.10112359550561797
MODERATE,MODERATE__HOLD_R1_K125,PA 20:0_22:1,125,R1,filter_loss,0.007996429164003184,0.0,0.3017443733307278,0.7600275012777736,0.3861256918000734,0.689110922829001,0.013143009850812737,0.013404242312570869,0.07792207792207792
MODERATE,MODERATE__HOLD_R1_K125,PA 20:0_22:4,125,R1,filter_loss,0.004155073176658269,0.0,0.241048023112079,0.8303328039494347,0.3429309669132585,0.5,0.0709592887498206,0.07259142093825233,0.11627906976744186
MODERATE,MODERATE__HOLD_R1_K125,PA 20:1_20:1,125,R1,filter_loss,0.008642354589075765,5.027302233322002e-06,0.4231895167566119,0.9753576763078726,0.3291536211973855,0.5,0.004056557011968609,0.009118661173266429,0.11363636363636363
MODERATE,MODERATE__HOLD_R1_K125,PA 20:1_22:1,125,R1,filter_loss,0.007645379458516534,9.296223444023872e-06,0.48292710886676304,0.8982874947005188,0.22073574264275386,0.7802037075442214,0.042150757204609035,0.046487835812741074,0.11842105263157894
MODERATE,MODERATE__HOLD_R1_K125,PA 20:1_22:3,125,R1,filter_loss,0.009638211923263518,0.0,0.33476954438953394,0.8781031661032047,0.24658711409645712,1.8682084992203376,0.027253364092044596,0.03116676551298969,0.08860759493670886
MODERATE,MODERATE__HOLD_R1_K125,PA 20:1_22:6,125,R1,filter_loss,0.011994379380662033,3.405760479026363e-06,0.23670331410171605,0.9753576763078726,0.2468565478982028,1.0760213163243861,0.011632730240933808,0.011684792340459604,0.07407407407407407
MODERATE,MODERATE__HOLD_R1_K125,PA 20:4_22:4,125,R1,filter_loss,0.006819753081802014,6.115361095795273e-06,0.48634054946811606,0.6664725514235691,0.28586225820427874,0.5,0.02659509671704785,0.027615015444042434,0.053763440860215055
MODERATE,MODERATE__HOLD_R1_K125,PA 22:0_20:1,125,R1,filter_loss,0.011622657251068367,1.76225084628272e-05,0.4020166500263304,0.8495611434984474,0.2527636987135384,1.0760213163243861,0.024670426894927378,0.029212533438468746,0.04
MODERATE,MODERATE__HOLD_R1_K125,PA 22:0_20:4,125,R1,filter_loss,0.01845111935575205,3.0013804989978226e-05,0.4550397992700734,0.7513055221510871,0.3384293666283728,2.0,0.0086714832213447,0.008835232942307703,0.10843373493975904
MODERATE,MODERATE__HOLD_R1_K125,PA 22:1_18:2,125,R1,filter_loss,0.02457875749770558,5.173878811213389e-06,0.3672416022212644,0.8804726866933393,0.42728280324989093,2.0,0.02691113441240789,0.023724425464931476,0.05405405405405406
MODERATE,MODERATE__HOLD_R1_K125,PA 22:1_20:2,125,R1,filter_loss,0.01201199967812686,2.498281043677838e-05,0.43337633237958284,0.8789327040599717,0.27097424872123554,2.0,0.013554543831596821,0.01914604769921946,0.09333333333333334
MODERATE,MODERATE__HOLD_R1_K125,PA 22:1_20:3,125,R1,retained_true,0.021860236952162906,0.00010023312078955966,0.47201880717776407,0.8266719825061805,0.24944586960093668,0.5340342571614348,0.036066276380636864,0.04223833819265632,0.12987012987012986
MODERATE,MODERATE__HOLD_R1_K125,PA 22:1_20:5,125,R1,filter_loss,0.006374005349982842,1.579830366396762e-05,0.35373566324826666,0.8941830868357824,0.2306843778836697,0.5,0.015948807673170196,0.017555832364119728,0.05
MODERATE,MODERATE__HOLD_R1_K125,PA 22:5_22:5,125,R1,filter_loss,0.008172627283273929,6.900542411110265e-06,0.37471749963267753,0.9264320052062154,0.08562930665407442,0.8939526432607221,0.11253485184806455,0.11659000749086579,0.15217391304347827
MODERATE,MODERATE__HOLD_R1_K125,PA 22:6_22:6,125,R1,retained_true,0.02344048436560321,0.0002119853807033856,0.5618631902016936,0.691000163096786,0.18635717808006635,2.0,0.011791523875777421,0.012108010693223203,0.14583333333333334
MODERATE,MODERATE__HOLD_R1_K125,PA 24:1_18:2,125,R1,filter_loss,0.018601755357318794,1.1600752657331024e-05,0.416531063009088,0.7481851339902038,0.35294871355264307,1.0000000000000002,0.007982763433951878,0.006877013303554724,0.07575757575757576
MODERATE,MODERATE__HOLD_R1_K125,PC 14:0_20:4,125,R1,retained_true,0.009074478632035091,0.00011125905736847885,0.6036768381098416,0.7745273553735048,0.030942368542241527,0.7802037075442214,0.02095375866627036,0.020883261090615557,0.060240963855421686
MODERATE,MODERATE__HOLD_R1_K125,PC 14:1_20:1,125,R1,retained_true,0.021402722005096835,6.532378071831923e-05,0.4158486366407816,0.6900215947371616,0.30806497780657766,2.0,0.0011240740041472685,0.001119940951996412,0.05194805194805195
MODERATE,MODERATE__HOLD_R1_K125,PC 16:0_18:0,125,R1,filter_loss,0.010331883106374184,1.9600166431370237e-05,0.49212912704514206,0.6471130837014081,0.2680149501547328,0.7802037075442214,0.014468031505265433,0.014462911284981339,0.07058823529411765
MODERATE,MODERATE__HOLD_R1_K125,PC 16:0_18:1,125,R1,filter_loss,0.003395496867005927,0.0,0.3986166534022413,0.6482926248318512,0.4109027795617344,0.5340342571614348,0.010716155688694329,0.010716085125303088,0.18840579710144928
MODERATE,MODERATE__HOLD_R1_K125,PC 16:1_18:1,125,R1,filter_loss,0.023757606973378614,0.0,0.3710824945274597,0.6900215947371616,0.3528311199198995,2.0,0.016335279638232003,0.01633586859628633,0.08695652173913043
MODERATE,MODERATE__HOLD_R1_K125,PC 16:1_18:2,125,R1,retained_true,0.03295847233115074,0.00011278031142923258,0.6451321224456396,0.494520891089959,0.2246564065829395,2.0,0.0851555772113064,0.08515960466327943,0.08888888888888889
MODERATE,MODERATE__HOLD_R1_K125,PC 20:0_14:1,125,R1,filter_loss,0.011524979095436401,4.916202190268718e-06,0.593367589246976,0.47707361889437966,0.2851238976272237,0.6170676298438253,0.009633002353415354,0.00963735879025518,0.12
MODERATE,MODERATE__HOLD_R1_K125,PE 16:0_22:1,125,R1,filter_loss,0.006556872375596673,5.830003644186571e-06,0.20454583643989277,0.8508967724619106,0.32715941021570594,1.4538436095675817,0.012638953305908918,0.012713523169433083,0.16666666666666666
MODERATE,MODERATE__HOLD_R1_K125,PE 16:0_22:2,125,R1,filter_loss,0.0036017230407170146,0.0,0.1886425381510025,0.8572487991575071,0.3301179135196991,2.0,0.02756581713086992,0.02769940301002005,0.12280701754385964
MODERATE,MODERATE__HOLD_R1_K125,PE 16:0_24:5,125,R1,filter_loss,0.0021571148007016954,1.4054205463045965e-05,0.21271686018449112,0.9348240213453116,0.1546244672974381,0.5,0.007927872983995443,0.007752559846100793,0.1206896551724138
MODERATE,MODERATE__HOLD_R1_K125,PE 16:0_24:6,125,R1,filter_loss,0.029848089324431344,9.801757769361763e-07,0.354462542162506,0.9120817497666402,0.1077393979106176,2.0,0.03337449601511244,0.03234429415657669,0.0967741935483871
MODERATE,MODERATE__HOLD_R1_K125,PE 16:1_22:1,125,R1,filter_loss,0.010735944219830049,1.0844711893943832e-18,0.29634414058106057,0.6962164662208943,0.4407404219699385,1.0000000000000002,0.0338159661449321,0.0358225131677532,0.11320754716981132
MODERATE,MODERATE__HOLD_R1_K125,PE 16:1_22:4,125,R1,solver_miss,0.00030375038543960215,,0.11707440620301834,0.9872300880237134,0.16084900498979865,0.5,0.0029498684932359742,0.002949875225067733,0.1111111111111111
MODERATE,MODERATE__HOLD_R1_K125,PE 17:0_20:0,125,R1,filter_loss,0.0044825166183557925,5.373658169782444e-06,0.2698075638945543,0.9206618024583055,0.26327938903853587,0.5,0.008181300974087313,0.0076215412507438796,0.14285714285714285
MODERATE,MODERATE__HOLD_R1_K125,PE 17:0_22:4,125,R1,filter_loss,0.006256880386562416,7.457300947427902e-07,0.16492324087593133,0.9518068384474951,0.1688292372948361,1.0000000000000002,0.011323827398024844,0.010696441986026706,0.10294117647058823
MODERATE,MODERATE__HOLD_R1_K125,PE 17:0_22:5,125,R1,filter_loss,0.016158602193525162,3.783243850986235e-05,0.20553202250395822,0.9211023236447361,0.22285151703158326,2.0,0.006022341607054282,0.006118608822853311,0.09090909090909091
MODERATE,MODERATE__HOLD_R1_K125,PE 17:0_22:6,125,R1,filter_loss,0.017590210037415253,2.473648925994689e-05,0.31244709118745745,0.8271838267520604,0.30433218821543645,2.0,0.02043282907208166,0.02128164989764758,0.21212121212121213
MODERATE,MODERATE__HOLD_R1_K125,PE 17:1_20:1,125,R1,filter_loss,0.004558874067449008,1.6526371762462255e-06,0.2809048613188857,0.9726361074886047,0.3272746898881621,0.7802037075442214,0.02195098404712359,0.02319081164381953,0.18032786885245902
MODERATE,MODERATE__HOLD_R1_K125,PE 17:1_20:3,125,R1,filter_loss,0.00920096147066753,1.9372642507740045e-06,0.17058675100295786,0.9942019114139844,0.23344250644858108,0.5,0.02781094553235297,0.028228990083589367,0.13333333333333333
MODERATE,MODERATE__HOLD_R1_K125,PE 17:1_22:5,125,R1,filter_loss,0.013999268548273434,8.354134611379686e-06,0.1734421065443991,0.9209267513286628,0.23190880091119995,0.5,0.005744579375785097,0.005751764830457584,0.15873015873015872
MODERATE,MODERATE__HOLD_R1_K125,PE 17:1_22:6,125,R1,filter_loss,0.010651294641611566,2.6363728954451572e-06,0.2805102678681988,0.8065738667783828,0.34444630313629093,1.2101381550740857,0.005664061742315263,0.005482838723936623,0.20634920634920634
MODERATE,MODERATE__HOLD_R1_K125,PE 18:0_20:3,125,R1,filter_loss,0.0024590744844460435,3.1454662279348556e-06,0.19168425851262216,0.9604368385083139,0.1400403915099126,0.6170676298438253,0.022206833331292586,0.022947971573484938,0.125
MODERATE,MODERATE__HOLD_R1_K125,PE 18:0_20:5,125,R1,filter_loss,0.022724527579099853,2.400869131910074e-05,0.4239120961696826,0.9850297730134422,0.320123235599173,2.0,0.004934571524748632,0.005082815451705747,0.09333333333333334
MODERATE,MODERATE__HOLD_R1_K125,PE 18:1_20:2,125,R1,filter_loss,0.0025263831080310144,7.229807929295889e-19,0.23433578314102768,0.9251187567839819,0.20375319449318544,0.7303443264893795,0.002957952615715631,0.0005097541630209035,0.07142857142857142
MODERATE,MODERATE__HOLD_R1_K125,PE 18:1_22:3,125,R1,solver_miss,0.0003540404359118123,,0.10400557506001402,0.9605256779361461,0.1742934444820513,0.7802037075442214,0.0052429883517403075,0.005243068903257986,0.1323529411764706
MODERATE,MODERATE__HOLD_R1_K125,PE 18:2_20:2,125,R1,filter_loss,0.008774511404023235,4.3743236231387775e-06,0.18632332063996887,0.930785287256962,0.4829206823131476,2.0,0.0034037588036589517,0.003425147880774637,0.08695652173913043
MODERATE,MODERATE__HOLD_R1_K125,PE 18:3_20:4,125,R1,solver_miss,4.508671524118234e-05,,0.15717262060050777,0.9796724074104938,0.3020809046376558,0.5,0.12042440326983606,0.1206991783278889,0.1891891891891892
MODERATE,MODERATE__HOLD_R1_K125,PE 20:0_20:3,125,R1,filter_loss,0.007177253247657367,2.712424804011482e-06,0.23032749244938702,0.9788474233762352,0.09767313679891157,1.0760213163243861,0.021862176492828622,0.023301227642374633,0.1724137931034483
MODERATE,MODERATE__HOLD_R1_K125,PE 20:1_18:2,125,R1,filter_loss,0.009453762846011298,0.0,0.3477875659110764,0.8910754995054128,0.2892279401300275,0.5,0.09984548829565154,0.10973993746145727,0.1
MODERATE,MODERATE__HOLD_R1_K125,PE 20:1_20:3,125,R1,filter_loss,0.004236920718552724,3.6453960799978405e-06,0.15409170574418976,0.9673598800301968,0.13448997604329319,1.2101381550740857,0.0014960618723857122,0.0013968157459480768,0.09433962264150944
MODERATE,MODERATE__HOLD_R1_K125,PE 20:1_20:4,125,R1,filter_loss,0.0037514512083337754,6.059598433063773e-08,0.22946614386916517,0.9422890778439277,0.1647009138898418,0.5,0.004257580720927634,0.0035015020192084023,0.0958904109589041
MODERATE,MODERATE__HOLD_R1_K125,PE 20:1_20:5,125,R1,retained_true,0.03195075046854557,0.0001101296666890049,0.3973599004661181,0.7993795604865694,0.33650437366671354,2.0,0.007191370271417363,0.00502753052049576,0.1388888888888889
MODERATE,MODERATE__HOLD_R1_K125,PE 20:3_20:3,125,R1,filter_loss,0.019127765711712624,5.585461889746208e-07,0.11972298568219342,0.9884825101246301,0.06004173901205881,1.0000000000000002,0.0016963874672193402,0.0016617522380532046,0.10344827586206896
MODERATE,MODERATE__HOLD_R1_K125,PE 20:4_20:5,125,R1,retained_true,0.027332821483765205,0.00012635248094035618,0.26664550336010406,0.7114621309435802,0.4744158758561441,2.0,0.01044677052715437,0.010784837304784856,0.1016949152542373
MODERATE,MODERATE__HOLD_R1_K125,PE 22:0_16:1,125,R1,filter_loss,0.016783697114773562,3.2867450169515694e-05,0.4791490094759039,0.8206488603123235,0.1992356350010589,2.0,0.01398340966457523,0.015429314087784252,0.0784313725490196
MODERATE,MODERATE__HOLD_R1_K125,PE O-16:0_22:4,125,R1,filter_loss,0.0029112025791328817,0.0,0.21233553953653375,0.9788297262879938,0.0525446422437508,2.0,0.0014353458098601557,0.0014785625831121862,0.0
MODERATE,MODERATE__HOLD_R1_K125,PE O-16:0_22:5,125,R1,filter_loss,0.01795089663821839,8.070507967852735e-06,0.2748935194643735,0.9595548171321114,0.1397678816901211,2.0,0.0014573668327483302,0.0010336822738566953,0.0
MODERATE,MODERATE__HOLD_R1_K125,PE O-16:1_24:0,125,R1,filter_loss,0.006734136097306582,4.1476944898627395e-08,0.6719956962672089,0.7350890401757907,0.07613711984283755,0.5,0.004366731043771277,0.0027348561583652176,0.07142857142857142
MODERATE,MODERATE__HOLD_R1_K125,PE O-16:1_24:5,125,R1,filter_loss,0.01819787582364019,1.0844711893943832e-18,0.34567378912555613,0.9348240213453116,0.021667538356373084,0.8939526432607221,0.011877127120754505,0.011714428054727999,0.05555555555555555
MODERATE,MODERATE__HOLD_R1_K125,PE O-18:0_20:1,125,R1,filter_loss,0.006991481996950252,2.58571662298344e-06,0.318148671588633,0.9846847840318518,0.10986362796133797,0.8939526432607221,0.000731155119371163,0.000768607114194908,0.07407407407407407
MODERATE,MODERATE__HOLD_R1_K125,PE O-18:0_20:2,125,R1,filter_loss,0.0026337810938151514,7.574370519385574e-07,0.24588669439016053,0.9868742659860326,0.06594469017151477,0.689110922829001,0.00877764206900511,0.0025374031051380586,0.07692307692307693
MODERATE,MODERATE__HOLD_R1_K125,PE O-18:0_20:5,125,R1,filter_loss,0.011453549231379912,6.492354371402984e-08,0.6919909071159304,0.9215313010613547,0.1361896321849082,0.5,0.01873026420431112,0.018063344580059315,0.05714285714285714
MODERATE,MODERATE__HOLD_R1_K125,PE O-18:0_22:3,125,R1,filter_loss,0.002989934869357362,0.0,0.17092763078541914,0.9848176901850096,0.13210834735563867,0.8939526432607221,0.003936637273247778,0.002721574194149201,0.125
MODERATE,MODERATE__HOLD_R1_K125,PE O-18:0_22:4,125,R1,filter_loss,0.012888525200351733,0.0,0.29140314574818993,0.9785214888337301,0.07223834193787476,0.5,0.011493042837878442,0.012676102411679935,0.0967741935483871
MODERATE,MODERATE__HOLD_R1_K125,PE O-18:0_22:6,125,R1,retained_true,0.028432900076193295,0.00018126099929832173,0.5753436233533816,0.900438885889574,0.17868511941106635,2.0,0.0012541348266286168,0.0017557677247022063,0.08571428571428572
MODERATE,MODERATE__HOLD_R1_K125,PE O-18:1_20:3,125,R1,filter_loss,0.012989662231840268,0.0,0.17248031845796863,0.9828895828332406,0.04325030597265456,0.5,0.004280407775395512,0.004177774932991096,0.12121212121212122
MODERATE,MODERATE__HOLD_R1_K125,PE O-18:1_20:5,125,R1,filter_loss,0.0032115583497125183,3.3265315394974082e-06,0.5577857427715306,0.9215313010613547,0.19234784377749203,0.5340342571614348,0.017136960829554404,0.007426925674179907,0.047619047619047616
MODERATE,MODERATE__HOLD_R1_K125,PE O-18:2_20:3,125,R1,filter_loss,0.0034157809084397663,0.0,0.15389249231375365,0.982213995160686,0.04157871249447814,0.7303443264893795,0.012525726300442908,0.012519771266610302,0.06060606060606061
MODERATE,MODERATE__HOLD_R1_K125,PE O-18:2_22:3,125,R1,filter_loss,0.019440650390103592,1.0844711893943832e-18,0.11689533016188987,0.986523537683374,0.04682821117393669,1.2101381550740857,0.0009763809145343361,0.0009763827693737293,0.0967741935483871
MODERATE,MODERATE__HOLD_R1_K125,PE O-18:2_22:4,125,R1,filter_loss,0.013807529606255864,2.1746763960271232e-07,0.14828595476682938,0.9790243416279218,0.05669129626843439,0.5,0.0038504629797821988,0.0038340882875486093,0.10526315789473684
MODERATE,MODERATE__HOLD_R1_K125,PE O-18:2_22:5,125,R1,filter_loss,0.021615258699214747,5.477929675281138e-07,0.26103860623460656,0.9522818262826038,0.09101743804944895,2.0,0.028002541079205634,0.028560465840289262,0.10256410256410256
MODERATE,MODERATE__HOLD_R1_K125,PE O-18:3_20:3,125,R1,filter_loss,0.020095352380372564,0.0,0.14272429629361114,0.9852235586914223,0.03704042840064109,2.0,0.0033996321470814994,0.0033814598886886538,0.030303030303030304
MODERATE,MODERATE__HOLD_R1_K125,PE O-18:3_22:3,125,R1,filter_loss,0.02012035644525167,2.4842601550410007e-07,0.12439321564387905,0.986523537683374,0.03933032569194751,1.4538436095675817,0.0013818048439810937,0.00138184207163905,0.16129032258064516
MODERATE,MODERATE__HOLD_R1_K125,PE O-18:3_22:5,125,R1,filter_loss,0.021366917321669423,2.014265259581836e-06,0.24245622912169137,0.9538166594574129,0.08542067730299038,2.0,0.0013059829909413123,0.0012967573271988053,0.02564102564102564
MODERATE,MODERATE__HOLD_R1_K125,PE O-20:0_20:2,125,R1,filter_loss,0.002448445175056913,0.0,0.3574277360579778,0.9885666181646524,0.13364990366733687,0.5,0.004053723781671792,0.0016212477942840753,0.18518518518518517
MODERATE,MODERATE__HOLD_R1_K125,PE O-20:0_20:4,125,R1,filter_loss,0.011396307561330993,7.280238997433535e-06,0.526269032993801,0.9845400250879618,0.03802391643362135,0.8939526432607221,0.00847096152846638,0.0002884164924407129,0.10526315789473684
MODERATE,MODERATE__HOLD_R1_K125,PE O-20:1_18:2,125,R1,filter_loss,0.020968843686993754,6.835804971273158e-06,0.4351737905876049,0.9895861653945057,0.1319467591106363,2.0,0.0063135284661594016,0.00756257282988404,0.12121212121212122
MODERATE,MODERATE__HOLD_R1_K125,PE O-20:1_20:2,125,R1,filter_loss,0.019577127044268623,1.1934505725763383e-06,0.1653451175229508,0.9857697500316058,0.0657556111825639,2.0,0.023195200322623122,0.02340850479240797,0.0967741935483871
MODERATE,MODERATE__HOLD_R1_K125,PE O-20:1_20:3,125,R1,filter_loss,0.027076211771639495,1.8415812462410626e-06,0.20156572631951045,0.9834038435158862,0.040391770192754556,1.8682084992203376,0.00021603532334224518,9.58336556625694e-05,0.03225806451612903
MODERATE,MODERATE__HOLD_R1_K125,PE O-20:3_20:3,125,R1,filter_loss,0.0028164454542423194,3.686922950364043e-07,0.1678765453740962,0.9829060245747678,0.02838033431556483,2.0,0.012010620775613212,0.012031504089625056,0.22857142857142856
MODERATE,MODERATE__HOLD_R1_K125,PE O-20:3_20:4,125,R1,filter_loss,0.009450755881955883,0.0,0.2145730867610224,0.9824124426110163,0.03143893515640733,1.4538436095675817,0.009135750159838807,0.006421502386010913,0.06521739130434782
MODERATE,MODERATE__HOLD_R1_K125,PE O-22:1_18:2,125,R1,filter_loss,0.02072888735654999,2.2329135440604698e-05,0.3303710154344505,0.9888056550432852,0.337294176164278,2.0,0.009925040544100261,0.010085456571791829,0.14705882352941177
MODERATE,MODERATE__HOLD_R1_K125,PG 14:0_20:0,125,R1,filter_loss,0.007359211015426874,0.0,0.7233219574944608,0.7740328453451822,0.0781368584247818,0.5,0.0001978858993553212,0.00261810597049994,0.075
MODERATE,MODERATE__HOLD_R1_K125,PG 14:0_22:0,125,R1,solver_miss,0.0007722899650467492,,0.39347230654553556,0.7936099239641267,0.021497958044986498,0.5,0.0002454187826737009,0.020583162875648098,0.0375
MODERATE,MODERATE__HOLD_R1_K125,PG 14:0_22:5,125,R1,filter_loss,0.005552289158936115,3.2355265206590906e-06,0.3916326572569566,0.8740294125875786,0.3151168353722158,0.6170676298438253,0.03965699727907401,0.038484349180583854,0.13953488372093023
MODERATE,MODERATE__HOLD_R1_K125,PG 14:0_24:4,125,R1,filter_loss,0.013089968445480729,4.257378024474883e-06,0.2364766144017557,0.9336814199983869,0.409000174620185,1.0000000000000002,0.0010683302651692816,0.003085700851263029,0.0963855421686747
MODERATE,MODERATE__HOLD_R1_K125,PG 16:0_18:0,125,R1,filter_loss,0.009281306002329757,1.5450037078511325e-05,0.2730282086736678,0.7320003904966144,0.5284306072455749,0.5,0.015900560326844726,0.018370463653893276,0.10309278350515463
MODERATE,MODERATE__HOLD_R1_K125,PG 16:0_20:2,125,R1,filter_loss,0.023616617920623664,0.0,0.06404391649487126,0.9219327136957365,0.1380284242110617,1.8682084992203376,0.0014724530072517394,0.026232009824010416,0.08695652173913043
MODERATE,MODERATE__HOLD_R1_K125,PG 16:0_20:5,125,R1,filter_loss,0.02818584961019245,1.8046208457402777e-05,0.3586980333079263,0.7784577318028689,0.43367157561769326,2.0,0.002351121648635379,0.0031738658632861627,0.07228915662650602
MODERATE,MODERATE__HOLD_R1_K125,PG 16:0_22:4,125,R1,filter_loss,0.023598189018660582,2.551103197319558e-06,0.20371874124768685,0.9923755383909935,0.44339453837236364,1.0760213163243861,0.02098008274366725,0.021660108898242325,0.06896551724137931
MODERATE,MODERATE__HOLD_R1_K125,PG 16:0_22:6,125,R1,filter_loss,0.00868653243419097,3.0050306103811598e-05,0.42771565508602566,0.9755490303044848,0.17342901101082447,0.5,0.037939517349013796,0.05489465871036292,0.12790697674418605
MODERATE,MODERATE__HOLD_R1_K125,PG 16:1_20:1,125,R1,filter_loss,0.0327152196084967,2.484887188170864e-06,0.09626468926765062,0.9360510343034749,0.032094009427904344,0.689110922829001,0.0003465831332527536,0.02293590990976191,0.11363636363636363
MODERATE,MODERATE__HOLD_R1_K125,PG 16:1_22:3,125,R1,filter_loss,0.013669652758275452,8.075191422681972e-07,0.23838939494724698,0.9816952449555878,0.29010776373355207,1.8682084992203376,0.0105728782574529,0.05125626961388585,0.13953488372093023
MODERATE,MODERATE__HOLD_R1_K125,PG 16:1_22:5,125,R1,filter_loss,0.01156185375888208,0.0,0.33527002658239174,0.9821921171688058,0.16525580723594785,1.2101381550740857,0.004212599053400323,0.004720675080607362,0.13253012048192772
MODERATE,MODERATE__HOLD_R1_K125,PG 17:0_18:2,125,R1,filter_loss,0.014585925941713634,4.033305051341048e-06,0.3764851143957298,0.9263229165510191,0.3987025973319038,1.8682084992203376,0.009484791059420017,0.016719429623746618,0.06451612903225806
MODERATE,MODERATE__HOLD_R1_K125,PG 17:0_20:0,125,R1,retained_true,0.026892666131819665,0.002190878998979457,0.8310149974793403,0.9206618024583055,0.050880880759260116,2.0,0.009830452375701015,0.026990693848136682,0.12087912087912088
MODERATE,MODERATE__HOLD_R1_K125,PG 17:0_20:3,125,R1,filter_loss,0.02107295574687375,2.1402444856032554e-06,0.15645235358917814,0.9898819477902964,0.24553643982354834,2.0,0.005324997764222239,0.0025238975635980543,0.09278350515463918
MODERATE,MODERATE__HOLD_R1_K125,PG 17:0_20:4,125,R1,filter_loss,0.003134198743877183,4.3906728908459544e-07,0.333380957182523,0.9887826418894832,0.3019228169112968,0.5,0.004248848049690057,0.0030506168327869565,0.0784313725490196
MODERATE,MODERATE__HOLD_R1_K125,PG 17:1_20:1,125,R1,filter_loss,0.012699135563113978,1.0895009989094596e-06,0.266391512522408,0.9726361074886047,0.01725447718424139,2.0,0.00020371888323444942,0.0008380198643264114,0.06896551724137931
MODERATE,MODERATE__HOLD_R1_K125,PG 17:1_20:4,125,R1,filter_loss,0.005277828692217295,2.083927318340719e-06,0.4831275545644737,0.9853779862370524,0.22593740389897193,0.7303443264893795,0.009768990444963377,0.014673901738977091,0.0851063829787234
MODERATE,MODERATE__HOLD_R1_K125,PG 18:0_18:1,125,R1,filter_loss,0.009682777484437756,1.0844711893943832e-18,0.22385302590484416,0.857321011866293,0.5499702514118422,1.2101381550740857,0.013214245959425774,0.015415554182313107,0.08860759493670886
MODERATE,MODERATE__HOLD_R1_K125,PG 18:0_20:5,125,R1,filter_loss,0.00370585443266765,0.0,0.3912132251385195,0.9850297730134422,0.3528221066303361,0.5,0.003575270869177749,0.0015187346988752015,0.09375
MODERATE,MODERATE__HOLD_R1_K125,PG 18:1_18:1,125,R1,filter_loss,0.0013388007684910679,4.186290480523018e-06,0.20074680321951024,0.9552207873236039,0.5335974465364102,2.0,0.007567284672845731,0.0037429423728039257,0.08620689655172414
MODERATE,MODERATE__HOLD_R1_K125,PG 18:2_20:2,125,R1,filter_loss,0.025700628999559803,0.0,0.26810270421335247,0.9325718345250835,0.2603944544674466,2.0,0.00035321850653713405,0.0029041614180301822,0.1797752808988764
MODERATE,MODERATE__HOLD_R1_K125,PG 20:1_18:3,125,R1,filter_loss,0.00928099533493037,1.071696910367035e-06,0.23811465068961957,0.9659907277452849,0.39065317821122125,1.0760213163243861,0.013223788545502657,0.005873700646287117,0.04
MODERATE,MODERATE__HOLD_R1_K125,PS 14:0_20:0,125,R1,retained_true,0.02735537622502566,0.00048812657665901516,0.6390062445975,0.6039215648852556,0.16709168430356958,2.0,0.010801892749627506,0.010809429545237559,0.06944444444444445
MODERATE,MODERATE__HOLD_R1_K125,PS 14:0_22:2,125,R1,filter_loss,0.009567206410964684,2.1460709852917902e-05,0.4826107446087538,0.6351598729298585,0.056673251273551106,0.5,0.007977026934082976,0.047826105286139065,0.15714285714285714
MODERATE,MODERATE__HOLD_R1_K125,PS 16:0_20:3,125,R1,solver_miss,0.0008224619865689497,,0.31718607034211305,0.6379581944357362,0.2271159539431486,0.5,0.027212528966907734,0.058276376417067954,0.09210526315789473
MODERATE,MODERATE__HOLD_R1_K125,PS 16:0_20:5,125,R1,filter_loss,0.004100956141708614,7.229807929295889e-19,0.4925110672748304,0.5885323920958705,0.2627774230424914,0.5340342571614348,0.013003782233024452,0.019522444069718925,0.1
MODERATE,MODERATE__HOLD_R1_K125,PS 16:1_20:1,125,R1,retained_true,0.025537873482106215,0.0002104366947399454,0.4129541991564398,0.5415506422933887,0.12632979672586508,2.0,0.012530559487986093,0.028732022022766146,0.12162162162162163
MODERATE,MODERATE__HOLD_R1_K125,PS 16:1_20:4,125,R1,retained_true,0.03223468290068105,0.0008500644148868601,0.6316414058973379,0.55604981646135,0.12364708441998395,2.0,0.002065200950896351,0.0021543074540258944,0.07692307692307693
MODERATE,MODERATE__HOLD_R1_K125,PS 17:0_18:1,125,R1,retained_true,0.008208312404613385,9.746672380015817e-05,0.6537549379034493,0.5358578664393875,0.1898482402281083,0.5,0.010570117363184806,0.010591397975243666,0.0547945205479452
MODERATE,MODERATE__HOLD_R1_K125,PS 18:0_16:1,125,R1,filter_loss,0.00499982447465654,0.0,0.4974005788167513,0.5669019742880855,0.3372870145815912,0.689110922829001,0.03460912207428468,0.03467752725215889,0.07246376811594203
MODERATE,MODERATE__HOLD_R1_K125,PS 18:0_18:0,125,R1,filter_loss,0.009317740129276005,0.0,0.4331045541325963,0.7822407069839156,0.19197976773862468,2.0,0.14300274757408316,0.143083679635846,0.07547169811320754
MODERATE,MODERATE__HOLD_R1_K125,PS 18:0_18:3,125,R1,retained_true,0.029950111567337543,0.00021284595945216114,0.5738266720137706,0.6379581944357362,0.264601068755451,2.0,0.09413502859169243,0.095342705409444,0.10666666666666667
MODERATE,MODERATE__HOLD_R1_K125,PS 18:1_18:3,125,R1,retained_true,0.007739333127890265,7.974401538446517e-05,0.6381277857367744,0.5253007492314473,0.23640738012806917,0.5340342571614348,0.06172178898474612,0.06271145019339008,0.078125
MODERATE,MODERATE__HOLD_R1_K125,PS 20:0_16:1,125,R1,filter_loss,0.0058287111832692065,2.647075814037622e-05,0.49681824282241865,0.5478869149773706,0.34409744001467496,0.6170676298438253,0.06793490741157648,0.06858971078031917,0.10526315789473684
MODERATE,MODERATE__HOLD_R1_K175,PA 16:0_24:1,175,R1,filter_loss,0.014392348688550738,1.3579914541972986e-05,0.5504804076642431,0.883487638633687,0.19595790828137805,2.0,0.007297931729579266,0.0021546023846907847,0.03571428571428571
MODERATE,MODERATE__HOLD_R1_K175,PA 16:0_24:4,175,R1,solver_miss,4.997755221814005e-10,,0.2223063465458067,0.9171280506076233,0.17914163452145218,0.6170676298438253,0.059225558726856975,0.05925508274147129,0.05333333333333334
MODERATE,MODERATE__HOLD_R1_K175,PA 18:0_22:0,175,R1,filter_loss,0.01134234515492293,8.768692970331374e-07,0.3381799302246325,0.7789494468002593,0.44534403487199864,1.4538436095675817,0.02848961175578779,0.03648961246100402,0.08108108108108109
MODERATE,MODERATE__HOLD_R1_K175,PA 18:0_22:2,175,R1,filter_loss,0.004073474299869013,1.2596479071758064e-06,0.27393752390511106,0.8394493239810369,0.36260158405766385,0.6170676298438253,0.02351886071492093,0.02069604792981916,0.16
MODERATE,MODERATE__HOLD_R1_K175,PA 18:0_22:4,175,R1,filter_loss,0.004480899768528481,0.0,0.18925162859522815,0.8691673191165914,0.31323723028330897,0.5,0.028616841107932944,0.028598164600455833,0.13414634146341464
MODERATE,MODERATE__HOLD_R1_K175,PA 18:0_24:1,175,R1,filter_loss,0.0057226122229835155,1.4185333090932127e-06,0.3334734584306543,0.8793255202210899,0.22349976674487387,0.689110922829001,0.026829836515780414,0.029863395376363955,0.11940298507462686
MODERATE,MODERATE__HOLD_R1_K175,PA 18:0_24:5,175,R1,filter_loss,0.0015323509236203343,0.0,0.1609179673339711,0.923167578011941,0.23175005437601462,0.5,0.0036633805692699584,0.0036136396067398824,0.0625
MODERATE,MODERATE__HOLD_R1_K175,PA 18:0_24:6,175,R1,filter_loss,0.01831451632769869,7.485422109259787e-09,0.1641748706562144,0.9374908882297373,0.19157325912956763,2.0,0.015760135495805683,0.015759279594363185,0.0975609756097561
MODERATE,MODERATE__HOLD_R1_K175,PA 18:1_22:1,175,R1,filter_loss,0.012240743304273863,2.1136498595534692e-18,0.46175873097333114,0.9022714644699661,0.2905844069806663,0.7303443264893795,0.0019058111212388873,0.005781683022816564,0.10810810810810811
MODERATE,MODERATE__HOLD_R1_K175,PA 18:1_22:3,175,R1,filter_loss,0.014561059795842027,1.0381526000949747e-06,0.26035456632127724,0.8639124793194024,0.33467634555443054,2.0,0.01104951059015924,0.009298220516597566,0.05194805194805195
MODERATE,MODERATE__HOLD_R1_K175,PA 18:1_22:4,175,R1,filter_loss,0.0072457667093371305,1.0236543236956322e-06,0.23118051955905902,0.7349039762795926,0.45741325188581883,2.0,0.02171118528722915,0.021927532103925507,0.08433734939759036
MODERATE,MODERATE__HOLD_R1_K175,PA 18:1_24:1,175,R1,filter_loss,0.00735779901979394,1.0568249297767346e-18,0.4394175718623714,0.7742897189559598,0.30213238364332506,0.5,0.0035343744859777093,0.004115810843197787,0.045454545454545456
MODERATE,MODERATE__HOLD_R1_K175,PA 18:1_24:4,175,R1,filter_loss,0.006774201595203828,1.461211573310785e-05,0.2590661626283403,0.770029563231097,0.383684973635327,0.5,0.004381306891687475,0.004326198598567421,0.09411764705882353
MODERATE,MODERATE__HOLD_R1_K175,PA 18:1_24:6,175,R1,filter_loss,0.019573994632600993,7.969857531961511e-06,0.25854770171004793,0.8317569743542244,0.311757671286486,2.0,0.02281010034205322,0.02283401356179604,0.07407407407407407
MODERATE,MODERATE__HOLD_R1_K175,PA 18:2_24:4,175,R1,filter_loss,0.006159324856228843,0.0,0.33277246997096527,0.6495701338678831,0.4330785336890039,0.7802037075442214,0.014740376283342904,0.014595113251205105,0.15294117647058825
MODERATE,MODERATE__HOLD_R1_K175,PA 18:2_24:5,175,R1,filter_loss,0.0018535309876235304,0.0,0.30902833514416345,0.8083196183923326,0.2868943377666932,0.5,0.012194424380151836,0.012167436782171581,0.12658227848101267
MODERATE,MODERATE__HOLD_R1_K175,PA 20:0_20:2,175,R1,solver_miss,5.32030285403161e-07,,0.2807555140432376,0.7492730089935543,0.49169235917013354,0.5,0.006201287571574454,0.006034159623615976,0.04054054054054054
MODERATE,MODERATE__HOLD_R1_K175,PA 20:0_20:3,175,R1,filter_loss,0.008601053696375085,0.0,0.28594755195446475,0.8048190171061798,0.4076195370011738,1.4538436095675817,0.026905938589507516,0.03319554418155579,0.13414634146341464
MODERATE,MODERATE__HOLD_R1_K175,PA 20:0_20:4,175,R1,solver_miss,4.425721161635324e-07,,0.1645114953783594,0.8957566529041909,0.3424625013635971,0.7303443264893795,0.035207471766033116,0.037242614862983636,0.10112359550561797
MODERATE,MODERATE__HOLD_R1_K175,PA 20:0_22:1,175,R1,filter_loss,0.006881005817190577,0.0,0.3017443733307278,0.7600275012777736,0.3861256918000734,0.689110922829001,0.013143009850812737,0.013404242312570869,0.07792207792207792
MODERATE,MODERATE__HOLD_R1_K175,PA 20:0_22:4,175,R1,filter_loss,0.00605713243104913,0.0,0.241048023112079,0.8303328039494347,0.3429309669132585,0.5,0.0709592887498206,0.07259142093825233,0.11627906976744186
MODERATE,MODERATE__HOLD_R1_K175,PA 20:0_22:6,175,R1,filter_loss,0.0020131164844520858,0.0,0.18342642508946627,0.9361340206999159,0.20227608263374897,0.5,0.01711381877596141,0.016948861899602208,0.09523809523809523
MODERATE,MODERATE__HOLD_R1_K175,PA 20:1_20:1,175,R1,filter_loss,0.011841835678959967,8.468408305142264e-06,0.4231895167566119,0.9753576763078726,0.3291536211973855,0.5,0.004056557011968609,0.009118661173266429,0.11363636363636363
MODERATE,MODERATE__HOLD_R1_K175,PA 20:1_22:1,175,R1,filter_loss,0.0077711587999974505,3.5322407664536324e-06,0.48292710886676304,0.8982874947005188,0.22073574264275386,0.7802037075442214,0.042150757204609035,0.046487835812741074,0.11842105263157894
MODERATE,MODERATE__HOLD_R1_K175,PA 20:1_22:3,175,R1,filter_loss,0.006845536968394774,0.0,0.33476954438953394,0.8781031661032047,0.24658711409645712,1.8682084992203376,0.027253364092044596,0.03116676551298969,0.08860759493670886
MODERATE,MODERATE__HOLD_R1_K175,PA 20:1_22:5,175,R1,filter_loss,0.01240009532675369,9.499545807419502e-06,0.22030580527220145,0.8930555529932804,0.2632540567277174,2.0,0.069533835255568,0.07100361392223253,0.075
MODERATE,MODERATE__HOLD_R1_K175,PA 20:1_22:6,175,R1,filter_loss,0.014182638448801934,0.0,0.23670331410171605,0.9753576763078726,0.2468565478982028,1.0760213163243861,0.011632730240933808,0.011684792340459604,0.07407407407407407
MODERATE,MODERATE__HOLD_R1_K175,PA 20:3_22:4,175,R1,filter_loss,0.0031611641869208167,2.8181998127379586e-18,0.402579539322542,0.7488776965339671,0.3030548023026991,0.5,0.024387448593219507,0.025216544736891944,0.11627906976744186
MODERATE,MODERATE__HOLD_R1_K175,PA 20:4_22:4,175,R1,filter_loss,0.007103623474989288,5.809024764456275e-07,0.48634054946811606,0.6664725514235691,0.28586225820427874,0.5,0.02659509671704785,0.027615015444042434,0.053763440860215055
MODERATE,MODERATE__HOLD_R1_K175,PA 22:0_18:2,175,R1,filter_loss,0.00932225291361359,2.8181998127379586e-18,0.34226134747101367,0.761776416520081,0.4474985059635067,1.0760213163243861,0.013891518777047862,0.013207473962933314,0.0958904109589041
MODERATE,MODERATE__HOLD_R1_K175,PA 22:0_20:1,175,R1,filter_loss,0.014245232165621935,7.68246891387038e-06,0.4020166500263304,0.8495611434984474,0.2527636987135384,1.0760213163243861,0.024670426894927378,0.029212533438468746,0.04
MODERATE,MODERATE__HOLD_R1_K175,PA 22:0_20:3,175,R1,filter_loss,0.009725781936423905,9.994802777053786e-06,0.4070101497165706,0.700138513759436,0.38977747877753405,0.5,0.01438889366882079,0.01889404907788239,0.05263157894736842
MODERATE,MODERATE__HOLD_R1_K175,PA 22:0_20:4,175,R1,filter_loss,0.015052875261295914,3.082436537437612e-06,0.4550397992700734,0.7513055221510871,0.3384293666283728,2.0,0.0086714832213447,0.008835232942307703,0.10843373493975904
MODERATE,MODERATE__HOLD_R1_K175,PA 22:1_18:2,175,R1,filter_loss,0.017059218944628727,1.2508906894652678e-05,0.3672416022212644,0.8804726866933393,0.42728280324989093,2.0,0.02691113441240789,0.023724425464931476,0.05405405405405406
MODERATE,MODERATE__HOLD_R1_K175,PA 22:1_20:2,175,R1,filter_loss,0.006868073117539568,1.761374882961224e-18,0.43337633237958284,0.8789327040599717,0.27097424872123554,2.0,0.013554543831596821,0.01914604769921946,0.09333333333333334
MODERATE,MODERATE__HOLD_R1_K175,PA 22:1_20:3,175,R1,retained_true,0.014017246254891412,4.5988465652059576e-05,0.47201880717776407,0.8266719825061805,0.24944586960093668,0.5340342571614348,0.036066276380636864,0.04223833819265632,0.12987012987012986
MODERATE,MODERATE__HOLD_R1_K175,PA 22:1_20:5,175,R1,filter_loss,0.00861957886668562,1.3165820275264764e-05,0.35373566324826666,0.8941830868357824,0.2306843778836697,0.5,0.015948807673170196,0.017555832364119728,0.05
MODERATE,MODERATE__HOLD_R1_K175,PA 22:5_22:5,175,R1,filter_loss,0.0064148060028628735,9.069831482934577e-07,0.37471749963267753,0.9264320052062154,0.08562930665407442,0.8939526432607221,0.11253485184806455,0.11659000749086579,0.15217391304347827
MODERATE,MODERATE__HOLD_R1_K175,PA 22:6_22:6,175,R1,retained_true,0.016722942910052014,5.873460592077399e-05,0.5618631902016936,0.691000163096786,0.18635717808006635,2.0,0.011791523875777421,0.012108010693223203,0.14583333333333334
MODERATE,MODERATE__HOLD_R1_K175,PA 24:1_18:2,175,R1,filter_loss,0.01723856831796741,8.596366318762032e-06,0.416531063009088,0.7481851339902038,0.35294871355264307,1.0000000000000002,0.007982763433951878,0.006877013303554724,0.07575757575757576
MODERATE,MODERATE__HOLD_R1_K175,PC 14:0_20:2,175,R1,filter_loss,0.012677105526624238,1.1368238598921208e-06,0.3254331442131747,0.6041425983942957,0.4715533114037237,0.8939526432607221,0.021129031587994396,0.021250036897873636,0.0625
MODERATE,MODERATE__HOLD_R1_K175,PC 14:0_20:4,175,R1,retained_true,0.006278782791845169,6.045953102614611e-05,0.6036768381098416,0.7745273553735048,0.030942368542241527,0.7802037075442214,0.02095375866627036,0.020883261090615557,0.060240963855421686
MODERATE,MODERATE__HOLD_R1_K175,PC 14:1_20:1,175,R1,retained_true,0.017823532675776566,4.534063372213124e-05,0.4158486366407816,0.6900215947371616,0.30806497780657766,2.0,0.0011240740041472685,0.001119940951996412,0.05194805194805195
MODERATE,MODERATE__HOLD_R1_K175,PC 16:0_18:0,175,R1,filter_loss,0.007885276599883318,6.563059130924668e-06,0.49212912704514206,0.6471130837014081,0.2680149501547328,0.7802037075442214,0.014468031505265433,0.014462911284981339,0.07058823529411765
MODERATE,MODERATE__HOLD_R1_K175,PC 16:0_18:1,175,R1,filter_loss,0.005184859777621608,1.0568249297767346e-18,0.3986166534022413,0.6482926248318512,0.4109027795617344,0.5340342571614348,0.010716155688694329,0.010716085125303088,0.18840579710144928
MODERATE,MODERATE__HOLD_R1_K175,PC 16:0_18:2,175,R1,filter_loss,0.031629858750844904,3.122473482265423e-05,0.3131917397743864,0.5996238721920917,0.4899091295507795,2.0,0.06392300729135181,0.0639230804454004,0.10344827586206896
MODERATE,MODERATE__HOLD_R1_K175,PC 16:1_18:1,175,R1,filter_loss,0.017566814735592896,0.0,0.3710824945274597,0.6900215947371616,0.3528311199198995,2.0,0.016335279638232003,0.01633586859628633,0.08695652173913043
MODERATE,MODERATE__HOLD_R1_K175,PC 16:1_18:2,175,R1,filter_loss,0.024460568994727084,2.9618999547412087e-05,0.6451321224456396,0.494520891089959,0.2246564065829395,2.0,0.0851555772113064,0.08515960466327943,0.08888888888888889
MODERATE,MODERATE__HOLD_R1_K175,PC 20:0_14:1,175,R1,filter_loss,0.006057024890853595,2.5141502008170257e-07,0.593367589246976,0.47707361889437966,0.2851238976272237,0.6170676298438253,0.009633002353415354,0.00963735879025518,0.12
MODERATE,MODERATE__HOLD_R1_K175,PC O-16:0_17:0,175,R1,retained_true,0.008734770481749981,0.0001251993649951855,0.7536429126805174,0.6594747873316874,0.016839149861247793,0.689110922829001,0.008459156946662771,0.008459157026453168,0.08571428571428572
MODERATE,MODERATE__HOLD_R1_K175,PC O-16:1_18:1,175,R1,retained_true,0.010223462429110493,0.00026024912447987416,0.8076497414228311,0.6052609717953458,0.02991086558637346,1.0000000000000002,0.008259275211408346,0.008215790233833786,0.14285714285714285
MODERATE,MODERATE__HOLD_R1_K175,PE 16:0_22:1,175,R1,filter_loss,0.0064240082887355495,1.6812868420698432e-06,0.20454583643989277,0.8508967724619106,0.32715941021570594,1.4538436095675817,0.012638953305908918,0.012713523169433083,0.16666666666666666
MODERATE,MODERATE__HOLD_R1_K175,PE 16:0_22:2,175,R1,filter_loss,0.008255058240204383,0.0,0.1886425381510025,0.8572487991575071,0.3301179135196991,2.0,0.02756581713086992,0.02769940301002005,0.12280701754385964
MODERATE,MODERATE__HOLD_R1_K175,PE 16:0_22:4,175,R1,solver_miss,0.0007191722600044663,,0.15895469448868532,0.9923755383909935,0.2386585476665622,2.0,0.0073918527025576,0.007358388835608021,0.078125
MODERATE,MODERATE__HOLD_R1_K175,PE 16:0_24:5,175,R1,filter_loss,0.0015345244179682397,5.7319524893060705e-06,0.21271686018449112,0.9348240213453116,0.1546244672974381,0.5,0.007927872983995443,0.007752559846100793,0.1206896551724138
MODERATE,MODERATE__HOLD_R1_K175,PE 16:0_24:6,175,R1,filter_loss,0.017048743459668614,1.0568249297767346e-18,0.354462542162506,0.9120817497666402,0.1077393979106176,2.0,0.03337449601511244,0.03234429415657669,0.0967741935483871
MODERATE,MODERATE__HOLD_R1_K175,PE 16:1_22:1,175,R1,filter_loss,0.006123591523287158,1.0568249297767346e-18,0.29634414058106057,0.6962164662208943,0.4407404219699385,1.0000000000000002,0.0338159661449321,0.0358225131677532,0.11320754716981132
MODERATE,MODERATE__HOLD_R1_K175,PE 16:1_22:3,175,R1,filter_loss,0.01924409269649215,7.045499531844897e-19,0.12325824954460242,0.9816952449555878,0.20295021528294271,2.0,0.00038207023808489726,0.00038209370277009214,0.125
MODERATE,MODERATE__HOLD_R1_K175,PE 16:1_22:4,175,R1,filter_loss,0.00584792604248331,3.853548443567002e-06,0.11707440620301834,0.9872300880237134,0.16084900498979865,0.5,0.0029498684932359742,0.002949875225067733,0.1111111111111111
MODERATE,MODERATE__HOLD_R1_K175,PE 16:1_22:6,175,R1,filter_loss,0.015627233507879562,1.1527504997683896e-06,0.2519478993591113,0.9780045750710121,0.13185464506752925,2.0,0.005523286924770776,0.005523097592700421,0.09836065573770492
MODERATE,MODERATE__HOLD_R1_K175,PE 17:0_20:0,175,R1,filter_loss,0.005739477613478049,4.14584210974892e-06,0.2698075638945543,0.9206618024583055,0.26327938903853587,0.5,0.008181300974087313,0.0076215412507438796,0.14285714285714285
MODERATE,MODERATE__HOLD_R1_K175,PE 17:0_22:2,175,R1,filter_loss,0.007625201807301735,0.0,0.13503108538528152,0.9386569008618137,0.21734595795940753,2.0,0.004903086855072347,0.004928988301294401,0.03278688524590164
MODERATE,MODERATE__HOLD_R1_K175,PE 17:0_22:4,175,R1,filter_loss,0.006165845173340022,9.059528865762108e-07,0.16492324087593133,0.9518068384474951,0.1688292372948361,1.0000000000000002,0.011323827398024844,0.010696441986026706,0.10294117647058823
MODERATE,MODERATE__HOLD_R1_K175,PE 17:0_22:5,175,R1,filter_loss,0.010714526017248413,2.2468249889496437e-05,0.20553202250395822,0.9211023236447361,0.22285151703158326,2.0,0.006022341607054282,0.006118608822853311,0.09090909090909091
MODERATE,MODERATE__HOLD_R1_K175,PE 17:0_22:6,175,R1,filter_loss,0.015769079470692535,1.7829900756681315e-05,0.31244709118745745,0.8271838267520604,0.30433218821543645,2.0,0.02043282907208166,0.02128164989764758,0.21212121212121213
MODERATE,MODERATE__HOLD_R1_K175,PE 17:1_20:1,175,R1,filter_loss,0.005515610167357176,1.0568249297767346e-18,0.2809048613188857,0.9726361074886047,0.3272746898881621,0.7802037075442214,0.02195098404712359,0.02319081164381953,0.18032786885245902
MODERATE,MODERATE__HOLD_R1_K175,PE 17:1_20:3,175,R1,filter_loss,0.009130509173710014,5.138105352866179e-07,0.17058675100295786,0.9942019114139844,0.23344250644858108,0.5,0.02781094553235297,0.028228990083589367,0.13333333333333333
MODERATE,MODERATE__HOLD_R1_K175,PE 17:1_22:5,175,R1,filter_loss,0.0011969997578370245,2.0578402650257814e-06,0.1734421065443991,0.9209267513286628,0.23190880091119995,0.5,0.005744579375785097,0.005751764830457584,0.15873015873015872
MODERATE,MODERATE__HOLD_R1_K175,PE 17:1_22:6,175,R1,filter_loss,0.007185385428588446,1.8600929852900682e-06,0.2805102678681988,0.8065738667783828,0.34444630313629093,1.2101381550740857,0.005664061742315263,0.005482838723936623,0.20634920634920634
MODERATE,MODERATE__HOLD_R1_K175,PE 18:0_20:1,175,R1,filter_loss,0.02169972869540167,3.630713633555517e-06,0.25393425517668783,0.9625905679777863,0.1807537946676117,2.0,0.0048971251584744024,0.003705807341381706,0.09230769230769231
MODERATE,MODERATE__HOLD_R1_K175,PE 18:0_20:3,175,R1,filter_loss,0.0036125402479143774,5.711743797299184e-07,0.19168425851262216,0.9604368385083139,0.1400403915099126,0.6170676298438253,0.022206833331292586,0.022947971573484938,0.125
MODERATE,MODERATE__HOLD_R1_K175,PE 18:0_20:5,175,R1,filter_loss,0.015493871419453381,3.963520799046936e-06,0.4239120961696826,0.9850297730134422,0.320123235599173,2.0,0.004934571524748632,0.005082815451705747,0.09333333333333334
MODERATE,MODERATE__HOLD_R1_K175,PE 18:1_20:2,175,R1,filter_loss,0.0010563662769489737,3.109694363508947e-08,0.23433578314102768,0.9251187567839819,0.20375319449318544,0.7303443264893795,0.002957952615715631,0.0005097541630209035,0.07142857142857142
MODERATE,MODERATE__HOLD_R1_K175,PE 18:1_20:5,175,R1,filter_loss,0.004928755120745299,1.4855501662400628e-06,0.3998586987063159,0.9724669479844656,0.2358672544872255,0.6170676298438253,0.002925284397679029,0.003166082632820588,0.075
MODERATE,MODERATE__HOLD_R1_K175,PE 18:1_22:2,175,R1,filter_loss,0.010832221948062316,8.21133946094458e-06,0.12985107942569446,0.9248799886279087,0.2737586242615052,0.689110922829001,0.00938625815637728,0.009383333361064783,0.07352941176470588
MODERATE,MODERATE__HOLD_R1_K175,PE 18:1_22:3,175,R1,filter_loss,0.005394561926322489,1.4429915979743706e-07,0.10400557506001402,0.9605256779361461,0.1742934444820513,0.7802037075442214,0.0052429883517403075,0.005243068903257986,0.1323529411764706
MODERATE,MODERATE__HOLD_R1_K175,PE 18:1_22:4,175,R1,filter_loss,0.0059403077442569075,0.0,0.11052846478170081,0.969840644646915,0.13562077871750905,0.8939526432607221,0.0009308117247412984,0.0009167733751700435,0.09333333333333334
MODERATE,MODERATE__HOLD_R1_K175,PE 18:1_22:5,175,R1,filter_loss,0.01681172716123584,1.4618909961580138e-08,0.19163429981325247,0.9256344671279978,0.2133913524062529,1.4538436095675817,0.01235016582737225,0.012466759679889305,0.056338028169014086
MODERATE,MODERATE__HOLD_R1_K175,PE 18:1_22:6,175,R1,filter_loss,0.0042121486413535135,0.0,0.3159564682544253,0.8033916799379116,0.3147345109004634,0.5340342571614348,0.01697482598123068,0.0170533049286411,0.046153846153846156
MODERATE,MODERATE__HOLD_R1_K175,PE 18:2_20:2,175,R1,filter_loss,0.01068706354390174,9.365714256272979e-07,0.18632332063996887,0.930785287256962,0.4829206823131476,2.0,0.0034037588036589517,0.003425147880774637,0.08695652173913043
MODERATE,MODERATE__HOLD_R1_K175,PE 18:2_22:2,175,R1,filter_loss,0.010486640754922314,0.0,0.1271355008514916,0.9008257061441529,0.3075663178035413,1.8682084992203376,0.0012237805781939448,0.001222192809161915,0.08955223880597014
MODERATE,MODERATE__HOLD_R1_K175,PE 18:3_20:4,175,R1,filter_loss,0.002192091310030929,1.2858278286347342e-07,0.15717262060050777,0.9796724074104938,0.3020809046376558,0.5,0.12042440326983606,0.1206991783278889,0.1891891891891892
MODERATE,MODERATE__HOLD_R1_K175,PE 20:0_20:3,175,R1,filter_loss,0.004671543235536704,9.77793663318626e-07,0.23032749244938702,0.9788474233762352,0.09767313679891157,1.0760213163243861,0.021862176492828622,0.023301227642374633,0.1724137931034483
MODERATE,MODERATE__HOLD_R1_K175,PE 20:0_20:5,175,R1,filter_loss,0.012304559834202422,1.064581521905676e-06,0.42609430792144315,0.8451414828957593,0.30776996621138847,0.7802037075442214,0.007525541448240136,0.008023734202487476,0.09859154929577464
MODERATE,MODERATE__HOLD_R1_K175,PE 20:1_18:2,175,R1,filter_loss,0.006028454836865704,0.0,0.3477875659110764,0.8910754995054128,0.2892279401300275,0.5,0.09984548829565154,0.10973993746145727,0.1
MODERATE,MODERATE__HOLD_R1_K175,PE 20:1_20:3,175,R1,filter_loss,0.0023617740166351976,0.0,0.15409170574418976,0.9673598800301968,0.13448997604329319,1.2101381550740857,0.0014960618723857122,0.0013968157459480768,0.09433962264150944
MODERATE,MODERATE__HOLD_R1_K175,PE 20:1_20:4,175,R1,filter_loss,0.004724618265594562,5.593974094467037e-07,0.22946614386916517,0.9422890778439277,0.1647009138898418,0.5,0.004257580720927634,0.0035015020192084023,0.0958904109589041
MODERATE,MODERATE__HOLD_R1_K175,PE 20:1_20:5,175,R1,retained_true,0.025956671076313942,5.727270149188885e-05,0.3973599004661181,0.7993795604865694,0.33650437366671354,2.0,0.007191370271417363,0.00502753052049576,0.1388888888888889
MODERATE,MODERATE__HOLD_R1_K175,PE 20:2_20:3,175,R1,filter_loss,0.004495308877179062,8.354963809358682e-08,0.10342592469336877,0.8809502880689941,0.37931315485534245,0.5340342571614348,0.006841701720754156,0.006907863968091954,0.04878048780487805
MODERATE,MODERATE__HOLD_R1_K175,PE 20:3_20:3,175,R1,filter_loss,0.006263859503547199,0.0,0.11972298568219342,0.9884825101246301,0.06004173901205881,1.0000000000000002,0.0016963874672193402,0.0016617522380532046,0.10344827586206896
MODERATE,MODERATE__HOLD_R1_K175,PE 20:4_20:5,175,R1,retained_true,0.019535856143106024,6.59673027623334e-05,0.26664550336010406,0.7114621309435802,0.4744158758561441,2.0,0.01044677052715437,0.010784837304784856,0.1016949152542373
MODERATE,MODERATE__HOLD_R1_K175,PE 22:0_16:1,175,R1,filter_loss,0.015197301315087626,9.25887110743159e-06,0.4791490094759039,0.8206488603123235,0.1992356350010589,2.0,0.01398340966457523,0.015429314087784252,0.0784313725490196
MODERATE,MODERATE__HOLD_R1_K175,PE O-16:0_22:1,175,R1,filter_loss,0.004346655182485101,1.761374882961224e-18,0.25810380084870377,0.9626827699537985,0.034183285797328655,0.5,0.00511856802045596,0.004463900278739441,0.0
MODERATE,MODERATE__HOLD_R1_K175,PE O-16:0_22:4,175,R1,filter_loss,0.003908666094318844,0.0,0.21233553953653375,0.9788297262879938,0.0525446422437508,2.0,0.0014353458098601557,0.0014785625831121862,0.0
MODERATE,MODERATE__HOLD_R1_K175,PE O-16:0_22:5,175,R1,filter_loss,0.011486472174201331,5.6043781748981e-06,0.2748935194643735,0.9595548171321114,0.1397678816901211,2.0,0.0014573668327483302,0.0010336822738566953,0.0
MODERATE,MODERATE__HOLD_R1_K175,PE O-16:0_22:6,175,R1,filter_loss,0.00850643144946696,4.747538881497389e-06,0.48470573742722234,0.900438885889574,0.1614418659271415,0.7303443264893795,0.009855120315102939,0.007740167377338958,0.0
MODERATE,MODERATE__HOLD_R1_K175,PE O-16:1_22:1,175,R1,solver_miss,2.082123719224004e-08,,0.3096547237703799,0.9753848425333608,0.07168868530044187,0.5,0.0067167896024071805,0.0012854812073977984,0.034482758620689655
MODERATE,MODERATE__HOLD_R1_K175,PE O-16:1_22:3,175,R1,solver_miss,0.0,,0.15301712497872955,0.978974472761994,0.05109413449543146,2.0,0.0034814322978889978,0.003480745568008259,0.16666666666666666
MODERATE,MODERATE__HOLD_R1_K175,PE O-16:1_24:0,175,R1,filter_loss,0.004342494056844803,1.7161603661131862e-09,0.6719956962672089,0.7350890401757907,0.07613711984283755,0.5,0.004366731043771277,0.0027348561583652176,0.07142857142857142
MODERATE,MODERATE__HOLD_R1_K175,PE O-16:1_24:5,175,R1,filter_loss,0.013477981473693829,2.1136498595534692e-18,0.34567378912555613,0.9348240213453116,0.021667538356373084,0.8939526432607221,0.011877127120754505,0.011714428054727999,0.05555555555555555
MODERATE,MODERATE__HOLD_R1_K175,PE O-16:1_24:6,175,R1,retained_true,0.02968051438030537,6.159265923413095e-05,0.41848831684391674,0.9120817497666402,0.043713623229206855,2.0,0.004129920520442809,0.004119441247632083,0.05128205128205128
MODERATE,MODERATE__HOLD_R1_K175,PE O-18:0_20:1,175,R1,filter_loss,0.004865274311566761,6.584853667911429e-06,0.318148671588633,0.9846847840318518,0.10986362796133797,0.8939526432607221,0.000731155119371163,0.000768607114194908,0.07407407407407407
MODERATE,MODERATE__HOLD_R1_K175,PE O-18:0_20:2,175,R1,filter_loss,0.0036851122331324954,1.4556235896171167e-07,0.24588669439016053,0.9868742659860326,0.06594469017151477,0.689110922829001,0.00877764206900511,0.0025374031051380586,0.07692307692307693
MODERATE,MODERATE__HOLD_R1_K175,PE O-18:0_20:5,175,R1,filter_loss,0.008658406727378689,1.761374882961224e-18,0.6919909071159304,0.9215313010613547,0.1361896321849082,0.5,0.01873026420431112,0.018063344580059315,0.05714285714285714
MODERATE,MODERATE__HOLD_R1_K175,PE O-18:0_22:3,175,R1,solver_miss,0.0004085570129387594,,0.17092763078541914,0.9848176901850096,0.13210834735563867,0.8939526432607221,0.003936637273247778,0.002721574194149201,0.125
MODERATE,MODERATE__HOLD_R1_K175,PE O-18:0_22:4,175,R1,filter_loss,0.015071878234353138,0.0,0.29140314574818993,0.9785214888337301,0.07223834193787476,0.5,0.011493042837878442,0.012676102411679935,0.0967741935483871
MODERATE,MODERATE__HOLD_R1_K175,PE O-18:0_22:5,175,R1,filter_loss,0.027155982400690164,1.598295128951281e-05,0.43559350264218133,0.9521162343234528,0.09057688868244451,1.8682084992203376,0.037865546623218616,0.025609167941854527,0.09375
MODERATE,MODERATE__HOLD_R1_K175,PE O-18:0_22:6,175,R1,retained_true,0.02088943017651451,7.319001273793235e-05,0.5753436233533816,0.900438885889574,0.17868511941106635,2.0,0.0012541348266286168,0.0017557677247022063,0.08571428571428572
MODERATE,MODERATE__HOLD_R1_K175,PE O-18:1_20:2,175,R1,filter_loss,0.0022506022684713463,1.761374882961224e-18,0.23640856435982596,0.9860488591567219,0.05007971048025392,0.7303443264893795,0.0022727465443869166,0.0005702892509124036,0.0
MODERATE,MODERATE__HOLD_R1_K175,PE O-18:1_20:3,175,R1,filter_loss,0.014117288690031485,0.0,0.17248031845796863,0.9828895828332406,0.04325030597265456,0.5,0.004280407775395512,0.004177774932991096,0.12121212121212122
MODERATE,MODERATE__HOLD_R1_K175,PE O-18:1_20:5,175,R1,filter_loss,0.003526311333372289,4.1418094481026346e-07,0.5577857427715306,0.9215313010613547,0.19234784377749203,0.5340342571614348,0.017136960829554404,0.007426925674179907,0.047619047619047616
MODERATE,MODERATE__HOLD_R1_K175,PE O-18:2_20:3,175,R1,filter_loss,0.003921295187874112,0.0,0.15389249231375365,0.982213995160686,0.04157871249447814,0.7303443264893795,0.012525726300442908,0.012519771266610302,0.06060606060606061
MODERATE,MODERATE__HOLD_R1_K175,PE O-18:2_22:3,175,R1,filter_loss,0.019217434124196096,0.0,0.11689533016188987,0.986523537683374,0.04682821117393669,1.2101381550740857,0.0009763809145343361,0.0009763827693737293,0.0967741935483871
MODERATE,MODERATE__HOLD_R1_K175,PE O-18:2_22:4,175,R1,filter_loss,0.011547792269046925,2.3443385561892472e-07,0.14828595476682938,0.9790243416279218,0.05669129626843439,0.5,0.0038504629797821988,0.0038340882875486093,0.10526315789473684
MODERATE,MODERATE__HOLD_R1_K175,PE O-18:2_22:5,175,R1,filter_loss,0.011109430882025895,0.0,0.26103860623460656,0.9522818262826038,0.09101743804944895,2.0,0.028002541079205634,0.028560465840289262,0.10256410256410256
MODERATE,MODERATE__HOLD_R1_K175,PE O-18:3_20:3,175,R1,filter_loss,0.016780320279203276,1.0568249297767346e-18,0.14272429629361114,0.9852235586914223,0.03704042840064109,2.0,0.0033996321470814994,0.0033814598886886538,0.030303030303030304
MODERATE,MODERATE__HOLD_R1_K175,PE O-18:3_22:3,175,R1,filter_loss,0.019869118700049492,8.352572617682558e-07,0.12439321564387905,0.986523537683374,0.03933032569194751,1.4538436095675817,0.0013818048439810937,0.00138184207163905,0.16129032258064516
MODERATE,MODERATE__HOLD_R1_K175,PE O-18:3_22:5,175,R1,filter_loss,0.015012711304845702,8.316523709518752e-07,0.24245622912169137,0.9538166594574129,0.08542067730299038,2.0,0.0013059829909413123,0.0012967573271988053,0.02564102564102564
MODERATE,MODERATE__HOLD_R1_K175,PE O-20:0_20:2,175,R1,filter_loss,0.005479194583449157,1.0568249297767346e-18,0.3574277360579778,0.9885666181646524,0.13364990366733687,0.5,0.004053723781671792,0.0016212477942840753,0.18518518518518517
MODERATE,MODERATE__HOLD_R1_K175,PE O-20:0_20:4,175,R1,filter_loss,0.004979043277636417,3.822850471995729e-06,0.526269032993801,0.9845400250879618,0.03802391643362135,0.8939526432607221,0.00847096152846638,0.0002884164924407129,0.10526315789473684
MODERATE,MODERATE__HOLD_R1_K175,PE O-20:1_18:2,175,R1,filter_loss,0.01654495022754328,8.010295583579327e-06,0.4351737905876049,0.9895861653945057,0.1319467591106363,2.0,0.0063135284661594016,0.00756257282988404,0.12121212121212122
MODERATE,MODERATE__HOLD_R1_K175,PE O-20:1_20:1,175,R1,filter_loss,0.01651547069990962,1.7431743591017986e-07,0.300364327002164,0.9853143544809311,0.16047256463030118,2.0,0.02678511286194518,0.030237649128305732,0.09375
MODERATE,MODERATE__HOLD_R1_K175,PE O-20:1_20:2,175,R1,filter_loss,0.010551613642986178,0.0,0.1653451175229508,0.9857697500316058,0.0657556111825639,2.0,0.023195200322623122,0.02340850479240797,0.0967741935483871
MODERATE,MODERATE__HOLD_R1_K175,PE O-20:1_20:3,175,R1,filter_loss,0.01625607375640537,9.644884847758388e-07,0.20156572631951045,0.9834038435158862,0.040391770192754556,1.8682084992203376,0.00021603532334224518,9.58336556625694e-05,0.03225806451612903
MODERATE,MODERATE__HOLD_R1_K175,PE O-20:2_20:3,175,R1,solver_miss,9.824463141086115e-05,,0.1699072530804405,0.9836260273963529,0.031218531110331932,0.5,0.0007556976978787544,0.0007595398023851896,0.06060606060606061
MODERATE,MODERATE__HOLD_R1_K175,PE O-20:3_20:3,175,R1,solver_miss,0.00021522035375183378,,0.1678765453740962,0.9829060245747678,0.02838033431556483,2.0,0.012010620775613212,0.012031504089625056,0.22857142857142856
MODERATE,MODERATE__HOLD_R1_K175,PE O-20:3_20:4,175,R1,filter_loss,0.005582853181062395,0.0,0.2145730867610224,0.9824124426110163,0.03143893515640733,1.4538436095675817,0.009135750159838807,0.006421502386010913,0.06521739130434782
MODERATE,MODERATE__HOLD_R1_K175,PE O-22:1_18:2,175,R1,filter_loss,0.01498887660928915,1.404399780303488e-05,0.3303710154344505,0.9888056550432852,0.337294176164278,2.0,0.009925040544100261,0.010085456571791829,0.14705882352941177
MODERATE,MODERATE__HOLD_R1_K175,PG 14:0_20:0,175,R1,filter_loss,0.0043138931802081375,0.0,0.7233219574944608,0.7740328453451822,0.0781368584247818,0.5,0.0001978858993553212,0.00261810597049994,0.075
MODERATE,MODERATE__HOLD_R1_K175,PG 14:0_22:0,175,R1,filter_loss,0.0013537922155043255,0.0,0.39347230654553556,0.7936099239641267,0.021497958044986498,0.5,0.0002454187826737009,0.020583162875648098,0.0375
MODERATE,MODERATE__HOLD_R1_K175,PG 14:0_22:3,175,R1,filter_loss,0.004354626680379202,7.045499531844897e-19,0.08672432217020402,0.9402021823761977,0.09248053115510325,1.0000000000000002,0.00016337662345733417,0.003036038634443017,0.07228915662650602
MODERATE,MODERATE__HOLD_R1_K175,PG 14:0_22:5,175,R1,filter_loss,0.0030764389915222128,5.4760983988848855e-06,0.3916326572569566,0.8740294125875786,0.3151168353722158,0.6170676298438253,0.03965699727907401,0.038484349180583854,0.13953488372093023
MODERATE,MODERATE__HOLD_R1_K175,PG 14:0_24:4,175,R1,filter_loss,0.010362731459586553,1.5158159359765945e-08,0.2364766144017557,0.9336814199983869,0.409000174620185,1.0000000000000002,0.0010683302651692816,0.003085700851263029,0.0963855421686747
MODERATE,MODERATE__HOLD_R1_K175,PG 16:0_18:0,175,R1,filter_loss,0.008046633491628229,1.0485321318027522e-05,0.2730282086736678,0.7320003904966144,0.5284306072455749,0.5,0.015900560326844726,0.018370463653893276,0.10309278350515463
MODERATE,MODERATE__HOLD_R1_K175,PG 16:0_20:2,175,R1,filter_loss,0.015163254206145648,0.0,0.06404391649487126,0.9219327136957365,0.1380284242110617,1.8682084992203376,0.0014724530072517394,0.026232009824010416,0.08695652173913043
MODERATE,MODERATE__HOLD_R1_K175,PG 16:0_20:5,175,R1,filter_loss,0.01945365303725717,4.2583325302635e-06,0.3586980333079263,0.7784577318028689,0.43367157561769326,2.0,0.002351121648635379,0.0031738658632861627,0.07228915662650602
MODERATE,MODERATE__HOLD_R1_K175,PG 16:0_22:4,175,R1,filter_loss,0.010986754648400519,5.491347669914332e-07,0.20371874124768685,0.9923755383909935,0.44339453837236364,1.0760213163243861,0.02098008274366725,0.021660108898242325,0.06896551724137931
MODERATE,MODERATE__HOLD_R1_K175,PG 16:0_22:6,175,R1,filter_loss,0.01069695909050703,8.790408195642003e-06,0.42771565508602566,0.9755490303044848,0.17342901101082447,0.5,0.037939517349013796,0.05489465871036292,0.12790697674418605
MODERATE,MODERATE__HOLD_R1_K175,PG 16:1_20:1,175,R1,filter_loss,0.0010978568644669936,3.019940719729649e-06,0.09626468926765062,0.9360510343034749,0.032094009427904344,0.689110922829001,0.0003465831332527536,0.02293590990976191,0.11363636363636363
MODERATE,MODERATE__HOLD_R1_K175,PG 16:1_22:3,175,R1,filter_loss,0.013317679876590596,1.6099687587729362e-07,0.23838939494724698,0.9816952449555878,0.29010776373355207,1.8682084992203376,0.0105728782574529,0.05125626961388585,0.13953488372093023
MODERATE,MODERATE__HOLD_R1_K175,PG 16:1_22:5,175,R1,filter_loss,0.00934794227732117,0.0,0.33527002658239174,0.9821921171688058,0.16525580723594785,1.2101381550740857,0.004212599053400323,0.004720675080607362,0.13253012048192772
MODERATE,MODERATE__HOLD_R1_K175,PG 17:0_18:0,175,R1,retained_true,0.011776067210077982,0.00017333037799540098,0.5692674122568047,0.7118582510946688,0.2506727968425583,1.2101381550740857,0.008025598931312272,0.009428613735076308,0.13
MODERATE,MODERATE__HOLD_R1_K175,PG 17:0_18:2,175,R1,filter_loss,0.012053629928566066,9.594649518761727e-07,0.3764851143957298,0.9263229165510191,0.3987025973319038,1.8682084992203376,0.009484791059420017,0.016719429623746618,0.06451612903225806
MODERATE,MODERATE__HOLD_R1_K175,PG 17:0_20:0,175,R1,retained_true,0.021231528202488123,0.0011734406491822075,0.8310149974793403,0.9206618024583055,0.050880880759260116,2.0,0.009830452375701015,0.026990693848136682,0.12087912087912088
MODERATE,MODERATE__HOLD_R1_K175,PG 17:0_20:1,175,R1,retained_true,0.023511020633063043,0.00023441078757328762,0.7656382983426151,0.9467690930810565,0.11848369535153747,2.0,0.0013186425669039492,0.011384415341611276,0.1276595744680851
MODERATE,MODERATE__HOLD_R1_K175,PG 17:0_20:3,175,R1,filter_loss,0.010975332221950193,7.955862646592463e-09,0.15645235358917814,0.9898819477902964,0.24553643982354834,2.0,0.005324997764222239,0.0025238975635980543,0.09278350515463918
MODERATE,MODERATE__HOLD_R1_K175,PG 17:0_20:4,175,R1,filter_loss,0.002935597685849022,5.962608070024433e-08,0.333380957182523,0.9887826418894832,0.3019228169112968,0.5,0.004248848049690057,0.0030506168327869565,0.0784313725490196
MODERATE,MODERATE__HOLD_R1_K175,PG 17:1_20:1,175,R1,filter_loss,0.019431485239357005,1.7150257090033503e-06,0.266391512522408,0.9726361074886047,0.01725447718424139,2.0,0.00020371888323444942,0.0008380198643264114,0.06896551724137931
MODERATE,MODERATE__HOLD_R1_K175,PG 17:1_20:4,175,R1,solver_miss,0.0006365933066097241,,0.4831275545644737,0.9853779862370524,0.22593740389897193,0.7303443264893795,0.009768990444963377,0.014673901738977091,0.0851063829787234
MODERATE,MODERATE__HOLD_R1_K175,PG 18:0_18:0,175,R1,filter_loss,0.017577614480383575,4.3305053164593434e-05,0.27746580180873914,0.8568501347183278,0.3515672967583239,2.0,0.01734341665477035,0.019287194078808856,0.13559322033898305
MODERATE,MODERATE__HOLD_R1_K175,PG 18:0_18:1,175,R1,filter_loss,0.009773391972490759,1.0568249297767346e-18,0.22385302590484416,0.857321011866293,0.5499702514118422,1.2101381550740857,0.013214245959425774,0.015415554182313107,0.08860759493670886
MODERATE,MODERATE__HOLD_R1_K175,PG 18:0_20:5,175,R1,filter_loss,0.0016099874454557986,0.0,0.3912132251385195,0.9850297730134422,0.3528221066303361,0.5,0.003575270869177749,0.0015187346988752015,0.09375
MODERATE,MODERATE__HOLD_R1_K175,PG 18:1_18:1,175,R1,filter_loss,0.0053752420782142854,0.0,0.20074680321951024,0.9552207873236039,0.5335974465364102,2.0,0.007567284672845731,0.0037429423728039257,0.08620689655172414
MODERATE,MODERATE__HOLD_R1_K175,PG 18:1_18:2,175,R1,filter_loss,0.011650046858588265,2.1613258398614276e-06,0.18514361914509317,0.8693484458976806,0.5954341339760317,1.4538436095675817,0.0831419838346329,0.1241135203682151,0.14925373134328357
MODERATE,MODERATE__HOLD_R1_K175,PG 18:1_20:5,175,R1,solver_miss,0.00010371196755914093,,0.43403628582268905,0.9724669479844656,0.20168966737085237,0.5,0.12444790306939768,0.1802421033409778,0.10416666666666667
MODERATE,MODERATE__HOLD_R1_K175,PG 18:2_20:2,175,R1,filter_loss,0.02623878679574365,4.3018447438025515e-07,0.26810270421335247,0.9325718345250835,0.2603944544674466,2.0,0.00035321850653713405,0.0029041614180301822,0.1797752808988764
MODERATE,MODERATE__HOLD_R1_K175,PG 18:2_20:5,175,R1,filter_loss,0.012383439119858633,9.686774265409345e-07,0.45600375389372205,0.9631467226016989,0.13540569175942307,1.0760213163243861,0.024623177708275934,0.0272368573177596,0.10112359550561797
MODERATE,MODERATE__HOLD_R1_K175,PG 20:0_16:1,175,R1,filter_loss,0.004096067668534144,7.518735755670765e-07,0.27509463736924117,0.8206488603123235,0.4400895324696777,0.5,0.023633155556943675,0.01982242563486325,0.10344827586206896
MODERATE,MODERATE__HOLD_R1_K175,PG 20:1_18:3,175,R1,filter_loss,0.0074408514814408916,6.498674375357501e-07,0.23811465068961957,0.9659907277452849,0.39065317821122125,1.0760213163243861,0.013223788545502657,0.005873700646287117,0.04
MODERATE,MODERATE__HOLD_R1_K175,PS 14:0_20:0,175,R1,retained_true,0.021365275516063337,0.00011451976754541803,0.6390062445975,0.6039215648852556,0.16709168430356958,2.0,0.010801892749627506,0.010809429545237559,0.06944444444444445
MODERATE,MODERATE__HOLD_R1_K175,PS 14:0_22:0,175,R1,retained_true,0.01977145178509862,0.000491496299167206,0.755911282254363,0.4966771953016806,0.15131295823331015,2.0,0.017069230801018187,0.02469454229113499,0.11428571428571428
MODERATE,MODERATE__HOLD_R1_K175,PS 14:0_22:2,175,R1,filter_loss,0.007237020551947669,2.1189619684171036e-06,0.4826107446087538,0.6351598729298585,0.056673251273551106,0.5,0.007977026934082976,0.047826105286139065,0.15714285714285714
MODERATE,MODERATE__HOLD_R1_K175,PS 14:0_22:4,175,R1,filter_loss,0.016638266527716467,3.192897529938841e-05,0.3282929959935041,0.543623575220217,0.10688133467946276,2.0,0.0458753987345597,0.12404954461363571,0.10666666666666667
MODERATE,MODERATE__HOLD_R1_K175,PS 16:0_20:3,175,R1,filter_loss,0.0013550083494431784,4.556053499354625e-06,0.31718607034211305,0.6379581944357362,0.2271159539431486,0.5,0.027212528966907734,0.058276376417067954,0.09210526315789473
MODERATE,MODERATE__HOLD_R1_K175,PS 16:0_20:5,175,R1,filter_loss,0.00316900306579286,0.0,0.4925110672748304,0.5885323920958705,0.2627774230424914,0.5340342571614348,0.013003782233024452,0.019522444069718925,0.1
MODERATE,MODERATE__HOLD_R1_K175,PS 16:1_20:1,175,R1,retained_true,0.016675959329800306,6.881782043026329e-05,0.4129541991564398,0.5415506422933887,0.12632979672586508,2.0,0.012530559487986093,0.028732022022766146,0.12162162162162163
MODERATE,MODERATE__HOLD_R1_K175,PS 16:1_20:3,175,R1,filter_loss,0.013644184238955888,4.3609638761596285e-06,0.34984059386853866,0.5074650921831881,0.12705139171053204,1.2101381550740857,0.013598335212942292,0.04658590552502673,0.09859154929577464
MODERATE,MODERATE__HOLD_R1_K175,PS 16:1_20:4,175,R1,retained_true,0.02227047863802886,0.00025752507483429424,0.6316414058973379,0.55604981646135,0.12364708441998395,2.0,0.002065200950896351,0.0021543074540258944,0.07692307692307693
MODERATE,MODERATE__HOLD_R1_K175,PS 17:0_18:1,175,R1,filter_loss,0.006617930653742556,4.1158114357270494e-05,0.6537549379034493,0.5358578664393875,0.1898482402281083,0.5,0.010570117363184806,0.010591397975243666,0.0547945205479452
MODERATE,MODERATE__HOLD_R1_K175,PS 18:0_16:1,175,R1,filter_loss,0.004140490617141372,7.405994405013908e-07,0.4974005788167513,0.5669019742880855,0.3372870145815912,0.689110922829001,0.03460912207428468,0.03467752725215889,0.07246376811594203
MODERATE,MODERATE__HOLD_R1_K175,PS 18:0_17:1,175,R1,filter_loss,0.0056980680652310494,2.065710171269736e-06,0.5700329198506149,0.552158066910196,0.2648511266188399,0.5,0.1279037832619786,0.12825292369093555,0.08955223880597014
MODERATE,MODERATE__HOLD_R1_K175,PS 18:0_18:0,175,R1,filter_loss,0.011406184584826801,0.0,0.4331045541325963,0.7822407069839156,0.19197976773862468,2.0,0.14300274757408316,0.143083679635846,0.07547169811320754
MODERATE,MODERATE__HOLD_R1_K175,PS 18:0_18:3,175,R1,filter_loss,0.020821450761034727,2.3540396431866414e-05,0.5738266720137706,0.6379581944357362,0.264601068755451,2.0,0.09413502859169243,0.095342705409444,0.10666666666666667
MODERATE,MODERATE__HOLD_R1_K175,PS 18:1_18:3,175,R1,filter_loss,0.007075584264788143,3.962586787057813e-05,0.6381277857367744,0.5253007492314473,0.23640738012806917,0.5340342571614348,0.06172178898474612,0.06271145019339008,0.078125
MODERATE,MODERATE__HOLD_R1_K175,PS 20:0_16:1,175,R1,filter_loss,0.004919905901362668,1.4503721976586297e-05,0.49681824282241865,0.5478869149773706,0.34409744001467496,0.6170676298438253,0.06793490741157648,0.06858971078031917,0.10526315789473684
MODERATE,MODERATE__HOLD_R2_K050,PA 18:0_22:2,50,R2,filter_loss,0.012084643113044798,7.437592385380157e-06,0.27393752390511106,0.8394493239810369,0.36260158405766385,0.6170676298438253,0.02351886071492093,0.02069604792981916,0.16
MODERATE,MODERATE__HOLD_R2_K050,PA 18:0_22:4,50,R2,filter_loss,0.007621886979106009,0.0,0.18925162859522815,0.8691673191165914,0.31323723028330897,0.5,0.028616841107932944,0.028598164600455833,0.13414634146341464
MODERATE,MODERATE__HOLD_R2_K050,PA 18:0_24:1,50,R2,filter_loss,0.014893425789909596,2.5428301605335302e-05,0.3334734584306543,0.8793255202210899,0.22349976674487387,0.689110922829001,0.026829836515780414,0.029863395376363955,0.11940298507462686
MODERATE,MODERATE__HOLD_R2_K050,PA 18:1_22:1,50,R2,retained_true,0.028397729412292037,8.389481990099704e-05,0.46175873097333114,0.9022714644699661,0.2905844069806663,0.7303443264893795,0.0019058111212388873,0.005781683022816564,0.10810810810810811
MODERATE,MODERATE__HOLD_R2_K050,PA 20:0_20:4,50,R2,filter_loss,0.0022112070278836873,8.33049443812404e-06,0.1645114953783594,0.8957566529041909,0.3424625013635971,0.7303443264893795,0.035207471766033116,0.037242614862983636,0.10112359550561797
MODERATE,MODERATE__HOLD_R2_K050,PA 20:1_20:1,50,R2,filter_loss,0.013205271168243415,2.6386965056567467e-05,0.4231895167566119,0.9753576763078726,0.3291536211973855,0.5,0.004056557011968609,0.009118661173266429,0.11363636363636363
MODERATE,MODERATE__HOLD_R2_K050,PA 20:1_22:1,50,R2,retained_true,0.01764132287236404,0.00011990133395801963,0.48292710886676304,0.8982874947005188,0.22073574264275386,0.7802037075442214,0.042150757204609035,0.046487835812741074,0.11842105263157894
MODERATE,MODERATE__HOLD_R2_K050,PA 22:1_18:2,50,R2,retained_true,0.04652890133910366,0.00032657112986363997,0.3672416022212644,0.8804726866933393,0.42728280324989093,2.0,0.02691113441240789,0.023724425464931476,0.05405405405405406
MODERATE,MODERATE__HOLD_R2_K050,PA 22:1_20:2,50,R2,retained_true,0.046549326983799835,0.00037966300281909964,0.43337633237958284,0.8789327040599717,0.27097424872123554,2.0,0.013554543831596821,0.01914604769921946,0.09333333333333334
MODERATE,MODERATE__HOLD_R2_K050,PA 22:1_20:3,50,R2,retained_true,0.01641947100587246,0.0001406981919662108,0.47201880717776407,0.8266719825061805,0.24944586960093668,0.5340342571614348,0.036066276380636864,0.04223833819265632,0.12987012987012986
MODERATE,MODERATE__HOLD_R2_K050,PA 22:6_22:6,50,R2,retained_true,0.056021071692806707,0.0026651612241346567,0.5618631902016936,0.691000163096786,0.18635717808006635,2.0,0.011791523875777421,0.012108010693223203,0.14583333333333334
MODERATE,MODERATE__HOLD_R2_K050,PC 14:0_20:4,50,R2,retained_true,0.021979991175321255,0.0006058868208826392,0.6036768381098416,0.7745273553735048,0.030942368542241527,0.7802037075442214,0.02095375866627036,0.020883261090615557,0.060240963855421686
MODERATE,MODERATE__HOLD_R2_K050,PC 16:1_18:1,50,R2,filter_loss,0.03396853120400462,0.0,0.3710824945274597,0.6900215947371616,0.3528311199198995,2.0,0.016335279638232003,0.01633586859628633,0.08695652173913043
MODERATE,MODERATE__HOLD_R2_K050,PC 20:0_14:1,50,R2,filter_loss,0.015101544114295682,6.591791648787793e-06,0.593367589246976,0.47707361889437966,0.2851238976272237,0.6170676298438253,0.009633002353415354,0.00963735879025518,0.12
MODERATE,MODERATE__HOLD_R2_K050,PE 16:0_22:1,50,R2,filter_loss,0.026550227017171392,2.772576724012895e-05,0.20454583643989277,0.8508967724619106,0.32715941021570594,1.4538436095675817,0.012638953305908918,0.012713523169433083,0.16666666666666666
MODERATE,MODERATE__HOLD_R2_K050,PE 16:0_22:2,50,R2,filter_loss,0.014716621056792006,1.680395416010232e-05,0.1886425381510025,0.8572487991575071,0.3301179135196991,2.0,0.02756581713086992,0.02769940301002005,0.12280701754385964
MODERATE,MODERATE__HOLD_R2_K050,PE 16:0_24:5,50,R2,filter_loss,0.021961961288911234,0.0,0.21271686018449112,0.9348240213453116,0.1546244672974381,0.5,0.007927872983995443,0.007752559846100793,0.1206896551724138
MODERATE,MODERATE__HOLD_R2_K050,PE 16:1_22:1,50,R2,retained_true,0.02823096785142812,6.275535846185765e-05,0.29634414058106057,0.6962164662208943,0.4407404219699385,1.0000000000000002,0.0338159661449321,0.0358225131677532,0.11320754716981132
MODERATE,MODERATE__HOLD_R2_K050,PE 16:1_22:4,50,R2,filter_loss,0.00302999311964265,0.0,0.11707440620301834,0.9872300880237134,0.16084900498979865,0.5,0.0029498684932359742,0.002949875225067733,0.1111111111111111
MODERATE,MODERATE__HOLD_R2_K050,PE 17:0_20:0,50,R2,filter_loss,0.011742128941685177,2.9777210985789423e-06,0.2698075638945543,0.9206618024583055,0.26327938903853587,0.5,0.008181300974087313,0.0076215412507438796,0.14285714285714285
MODERATE,MODERATE__HOLD_R2_K050,PE 17:0_22:6,50,R2,retained_true,0.03796474471173785,0.0003056570547991227,0.31244709118745745,0.8271838267520604,0.30433218821543645,2.0,0.02043282907208166,0.02128164989764758,0.21212121212121213
MODERATE,MODERATE__HOLD_R2_K050,PE 18:3_20:4,50,R2,filter_loss,0.010564536481545502,1.827382089868245e-05,0.15717262060050777,0.9796724074104938,0.3020809046376558,0.5,0.12042440326983606,0.1206991783278889,0.1891891891891892
MODERATE,MODERATE__HOLD_R2_K050,PE 20:1_20:3,50,R2,filter_loss,0.013981487496239394,3.9539247221963796e-05,0.15409170574418976,0.9673598800301968,0.13448997604329319,1.2101381550740857,0.0014960618723857122,0.0013968157459480768,0.09433962264150944
MODERATE,MODERATE__HOLD_R2_K050,PE 20:3_20:3,50,R2,filter_loss,0.022796796797473675,1.7103960411219898e-05,0.11972298568219342,0.9884825101246301,0.06004173901205881,1.0000000000000002,0.0016963874672193402,0.0016617522380532046,0.10344827586206896
MODERATE,MODERATE__HOLD_R2_K050,PE 22:0_16:1,50,R2,retained_true,0.048933025285103106,0.000393885090021119,0.4791490094759039,0.8206488603123235,0.1992356350010589,2.0,0.01398340966457523,0.015429314087784252,0.0784313725490196
MODERATE,MODERATE__HOLD_R2_K050,PE O-16:0_22:4,50,R2,filter_loss,0.02582426507798518,8.594657099650048e-06,0.21233553953653375,0.9788297262879938,0.0525446422437508,2.0,0.0014353458098601557,0.0014785625831121862,0.0
MODERATE,MODERATE__HOLD_R2_K050,PE O-16:0_22:5,50,R2,retained_true,0.05145382685343295,0.00023592315454741677,0.2748935194643735,0.9595548171321114,0.1397678816901211,2.0,0.0014573668327483302,0.0010336822738566953,0.0
MODERATE,MODERATE__HOLD_R2_K050,PE O-16:1_24:0,50,R2,retained_true,0.014256026597095618,0.00013513012873304553,0.6719956962672089,0.7350890401757907,0.07613711984283755,0.5,0.004366731043771277,0.0027348561583652176,0.07142857142857142
MODERATE,MODERATE__HOLD_R2_K050,PE O-16:1_24:5,50,R2,filter_loss,0.02866564747796345,3.3119648776628726e-05,0.34567378912555613,0.9348240213453116,0.021667538356373084,0.8939526432607221,0.011877127120754505,0.011714428054727999,0.05555555555555555
MODERATE,MODERATE__HOLD_R2_K050,PE O-18:0_20:2,50,R2,filter_loss,0.0056623354580759636,8.23840460009235e-06,0.24588669439016053,0.9868742659860326,0.06594469017151477,0.689110922829001,0.00877764206900511,0.0025374031051380586,0.07692307692307693
MODERATE,MODERATE__HOLD_R2_K050,PE O-18:0_22:3,50,R2,filter_loss,0.013460805626055238,1.1890440238187005e-07,0.17092763078541914,0.9848176901850096,0.13210834735563867,0.8939526432607221,0.003936637273247778,0.002721574194149201,0.125
MODERATE,MODERATE__HOLD_R2_K050,PE O-18:1_20:3,50,R2,filter_loss,0.010301426035464075,0.0,0.17248031845796863,0.9828895828332406,0.04325030597265456,0.5,0.004280407775395512,0.004177774932991096,0.12121212121212122
MODERATE,MODERATE__HOLD_R2_K050,PE O-18:3_20:3,50,R2,filter_loss,0.023649872927828067,1.19931118845876e-06,0.14272429629361114,0.9852235586914223,0.03704042840064109,2.0,0.0033996321470814994,0.0033814598886886538,0.030303030303030304
MODERATE,MODERATE__HOLD_R2_K050,PE O-18:3_22:5,50,R2,retained_true,0.041014303699529325,0.00011191856294090436,0.24245622912169137,0.9538166594574129,0.08542067730299038,2.0,0.0013059829909413123,0.0012967573271988053,0.02564102564102564
MODERATE,MODERATE__HOLD_R2_K050,PE O-20:1_18:2,50,R2,retained_true,0.03454268973497856,6.04136456631341e-05,0.4351737905876049,0.9895861653945057,0.1319467591106363,2.0,0.0063135284661594016,0.00756257282988404,0.12121212121212122
MODERATE,MODERATE__HOLD_R2_K050,PE O-20:3_20:4,50,R2,filter_loss,0.012092710183626582,3.1942488838073404e-06,0.2145730867610224,0.9824124426110163,0.03143893515640733,1.4538436095675817,0.009135750159838807,0.006421502386010913,0.06521739130434782
MODERATE,MODERATE__HOLD_R2_K050,PE O-22:1_18:2,50,R2,retained_true,0.054225702295656375,0.00041238627271175893,0.3303710154344505,0.9888056550432852,0.337294176164278,2.0,0.009925040544100261,0.010085456571791829,0.14705882352941177
MODERATE,MODERATE__HOLD_R2_K050,PG 14:0_20:0,50,R2,filter_loss,0.010646445292649865,2.2908780959281464e-05,0.7233219574944608,0.7740328453451822,0.0781368584247818,0.5,0.0001978858993553212,0.00261810597049994,0.075
MODERATE,MODERATE__HOLD_R2_K050,PG 14:0_22:0,50,R2,filter_loss,0.007074659882423389,0.0,0.39347230654553556,0.7936099239641267,0.021497958044986498,0.5,0.0002454187826737009,0.020583162875648098,0.0375
MODERATE,MODERATE__HOLD_R2_K050,PG 16:0_22:4,50,R2,filter_loss,0.047650977956175275,3.0354768271137806e-05,0.20371874124768685,0.9923755383909935,0.44339453837236364,1.0760213163243861,0.02098008274366725,0.021660108898242325,0.06896551724137931
MODERATE,MODERATE__HOLD_R2_K050,PG 16:1_22:3,50,R2,filter_loss,0.03684446789410644,2.034951264218444e-05,0.23838939494724698,0.9816952449555878,0.29010776373355207,1.8682084992203376,0.0105728782574529,0.05125626961388585,0.13953488372093023
MODERATE,MODERATE__HOLD_R2_K050,PG 17:0_18:2,50,R2,retained_true,0.05115133429841744,0.00027048244023609996,0.3764851143957298,0.9263229165510191,0.3987025973319038,1.8682084992203376,0.009484791059420017,0.016719429623746618,0.06451612903225806
MODERATE,MODERATE__HOLD_R2_K050,PG 18:0_18:1,50,R2,filter_loss,0.021342883808787953,0.0,0.22385302590484416,0.857321011866293,0.5499702514118422,1.2101381550740857,0.013214245959425774,0.015415554182313107,0.08860759493670886
MODERATE,MODERATE__HOLD_R2_K050,PG 18:2_20:2,50,R2,filter_loss,0.06131961876386405,2.2842395723932724e-06,0.26810270421335247,0.9325718345250835,0.2603944544674466,2.0,0.00035321850653713405,0.0029041614180301822,0.1797752808988764
MODERATE,MODERATE__HOLD_R2_K050,PG 20:1_18:3,50,R2,filter_loss,0.027085967761512786,8.198531079497702e-06,0.23811465068961957,0.9659907277452849,0.39065317821122125,1.0760213163243861,0.013223788545502657,0.005873700646287117,0.04
MODERATE,MODERATE__HOLD_R2_K050,PS 16:0_20:3,50,R2,retained_true,0.011816854296479412,0.00014037265703441062,0.31718607034211305,0.6379581944357362,0.2271159539431486,0.5,0.027212528966907734,0.058276376417067954,0.09210526315789473
MODERATE,MODERATE__HOLD_R2_K050,PS 16:1_20:4,50,R2,retained_true,0.06419514667276593,0.005092964346691863,0.6316414058973379,0.55604981646135,0.12364708441998395,2.0,0.002065200950896351,0.0021543074540258944,0.07692307692307693
MODERATE,MODERATE__HOLD_R2_K050,PS 17:0_18:1,50,R2,retained_true,0.01694089482342507,0.0004637211098939021,0.6537549379034493,0.5358578664393875,0.1898482402281083,0.5,0.010570117363184806,0.010591397975243666,0.0547945205479452
MODERATE,MODERATE__HOLD_R2_K050,PS 18:0_18:3,50,R2,retained_true,0.06205966100208159,0.002429665485674171,0.5738266720137706,0.6379581944357362,0.264601068755451,2.0,0.09413502859169243,0.095342705409444,0.10666666666666667
MODERATE,MODERATE__HOLD_R2_K050,PS 18:1_18:3,50,R2,retained_true,0.018233092199210637,0.00029456923270485046,0.6381277857367744,0.5253007492314473,0.23640738012806917,0.5340342571614348,0.06172178898474612,0.06271145019339008,0.078125
MODERATE,MODERATE__HOLD_R2_K125,PA 16:0_24:1,125,R2,retained_true,0.018369953803123305,6.56031146331972e-05,0.5504804076642431,0.883487638633687,0.19595790828137805,2.0,0.007297931729579266,0.0021546023846907847,0.03571428571428571
MODERATE,MODERATE__HOLD_R2_K125,PA 18:0_22:0,125,R2,filter_loss,0.013453508775804689,1.3521969784247243e-18,0.3381799302246325,0.7789494468002593,0.44534403487199864,1.4538436095675817,0.02848961175578779,0.03648961246100402,0.08108108108108109
MODERATE,MODERATE__HOLD_R2_K125,PA 18:0_22:2,125,R2,filter_loss,0.0042659177299341445,1.3521969784247243e-18,0.27393752390511106,0.8394493239810369,0.36260158405766385,0.6170676298438253,0.02351886071492093,0.02069604792981916,0.16
MODERATE,MODERATE__HOLD_R2_K125,PA 18:0_22:4,125,R2,filter_loss,0.0047809960628341225,0.0,0.18925162859522815,0.8691673191165914,0.31323723028330897,0.5,0.028616841107932944,0.028598164600455833,0.13414634146341464
MODERATE,MODERATE__HOLD_R2_K125,PA 18:0_24:1,125,R2,filter_loss,0.014364185201640962,2.550205124031902e-07,0.3334734584306543,0.8793255202210899,0.22349976674487387,0.689110922829001,0.026829836515780414,0.029863395376363955,0.11940298507462686
MODERATE,MODERATE__HOLD_R2_K125,PA 18:0_24:5,125,R2,filter_loss,0.004781513068328444,0.0,0.1609179673339711,0.923167578011941,0.23175005437601462,0.5,0.0036633805692699584,0.0036136396067398824,0.0625
MODERATE,MODERATE__HOLD_R2_K125,PA 18:1_22:1,125,R2,filter_loss,0.011874070756268344,2.0921773136265286e-07,0.46175873097333114,0.9022714644699661,0.2905844069806663,0.7303443264893795,0.0019058111212388873,0.005781683022816564,0.10810810810810811
MODERATE,MODERATE__HOLD_R2_K125,PA 18:1_22:3,125,R2,filter_loss,0.030298276456316043,2.2028490861376387e-05,0.26035456632127724,0.8639124793194024,0.33467634555443054,2.0,0.01104951059015924,0.009298220516597566,0.05194805194805195
MODERATE,MODERATE__HOLD_R2_K125,PA 18:1_22:4,125,R2,filter_loss,0.019321251361700136,7.222119816437259e-07,0.23118051955905902,0.7349039762795926,0.45741325188581883,2.0,0.02171118528722915,0.021927532103925507,0.08433734939759036
MODERATE,MODERATE__HOLD_R2_K125,PA 18:1_24:4,125,R2,filter_loss,0.005920482433596143,5.269189403356838e-06,0.2590661626283403,0.770029563231097,0.383684973635327,0.5,0.004381306891687475,0.004326198598567421,0.09411764705882353
MODERATE,MODERATE__HOLD_R2_K125,PA 20:0_20:3,125,R2,filter_loss,0.011109631006538678,0.0,0.28594755195446475,0.8048190171061798,0.4076195370011738,1.4538436095675817,0.026905938589507516,0.03319554418155579,0.13414634146341464
MODERATE,MODERATE__HOLD_R2_K125,PA 20:0_20:4,125,R2,solver_miss,0.00023074384946058545,,0.1645114953783594,0.8957566529041909,0.3424625013635971,0.7303443264893795,0.035207471766033116,0.037242614862983636,0.10112359550561797
MODERATE,MODERATE__HOLD_R2_K125,PA 20:0_22:1,125,R2,filter_loss,0.013726062129264431,0.0,0.3017443733307278,0.7600275012777736,0.3861256918000734,0.689110922829001,0.013143009850812737,0.013404242312570869,0.07792207792207792
MODERATE,MODERATE__HOLD_R2_K125,PA 20:0_22:4,125,R2,filter_loss,0.006780815484352819,1.3521969784247243e-18,0.241048023112079,0.8303328039494347,0.3429309669132585,0.5,0.0709592887498206,0.07259142093825233,0.11627906976744186
MODERATE,MODERATE__HOLD_R2_K125,PA 20:1_20:1,125,R2,filter_loss,0.009746263106226482,5.027302263732775e-06,0.4231895167566119,0.9753576763078726,0.3291536211973855,0.5,0.004056557011968609,0.009118661173266429,0.11363636363636363
MODERATE,MODERATE__HOLD_R2_K125,PA 20:1_22:1,125,R2,filter_loss,0.006221580135511305,9.29622351180082e-06,0.48292710886676304,0.8982874947005188,0.22073574264275386,0.7802037075442214,0.042150757204609035,0.046487835812741074,0.11842105263157894
MODERATE,MODERATE__HOLD_R2_K125,PA 20:1_22:3,125,R2,filter_loss,0.013907240105813812,0.0,0.33476954438953394,0.8781031661032047,0.24658711409645712,1.8682084992203376,0.027253364092044596,0.03116676551298969,0.08860759493670886
MODERATE,MODERATE__HOLD_R2_K125,PA 20:1_22:6,125,R2,filter_loss,0.01040830693677317,3.405760266280241e-06,0.23670331410171605,0.9753576763078726,0.2468565478982028,1.0760213163243861,0.011632730240933808,0.011684792340459604,0.07407407407407407
MODERATE,MODERATE__HOLD_R2_K125,PA 20:4_22:4,125,R2,filter_loss,0.005745356116491313,6.115361368177594e-06,0.48634054946811606,0.6664725514235691,0.28586225820427874,0.5,0.02659509671704785,0.027615015444042434,0.053763440860215055
MODERATE,MODERATE__HOLD_R2_K125,PA 22:0_20:1,125,R2,filter_loss,0.008548143687131159,1.7622509542818005e-05,0.4020166500263304,0.8495611434984474,0.2527636987135384,1.0760213163243861,0.024670426894927378,0.029212533438468746,0.04
MODERATE,MODERATE__HOLD_R2_K125,PA 22:0_20:4,125,R2,filter_loss,0.023997152074890893,3.001380480095121e-05,0.4550397992700734,0.7513055221510871,0.3384293666283728,2.0,0.0086714832213447,0.008835232942307703,0.10843373493975904
MODERATE,MODERATE__HOLD_R2_K125,PA 22:1_18:2,125,R2,filter_loss,0.024614377198763266,5.173878861392293e-06,0.3672416022212644,0.8804726866933393,0.42728280324989093,2.0,0.02691113441240789,0.023724425464931476,0.05405405405405406
MODERATE,MODERATE__HOLD_R2_K125,PA 22:1_20:2,125,R2,filter_loss,0.018539442421932274,2.4982810164428555e-05,0.43337633237958284,0.8789327040599717,0.27097424872123554,2.0,0.013554543831596821,0.01914604769921946,0.09333333333333334
MODERATE,MODERATE__HOLD_R2_K125,PA 22:1_20:3,125,R2,retained_true,0.018145582340597134,0.00010023312119836898,0.47201880717776407,0.8266719825061805,0.24944586960093668,0.5340342571614348,0.036066276380636864,0.04223833819265632,0.12987012987012986
MODERATE,MODERATE__HOLD_R2_K125,PA 22:1_20:5,125,R2,filter_loss,0.0056843942779550025,1.579830340855544e-05,0.35373566324826666,0.8941830868357824,0.2306843778836697,0.5,0.015948807673170196,0.017555832364119728,0.05
MODERATE,MODERATE__HOLD_R2_K125,PA 22:5_22:5,125,R2,filter_loss,0.008977066269723883,6.900542015597653e-06,0.37471749963267753,0.9264320052062154,0.08562930665407442,0.8939526432607221,0.11253485184806455,0.11659000749086579,0.15217391304347827
MODERATE,MODERATE__HOLD_R2_K125,PA 22:6_22:6,125,R2,retained_true,0.025542677134147672,0.00021198538159144273,0.5618631902016936,0.691000163096786,0.18635717808006635,2.0,0.011791523875777421,0.012108010693223203,0.14583333333333334
MODERATE,MODERATE__HOLD_R2_K125,PA 24:1_18:2,125,R2,filter_loss,0.01588450619733325,1.1600753578161643e-05,0.416531063009088,0.7481851339902038,0.35294871355264307,1.0000000000000002,0.007982763433951878,0.006877013303554724,0.07575757575757576
MODERATE,MODERATE__HOLD_R2_K125,PC 14:0_20:4,125,R2,retained_true,0.010309240135572727,0.00011125905805252381,0.6036768381098416,0.7745273553735048,0.030942368542241527,0.7802037075442214,0.02095375866627036,0.020883261090615557,0.060240963855421686
MODERATE,MODERATE__HOLD_R2_K125,PC 14:1_20:1,125,R2,retained_true,0.0261704196088668,6.532378003943708e-05,0.4158486366407816,0.6900215947371616,0.30806497780657766,2.0,0.0011240740041472685,0.001119940951996412,0.05194805194805195
MODERATE,MODERATE__HOLD_R2_K125,PC 16:0_18:0,125,R2,filter_loss,0.010710429970140805,1.9600165944733814e-05,0.49212912704514206,0.6471130837014081,0.2680149501547328,0.7802037075442214,0.014468031505265433,0.014462911284981339,0.07058823529411765
MODERATE,MODERATE__HOLD_R2_K125,PC 16:0_18:1,125,R2,solver_miss,0.0007689248331307434,,0.3986166534022413,0.6482926248318512,0.4109027795617344,0.5340342571614348,0.010716155688694329,0.010716085125303088,0.18840579710144928
MODERATE,MODERATE__HOLD_R2_K125,PC 16:1_18:1,125,R2,filter_loss,0.007984959583803847,0.0,0.3710824945274597,0.6900215947371616,0.3528311199198995,2.0,0.016335279638232003,0.01633586859628633,0.08695652173913043
MODERATE,MODERATE__HOLD_R2_K125,PC 16:1_18:2,125,R2,retained_true,0.030954889198845658,0.00011278031075259625,0.6451321224456396,0.494520891089959,0.2246564065829395,2.0,0.0851555772113064,0.08515960466327943,0.08888888888888889
MODERATE,MODERATE__HOLD_R2_K125,PC 20:0_14:1,125,R2,filter_loss,0.007493974720028387,4.916202601951669e-06,0.593367589246976,0.47707361889437966,0.2851238976272237,0.6170676298438253,0.009633002353415354,0.00963735879025518,0.12
MODERATE,MODERATE__HOLD_R2_K125,PE 16:0_22:1,125,R2,filter_loss,0.005913620202969055,5.830003541284688e-06,0.20454583643989277,0.8508967724619106,0.32715941021570594,1.4538436095675817,0.012638953305908918,0.012713523169433083,0.16666666666666666
MODERATE,MODERATE__HOLD_R2_K125,PE 16:0_22:2,125,R2,filter_loss,0.004020601216010741,0.0,0.1886425381510025,0.8572487991575071,0.3301179135196991,2.0,0.02756581713086992,0.02769940301002005,0.12280701754385964
MODERATE,MODERATE__HOLD_R2_K125,PE 16:0_24:5,125,R2,filter_loss,0.009141596001226956,1.4054205368760456e-05,0.21271686018449112,0.9348240213453116,0.1546244672974381,0.5,0.007927872983995443,0.007752559846100793,0.1206896551724138
MODERATE,MODERATE__HOLD_R2_K125,PE 16:0_24:6,125,R2,filter_loss,0.023223154129216626,9.801758466500872e-07,0.354462542162506,0.9120817497666402,0.1077393979106176,2.0,0.03337449601511244,0.03234429415657669,0.0967741935483871
MODERATE,MODERATE__HOLD_R2_K125,PE 16:1_22:1,125,R2,filter_loss,0.008426405825988994,2.0282954676370866e-18,0.29634414058106057,0.6962164662208943,0.4407404219699385,1.0000000000000002,0.0338159661449321,0.0358225131677532,0.11320754716981132
MODERATE,MODERATE__HOLD_R2_K125,PE 16:1_22:4,125,R2,filter_loss,0.005409268799882024,1.2878530108154163e-08,0.11707440620301834,0.9872300880237134,0.16084900498979865,0.5,0.0029498684932359742,0.002949875225067733,0.1111111111111111
MODERATE,MODERATE__HOLD_R2_K125,PE 17:0_20:0,125,R2,filter_loss,0.003992582620975446,5.373658071035134e-06,0.2698075638945543,0.9206618024583055,0.26327938903853587,0.5,0.008181300974087313,0.0076215412507438796,0.14285714285714285
MODERATE,MODERATE__HOLD_R2_K125,PE 17:0_22:4,125,R2,filter_loss,0.0020029583174735544,7.457300716137639e-07,0.16492324087593133,0.9518068384474951,0.1688292372948361,1.0000000000000002,0.011323827398024844,0.010696441986026706,0.10294117647058823
MODERATE,MODERATE__HOLD_R2_K125,PE 17:0_22:5,125,R2,filter_loss,0.026067973834674803,3.783243839503959e-05,0.20553202250395822,0.9211023236447361,0.22285151703158326,2.0,0.006022341607054282,0.006118608822853311,0.09090909090909091
MODERATE,MODERATE__HOLD_R2_K125,PE 17:0_22:6,125,R2,filter_loss,0.019897397424038506,2.4736489395076745e-05,0.31244709118745745,0.8271838267520604,0.30433218821543645,2.0,0.02043282907208166,0.02128164989764758,0.21212121212121213
MODERATE,MODERATE__HOLD_R2_K125,PE 17:1_20:1,125,R2,filter_loss,0.005601914784171648,1.6526373742268828e-06,0.2809048613188857,0.9726361074886047,0.3272746898881621,0.7802037075442214,0.02195098404712359,0.02319081164381953,0.18032786885245902
MODERATE,MODERATE__HOLD_R2_K125,PE 17:1_20:3,125,R2,filter_loss,0.008459309452143987,1.9372642276352116e-06,0.17058675100295786,0.9942019114139844,0.23344250644858108,0.5,0.02781094553235297,0.028228990083589367,0.13333333333333333
MODERATE,MODERATE__HOLD_R2_K125,PE 17:1_22:5,125,R2,filter_loss,0.015720527562855597,8.35413433232912e-06,0.1734421065443991,0.9209267513286628,0.23190880091119995,0.5,0.005744579375785097,0.005751764830457584,0.15873015873015872
MODERATE,MODERATE__HOLD_R2_K125,PE 17:1_22:6,125,R2,filter_loss,0.012625792374531432,2.6363730086906755e-06,0.2805102678681988,0.8065738667783828,0.34444630313629093,1.2101381550740857,0.005664061742315263,0.005482838723936623,0.20634920634920634
MODERATE,MODERATE__HOLD_R2_K125,PE 18:0_20:3,125,R2,filter_loss,0.006693341131550639,3.1454661069842894e-06,0.19168425851262216,0.9604368385083139,0.1400403915099126,0.6170676298438253,0.022206833331292586,0.022947971573484938,0.125
MODERATE,MODERATE__HOLD_R2_K125,PE 18:0_20:5,125,R2,filter_loss,0.017947162020239476,2.4008691229900878e-05,0.4239120961696826,0.9850297730134422,0.320123235599173,2.0,0.004934571524748632,0.005082815451705747,0.09333333333333334
MODERATE,MODERATE__HOLD_R2_K125,PE 18:1_20:2,125,R2,filter_loss,0.005914117273307299,2.7043939568494486e-18,0.23433578314102768,0.9251187567839819,0.20375319449318544,0.7303443264893795,0.002957952615715631,0.0005097541630209035,0.07142857142857142
MODERATE,MODERATE__HOLD_R2_K125,PE 18:1_22:3,125,R2,solver_miss,0.0,,0.10400557506001402,0.9605256779361461,0.1742934444820513,0.7802037075442214,0.0052429883517403075,0.005243068903257986,0.1323529411764706
MODERATE,MODERATE__HOLD_R2_K125,PE 18:2_20:2,125,R2,filter_loss,0.011412602960629539,4.374323547285976e-06,0.18632332063996887,0.930785287256962,0.4829206823131476,2.0,0.0034037588036589517,0.003425147880774637,0.08695652173913043
MODERATE,MODERATE__HOLD_R2_K125,PE 18:3_20:4,125,R2,filter_loss,0.0055668956526816644,3.2754021960595216e-07,0.15717262060050777,0.9796724074104938,0.3020809046376558,0.5,0.12042440326983606,0.1206991783278889,0.1891891891891892
MODERATE,MODERATE__HOLD_R2_K125,PE 20:0_20:3,125,R2,filter_loss,0.002452881380225614,2.712424868674273e-06,0.23032749244938702,0.9788474233762352,0.09767313679891157,1.0760213163243861,0.021862176492828622,0.023301227642374633,0.1724137931034483
MODERATE,MODERATE__HOLD_R2_K125,PE 20:1_18:2,125,R2,filter_loss,0.004395119962926668,0.0,0.3477875659110764,0.8910754995054128,0.2892279401300275,0.5,0.09984548829565154,0.10973993746145727,0.1
MODERATE,MODERATE__HOLD_R2_K125,PE 20:1_20:3,125,R2,filter_loss,0.012929045893602085,3.6453961345960283e-06,0.15409170574418976,0.9673598800301968,0.13448997604329319,1.2101381550740857,0.0014960618723857122,0.0013968157459480768,0.09433962264150944
MODERATE,MODERATE__HOLD_R2_K125,PE 20:1_20:4,125,R2,filter_loss,0.003633554367068021,6.0595973043197e-08,0.22946614386916517,0.9422890778439277,0.1647009138898418,0.5,0.004257580720927634,0.0035015020192084023,0.0958904109589041
MODERATE,MODERATE__HOLD_R2_K125,PE 20:1_20:5,125,R2,retained_true,0.03146705909657317,0.00011012966687496234,0.3973599004661181,0.7993795604865694,0.33650437366671354,2.0,0.007191370271417363,0.00502753052049576,0.1388888888888889
MODERATE,MODERATE__HOLD_R2_K125,PE 20:3_20:3,125,R2,filter_loss,0.008340810152568224,5.585462850793237e-07,0.11972298568219342,0.9884825101246301,0.06004173901205881,1.0000000000000002,0.0016963874672193402,0.0016617522380532046,0.10344827586206896
MODERATE,MODERATE__HOLD_R2_K125,PE 20:4_20:5,125,R2,retained_true,0.025385464295034174,0.00012635248188930552,0.26664550336010406,0.7114621309435802,0.4744158758561441,2.0,0.01044677052715437,0.010784837304784856,0.1016949152542373
MODERATE,MODERATE__HOLD_R2_K125,PE 22:0_16:1,125,R2,filter_loss,0.023074547365659344,3.2867450423755255e-05,0.4791490094759039,0.8206488603123235,0.1992356350010589,2.0,0.01398340966457523,0.015429314087784252,0.0784313725490196
MODERATE,MODERATE__HOLD_R2_K125,PE O-16:0_22:4,125,R2,filter_loss,0.009709915717782224,0.0,0.21233553953653375,0.9788297262879938,0.0525446422437508,2.0,0.0014353458098601557,0.0014785625831121862,0.0
MODERATE,MODERATE__HOLD_R2_K125,PE O-16:0_22:5,125,R2,filter_loss,0.017147650003660066,8.07050799612741e-06,0.2748935194643735,0.9595548171321114,0.1397678816901211,2.0,0.0014573668327483302,0.0010336822738566953,0.0
MODERATE,MODERATE__HOLD_R2_K125,PE O-16:1_24:0,125,R2,filter_loss,0.005818752982692833,4.14769441410528e-08,0.6719956962672089,0.7350890401757907,0.07613711984283755,0.5,0.004366731043771277,0.0027348561583652176,0.07142857142857142
MODERATE,MODERATE__HOLD_R2_K125,PE O-16:1_24:5,125,R2,filter_loss,0.01632833009454131,2.7043939568494486e-18,0.34567378912555613,0.9348240213453116,0.021667538356373084,0.8939526432607221,0.011877127120754505,0.011714428054727999,0.05555555555555555
MODERATE,MODERATE__HOLD_R2_K125,PE O-18:0_20:1,125,R2,filter_loss,0.008089240083620865,2.5857164757205203e-06,0.318148671588633,0.9846847840318518,0.10986362796133797,0.8939526432607221,0.000731155119371163,0.000768607114194908,0.07407407407407407
MODERATE,MODERATE__HOLD_R2_K125,PE O-18:0_20:2,125,R2,filter_loss,0.011705263027415449,7.574371437213643e-07,0.24588669439016053,0.9868742659860326,0.06594469017151477,0.689110922829001,0.00877764206900511,0.0025374031051380586,0.07692307692307693
MODERATE,MODERATE__HOLD_R2_K125,PE O-18:0_20:5,125,R2,filter_loss,0.010162383847331672,6.49235253833767e-08,0.6919909071159304,0.9215313010613547,0.1361896321849082,0.5,0.01873026420431112,0.018063344580059315,0.05714285714285714
MODERATE,MODERATE__HOLD_R2_K125,PE O-18:0_22:3,125,R2,filter_loss,0.0015563319317027182,0.0,0.17092763078541914,0.9848176901850096,0.13210834735563867,0.8939526432607221,0.003936637273247778,0.002721574194149201,0.125
MODERATE,MODERATE__HOLD_R2_K125,PE O-18:0_22:4,125,R2,filter_loss,0.014073394137525641,0.0,0.29140314574818993,0.9785214888337301,0.07223834193787476,0.5,0.011493042837878442,0.012676102411679935,0.0967741935483871
MODERATE,MODERATE__HOLD_R2_K125,PE O-18:0_22:6,125,R2,retained_true,0.02495275785629728,0.00018126099985230895,0.5753436233533816,0.900438885889574,0.17868511941106635,2.0,0.0012541348266286168,0.0017557677247022063,0.08571428571428572
MODERATE,MODERATE__HOLD_R2_K125,PE O-18:1_20:3,125,R2,filter_loss,0.0055044304621287956,0.0,0.17248031845796863,0.9828895828332406,0.04325030597265456,0.5,0.004280407775395512,0.004177774932991096,0.12121212121212122
MODERATE,MODERATE__HOLD_R2_K125,PE O-18:1_20:5,125,R2,filter_loss,0.004347403005577074,3.3265314664545935e-06,0.5577857427715306,0.9215313010613547,0.19234784377749203,0.5340342571614348,0.017136960829554404,0.007426925674179907,0.047619047619047616
MODERATE,MODERATE__HOLD_R2_K125,PE O-18:2_20:3,125,R2,filter_loss,0.005850096576022267,0.0,0.15389249231375365,0.982213995160686,0.04157871249447814,0.7303443264893795,0.012525726300442908,0.012519771266610302,0.06060606060606061
MODERATE,MODERATE__HOLD_R2_K125,PE O-18:2_22:3,125,R2,filter_loss,0.004043078199316266,1.3521969784247243e-18,0.11689533016188987,0.986523537683374,0.04682821117393669,1.2101381550740857,0.0009763809145343361,0.0009763827693737293,0.0967741935483871
MODERATE,MODERATE__HOLD_R2_K125,PE O-18:2_22:4,125,R2,filter_loss,0.003455984286889269,2.1746755560250033e-07,0.14828595476682938,0.9790243416279218,0.05669129626843439,0.5,0.0038504629797821988,0.0038340882875486093,0.10526315789473684
MODERATE,MODERATE__HOLD_R2_K125,PE O-18:2_22:5,125,R2,filter_loss,0.025427919439822474,5.477928717334712e-07,0.26103860623460656,0.9522818262826038,0.09101743804944895,2.0,0.028002541079205634,0.028560465840289262,0.10256410256410256
MODERATE,MODERATE__HOLD_R2_K125,PE O-18:3_20:3,125,R2,filter_loss,0.021144650314930076,0.0,0.14272429629361114,0.9852235586914223,0.03704042840064109,2.0,0.0033996321470814994,0.0033814598886886538,0.030303030303030304
MODERATE,MODERATE__HOLD_R2_K125,PE O-18:3_22:3,125,R2,filter_loss,0.018525891535224867,2.484259526421783e-07,0.12439321564387905,0.986523537683374,0.03933032569194751,1.4538436095675817,0.0013818048439810937,0.00138184207163905,0.16129032258064516
MODERATE,MODERATE__HOLD_R2_K125,PE O-18:3_22:5,125,R2,filter_loss,0.023038204436229108,2.014265322099881e-06,0.24245622912169137,0.9538166594574129,0.08542067730299038,2.0,0.0013059829909413123,0.0012967573271988053,0.02564102564102564
MODERATE,MODERATE__HOLD_R2_K125,PE O-20:0_20:2,125,R2,filter_loss,0.0032609724938178087,0.0,0.3574277360579778,0.9885666181646524,0.13364990366733687,0.5,0.004053723781671792,0.0016212477942840753,0.18518518518518517
MODERATE,MODERATE__HOLD_R2_K125,PE O-20:0_20:4,125,R2,filter_loss,0.008434200519616982,7.280238922576665e-06,0.526269032993801,0.9845400250879618,0.03802391643362135,0.8939526432607221,0.00847096152846638,0.0002884164924407129,0.10526315789473684
MODERATE,MODERATE__HOLD_R2_K125,PE O-20:1_18:2,125,R2,filter_loss,0.01661262556331266,6.835804764554825e-06,0.4351737905876049,0.9895861653945057,0.1319467591106363,2.0,0.0063135284661594016,0.00756257282988404,0.12121212121212122
MODERATE,MODERATE__HOLD_R2_K125,PE O-20:1_20:2,125,R2,filter_loss,0.017918296139950537,1.1934505189939503e-06,0.1653451175229508,0.9857697500316058,0.0657556111825639,2.0,0.023195200322623122,0.02340850479240797,0.0967741935483871
MODERATE,MODERATE__HOLD_R2_K125,PE O-20:1_20:3,125,R2,filter_loss,0.02400543403964539,1.8415811452099117e-06,0.20156572631951045,0.9834038435158862,0.040391770192754556,1.8682084992203376,0.00021603532334224518,9.58336556625694e-05,0.03225806451612903
MODERATE,MODERATE__HOLD_R2_K125,PE O-20:3_20:3,125,R2,filter_loss,0.004918227061071004,3.6869222574404107e-07,0.1678765453740962,0.9829060245747678,0.02838033431556483,2.0,0.012010620775613212,0.012031504089625056,0.22857142857142856
MODERATE,MODERATE__HOLD_R2_K125,PE O-20:3_20:4,125,R2,filter_loss,0.008786088989479681,0.0,0.2145730867610224,0.9824124426110163,0.03143893515640733,1.4538436095675817,0.009135750159838807,0.006421502386010913,0.06521739130434782
MODERATE,MODERATE__HOLD_R2_K125,PE O-22:1_18:2,125,R2,filter_loss,0.019659078417980293,2.2329135539907398e-05,0.3303710154344505,0.9888056550432852,0.337294176164278,2.0,0.009925040544100261,0.010085456571791829,0.14705882352941177
MODERATE,MODERATE__HOLD_R2_K125,PG 14:0_20:0,125,R2,filter_loss,0.009877919258885539,3.380492446061811e-18,0.7233219574944608,0.7740328453451822,0.0781368584247818,0.5,0.0001978858993553212,0.00261810597049994,0.075
MODERATE,MODERATE__HOLD_R2_K125,PG 14:0_22:0,125,R2,filter_loss,0.005078337688849741,0.0,0.39347230654553556,0.7936099239641267,0.021497958044986498,0.5,0.0002454187826737009,0.020583162875648098,0.0375
MODERATE,MODERATE__HOLD_R2_K125,PG 14:0_22:5,125,R2,filter_loss,0.009262371722414677,3.23552645130032e-06,0.3916326572569566,0.8740294125875786,0.3151168353722158,0.6170676298438253,0.03965699727907401,0.038484349180583854,0.13953488372093023
MODERATE,MODERATE__HOLD_R2_K125,PG 14:0_24:4,125,R2,filter_loss,0.009423025197814404,4.257378081693697e-06,0.2364766144017557,0.9336814199983869,0.409000174620185,1.0000000000000002,0.0010683302651692816,0.003085700851263029,0.0963855421686747
MODERATE,MODERATE__HOLD_R2_K125,PG 16:0_18:0,125,R2,filter_loss,0.005115247758953272,1.5450036389951958e-05,0.2730282086736678,0.7320003904966144,0.5284306072455749,0.5,0.015900560326844726,0.018370463653893276,0.10309278350515463
MODERATE,MODERATE__HOLD_R2_K125,PG 16:0_20:2,125,R2,filter_loss,0.023336859472166623,6.760984892123621e-19,0.06404391649487126,0.9219327136957365,0.1380284242110617,1.8682084992203376,0.0014724530072517394,0.026232009824010416,0.08695652173913043
MODERATE,MODERATE__HOLD_R2_K125,PG 16:0_20:5,125,R2,filter_loss,0.03337844723413769,1.8046208554937927e-05,0.3586980333079263,0.7784577318028689,0.43367157561769326,2.0,0.002351121648635379,0.0031738658632861627,0.07228915662650602
MODERATE,MODERATE__HOLD_R2_K125,PG 16:0_22:4,125,R2,filter_loss,0.033669034822264,2.5511031532588494e-06,0.20371874124768685,0.9923755383909935,0.44339453837236364,1.0760213163243861,0.02098008274366725,0.021660108898242325,0.06896551724137931
MODERATE,MODERATE__HOLD_R2_K125,PG 16:0_22:6,125,R2,filter_loss,0.00596916468851632,3.005030516012358e-05,0.42771565508602566,0.9755490303044848,0.17342901101082447,0.5,0.037939517349013796,0.05489465871036292,0.12790697674418605
MODERATE,MODERATE__HOLD_R2_K125,PG 16:1_20:1,125,R2,filter_loss,0.024065416910526216,2.48488709015632e-06,0.09626468926765062,0.9360510343034749,0.032094009427904344,0.689110922829001,0.0003465831332527536,0.02293590990976191,0.11363636363636363
MODERATE,MODERATE__HOLD_R2_K125,PG 16:1_22:3,125,R2,filter_loss,0.0263550635475697,8.075192278800243e-07,0.23838939494724698,0.9816952449555878,0.29010776373355207,1.8682084992203376,0.0105728782574529,0.05125626961388585,0.13953488372093023
MODERATE,MODERATE__HOLD_R2_K125,PG 16:1_22:5,125,R2,filter_loss,0.012517312178871904,0.0,0.33527002658239174,0.9821921171688058,0.16525580723594785,1.2101381550740857,0.004212599053400323,0.004720675080607362,0.13253012048192772
MODERATE,MODERATE__HOLD_R2_K125,PG 17:0_18:2,125,R2,filter_loss,0.018563622861750742,4.033304751328791e-06,0.3764851143957298,0.9263229165510191,0.3987025973319038,1.8682084992203376,0.009484791059420017,0.016719429623746618,0.06451612903225806
MODERATE,MODERATE__HOLD_R2_K125,PG 17:0_20:0,125,R2,retained_true,0.027747321684247327,0.0021908790014071025,0.8310149974793403,0.9206618024583055,0.050880880759260116,2.0,0.009830452375701015,0.026990693848136682,0.12087912087912088
MODERATE,MODERATE__HOLD_R2_K125,PG 17:0_20:3,125,R2,filter_loss,0.030372575520084728,2.140244403094954e-06,0.15645235358917814,0.9898819477902964,0.24553643982354834,2.0,0.005324997764222239,0.0025238975635980543,0.09278350515463918
MODERATE,MODERATE__HOLD_R2_K125,PG 17:0_20:4,125,R2,filter_loss,0.005785241474357691,4.390672788907355e-07,0.333380957182523,0.9887826418894832,0.3019228169112968,0.5,0.004248848049690057,0.0030506168327869565,0.0784313725490196
MODERATE,MODERATE__HOLD_R2_K125,PG 17:1_20:1,125,R2,filter_loss,0.017700626265080507,1.0895009699968184e-06,0.266391512522408,0.9726361074886047,0.01725447718424139,2.0,0.00020371888323444942,0.0008380198643264114,0.06896551724137931
MODERATE,MODERATE__HOLD_R2_K125,PG 17:1_20:4,125,R2,filter_loss,0.007027445211288578,2.083927352256329e-06,0.4831275545644737,0.9853779862370524,0.22593740389897193,0.7303443264893795,0.009768990444963377,0.014673901738977091,0.0851063829787234
MODERATE,MODERATE__HOLD_R2_K125,PG 18:0_18:1,125,R2,filter_loss,0.010640569110380119,1.3521969784247243e-18,0.22385302590484416,0.857321011866293,0.5499702514118422,1.2101381550740857,0.013214245959425774,0.015415554182313107,0.08860759493670886
MODERATE,MODERATE__HOLD_R2_K125,PG 18:0_20:5,125,R2,filter_loss,0.007008633699945587,0.0,0.3912132251385195,0.9850297730134422,0.3528221066303361,0.5,0.003575270869177749,0.0015187346988752015,0.09375
MODERATE,MODERATE__HOLD_R2_K125,PG 18:1_18:1,125,R2,filter_loss,0.011514710478313482,4.186290171274918e-06,0.20074680321951024,0.9552207873236039,0.5335974465364102,2.0,0.007567284672845731,0.0037429423728039257,0.08620689655172414
MODERATE,MODERATE__HOLD_R2_K125,PG 18:2_20:2,125,R2,filter_loss,0.017965696740949038,0.0,0.26810270421335247,0.9325718345250835,0.2603944544674466,2.0,0.00035321850653713405,0.0029041614180301822,0.1797752808988764
MODERATE,MODERATE__HOLD_R2_K125,PG 20:1_18:3,125,R2,filter_loss,0.01019268690863256,1.0716968600587573e-06,0.23811465068961957,0.9659907277452849,0.39065317821122125,1.0760213163243861,0.013223788545502657,0.005873700646287117,0.04
MODERATE,MODERATE__HOLD_R2_K125,PS 14:0_20:0,125,R2,retained_true,0.02992208779044152,0.0004881265737372188,0.6390062445975,0.6039215648852556,0.16709168430356958,2.0,0.010801892749627506,0.010809429545237559,0.06944444444444445
MODERATE,MODERATE__HOLD_R2_K125,PS 14:0_22:2,125,R2,filter_loss,0.006047925653150858,2.146071032735157e-05,0.4826107446087538,0.6351598729298585,0.056673251273551106,0.5,0.007977026934082976,0.047826105286139065,0.15714285714285714
MODERATE,MODERATE__HOLD_R2_K125,PS 16:0_20:3,125,R2,filter_loss,0.004787453519488895,1.7396334611504716e-06,0.31718607034211305,0.6379581944357362,0.2271159539431486,0.5,0.027212528966907734,0.058276376417067954,0.09210526315789473
MODERATE,MODERATE__HOLD_R2_K125,PS 16:0_20:5,125,R2,filter_loss,0.0038774837714271424,1.3521969784247243e-18,0.4925110672748304,0.5885323920958705,0.2627774230424914,0.5340342571614348,0.013003782233024452,0.019522444069718925,0.1
MODERATE,MODERATE__HOLD_R2_K125,PS 16:1_20:1,125,R2,retained_true,0.03056408090307337,0.00021043669161984366,0.4129541991564398,0.5415506422933887,0.12632979672586508,2.0,0.012530559487986093,0.028732022022766146,0.12162162162162163
MODERATE,MODERATE__HOLD_R2_K125,PS 16:1_20:4,125,R2,retained_true,0.032983704814213095,0.0008500644136125116,0.6316414058973379,0.55604981646135,0.12364708441998395,2.0,0.002065200950896351,0.0021543074540258944,0.07692307692307693
MODERATE,MODERATE__HOLD_R2_K125,PS 17:0_18:1,125,R2,retained_true,0.007903916590809208,9.746672339750457e-05,0.6537549379034493,0.5358578664393875,0.1898482402281083,0.5,0.010570117363184806,0.010591397975243666,0.0547945205479452
MODERATE,MODERATE__HOLD_R2_K125,PS 18:0_16:1,125,R2,filter_loss,0.004407873672717467,0.0,0.4974005788167513,0.5669019742880855,0.3372870145815912,0.689110922829001,0.03460912207428468,0.03467752725215889,0.07246376811594203
MODERATE,MODERATE__HOLD_R2_K125,PS 18:0_18:0,125,R2,filter_loss,0.01275639747769291,0.0,0.4331045541325963,0.7822407069839156,0.19197976773862468,2.0,0.14300274757408316,0.143083679635846,0.07547169811320754
MODERATE,MODERATE__HOLD_R2_K125,PS 18:0_18:3,125,R2,retained_true,0.0252294921927076,0.00021284596484074547,0.5738266720137706,0.6379581944357362,0.264601068755451,2.0,0.09413502859169243,0.095342705409444,0.10666666666666667
MODERATE,MODERATE__HOLD_R2_K125,PS 18:1_18:3,125,R2,retained_true,0.008969102494516814,7.97440145473855e-05,0.6381277857367744,0.5253007492314473,0.23640738012806917,0.5340342571614348,0.06172178898474612,0.06271145019339008,0.078125
MODERATE,MODERATE__HOLD_R2_K125,PS 20:0_16:1,125,R2,filter_loss,0.008430696947602104,2.6470758456956747e-05,0.49681824282241865,0.5478869149773706,0.34409744001467496,0.6170676298438253,0.06793490741157648,0.06858971078031917,0.10526315789473684
