source_identity,replacement_identity,replacement_gain,replacement_fraction,delta_residual_absorption,edge_presence_fraction,top_replacement_consistency,stable_edge,presence_persistent_edge
PA 20:1_20:1,PA 18:1_22:1,0.0,0.0,-5.885642686993965e-07,0.3333333333333333,0.0,False,False
PA 20:1_20:1,PS 14:0_22:0,0.0,0.0,1.3941497911781965e-07,1.0,0.0,False,True
PA 20:1_20:1,PS 16:0_20:1,0.0,0.0,-8.05958833278435e-06,1.0,0.0,False,True
PA 20:1_20:1,PS 16:1_20:1,0.0,0.0,-9.594411882022113e-07,1.0,0.0,False,True
PA 20:1_20:1,PE 16:0_22:4,0.0,0.0,-1.2489116395427366e-05,1.0,0.0,False,True
PA 20:1_20:1,PE 16:0_22:6,0.0,0.0,9.441815173575505e-06,0.3333333333333333,0.0,False,False
PA 20:1_20:1,PE 18:0_22:6,0.0,0.0,7.789151876111003e-06,0.3333333333333333,0.0,False,False
PA 20:1_20:1,PE 18:1_20:1,0.0,0.0,1.26119016850893e-07,1.0,0.6666666666666666,False,True
PA 20:1_20:1,PE 18:1_20:4,0.0,0.0,1.0141797670868855e-07,0.3333333333333333,0.0,False,False
PA 20:1_20:1,PE 18:1_22:6,0.0,0.0,9.801738433562424e-06,0.6666666666666666,0.0,False,False
PA 20:1_20:1,PE 20:1_18:3,0.0,0.0,3.9585870075862626e-08,1.0,0.0,False,True
PA 20:1_20:1,PE 20:0_20:4,0.0,0.0,6.232348373412153e-07,0.3333333333333333,0.0,False,False
PA 20:1_20:1,PE 20:1_20:4,0.0,0.0,-2.6194237933733366e-08,1.0,0.0,False,True
PA 20:1_20:1,PE 20:1_20:5,0.0,0.0,4.384918036809946e-08,1.0,0.0,False,True
PA 20:1_20:1,PE O-16:0_22:3,0.0,0.0,4.1079906095678875e-07,1.0,0.0,False,True
PA 20:1_20:1,PE O-16:0_22:4,0.0,0.0,-1.298106588825637e-05,0.3333333333333333,0.0,False,False
PA 20:1_20:1,PE O-16:1_22:2,0.0,0.0,3.8561602888448356e-09,1.0,0.0,False,True
PA 20:1_20:1,PE O-16:1_24:0,0.0,0.0,1.042637517394599e-08,1.0,0.0,False,True
PA 20:1_20:1,PE O-16:1_24:1,0.0,0.0,8.911001141271715e-09,1.0,0.0,False,True
PA 20:1_20:1,PE O-16:1_24:4,0.0,0.0,-1.5846614213403845e-08,1.0,0.0,False,True
PA 20:1_20:1,PE O-16:1_24:5,0.0,0.0,-1.695989298785871e-07,1.0,0.0,False,True
PA 20:1_20:1,PE O-16:1_24:6,0.0,0.0,-8.097980774187855e-08,1.0,0.0,False,True
PA 20:1_20:1,PE O-18:0_20:4,0.0,0.0,2.3005374997648287e-07,0.6666666666666666,0.0,False,False
PA 20:1_20:1,PE O-18:0_20:5,0.0,0.0,-3.957801087477535e-09,0.6666666666666666,0.0,False,False
PA 20:1_20:1,PE O-18:0_22:5,0.0,0.0,-4.001606771045966e-06,0.6666666666666666,0.0,False,False
PA 20:1_20:1,PE O-18:1_20:1,0.0,0.0,-7.324249756060361e-07,1.0,0.3333333333333333,False,True
PA 20:1_20:1,PE O-20:1_18:2,0.0,0.0,-1.0171198952548792e-07,0.3333333333333333,0.0,False,False
PA 20:1_20:1,PE O-18:2_22:5,0.0,0.0,-3.807573311874768e-06,0.3333333333333333,0.0,False,False
PA 20:1_20:1,PE O-18:2_22:6,0.0,0.0,9.812170340756911e-06,1.0,0.0,False,True
PA 20:1_20:1,PE O-18:3_22:6,0.0,0.0,1.0002421622955704e-05,0.3333333333333333,0.0,False,False
PA 20:1_20:1,PE O-20:1_20:4,0.0,0.0,-7.684895041419018e-07,0.3333333333333333,0.0,False,False
PA 20:1_20:1,PE O-20:2_20:4,0.0,0.0,-8.828975203767847e-07,0.3333333333333333,0.0,False,False
PA 20:1_20:1,PG 16:1_20:3,0.0,0.0,-5.59782121084006e-07,0.6666666666666666,0.0,False,False
PA 20:1_20:1,PG 16:1_20:1,0.0,0.0,-3.105127011588524e-06,1.0,0.0,False,True
PA 20:1_20:1,PG 14:0_22:1,0.0,0.0,-1.613976983771397e-06,1.0,0.0,False,True
PA 20:1_20:1,PG 16:0_22:6,0.0,0.0,5.449267307835047e-06,1.0,0.0,False,True
PA 20:1_20:1,PG 18:1_20:4,0.0,0.0,4.5339246764564475e-08,1.0,0.0,False,True
PA 20:1_20:1,PG 17:0_20:1,0.0,0.0,-1.8981904797655935e-07,1.0,0.0,False,True
PA 20:1_20:1,PC 14:0_20:1,0.0,0.0,-6.772560458475103e-08,1.0,0.0,False,True
PA 20:1_20:1,PC 14:1_20:1,0.0,0.0,3.489194930380844e-08,1.0,0.0,False,True
PA 20:1_20:1,PC 17:0_17:1,0.0,0.0,1.8925174143953322e-07,1.0,0.0,False,True
PS 14:0_22:0,PA 20:1_20:1,0.0,0.0,0.01129281886053358,0.0625,0.0,False,False
PS 14:0_22:0,PA 22:6_22:6,0.0,0.0,0.05480563534783181,0.015625,0.0,False,False
PS 14:0_22:0,PS 14:0_20:1,0.0,0.0,0.11369319733975654,0.015625,0.0,False,False
PS 14:0_22:0,PS 14:0_22:2,0.0016460126835890609,0.1715270045865817,1.0374405077289815e-15,0.828125,0.0,False,False
PS 14:0_22:0,PS 16:0_18:1,0.00010798782775225425,0.011253150604992709,4.684857973010932e-15,0.921875,0.0,False,False
PS 14:0_22:0,PS 16:0_20:1,0.00031544500095590997,0.032871761357148165,6.3026460920677976e-15,1.0,0.0,False,True
PS 14:0_22:0,PS 20:0_16:1,0.00034460627277875435,0.03591058703302392,1.5863869417998618e-15,1.0,0.0,False,True
PS 14:0_22:0,PS 18:0_18:1,9.57286441958527e-05,0.00997565070777344,2.2620883251233433e-16,0.9375,0.0,False,False
PS 14:0_22:0,PS 18:0_18:2,0.0,0.0,1.0822922590029789e-15,0.421875,0.0,False,False
PS 14:0_22:0,PS 18:1_18:1,0.00021623004539805812,0.022532810566123863,1.5766365610881231e-15,1.0,0.0,False,True
PS 14:0_22:0,PE 16:0_22:4,0.00020349750306329628,0.021205983094362543,-3.8672447497933015e-16,0.875,0.0,False,False
PS 14:0_22:0,PE 16:0_22:6,6.6016533763792185e-06,0.0006879423471392419,5.264047726629297e-15,0.390625,0.0,False,False
PS 14:0_22:0,PE 18:0_22:6,6.34578900217675e-05,0.006612793389346668,2.1709222654685875e-15,0.828125,0.0,False,False
PS 14:0_22:0,PE 18:1_20:3,1.0326093308315673e-05,0.0010760572332862578,-5.027540054490189e-16,0.796875,0.0,False,False
PS 14:0_22:0,PE 18:1_20:4,0.0003755943671348502,0.03913978147103864,1.0016322345651217e-14,0.890625,0.0,False,False
PS 14:0_22:0,PE 18:1_20:5,0.0,0.0,0.011548783543515094,0.109375,0.0,False,False
PS 14:0_22:0,PE 18:1_22:6,0.00020296944603286418,0.021150955547136478,3.475279445181412e-15,0.796875,0.0,False,False
PS 14:0_22:0,PE 18:2_22:6,0.0,0.0,2.448503416355895e-15,0.09375,0.0,False,False
PS 14:0_22:0,PE 20:0_20:4,0.0,0.0,1.0284945334259612e-14,0.140625,0.0,False,False
PS 14:0_22:0,PE 20:2_20:4,0.0003093427441020341,0.03223585991495455,1.1659505255096955e-14,1.0,0.0,False,True
PS 14:0_22:0,PE 20:3_20:4,0.0,0.0,-0.0001339189363502102,0.140625,0.0,False,False
PS 14:0_22:0,PE O-16:0_22:3,0.0,0.0,-1.758968680397634e-15,0.140625,0.0,False,False
PS 14:0_22:0,PE O-16:1_22:0,0.0,0.0,0.14092799870941564,0.078125,0.0,False,False
PS 14:0_22:0,PE O-16:1_22:1,0.00014881632268693877,0.015507789410481558,2.8861126906746104e-16,0.828125,0.0,False,False
PS 14:0_22:0,PE O-16:1_24:0,0.0,0.0,1.6026426546427133e-16,0.5,0.0,False,False
PS 14:0_22:0,PE O-16:1_24:1,0.0,0.0,4.387671320282347e-18,0.109375,0.0,False,False
PS 14:0_22:0,PE O-16:1_24:4,0.0,0.0,-5.706638836092916e-16,0.359375,0.0,False,False
PS 14:0_22:0,PE O-16:1_24:5,0.0,0.0,-2.2060236360308465e-17,0.09375,0.0,False,False
PS 14:0_22:0,PE O-16:1_24:6,0.0,0.0,2.882456297907708e-16,0.15625,0.0,False,False
PS 14:0_22:0,PE O-18:0_20:3,0.0,0.0,0.00047832968056617784,0.09375,0.0,False,False
PS 14:0_22:0,PE O-18:0_20:4,4.184119665487547e-05,0.004360170004814286,1.0401706143282683e-14,0.9375,0.0,False,False
PS 14:0_22:0,PE O-18:1_20:4,0.0001428272328523883,0.014883680829932577,1.1900827177712484e-14,0.828125,0.0,False,False
PS 14:0_22:0,PE O-18:1_22:4,0.0,0.0,-0.00020427847990942086,0.125,0.0,False,False
PS 14:0_22:0,PE O-18:1_22:5,0.0,0.0,0.00011809453427923176,0.03125,0.0,False,False
PS 14:0_22:0,PE O-18:1_22:6,0.0,0.0,3.732933255489103e-15,0.34375,0.0,False,False
PS 14:0_22:0,PE O-20:1_18:2,0.0,0.0,0.003988785487537729,0.015625,0.0,False,False
PS 14:0_22:0,PE O-18:2_22:5,0.0001409836991834632,0.014691570640723258,-6.154927824284959e-17,0.75,0.0,False,False
PS 14:0_22:0,PE O-18:2_22:6,0.0,0.0,3.2969693579154936e-15,0.328125,0.0,False,False
PS 14:0_22:0,PE O-18:3_22:0,0.0007287225361431687,0.07593841471915463,-2.9641157363685184e-16,0.96875,0.0,False,False
PS 14:0_22:0,PE O-18:3_22:6,0.0,0.0,3.1564367588866718e-15,0.046875,0.0,False,False
PS 14:0_22:0,PE O-20:0_20:4,0.0,0.0,9.838256017903092e-15,0.046875,0.0,False,False
PS 14:0_22:0,PE O-20:1_20:4,6.908305101954032e-06,0.0007198977825156353,1.0593544883786139e-14,0.25,0.0,False,False
PS 14:0_22:0,PE O-20:3_20:4,0.000291305047891436,0.030356195176344882,1.0432663602042452e-14,0.9375,0.0,False,False
PS 14:0_22:0,PG 14:0_20:0,6.995912815172651e-05,0.007290271706284317,1.0998429442841081e-15,0.96875,0.0,False,False
PS 14:0_22:0,PG 14:0_22:4,0.0,0.0,0.007464422520255441,0.140625,0.09375,False,False
PS 14:0_22:0,PG 16:0_20:4,0.0,0.0,0.0009430919657723615,0.015625,0.0,False,False
PS 14:0_22:0,PG 16:1_20:3,2.7830594826749877e-06,0.0002900159041354637,1.5511636914787062e-15,0.484375,0.0,False,False
PS 14:0_22:0,PG 14:0_22:3,5.552416920564206e-05,0.005786039512913021,-1.0725418782912403e-16,0.96875,0.0,False,False
PS 14:0_22:0,PG 16:1_20:2,0.0,0.0,-0.005773514176467426,0.03125,0.0,False,False
PS 14:0_22:0,PG 14:0_22:2,0.0,0.0,0.005817432969373415,0.203125,0.078125,False,False
PS 14:0_22:0,PG 14:0_22:1,8.194645499465941e-06,0.0008539442072265494,-2.0792686867782453e-15,1.0,0.0,False,True
PS 14:0_22:0,PG 14:0_22:0,0.0002447091178873293,0.025500545897808813,-8.502331980636014e-16,1.0,0.0,False,True
PS 14:0_22:0,PG 16:1_22:6,0.0,0.0,2.330005820768547e-15,0.734375,0.0,False,False
PS 14:0_22:0,PG 16:0_22:6,2.2667859244776545e-05,0.002362162840792228,5.1424726671298065e-15,0.65625,0.0,False,False
PS 14:0_22:0,PG 16:1_22:4,0.0,0.0,-1.5077135574320212e-15,0.171875,0.0,False,False
PS 14:0_22:0,PG 18:1_20:4,0.0,0.0,0.004159602749904126,0.40625,0.0,False,False
PS 14:0_22:0,PG 14:0_24:4,0.0,0.0,0.018297790470683264,0.0625,0.03125,False,False
PS 14:0_22:0,PG 16:1_22:3,0.00027419877385677274,0.02857359169214503,-3.0003749646402965e-16,0.421875,0.0,False,False
PS 14:0_22:0,PG 17:0_20:1,0.0021112527822142006,0.22000855113015563,1.4898581727536502e-15,1.0,0.796875,False,True
PS 14:0_22:0,PC 14:0_18:0,0.0001164509359983662,0.012135070666375416,0.0356651572066687,1.0,0.0,False,True
PS 14:0_22:0,PC O-16:1_16:1,0.0,0.0,8.668106581871137e-05,0.6875,0.0,False,False
PS 14:0_22:0,PC 14:0_20:1,0.0012373751125435584,0.12894387067649662,3.6021562741929096e-16,0.96875,0.0,False,False
PS 14:0_22:0,PC 14:1_17:1,5.391046449942406e-05,0.0056178792445842835,9.087354823340326e-16,0.65625,0.0,False,False
PS 14:0_22:0,PC 16:0_18:1,0.0,0.0,2.937843030841341e-15,0.09375,0.0,False,False
PS 14:0_22:1,PA 18:1_22:1,0.0,0.0,0.0362575174793928,0.046875,0.0,False,False
PS 14:0_22:1,PA 22:6_22:6,0.0,0.0,0.02315381282049957,0.015625,0.0,False,False
PS 14:0_22:1,PS 14:0_20:1,0.003641601108993545,0.08006598229344504,0.13431789103046937,0.984375,0.0,False,False
PS 14:0_22:1,PS 14:0_22:2,0.0059027685646863524,0.12978109057998952,9.2641074327615e-16,0.984375,0.0,False,False
PS 14:0_22:1,PS 16:0_20:1,0.008288655589133744,0.18223834290830973,2.5807156419835606e-15,1.0,0.71875,False,True
PS 14:0_22:1,PS 20:0_16:1,0.0028168371652917785,0.061932328074807065,1.5715896537720402e-15,1.0,0.0,False,True
PS 14:0_22:1,PS 18:0_18:1,0.0007990848167381479,0.017569060661232,1.0256690371985947e-15,0.953125,0.0,False,False
PS 14:0_22:1,PS 18:0_18:2,0.0,0.0,1.1089012524148112e-15,0.046875,0.0,False,False
PS 14:0_22:1,PS 18:1_18:1,0.0018376053673294507,0.040402469792635426,-3.2775915805640576e-16,1.0,0.0,False,True
PS 14:0_22:1,PE 16:0_22:4,0.0005455947674440631,0.011995707295257762,-2.752866745505301e-15,0.328125,0.0,False,False
PS 14:0_22:1,PE 16:0_22:6,0.0,0.0,1.4868065277132853e-15,0.03125,0.0,False,False
PS 14:0_22:1,PE 18:0_22:6,0.0010646754145916537,0.023408462470652414,2.0926956968648745e-15,0.9375,0.0,False,False
PS 14:0_22:1,PE 18:1_20:3,0.0,0.0,2.449663675789083e-15,0.6875,0.0,False,False
PS 14:0_22:1,PE 18:1_20:4,0.0,0.0,1.1028010031008276e-14,0.359375,0.0,False,False
PS 14:0_22:1,PE 18:1_20:5,0.0,0.0,0.01207650587849342,0.125,0.0,False,False
PS 14:0_22:1,PE 18:1_22:6,0.0007235783020845404,0.015908938345702964,1.5798611782655773e-15,0.625,0.0,False,False
PS 14:0_22:1,PE 18:2_22:6,0.00026397840260417027,0.005803955314204862,3.9490067328128867e-16,0.921875,0.0,False,False
PS 14:0_22:1,PE 20:1_20:5,0.0,0.0,1.108384282133965e-15,0.328125,0.0,False,False
PS 14:0_22:1,PE 20:2_20:4,0.002343048118715982,0.0515153756743147,1.1594609458815564e-14,1.0,0.0,False,True
PS 14:0_22:1,PE 20:3_20:4,0.0,0.0,0.004332856217130443,0.21875,0.0,False,False
PS 14:0_22:1,PE O-16:0_22:3,0.0,0.0,-1.3852864888121393e-15,0.078125,0.0,False,False
PS 14:0_22:1,PE O-16:0_22:4,0.0,0.0,0.005740817068608418,0.078125,0.0,False,False
PS 14:0_22:1,PE O-16:1_22:1,0.0017434900004396853,0.03833320435872313,-7.237583931844922e-18,0.9375,0.0,False,False
PS 14:0_22:1,PE O-16:1_24:0,0.0,0.0,-1.3467075816040015e-16,0.109375,0.0,False,False
PS 14:0_22:1,PE O-16:1_24:1,0.0,0.0,-7.139692781985495e-17,0.125,0.0,False,False
PS 14:0_22:1,PE O-16:1_24:4,0.0,0.0,-5.545314028137878e-17,0.046875,0.0,False,False
PS 14:0_22:1,PE O-16:1_24:5,0.0,0.0,-2.116347087213582e-16,0.03125,0.0,False,False
PS 14:0_22:1,PE O-16:1_24:6,0.0,0.0,-8.023378758730942e-16,0.015625,0.0,False,False
PS 14:0_22:1,PE O-18:0_20:3,0.0,0.0,0.0023803102145928284,0.109375,0.0,False,False
PS 14:0_22:1,PE O-18:0_20:4,0.00011020076690657597,0.0024229267258501423,9.903082699887237e-15,0.765625,0.0,False,False
PS 14:0_22:1,PE O-18:0_22:5,0.0,0.0,-1.1786922403290302e-16,0.109375,0.0,False,False
PS 14:0_22:1,PE O-18:1_20:4,0.0004837814348347125,0.010636649824087635,1.088429229293307e-14,0.890625,0.0,False,False
PS 14:0_22:1,PE O-18:1_22:4,0.0,0.0,0.005420680749753071,0.25,0.0,False,False
PS 14:0_22:1,PE O-18:1_22:5,0.0,0.0,0.0002886960921661855,0.015625,0.0,False,False
PS 14:0_22:1,PE O-18:1_22:6,0.0,0.0,4.885369153995322e-16,0.34375,0.0,False,False
PS 14:0_22:1,PE O-20:1_18:2,0.0,0.0,-0.00233087309467608,0.015625,0.0,False,False
PS 14:0_22:1,PE O-18:2_22:4,0.0,0.0,0.004534056838738042,0.203125,0.0,False,False
PS 14:0_22:1,PE O-18:2_22:5,1.1855017577693493e-05,0.0002606500819433295,-3.621376817326691e-16,0.46875,0.0,False,False
PS 14:0_22:1,PE O-18:2_22:6,0.00018736673519777897,0.004119534582103668,4.766465989400728e-16,0.625,0.0,False,False
PS 14:0_22:1,PE O-18:3_22:0,7.346875943648953e-05,0.0016153192554878946,-3.012644311630449e-16,0.890625,0.0,False,False
PS 14:0_22:1,PE O-18:3_22:6,0.0001954804213439602,0.004297925963221811,1.1978201407203347e-15,0.578125,0.0,False,False
PS 14:0_22:1,PE O-20:0_20:4,6.478754318821073e-05,0.0014244498863239669,9.442710567718018e-15,0.71875,0.0,False,False
PS 14:0_22:1,PE O-20:1_20:4,0.00017510907056024483,0.0038500317094787642,1.075815154440663e-14,0.59375,0.0,False,False
PS 14:0_22:1,PE O-20:2_20:4,0.00029940175268352784,0.006582790017770792,1.0661478101888416e-14,0.65625,0.0,False,False
PS 14:0_22:1,PE O-20:3_20:4,0.0012378711410225632,0.027216426481721734,1.1348143877422203e-14,0.8125,0.0,False,False
PS 14:0_22:1,PG 14:0_20:0,0.0,0.0,3.086312576651013e-16,0.1875,0.0,False,False
PS 14:0_22:1,PG 14:0_22:4,0.0,0.0,0.009530587775898776,0.375,0.125,False,False
PS 14:0_22:1,PG 16:1_20:3,0.0,0.0,1.3619541660586413e-15,0.125,0.0,False,False
PS 14:0_22:1,PG 14:0_22:3,4.113121870342497e-05,0.0009043306309093275,8.271524493537054e-18,0.90625,0.0,False,False
PS 14:0_22:1,PG 16:1_20:2,0.0,0.0,-0.00950268290184015,0.015625,0.0,False,False
PS 14:0_22:1,PG 14:0_22:2,0.0,0.0,0.008652178830030477,0.203125,0.09375,False,False
PS 14:0_22:1,PG 16:1_20:1,0.0,0.0,-6.239831289812015e-16,0.03125,0.0,False,False
PS 14:0_22:1,PG 14:0_22:1,6.791176831066198e-06,0.00014931405929247376,-2.1940218719107033e-15,0.734375,0.0,False,False
PS 14:0_22:1,PG 14:0_22:0,5.112877427185941e-05,0.001124141665441123,-2.936391195205654e-16,0.953125,0.0,False,False
PS 14:0_22:1,PG 16:1_22:6,0.0,0.0,1.0034393151222138e-15,0.109375,0.0,False,False
PS 14:0_22:1,PG 16:0_22:6,0.0,0.0,4.2805139254054254e-16,0.015625,0.0,False,False
PS 14:0_22:1,PG 16:1_22:4,8.062024773971047e-05,0.0017725552949990199,-1.9489779587896684e-15,0.28125,0.0,False,False
PS 14:0_22:1,PG 18:1_20:4,0.0,0.0,-0.0033009361369514905,0.234375,0.0,False,False
PS 14:0_22:1,PG 14:0_24:4,0.0,0.0,0.02243540200012001,0.21875,0.0,False,False
PS 14:0_22:1,PG 16:1_22:3,0.0009894156064183984,0.02175376436170074,2.6106999182726324e-16,0.484375,0.0,False,False
PS 14:0_22:1,PG 17:0_20:1,0.005020228226383213,0.11037713693846633,1.9438082559812076e-16,1.0,0.0,False,True
PS 14:0_22:1,PG 17:1_20:1,0.005184799252279772,0.11399547416186685,0.04013881839317831,0.953125,0.0625,False,False
PS 14:0_22:1,PC 14:0_18:0,0.00018546842526220506,0.004077797432663064,0.030129327924389923,1.0,0.0,False,True
PS 14:0_22:1,PC 14:0_20:1,0.0009629857222412056,0.021172664297412325,7.991714329029121e-16,0.59375,0.0,False,False
PS 14:0_22:1,PC 14:1_17:1,0.00014969195399920513,0.0032911988379979353,7.258262743078764e-16,0.671875,0.0,False,False
PS 14:0_22:1,PC 20:0_14:1,0.0,0.0,6.502516813766923e-17,0.15625,0.0,False,False
PS 14:0_22:1,PC 14:1_20:1,0.0,0.0,-0.021101804749817665,0.0625,0.0,False,False
PS 14:0_22:1,PC 16:0_18:1,0.0,0.0,1.2002656524785553e-15,0.40625,0.0,False,False
PS 14:0_22:2,PS 14:0_22:0,7.818968910228846e-05,0.028080753287267095,-1.825803259929335e-15,1.0,0.0,False,True
PS 14:0_22:2,PS 14:0_22:1,0.00019192220846468017,0.06892622605512308,-2.6413121102715784e-14,1.0,0.0,False,True
PS 14:0_22:2,PS 16:0_18:1,7.183794187792109e-05,0.025799610481887614,-4.708846903550645e-14,0.972972972972973,0.0,False,False
PS 14:0_22:2,PS 16:0_20:2,0.0,0.0,0.14870475938475522,0.24324324324324326,0.0,False,False
PS 14:0_22:2,PS 20:0_16:1,0.0,0.0,-2.1813740857886975e-14,0.08108108108108109,0.0,False,False
PS 14:0_22:2,PS 16:1_20:1,0.0012848683873859842,0.46144283993244006,-3.0288905376181056e-15,1.0,0.8648648648648649,False,True
PS 14:0_22:2,PS 18:0_18:1,0.00010384420750754464,0.03729422133289675,-1.017879090250782e-13,0.9459459459459459,0.0,False,False
PS 14:0_22:2,PE 16:0_22:4,0.0,0.0,-5.701805483988393e-14,0.5945945945945946,0.0,False,False
PS 14:0_22:2,PE 16:0_22:6,0.0001058660180484651,0.03802032682896684,-3.209328720632132e-13,0.9459459459459459,0.0,False,False
PS 14:0_22:2,PE 18:0_20:4,0.0,0.0,0.004170723808836166,0.08108108108108109,0.0,False,False
PS 14:0_22:2,PE 18:0_22:6,0.0,0.0,-4.0018468969100535e-13,0.13513513513513514,0.0,False,False
PS 14:0_22:2,PE 18:1_20:3,4.539649574281102e-06,0.0016303528146693158,-9.053044949813328e-15,0.40540540540540543,0.0,False,False
PS 14:0_22:2,PE 18:1_20:4,5.3591045872658505e-05,0.01924648831367066,-8.269668244154696e-16,0.6756756756756757,0.0,False,False
PS 14:0_22:2,PE 18:1_20:5,0.0,0.0,0.013296828226215682,0.02702702702702703,0.0,False,False
PS 14:0_22:2,PE 18:1_22:6,0.0,0.0,-3.1271134754843544e-13,0.35135135135135137,0.0,False,False
PS 14:0_22:2,PE 18:2_22:6,2.926651726136223e-05,0.010510667841622143,-2.955998518316937e-13,0.972972972972973,0.0,False,False
PS 14:0_22:2,PE 20:1_18:3,0.0,0.0,-1.6235451088975998e-14,0.02702702702702703,0.0,False,False
PS 14:0_22:2,PE 20:0_20:4,8.229025064022087e-05,0.02955341366241324,1.4336167343142274e-14,0.5675675675675675,0.0,False,False
PS 14:0_22:2,PE 20:1_20:5,0.0,0.0,-3.965455374907915e-14,0.02702702702702703,0.0,False,False
PS 14:0_22:2,PE 20:2_20:4,2.093806169830431e-05,0.007519617376844791,-5.25105252024356e-15,0.7297297297297297,0.0,False,False
PS 14:0_22:2,PE 20:3_20:4,0.0,0.0,-0.001645144748884792,0.21621621621621623,0.0,False,False
PS 14:0_22:2,PE 20:4_20:4,0.0,0.0,0.001593293263619022,0.02702702702702703,0.0,False,False
PS 14:0_22:2,PE O-16:0_22:3,9.146527221575438e-05,0.0328484966871182,3.547768629820056e-15,0.08108108108108109,0.0,False,False
PS 14:0_22:2,PE O-16:1_22:1,5.6214017517559195e-06,0.0020188492566221112,-4.637988635727725e-15,0.40540540540540543,0.0,False,False
PS 14:0_22:2,PE O-16:1_22:2,8.731985645796421e-05,0.031359727534763966,1.3908361463343009e-15,0.6486486486486487,0.0,False,False
PS 14:0_22:2,PE O-16:1_24:0,0.0,0.0,2.1538189035745525e-16,0.24324324324324326,0.0,False,False
PS 14:0_22:2,PE O-16:1_24:1,0.0,0.0,2.489307139006657e-16,0.24324324324324326,0.0,False,False
PS 14:0_22:2,PE O-16:1_24:4,0.0,0.0,-3.701949215047931e-16,0.13513513513513514,0.0,False,False
PS 14:0_22:2,PE O-16:1_24:5,0.0,0.0,-1.4178075323150953e-15,0.05405405405405406,0.0,False,False
PS 14:0_22:2,PE O-16:1_24:6,0.0,0.0,-6.403388445379725e-15,0.1891891891891892,0.0,False,False
PS 14:0_22:2,PE O-18:0_20:4,0.0,0.0,1.4024186636039753e-14,0.7567567567567568,0.0,False,False
PS 14:0_22:2,PE O-18:0_22:5,0.0,0.0,-7.425265372236492e-15,0.13513513513513514,0.0,False,False
PS 14:0_22:2,PE O-18:1_20:4,2.0800079808327987e-05,0.007470063075567711,1.3683560993754165e-14,0.7027027027027027,0.0,False,False
PS 14:0_22:2,PE O-18:1_22:4,0.0,0.0,-0.006365583721203752,0.13513513513513514,0.0,False,False
PS 14:0_22:2,PE O-18:1_22:6,1.4661437716806391e-06,0.0005265454052690729,-3.0190453979388826e-13,0.5405405405405406,0.0,False,False
PS 14:0_22:2,PE O-18:2_22:5,1.0593404134633892e-05,0.0038044756462430173,-1.2798837261985882e-14,0.6216216216216216,0.0,False,False
PS 14:0_22:2,PE O-18:2_22:6,0.0,0.0,-3.051442196914948e-13,0.4594594594594595,0.0,False,False
PS 14:0_22:2,PE O-18:3_22:6,0.0,0.0,-3.2126828245914754e-13,0.32432432432432434,0.0,False,False
PS 14:0_22:2,PE O-20:0_20:4,3.0599751562896196e-06,0.0010989480635551021,1.188004658751729e-14,0.918918918918919,0.0,False,False
PS 14:0_22:2,PE O-20:1_20:4,6.829224907647924e-06,0.0024526223595037677,1.3279145883037807e-14,0.5135135135135135,0.0,False,False
PS 14:0_22:2,PE O-20:2_20:4,0.0,0.0,6.493682262804606e-15,0.4594594594594595,0.0,False,False
PS 14:0_22:2,PE O-20:3_20:4,3.648141772677471e-05,0.013101800282325335,8.948428664796911e-15,0.8918918918918919,0.0,False,False
PS 14:0_22:2,PG 14:0_20:0,2.294365905842208e-05,0.008239900131638516,6.396538569575078e-15,0.9459459459459459,0.0,False,False
PS 14:0_22:2,PG 14:0_22:4,0.0,0.0,0.013995462257656867,0.13513513513513514,0.08108108108108109,False,False
PS 14:0_22:2,PG 16:0_20:4,0.0,0.0,0.0053623057970270975,0.02702702702702703,0.0,False,False
PS 14:0_22:2,PG 16:1_20:3,0.0,0.0,1.4148107116505625e-15,0.02702702702702703,0.0,False,False
PS 14:0_22:2,PG 14:0_22:3,1.18183125382709e-05,0.004244384681269789,8.045490490548093e-15,1.0,0.0,False,True
PS 14:0_22:2,PG 14:0_22:2,0.0,0.0,0.016254158597251753,0.35135135135135137,0.05405405405405406,False,False
PS 14:0_22:2,PG 14:0_22:1,2.2557400596451282e-06,0.0008101180708396765,-5.696605805536684e-14,0.8918918918918919,0.0,False,False
PS 14:0_22:2,PG 14:0_22:0,8.076134041114236e-06,0.002900432654576072,-1.1999736977775678e-14,0.972972972972973,0.0,False,False
PS 14:0_22:2,PG 16:0_22:6,2.198878010589364e-05,0.007896968466440599,-2.8493988828970856e-13,1.0,0.0,False,True
PS 14:0_22:2,PG 18:1_20:4,0.0,0.0,0.014858087484980085,0.10810810810810811,0.0,False,False
PS 14:0_22:2,PG 14:0_24:4,0.0,0.0,0.037672898934795584,0.05405405405405406,0.0,False,False
PS 14:0_22:2,PG 16:0_22:4,0.00028019682915137595,0.10062884405360849,-3.281946744901115e-14,0.7567567567567568,0.0,False,False
PS 14:0_22:2,PG 17:0_20:3,0.0,0.0,0.18530323411291888,0.32432432432432434,0.0,False,False
PS 14:0_22:2,PC 14:0_18:0,2.214957236403893e-05,0.00795471479825647,0.06859368314519716,0.972972972972973,0.0,False,False
PS 14:0_22:2,PC O-16:1_16:1,0.0,0.0,-0.002916425160286282,0.08108108108108109,0.0,False,False
PS 14:0_22:2,PC 14:0_20:1,0.00011755178564868719,0.04221710981559432,-6.117172612042405e-15,0.5945945945945946,0.0,False,False
PS 14:0_22:2,PC 14:1_17:1,6.686823167910243e-06,0.002401480729869965,-1.745223811827406e-14,0.35135135135135137,0.0,False,False
PS 14:0_22:2,PC 20:0_14:1,0.0,0.0,-9.185060738048328e-18,0.6486486486486487,0.0,False,False
PS 14:0_22:2,PC 16:0_18:1,0.0,0.0,-4.565249449415477e-14,0.35135135135135137,0.0,False,False
PS 14:0_22:2,PC 17:0_17:1,0.0,0.0,-4.237370024891375e-15,0.5675675675675675,0.0,False,False
PS 16:0_18:1,PS 14:0_20:1,0.0027012196129269517,0.14041761468674585,0.42015593916265126,0.9,0.05,False,False
PS 16:0_18:1,PS 14:0_22:0,0.0,0.0,-2.8137886176659055e-16,0.13333333333333333,0.0,False,False
PS 16:0_18:1,PS 14:0_22:2,0.0012487787040462153,0.06491531679046683,3.997520380959838e-15,0.7666666666666667,0.0,False,False
PS 16:0_18:1,PS 16:0_20:1,0.005664143509554534,0.29443941434782156,-6.633425810152612e-15,1.0,0.9,False,True
PS 16:0_18:1,PS 16:0_20:2,0.0,0.0,0.03470290312524406,0.05,0.0,False,False
PS 16:0_18:1,PS 18:0_16:1,0.0,0.0,0.728224690966399,0.016666666666666666,0.0,False,False
PS 16:0_18:1,PS 18:0_18:2,0.0004378157886666661,0.022758996870363746,2.6084143909741988e-15,0.8166666666666667,0.0,False,False
PS 16:0_18:1,PS 18:1_18:1,0.001480382479448511,0.0769547857543384,1.0926879131935933e-14,1.0,0.0,False,True
PS 16:0_18:1,PE 16:0_22:4,0.0008473021348611026,0.04404534312086712,-8.937821660827276e-15,0.8,0.0,False,False
PS 16:0_18:1,PE 16:0_22:6,0.0,0.0,-4.50264294072779e-14,0.4166666666666667,0.0,False,False
PS 16:0_18:1,PE 18:0_20:4,0.0,0.0,0.009844175757593472,0.3,0.0,False,False
PS 16:0_18:1,PE 18:0_22:6,0.0008128755582084701,0.04225574491409452,-6.27644659328494e-14,1.0,0.0,False,True
PS 16:0_18:1,PE 18:1_20:3,3.396968511218401e-06,0.0001765847594281381,4.61849442072059e-15,0.45,0.0,False,False
PS 16:0_18:1,PE 18:1_20:4,0.0001851201519289386,0.009623108776462339,3.1294908492083347e-14,0.75,0.0,False,False
PS 16:0_18:1,PE 18:1_20:5,0.0,0.0,0.005902191982163044,0.03333333333333333,0.0,False,False
PS 16:0_18:1,PE 18:1_22:6,0.0,0.0,-3.922566873816841e-14,0.15,0.0,False,False
PS 16:0_18:1,PE 18:2_22:6,0.0,0.0,-4.400102378872441e-14,0.05,0.0,False,False
PS 16:0_18:1,PE 20:1_18:3,3.981695377720806e-06,0.00020698064114193766,-4.2206829264988583e-16,0.5666666666666667,0.0,False,False
PS 16:0_18:1,PE 20:0_20:4,0.000550904843685765,0.02863771005494385,2.897232004258756e-14,0.7333333333333333,0.0,False,False
PS 16:0_18:1,PE 20:1_20:4,0.00015735763007261854,0.008179928415229513,2.772511632340662e-14,0.38333333333333336,0.0,False,False
PS 16:0_18:1,PE 20:1_20:5,9.88404494340657e-06,0.0005138027310951836,-5.1844863840441915e-15,0.7166666666666667,0.0,False,False
PS 16:0_18:1,PE 20:3_20:4,0.0,0.0,-0.0014238648969769063,0.16666666666666666,0.0,False,False
PS 16:0_18:1,PE O-16:0_22:3,0.0,0.0,-0.0025969876676850885,0.11666666666666667,0.0,False,False
PS 16:0_18:1,PE O-16:1_22:1,6.608195298280005e-05,0.003435140988641046,2.458022240719642e-16,0.8333333333333334,0.0,False,False
PS 16:0_18:1,PE O-16:1_22:2,0.0,0.0,3.636498364354141e-16,0.1,0.0,False,False
PS 16:0_18:1,PE O-16:1_24:0,7.238143330465241e-07,3.762607143679853e-05,3.574498240246762e-16,0.31666666666666665,0.0,False,False
PS 16:0_18:1,PE O-16:1_24:1,4.802555783548889e-07,2.496514627314041e-05,9.000282916779774e-17,0.15,0.0,False,False
PS 16:0_18:1,PE O-16:1_24:4,6.55637425437533e-07,3.4082028332209954e-05,-4.4293924629744365e-17,0.36666666666666664,0.0,False,False
PS 16:0_18:1,PE O-16:1_24:5,1.4220880131363307e-06,7.392446201841542e-05,-2.0213998690128631e-19,0.6666666666666666,0.0,False,False
PS 16:0_18:1,PE O-16:1_24:6,7.663082207064707e-06,0.00039835033016753416,3.618305765533025e-17,0.9166666666666666,0.0,False,False
PS 16:0_18:1,PE O-18:0_20:4,0.0,0.0,2.7226639115708057e-14,0.18333333333333332,0.0,False,False
PS 16:0_18:1,PE O-18:0_22:5,0.0,0.0,-1.7056572094730538e-15,0.4166666666666667,0.0,False,False
PS 16:0_18:1,PE O-18:1_20:1,0.0003687875190587508,0.01917069737856705,1.0026143350303801e-16,0.43333333333333335,0.0,False,False
PS 16:0_18:1,PE O-18:1_20:4,0.0,0.0,2.9930463580499665e-14,0.13333333333333333,0.0,False,False
PS 16:0_18:1,PE O-18:1_22:6,0.0,0.0,-4.125677132655254e-14,0.43333333333333335,0.0,False,False
PS 16:0_18:1,PE O-18:2_22:4,0.0,0.0,-0.0014243284633803253,0.016666666666666666,0.0,False,False
PS 16:0_18:1,PE O-18:2_22:5,6.488240282053132e-05,0.0033727847212436093,-2.5192706567507315e-15,0.7666666666666667,0.0,False,False
PS 16:0_18:1,PE O-18:3_22:0,3.12801866672323e-05,0.0016260392815708796,-4.70177609532392e-16,0.75,0.0,False,False
PS 16:0_18:1,PE O-20:0_20:4,0.0,0.0,2.50227952747676e-14,0.05,0.0,False,False
PS 16:0_18:1,PE O-20:1_20:4,0.0,0.0,2.8678812781606897e-14,0.38333333333333336,0.0,False,False
PS 16:0_18:1,PE O-20:2_20:4,0.0,0.0,2.9136053431977606e-14,0.08333333333333333,0.0,False,False
PS 16:0_18:1,PE O-20:3_20:4,0.0,0.0,2.8994151161172905e-14,0.1,0.0,False,False
PS 16:0_18:1,PG 14:0_20:0,5.6721689352193846e-05,0.0029485660039345486,1.8111742826355253e-15,0.95,0.0,False,False
PS 16:0_18:1,PG 16:0_20:4,0.0,0.0,0.0015833562716969945,0.06666666666666667,0.0,False,False
PS 16:0_18:1,PG 16:1_20:3,2.189246243542234e-05,0.0011380368112573463,4.497210428579818e-15,0.9333333333333333,0.016666666666666666,False,False
PS 16:0_18:1,PG 14:0_22:3,3.09102183221879e-05,0.001606807201264589,-3.517235772082382e-16,1.0,0.0,False,True
PS 16:0_18:1,PG 14:0_22:2,0.0,0.0,-0.005058057730030945,0.03333333333333333,0.0,False,False
PS 16:0_18:1,PG 16:1_20:1,6.34560378238204e-05,0.0032986379286050822,1.2607470983033227e-15,0.9666666666666667,0.03333333333333333,False,False
PS 16:0_18:1,PG 14:0_22:1,2.3829930914334718e-05,0.0012387523180742263,-1.4744090644579824e-15,0.9,0.0,False,False
PS 16:0_18:1,PG 14:0_22:0,2.22516787007198e-05,0.001156709965742218,-1.2569064385521983e-15,0.85,0.0,False,False
PS 16:0_18:1,PG 16:1_22:6,0.00037751284718825183,0.019624266483959454,-3.913430146408903e-14,1.0,0.0,False,True
PS 16:0_18:1,PG 16:0_22:6,0.0,0.0,-4.025380324654508e-14,0.016666666666666666,0.0,False,False
PS 16:0_18:1,PG 16:1_22:4,6.24619978506105e-05,0.00324696470615644,-5.407648929583211e-15,0.31666666666666665,0.0,False,False
PS 16:0_18:1,PG 18:1_20:4,0.0,0.0,-0.0010837542075965738,0.4,0.0,False,False
PS 16:0_18:1,PG 16:0_22:4,0.0,0.0,-6.577230893794054e-15,0.45,0.0,False,False
PS 16:0_18:1,PG 16:1_22:3,0.0013600181215464686,0.07069788018878428,-2.9326469299638617e-15,0.5333333333333333,0.0,False,False
PS 16:0_18:1,PG 17:0_20:1,0.000326730900054227,0.016984466353831707,2.9087944115095103e-16,1.0,0.0,False,True
PS 16:0_18:1,PG 17:0_20:3,0.0,0.0,0.027533616105475146,0.15,0.0,False,False
PS 16:0_18:1,PG 17:1_20:1,0.0,0.0,0.08858162544731164,0.36666666666666664,0.0,False,False
PS 16:0_18:1,PC 14:0_18:0,1.6839183214758732e-05,0.000875351981369407,0.009113098076637354,0.6,0.0,False,False
PS 16:0_18:1,PC O-16:1_16:1,7.396033833219264e-05,0.003844683431266065,0.009597076134543307,1.0,0.0,False,True
PS 16:0_18:1,PC 20:0_14:1,0.000526316205664545,0.027359517832877787,9.18018750512192e-16,0.9833333333333333,0.0,False,False
PS 16:0_18:1,PC 14:1_20:1,0.0,0.0,0.0021961240351310372,0.06666666666666667,0.0,False,False
PS 16:0_18:1,PC 16:0_18:1,0.0013794057572652611,0.07170570848568406,5.5736042796105186e-15,1.0,0.0,False,True
PS 16:0_18:1,PC 17:0_17:1,0.0002495950081224472,0.01297470798396012,1.278042700932564e-15,0.6666666666666666,0.0,False,False
PS 16:0_20:1,PA 20:1_20:1,0.0,0.0,0.08262632593474083,0.078125,0.0,False,False
PS 16:0_20:1,PS 14:0_22:0,4.696935137470798e-05,0.0009296327087049358,1.3097380984917189e-15,0.78125,0.0,False,False
PS 16:0_20:1,PS 14:0_22:1,0.0021298846246943885,0.04215537057532871,-3.638695230830503e-15,1.0,0.0,False,True
PS 16:0_20:1,PS 16:0_18:1,0.002733056484592127,0.054093544587100764,1.7305623307061113e-16,1.0,0.125,False,True
PS 16:0_20:1,PS 16:0_20:2,0.013676954656967203,0.27069874359469065,0.17565871904518862,1.0,0.75,False,True
PS 16:0_20:1,PS 20:0_16:1,0.0027815951098881077,0.055054236876648,-9.809102354661384e-15,1.0,0.0,False,True
PS 16:0_20:1,PS 16:1_20:1,0.0,0.0,1.4759777837734998e-15,0.40625,0.0,False,False
PS 16:0_20:1,PS 18:0_18:1,0.01058302400943481,0.20946265997358413,-1.924792903266431e-14,0.984375,0.046875,False,False
PS 16:0_20:1,PE 16:0_22:4,0.0,0.0,8.229264806046617e-15,0.765625,0.046875,False,False
PS 16:0_20:1,PE 16:0_22:6,0.0029365209275993356,0.05812057914776503,-2.084562373437052e-14,0.921875,0.0,False,False
PS 16:0_20:1,PE 18:0_22:6,0.0,0.0,-3.6105081550987175e-14,0.015625,0.0,False,False
PS 16:0_20:1,PE 18:1_20:3,0.0,0.0,-2.2953248260679038e-15,0.234375,0.0,False,False
PS 16:0_20:1,PE 18:1_20:4,0.0,0.0,-1.510218674634044e-14,0.3125,0.0,False,False
PS 16:0_20:1,PE 18:1_22:6,0.0,0.0,-3.000386088577067e-14,0.078125,0.0,False,False
PS 16:0_20:1,PE 18:2_22:6,0.0035025409216236404,0.06932343132317975,-2.5900078905365712e-14,1.0,0.0,False,True
PS 16:0_20:1,PE 20:1_18:3,0.00010047472674059102,0.001988628534192199,-3.0128140265133545e-15,0.6875,0.0,False,False
PS 16:0_20:1,PE 20:1_20:4,0.0017268239834380343,0.03417786301482916,-1.136067275062467e-14,0.6875,0.0,False,False
PS 16:0_20:1,PE 20:1_20:5,0.0005361083113037662,0.010610830403438751,-8.015379353547756e-15,1.0,0.0,False,True
PS 16:0_20:1,PE 20:2_20:4,0.0,0.0,-1.3524671428396756e-14,0.109375,0.0,False,False
PS 16:0_20:1,PE 20:3_20:4,0.0,0.0,0.018793844986213757,0.28125,0.0,False,False
PS 16:0_20:1,PE 20:4_20:4,0.0,0.0,0.00026548282632638686,0.015625,0.0,False,False
PS 16:0_20:1,PE O-16:0_22:3,0.0005103658865701504,0.010101327944211041,-3.9327376799416295e-15,0.3125,0.0,False,False
PS 16:0_20:1,PE O-16:1_22:2,8.697002004058813e-05,0.0017213389782936334,2.411916821140289e-16,0.8125,0.0,False,False
PS 16:0_20:1,PE O-16:1_24:0,7.692082208497503e-06,0.00015224419775396647,1.8964216506193526e-16,0.671875,0.0,False,False
PS 16:0_20:1,PE O-16:1_24:1,8.35436299600231e-06,0.00016535227492325995,1.69718026480927e-16,0.671875,0.0,False,False
PS 16:0_20:1,PE O-16:1_24:4,3.937260345947572e-06,7.792753983506614e-05,-8.727883765742344e-17,0.671875,0.0,False,False
PS 16:0_20:1,PE O-16:1_24:5,2.0584977663401765e-07,4.074245861134751e-06,-3.2270998636106794e-16,0.390625,0.0,False,False
PS 16:0_20:1,PE O-16:1_24:6,2.6281606575364984e-05,0.0005201741219473228,-1.591929163488345e-15,0.859375,0.0,False,False
PS 16:0_20:1,PE O-18:0_20:3,0.0,0.0,0.0062448341440592995,0.0625,0.0,False,False
PS 16:0_20:1,PE O-18:0_20:4,0.00010929474107731173,0.0021631971321966676,-9.883413736136092e-15,0.859375,0.0,False,False
PS 16:0_20:1,PE O-18:0_22:5,0.0,0.0,7.81070274681354e-16,0.078125,0.0,False,False
PS 16:0_20:1,PE O-18:1_20:1,0.0009998134351472303,0.019788633326028874,-2.9519555675469995e-15,0.515625,0.0,False,False
PS 16:0_20:1,PE O-18:1_20:4,0.0006777828424921056,0.013414898893386826,-1.2737995769336922e-14,1.0,0.0,False,True
PS 16:0_20:1,PE O-18:1_22:6,0.0,0.0,-2.7800144055831073e-14,0.125,0.0,False,False
PS 16:0_20:1,PE O-18:2_22:5,0.0005430287777835816,0.010747802531237747,-2.178092215637977e-15,0.765625,0.0,False,False
PS 16:0_20:1,PE O-18:2_22:6,0.0,0.0,-2.642474288319145e-14,0.421875,0.0,False,False
PS 16:0_20:1,PE O-18:3_22:0,1.8932133556588682e-06,3.7471095692525024e-05,2.5154162398429393e-17,0.265625,0.0,False,False
PS 16:0_20:1,PE O-18:3_22:6,0.0,0.0,-2.5520994767541074e-14,0.390625,0.0,False,False
PS 16:0_20:1,PE O-20:0_20:4,6.300756463636405e-05,0.0012470662520867866,-9.607245644142123e-15,0.90625,0.0,False,False
PS 16:0_20:1,PE O-20:1_20:4,0.0007124781953543775,0.014101600623702724,-9.435143139697069e-15,0.9375,0.0,False,False
PS 16:0_20:1,PE O-20:2_20:4,0.00035108270875332075,0.006948743381914433,-1.2453242242910133e-14,0.859375,0.0,False,False
PS 16:0_20:1,PE O-20:3_20:4,0.0008115753962733632,0.01606296471792781,-1.2161762255229168e-14,0.8125,0.0,False,False
PS 16:0_20:1,PG 16:0_20:4,0.0,0.0,0.01573122837603694,0.09375,0.0,False,False
PS 16:0_20:1,PG 16:1_20:3,2.1797837307780885e-05,0.00043142989943977775,3.5403607734480235e-15,0.328125,0.015625,False,False
PS 16:0_20:1,PG 14:0_22:3,5.7584078550790936e-05,0.001139722848084197,-3.324793705635618e-16,0.640625,0.0,False,False
PS 16:0_20:1,PG 16:0_20:3,0.0,0.0,0.012259052595529717,0.015625,0.0,False,False
PS 16:0_20:1,PG 14:0_22:2,0.0,0.0,-0.004544251557269404,0.109375,0.0,False,False
PS 16:0_20:1,PG 16:1_20:1,0.00013836437849774202,0.0027385528691885328,-7.66816582976076e-16,0.5625,0.0,False,False
PS 16:0_20:1,PG 14:0_22:1,2.828319916059474e-05,0.000559790294669964,-1.1320434098479154e-14,0.453125,0.0,False,False
PS 16:0_20:1,PG 14:0_22:0,0.0,0.0,-5.829599753619291e-17,0.140625,0.0,False,False
PS 16:0_20:1,PG 16:0_22:6,0.0005655695902887174,0.011193937637903136,-1.8659844134442058e-14,1.0,0.0,False,True
PS 16:0_20:1,PG 16:0_22:5,0.0,0.0,0.04435642695703529,0.0625,0.0,False,False
PS 16:0_20:1,PG 18:1_20:4,0.0,0.0,-0.005874151777639572,0.046875,0.0,False,False
PS 16:0_20:1,PG 16:0_22:4,0.0016527572919571819,0.03271191092030579,7.913521511698802e-15,1.0,0.015625,False,True
PS 16:0_20:1,PG 17:0_20:1,0.0,0.0,1.7527236182310308e-15,0.0625,0.0,False,False
PS 16:0_20:1,PC O-16:1_16:1,0.0,0.0,-0.0020739787426316265,0.015625,0.0,False,False
PS 16:0_20:1,PC 14:0_20:1,0.00041775516547423557,0.008268346372447789,-1.4547574000549679e-15,0.71875,0.0,False,False
PS 16:0_20:1,PC 14:1_17:1,0.000995291742131207,0.019699138504333687,-6.252405889596075e-16,0.84375,0.0,False,False
PS 16:0_20:1,PC 14:1_20:1,0.0,0.0,0.028071883074180255,0.1875,0.0,False,False
PS 16:0_20:1,PC 16:0_18:1,0.0009795126028385483,0.01938683263737284,-6.536533189486829e-15,0.90625,0.0,False,False
PS 16:0_20:1,PC 17:0_17:0,0.0,0.0,0.02545800772227372,0.09375,0.0,False,False
PS 16:0_20:2,PS 14:0_22:2,0.0,0.0,-1.3578438300231497e-06,1.0,0.0,False,True
PS 16:0_20:2,PS 16:0_18:1,0.0,0.0,-1.305471606476791e-07,1.0,0.0,False,True
PS 16:0_20:2,PS 16:0_20:1,0.0,0.0,-8.05958833278435e-06,1.0,1.0,True,True
PS 16:0_20:2,PS 16:1_20:1,0.0,0.0,-9.594411882022113e-07,1.0,0.0,False,True
PS 16:0_20:2,PS 18:0_18:2,0.0,0.0,2.7041128818479313e-06,1.0,0.0,False,True
PS 16:0_20:2,PS 18:1_18:1,0.0,0.0,-3.7143801407453766e-06,1.0,0.0,False,True
PS 16:0_20:2,PE 16:0_22:4,0.0,0.0,-1.2489116395427366e-05,1.0,0.0,False,True
PS 16:0_20:2,PE 16:0_22:6,0.0,0.0,9.441815173575505e-06,1.0,0.0,False,True
PS 16:0_20:2,PE 20:2_20:4,0.0,0.0,-8.818419286548997e-08,1.0,0.0,False,True
PS 16:0_20:2,PE O-16:1_24:4,0.0,0.0,-1.5846614213403845e-08,1.0,0.0,False,True
PS 16:0_20:2,PE O-16:1_24:5,0.0,0.0,-1.695989298785871e-07,1.0,0.0,False,True
PS 16:0_20:2,PE O-18:1_22:6,0.0,0.0,8.80546067549811e-06,1.0,0.0,False,True
PS 16:0_20:2,PE O-18:2_22:6,0.0,0.0,9.812170340756911e-06,1.0,0.0,False,True
PS 16:0_20:2,PE O-18:3_22:6,0.0,0.0,1.0002421622955704e-05,1.0,0.0,False,True
PS 16:0_20:2,PG 14:0_20:0,0.0,0.0,3.922878969859904e-08,0.6666666666666666,0.0,False,False
PS 16:0_20:2,PG 16:0_20:4,0.0,0.0,-1.861699996268712e-08,0.3333333333333333,0.0,False,False
PS 16:0_20:2,PG 14:0_22:1,0.0,0.0,-1.613976983771397e-06,0.6666666666666666,0.0,False,False
PS 16:0_20:2,PG 14:0_22:0,0.0,0.0,-8.26854222964092e-07,1.0,0.0,False,True
PS 16:0_20:2,PG 16:1_22:6,0.0,0.0,5.989692074779523e-06,1.0,0.0,False,True
PS 16:0_20:2,PG 16:0_22:6,0.0,0.0,5.449267307835047e-06,1.0,0.0,False,True
PS 16:0_20:2,PG 16:0_22:4,0.0,0.0,-6.140026505344242e-06,1.0,0.0,False,True
PS 16:0_20:2,PG 17:0_20:1,0.0,0.0,-1.8981904797655935e-07,1.0,0.0,False,True
PS 16:0_20:2,PC O-16:1_16:1,0.0,0.0,-2.9534820397812845e-07,1.0,0.0,False,True
PS 16:0_20:2,PC 20:0_14:1,0.0,0.0,9.906528971150015e-07,1.0,0.0,False,True
PS 16:0_20:2,PC 17:0_17:1,0.0,0.0,1.8925174143953322e-07,1.0,0.0,False,True
PS 20:0_16:1,PS 14:0_22:0,0.00013457880389341082,0.006993132142599292,-5.718787192535927e-16,1.0,0.0,False,True
PS 20:0_16:1,PS 14:0_22:1,0.0007050628451128714,0.03663725268814591,4.543192985005032e-15,1.0,0.0,False,True
PS 20:0_16:1,PS 14:0_22:2,0.0,0.0,-1.5832339190169052e-16,0.046875,0.0,False,False
PS 20:0_16:1,PS 16:0_20:1,0.0021097124167218997,0.10962720195301946,2.9134945922778484e-15,1.0,0.046875,False,True
PS 20:0_16:1,PS 16:1_20:1,0.0012782933545702792,0.06642408824346947,-2.953075440253271e-15,1.0,0.0,False,True
PS 20:0_16:1,PS 18:0_18:1,0.0026167791103520813,0.13597596038362092,-1.0830524640579232e-14,0.953125,0.171875,False,False
PS 20:0_16:1,PS 18:0_18:2,0.0,0.0,-6.175472737382787e-15,0.046875,0.0,False,False
PS 20:0_16:1,PS 18:1_18:1,0.000547223191370419,0.028435414627248048,-6.073509031185231e-15,0.84375,0.0,False,False
PS 20:0_16:1,PE 16:0_22:4,0.0010237147416042591,0.053195393756326786,6.486096348668169e-15,0.53125,0.0,False,False
PS 20:0_16:1,PE 18:1_20:1,0.0,0.0,-0.00379195380038324,0.078125,0.0,False,False
PS 20:0_16:1,PE 18:1_20:3,0.0,0.0,-9.202547154285763e-16,0.703125,0.0,False,False
PS 20:0_16:1,PE 18:1_20:4,0.0,0.0,1.522227785941743e-14,0.1875,0.0,False,False
PS 20:0_16:1,PE 18:1_20:5,0.0,0.0,-0.008303177116059934,0.015625,0.0,False,False
PS 20:0_16:1,PE 18:1_22:6,0.0,0.0,-1.9758156992079177e-14,0.296875,0.0,False,False
PS 20:0_16:1,PE 18:2_22:6,0.00040698616496007145,0.021148263689649595,-2.099656428444064e-14,0.78125,0.0,False,False
PS 20:0_16:1,PE 20:1_18:3,0.0,0.0,-5.156696128624083e-15,0.6875,0.0,False,False
PS 20:0_16:1,PE 20:0_20:4,0.0036434458085602365,0.1893247469626883,1.6259123985730126e-14,0.953125,0.765625,False,False
PS 20:0_16:1,PE 20:1_20:5,0.00012535650975978828,0.006513913129882994,-9.26880205198375e-15,0.9375,0.0,False,False
PS 20:0_16:1,PE 20:2_20:4,0.00023600131805837782,0.012263360612990604,1.3550417259064252e-14,1.0,0.0,False,True
PS 20:0_16:1,PE 20:3_20:4,0.0,0.0,-0.0038417918375799535,0.046875,0.0,False,False
PS 20:0_16:1,PE O-16:0_22:3,0.0,0.0,-0.04625597294250741,0.015625,0.0,False,False
PS 20:0_16:1,PE O-16:0_22:4,0.0,0.0,0.009081404220521897,0.125,0.0,False,False
PS 20:0_16:1,PE O-16:1_22:2,5.301294105788121e-05,0.0027547168748743955,7.800008410808829e-16,0.515625,0.0,False,False
PS 20:0_16:1,PE O-16:1_24:0,1.2533341061805436e-06,6.51271282682001e-05,2.5214304284751013e-16,0.859375,0.0,False,False
PS 20:0_16:1,PE O-16:1_24:1,1.6367216633811354e-06,8.504913509072732e-05,-1.890240937875185e-16,0.890625,0.0,False,False
PS 20:0_16:1,PE O-16:1_24:4,9.410501348708269e-07,4.8899884347127775e-05,-2.2472617999632786e-16,0.953125,0.0,False,False
PS 20:0_16:1,PE O-16:1_24:5,5.000326276049377e-06,0.0002598324653874918,-2.1425285099739642e-16,0.984375,0.0,False,False
PS 20:0_16:1,PE O-16:1_24:6,0.0,0.0,2.349037282019647e-16,0.484375,0.0,False,False
PS 20:0_16:1,PE O-18:0_20:3,0.0,0.0,0.004170458816363823,0.015625,0.0,False,False
PS 20:0_16:1,PE O-18:0_20:4,0.0,0.0,1.5312625447187416e-14,0.09375,0.0,False,False
PS 20:0_16:1,PE O-18:0_22:5,0.00013601602843179303,0.00706781478819223,1.4197478078140725e-17,0.609375,0.0,False,False
PS 20:0_16:1,PE O-18:1_20:1,1.9771373264795724e-05,0.0010273818898767972,-3.4983876664364034e-15,0.328125,0.0,False,False
PS 20:0_16:1,PE O-18:1_22:4,0.0,0.0,0.006117320728620553,0.21875,0.0,False,False
PS 20:0_16:1,PE O-18:1_22:5,0.0,0.0,0.005829802109687638,0.015625,0.0,False,False
PS 20:0_16:1,PE O-18:1_22:6,0.0002778604220418854,0.01443848951188703,-1.422049520169165e-14,0.984375,0.0,False,False
PS 20:0_16:1,PE O-20:1_18:2,0.0,0.0,0.024494144266422394,0.015625,0.0,False,False
PS 20:0_16:1,PE O-18:2_22:4,0.0,0.0,0.005624075692354806,0.234375,0.0,False,False
PS 20:0_16:1,PE O-18:2_22:5,0.0,0.0,4.313021749495781e-16,0.375,0.0,False,False
PS 20:0_16:1,PE O-18:2_22:6,5.187633036473835e-05,0.0026956550572486814,-1.7280771012641947e-14,0.171875,0.0,False,False
PS 20:0_16:1,PE O-20:0_20:4,0.0,0.0,1.4346493618203426e-14,0.03125,0.0,False,False
PS 20:0_16:1,PE O-20:1_20:4,0.0,0.0,1.678701203427191e-14,0.015625,0.0,False,False
PS 20:0_16:1,PE O-20:2_20:4,0.0,0.0,1.5551831441473667e-14,0.03125,0.0,False,False
PS 20:0_16:1,PE O-20:3_20:4,0.0,0.0,1.858783306050153e-14,0.015625,0.0,False,False
PS 20:0_16:1,PG 14:0_20:0,0.00041657257325127786,0.021646403203554116,-6.883625734856109e-16,1.0,0.0,False,True
PS 20:0_16:1,PG 14:0_22:4,0.0,0.0,-0.00347697263060415,0.03125,0.0,False,False
PS 20:0_16:1,PG 16:1_20:3,2.8577937697315745e-05,0.001484998297641161,8.819645472784391e-16,0.9375,0.0,False,False
PS 20:0_16:1,PG 14:0_22:3,0.0,0.0,1.3560742697666535e-15,0.5,0.0,False,False
PS 20:0_16:1,PG 16:1_20:2,0.0,0.0,0.009559929938916207,0.03125,0.0,False,False
PS 20:0_16:1,PG 14:0_22:2,0.0,0.0,-0.0017496332624618643,0.140625,0.0,False,False
PS 20:0_16:1,PG 16:1_20:1,0.0,0.0,3.0580507327098267e-15,0.78125,0.0,False,False
PS 20:0_16:1,PG 14:0_22:1,4.039387899881092e-05,0.002098991263249604,-4.65257810019798e-15,0.921875,0.0,False,False
PS 20:0_16:1,PG 14:0_22:0,6.496065847761898e-05,0.00337555733638449,-2.22728315183438e-15,0.96875,0.0,False,False
PS 20:0_16:1,PG 16:1_22:6,0.0018693092309754848,0.0971351066394213,-1.9157130420104552e-14,1.0,0.0,False,True
PS 20:0_16:1,PG 16:1_22:4,0.0002671054687050867,0.013879628772336313,1.2941216381529486e-15,0.484375,0.0,False,False
PS 20:0_16:1,PG 18:1_20:4,0.0,0.0,-0.03208918989997179,0.078125,0.0,False,False
PS 20:0_16:1,PG 16:1_22:3,0.0018515653889707693,0.09621308156365486,1.358978299373546e-15,0.59375,0.015625,False,False
PS 20:0_16:1,PC 14:0_18:0,0.0,0.0,-0.016948135573792756,0.140625,0.0,False,False
PS 20:0_16:1,PC O-16:1_16:1,0.000288047758322545,0.014967855108330978,0.03084693053232724,1.0,0.0,False,True
PS 20:0_16:1,PC 14:1_17:1,0.00021394889992115717,0.011117448555252454,-2.6157777792453216e-16,0.734375,0.0,False,False
PS 20:0_16:1,PC 20:0_14:1,0.0008294199623726309,0.043099234283397646,-1.1058706078024503e-15,1.0,0.0,False,True
PS 20:0_16:1,PC 16:0_18:1,0.0,0.0,-1.3120399041649199e-15,0.171875,0.0,False,False
PS 20:0_16:1,PC 17:0_17:0,0.0,0.0,0.011646847473645807,0.046875,0.0,False,False
PS 20:0_16:1,PC 17:0_17:1,0.0,0.0,-6.814814686097886e-16,0.265625,0.0,False,False
PS 16:1_20:1,PA 20:1_20:1,0.0,0.0,0.1518150847668404,0.078125,0.0,False,False
PS 16:1_20:1,PS 14:0_20:1,0.0,0.0,0.1812208702066893,0.015625,0.0,False,False
PS 16:1_20:1,PS 14:0_22:2,0.008481173774288777,0.3799236751520102,-1.4188519912209865e-15,1.0,0.84375,False,True
PS 16:1_20:1,PS 16:0_20:1,0.001668900475501698,0.07476026538186498,5.4994590572424545e-15,1.0,0.0,False,True
PS 16:1_20:1,PS 16:0_20:2,0.0,0.0,-0.03404676501013317,0.046875,0.0,False,False
PS 16:1_20:1,PS 20:0_16:1,0.001068384627143381,0.04785948558803845,1.4709328678828678e-15,1.0,0.0,False,True
PS 16:1_20:1,PS 18:0_18:2,0.0020486685127657483,0.09177239981778779,-1.3977381223040074e-15,0.890625,0.0,False,False
PS 16:1_20:1,PS 18:1_18:1,0.00045419693585493914,0.020346260282499758,-6.135690307274087e-15,1.0,0.0,False,True
PS 16:1_20:1,PE 16:0_22:4,0.0007984531266059386,0.03576760179308792,-7.454251421139423e-15,0.484375,0.0,False,False
PS 16:1_20:1,PE 18:0_20:4,0.0,0.0,-0.0026229514742120716,0.125,0.0,False,False
PS 16:1_20:1,PE 18:0_22:6,0.00038845134155934824,0.017401112774078544,-9.78627824301975e-15,0.953125,0.0,False,False
PS 16:1_20:1,PE 18:1_20:1,0.0,0.0,0.0423830061192694,0.0625,0.0,False,False
PS 16:1_20:1,PE 18:1_20:3,0.0,0.0,2.1993613455186425e-16,0.25,0.0,False,False
PS 16:1_20:1,PE 18:1_20:4,0.0,0.0,9.40763619377526e-15,0.390625,0.0,False,False
PS 16:1_20:1,PE 18:1_22:6,0.0003078200942411291,0.013789145771810937,-3.992280714385439e-15,0.828125,0.0,False,False
PS 16:1_20:1,PE 18:2_22:6,0.0,0.0,-1.9839998825654572e-15,0.0625,0.0,False,False
PS 16:1_20:1,PE 20:1_18:3,0.0001071530333619404,0.004800040103171716,1.2569789961908143e-15,1.0,0.0,False,True
PS 16:1_20:1,PE 20:1_20:4,0.001612197473608868,0.07222019092464967,1.2012383822499896e-14,0.734375,0.0,False,False
PS 16:1_20:1,PE 20:1_20:5,0.00014657602507778256,0.006566037156972918,-4.583117146245567e-15,0.984375,0.0,False,False
PS 16:1_20:1,PE 20:3_20:4,0.0,0.0,0.00038075302492573027,0.078125,0.0,False,False
PS 16:1_20:1,PE O-16:0_22:3,0.0,0.0,-0.0059646532179473575,0.296875,0.0,False,False
PS 16:1_20:1,PE O-16:0_22:4,0.0,0.0,0.014062680634867557,0.171875,0.0,False,False
PS 16:1_20:1,PE O-16:1_22:1,0.0,0.0,2.421056969146921e-16,0.421875,0.0,False,False
PS 16:1_20:1,PE O-16:1_22:2,0.0,0.0,1.4726923569592827e-16,0.09375,0.0,False,False
PS 16:1_20:1,PE O-16:1_24:0,2.298442436406904e-05,0.0010296130238627021,8.291592272605281e-17,0.8125,0.0,False,False
PS 16:1_20:1,PE O-16:1_24:1,2.5530644684576076e-05,0.0011436738139913522,-9.488044844567422e-17,0.8125,0.0,False,False
PS 16:1_20:1,PE O-16:1_24:4,1.1722669538316967e-05,0.0005251301072372362,-5.874975264174625e-17,0.828125,0.0,False,False
PS 16:1_20:1,PE O-16:1_24:5,1.2736847599616858e-05,0.0005705613490160201,-1.1430080912660383e-16,0.90625,0.0,False,False
PS 16:1_20:1,PE O-16:1_24:6,2.9079915202926028e-05,0.0013026673607959363,1.1102376072178106e-15,0.90625,0.0,False,False
PS 16:1_20:1,PE O-18:0_20:3,0.0,0.0,0.00642857351762497,0.09375,0.0,False,False
PS 16:1_20:1,PE O-18:0_20:4,1.1886191233354687e-05,0.0005324552446532569,1.1891858820765478e-14,0.296875,0.0,False,False
PS 16:1_20:1,PE O-18:0_22:5,9.350102479995567e-05,0.004188483094187909,-8.704192461024578e-16,0.546875,0.0,False,False
PS 16:1_20:1,PE O-18:1_20:1,0.001393939902027881,0.062443098633936024,1.1485944690836556e-15,0.53125,0.0,False,False
PS 16:1_20:1,PE O-18:1_20:4,0.0,0.0,1.2885090404401695e-14,0.375,0.0,False,False
PS 16:1_20:1,PE O-18:1_22:4,0.0,0.0,0.006737563063589354,0.078125,0.0,False,False
PS 16:1_20:1,PE O-18:1_22:6,0.0,0.0,2.936939166351774e-15,0.40625,0.0,False,False
PS 16:1_20:1,PE O-18:2_22:4,0.0,0.0,0.009294409887820008,0.25,0.0,False,False
PS 16:1_20:1,PE O-18:2_22:5,0.0,0.0,6.883121266935142e-16,0.21875,0.0,False,False
PS 16:1_20:1,PE O-18:2_22:6,0.00014004860295787486,0.0062736339746938445,9.00858407124436e-17,0.53125,0.0,False,False
PS 16:1_20:1,PE O-18:3_22:0,5.1120262964642884e-05,0.0022899894162224043,-2.4386518599110703e-16,0.859375,0.0,False,False
PS 16:1_20:1,PE O-18:3_22:6,0.00017493907219705198,0.007836591609321247,-1.4122813992012496e-15,0.640625,0.0,False,False
PS 16:1_20:1,PE O-20:0_20:4,0.0,0.0,1.0072022018231213e-14,0.140625,0.0,False,False
PS 16:1_20:1,PE O-20:1_20:4,0.0,0.0,1.174198334187511e-14,0.59375,0.0,False,False
PS 16:1_20:1,PE O-20:2_20:4,0.00010051025455962842,0.004502469389145417,1.2484190818340557e-14,0.734375,0.0,False,False
PS 16:1_20:1,PE O-20:3_20:4,0.0,0.0,1.3113472086520352e-14,0.171875,0.0,False,False
PS 16:1_20:1,PG 16:0_20:4,0.0,0.0,-0.0060663160812694985,0.046875,0.0,False,False
PS 16:1_20:1,PG 16:1_20:3,6.20515770940154e-06,0.00027796698718761474,3.938792246462426e-15,0.9375,0.0,False,False
PS 16:1_20:1,PG 16:1_20:2,0.0,0.0,0.013414052265702848,0.03125,0.0,False,False
PS 16:1_20:1,PG 16:1_20:1,4.914526800385566e-05,0.0022015173056539696,2.1550222207929863e-15,0.984375,0.15625,False,False
PS 16:1_20:1,PG 14:0_22:1,0.0,0.0,2.758175076188019e-15,0.078125,0.0,False,False
PS 16:1_20:1,PG 16:1_22:6,0.0006099072655370956,0.027321478841435244,-1.1176274613387532e-15,1.0,0.0,False,True
PS 16:1_20:1,PG 16:1_22:4,0.00015787160809806557,0.007072035445448082,-7.0435866707041825e-15,0.390625,0.0,False,False
PS 16:1_20:1,PG 18:1_20:4,0.0,0.0,-0.013432023927115611,0.203125,0.0,False,False
PS 16:1_20:1,PG 16:0_22:4,0.0,0.0,-4.617251234328016e-15,0.078125,0.0,False,False
PS 16:1_20:1,PG 16:1_22:3,0.0014643865745888652,0.06559883620681034,-4.0644197665184505e-16,0.515625,0.0,False,False
PS 16:1_20:1,PG 17:0_20:1,0.00046512174934338637,0.02083564953466482,2.7222814990291543e-15,0.96875,0.0,False,False
PS 16:1_20:1,PG 17:0_20:3,0.0,0.0,0.031582402846224,0.15625,0.0,False,False
PS 16:1_20:1,PG 17:1_20:1,0.0,0.0,0.08184789999541668,0.40625,0.0,False,False
PS 16:1_20:1,PG 17:1_20:2,0.0,0.0,0.037281097999910515,0.0625,0.0,False,False
PS 16:1_20:1,PC O-16:1_16:1,3.953729457269704e-05,0.0017711173782530292,0.0038145901582259923,0.953125,0.0,False,False
PS 16:1_20:1,PC 14:0_20:1,0.0,0.0,9.73789229341834e-16,0.578125,0.0,False,False
PS 16:1_20:1,PC 14:1_17:1,0.0,0.0,-2.079716088322428e-15,0.3125,0.0,False,False
PS 16:1_20:1,PC 20:0_14:1,2.9561357440839944e-05,0.0013242341048893271,-7.403930033553958e-16,0.0625,0.0,False,False
PS 16:1_20:1,PC 14:1_20:1,0.0,0.0,0.024681747371074012,0.171875,0.0,False,False
PS 16:1_20:1,PC 16:0_18:1,0.0002550824293983678,0.011426703027536773,-3.2215028467412825e-15,0.390625,0.0,False,False
PS 16:1_20:1,PC 17:0_17:1,9.656817140057776e-05,0.004325879360288595,-1.6536035736366005e-15,0.3125,0.0,False,False
PS 18:0_18:1,PA 18:1_22:1,0.0,0.0,0.02787168871586138,0.08196721311475409,0.0,False,False
PS 18:0_18:1,PS 14:0_20:1,0.0,0.0,-0.09188756169242088,0.01639344262295082,0.0,False,False
PS 18:0_18:1,PS 14:0_22:0,0.0002267060602771662,0.0016452959326291724,2.384334433981337e-17,0.7540983606557377,0.0,False,False
PS 18:0_18:1,PS 14:0_22:1,0.0038773329251800825,0.028139345209601745,5.722402641555209e-16,1.0,0.0,False,True
PS 18:0_18:1,PS 14:0_22:2,0.0022743251472231523,0.016505681011031108,5.56344701262312e-16,0.6229508196721312,0.0,False,False
PS 18:0_18:1,PS 16:0_20:1,0.02190743944096839,0.15899099019443183,7.848434178521901e-16,1.0,0.6885245901639344,False,True
PS 18:0_18:1,PS 18:0_16:1,0.011356628212159964,0.0824195620664246,0.15307177164469712,0.9180327868852459,0.0,False,False
PS 18:0_18:1,PS 16:1_18:1,0.0,0.0,0.1359256242189644,0.19672131147540983,0.0,False,False
PS 18:0_18:1,PS 20:0_16:1,0.017218908957290186,0.12496446207527775,9.835379540173016e-16,1.0,0.01639344262295082,False,True
PS 18:0_18:1,PS 18:0_18:0,0.0,0.0,0.380783130787615,0.11475409836065574,0.0,False,False
PS 18:0_18:1,PS 18:0_18:2,0.018592315008614774,0.13493181534025012,1.2299191788620396e-15,1.0,0.09836065573770492,False,True
PS 18:0_18:1,PS 18:0_18:3,0.0,0.0,0.24044510505122083,0.2786885245901639,0.0,False,False
PS 18:0_18:1,PS 18:1_18:1,0.0,0.0,-7.3119589308761e-16,0.03278688524590164,0.0,False,False
PS 18:0_18:1,PS 18:0_17:1,0.0,0.0,0.29396839527506696,0.3114754098360656,0.0,False,False
PS 18:0_18:1,PE 18:0_20:4,0.0,0.0,0.03072171389190509,0.45901639344262296,0.0,False,False
PS 18:0_18:1,PE 18:0_22:6,0.020993142371977358,0.15235557318358262,-8.376961644721097e-15,1.0,0.16393442622950818,False,True
PS 18:0_18:1,PE 18:1_20:1,0.0,0.0,0.026126129721967557,0.08196721311475409,0.0,False,False
PS 18:0_18:1,PE 18:1_20:3,0.00023052352057356153,0.0016730007583888092,-3.0822489922612914e-16,0.8032786885245902,0.0,False,False
PS 18:0_18:1,PE 18:1_20:4,0.005256650877737419,0.038149603490172095,-3.108576018303168e-15,0.9836065573770492,0.0,False,False
PS 18:0_18:1,PE 18:1_20:5,0.005123278033627581,0.03718166378150784,0.04873473866350864,0.6721311475409836,0.0,False,False
PS 18:0_18:1,PE 18:1_22:6,0.0054762209495058944,0.039743110719604346,-7.20466388134694e-15,1.0,0.0,False,True
PS 18:0_18:1,PE 20:1_18:3,0.00014396645335946687,0.0010448217390297773,-3.3927092050192776e-16,0.47540983606557374,0.0,False,False
PS 18:0_18:1,PE 20:1_20:4,0.004366135969300104,0.03168678306531764,-2.5701138252957155e-15,0.7540983606557377,0.0,False,False
PS 18:0_18:1,PE O-16:0_22:3,0.0005554576371218679,0.004031176713966597,-3.6702606352249176e-16,0.39344262295081966,0.0,False,False
PS 18:0_18:1,PE O-16:0_22:4,0.0,0.0,0.012878485485920153,0.5901639344262295,0.0,False,False
PS 18:0_18:1,PE O-16:1_22:2,0.0,0.0,-1.0058910893358765e-17,0.4426229508196721,0.0,False,False
PS 18:0_18:1,PE O-16:1_22:4,0.0,0.0,0.014750285464262861,0.18032786885245902,0.0,False,False
PS 18:0_18:1,PE O-16:1_24:0,3.561742488139628e-05,0.00025848980047750707,-3.7891668967112264e-17,0.8360655737704918,0.0,False,False
PS 18:0_18:1,PE O-16:1_24:1,3.973233973501226e-05,0.00028835337211512705,1.014525764003208e-17,0.8360655737704918,0.0,False,False
PS 18:0_18:1,PE O-16:1_24:4,1.4713498030171322e-05,0.00010678169976661381,-1.9558993403753156e-17,0.819672131147541,0.0,False,False
PS 18:0_18:1,PE O-16:1_24:5,7.429627135279891e-06,5.391975535053011e-05,-3.7565685743716374e-17,0.5409836065573771,0.0,False,False
PS 18:0_18:1,PE O-16:1_24:6,6.230192548020794e-06,4.521498210600602e-05,-2.3483210493014107e-16,0.639344262295082,0.0,False,False
PS 18:0_18:1,PE O-18:0_20:4,8.505208448739664e-05,0.0006172567618953975,-2.014265860373817e-15,0.29508196721311475,0.0,False,False
PS 18:0_18:1,PE O-18:0_20:5,0.0,0.0,0.024209432133889416,0.03278688524590164,0.0,False,False
PS 18:0_18:1,PE O-18:0_22:4,0.0,0.0,0.010991954580099262,0.03278688524590164,0.0,False,False
PS 18:0_18:1,PE O-18:0_22:5,0.0008815893556095174,0.00639804414253501,-4.897820316469996e-16,0.5573770491803278,0.0,False,False
PS 18:0_18:1,PE O-18:1_20:1,0.0016870547963734796,0.012243626796753043,-3.218851485874805e-16,0.6229508196721312,0.0,False,False
PS 18:0_18:1,PE O-18:1_20:4,0.0013937119619036042,0.010114721324049147,-2.469773084532335e-15,0.7049180327868853,0.0,False,False
PS 18:0_18:1,PE O-18:1_22:4,0.0,0.0,0.010700656978464639,0.5409836065573771,0.0,False,False
PS 18:0_18:1,PE O-18:1_22:6,0.00011057069725003282,0.0008024554713316314,-6.033856326994021e-15,0.3442622950819672,0.0,False,False
PS 18:0_18:1,PE O-18:2_22:4,0.0,0.0,0.010591884169699322,0.45901639344262296,0.0,False,False
PS 18:0_18:1,PE O-18:2_22:5,0.0,0.0,-5.200829484121791e-16,0.13114754098360656,0.0,False,False
PS 18:0_18:1,PE O-18:2_22:6,0.0004964603643896823,0.003603010070587917,-6.8164644313143546e-15,0.22950819672131148,0.0,False,False
PS 18:0_18:1,PE O-18:3_22:0,0.0,0.0,-8.3265429061692e-17,0.18032786885245902,0.0,False,False
PS 18:0_18:1,PE O-18:3_22:6,0.0006897890325258636,0.005006073010132597,-7.053221389563595e-15,0.4918032786885246,0.0,False,False
PS 18:0_18:1,PE O-20:0_20:4,0.0001552828132339954,0.001126949057774441,-2.08894394933919e-15,0.6065573770491803,0.0,False,False
PS 18:0_18:1,PE O-20:1_20:4,0.0,0.0,-2.344098790407902e-15,0.2459016393442623,0.0,False,False
PS 18:0_18:1,PE O-20:2_20:4,0.0016427234451432873,0.011921896571377428,-2.515721196020517e-15,0.819672131147541,0.0,False,False
PS 18:0_18:1,PE O-20:3_20:4,0.0020913733260494,0.015177926971830454,-2.481446388532035e-15,0.6721311475409836,0.0,False,False
PS 18:0_18:1,PG 14:0_22:4,0.0,0.0,0.004733916009477719,0.5573770491803278,0.01639344262295082,False,False
PS 18:0_18:1,PG 16:1_20:3,0.0,0.0,4.2023894398921063e-16,0.08196721311475409,0.0,False,False
PS 18:0_18:1,PG 14:0_22:3,0.0,0.0,-3.4622522926770666e-16,0.7049180327868853,0.0,False,False
PS 18:0_18:1,PG 16:1_20:2,0.0,0.0,0.004720747737611815,0.04918032786885246,0.0,False,False
PS 18:0_18:1,PG 16:1_20:1,0.0,0.0,-7.493267695126764e-16,0.7049180327868853,0.01639344262295082,False,False
PS 18:0_18:1,PG 14:0_22:1,0.0,0.0,-3.5945083433119687e-16,0.4098360655737705,0.0,False,False
PS 18:0_18:1,PG 18:1_20:4,0.0022879466818906203,0.016604537898920003,0.003411935521952254,0.7377049180327869,0.0,False,False
PS 18:0_18:1,PG 16:0_22:4,0.0012338502992171943,0.008954541736967423,-1.3580771546885365e-15,0.5081967213114754,0.0,False,False
PS 18:0_18:1,PG 18:2_20:2,0.0,0.0,0.022131808185411734,0.03278688524590164,0.0,False,False
PS 18:0_18:1,PG 17:0_18:1,0.0,0.0,0.031473329041877905,0.13114754098360656,0.0,False,False
PS 18:0_18:1,PG 17:0_20:3,0.0,0.0,0.025662628570550503,0.3114754098360656,0.0,False,False
PS 18:0_18:1,PG 17:1_20:1,0.0,0.0,0.006261353738151727,0.01639344262295082,0.0,False,False
PS 18:0_18:1,PG 17:1_20:2,0.0012449127870158953,0.009034826605213602,0.035811702531572766,0.5901639344262295,0.0,False,False
PS 18:0_18:1,PG 17:0_17:0,0.0,0.0,0.025603025306862533,0.11475409836065574,0.0,False,False
PS 18:0_18:1,PC 14:0_18:0,0.0002570413099415615,0.0018654508893475794,0.02242953905784941,0.9344262295081968,0.0,False,False
PS 18:0_18:1,PC 14:0_20:1,0.0,0.0,-3.1412364326853082e-16,0.3114754098360656,0.0,False,False
PS 18:0_18:1,PC 14:1_17:1,0.0012052773534445413,0.008747176519621643,6.914569858545878e-16,0.9016393442622951,0.0,False,False
PS 18:0_18:1,PC 14:1_20:1,0.00031373870018917746,0.0022769263719661045,0.02043877131929168,0.6885245901639344,0.0,False,False
PS 18:0_18:1,PC 16:0_18:1,0.0043113162933744,0.031288934901407335,-1.4424820697498665e-15,1.0,0.0,False,True
PS 18:0_18:1,PC 17:0_17:0,0.0,0.0,0.01346318472000804,0.2459016393442623,0.0,False,False
PS 18:0_18:2,PS 14:0_20:1,0.0,0.0,0.04407257239558958,0.15384615384615385,0.0,False,False
PS 18:0_18:2,PS 14:0_22:0,0.0,0.0,1.5777155798143586e-16,0.4807692307692308,0.0,False,False
PS 18:0_18:2,PS 14:0_22:1,0.00025869616385471375,0.009225515966754033,6.509725504880337e-15,0.36538461538461536,0.0,False,False
PS 18:0_18:2,PS 16:0_18:1,0.0,0.0,1.1914055312364967e-15,0.5576923076923077,0.0,False,False
PS 18:0_18:2,PS 16:0_20:2,0.00747509543296161,0.26657377226717205,0.2782086868650666,0.5576923076923077,0.40384615384615385,False,False
PS 18:0_18:2,PS 18:0_16:1,0.0,0.0,0.12388476583617637,0.038461538461538464,0.0,False,False
PS 18:0_18:2,PS 16:1_20:1,0.0011317491042190531,0.04035997007360417,3.831160147510622e-15,0.9807692307692307,0.0,False,False
PS 18:0_18:2,PS 18:0_18:1,0.006985925924718396,0.2491292108886684,-9.968524483392973e-16,1.0,0.5192307692307693,False,True
PS 18:0_18:2,PS 18:1_18:1,0.0013476834019396644,0.04806052999574552,4.4236912720196804e-16,1.0,0.0,False,True
PS 18:0_18:2,PE 16:0_22:4,0.0009010550685895624,0.03213305446178224,4.2146820054976495e-15,0.8846153846153846,0.0,False,False
PS 18:0_18:2,PE 16:0_22:6,0.0006820116210663717,0.024321617320901635,-5.1190021960369026e-14,0.6153846153846154,0.0,False,False
PS 18:0_18:2,PE 18:0_20:4,0.0,0.0,-0.004434654318144069,0.34615384615384615,0.0,False,False
PS 18:0_18:2,PE 18:0_22:6,0.0,0.0,-7.106315061749047e-14,0.3076923076923077,0.0,False,False
PS 18:0_18:2,PE 18:1_20:4,0.0,0.0,4.1211351396076924e-14,0.3269230769230769,0.0,False,False
PS 18:0_18:2,PE 18:2_22:6,0.0034280705564918787,0.12225043921345706,-5.694792287062401e-14,1.0,0.0,False,True
PS 18:0_18:2,PE 20:1_18:3,0.0,0.0,6.990649739498991e-16,0.11538461538461539,0.0,False,False
PS 18:0_18:2,PE 20:0_20:4,0.0006225782431826948,0.02220212869589087,3.762775562250501e-14,0.6923076923076923,0.0,False,False
PS 18:0_18:2,PE 20:1_20:4,3.382754974008391e-05,0.00120634413588976,4.052040328684632e-14,0.17307692307692307,0.0,False,False
PS 18:0_18:2,PE 20:1_20:5,0.00016282402678851476,0.005806563330997994,-1.6680156998165952e-15,0.5384615384615384,0.0,False,False
PS 18:0_18:2,PE 20:2_20:4,0.0,0.0,3.758514208272868e-14,0.40384615384615385,0.0,False,False
PS 18:0_18:2,PE 20:3_20:4,0.0,0.0,0.025007334533110735,0.34615384615384615,0.0,False,False
PS 18:0_18:2,PE O-16:0_22:3,0.0,0.0,-9.473903039560496e-16,0.15384615384615385,0.0,False,False
PS 18:0_18:2,PE O-16:1_22:1,0.0,0.0,-1.848615939821068e-15,0.5,0.0,False,False
PS 18:0_18:2,PE O-16:1_22:2,9.286110124092327e-05,0.0033115743172350506,8.157449042898677e-16,0.46153846153846156,0.0,False,False
PS 18:0_18:2,PE O-16:1_24:0,0.0,0.0,7.077525557197771e-16,0.057692307692307696,0.0,False,False
PS 18:0_18:2,PE O-16:1_24:1,0.0,0.0,3.340319704138212e-16,0.038461538461538464,0.0,False,False
PS 18:0_18:2,PE O-16:1_24:4,0.0,0.0,-5.113466240646316e-17,0.07692307692307693,0.0,False,False
PS 18:0_18:2,PE O-16:1_24:5,0.0,0.0,-1.1097275983420931e-16,0.1346153846153846,0.0,False,False
PS 18:0_18:2,PE O-16:1_24:6,5.208520409155475e-06,0.00018574410799850185,2.856375425126928e-15,0.8269230769230769,0.0,False,False
PS 18:0_18:2,PE O-18:0_20:3,0.0,0.0,0.01858638999604561,0.038461538461538464,0.0,False,False
PS 18:0_18:2,PE O-18:0_20:4,7.325540440518592e-05,0.0026124040376981116,3.7215824738000435e-14,0.6730769230769231,0.0,False,False
PS 18:0_18:2,PE O-18:0_22:5,0.0,0.0,-4.000599698526055e-15,0.019230769230769232,0.0,False,False
PS 18:0_18:2,PE O-18:1_20:1,0.0,0.0,5.787324544862444e-15,0.15384615384615385,0.0,False,False
PS 18:0_18:2,PE O-18:1_20:4,0.00036596332215524385,0.013050833153002064,4.094856790078952e-14,0.8846153846153846,0.0,False,False
PS 18:0_18:2,PE O-18:1_22:6,0.0,0.0,-4.9293719440322054e-14,0.15384615384615385,0.0,False,False
PS 18:0_18:2,PE O-18:2_20:4,0.0,0.0,0.008498410684737116,0.038461538461538464,0.0,False,False
PS 18:0_18:2,PE O-18:2_22:5,0.00037731568967520977,0.013455676604313245,-5.044885075068774e-15,0.8653846153846154,0.0,False,False
PS 18:0_18:2,PE O-18:2_22:6,0.0,0.0,-5.796658939289643e-14,0.09615384615384616,0.0,False,False
PS 18:0_18:2,PE O-18:3_22:0,6.011198233680116e-06,0.00021436887373128734,1.0007840546877092e-15,0.75,0.0,False,False
PS 18:0_18:2,PE O-20:0_20:4,3.037695109397564e-05,0.0010832903092299654,3.473737200062997e-14,0.5384615384615384,0.0,False,False
PS 18:0_18:2,PE O-20:1_20:4,0.00043782680037592753,0.015613598892828545,3.795166925520967e-14,0.9038461538461539,0.0,False,False
PS 18:0_18:2,PE O-20:2_20:4,0.00010111768957185054,0.003606017367116003,3.998012447896778e-14,0.46153846153846156,0.0,False,False
PS 18:0_18:2,PE O-20:3_20:4,0.0005309520654855834,0.01893459371306804,4.146956915495972e-14,0.75,0.0,False,False
PS 18:0_18:2,PG 14:0_20:0,0.0,0.0,7.731313645135313e-16,0.7692307692307693,0.0,False,False
PS 18:0_18:2,PG 16:0_20:4,0.0,0.0,0.009319784621083469,0.11538461538461539,0.0,False,False
PS 18:0_18:2,PG 16:1_20:3,3.2395587119562336e-05,0.0011552780751389095,3.5151097275027942e-15,0.8846153846153846,0.019230769230769232,False,False
PS 18:0_18:2,PG 14:0_22:3,7.786118597094961e-05,0.00277665352149872,-1.507200317565421e-15,0.9615384615384616,0.0,False,False
PS 18:0_18:2,PG 14:0_22:2,0.0,0.0,0.0008912141608213224,0.23076923076923078,0.019230769230769232,False,False
PS 18:0_18:2,PG 16:1_20:1,9.337747940732152e-05,0.0033299891825658936,3.885822158354673e-15,0.6730769230769231,0.0,False,False
PS 18:0_18:2,PG 14:0_22:1,7.707543432867309e-06,0.00027486323703006824,-5.149643360352268e-15,0.8269230769230769,0.0,False,False
PS 18:0_18:2,PG 14:0_22:0,0.0,0.0,1.1784672964336832e-15,0.6923076923076923,0.0,False,False
PS 18:0_18:2,PG 16:1_22:6,0.0,0.0,-5.2134622092077816e-14,0.38461538461538464,0.0,False,False
PS 18:0_18:2,PG 16:0_22:6,9.92772861648783e-05,0.003540385659388685,-4.539762437505702e-14,0.6730769230769231,0.0,False,False
PS 18:0_18:2,PG 16:1_22:4,0.0,0.0,2.1641590557839402e-15,0.19230769230769232,0.038461538461538464,False,False
PS 18:0_18:2,PG 16:0_22:4,0.0,0.0,3.100135018728471e-15,0.4230769230769231,0.0,False,False
PS 18:0_18:2,PG 16:1_22:3,0.0011789482706990398,0.042043167294198235,-6.863823728259895e-16,0.4230769230769231,0.0,False,False
PS 18:0_18:2,PG 17:0_20:1,8.147735665011324e-05,0.002905611909756335,2.6060208789409518e-15,0.8269230769230769,0.0,False,False
PS 18:0_18:2,PC 14:0_18:0,0.0,0.0,-0.021648627162755042,0.40384615384615385,0.0,False,False
PS 18:0_18:2,PC O-16:1_16:1,5.710664419994807e-05,0.0020365136074079553,0.008656673307073873,0.9230769230769231,0.0,False,False
PS 18:0_18:2,PC 14:0_20:1,0.0007915610782223588,0.028228324908221667,9.851337249008048e-15,0.9423076923076923,0.0,False,False
PS 18:0_18:2,PC 14:1_17:1,0.0005712579300510435,0.020371964842047393,3.0641164315365678e-15,0.7307692307692307,0.0,False,False
PS 18:0_18:2,PC 20:0_14:1,0.0,0.0,2.702345234477046e-15,0.5769230769230769,0.0,False,False
PS 18:0_18:2,PC 16:0_18:1,0.0,0.0,7.798793009740212e-15,0.09615384615384616,0.0,False,False
PS 18:0_18:2,PC 17:0_17:0,0.0,0.0,0.010397035383966092,0.07692307692307693,0.0,False,False
PS 18:0_18:2,PC 17:0_17:1,0.0,0.0,6.109701403009035e-15,0.2692307692307692,0.0,False,False
PS 18:1_18:1,PA 18:1_22:1,0.0,0.0,0.06686876998162043,0.375,0.0,False,False
PS 18:1_18:1,PA 18:1_22:2,0.0,0.0,0.12884412121369707,0.25,0.0,False,False
PS 18:1_18:1,PA 18:1_22:3,0.0020328107084619748,0.01225542788718448,0.18562609832703864,0.921875,0.0,False,False
PS 18:1_18:1,PA 18:1_22:4,0.0,0.0,0.2749008877609496,0.453125,0.0,False,False
PS 18:1_18:1,PA 18:1_24:1,0.0003256417348079583,0.0019632318844955737,0.18262684840877613,0.84375,0.0,False,False
PS 18:1_18:1,PA 18:1_24:4,0.003912493402014032,0.023587676190345578,0.2118117078693028,1.0,0.0,False,True
PS 18:1_18:1,PA 18:1_24:5,0.003214451748393944,0.019379316251773356,0.28250879391239025,0.953125,0.0,False,False
PS 18:1_18:1,PA 18:1_24:6,0.011527933571932653,0.06949971189691634,0.2937647750616018,0.640625,0.0,False,False
PS 18:1_18:1,PS 14:0_20:1,0.0,0.0,-0.04262451813022857,0.015625,0.0,False,False
PS 18:1_18:1,PS 14:0_22:0,0.0,0.0,3.1925769893625603e-16,0.03125,0.0,False,False
PS 18:1_18:1,PS 14:0_22:1,0.003311555122199293,0.019964733964460513,4.880798329287264e-16,0.984375,0.0,False,False
PS 18:1_18:1,PS 14:0_22:2,0.0,0.0,-0.03345080596701495,0.015625,0.0,False,False
PS 18:1_18:1,PS 16:0_18:1,0.0,0.0,4.3088297750739135e-16,0.671875,0.0,False,False
PS 18:1_18:1,PS 16:0_20:1,0.0,0.0,5.098094145317178e-16,0.015625,0.0,False,False
PS 18:1_18:1,PS 16:0_20:2,0.025946132761210973,0.15642428371843844,0.028645763021505476,0.984375,0.375,False,False
PS 18:1_18:1,PS 16:1_18:1,0.021385108160289077,0.12892673667404858,0.14264318771294207,1.0,0.0625,False,True
PS 18:1_18:1,PS 20:0_16:1,0.00619661426365345,0.037358205039347454,1.1449817998499233e-16,0.984375,0.0,False,False
PS 18:1_18:1,PS 16:1_20:1,0.0,0.0,-2.941851047789584e-16,0.515625,0.0,False,False
PS 18:1_18:1,PS 18:0_18:1,0.0,0.0,-7.60953232673982e-16,0.046875,0.0,False,False
PS 18:1_18:1,PS 18:0_18:2,0.020433670266638476,0.12319069915406139,-8.140235569735952e-16,1.0,0.5625,False,True
PS 18:1_18:1,PS 18:1_18:2,0.0018668028667711948,0.011254598285057978,0.17052428852688511,0.9375,0.0,False,False
PS 18:1_18:1,PS 18:1_18:3,0.0,0.0,0.3056628040250577,0.3125,0.0,False,False
PS 18:1_18:1,PS 17:0_18:1,0.0006233157302708716,0.0037578516049150833,0.058724297109026075,0.9375,0.0,False,False
PS 18:1_18:1,PE 16:0_22:4,0.0,0.0,-5.674241465223411e-16,0.046875,0.0,False,False
PS 18:1_18:1,PE 16:0_22:6,0.0,0.0,-5.816006091354465e-15,0.203125,0.0,False,False
PS 18:1_18:1,PE 18:0_22:6,0.0,0.0,-8.190380758050547e-15,0.28125,0.0,False,False
PS 18:1_18:1,PE 18:1_20:1,0.0,0.0,0.027010158759402398,0.09375,0.0,False,False
PS 18:1_18:1,PE 18:1_20:3,0.0006508539218185692,0.003923874107281586,8.825553143368755e-16,0.921875,0.0,False,False
PS 18:1_18:1,PE 18:1_20:4,0.004966711087898479,0.02994335346662603,6.020765610305729e-15,1.0,0.0,False,True
PS 18:1_18:1,PE 18:1_20:5,0.0,0.0,0.008335608073877385,0.21875,0.0,False,False
PS 18:1_18:1,PE 18:1_22:6,0.014908989865575404,0.08988345516271243,-5.365535149661685e-15,1.0,0.0,False,True
PS 18:1_18:1,PE 20:1_18:3,0.00010228539672276632,0.0006166591400909904,-4.981088705916455e-16,0.6875,0.0,False,False
PS 18:1_18:1,PE 20:0_20:4,0.0,0.0,5.389771990680405e-15,0.203125,0.0,False,False
PS 18:1_18:1,PE 20:1_20:4,0.002988237933700256,0.018015516326122152,5.323747492732854e-15,0.6875,0.0,False,False
PS 18:1_18:1,PE 20:1_20:5,0.0010203166665556478,0.0061512944992925785,-7.588638498275405e-16,0.859375,0.0,False,False
PS 18:1_18:1,PE 20:2_20:4,0.0,0.0,5.323747492732856e-15,0.015625,0.0,False,False
PS 18:1_18:1,PE 20:4_20:4,0.0,0.0,0.0016347570299035305,0.03125,0.0,False,False
PS 18:1_18:1,PE 17:0_22:6,0.0004991279855427616,0.0030091473878170964,0.020504938298748637,0.609375,0.0,False,False
PS 18:1_18:1,PE O-16:0_22:3,0.0,0.0,-0.010259902943400536,0.015625,0.0,False,False
PS 18:1_18:1,PE O-16:0_22:4,0.0,0.0,0.017679576432988633,0.484375,0.0,False,False
PS 18:1_18:1,PE O-16:1_22:1,0.0,0.0,6.686025108612691e-18,0.015625,0.0,False,False
PS 18:1_18:1,PE O-16:1_22:2,0.00024896508235623845,0.0015009629772918425,7.991889387638608e-17,0.8125,0.0,False,False
PS 18:1_18:1,PE O-16:1_22:4,0.0,0.0,0.021337801310817757,0.28125,0.0,False,False
PS 18:1_18:1,PE O-16:1_24:0,0.0002725861580174856,0.0016433699353913347,1.1178198228461844e-17,1.0,0.0,False,True
PS 18:1_18:1,PE O-16:1_24:1,7.925317840525763e-05,0.0004778022905589046,-6.110138961562262e-17,0.25,0.0,False,False
PS 18:1_18:1,PE O-16:1_24:5,0.0,0.0,-0.01623250956407904,0.046875,0.0,False,False
PS 18:1_18:1,PE O-16:1_24:6,0.0,0.0,-1.5074897237075177e-16,0.359375,0.0,False,False
PS 18:1_18:1,PE O-18:0_20:4,0.0,0.0,5.1923253116916875e-15,0.421875,0.0,False,False
PS 18:1_18:1,PE O-18:0_22:4,0.0,0.0,0.014245650641986506,0.140625,0.0,False,False
PS 18:1_18:1,PE O-18:0_22:5,0.0015134999245109285,0.009124602258779278,-2.0559527208984027e-16,0.765625,0.0,False,False
PS 18:1_18:1,PE O-18:1_20:1,0.00154251731577436,0.009299542573990557,-3.760889123594639e-17,0.640625,0.0,False,False
PS 18:1_18:1,PE O-18:1_20:4,0.0,0.0,5.536864543069885e-15,0.328125,0.0,False,False
PS 18:1_18:1,PE O-18:1_22:4,0.0,0.0,0.013448094615096596,0.453125,0.0,False,False
PS 18:1_18:1,PE O-18:1_22:6,0.002461120474790253,0.01483762574395617,-6.1870804848824694e-15,0.859375,0.0,False,False
PS 18:1_18:1,PE O-18:2_22:4,0.0,0.0,0.013640735542179446,0.328125,0.0,False,False
PS 18:1_18:1,PE O-18:2_22:6,0.0030417838727529525,0.01833833457574088,-6.6584452550396655e-15,0.921875,0.0,False,False
PS 18:1_18:1,PE O-18:3_22:0,2.3434916829584602e-05,0.0001412846420237718,-1.5670371348310997e-17,0.625,0.0,False,False
PS 18:1_18:1,PE O-18:3_22:6,0.0021309312435972786,0.012846977871448626,-6.5909581890996064e-15,1.0,0.0,False,True
PS 18:1_18:1,PE O-20:0_20:4,1.287437512745987e-05,7.761715112496779e-05,4.852892009644481e-15,0.625,0.0,False,False
PS 18:1_18:1,PE O-20:1_20:4,0.0,0.0,5.717387221002428e-15,0.265625,0.0,False,False
PS 18:1_18:1,PE O-20:2_20:4,0.0005135460281443169,0.0030960710156011143,5.476899255377015e-15,0.75,0.0,False,False
PS 18:1_18:1,PE O-20:3_20:4,0.0,0.0,5.546057827594228e-15,0.46875,0.0,False,False
PS 18:1_18:1,PG 14:0_20:0,0.0,0.0,2.0141650639695733e-16,0.296875,0.0,False,False
PS 18:1_18:1,PG 14:0_22:4,0.002388666331701005,0.014400813540015227,0.007753760774890945,0.640625,0.0,False,False
PS 18:1_18:1,PG 16:1_20:3,0.0,0.0,2.7036614032952574e-16,0.015625,0.0,False,False
PS 18:1_18:1,PG 14:0_22:3,0.0,0.0,-1.3330262560296555e-16,0.015625,0.0,False,False
PS 18:1_18:1,PG 14:0_22:2,0.0,0.0,0.0008453086085202345,0.09375,0.0,False,False
PS 18:1_18:1,PG 16:1_20:1,0.0,0.0,-8.926365865709554e-16,0.0625,0.0,False,False
PS 18:1_18:1,PG 14:0_22:1,0.0,0.0,-1.3142218104116822e-15,0.15625,0.0,False,False
PS 18:1_18:1,PG 14:0_22:0,0.0,0.0,2.4675611416473716e-16,0.03125,0.0,False,False
PS 18:1_18:1,PG 16:0_22:6,0.0,0.0,-5.323747492732856e-15,0.296875,0.0,False,False
PS 18:1_18:1,PG 18:1_20:4,0.0029217806892589565,0.01761485827988057,0.002870270996006683,0.75,0.0,False,False
PS 18:1_18:1,PG 16:0_22:4,0.001380269005939242,0.00832137847207755,-4.038777042171354e-16,0.484375,0.0,False,False
PS 18:1_18:1,PG 17:0_18:1,0.0,0.0,0.0438529384979073,0.25,0.0,False,False
PS 18:1_18:1,PG 17:0_20:1,2.5999206587742863e-05,0.00015674425569175152,1.0530489546064989e-16,0.625,0.0,False,False
PS 18:1_18:1,PC 14:0_18:0,0.0,0.0,-0.019566774788629816,0.03125,0.0,False,False
PS 18:1_18:1,PC 14:0_20:1,0.0,0.0,-2.1238576634077502e-16,0.140625,0.0,False,False
PS 18:1_18:1,PC 14:1_17:1,0.00799683809138364,0.04821141100176147,3.142431801047965e-16,1.0,0.0,False,True
PS 18:1_18:1,PC 14:1_20:1,0.0,0.0,0.010941507285346519,0.296875,0.0,False,False
PS 18:1_18:1,PC 16:0_18:1,0.013158381043354931,0.07932936860163542,1.9670478484519692e-16,1.0,0.0,False,True
PS 18:1_18:1,PC 17:0_17:0,0.0002447352567869646,0.0014754621660142272,0.019263068172672843,0.4375,0.0,False,False
PE 16:0_22:4,PA 20:1_20:1,0.0,0.0,0.012663629137665151,0.0625,0.0,False,False
PE 16:0_22:4,PS 14:0_22:0,9.481042584988386e-05,0.0005990808556776338,9.081727415897518e-16,0.796875,0.0,False,False
PE 16:0_22:4,PS 14:0_22:1,0.0,0.0,2.639711792477945e-15,0.09375,0.0,False,False
PE 16:0_22:4,PS 14:0_22:2,0.0007019865882599689,0.004435659076511996,1.6445008703786905e-15,0.625,0.0,False,False
PE 16:0_22:4,PS 16:0_18:1,0.00047927676085187786,0.0030284172803122086,-2.149024750904714e-15,0.953125,0.0,False,False
PE 16:0_22:4,PS 16:0_20:1,0.0026678840090659274,0.01685762109676095,1.3676896997155626e-15,1.0,0.0,False,True
PE 16:0_22:4,PS 16:0_20:2,0.0,0.0,-0.020122430510263856,0.046875,0.0,False,False
PE 16:0_22:4,PS 20:0_16:1,0.0,0.0,6.488993923412523e-16,0.328125,0.0,False,False
PE 16:0_22:4,PS 16:1_20:1,0.0,0.0,1.3191119801662419e-15,0.171875,0.0,False,False
PE 16:0_22:4,PS 18:0_18:2,0.0017163985083801896,0.01084544740588229,-1.3431404693154463e-16,0.890625,0.0,False,False
PE 16:0_22:4,PE 16:0_22:6,0.03393260668823743,0.21441075565200385,-8.588957409320642e-15,1.0,0.53125,False,True
PE 16:0_22:4,PE 18:0_20:4,0.0,0.0,0.1182491827534644,0.453125,0.0,False,False
PE 16:0_22:4,PE 18:1_20:3,0.002336438270305984,0.014763307153889278,-1.1331329619835438e-15,0.890625,0.0,False,False
PE 16:0_22:4,PE 18:1_20:4,0.0,0.0,-1.6515531947481786e-14,0.171875,0.0,False,False
PE 16:0_22:4,PE 20:1_18:3,0.00310535876121857,0.019621903046848684,-1.5235401169526637e-15,1.0,0.0,False,True
PE 16:0_22:4,PE 20:0_20:4,0.0008367578276370254,0.005287241259410092,-1.3148865368731307e-14,0.4375,0.0,False,False
PE 16:0_22:4,PE 20:1_20:4,0.0005965391435039645,0.0037693658406449983,-1.3792799121287082e-14,0.640625,0.0,False,False
PE 16:0_22:4,PE 20:1_20:5,0.00027687190384596654,0.0017494769755782122,-6.236992353774967e-16,0.953125,0.0,False,False
PE 16:0_22:4,PE 20:2_20:4,0.0008720463035136461,0.005510219377420005,-1.5023533872012906e-14,1.0,0.0,False,True
PE 16:0_22:4,PE 20:3_20:4,0.0,0.0,-0.00631141075511579,0.234375,0.0,False,False
PE 16:0_22:4,PE 20:4_20:4,0.0,0.0,0.002498548339035904,0.015625,0.0,False,False
PE 16:0_22:4,PE O-16:0_22:3,0.00018232005297861523,0.0011520299836914414,5.16128971260624e-16,0.40625,0.0,False,False
PE 16:0_22:4,PE O-16:0_22:4,0.004564277479256525,0.028840406878380263,0.055258018734000096,0.890625,0.0,False,False
PE 16:0_22:4,PE O-16:1_22:1,0.0,0.0,3.3327440058339517e-16,0.015625,0.0,False,False
PE 16:0_22:4,PE O-16:1_22:2,0.0,0.0,3.5023568704165725e-16,0.109375,0.0,False,False
PE 16:0_22:4,PE O-16:1_22:4,0.001774310184999709,0.011211375271641271,0.0649859366913625,0.609375,0.0,False,False
PE 16:0_22:4,PE O-16:1_24:6,0.00023773184990068122,0.0015021618011275006,4.0945140643102836e-16,0.765625,0.0,False,False
PE 16:0_22:4,PE O-18:0_20:4,0.0,0.0,-1.2465057714677164e-14,0.140625,0.0,False,False
PE 16:0_22:4,PE O-18:0_20:5,0.0,0.0,0.05833946515702889,0.03125,0.0,False,False
PE 16:0_22:4,PE O-18:0_22:4,0.0028580315588722922,0.018059110867763194,0.06645204530485198,0.625,0.0,False,False
PE 16:0_22:4,PE O-18:0_22:5,0.0,0.0,2.856637719286244e-17,0.28125,0.0,False,False
PE 16:0_22:4,PE O-18:1_20:1,0.0007284271023072672,0.004602729371134361,-6.582169411522054e-16,0.609375,0.0,False,False
PE 16:0_22:4,PE O-18:1_22:4,0.03046577428190667,0.1925048006279855,0.04618579279025383,1.0,0.234375,False,True
PE 16:0_22:4,PE O-20:1_18:2,0.0,0.0,0.04355534062824089,0.03125,0.0,False,False
PE 16:0_22:4,PE O-18:2_22:4,0.028717249840177476,0.18145635833554255,0.05253193960420627,0.90625,0.21875,False,False
PE 16:0_22:4,PE O-18:2_22:5,0.002258644385528333,0.01427174911434547,-1.6592304086187602e-15,0.5,0.0,False,False
PE 16:0_22:4,PE O-18:3_22:0,3.51061880482827e-05,0.00022182629164481157,9.626273981136458e-17,0.890625,0.0,False,False
PE 16:0_22:4,PE O-20:0_20:4,0.0,0.0,-1.210974480043912e-14,0.140625,0.0,False,False
PE 16:0_22:4,PE O-20:2_20:4,0.0,0.0,-1.4033232795993675e-14,0.09375,0.0,False,False
PE 16:0_22:4,PE O-20:3_20:4,0.006494511966568826,0.041037024686515,-1.4411737293799103e-14,0.8125,0.0,False,False
PE 16:0_22:4,PG 14:0_20:0,0.0007440852653149181,0.004701668972015552,-1.1902657163692684e-16,0.96875,0.0,False,False
PE 16:0_22:4,PG 14:0_22:4,0.0,0.0,0.017878721018415616,0.75,0.015625,False,False
PE 16:0_22:4,PG 16:0_20:4,0.009618868571016752,0.06077896984978549,0.02656499877609534,0.1875,0.0,False,False
PE 16:0_22:4,PG 16:1_20:3,0.0,0.0,-0.015199403415828828,0.078125,0.0,False,False
PE 16:0_22:4,PG 14:0_22:3,0.001600588626376255,0.010113676795372709,6.308408296757123e-17,1.0,0.0,False,True
PE 16:0_22:4,PG 14:0_22:2,0.0,0.0,0.0011170203670857425,0.046875,0.0,False,False
PE 16:0_22:4,PG 16:1_20:1,0.0025011711600296978,0.015804208717712945,-2.265075658250718e-15,0.953125,0.0,False,False
PE 16:0_22:4,PG 14:0_22:1,0.0009436846901122627,0.005962882526626996,-2.271622119690749e-15,0.984375,0.0,False,False
PE 16:0_22:4,PG 16:0_20:1,0.0,0.0,0.02020667720797354,0.015625,0.0,False,False
PE 16:0_22:4,PG 14:0_22:0,0.0,0.0,1.015296656062986e-15,0.234375,0.0,False,False
PE 16:0_22:4,PG 16:1_22:6,0.0,0.0,-9.467671074430253e-15,0.109375,0.0,False,False
PE 16:0_22:4,PG 16:0_22:6,0.002306023647837871,0.014571125567423683,-6.894019029210803e-15,1.0,0.0,False,True
PE 16:0_22:4,PG 16:0_22:5,0.0,0.0,0.00856071773906393,0.015625,0.0,False,False
PE 16:0_22:4,PG 16:1_22:4,0.0010944539606128501,0.006915551843020487,1.4283188596431222e-15,0.75,0.0,False,False
PE 16:0_22:4,PG 16:0_22:4,0.0029181412926487134,0.018438927648697707,1.8568145175360587e-15,1.0,0.0,False,True
PE 16:0_22:4,PG 17:0_20:1,0.000165732965542238,0.001047220766292522,1.414035671046691e-15,0.96875,0.0,False,False
PE 16:0_22:4,PG 17:0_20:3,0.0,0.0,-0.01632346148514867,0.015625,0.0,False,False
PE 16:0_22:4,PG 17:1_20:1,0.0,0.0,0.0037014443278820747,0.140625,0.0,False,False
PE 16:0_22:4,PC 14:0_18:0,0.00034492699169882783,0.0021794982511778157,0.06552291419504386,0.953125,0.0,False,False
PE 16:0_22:4,PC 16:0_16:1,0.0,0.0,0.1475814767235878,0.015625,0.0,False,False
PE 16:0_22:4,PC O-16:1_16:1,0.00035238973167225473,0.0022266532408206107,0.014284188332444709,1.0,0.0,False,True
PE 16:0_22:4,PC 14:1_17:1,0.0006373878219616271,0.004027477340771195,1.4283188596431222e-15,0.859375,0.0,False,False
PE 16:0_22:4,PC 14:1_20:1,0.0,0.0,0.031338043223956766,0.296875,0.0,False,False
PE 16:0_22:4,PC 16:0_18:1,0.00909900096130407,0.05749407022325205,-4.732973059518304e-15,1.0,0.0,False,True
PE 16:0_22:4,PC 17:0_17:0,0.0,0.0,0.027246751758275792,0.140625,0.0,False,False
PE 16:0_22:6,PA 20:1_20:1,0.0,0.0,0.009731001160204653,0.017241379310344827,0.0,False,False
PE 16:0_22:6,PA 22:6_22:6,0.0,0.0,0.028047189790890707,0.017241379310344827,0.0,False,False
PE 16:0_22:6,PS 14:0_22:0,8.845376929556524e-06,0.00016485950391332215,4.764634913388473e-16,0.5172413793103449,0.0,False,False
PE 16:0_22:6,PS 14:0_22:1,0.0,0.0,3.7204173363215506e-15,0.017241379310344827,0.0,False,False
PE 16:0_22:6,PS 14:0_22:2,0.0007164060615382664,0.013352325044628365,7.810022835166592e-16,0.6724137931034483,0.0,False,False
PE 16:0_22:6,PS 16:0_18:1,7.387132902308621e-05,0.0013768085580920936,-1.2338142881768449e-15,0.7586206896551724,0.0,False,False
PE 16:0_22:6,PS 16:0_20:1,0.0031848751874149206,0.05935947643662452,4.2481651839442294e-15,1.0,0.0,False,True
PE 16:0_22:6,PS 16:0_20:2,0.0,0.0,-0.008396446294301228,0.05172413793103448,0.0,False,False
PE 16:0_22:6,PS 16:1_20:1,0.0,0.0,1.258886640137829e-15,0.08620689655172414,0.0,False,False
PE 16:0_22:6,PS 18:0_18:2,0.0009007539196493903,0.016788187267088465,2.818404692927083e-15,0.7931034482758621,0.0,False,False
PE 16:0_22:6,PE 16:0_22:4,0.003905324536295565,0.07278715998216834,-4.256912385838528e-15,1.0,0.27586206896551724,False,True
PE 16:0_22:6,PE 16:0_22:5,0.0,0.0,0.21308313899148867,0.29310344827586204,0.0,False,False
PE 16:0_22:6,PE 16:0_24:4,0.0,0.0,0.16647886055304684,0.034482758620689655,0.0,False,False
PE 16:0_22:6,PE 16:0_24:5,0.0,0.0,0.14079258490821855,0.1724137931034483,0.0,False,False
PE 16:0_22:6,PE 16:0_24:6,0.0,0.0,0.1587760652151826,0.3448275862068966,0.0,False,False
PE 16:0_22:6,PE 16:1_22:6,0.0,0.0,0.04387017318221854,0.08620689655172414,0.0,False,False
PE 16:0_22:6,PE 18:0_22:6,0.0024330766602856935,0.04534750914429291,-1.91722088761397e-15,1.0,0.034482758620689655,False,True
PE 16:0_22:6,PE 18:1_20:3,0.0011792213502964648,0.021978243365104382,-8.51761374576325e-15,0.10344827586206896,0.0,False,False
PE 16:0_22:6,PE 18:1_20:5,0.0,0.0,0.10704036724447476,0.39655172413793105,0.0,False,False
PE 16:0_22:6,PE 18:1_22:6,0.00047813235467145804,0.00891139670177935,-9.7944980128105e-15,0.7413793103448276,0.0,False,False
PE 16:0_22:6,PE 18:2_22:6,0.0010304454082381426,0.019205367975247835,-4.461516986492985e-16,1.0,0.0,False,True
PE 16:0_22:6,PE 20:1_18:3,0.0,0.0,-1.818707561372936e-15,0.6379310344827587,0.0,False,False
PE 16:0_22:6,PE 20:0_20:4,0.0012001075538547769,0.022367518936363576,-1.4826255599275618e-14,0.7241379310344828,0.0,False,False
PE 16:0_22:6,PE 20:1_20:4,0.0015626244090312107,0.029124082210100842,-1.503843814810246e-14,0.6896551724137931,0.0,False,False
PE 16:0_22:6,PE 20:1_20:5,0.0,0.0,-1.6254698829770614e-15,0.017241379310344827,0.0,False,False
PE 16:0_22:6,PE 20:2_20:4,0.0,0.0,-1.5133162500257304e-14,0.15517241379310345,0.0,False,False
PE 16:0_22:6,PE 20:3_20:4,0.0,0.0,0.023882768678415964,0.3793103448275862,0.0,False,False
PE 16:0_22:6,PE 20:4_20:4,0.0,0.0,0.0075211998806859045,0.034482758620689655,0.0,False,False
PE 16:0_22:6,PE 17:0_22:6,0.0,0.0,0.07854148366447934,0.3448275862068966,0.0,False,False
PE 16:0_22:6,PE O-16:0_22:3,0.0,0.0,-0.07560195677123538,0.3448275862068966,0.0,False,False
PE 16:0_22:6,PE O-16:1_22:1,2.047912919247324e-05,0.0003816885482818245,5.285618850240095e-16,0.7068965517241379,0.0,False,False
PE 16:0_22:6,PE O-16:1_22:2,0.0,0.0,-1.4054725750974447e-16,0.29310344827586204,0.0,False,False
PE 16:0_22:6,PE O-16:1_24:0,1.0694142226417387e-05,0.00019931665956874863,-4.010984286556524e-17,1.0,0.0,False,True
PE 16:0_22:6,PE O-16:1_24:1,1.343949017331347e-05,0.00025048425866590064,1.0853338661741324e-16,1.0,0.0,False,True
PE 16:0_22:6,PE O-16:1_24:4,2.3524199503604636e-06,4.384423514122329e-05,-2.3390994710235903e-16,0.6896551724137931,0.0,False,False
PE 16:0_22:6,PE O-16:1_24:5,3.6981328138565965e-06,6.89255354467459e-05,3.339033413458125e-17,0.5344827586206896,0.0,False,False
PE 16:0_22:6,PE O-18:0_20:3,0.0,0.0,0.04130151418244658,0.13793103448275862,0.0,False,False
PE 16:0_22:6,PE O-18:0_20:4,7.478270312537456e-05,0.0013937946835652383,-1.3043484089001428e-14,0.9655172413793104,0.0,False,False
PE 16:0_22:6,PE O-18:0_22:5,0.001695029985359719,0.03159184789184775,-5.797130351876233e-16,0.5517241379310345,0.0,False,False
PE 16:0_22:6,PE O-18:1_20:1,0.00037693391665654676,0.007025267436649458,1.2693063188748615e-16,0.2413793103448276,0.0,False,False
PE 16:0_22:6,PE O-18:1_20:4,0.0,0.0,-1.3890378999985798e-14,0.08620689655172414,0.0,False,False
PE 16:0_22:6,PE O-18:1_22:6,0.0027332968201180183,0.05094299105635845,3.1069587506787656e-15,1.0,0.0,False,True
PE 16:0_22:6,PE O-18:2_22:5,0.0,0.0,-1.3829755414606701e-16,0.034482758620689655,0.0,False,False
PE 16:0_22:6,PE O-18:2_22:6,0.003662299941709579,0.06825768493308294,2.57650237861166e-16,1.0,0.0,False,True
PE 16:0_22:6,PE O-18:3_22:6,0.0032484933412454,0.06054518704725195,-1.0211285162291798e-15,1.0,0.0,False,True
PE 16:0_22:6,PE O-20:0_20:4,0.00012157632661832524,0.002265930898538431,-1.2766905631474322e-14,1.0,0.0,False,True
PE 16:0_22:6,PE O-20:1_20:4,0.0,0.0,-1.487551226239614e-14,0.5862068965517241,0.0,False,False
PE 16:0_22:6,PE O-20:2_20:4,0.000988597231607314,0.018425404645931422,-1.5525321318178344e-14,1.0,0.0,False,True
PE 16:0_22:6,PE O-20:3_20:4,0.0,0.0,-1.5032754686973173e-14,0.3448275862068966,0.0,False,False
PE 16:0_22:6,PG 14:0_20:0,0.000260824847285899,0.004861234888491875,1.413287334150219e-15,0.9482758620689655,0.0,False,False
PE 16:0_22:6,PG 16:0_20:4,0.009299067324144776,0.17331535310750776,0.042282194042111455,0.3793103448275862,0.22413793103448276,False,False
PE 16:0_22:6,PG 16:0_20:3,0.0,0.0,0.03896057024608925,0.08620689655172414,0.0,False,False
PE 16:0_22:6,PG 14:0_22:2,0.0,0.0,0.0015416480703924643,0.05172413793103448,0.0,False,False
PE 16:0_22:6,PG 16:1_20:1,0.0,0.0,1.660399487834159e-15,0.10344827586206896,0.0,False,False
PE 16:0_22:6,PG 14:0_22:0,0.0,0.0,-6.763318743855605e-16,0.1206896551724138,0.0,False,False
PE 16:0_22:6,PG 16:1_22:6,0.0009928118334166965,0.018503956093656085,-4.508879162570404e-16,1.0,0.0,False,True
PE 16:0_22:6,PG 16:0_22:6,0.0039345133892437455,0.07333117974019093,6.062358537909786e-17,1.0,0.05172413793103448,False,True
PE 16:0_22:6,PG 16:0_22:5,0.0013488888518235363,0.025140494149296595,0.038506978668711715,0.4482758620689655,0.0,False,False
PE 16:0_22:6,PG 18:1_20:4,0.0,0.0,-0.12160319211338062,0.034482758620689655,0.0,False,False
PE 16:0_22:6,PG 14:0_24:4,0.0,0.0,0.045401602876490664,0.20689655172413793,0.0,False,False
PE 16:0_22:6,PG 16:0_22:4,0.0,0.0,-2.462833156025851e-16,0.1206896551724138,0.0,False,False
PE 16:0_22:6,PG 16:1_22:3,0.0029913065437724316,0.05575175787152373,8.108404544454339e-16,0.6551724137931034,0.0,False,False
PE 16:0_22:6,PG 17:0_20:1,0.00014310785082358494,0.0026672339099585184,1.0836465886513744e-15,0.7241379310344828,0.0,False,False
PE 16:0_22:6,PG 17:0_20:3,0.0,0.0,0.02137517840509945,0.017241379310344827,0.0,False,False
PE 16:0_22:6,PG 17:1_20:1,0.0,0.0,0.005956360986043938,0.1724137931034483,0.0,False,False
PE 16:0_22:6,PC 14:0_18:0,7.493380122003575e-05,0.0013966108390695738,0.023792898696970585,0.5,0.0,False,False
PE 16:0_22:6,PC 16:0_16:0,0.0,0.0,0.3209969894122849,0.29310344827586204,0.1724137931034483,False,False
PE 16:0_22:6,PC 16:0_16:1,0.0,0.0,0.1509997085628116,0.034482758620689655,0.0,False,False
PE 16:0_22:6,PC 14:0_20:1,0.0,0.0,5.224048021339449e-16,0.39655172413793105,0.0,False,False
PE 16:0_22:6,PC 14:1_17:1,0.0005531486201227572,0.010309544503305691,8.714640398245318e-16,0.8448275862068966,0.0,False,False
PE 16:0_22:6,PC 14:1_20:1,0.0,0.0,0.027210054124519652,0.13793103448275862,0.0,False,False
PE 16:0_22:6,PC 16:0_18:1,0.004430070184533813,0.08256733192262734,-1.0152839126961255e-14,0.8620689655172413,0.2413793103448276,False,False
PE 18:0_20:4,PS 14:0_22:2,0.0,0.0,-1.3578438300231497e-06,0.05555555555555555,0.0,False,False
PE 18:0_20:4,PS 16:0_18:1,0.0,0.0,-1.305471606476791e-07,1.0,0.0,False,True
PE 18:0_20:4,PS 16:0_20:1,0.0,0.0,-8.05958833278435e-06,0.1111111111111111,0.0,False,False
PE 18:0_20:4,PS 16:1_20:1,0.0,0.0,-9.594411882022113e-07,0.8888888888888888,0.0,False,False
PE 18:0_20:4,PS 18:0_18:1,0.0,0.0,-7.327065814489971e-06,1.0,0.0,False,True
PE 18:0_20:4,PS 18:0_18:2,0.0,0.0,2.7041128818479313e-06,1.0,0.0,False,True
PE 18:0_20:4,PE 16:0_22:4,0.0,0.0,-1.2489116395427366e-05,1.0,0.0,False,True
PE 18:0_20:4,PE 18:0_22:6,0.0,0.0,7.789151876111003e-06,1.0,1.0,True,True
PE 18:0_20:4,PE 18:1_20:3,0.0,0.0,-2.9824307516521894e-06,1.0,0.0,False,True
PE 18:0_20:4,PE 18:1_20:4,0.0,0.0,1.0141797670868855e-07,1.0,0.0,False,True
PE 18:0_20:4,PE 18:1_20:5,0.0,0.0,2.133421842337639e-07,0.7222222222222222,0.0,False,False
PE 18:0_20:4,PE 20:1_18:3,0.0,0.0,3.9585870075862626e-08,1.0,0.0,False,True
PE 18:0_20:4,PE 20:0_20:4,0.0,0.0,6.232348373412153e-07,1.0,0.0,False,True
PE 18:0_20:4,PE 20:1_20:4,0.0,0.0,-2.6194237933733366e-08,0.7222222222222222,0.0,False,False
PE 18:0_20:4,PE 20:3_20:4,0.0,0.0,-1.3704469042739962e-06,0.2777777777777778,0.0,False,False
PE 18:0_20:4,PE O-16:1_22:1,0.0,0.0,4.918050525066521e-09,1.0,0.0,False,True
PE 18:0_20:4,PE O-16:1_22:2,0.0,0.0,3.8561602888448356e-09,0.16666666666666666,0.0,False,False
PE 18:0_20:4,PE O-16:1_24:0,0.0,0.0,1.042637517394599e-08,0.3333333333333333,0.0,False,False
PE 18:0_20:4,PE O-16:1_24:1,0.0,0.0,8.911001141271715e-09,0.3333333333333333,0.0,False,False
PE 18:0_20:4,PE O-16:1_24:6,0.0,0.0,-8.097980774187855e-08,0.2777777777777778,0.0,False,False
PE 18:0_20:4,PE O-18:0_20:4,0.0,0.0,2.3005374997648287e-07,1.0,0.0,False,True
PE 18:0_20:4,PE O-18:1_20:4,0.0,0.0,-1.4446942759781947e-06,1.0,0.0,False,True
PE 18:0_20:4,PE O-18:2_22:5,0.0,0.0,-3.807573311874768e-06,1.0,0.0,False,True
PE 18:0_20:4,PE O-18:3_22:0,0.0,0.0,-2.5762193729889475e-10,1.0,0.0,False,True
PE 18:0_20:4,PE O-20:0_20:4,0.0,0.0,-2.548906458062797e-08,1.0,0.0,False,True
PE 18:0_20:4,PE O-20:1_20:4,0.0,0.0,-7.684895041419018e-07,1.0,0.0,False,True
PE 18:0_20:4,PE O-20:2_20:4,0.0,0.0,-8.828975203767847e-07,1.0,0.0,False,True
PE 18:0_20:4,PE O-20:3_20:4,0.0,0.0,-2.1881161405786937e-08,1.0,0.0,False,True
PE 18:0_20:4,PG 16:0_20:4,0.0,0.0,-1.861699996268712e-08,0.5555555555555556,0.0,False,False
PE 18:0_20:4,PG 14:0_22:3,0.0,0.0,-4.0903145013498547e-07,0.7222222222222222,0.0,False,False
PE 18:0_20:4,PG 16:1_20:2,0.0,0.0,-3.93323142989054e-07,0.2777777777777778,0.0,False,False
PE 18:0_20:4,PG 16:1_20:1,0.0,0.0,-3.105127011588524e-06,1.0,0.0,False,True
PE 18:0_20:4,PG 16:1_22:6,0.0,0.0,5.989692074779523e-06,0.05555555555555555,0.0,False,False
PE 18:0_20:4,PG 16:0_22:6,0.0,0.0,5.449267307835047e-06,0.16666666666666666,0.0,False,False
PE 18:0_20:4,PG 16:0_22:5,0.0,0.0,-2.3222429158964593e-06,0.3333333333333333,0.0,False,False
PE 18:0_20:4,PG 18:1_20:4,0.0,0.0,4.5339246764564475e-08,0.5555555555555556,0.0,False,False
PE 18:0_20:4,PG 14:0_24:4,0.0,0.0,9.503468674380321e-07,0.3333333333333333,0.0,False,False
PE 18:0_20:4,PG 16:1_22:3,0.0,0.0,1.5667433647001555e-06,1.0,0.0,False,True
PE 18:0_20:4,PG 17:0_20:1,0.0,0.0,-1.8981904797655935e-07,0.8888888888888888,0.0,False,False
PE 18:0_20:4,PG 17:1_20:1,0.0,0.0,7.732726023880922e-07,0.05555555555555555,0.0,False,False
PE 18:0_20:4,PC 14:0_18:0,0.0,0.0,-2.1523414754178565e-06,1.0,0.0,False,True
PE 18:0_20:4,PC O-16:1_16:1,0.0,0.0,-2.9534820397812845e-07,1.0,0.0,False,True
PE 18:0_20:4,PC 14:0_20:1,0.0,0.0,-6.772560458475103e-08,0.7777777777777778,0.0,False,False
PE 18:0_20:4,PC 20:0_14:1,0.0,0.0,9.906528971150015e-07,0.8333333333333334,0.0,False,False
PE 18:0_20:4,PC 16:0_18:1,0.0,0.0,4.555780997318336e-07,0.2222222222222222,0.0,False,False
PE 18:0_20:4,PC 17:0_17:1,0.0,0.0,1.8925174143953322e-07,0.9444444444444444,0.0,False,False
PE 18:0_22:6,PA 22:6_22:6,0.0029596903350243594,0.0039508795650874855,0.02193874670543794,0.9375,0.0,False,False
PE 18:0_22:6,PS 14:0_22:0,0.0004953177131591891,0.0006611977638297078,1.7034793175092973e-16,0.875,0.0,False,False
PE 18:0_22:6,PS 14:0_22:1,0.0058978079850738815,0.007872961833639402,5.985197602059693e-17,1.0,0.0,False,True
PE 18:0_22:6,PS 14:0_22:2,0.0,0.0,-0.0019381820692736156,0.15625,0.0,False,False
PE 18:0_22:6,PS 16:0_18:1,0.0027421301536665237,0.0036604592922192002,3.596963480769077e-16,0.9375,0.0,False,False
PE 18:0_22:6,PS 16:0_20:2,0.0066329297841962445,0.008854273175448742,0.009862738919573219,0.671875,0.0,False,False
PE 18:0_22:6,PS 16:1_20:1,0.0,0.0,3.4529986165729e-18,0.390625,0.0,False,False
PE 18:0_22:6,PS 18:0_18:1,0.025192133893513394,0.03362888536783721,-3.86160345286736e-16,1.0,0.0,False,True
PE 18:0_22:6,PS 18:0_18:2,0.0,0.0,-5.3953103383951563e-17,0.65625,0.0,False,False
PE 18:0_22:6,PE 16:0_22:6,0.05791208028659618,0.07730661950285941,-1.795559280617908e-16,1.0,0.0,False,True
PE 18:0_22:6,PE 16:0_24:6,0.00864965766351434,0.011546395683148355,0.02109460042524598,1.0,0.0,False,True
PE 18:0_22:6,PE 16:1_22:6,0.012386353220639615,0.016534496614821648,0.01096152432004402,1.0,0.0,False,True
PE 18:0_22:6,PE 18:0_20:1,0.0,0.0,0.05261435715265213,0.046875,0.0,False,False
PE 18:0_22:6,PE 18:0_20:4,0.17195668277027343,0.22954433306676086,0.015227100954890509,1.0,1.0,True,True
PE 18:0_22:6,PE 18:0_22:3,0.0021779735373471543,0.002907368733876463,0.06646463334032947,0.96875,0.0,False,False
PE 18:0_22:6,PE 18:0_22:4,0.07488277619496271,0.09996073803554276,0.0651709338778157,1.0,0.0,False,True
PE 18:0_22:6,PE 18:0_22:5,0.0,0.0,0.09059231429264812,0.203125,0.0,False,False
PE 18:0_22:6,PE 18:1_22:6,0.061544140184099885,0.08215504268362539,-1.761029294452179e-16,1.0,0.0,False,True
PE 18:0_22:6,PE 18:2_22:6,0.01975682655957589,0.026373313924601384,-5.996707597448272e-16,1.0,0.0,False,True
PE 18:0_22:6,PE 20:1_20:5,0.02722802453262753,0.03634658817195936,-2.5782389670410986e-16,1.0,0.0,False,True
PE 18:0_22:6,PE 20:2_20:4,0.06407797718486186,0.08553745222461903,-8.28719667977496e-16,1.0,0.0,False,True
PE 18:0_22:6,PE 20:3_20:3,0.012561698297217493,0.016768564102116575,0.03358694417598969,1.0,0.0,False,True
PE 18:0_22:6,PE 17:0_22:6,0.017543893188791133,0.023419277439746727,0.007059852197015393,1.0,0.0,False,True
PE 18:0_22:6,PE 17:1_22:6,0.01400979728823969,0.018701626032329055,0.030610764700977844,1.0,0.0,False,True
PE 18:0_22:6,PE O-16:0_22:4,0.0,0.0,-0.0019582912187759774,0.0625,0.0,False,False
PE 18:0_22:6,PE O-16:0_22:5,0.010305808206381722,0.01375718485223534,0.011994433220873629,0.9375,0.0,False,False
PE 18:0_22:6,PE O-16:1_22:1,2.184931651118922e-05,2.9166570939414037e-05,4.388185741894727e-17,0.5625,0.0,False,False
PE 18:0_22:6,PE O-16:1_22:2,0.0002451941983423172,0.00032730881884664994,3.1652487318584914e-18,0.5,0.0,False,False
PE 18:0_22:6,PE O-16:1_22:3,0.0,0.0,-0.007330353245989979,0.03125,0.0,False,False
PE 18:0_22:6,PE O-16:1_24:0,0.00016950005405822247,0.00022626498858176783,4.816213695407409e-17,1.0,0.0,False,True
PE 18:0_22:6,PE O-16:1_24:1,0.00020951024673172836,0.00027967444522604423,7.445528266985315e-18,1.0,0.0,False,True
PE 18:0_22:6,PE O-16:1_24:4,0.00019840676326249502,0.0002648524466470883,-7.337622060217412e-18,0.6875,0.0,False,False
PE 18:0_22:6,PE O-16:1_24:5,2.3726764890958578e-05,3.167276976378406e-05,-8.920246426146658e-18,0.59375,0.0,False,False
PE 18:0_22:6,PE O-18:0_20:3,0.0,0.0,0.008290282285672553,0.078125,0.0,False,False
PE 18:0_22:6,PE O-18:0_22:4,0.0,0.0,0.0028895033756133922,0.0625,0.0,False,False
PE 18:0_22:6,PE O-18:0_22:6,0.0,0.0,0.0268298067604575,0.09375,0.0,False,False
PE 18:0_22:6,PE O-18:1_22:4,0.0,0.0,0.004699377968698413,0.515625,0.0,False,False
PE 18:0_22:6,PE O-18:1_22:6,0.03603104724265274,0.048097710282426175,-5.662917731179556e-16,1.0,0.0,False,True
PE 18:0_22:6,PE O-18:2_22:6,0.03197082237622854,0.04267773128510197,-5.202517915636503e-16,1.0,0.0,False,True
PE 18:0_22:6,PE O-18:3_22:6,0.02933383475679685,0.03915762636881667,-4.569468169264805e-16,1.0,0.0,False,True
PE 18:0_22:6,PE O-20:1_20:1,0.0,0.0,-0.020608143563801907,0.015625,0.0,False,False
PE 18:0_22:6,PG 14:0_20:0,0.007721748398347685,0.010307733073543926,7.021097187031563e-17,1.0,0.0,False,True
PE 18:0_22:6,PG 16:1_20:3,0.0,0.0,5.668672728873844e-17,0.109375,0.0,False,False
PE 18:0_22:6,PG 14:0_22:2,0.0,0.0,0.0023645479159351483,0.375,0.0,False,False
PE 18:0_22:6,PG 14:0_22:0,0.004427087098261572,0.005909702019295928,6.388047440659865e-17,0.671875,0.0,False,False
PE 18:0_22:6,PG 18:0_18:0,0.0020872132369830253,0.0027862131481766884,0.24473134096315854,0.5,0.0,False,False
PE 18:0_22:6,PG 16:1_22:6,0.012809241927594486,0.017099009169004285,-3.7522584966758845e-16,1.0,0.0,False,True
PE 18:0_22:6,PG 16:0_22:6,0.013360159925481105,0.017834427545086268,-1.657439335954992e-16,1.0,0.0,False,True
PE 18:0_22:6,PG 14:0_24:4,0.0,0.0,0.0052947629898707676,0.328125,0.0,False,False
PE 18:0_22:6,PG 16:0_22:4,4.2675549710376876e-05,5.696743178985833e-05,1.5653593728463813e-16,0.390625,0.0,False,False
PE 18:0_22:6,PG 18:0_20:4,0.0,0.0,0.06644627607499529,0.03125,0.0,False,False
PE 18:0_22:6,PC 14:0_18:0,0.002489295544594433,0.003322951317648751,0.05911377680747357,1.0,0.0,False,True
PE 18:0_22:6,PC O-16:1_18:0,0.0010581857810437433,0.001412568243683323,0.22871989016290664,0.515625,0.0,False,False
PE 18:0_22:6,PC 14:0_20:1,0.0,0.0,-1.7412464898780634e-16,0.359375,0.0,False,False
PE 18:0_22:6,PC 20:0_14:1,0.00800868375439292,0.010690762007782375,-1.2943237099511264e-16,1.0,0.0,False,True
PE 18:0_22:6,PC 16:0_18:0,0.0,0.0,0.06682263769894764,0.078125,0.0,False,False
PE 18:0_22:6,PC 16:0_18:1,0.0,0.0,2.0503471912336827e-16,0.078125,0.0,False,False
PE 18:0_22:6,PC 17:0_17:1,0.0,0.0,-1.3417033864032598e-16,0.03125,0.0,False,False
PE 18:1_20:1,PA 20:1_20:1,0.0,0.0,1.5964166285565733e-08,1.0,0.0,False,True
PE 18:1_20:1,PS 20:0_16:1,0.0,0.0,-9.179031714804465e-06,1.0,0.0,False,True
PE 18:1_20:1,PS 18:0_18:1,0.0,0.0,-7.327065814489971e-06,1.0,0.0,False,True
PE 18:1_20:1,PS 18:1_18:1,0.0,0.0,-3.7143801407453766e-06,1.0,0.0,False,True
PE 18:1_20:1,PE 18:1_20:3,0.0,0.0,-2.9824307516521894e-06,1.0,0.0,False,True
PE 18:1_20:1,PE 18:1_20:4,0.0,0.0,1.0141797670868855e-07,1.0,0.0,False,True
PE 18:1_20:1,PE 18:1_22:6,0.0,0.0,9.801738433562424e-06,1.0,0.0,False,True
PE 18:1_20:1,PE 20:1_18:3,0.0,0.0,3.9585870075862626e-08,1.0,0.0,False,True
PE 18:1_20:1,PE 20:1_20:4,0.0,0.0,-2.6194237933733366e-08,1.0,0.0,False,True
PE 18:1_20:1,PE 20:1_20:5,0.0,0.0,4.384918036809946e-08,1.0,0.0,False,True
PE 18:1_20:1,PE O-16:0_22:4,0.0,0.0,-1.298106588825637e-05,0.75,0.0,False,False
PE 18:1_20:1,PE O-16:1_22:2,0.0,0.0,3.8561602888448356e-09,0.75,0.0,False,False
PE 18:1_20:1,PE O-16:1_24:0,0.0,0.0,1.042637517394599e-08,1.0,0.0,False,True
PE 18:1_20:1,PE O-16:1_24:1,0.0,0.0,8.911001141271715e-09,1.0,0.0,False,True
PE 18:1_20:1,PE O-16:1_24:4,0.0,0.0,-1.5846614213403845e-08,1.0,0.0,False,True
PE 18:1_20:1,PE O-16:1_24:5,0.0,0.0,-1.695989298785871e-07,1.0,0.0,False,True
PE 18:1_20:1,PE O-16:1_24:6,0.0,0.0,-8.097980774187855e-08,1.0,0.0,False,True
PE 18:1_20:1,PE O-18:0_22:5,0.0,0.0,-4.001606771045966e-06,1.0,0.0,False,True
PE 18:1_20:1,PE O-18:1_20:1,0.0,0.0,-7.324249756060361e-07,1.0,1.0,True,True
PE 18:1_20:1,PE O-20:1_18:2,0.0,0.0,-1.0171198952548792e-07,0.25,0.0,False,False
PE 18:1_20:1,PE O-18:2_22:4,0.0,0.0,-1.3462846540721761e-05,1.0,0.0,False,True
PE 18:1_20:1,PE O-18:3_22:0,0.0,0.0,-2.5762193729889475e-10,1.0,0.0,False,True
PE 18:1_20:1,PG 14:0_20:0,0.0,0.0,3.922878969859904e-08,1.0,0.0,False,True
PE 18:1_20:1,PG 16:1_20:3,0.0,0.0,-5.59782121084006e-07,1.0,0.0,False,True
PE 18:1_20:1,PG 14:0_22:3,0.0,0.0,-4.0903145013498547e-07,0.5,0.0,False,False
PE 18:1_20:1,PG 16:1_20:2,0.0,0.0,-3.93323142989054e-07,0.5,0.0,False,False
PE 18:1_20:1,PG 16:1_20:1,0.0,0.0,-3.105127011588524e-06,1.0,0.0,False,True
PE 18:1_20:1,PG 14:0_22:1,0.0,0.0,-1.613976983771397e-06,1.0,0.0,False,True
PE 18:1_20:1,PG 14:0_22:0,0.0,0.0,-8.26854222964092e-07,1.0,0.0,False,True
PE 18:1_20:1,PG 18:1_20:4,0.0,0.0,4.5339246764564475e-08,1.0,0.0,False,True
PE 18:1_20:1,PG 17:0_18:1,0.0,0.0,-3.0169332524403796e-07,0.5,0.0,False,False
PE 18:1_20:1,PG 17:0_20:1,0.0,0.0,-1.8981904797655935e-07,1.0,0.0,False,True
PE 18:1_20:1,PG 17:1_20:1,0.0,0.0,7.732726023880922e-07,1.0,0.0,False,True
PE 18:1_20:1,PC O-16:1_16:1,0.0,0.0,-2.9534820397812845e-07,1.0,0.0,False,True
PE 18:1_20:1,PC 14:0_20:1,0.0,0.0,-6.772560458475103e-08,1.0,0.0,False,True
PE 18:1_20:1,PC 14:1_17:1,0.0,0.0,-2.1658257171220664e-06,1.0,0.0,False,True
PE 18:1_20:1,PC 14:1_20:1,0.0,0.0,3.489194930380844e-08,1.0,0.0,False,True
PE 18:1_20:1,PC 16:0_18:1,0.0,0.0,4.555780997318336e-07,1.0,0.0,False,True
PE 18:1_20:3,PS 14:0_22:0,2.8986245690562455e-05,0.0005660660895269484,-3.919539740152007e-16,0.5818181818181818,0.0,False,False
PE 18:1_20:3,PS 14:0_22:1,0.0,0.0,-1.581634786170313e-15,0.509090909090909,0.0,False,False
PE 18:1_20:3,PS 14:0_22:2,8.105528459198346e-05,0.0015829110287096195,1.2311374824836432e-16,0.2,0.0,False,False
PE 18:1_20:3,PS 16:0_18:1,0.00017254839891692967,0.0033696601647464695,1.827042767522053e-15,0.9272727272727272,0.0,False,False
PE 18:1_20:3,PS 20:0_16:1,0.0001488328854970149,0.0029065250597022905,-7.239214023277545e-17,0.8727272727272727,0.0,False,False
PE 18:1_20:3,PS 16:1_20:1,0.0,0.0,-1.1720931338339174e-15,0.5818181818181818,0.0,False,False
PE 18:1_20:3,PS 18:0_18:1,0.000405766845408391,0.007924132496910355,-6.533822496323906e-15,0.9636363636363636,0.0,False,False
PE 18:1_20:3,PS 18:1_18:1,0.0009425820964420739,0.018407480813039515,-4.461381562002748e-15,1.0,0.0,False,True
PE 18:1_20:3,PE 16:0_22:4,0.0017081204746595552,0.03335751334800362,5.929560119717139e-15,0.9818181818181818,0.0,False,False
PE 18:1_20:3,PE 18:0_20:4,0.0,0.0,0.0020657108356794385,0.12727272727272726,0.0,False,False
PE 18:1_20:3,PE 18:0_22:6,0.00032901029777715474,0.006425170567620237,-2.6264056915861517e-14,0.6363636363636364,0.0,False,False
PE 18:1_20:3,PE 18:1_20:1,0.0,0.0,0.11080303898778882,0.09090909090909091,0.0,False,False
PE 18:1_20:3,PE 18:1_20:4,0.0034997552497870524,0.06834595931108745,1.4999777082504796e-14,1.0,0.0,False,True
PE 18:1_20:3,PE 18:1_20:5,0.0,0.0,0.08083843673593502,0.23636363636363636,0.0,False,False
PE 18:1_20:3,PE 18:1_22:6,0.0,0.0,-1.9416796866599172e-14,0.41818181818181815,0.0,False,False
PE 18:1_20:3,PE 18:2_22:6,0.0002558682202719216,0.004996794839516041,-1.8679370639846218e-14,0.7272727272727273,0.0,False,False
PE 18:1_20:3,PE 20:1_18:3,0.001028025161993247,0.020076079862053123,-1.5276154884695002e-15,1.0,0.0,False,True
PE 18:1_20:3,PE 20:1_20:5,0.0003261273364469422,0.006368869842653218,-3.8887613030899156e-15,0.8363636363636363,0.0,False,False
PE 18:1_20:3,PE 20:2_20:4,0.0,0.0,1.5144875428654655e-14,0.03636363636363636,0.0,False,False
PE 18:1_20:3,PE 20:3_20:4,0.02492499574163515,0.4867548223237831,0.0345549248994431,0.8727272727272727,0.7272727272727273,False,False
PE 18:1_20:3,PE O-16:0_22:3,0.0,0.0,-0.031882478687372255,0.07272727272727272,0.0,False,False
PE 18:1_20:3,PE O-16:0_22:4,0.0,0.0,0.010348812143847516,0.23636363636363636,0.0,False,False
PE 18:1_20:3,PE O-16:1_22:1,0.0,0.0,1.005010189782566e-17,0.01818181818181818,0.0,False,False
PE 18:1_20:3,PE O-16:1_22:2,0.0,0.0,4.472295344532418e-16,0.2909090909090909,0.0,False,False
PE 18:1_20:3,PE O-16:1_24:0,9.327484805682741e-06,0.00018215442266791897,2.531173124462146e-16,0.7454545454545455,0.0,False,False
PE 18:1_20:3,PE O-16:1_24:1,1.0474481231369107e-05,0.0002045538664703657,1.8660899651787907e-16,0.7454545454545455,0.0,False,False
PE 18:1_20:3,PE O-16:1_24:4,7.49551180520688e-06,0.00014637822027286507,-8.573993181582515e-17,0.9090909090909091,0.0,False,False
PE 18:1_20:3,PE O-16:1_24:5,2.896831997515638e-05,0.0005657160221284238,-5.841621728111164e-17,0.9636363636363636,0.0,False,False
PE 18:1_20:3,PE O-16:1_24:6,1.9899674896674442e-05,0.0003886164242127316,-5.235474957398554e-16,0.9272727272727272,0.0,False,False
PE 18:1_20:3,PE O-18:0_20:3,0.0012863373679292119,0.025120602766199325,0.38057831315701895,0.5636363636363636,0.2727272727272727,False,False
PE 18:1_20:3,PE O-18:0_20:5,0.0,0.0,0.09434673582348127,0.01818181818181818,0.0,False,False
PE 18:1_20:3,PE O-18:0_22:5,0.0018166196909123649,0.03547637095090331,1.5577657941629772e-16,0.5636363636363636,0.0,False,False
PE 18:1_20:3,PE O-18:1_20:1,0.001251857301143525,0.024447249039043252,-1.4974651827760232e-15,0.43636363636363634,0.0,False,False
PE 18:1_20:3,PE O-18:1_20:4,0.0,0.0,1.9054993198277448e-14,0.03636363636363636,0.0,False,False
PE 18:1_20:3,PE O-18:1_22:4,0.0,0.0,-0.008875506660601495,0.01818181818181818,0.0,False,False
PE 18:1_20:3,PE O-18:1_22:5,0.0,0.0,0.012693898532885035,0.05454545454545454,0.0,False,False
PE 18:1_20:3,PE O-18:1_22:6,0.0025422662611895644,0.04964736504239394,-1.8419324253239977e-14,0.8727272727272727,0.0,False,False
PE 18:1_20:3,PE O-18:2_22:5,0.0,0.0,-6.182382995584315e-16,0.32727272727272727,0.0,False,False
PE 18:1_20:3,PE O-18:2_22:6,0.0007209792259698575,0.01407984653934685,-1.9468303638825532e-14,0.7272727272727273,0.0,False,False
PE 18:1_20:3,PE O-18:3_22:0,1.0629935519739864e-05,0.00020758969946707835,-2.995401464078507e-16,0.8545454545454545,0.0,False,False
PE 18:1_20:3,PE O-18:3_22:6,0.0003769184340957918,0.007360758144980921,-2.0243417747695336e-14,0.6545454545454545,0.0,False,False
PE 18:1_20:3,PE O-20:1_20:4,0.0,0.0,1.672085703250744e-14,0.18181818181818182,0.0,False,False
PE 18:1_20:3,PG 14:0_20:0,0.0006089242511700015,0.011891549300920855,3.607986581319411e-15,1.0,0.0,False,True
PE 18:1_20:3,PG 16:1_20:3,0.0003668075706389981,0.007163305290967763,2.472325066865112e-15,1.0,0.0,False,True
PE 18:1_20:3,PG 14:0_22:3,0.0,0.0,-3.3605028220854545e-17,0.14545454545454545,0.0,False,False
PE 18:1_20:3,PG 16:0_20:3,0.0,0.0,0.08355392497245678,0.10909090909090909,0.0,False,False
PE 18:1_20:3,PG 16:1_20:2,0.0,0.0,0.013661325689744328,0.03636363636363636,0.0,False,False
PE 18:1_20:3,PG 14:0_22:2,0.0,0.0,0.0010431018545921337,0.05454545454545454,0.0,False,False
PE 18:1_20:3,PG 16:1_20:1,0.0,0.0,-1.096717369600225e-15,0.38181818181818183,0.0,False,False
PE 18:1_20:3,PG 14:0_22:1,0.0003836336670756564,0.00749189846973198,-5.558962612234817e-15,1.0,0.0,False,True
PE 18:1_20:3,PG 14:0_22:0,0.0005233042814965505,0.010219495529768063,3.077843706209108e-17,1.0,0.0,False,True
PE 18:1_20:3,PG 16:1_22:6,0.0,0.0,-1.7279893950573993e-14,0.2,0.0,False,False
PE 18:1_20:3,PG 16:0_22:6,0.0,0.0,-1.4811337671920563e-14,0.01818181818181818,0.0,False,False
PE 18:1_20:3,PG 18:1_20:4,0.0008557292379479817,0.01671135022417904,0.017257796981381742,0.6727272727272727,0.0,False,False
PE 18:1_20:3,PG 14:0_24:4,0.0,0.0,0.028371490177226576,0.09090909090909091,0.0,False,False
PE 18:1_20:3,PG 16:1_22:3,0.0017974936029642983,0.035102861738006676,1.399476689272223e-15,0.6545454545454545,0.0,False,False
PE 18:1_20:3,PG 18:1_20:3,0.0,0.0,0.2771763758209103,0.14545454545454545,0.0,False,False
PE 18:1_20:3,PG 17:0_18:1,0.0,0.0,0.08923749429628437,0.03636363636363636,0.0,False,False
PE 18:1_20:3,PG 17:0_20:1,0.00013802623476348998,0.0026954843272489087,-1.3743514345276588e-15,0.8909090909090909,0.0,False,False
PE 18:1_20:3,PG 17:0_20:3,0.0,0.0,0.15024392704556214,0.38181818181818183,0.0,False,False
PE 18:1_20:3,PG 17:1_20:1,0.0,0.0,0.0007920467738816,0.21818181818181817,0.0,False,False
PE 18:1_20:3,PC 14:0_18:0,8.677841275372619e-05,0.0016946767541838245,0.035332281560471954,1.0,0.0,False,True
PE 18:1_20:3,PC O-16:1_16:1,0.0,0.0,-0.006044469089843798,0.18181818181818182,0.0,False,False
PE 18:1_20:3,PC 14:1_17:1,0.0004185261678697257,0.00817330653096102,6.231063176651909e-16,0.8545454545454545,0.0,False,False
PE 18:1_20:3,PC 14:1_20:1,0.0,0.0,0.03210969940233418,0.14545454545454545,0.0,False,False
PE 18:1_20:3,PC 16:0_18:1,0.004093797688332741,0.07994688492906407,-3.0037094828836914e-15,1.0,0.0,False,True
PE 18:1_20:3,PC 17:0_17:0,0.0,0.0,0.03145697479644234,0.01818181818181818,0.0,False,False
PE 18:1_20:4,PS 14:0_22:0,0.00014690123730000913,0.0017607342770901125,3.8195892427023113e-16,0.859375,0.0,False,False
PE 18:1_20:4,PS 14:0_22:1,0.00012205103605920226,0.0014628838170023051,5.017891750216762e-16,0.78125,0.0,False,False
PE 18:1_20:4,PS 14:0_22:2,0.0003189581229360583,0.0038229800533463917,5.941583266425817e-16,0.328125,0.0,False,False
PE 18:1_20:4,PS 16:0_18:1,0.0003584240487216851,0.004296012204640895,8.804324836298394e-16,0.9375,0.0,False,False
PE 18:1_20:4,PS 16:0_20:1,0.0,0.0,-1.144004425142702e-15,0.078125,0.0,False,False
PE 18:1_20:4,PS 20:0_16:1,0.0,0.0,-1.7685884013901428e-15,0.21875,0.0,False,False
PE 18:1_20:4,PS 16:1_20:1,0.0,0.0,6.478322931249999e-16,0.5625,0.0,False,False
PE 18:1_20:4,PS 18:0_18:1,0.001296441651722692,0.015538938244431817,-7.59424214137283e-15,0.890625,0.0,False,False
PE 18:1_20:4,PS 18:0_18:2,0.0,0.0,-1.5590414915474466e-15,0.046875,0.0,False,False
PE 18:1_20:4,PS 18:1_18:1,0.001068660329642826,0.012808788459186284,-1.784191298623404e-16,1.0,0.0,False,True
PE 18:1_20:4,PE 16:0_22:4,0.0015255368728674945,0.018284836209630017,-5.19888535812259e-16,0.328125,0.0,False,False
PE 18:1_20:4,PE 18:0_20:4,0.0,0.0,0.06340073133196428,0.328125,0.0,False,False
PE 18:1_20:4,PE 18:0_22:6,0.0,0.0,-3.0366982711262035e-14,0.015625,0.0,False,False
PE 18:1_20:4,PE 18:1_20:1,0.0,0.0,0.054620040200162916,0.078125,0.0,False,False
PE 18:1_20:4,PE 18:1_20:3,0.0006454329999475029,0.0077360546953854584,4.543563674325626e-16,0.90625,0.0,False,False
PE 18:1_20:4,PE 18:1_20:5,0.0007444394607687882,0.008922729991151708,0.12246385974896729,0.578125,0.0,False,False
PE 18:1_20:4,PE 18:1_22:6,0.016970560121206024,0.20340636645423354,-2.3816262336849707e-14,1.0,0.90625,False,True
PE 18:1_20:4,PE 20:1_18:3,0.0003385460003687696,0.004057757158325973,-9.885995686994218e-16,0.6875,0.0,False,False
PE 18:1_20:4,PE 20:0_20:4,0.0032693342588521936,0.039185707340708004,6.066406444291905e-15,0.8125,0.0,False,False
PE 18:1_20:4,PE 20:1_20:4,0.005358303310255731,0.06422374977104495,5.921611557967242e-15,0.78125,0.0,False,False
PE 18:1_20:4,PE 20:1_20:5,0.0,0.0,-3.4675878811199415e-15,0.1875,0.0,False,False
PE 18:1_20:4,PE 20:2_20:4,0.0035674701812540843,0.04275911589364505,5.4241911941708804e-15,1.0,0.0,False,True
PE 18:1_20:4,PE 20:3_20:4,0.0,0.0,-0.025514378697630534,0.046875,0.0,False,False
PE 18:1_20:4,PE 20:4_20:4,0.0,0.0,0.031955727609337785,0.03125,0.03125,False,False
PE 18:1_20:4,PE O-16:0_22:3,0.0,0.0,-0.01598492737404745,0.15625,0.0,False,False
PE 18:1_20:4,PE O-16:1_22:1,0.0,0.0,-3.2454026245183035e-17,0.296875,0.0,False,False
PE 18:1_20:4,PE O-16:1_22:2,0.0,0.0,-1.4744737885431717e-17,0.296875,0.0,False,False
PE 18:1_20:4,PE O-16:1_24:0,5.204681472114822e-06,6.238246346811283e-05,3.97386288909618e-17,0.546875,0.0,False,False
PE 18:1_20:4,PE O-16:1_24:1,5.913846406174934e-06,7.08823987338719e-05,1.0644832842123099e-16,0.5625,0.0,False,False
PE 18:1_20:4,PE O-16:1_24:4,0.0,0.0,2.5354708004049246e-17,0.203125,0.0,False,False
PE 18:1_20:4,PE O-16:1_24:6,5.034742551667188e-05,0.000603456032772571,-6.041441808718688e-16,1.0,0.0,False,True
PE 18:1_20:4,PE O-18:0_20:4,0.0012094896867248257,0.014496746170042301,6.066406444291906e-15,1.0,0.0,False,True
PE 18:1_20:4,PE O-18:0_22:5,0.0,0.0,-0.009267149250070031,0.015625,0.0,False,False
PE 18:1_20:4,PE O-18:1_20:1,0.0007773349233376499,0.009317009641686183,-4.693351487764931e-16,0.5,0.0,False,False
PE 18:1_20:4,PE O-18:1_20:4,0.006363604982711948,0.07627313169622747,6.740451604768785e-15,1.0,0.015625,False,True
PE 18:1_20:4,PE O-18:1_22:4,0.0,0.0,0.001801135172255054,0.09375,0.0,False,False
PE 18:1_20:4,PE O-18:1_22:5,0.0,0.0,-0.013022614126496917,0.015625,0.0,False,False
PE 18:1_20:4,PE O-20:1_18:2,0.0,0.0,0.022966151202577428,0.015625,0.0,False,False
PE 18:1_20:4,PE O-18:2_20:4,0.0027395030183678475,0.03283523648464051,0.02904664252413359,0.28125,0.0,False,False
PE 18:1_20:4,PE O-18:2_22:4,0.0,0.0,0.000175606642195789,0.203125,0.0,False,False
PE 18:1_20:4,PE O-18:2_22:5,0.002465539867389883,0.029551558828465416,-6.724848707535523e-16,0.984375,0.0,False,False
PE 18:1_20:4,PE O-18:2_22:6,0.0,0.0,-2.463510238365125e-14,0.015625,0.0,False,False
PE 18:1_20:4,PE O-18:3_22:0,0.0,0.0,1.3162994178409874e-16,0.046875,0.0,False,False
PE 18:1_20:4,PE O-18:3_22:6,0.0,0.0,-2.5773957852706975e-14,0.03125,0.0,False,False
PE 18:1_20:4,PE O-20:0_20:4,0.0008274393888837344,0.009917553595867473,5.523513386871358e-15,1.0,0.0,False,True
PE 18:1_20:4,PE O-20:1_20:4,0.004836301952909527,0.05796712661755862,5.95905851132707e-15,1.0,0.0,False,True
PE 18:1_20:4,PE O-20:2_20:4,0.004137685704746614,0.049593626180932576,6.076392298521193e-15,1.0,0.0,False,True
PE 18:1_20:4,PE O-20:3_20:4,0.010937599181272736,0.1310962803411218,6.673047088721097e-15,1.0,0.015625,False,True
PE 18:1_20:4,PG 14:0_22:4,0.0,0.0,0.016085419080872028,0.375,0.03125,False,False
PE 18:1_20:4,PG 16:0_20:4,0.0,0.0,0.018144335657314593,0.078125,0.0,False,False
PE 18:1_20:4,PG 16:1_20:3,0.0,0.0,5.354914330455201e-16,0.046875,0.0,False,False
PE 18:1_20:4,PG 14:0_22:3,0.00047033679379869324,0.005637380119043912,6.724848707535523e-16,0.984375,0.0,False,False
PE 18:1_20:4,PG 16:1_20:2,0.0,0.0,-0.009214720649069055,0.015625,0.0,False,False
PE 18:1_20:4,PG 14:0_22:2,0.0,0.0,0.002320674625401114,0.046875,0.0,False,False
PE 18:1_20:4,PG 16:1_20:1,0.0005961829347319973,0.00714575144425104,2.593201520167991e-16,0.953125,0.0,False,False
PE 18:1_20:4,PG 14:0_22:1,0.0,0.0,-3.9375471457857646e-15,0.015625,0.0,False,False
PE 18:1_20:4,PG 16:1_22:6,0.0,0.0,-2.197761692688222e-14,0.28125,0.0,False,False
PE 18:1_20:4,PG 16:1_22:4,0.0,0.0,-0.05516245065013923,0.015625,0.0,False,False
PE 18:1_20:4,PG 18:1_20:4,0.0023575765417761037,0.028257528011770512,0.008573736203211777,0.703125,0.0,False,False
PE 18:1_20:4,PG 14:0_24:4,0.0,0.0,0.02070586945013967,0.015625,0.0,False,False
PE 18:1_20:4,PG 16:0_22:4,0.0,0.0,8.519181889360547e-16,0.21875,0.0,False,False
PE 18:1_20:4,PG 16:1_22:3,0.0016110738376394786,0.01931006832203696,5.111509133616328e-16,0.390625,0.0,False,False
PE 18:1_20:4,PG 17:0_18:1,0.0,0.0,0.06447919281835585,0.078125,0.0,False,False
PE 18:1_20:4,PG 17:0_20:1,6.671445113490683e-05,0.0007996285330843603,-6.490805249036607e-17,0.859375,0.0,False,False
PE 18:1_20:4,PG 17:0_20:3,0.0,0.0,-0.017707101532661057,0.015625,0.0,False,False
PE 18:1_20:4,PG 17:1_20:1,0.0,0.0,-0.0038748786956348145,0.078125,0.0,False,False
PE 18:1_20:4,PC 14:0_18:0,0.00029241765248515933,0.003504870302115643,0.0574199810671342,0.984375,0.0,False,False
PE 18:1_20:4,PC O-16:1_16:1,0.00012570855048505466,0.0015067221885294146,0.005392611440295374,1.0,0.0,False,True
PE 18:1_20:4,PC 14:1_17:1,0.0007462862179904394,0.008944864922084824,-3.2454026245183037e-16,0.828125,0.0,False,False
PE 18:1_20:4,PC 14:1_20:1,0.0,0.0,0.02448863018009269,0.21875,0.0,False,False
PE 18:1_20:4,PC 16:0_18:1,0.007078482839623722,0.08484154112375789,4.885413400895604e-16,1.0,0.0,False,True
PE 18:1_20:4,PC 17:0_17:0,0.0,0.0,0.02509799365456888,0.0625,0.0,False,False
PE 18:1_20:5,PS 14:0_22:0,0.0,0.0,1.3941497911781965e-07,1.0,0.0,False,True
PE 18:1_20:5,PS 14:0_22:1,0.0,0.0,-5.841419621313751e-06,1.0,0.0,False,True
PE 18:1_20:5,PS 14:0_22:2,0.0,0.0,-1.3578438300231497e-06,0.16666666666666666,0.0,False,False
PE 18:1_20:5,PS 16:0_18:1,0.0,0.0,-1.305471606476791e-07,0.6666666666666666,0.0,False,False
PE 18:1_20:5,PS 20:0_16:1,0.0,0.0,-9.179031714804465e-06,0.16666666666666666,0.0,False,False
PE 18:1_20:5,PS 18:0_18:1,0.0,0.0,-7.327065814489971e-06,1.0,0.0,False,True
PE 18:1_20:5,PS 18:1_18:1,0.0,0.0,-3.7143801407453766e-06,1.0,0.0,False,True
PE 18:1_20:5,PE 16:0_22:6,0.0,0.0,9.441815173575505e-06,0.8333333333333334,0.0,False,False
PE 18:1_20:5,PE 18:0_20:4,0.0,0.0,-1.3975934516530537e-07,0.3333333333333333,0.0,False,False
PE 18:1_20:5,PE 18:1_20:3,0.0,0.0,-2.9824307516521894e-06,1.0,0.0,False,True
PE 18:1_20:5,PE 18:1_20:4,0.0,0.0,1.0141797670868855e-07,1.0,0.0,False,True
PE 18:1_20:5,PE 18:1_22:6,0.0,0.0,9.801738433562424e-06,1.0,0.0,False,True
PE 18:1_20:5,PE 18:2_22:6,0.0,0.0,7.741439450748265e-06,0.5,0.0,False,False
PE 18:1_20:5,PE 20:0_20:4,0.0,0.0,6.232348373412153e-07,0.8333333333333334,0.0,False,False
PE 18:1_20:5,PE 20:1_20:5,0.0,0.0,4.384918036809946e-08,1.0,1.0,True,True
PE 18:1_20:5,PE O-16:0_22:3,0.0,0.0,4.1079906095678875e-07,0.3333333333333333,0.0,False,False
PE 18:1_20:5,PE O-16:1_22:1,0.0,0.0,4.918050525066521e-09,0.6666666666666666,0.0,False,False
PE 18:1_20:5,PE O-16:1_22:2,0.0,0.0,3.8561602888448356e-09,0.6666666666666666,0.0,False,False
PE 18:1_20:5,PE O-16:1_24:0,0.0,0.0,1.042637517394599e-08,0.16666666666666666,0.0,False,False
PE 18:1_20:5,PE O-16:1_24:1,0.0,0.0,8.911001141271715e-09,0.16666666666666666,0.0,False,False
PE 18:1_20:5,PE O-16:1_24:4,0.0,0.0,-1.5846614213403845e-08,0.5,0.0,False,False
PE 18:1_20:5,PE O-16:1_24:5,0.0,0.0,-1.695989298785871e-07,0.3333333333333333,0.0,False,False
PE 18:1_20:5,PE O-16:1_24:6,0.0,0.0,-8.097980774187855e-08,0.6666666666666666,0.0,False,False
PE 18:1_20:5,PE O-18:0_20:4,0.0,0.0,2.3005374997648287e-07,0.6666666666666666,0.0,False,False
PE 18:1_20:5,PE O-18:0_20:5,0.0,0.0,-3.957801087477535e-09,0.3333333333333333,0.0,False,False
PE 18:1_20:5,PE O-18:1_20:4,0.0,0.0,-1.4446942759781947e-06,0.3333333333333333,0.0,False,False
PE 18:1_20:5,PE O-18:1_22:5,0.0,0.0,-6.120849326571443e-06,0.3333333333333333,0.0,False,False
PE 18:1_20:5,PE O-18:1_22:6,0.0,0.0,8.80546067549811e-06,0.5,0.0,False,False
PE 18:1_20:5,PE O-18:2_22:4,0.0,0.0,-1.3462846540721761e-05,0.3333333333333333,0.0,False,False
PE 18:1_20:5,PE O-18:2_22:5,0.0,0.0,-3.807573311874768e-06,0.6666666666666666,0.0,False,False
PE 18:1_20:5,PE O-20:0_20:4,0.0,0.0,-2.548906458062797e-08,0.6666666666666666,0.0,False,False
PE 18:1_20:5,PE O-20:1_20:4,0.0,0.0,-7.684895041419018e-07,0.8333333333333334,0.0,False,False
PE 18:1_20:5,PE O-20:3_20:4,0.0,0.0,-2.1881161405786937e-08,0.16666666666666666,0.0,False,False
PE 18:1_20:5,PG 14:0_20:0,0.0,0.0,3.922878969859904e-08,0.6666666666666666,0.0,False,False
PE 18:1_20:5,PG 14:0_22:3,0.0,0.0,-4.0903145013498547e-07,0.6666666666666666,0.0,False,False
PE 18:1_20:5,PG 16:1_20:2,0.0,0.0,-3.93323142989054e-07,0.3333333333333333,0.0,False,False
PE 18:1_20:5,PG 16:1_20:1,0.0,0.0,-3.105127011588524e-06,0.8333333333333334,0.0,False,False
PE 18:1_20:5,PG 14:0_22:1,0.0,0.0,-1.613976983771397e-06,0.6666666666666666,0.0,False,False
PE 18:1_20:5,PG 14:0_22:0,0.0,0.0,-8.26854222964092e-07,0.6666666666666666,0.0,False,False
PE 18:1_20:5,PG 16:1_22:6,0.0,0.0,5.989692074779523e-06,0.8333333333333334,0.0,False,False
PE 18:1_20:5,PG 16:1_22:4,0.0,0.0,-9.116713120013934e-06,0.3333333333333333,0.0,False,False
PE 18:1_20:5,PG 18:1_20:4,0.0,0.0,4.5339246764564475e-08,0.6666666666666666,0.0,False,False
PE 18:1_20:5,PG 16:0_22:4,0.0,0.0,-6.140026505344242e-06,0.6666666666666666,0.0,False,False
PE 18:1_20:5,PG 17:1_20:1,0.0,0.0,7.732726023880922e-07,0.6666666666666666,0.0,False,False
PE 18:1_20:5,PC 14:0_18:0,0.0,0.0,-2.1523414754178565e-06,1.0,0.0,False,True
PE 18:1_20:5,PC O-16:1_16:1,0.0,0.0,-2.9534820397812845e-07,0.5,0.0,False,False
PE 18:1_20:5,PC 14:1_17:1,0.0,0.0,-2.1658257171220664e-06,0.3333333333333333,0.0,False,False
PE 18:1_20:5,PC 20:0_14:1,0.0,0.0,9.906528971150015e-07,0.3333333333333333,0.0,False,False
PE 18:1_20:5,PC 16:0_18:1,0.0,0.0,4.555780997318336e-07,1.0,0.0,False,True
PE 18:1_20:5,PC 17:0_17:1,0.0,0.0,1.8925174143953322e-07,0.5,0.0,False,False
PE 18:1_22:6,PA 20:1_20:1,0.0,0.0,0.020065539736085592,0.04838709677419355,0.0,False,False
PE 18:1_22:6,PA 22:6_22:6,0.0,0.0,0.052484384412084764,0.016129032258064516,0.0,False,False
PE 18:1_22:6,PS 14:0_22:0,4.791295394453252e-05,0.0012703383650804953,3.174460501492763e-16,0.6774193548387096,0.0,False,False
PE 18:1_22:6,PS 14:0_22:1,0.00018286972886700711,0.0048485099178097405,4.505776095070344e-15,0.8225806451612904,0.0,False,False
PE 18:1_22:6,PS 14:0_22:2,0.0,0.0,-1.3900501050589454e-15,0.22580645161290322,0.0,False,False
PE 18:1_22:6,PS 16:0_18:1,0.0,0.0,2.01756761546726e-15,0.6129032258064516,0.0,False,False
PE 18:1_22:6,PS 16:0_20:1,0.0,0.0,6.946404813233447e-15,0.016129032258064516,0.0,False,False
PE 18:1_22:6,PS 20:0_16:1,0.0,0.0,4.263496235209718e-15,0.20967741935483872,0.0,False,False
PE 18:1_22:6,PS 16:1_20:1,0.00020247143507855746,0.005368219043871891,1.0907837846539008e-16,0.8225806451612904,0.0,False,False
PE 18:1_22:6,PS 18:0_18:1,0.000536410512795911,0.0142221006583316,-5.179824536356473e-15,0.7903225806451613,0.0,False,False
PE 18:1_22:6,PS 18:1_18:1,0.0014320606845342199,0.03796888897297575,-7.348631333824573e-15,1.0,0.0,False,True
PE 18:1_22:6,PE 16:0_22:4,0.0,0.0,7.32922796842448e-15,0.0967741935483871,0.0,False,False
PE 18:1_22:6,PE 16:0_22:6,0.0001585146255785458,0.00420277177090592,-1.948167808206858e-14,0.7419354838709677,0.0,False,False
PE 18:1_22:6,PE 18:0_22:6,0.002137277018847472,0.05666661665214729,-3.075660662536611e-14,1.0,0.0,False,True
PE 18:1_22:6,PE 18:1_20:1,0.0,0.0,0.11505686343547221,0.0967741935483871,0.0,False,False
PE 18:1_22:6,PE 18:1_20:3,0.000444860267586375,0.011794786555409928,-2.5102011454535285e-16,0.8064516129032258,0.0,False,False
PE 18:1_22:6,PE 18:1_20:4,0.009901093876284135,0.26251229306104124,1.1209901048443165e-14,1.0,0.8709677419354839,False,True
PE 18:1_22:6,PE 18:1_20:5,0.0,0.0,0.09979992792981514,0.1774193548387097,0.0,False,False
PE 18:1_22:6,PE 18:2_22:6,0.0019213164411076636,0.05094075371400687,-2.2256184529188248e-14,1.0,0.0,False,True
PE 18:1_22:6,PE 20:1_18:3,0.0,0.0,3.47652370339692e-15,0.9354838709677419,0.0,False,False
PE 18:1_22:6,PE 20:0_20:4,0.0,0.0,1.2539730798724342e-14,0.41935483870967744,0.0,False,False
PE 18:1_22:6,PE 20:1_20:4,0.00011337860962273762,0.003006059650381539,1.33743377185689e-14,0.5161290322580645,0.0,False,False
PE 18:1_22:6,PE 20:1_20:5,9.5902249977119e-05,0.002542700823341252,-2.5171933492013094e-16,0.6129032258064516,0.0,False,False
PE 18:1_22:6,PE 20:2_20:4,0.0,0.0,1.0242879270124995e-14,0.06451612903225806,0.0,False,False
PE 18:1_22:6,PE 20:3_20:4,0.0,0.0,0.03467896709075031,0.3709677419354839,0.0,False,False
PE 18:1_22:6,PE 17:0_22:6,0.0,0.0,0.08970434724156941,0.3548387096774194,0.0,False,False
PE 18:1_22:6,PE O-16:0_22:3,0.0006167357904561894,0.016351801991622887,1.0360697903275113e-15,0.3709677419354839,0.0,False,False
PE 18:1_22:6,PE O-16:0_22:4,0.0,0.0,0.05480978305276177,0.4032258064516129,0.0,False,False
PE 18:1_22:6,PE O-16:1_22:1,0.0,0.0,-2.2375051992900528e-17,0.41935483870967744,0.0,False,False
PE 18:1_22:6,PE O-16:1_22:2,0.0,0.0,3.9505951174964995e-17,0.7903225806451613,0.0,False,False
PE 18:1_22:6,PE O-16:1_22:4,0.0,0.0,0.05226289872918032,0.016129032258064516,0.0,False,False
PE 18:1_22:6,PE O-16:1_24:0,6.366022679957792e-06,0.0001687853112267933,1.4931632597020095e-16,0.8225806451612904,0.0,False,False
PE 18:1_22:6,PE O-16:1_24:1,7.748222305938978e-06,0.0002054322108338708,1.4157027525586186e-16,0.8225806451612904,0.0,False,False
PE 18:1_22:6,PE O-16:1_24:4,1.1581362380037527e-06,3.070620310384867e-05,-3.5450473001251777e-16,0.6451612903225806,0.0,False,False
PE 18:1_22:6,PE O-16:1_24:5,1.0933146643067777e-05,0.0002898755866277561,-1.8144768725492773e-16,0.9516129032258065,0.0,False,False
PE 18:1_22:6,PE O-18:0_20:4,0.0,0.0,1.109522890697955e-14,0.03225806451612903,0.0,False,False
PE 18:1_22:6,PE O-18:0_20:5,0.0,0.0,0.0603469228534736,0.06451612903225806,0.0,False,False
PE 18:1_22:6,PE O-18:0_22:4,0.0,0.0,0.03844254831411147,0.14516129032258066,0.0,False,False
PE 18:1_22:6,PE O-18:0_22:5,0.0023200702118774865,0.06151309733982131,-6.880328487816912e-16,0.9032258064516129,0.0,False,False
PE 18:1_22:6,PE O-18:0_22:6,0.0,0.0,0.052467859444562774,0.016129032258064516,0.0,False,False
PE 18:1_22:6,PE O-18:1_20:1,0.0005280907061013406,0.014001513765559312,3.627555304348998e-15,0.43548387096774194,0.0,False,False
PE 18:1_22:6,PE O-18:1_22:4,0.0,0.0,0.03195168573742331,0.3064516129032258,0.0,False,False
PE 18:1_22:6,PE O-18:1_22:6,0.0030390913177093665,0.08057683732751353,-2.4461525591238504e-14,1.0,0.0,False,True
PE 18:1_22:6,PE O-18:2_22:4,0.0,0.0,0.03316399446742594,0.06451612903225806,0.0,False,False
PE 18:1_22:6,PE O-18:2_22:6,0.002960756774292927,0.07849991725432896,-2.3454648251557986e-14,1.0,0.0,False,True
PE 18:1_22:6,PE O-18:3_22:6,0.003316181063879811,0.08792344625373899,-2.417484523757947e-14,1.0,0.0,False,True
PE 18:1_22:6,PE O-20:2_20:4,0.0,0.0,1.1746203075898e-14,0.1774193548387097,0.0,False,False
PE 18:1_22:6,PG 14:0_20:0,0.00034048825779548863,0.00902752306271413,8.64236383225783e-16,0.9838709677419355,0.0,False,False
PE 18:1_22:6,PG 14:0_22:4,0.0,0.0,0.03114711608262877,0.3548387096774194,0.12903225806451613,False,False
PE 18:1_22:6,PG 16:1_20:1,0.0,0.0,-1.6068084212401693e-15,0.12903225806451613,0.0,False,False
PE 18:1_22:6,PG 14:0_22:0,0.0,0.0,-5.649700628207384e-16,0.6290322580645161,0.0,False,False
PE 18:1_22:6,PG 16:1_22:6,0.0013917357692311075,0.03689973579495487,-1.960613930877909e-14,1.0,0.0,False,True
PE 18:1_22:6,PG 16:0_22:6,0.0,0.0,-1.7516868828942003e-14,0.7903225806451613,0.0,False,False
PE 18:1_22:6,PG 16:1_22:4,0.0,0.0,-0.030108121136719103,0.12903225806451613,0.0,False,False
PE 18:1_22:6,PG 18:1_20:4,0.0012282842107216299,0.03256606883200438,0.019210954708071652,0.5967741935483871,0.0,False,False
PE 18:1_22:6,PG 16:0_22:4,0.0015871624971592058,0.04208117525152881,3.0891556157698295e-15,0.6451612903225806,0.0,False,False
PE 18:1_22:6,PG 16:1_22:3,0.0,0.0,-0.014167345374634297,0.11290322580645161,0.0,False,False
PE 18:1_22:6,PG 17:0_18:1,0.0,0.0,0.10249772159423337,0.08064516129032258,0.0,False,False
PE 18:1_22:6,PG 17:0_20:1,4.5434730167177384e-05,0.001204632068923646,2.7493345136276526e-15,0.8064516129032258,0.0,False,False
PE 18:1_22:6,PG 17:1_20:1,0.0,0.0,-0.0069412321318910765,0.14516129032258066,0.0,False,False
PE 18:1_22:6,PC 14:0_18:0,0.0,0.0,-0.006236540542913273,0.46774193548387094,0.0,False,False
PE 18:1_22:6,PC 14:0_20:1,0.0,0.0,6.3830079962559596e-15,0.04838709677419355,0.0,False,False
PE 18:1_22:6,PC 14:1_17:1,0.000453523692862166,0.01202448396696143,-3.3562577989350793e-16,0.8064516129032258,0.0,False,False
PE 18:1_22:6,PC 14:1_20:1,0.0,0.0,0.025965341860901252,0.22580645161290322,0.0,False,False
PE 18:1_22:6,PC 16:0_18:1,0.0026888576075270315,0.0712909285667185,1.5046566946124248e-15,1.0,0.0,False,True
PE 18:2_22:6,PA 22:6_22:6,0.0,0.0,0.040716943761866436,0.015625,0.0,False,False
PE 18:2_22:6,PS 14:0_22:0,0.0,0.0,6.927179871347777e-16,0.0625,0.0,False,False
PE 18:2_22:6,PS 14:0_22:1,0.0001163670470635779,0.0023428662375498195,1.5349907472927222e-15,0.828125,0.0,False,False
PE 18:2_22:6,PS 14:0_22:2,0.0004673640640326189,0.00940963540707405,8.545987029895241e-17,0.6875,0.0,False,False
PE 18:2_22:6,PS 16:0_18:1,0.0,0.0,-1.597801697638647e-15,0.046875,0.0,False,False
PE 18:2_22:6,PS 16:0_20:1,0.0008848538331717969,0.017815130857209902,-1.1668559213895425e-16,1.0,0.0,False,True
PE 18:2_22:6,PS 20:0_16:1,0.0005056017685625041,0.010179491042368533,-6.3273173202109e-16,0.828125,0.0,False,False
PE 18:2_22:6,PS 16:1_20:1,0.0,0.0,-7.362696518063592e-16,0.109375,0.0,False,False
PE 18:2_22:6,PS 18:0_18:2,0.002886132004392944,0.05810769801961075,-1.5530687967790391e-15,0.90625,0.0,False,False
PE 18:2_22:6,PS 18:1_18:1,0.0,0.0,-6.140373853931942e-15,0.03125,0.0,False,False
PE 18:2_22:6,PE 16:0_22:4,0.0,0.0,-7.616405508013607e-15,0.25,0.0,False,False
PE 18:2_22:6,PE 16:0_22:6,0.001195877995832817,0.024077109898085484,-1.006783010483428e-14,0.78125,0.03125,False,False
PE 18:2_22:6,PE 18:0_22:6,0.002611333964923357,0.05257507460890905,-1.4745114544657712e-14,0.984375,0.0,False,False
PE 18:2_22:6,PE 18:1_20:3,0.0,0.0,-1.0255184435874292e-15,0.5625,0.015625,False,False
PE 18:2_22:6,PE 18:1_20:5,0.0,0.0,-0.041629619668765154,0.015625,0.0,False,False
PE 18:2_22:6,PE 18:1_22:6,0.00842115781127729,0.16954667850548,-1.1780314428901748e-14,1.0,0.3125,False,True
PE 18:2_22:6,PE 18:2_20:4,0.010674098287966899,0.2149060677074903,0.2712460172916434,0.71875,0.515625,False,False
PE 18:2_22:6,PE 20:1_18:3,0.0001350465700062642,0.0027189488549255653,-7.48595594637939e-16,0.90625,0.0,False,False
PE 18:2_22:6,PE 20:0_20:4,0.0,0.0,1.2734342404066012e-14,0.140625,0.0,False,False
PE 18:2_22:6,PE 20:1_20:4,0.00023768638616853072,0.0047854390339150815,1.268750382130601e-14,0.390625,0.0,False,False
PE 18:2_22:6,PE 20:1_20:5,0.0,0.0,-3.372377958720199e-15,0.03125,0.0,False,False
PE 18:2_22:6,PE 20:2_20:4,0.0,0.0,1.1975886055162813e-14,0.046875,0.0,False,False
PE 18:2_22:6,PE 20:3_20:4,0.0,0.0,-0.015009557325286658,0.0625,0.0,False,False
PE 18:2_22:6,PE 20:4_20:4,0.0,0.0,0.020280177888556777,0.03125,0.015625,False,False
PE 18:2_22:6,PE 17:0_22:6,0.0,0.0,0.04717268371751956,0.203125,0.0,False,False
PE 18:2_22:6,PE O-16:0_22:3,0.000566478529224773,0.011405148226305718,-1.9803681482738014e-15,0.25,0.0,False,False
PE 18:2_22:6,PE O-16:0_22:4,0.0,0.0,0.018213175227695864,0.28125,0.0,False,False
PE 18:2_22:6,PE O-16:1_22:1,2.3903461008769602e-05,0.00048125833877555956,-6.224601129947736e-17,0.75,0.0,False,False
PE 18:2_22:6,PE O-16:1_22:2,0.0,0.0,-9.30197819023213e-16,0.09375,0.0,False,False
PE 18:2_22:6,PE O-16:1_24:0,6.0963489024418e-06,0.00012274033221837467,1.1105546096015458e-16,0.984375,0.0,False,False
PE 18:2_22:6,PE O-16:1_24:1,7.550349143639395e-06,0.00015201432481724129,1.314125259179354e-16,0.984375,0.0,False,False
PE 18:2_22:6,PE O-16:1_24:4,9.745760365291803e-07,1.962154535606493e-05,-1.9346594436066931e-16,0.75,0.0,False,False
PE 18:2_22:6,PE O-16:1_24:5,5.401267488670683e-06,0.00010874596854097541,-1.3028906758693204e-16,0.734375,0.0,False,False
PE 18:2_22:6,PE O-18:0_20:4,0.0,0.0,1.2251987174590197e-14,0.125,0.0,False,False
PE 18:2_22:6,PE O-18:0_20:5,0.0,0.0,0.03482976957624929,0.03125,0.0,False,False
PE 18:2_22:6,PE O-18:0_22:4,0.0,0.0,0.00749278351885068,0.078125,0.0,False,False
PE 18:2_22:6,PE O-18:0_22:5,0.0025591026474998946,0.05152347973542807,-1.0682483787369052e-16,0.875,0.0,False,False
PE 18:2_22:6,PE O-18:1_20:4,0.0,0.0,1.331366171715026e-14,0.140625,0.0,False,False
PE 18:2_22:6,PE O-18:1_22:4,0.0,0.0,0.007186291964984051,0.3125,0.015625,False,False
PE 18:2_22:6,PE O-18:1_22:6,0.0023095495121598503,0.0464991224967035,-8.969999463301582e-15,1.0,0.0,False,True
PE 18:2_22:6,PE O-20:0_18:2,0.0003051040298174715,0.006142786539983283,0.5974549203791317,0.09375,0.0,False,False
PE 18:2_22:6,PE O-20:1_18:2,0.001905766540004562,0.03836959170055564,0.5717531150247291,0.59375,0.09375,False,False
PE 18:2_22:6,PE O-18:2_22:4,0.0,0.0,0.004094666840660719,0.03125,0.0,False,False
PE 18:2_22:6,PE O-18:2_22:6,0.0035765636076532763,0.07200844512486508,-9.371003470088977e-15,1.0,0.0,False,True
PE 18:2_22:6,PE O-18:3_22:6,0.0032054537404822784,0.06453673556312382,-1.0610171589423787e-14,1.0,0.0,False,True
PE 18:2_22:6,PE O-20:0_20:4,0.0,0.0,1.153556421667125e-14,0.5,0.0,False,False
PE 18:2_22:6,PE O-20:1_20:4,0.0,0.0,1.308029053287235e-14,0.046875,0.0,False,False
PE 18:2_22:6,PE O-20:2_20:4,0.0003422836906007247,0.006891340139741189,1.3092077215705049e-14,0.828125,0.0,False,False
PE 18:2_22:6,PE O-20:3_20:4,0.0,0.0,1.3600445320365014e-14,0.34375,0.0,False,False
PE 18:2_22:6,PG 14:0_20:0,1.1654638097925241e-05,0.00023464768419853853,1.8078049486316858e-17,0.4375,0.0,False,False
PE 18:2_22:6,PG 14:0_22:4,0.0,0.0,0.0019187635444127497,0.078125,0.0,False,False
PE 18:2_22:6,PG 16:1_20:3,0.0,0.0,4.572924790516059e-16,0.015625,0.0,False,False
PE 18:2_22:6,PG 14:0_22:2,0.0,0.0,0.00042045887545430277,0.015625,0.0,False,False
PE 18:2_22:6,PG 16:1_20:1,0.0,0.0,-9.749820779779522e-16,0.03125,0.0,False,False
PE 18:2_22:6,PG 14:0_22:0,0.0,0.0,3.4389380500107296e-16,0.09375,0.0,False,False
PE 18:2_22:6,PG 16:1_22:6,0.0020169456917520263,0.040608007880406354,-9.403872650973188e-15,1.0,0.0,False,True
PE 18:2_22:6,PG 16:0_22:6,0.0010596404537167523,0.021334182705509137,-9.41373340523845e-15,1.0,0.0,False,True
PE 18:2_22:6,PG 16:0_22:5,0.0,0.0,0.009742859730786963,0.0625,0.0,False,False
PE 18:2_22:6,PG 18:1_20:4,0.0,0.0,0.008915279068048763,0.125,0.0,False,False
PE 18:2_22:6,PG 16:0_22:4,0.0015914531562556643,0.03204138940121398,-3.32679764929092e-15,0.734375,0.0,False,False
PE 18:2_22:6,PG 16:1_22:3,0.0,0.0,-0.009547238927445564,0.03125,0.0,False,False
PE 18:2_22:6,PG 18:2_20:2,0.0,0.0,0.0952210887349037,0.015625,0.0,False,False
PE 18:2_22:6,PG 17:0_20:1,0.0,0.0,1.4717175740906132e-15,0.109375,0.0,False,False
PE 18:2_22:6,PG 17:0_20:3,0.0,0.0,0.023222757419320613,0.15625,0.0,False,False
PE 18:2_22:6,PG 17:1_20:1,0.0,0.0,0.00977583918201174,0.09375,0.0,False,False
PE 18:2_22:6,PC 14:0_20:1,0.0011280775193235199,0.022712054658549894,-2.521682470960675e-16,0.984375,0.0,False,False
PE 18:2_22:6,PC 20:0_14:1,0.00043489395104947745,0.008755901095193926,-5.293992446163472e-16,1.0,0.0,False,True
PE 18:2_22:6,PC 17:0_17:1,0.0004762552990477901,0.009588646345761736,-7.091702319220854e-16,1.0,0.0,False,True
PE 20:1_18:3,PA 20:1_20:1,0.0,0.0,0.01965423394021231,0.078125,0.0,False,False
PE 20:1_18:3,PS 14:0_22:1,0.0,0.0,-1.8712942784680482e-16,0.015625,0.0,False,False
PE 20:1_18:3,PS 16:0_18:1,2.68670189746429e-05,0.0009084559108895205,-5.463645681867606e-16,0.203125,0.0,False,False
PE 20:1_18:3,PS 16:0_20:1,0.00029279740134268567,0.009900373770305473,-1.1893946433942915e-15,0.765625,0.0,False,False
PE 20:1_18:3,PS 20:0_16:1,0.0,0.0,-3.0876355594722795e-16,0.59375,0.0,False,False
PE 20:1_18:3,PS 16:1_20:1,0.0009770238983935996,0.03303615992580677,3.8099551509609464e-16,0.9375,0.0,False,False
PE 20:1_18:3,PS 18:0_18:1,9.45179816670555e-05,0.003195941433317321,-2.6935877667838706e-15,0.453125,0.0,False,False
PE 20:1_18:3,PS 18:0_18:2,0.0,0.0,3.7781431482269896e-16,0.0625,0.0,False,False
PE 20:1_18:3,PS 18:1_18:1,0.00012635990136626585,0.004272613921326445,-3.997084578807751e-16,0.90625,0.0,False,False
PE 20:1_18:3,PE 16:0_22:4,0.004183853607099261,0.14146885976642978,-2.724604469449478e-15,1.0,0.296875,False,True
PE 20:1_18:3,PE 16:0_22:6,0.0,0.0,-8.667723989766215e-15,0.59375,0.0,False,False
PE 20:1_18:3,PE 18:0_20:4,0.0,0.0,0.0784507220802235,0.46875,0.359375,False,False
PE 20:1_18:3,PE 18:0_22:6,2.645701624948149e-05,0.0008945924674049556,-1.1782978683229759e-14,0.265625,0.0,False,False
PE 20:1_18:3,PE 18:1_20:1,0.0,0.0,0.03578402520650602,0.078125,0.0,False,False
PE 20:1_18:3,PE 18:1_20:3,0.0012688117825663363,0.04290239883950421,-2.275493842617147e-16,0.90625,0.0625,False,False
PE 20:1_18:3,PE 18:1_20:4,0.002194389553164748,0.07419900816864725,2.8653257991902756e-15,0.625,0.0,False,False
PE 20:1_18:3,PE 18:1_20:5,0.0,0.0,-0.020229955585128336,0.015625,0.0,False,False
PE 20:1_18:3,PE 18:1_22:6,0.0,0.0,-9.05996481391698e-15,0.90625,0.0,False,False
PE 20:1_18:3,PE 18:2_22:6,0.00027898388792398435,0.009433296722151577,-8.437759466326355e-15,0.984375,0.0,False,False
PE 20:1_18:3,PE 20:0_18:3,0.0,0.0,0.7959965630328929,0.03125,0.0,False,False
PE 20:1_18:3,PE 18:3_20:4,0.0,0.0,0.42279320967565875,0.015625,0.0,False,False
PE 20:1_18:3,PE 20:0_20:4,0.0,0.0,3.520746620223709e-15,0.09375,0.0,False,False
PE 20:1_18:3,PE 20:1_20:4,0.004835412676909002,0.16350006050444185,3.2500639028433055e-15,0.8125,0.109375,False,False
PE 20:1_18:3,PE 20:1_20:5,0.0007162817046833404,0.02421967055949687,-1.79213853048885e-15,0.984375,0.0,False,False
PE 20:1_18:3,PE 20:2_20:4,0.0,0.0,2.8980734490634663e-15,0.421875,0.0,False,False
PE 20:1_18:3,PE O-16:0_22:3,0.0,0.0,-0.05164159735187055,0.1875,0.0,False,False
PE 20:1_18:3,PE O-16:0_22:4,0.0,0.0,-0.035074514391690896,0.03125,0.0,False,False
PE 20:1_18:3,PE O-16:1_22:1,0.0,0.0,1.3772725889524835e-16,0.109375,0.0,False,False
PE 20:1_18:3,PE O-16:1_22:2,3.9313405098537636e-05,0.0013293062126716803,1.358559646167803e-16,0.609375,0.0,False,False
PE 20:1_18:3,PE O-16:1_24:0,1.791264470608054e-05,0.0006056811877142404,3.264238957002702e-17,0.6875,0.0,False,False
PE 20:1_18:3,PE O-16:1_24:1,1.9457989757899622e-05,0.0006579340203792225,1.9350352398283662e-17,0.6875,0.0,False,False
PE 20:1_18:3,PE O-16:1_24:4,9.780126660569651e-06,0.00033069593178268773,-4.544905978829272e-17,0.8125,0.0,False,False
PE 20:1_18:3,PE O-16:1_24:5,1.8203489986252474e-05,0.0006155155543098006,2.488821390362504e-17,0.84375,0.0,False,False
PE 20:1_18:3,PE O-16:1_24:6,3.162045303548022e-05,0.0010691840241821354,1.3389110562438885e-16,0.59375,0.0,False,False
PE 20:1_18:3,PE O-18:0_20:4,0.0,0.0,3.2874897884126672e-15,0.234375,0.0,False,False
PE 20:1_18:3,PE O-18:0_20:5,0.0,0.0,-0.0040407819719875185,0.03125,0.0,False,False
PE 20:1_18:3,PE O-18:0_22:5,0.0007446347741684564,0.025178374373638845,-8.982212536646632e-17,0.703125,0.0,False,False
PE 20:1_18:3,PE O-18:1_20:1,0.0038085254316855845,0.1287778686371296,-5.509090355809934e-16,0.71875,0.0,False,False
PE 20:1_18:3,PE O-18:1_20:4,0.0,0.0,4.292749074805703e-15,0.171875,0.0,False,False
PE 20:1_18:3,PE O-18:1_22:5,0.0,0.0,0.0001965164525845014,0.03125,0.0,False,False
PE 20:1_18:3,PE O-18:1_22:6,2.9740618214021963e-05,0.00100562107152775,-7.627395479035764e-15,0.78125,0.0,False,False
PE 20:1_18:3,PE O-18:2_22:5,0.0,0.0,1.6560954364442227e-17,0.171875,0.0,False,False
PE 20:1_18:3,PE O-18:2_22:6,0.0003912150570159617,0.01322817508375452,-8.771036977321514e-15,0.78125,0.0,False,False
PE 20:1_18:3,PE O-18:3_22:0,3.609727236404984e-05,0.0012205589491361079,-4.757765703005013e-17,0.875,0.0,False,False
PE 20:1_18:3,PE O-18:3_22:6,5.9348804350019616e-05,0.002006764210308807,-9.093928805071177e-15,0.671875,0.0,False,False
PE 20:1_18:3,PE O-20:0_20:4,0.0,0.0,3.0189001132258717e-15,0.109375,0.0,False,False
PE 20:1_18:3,PE O-20:1_20:4,0.0,0.0,3.5318808211805942e-15,0.21875,0.0,False,False
PE 20:1_18:3,PE O-20:2_20:4,0.0,0.0,3.8481295542416946e-15,0.140625,0.0,False,False
PE 20:1_18:3,PE O-20:3_20:4,0.0,0.0,3.881906415968043e-15,0.1875,0.0,False,False
PE 20:1_18:3,PG 14:0_20:0,9.237911248074267e-05,0.0031236197382026078,5.748616023453844e-16,0.546875,0.0,False,False
PE 20:1_18:3,PG 16:0_20:4,0.0,0.0,0.009171926149356024,0.0625,0.0,False,False
PE 20:1_18:3,PG 16:1_20:3,0.0,0.0,2.919219074410155e-16,0.09375,0.0,False,False
PE 20:1_18:3,PG 14:0_22:3,0.0,0.0,4.940216895155647e-17,0.0625,0.0,False,False
PE 20:1_18:3,PG 16:1_20:2,0.0,0.0,0.011439839532169082,0.03125,0.0,False,False
PE 20:1_18:3,PG 16:1_20:1,5.7034635711251946e-05,0.0019285151056847396,-8.5331019098143e-17,0.4375,0.125,False,False
PE 20:1_18:3,PG 14:0_22:1,0.00017336849707841676,0.005862118014714121,-1.2678018736621026e-17,0.765625,0.0,False,False
PE 20:1_18:3,PG 14:0_22:0,0.00011055447699330999,0.0037381842844068955,5.378099756317171e-16,0.84375,0.0,False,False
PE 20:1_18:3,PG 16:1_22:6,0.0,0.0,-7.208225560658922e-15,0.296875,0.0,False,False
PE 20:1_18:3,PG 16:0_22:6,0.0002957334358948214,0.009999650059423403,-7.505387092079649e-15,0.703125,0.0,False,False
PE 20:1_18:3,PG 16:0_22:5,0.0,0.0,0.007191698387549101,0.0625,0.0,False,False
PE 20:1_18:3,PG 18:1_20:4,0.00040205301633618765,0.0135946395663133,0.0051413475530555286,0.484375,0.0,False,False
PE 20:1_18:3,PG 14:0_24:4,0.0,0.0,0.011108815693838368,0.046875,0.0,False,False
PE 20:1_18:3,PG 16:1_22:3,0.003865010139362088,0.13068778899755426,9.25167891274603e-16,0.703125,0.0,False,False
PE 20:1_18:3,PG 18:2_20:2,0.0,0.0,0.0290501793915021,0.015625,0.0,False,False
PE 20:1_18:3,PG 20:1_18:3,0.0005003528787548869,0.01691845793031477,0.6182990089200835,0.609375,0.0,False,False
PE 20:1_18:3,PG 17:0_20:1,0.0004072834881731428,0.013771497782757323,-9.880433790311295e-17,1.0,0.0,False,True
PE 20:1_18:3,PG 17:1_20:1,0.0,0.0,0.009082221024592434,0.203125,0.0,False,False
PE 20:1_18:3,PC O-16:1_16:1,0.0,0.0,-0.0025353997671477982,0.078125,0.0,False,False
PE 20:1_18:3,PC 14:0_20:1,0.003309382068855747,0.11190030813173804,-1.6327042579633722e-16,1.0,0.046875,False,True
PE 20:1_18:3,PC 14:1_17:1,0.0001336202689653,0.004518109108820017,4.341402726045872e-17,0.515625,0.0,False,False
PE 20:1_18:3,PC 20:0_14:1,0.0,0.0,3.8391941240620103e-16,0.296875,0.0,False,False
PE 20:1_18:3,PC 14:1_20:1,0.0,0.0,0.016166332751640762,0.1875,0.0,False,False
PE 20:1_18:3,PC 17:0_17:1,0.0,0.0,6.711038752305167e-17,0.234375,0.0,False,False
PE 20:0_20:4,PS 14:0_22:0,0.0,0.0,9.971559122651078e-17,0.375,0.0,False,False
PE 20:0_20:4,PS 14:0_22:2,0.00040107352556673927,0.017143847257332395,2.573777313417547e-15,0.6041666666666666,0.0,False,False
PE 20:0_20:4,PS 16:0_18:1,0.00026236641559681476,0.011214825880341272,6.1301953398961135e-15,0.9375,0.0,False,False
PE 20:0_20:4,PS 20:0_16:1,0.00240986543086178,0.1030094539375053,1.0126936304213927e-16,1.0,0.0625,False,True
PE 20:0_20:4,PS 18:0_18:2,0.0006353412147462757,0.02715759592086487,1.1208178691207164e-15,0.8125,0.0,False,False
PE 20:0_20:4,PS 18:1_18:1,0.0,0.0,2.6498207340412472e-15,0.3333333333333333,0.0,False,False
PE 20:0_20:4,PE 16:0_22:4,0.0,0.0,1.2022400821767543e-14,0.4583333333333333,0.0,False,False
PE 20:0_20:4,PE 16:0_22:6,0.0008505164635725579,0.036355240153860824,-3.909801718837019e-14,0.875,0.0,False,False
PE 20:0_20:4,PE 18:0_20:4,0.0,0.0,0.026783595993159614,0.3958333333333333,0.0,False,False
PE 20:0_20:4,PE 18:0_22:6,0.00026831407407723606,0.011469057940118934,-6.052763806951833e-14,0.6041666666666666,0.0,False,False
PE 20:0_20:4,PE 18:1_20:3,0.0,0.0,-1.7022027231920596e-15,0.020833333333333332,0.0,False,False
PE 20:0_20:4,PE 18:1_20:4,0.002080169161341343,0.0889166202657148,1.3670267230583652e-14,1.0,0.0,False,True
PE 20:0_20:4,PE 18:1_20:5,0.0,0.0,0.009062448734411229,0.10416666666666667,0.0,False,False
PE 20:0_20:4,PE 18:1_22:6,0.0,0.0,-4.456096464419234e-14,0.625,0.0,False,False
PE 20:0_20:4,PE 18:2_22:6,0.0,0.0,-4.408041501103819e-14,0.375,0.0,False,False
PE 20:0_20:4,PE 20:1_18:3,0.0,0.0,-3.3725988233347827e-16,0.125,0.0,False,False
PE 20:0_20:4,PE 20:1_20:4,0.0031109757504107333,0.13297834358660945,1.4496508243129625e-14,0.8125,0.7291666666666666,False,False
PE 20:0_20:4,PE 20:1_20:5,0.0,0.0,-5.752977244877631e-15,0.10416666666666667,0.0,False,False
PE 20:0_20:4,PE 20:2_20:4,0.0006378522351228183,0.027264929232717523,1.1061392953801321e-14,1.0,0.0,False,True
PE 20:0_20:4,PE 20:3_20:4,0.0,0.0,0.019559225763569003,0.20833333333333334,0.020833333333333332,False,False
PE 20:0_20:4,PE O-16:0_22:3,0.0005230895877657521,0.022359411486672094,-2.076935925784813e-15,0.25,0.0,False,False
PE 20:0_20:4,PE O-16:1_22:1,6.417735540787252e-05,0.0027432545614607486,-7.012080805589282e-16,0.875,0.0,False,False
PE 20:0_20:4,PE O-16:1_22:2,0.0,0.0,1.0291453319986356e-16,0.1875,0.0,False,False
PE 20:0_20:4,PE O-16:1_24:0,0.0,0.0,1.3949671962370494e-17,0.4791666666666667,0.0,False,False
PE 20:0_20:4,PE O-16:1_24:1,0.0,0.0,3.687523235818601e-16,0.5,0.0,False,False
PE 20:0_20:4,PE O-16:1_24:6,0.0,0.0,2.4787230376379215e-16,0.0625,0.0,False,False
PE 20:0_20:4,PE O-18:0_20:4,0.0003262857183038738,0.013947050005223498,1.422304440357901e-14,1.0,0.0,False,True
PE 20:0_20:4,PE O-18:0_22:5,0.0,0.0,-1.351233089544212e-15,0.020833333333333332,0.0,False,False
PE 20:0_20:4,PE O-18:1_20:4,0.000995113910693915,0.04253604339622353,1.6878714631514388e-14,1.0,0.020833333333333332,False,True
PE 20:0_20:4,PE O-18:1_22:4,0.0,0.0,-0.00527156681192477,0.0625,0.0,False,False
PE 20:0_20:4,PE O-18:1_22:5,0.0,0.0,-0.008057950504457106,0.020833333333333332,0.0,False,False
PE 20:0_20:4,PE O-18:2_22:5,0.0005363850919809501,0.022927726468700605,-1.044865846839112e-15,0.75,0.0,False,False
PE 20:0_20:4,PE O-18:2_22:6,0.0,0.0,-4.6069334333384754e-14,0.7708333333333334,0.0,False,False
PE 20:0_20:4,PE O-18:3_22:0,0.0,0.0,1.5024744961272266e-16,0.020833333333333332,0.0,False,False
PE 20:0_20:4,PE O-18:3_22:6,5.997870967028741e-05,0.0025637838743564436,-4.81891360816125e-14,1.0,0.0,False,True
PE 20:0_20:4,PE O-20:0_20:4,0.00021681397083507352,0.009267691239405186,1.3130979881641994e-14,1.0,0.0,False,True
PE 20:0_20:4,PE O-20:1_20:4,0.0012423988254179064,0.05310621204816845,1.4446787545029514e-14,1.0,0.0,False,True
PE 20:0_20:4,PE O-20:2_20:4,0.001865935703020842,0.079759232772569,1.4743649360156653e-14,1.0,0.0,False,True
PE 20:0_20:4,PE O-20:3_20:4,0.0022757239578736037,0.0972755902512067,1.554283646344227e-14,0.9791666666666666,0.16666666666666666,False,False
PE 20:0_20:4,PG 14:0_20:0,0.0002635870868372425,0.011267003348968104,7.370362306604793e-16,1.0,0.0,False,True
PE 20:0_20:4,PG 14:0_22:4,0.0,0.0,0.0025233148272296594,0.041666666666666664,0.0,False,False
PE 20:0_20:4,PG 16:1_20:3,0.0,0.0,1.6582401206439827e-15,0.041666666666666664,0.0,False,False
PE 20:0_20:4,PG 14:0_22:3,2.3537177668989887e-05,0.0010060942772417215,-6.452722951963026e-16,0.6041666666666666,0.0,False,False
PE 20:0_20:4,PG 16:1_20:1,0.0,0.0,-1.2686089882896147e-16,0.16666666666666666,0.0,False,False
PE 20:0_20:4,PG 16:0_22:6,0.0001562033760123798,0.006676897498162809,-3.626832451708442e-14,1.0,0.0,False,True
PE 20:0_20:4,PG 16:0_22:5,0.0,0.0,0.01220673556090581,0.041666666666666664,0.0,False,False
PE 20:0_20:4,PG 18:1_20:4,0.0005262266856252682,0.02249350641716857,0.020089224784989423,0.75,0.0,False,False
PE 20:0_20:4,PG 16:0_22:4,0.0015858791114721459,0.06778824211160342,8.414988232795903e-15,0.8125,0.0,False,False
PE 20:0_20:4,PG 17:0_20:1,1.8862957315691044e-05,0.0008062952013220739,4.0727101237885613e-16,0.6875,0.0,False,False
PE 20:0_20:4,PG 17:1_20:1,0.0,0.0,0.012286519311088949,0.2708333333333333,0.0,False,False
PE 20:0_20:4,PC 14:0_18:0,5.8779209547072525e-05,0.002512511362992126,0.031405148564497144,0.9375,0.0,False,False
PE 20:0_20:4,PC 14:0_20:1,0.0,0.0,1.2112108294534563e-15,0.14583333333333334,0.0,False,False
PE 20:0_20:4,PC 20:0_14:1,0.0017018497640480107,0.07274539591846309,2.943026615484553e-17,1.0,0.0,False,True
PE 20:0_20:4,PC 17:0_17:1,0.0002973019916361619,0.012708143542281603,7.519598662058081e-16,0.7708333333333334,0.0,False,False
PE 20:1_20:4,PA 20:1_20:1,0.0,0.0,0.053767344733850565,0.10256410256410256,0.0,False,False
PE 20:1_20:4,PS 16:0_18:1,0.0,0.0,-2.6594604308852705e-14,0.20512820512820512,0.0,False,False
PE 20:1_20:4,PS 16:0_20:1,3.786327959175856e-05,0.007057819332624127,-5.952085033941117e-14,0.9743589743589743,0.0,False,False
PE 20:1_20:4,PS 20:0_16:1,0.0,0.0,-2.5909586326720867e-14,0.05128205128205128,0.0,False,False
PE 20:1_20:4,PS 16:1_20:1,0.00016293233527581857,0.030371034897610123,-2.944988378924353e-15,1.0,0.0,False,True
PE 20:1_20:4,PS 18:0_18:1,4.39868970472726e-05,0.008199278448926584,-5.118124270831442e-14,1.0,0.0,False,True
PE 20:1_20:4,PS 18:1_18:1,2.022234013086821e-05,0.003769499754522281,-2.6343212732070512e-15,0.7948717948717948,0.0,False,False
PE 20:1_20:4,PE 16:0_22:4,0.0,0.0,-1.3071001016785972e-13,0.5897435897435898,0.0,False,False
PE 20:1_20:4,PE 16:0_22:6,0.00015851186771476816,0.02954704760047144,-1.1630491332258833e-13,0.8461538461538461,0.0,False,False
PE 20:1_20:4,PE 18:0_20:4,0.0,0.0,0.014308315743331867,0.23076923076923078,0.0,False,False
PE 20:1_20:4,PE 18:0_22:6,1.7765113285994616e-05,0.003311465920227412,-1.2728776872001473e-13,0.5641025641025641,0.0,False,False
PE 20:1_20:4,PE 18:1_20:1,0.0,0.0,0.10343716740135353,0.1282051282051282,0.0,False,False
PE 20:1_20:4,PE 18:1_20:3,0.0,0.0,1.213600743855917e-14,0.05128205128205128,0.0,False,False
PE 20:1_20:4,PE 18:1_20:4,0.00046078325845668594,0.08589126522450015,1.226475009993291e-13,1.0,0.0,False,True
PE 20:1_20:4,PE 18:1_22:6,2.621413483809565e-05,0.004886386748405122,-8.414590173326532e-14,0.7692307692307693,0.0,False,False
PE 20:1_20:4,PE 18:2_22:6,3.310242537227573e-05,0.0061703830272549325,-1.021789265439671e-13,0.9743589743589743,0.0,False,False
PE 20:1_20:4,PE 20:1_18:3,6.718569289140483e-05,0.012523597725219686,-1.5217784895193122e-14,1.0,0.0,False,True
PE 20:1_20:4,PE 20:0_20:4,0.0004221666687555022,0.07869302681801113,1.1451860889602762e-13,0.8461538461538461,0.0,False,False
PE 20:1_20:4,PE 20:1_20:5,0.00012825897118335164,0.023907824577281862,-5.696862765788093e-15,1.0,0.02564102564102564,False,True
PE 20:1_20:4,PE 20:2_20:4,0.0002540982412616924,0.047364610221268706,1.117282625810581e-13,1.0,0.0,False,True
PE 20:1_20:4,PE 20:3_20:4,0.0,0.0,0.02350753495071939,0.1282051282051282,0.0,False,False
PE 20:1_20:4,PE O-16:0_22:3,4.0749066668493614e-05,0.007595737971464138,1.4327650088038732e-15,0.46153846153846156,0.0,False,False
PE 20:1_20:4,PE O-16:1_22:1,0.0,0.0,-1.721933095873802e-15,0.3333333333333333,0.0,False,False
PE 20:1_20:4,PE O-16:1_22:2,8.58558795444617e-06,0.0016003771807454425,3.550481208197734e-16,0.717948717948718,0.0,False,False
PE 20:1_20:4,PE O-16:1_24:0,2.2662439203141854e-06,0.0004224340924951682,-7.077388931036507e-16,0.6666666666666666,0.0,False,False
PE 20:1_20:4,PE O-16:1_24:1,2.4888588731133976e-06,0.000463930131257206,7.727388500667608e-17,0.6410256410256411,0.0,False,False
PE 20:1_20:4,PE O-16:1_24:4,8.499330402327813e-07,0.00015842985360667528,-4.201109404105074e-16,0.6410256410256411,0.0,False,False
PE 20:1_20:4,PE O-16:1_24:6,0.0,0.0,-6.237481363353612e-15,0.3076923076923077,0.0,False,False
PE 20:1_20:4,PE O-18:0_20:4,6.893703978086418e-05,0.012850053596655815,1.0801911610073765e-13,1.0,0.0,False,True
PE 20:1_20:4,PE O-18:0_22:5,0.0,0.0,-5.747152867887211e-15,0.02564102564102564,0.0,False,False
PE 20:1_20:4,PE O-18:1_20:1,0.0004972424502293207,0.09268735873037705,-6.58196856273257e-15,0.6666666666666666,0.0,False,False
PE 20:1_20:4,PE O-18:1_20:4,0.0003332371582439597,0.06211632175451787,1.145970614553023e-13,1.0,0.02564102564102564,False,True
PE 20:1_20:4,PE O-18:1_22:5,0.0,0.0,-0.006029115007910881,0.02564102564102564,0.0,False,False
PE 20:1_20:4,PE O-18:2_22:4,0.0,0.0,-0.004946183000612947,0.23076923076923078,0.0,False,False
PE 20:1_20:4,PE O-18:2_22:5,0.0001127170938033605,0.021010775937531943,-6.439899024302562e-15,0.5897435897435898,0.0,False,False
PE 20:1_20:4,PE O-18:2_22:6,0.0,0.0,-9.887210088043957e-14,0.5384615384615384,0.0,False,False
PE 20:1_20:4,PE O-18:3_22:0,1.699631313106147e-06,0.00031681594593261053,3.398982275624141e-16,0.9743589743589743,0.0,False,False
PE 20:1_20:4,PE O-18:3_22:6,2.3707073063343985e-05,0.0044190635462761476,-1.0345101467656427e-13,0.6666666666666666,0.0,False,False
PE 20:1_20:4,PE O-20:0_20:4,4.78703859844087e-05,0.008923171455398136,1.0023939053365892e-13,1.0,0.0,False,True
PE 20:1_20:4,PE O-20:1_20:4,0.00027725483699735445,0.05168106328141226,1.1049741233218218e-13,0.9743589743589743,0.0,False,False
PE 20:1_20:4,PE O-20:2_20:4,0.0002635205954825415,0.04912096293280762,1.130058826248862e-13,1.0,0.0,False,True
PE 20:1_20:4,PE O-20:3_20:4,0.0010525161422026558,0.19619190034330183,1.1484851196579787e-13,1.0,0.717948717948718,False,True
PE 20:1_20:4,PG 16:1_20:3,0.0,0.0,4.278556161337716e-15,0.5128205128205128,0.0,False,False
PE 20:1_20:4,PG 14:0_22:3,0.0,0.0,1.3377167158365402e-15,0.02564102564102564,0.0,False,False
PE 20:1_20:4,PG 16:1_20:1,3.878940410730752e-06,0.0007230451486540381,-5.508777783937392e-15,0.5641025641025641,0.0,False,False
PE 20:1_20:4,PG 14:0_22:1,0.0,0.0,-2.7244285636431462e-14,0.02564102564102564,0.0,False,False
PE 20:1_20:4,PG 16:1_22:6,4.007214241253873e-05,0.00746955743053074,-8.748767901775171e-14,0.7948717948717948,0.0,False,False
PE 20:1_20:4,PG 16:0_22:6,2.1631982766130015e-05,0.004032261014257624,-9.951707143986074e-14,0.9230769230769231,0.0,False,False
PE 20:1_20:4,PG 16:1_22:4,4.59025234519515e-07,8.556356473302762e-05,-8.37933681175505e-14,0.07692307692307693,0.0,False,False
PE 20:1_20:4,PG 18:1_20:4,0.0,0.0,0.021744540120603385,0.6666666666666666,0.0,False,False
PE 20:1_20:4,PG 16:0_22:4,0.00012529259588290806,0.02335488407215334,-7.667279256133637e-14,0.6410256410256411,0.0,False,False
PE 20:1_20:4,PG 17:0_20:1,5.115225370033575e-05,0.009534920613482864,-2.989243668771577e-15,1.0,0.0,False,True
PE 20:1_20:4,PG 17:0_20:3,0.0,0.0,0.00799119423888232,0.1282051282051282,0.0,False,False
PE 20:1_20:4,PG 17:1_20:1,0.0,0.0,0.025725079786980017,0.3076923076923077,0.0,False,False
PE 20:1_20:4,PC O-16:1_16:1,3.1082850506141194e-06,0.0005793928724099729,0.0017350175406923738,0.5641025641025641,0.0,False,False
PE 20:1_20:4,PC 14:0_20:1,0.0005045329200317663,0.09404632232968484,1.6407145809837265e-15,1.0,0.23076923076923078,False,True
PE 20:1_20:4,PC 14:1_17:1,4.786633165676404e-05,0.008922415717587262,-1.3155890709129283e-14,0.9743589743589743,0.0,False,False
PE 20:1_20:4,PC 14:1_20:1,0.0,0.0,0.06293854720195312,0.23076923076923078,0.0,False,False
PE 20:1_20:4,PC 17:0_17:0,0.0,0.0,0.008869347002791007,0.02564102564102564,0.0,False,False
PE 20:1_20:5,PA 20:1_20:1,0.0,0.0,0.036331795074790965,0.0625,0.0,False,False
PE 20:1_20:5,PS 14:0_22:1,1.3018265654533151e-05,0.0004712868964490269,-1.343746289190511e-15,0.375,0.0,False,False
PE 20:1_20:5,PS 16:0_18:1,0.0,0.0,2.302565255956657e-15,0.15625,0.0,False,False
PE 20:1_20:5,PS 16:0_20:1,0.0010349023725757037,0.03746550732962659,-1.6316351957103459e-15,1.0,0.0,False,True
PE 20:1_20:5,PS 20:0_16:1,0.00020864600439227457,0.007553396932892088,-2.873925463361798e-15,0.9375,0.0,False,False
PE 20:1_20:5,PS 16:1_20:1,0.00034778593167525927,0.012590536767145433,1.979087324268767e-15,1.0,0.0,False,True
PE 20:1_20:5,PS 18:0_18:2,0.00020728056788935252,0.007503965438034225,-4.880213325694853e-15,0.515625,0.0,False,False
PE 20:1_20:5,PS 18:1_18:1,0.0,0.0,1.916943029275175e-15,0.328125,0.0,False,False
PE 20:1_20:5,PE 16:0_22:4,0.001575246786282361,0.05702704098604757,-2.8439453082690428e-15,0.859375,0.09375,False,False
PE 20:1_20:5,PE 16:0_22:6,0.0,0.0,-3.1373140312164275e-14,0.203125,0.0,False,False
PE 20:1_20:5,PE 18:0_22:6,0.0033034049921227826,0.11958977699227161,-4.992509853644935e-14,1.0,0.0,False,True
PE 20:1_20:5,PE 18:1_20:1,0.0,0.0,0.041557536368247244,0.078125,0.0,False,False
PE 20:1_20:5,PE 18:1_20:3,0.0,0.0,8.092656434309286e-16,0.15625,0.0,False,False
PE 20:1_20:5,PE 18:1_20:4,0.0,0.0,1.231926267016738e-14,0.265625,0.0,False,False
PE 20:1_20:5,PE 18:1_20:5,0.0064540265774557576,0.23364849327909476,0.31166613742224675,0.75,0.515625,False,False
PE 20:1_20:5,PE 18:1_22:6,0.0,0.0,-3.325057307082052e-14,0.0625,0.0,False,False
PE 20:1_20:5,PE 18:2_22:6,0.0,0.0,-3.446089774264461e-14,0.140625,0.0,False,False
PE 20:1_20:5,PE 20:1_18:3,0.00023100275379849683,0.00836275536219086,-1.110258458799252e-15,0.90625,0.0,False,False
PE 20:1_20:5,PE 20:0_20:4,0.0,0.0,1.1683524546942199e-14,0.1875,0.0,False,False
PE 20:1_20:5,PE 20:1_20:4,0.00414435197780492,0.15003371672108576,1.055936800300061e-14,0.78125,0.0625,False,False
PE 20:1_20:5,PE 20:2_20:4,0.0030307922275162533,0.10972065715916525,9.415754139859752e-15,1.0,0.0,False,True
PE 20:1_20:5,PE 20:3_20:4,0.0,0.0,0.014517605934656855,0.234375,0.0,False,False
PE 20:1_20:5,PE O-16:0_22:3,0.0,0.0,-0.009766321238892896,0.265625,0.0,False,False
PE 20:1_20:5,PE O-16:1_22:1,0.0,0.0,3.812046210469535e-17,0.234375,0.0,False,False
PE 20:1_20:5,PE O-16:1_22:2,3.310412447620186e-05,0.0011984346070414347,-1.855295094465238e-15,0.671875,0.0,False,False
PE 20:1_20:5,PE O-16:1_24:0,9.590578755162577e-06,0.00034719786925661964,1.3912975947846492e-16,0.640625,0.0,False,False
PE 20:1_20:5,PE O-16:1_24:1,1.0525412299139001e-05,0.0003810406875957644,-1.6762083402025546e-16,0.640625,0.0,False,False
PE 20:1_20:5,PE O-16:1_24:4,5.079689837257911e-06,0.00018389479227529207,-4.7285752895882845e-16,0.703125,0.0,False,False
PE 20:1_20:5,PE O-16:1_24:5,9.397777068235785e-06,0.0003402180678703863,-1.600265232103357e-16,0.8125,0.0,False,False
PE 20:1_20:5,PE O-16:1_24:6,8.460107014314575e-06,0.0003062725622759572,1.9741485404414008e-16,0.1875,0.0,False,False
PE 20:1_20:5,PE O-18:0_20:4,0.0,0.0,1.2171545879511687e-14,0.171875,0.0,False,False
PE 20:1_20:5,PE O-18:0_20:5,0.0,0.0,0.44354951382199753,0.546875,0.078125,False,False
PE 20:1_20:5,PE O-18:0_22:5,0.00044942337251150733,0.016270012614840807,-1.0173398324190573e-15,0.40625,0.0,False,False
PE 20:1_20:5,PE O-18:1_20:1,0.001779044359976723,0.0644049151636891,-1.5375253048893792e-15,0.59375,0.0,False,False
PE 20:1_20:5,PE O-18:1_20:4,0.0,0.0,1.437776762382093e-14,0.234375,0.0,False,False
PE 20:1_20:5,PE O-18:1_20:5,0.0,0.0,0.5008442618139065,0.140625,0.015625,False,False
PE 20:1_20:5,PE O-18:1_22:4,0.0,0.0,-0.04971229410664535,0.140625,0.0625,False,False
PE 20:1_20:5,PE O-18:1_22:5,0.0,0.0,0.00045371790084881294,0.0625,0.0,False,False
PE 20:1_20:5,PE O-18:1_22:6,0.00018500272335397056,0.006697463520707159,-2.6922799723523736e-14,0.65625,0.0,False,False
PE 20:1_20:5,PE O-18:2_22:5,0.0,0.0,-1.6153049456681e-15,0.25,0.0,False,False
PE 20:1_20:5,PE O-18:2_22:6,0.0001544455801688882,0.0055912346605646954,-3.60917387620611e-14,0.484375,0.0,False,False
PE 20:1_20:5,PE O-18:3_22:0,1.708578988498079e-05,0.0006185392971658126,1.401721158641402e-16,0.859375,0.0,False,False
PE 20:1_20:5,PE O-18:3_22:6,0.0,0.0,-3.688561723979873e-14,0.171875,0.0,False,False
PE 20:1_20:5,PE O-20:0_20:4,0.0,0.0,1.0519267068610401e-14,0.328125,0.0,False,False
PE 20:1_20:5,PE O-20:1_20:4,0.0,0.0,1.2632565218090345e-14,0.34375,0.0,False,False
PE 20:1_20:5,PE O-20:2_20:4,0.0,0.0,1.1630711823401322e-14,0.484375,0.0,False,False
PE 20:1_20:5,PE O-20:3_20:4,0.0,0.0,1.3437922025074992e-14,0.5625,0.0,False,False
PE 20:1_20:5,PG 14:0_20:0,2.2200637904406595e-05,0.0008037068849884076,8.847123913464713e-16,0.078125,0.0,False,False
PE 20:1_20:5,PG 16:0_20:4,0.0,0.0,0.009129409866229406,0.0625,0.0,False,False
PE 20:1_20:5,PG 16:1_20:3,2.3046492726837287e-05,0.0008343284980886896,-6.82991612709125e-17,0.9375,0.0,False,False
PE 20:1_20:5,PG 14:0_22:3,0.0,0.0,-1.2818005382703812e-15,0.359375,0.0,False,False
PE 20:1_20:5,PG 16:0_20:3,0.0,0.0,0.019142881805381685,0.015625,0.0,False,False
PE 20:1_20:5,PG 14:0_22:2,0.0,0.0,-0.008754630963444754,0.03125,0.0,False,False
PE 20:1_20:5,PG 16:1_20:1,5.047256476362061e-06,0.00018272064063300372,1.3350103499581852e-15,0.5625,0.15625,False,False
PE 20:1_20:5,PG 14:0_22:1,4.7841529506861824e-05,0.001731957740070562,-8.223695522794174e-16,0.203125,0.0,False,False
PE 20:1_20:5,PG 14:0_22:0,3.276974504571803e-05,0.001186329412063005,-1.7154207947112908e-16,0.390625,0.0,False,False
PE 20:1_20:5,PG 16:1_22:6,0.0,0.0,-2.930192853780916e-14,0.03125,0.0,False,False
PE 20:1_20:5,PG 16:0_22:6,0.000675346756777934,0.024448884780436005,-2.951159107938498e-14,0.890625,0.0,False,False
PE 20:1_20:5,PG 16:0_22:5,0.00016382246779081473,0.005930696489272286,0.06456909740887798,0.109375,0.0,False,False
PE 20:1_20:5,PG 16:1_22:4,0.0,0.0,-0.002586973601247353,0.0625,0.0,False,False
PE 20:1_20:5,PG 18:1_20:4,0.0,0.0,-0.004772324673160897,0.046875,0.0,False,False
PE 20:1_20:5,PG 16:0_22:4,0.0,0.0,6.234283906705385e-16,0.140625,0.0,False,False
PE 20:1_20:5,PG 16:1_22:3,0.0014458031137512212,0.0523409247005866,6.369293876659515e-16,0.46875,0.0,False,False
PE 20:1_20:5,PG 17:0_20:1,0.00012760797022255493,0.004619660240794528,1.753541256815986e-15,0.96875,0.0,False,False
PE 20:1_20:5,PG 17:0_20:3,0.0,0.0,0.01680060057493751,0.09375,0.0,False,False
PE 20:1_20:5,PG 17:1_20:1,0.0,0.0,0.005636006298767182,0.03125,0.0,False,False
PE 20:1_20:5,PC O-16:1_16:1,0.0,0.0,-0.0014784243760560345,0.796875,0.0,False,False
PE 20:1_20:5,PC 14:0_20:1,0.0018063519127379836,0.0653935024403661,2.8371948097713365e-16,1.0,0.015625,False,True
PE 20:1_20:5,PC 14:1_17:1,6.13483263497759e-05,0.002220930429212752,-1.917141573348637e-15,0.671875,0.0,False,False
PE 20:1_20:5,PC 20:0_14:1,0.0,0.0,8.190935750672954e-16,0.125,0.0,False,False
PE 20:1_20:5,PC 14:1_20:1,0.0,0.0,0.0319021310557894,0.203125,0.0,False,False
PE 20:1_20:5,PC 16:0_18:1,0.0,0.0,4.978892832456591e-15,0.078125,0.0,False,False
PE 20:1_20:5,PC 17:0_17:0,0.0,0.0,0.0030565711599559666,0.046875,0.0,False,False
PE 20:1_20:5,PC 17:0_17:1,0.0,0.0,7.133021575491255e-16,0.125,0.0,False,False
PE 20:2_20:4,PS 14:0_22:0,0.00032037237028145933,0.0028523999991899277,6.506400758566339e-17,1.0,0.0,False,True
PE 20:2_20:4,PS 14:0_22:1,0.001205222378123344,0.010730564272326267,4.452818019143839e-16,1.0,0.0,False,True
PE 20:2_20:4,PS 14:0_22:2,0.00048503993626238884,0.004318499477924512,7.919509673317466e-16,0.546875,0.0,False,False
PE 20:2_20:4,PS 16:0_20:1,0.0012818242708116864,0.011412580759735013,6.989297689866185e-16,0.859375,0.0,False,False
PE 20:2_20:4,PS 16:0_20:2,0.0,0.0,0.058758452112883414,0.15625,0.0,False,False
PE 20:2_20:4,PS 20:0_16:1,0.000653106569856142,0.005814862179569195,4.488399898292248e-16,1.0,0.0,False,True
PE 20:2_20:4,PS 16:1_20:1,0.0,0.0,7.00708862944039e-16,0.109375,0.0,False,False
PE 20:2_20:4,PS 18:0_18:1,0.0,0.0,-2.6456397928240745e-15,0.0625,0.0,False,False
PE 20:2_20:4,PS 18:0_18:2,0.0,0.0,-8.583175258505214e-16,0.171875,0.0,False,False
PE 20:2_20:4,PS 18:1_18:1,0.0008614109094342431,0.007669476850371911,1.991250911842876e-15,0.765625,0.0,False,False
PE 20:2_20:4,PE 16:0_22:4,0.010194409189325612,0.09076479578381734,3.572166510220699e-16,1.0,0.0,False,True
PE 20:2_20:4,PE 16:0_22:6,0.0,0.0,-1.471666521578224e-14,0.03125,0.0,False,False
PE 20:2_20:4,PE 18:0_22:6,0.012755464275977402,0.11356686676351223,-2.1487388505165337e-14,1.0,0.140625,False,True
PE 20:2_20:4,PE 18:1_20:3,0.0,0.0,2.0332502370519814e-15,0.0625,0.0,False,False
PE 20:2_20:4,PE 18:1_20:4,0.009365211266858443,0.08338212370352616,6.380339243869117e-15,1.0,0.0,False,True
PE 20:2_20:4,PE 18:1_22:6,0.0,0.0,-1.3873882992524192e-14,0.015625,0.0,False,False
PE 20:2_20:4,PE 18:2_20:2,0.0,0.0,0.4954173471067106,0.046875,0.0,False,False
PE 20:2_20:4,PE 18:2_22:6,0.0,0.0,-1.5879684351375975e-14,0.09375,0.0,False,False
PE 20:2_20:4,PE 20:1_18:3,0.0,0.0,-4.612936475311682e-16,0.3125,0.0,False,False
PE 20:2_20:4,PE 20:0_20:4,0.0015035724716436546,0.013386891363729315,5.597537902604103e-15,0.765625,0.0,False,False
PE 20:2_20:4,PE 20:1_20:4,0.004637227032203248,0.04128703848986551,5.3032249307908284e-15,0.765625,0.0,False,False
PE 20:2_20:4,PE 20:1_20:5,0.0025774006544840057,0.02294760193678213,-3.123072364111843e-15,0.96875,0.0,False,False
PE 20:2_20:4,PE 20:2_20:5,0.0,0.0,0.23172700350931652,0.078125,0.0,False,False
PE 20:2_20:4,PE 20:3_20:4,0.017732009694724292,0.15787498901491404,0.01398171082390724,0.8125,0.28125,False,False
PE 20:2_20:4,PE 20:4_20:4,0.0,0.0,0.02737744623481781,0.09375,0.046875,False,False
PE 20:2_20:4,PE O-16:0_22:3,0.0007505391990429422,0.00668234282769544,-5.469443137669829e-16,0.859375,0.0,False,False
PE 20:2_20:4,PE O-16:1_22:1,3.4578067564482173e-06,3.07862003849669e-05,2.4094015309065975e-16,0.46875,0.0,False,False
PE 20:2_20:4,PE O-16:1_22:2,0.0,0.0,3.715764808212495e-16,0.109375,0.0,False,False
PE 20:2_20:4,PE O-16:1_22:3,0.0,0.0,0.003947469859194206,0.03125,0.0,False,False
PE 20:2_20:4,PE O-16:1_24:0,4.937011284450151e-06,4.395613445502311e-05,1.8791679925253857e-17,0.578125,0.0,False,False
PE 20:2_20:4,PE O-16:1_24:1,5.975736058691722e-06,5.3204305708375045e-05,3.296486370657909e-17,0.578125,0.0,False,False
PE 20:2_20:4,PE O-16:1_24:4,0.0,0.0,-5.38811312818775e-17,0.0625,0.0,False,False
PE 20:2_20:4,PE O-16:1_24:6,0.0,0.0,-6.054002580822274e-16,0.140625,0.0,False,False
PE 20:2_20:4,PE O-18:0_20:4,0.001042389279290368,0.009280797769143664,5.375913626765438e-15,1.0,0.0,False,True
PE 20:2_20:4,PE O-18:0_22:5,0.0,0.0,1.0166251185259906e-17,0.015625,0.0,False,False
PE 20:2_20:4,PE O-18:1_20:2,0.0010463254282562693,0.009315842836535974,0.6245847307951788,0.515625,0.0,False,False
PE 20:2_20:4,PE O-18:1_20:4,0.004656535151873822,0.04145894619989781,6.128216214474671e-15,1.0,0.015625,False,True
PE 20:2_20:4,PE O-18:1_22:3,0.0,0.0,0.0014948083268760308,0.015625,0.0,False,False
PE 20:2_20:4,PE O-18:1_22:4,0.0,0.0,0.001406570197493081,0.09375,0.0,False,False
PE 20:2_20:4,PE O-18:2_20:4,0.0,0.0,0.01899392901536134,0.390625,0.0,False,False
PE 20:2_20:4,PE O-18:2_22:4,0.0,0.0,0.0007055788672713654,0.21875,0.0,False,False
PE 20:2_20:4,PE O-18:2_22:5,0.0017038063232231587,0.015169651336386755,-9.251288578586514e-17,0.703125,0.0,False,False
PE 20:2_20:4,PE O-18:3_22:6,0.000331350165229,0.002950139583511642,-1.6324966153290358e-14,0.25,0.0,False,False
PE 20:2_20:4,PE O-20:0_20:4,0.0007614344482563973,0.006779347475194632,4.992308405772254e-15,1.0,0.0,False,True
PE 20:2_20:4,PE O-20:1_20:4,0.004101946681764477,0.03652122903564649,5.719532916827222e-15,1.0,0.0,False,True
PE 20:2_20:4,PE O-20:2_20:4,0.004138165485029719,0.036843699148514444,5.867960184132017e-15,1.0,0.0,False,True
PE 20:2_20:4,PE O-20:3_20:4,0.008427933086995246,0.07503717099385972,6.1213539949246204e-15,1.0,0.09375,False,True
PE 20:2_20:4,PG 14:0_22:4,0.0,0.0,0.00448605253424408,0.078125,0.0,False,False
PE 20:2_20:4,PG 16:0_20:4,0.0,0.0,0.009886800457640205,0.25,0.0,False,False
PE 20:2_20:4,PG 16:1_20:3,0.0,0.0,9.058129806066576e-16,0.171875,0.0,False,False
PE 20:2_20:4,PG 14:0_22:3,0.0,0.0,-0.023055535189917712,0.015625,0.0,False,False
PE 20:2_20:4,PG 16:1_20:2,0.002140908915369638,0.01906134596782198,0.03072478988304085,0.984375,0.0,False,False
PE 20:2_20:4,PG 14:0_22:2,0.0,0.0,0.0036651439230164467,0.203125,0.0,False,False
PE 20:2_20:4,PG 16:1_20:1,0.0,0.0,4.869634317739495e-16,0.703125,0.0,False,False
PE 20:2_20:4,PG 14:0_22:1,0.0,0.0,-5.459276886484569e-16,0.015625,0.0,False,False
PE 20:2_20:4,PG 16:1_22:6,0.00015751976983470473,0.0014024598655438794,-1.3439275754354331e-14,0.4375,0.0,False,False
PE 20:2_20:4,PG 16:0_22:6,0.0,0.0,-1.3124630280170537e-14,0.171875,0.0,False,False
PE 20:2_20:4,PG 16:1_22:4,0.0,0.0,-0.0015012029092257972,0.0625,0.0,False,False
PE 20:2_20:4,PG 18:1_20:4,0.0007618869073472053,0.00678337589471508,0.006982898314889206,0.5625,0.0,False,False
PE 20:2_20:4,PG 16:0_22:4,0.0,0.0,-0.03540759449395085,0.109375,0.0,False,False
PE 20:2_20:4,PG 18:2_20:2,0.01649667480390726,0.1468763213131078,0.1665717642292379,0.84375,0.421875,False,False
PE 20:2_20:4,PG 17:1_20:2,0.000428643579990232,0.0038163807513823663,0.07329255657140762,0.90625,0.0,False,False
PE 20:2_20:4,PC O-16:1_16:1,5.8116276392551625e-05,0.0005174318452911524,0.001507802081490524,0.953125,0.0,False,False
PE 20:2_20:4,PC 14:0_20:1,0.0,0.0,2.249759617763063e-16,0.21875,0.0,False,False
PE 20:2_20:4,PC 14:1_17:1,0.00016793099482173448,0.0014951550568254493,4.584979284552217e-16,0.421875,0.0,False,False
PE 20:2_20:4,PC 20:0_14:1,0.0,0.0,-1.0462502098705371e-16,0.578125,0.0,False,False
PE 20:2_20:4,PC 16:0_18:1,0.001300284154987525,0.011576936298765888,1.5811044781911035e-15,0.40625,0.0,False,False
PE 20:2_20:4,PC 17:0_17:0,0.0,0.0,0.0023319437360932883,0.046875,0.0,False,False
PE 20:2_20:4,PC 17:0_17:1,0.0002577432509505394,0.002294788555444523,5.235098141476013e-17,0.953125,0.0,False,False
PE 20:3_20:4,PS 14:0_22:0,0.0,0.0,1.3941497911781965e-07,0.23529411764705882,0.0,False,False
PE 20:3_20:4,PS 14:0_22:1,0.0,0.0,-5.841419621313751e-06,0.47058823529411764,0.0,False,False
PE 20:3_20:4,PS 14:0_22:2,0.0,0.0,-1.3578438300231497e-06,0.47058823529411764,0.0,False,False
PE 20:3_20:4,PS 16:0_18:1,0.0,0.0,-1.305471606476791e-07,0.17647058823529413,0.0,False,False
PE 20:3_20:4,PS 16:0_20:1,0.0,0.0,-8.05958833278435e-06,1.0,0.0,False,True
PE 20:3_20:4,PS 16:0_20:2,0.0,0.0,3.893659503931675e-07,0.17647058823529413,0.0,False,False
PE 20:3_20:4,PS 20:0_16:1,0.0,0.0,-9.179031714804465e-06,0.5882352941176471,0.0,False,False
PE 20:3_20:4,PS 16:1_20:1,0.0,0.0,-9.594411882022113e-07,0.058823529411764705,0.0,False,False
PE 20:3_20:4,PS 18:0_18:2,0.0,0.0,2.7041128818479313e-06,1.0,0.0,False,True
PE 20:3_20:4,PE 16:0_22:4,0.0,0.0,-1.2489116395427366e-05,0.4117647058823529,0.0,False,False
PE 20:3_20:4,PE 16:0_22:6,0.0,0.0,9.441815173575505e-06,0.9411764705882353,0.0,False,False
PE 20:3_20:4,PE 18:1_20:3,0.0,0.0,-2.9824307516521894e-06,1.0,0.29411764705882354,False,True
PE 20:3_20:4,PE 18:1_22:6,0.0,0.0,9.801738433562424e-06,0.9411764705882353,0.0,False,False
PE 20:3_20:4,PE 20:0_20:4,0.0,0.0,6.232348373412153e-07,0.17647058823529413,0.0,False,False
PE 20:3_20:4,PE 20:1_20:4,0.0,0.0,-2.6194237933733366e-08,0.5294117647058824,0.0,False,False
PE 20:3_20:4,PE 20:2_20:4,0.0,0.0,-8.818419286548997e-08,1.0,0.0,False,True
PE 20:3_20:4,PE 20:4_20:4,0.0,0.0,-1.1007827260303942e-07,0.23529411764705882,0.17647058823529413,False,False
PE 20:3_20:4,PE O-16:0_22:3,0.0,0.0,4.1079906095678875e-07,0.11764705882352941,0.0,False,False
PE 20:3_20:4,PE O-16:1_22:1,0.0,0.0,4.918050525066521e-09,0.5882352941176471,0.0,False,False
PE 20:3_20:4,PE O-16:1_24:0,0.0,0.0,1.042637517394599e-08,0.47058823529411764,0.0,False,False
PE 20:3_20:4,PE O-16:1_24:1,0.0,0.0,8.911001141271715e-09,0.47058823529411764,0.0,False,False
PE 20:3_20:4,PE O-16:1_24:6,0.0,0.0,-8.097980774187855e-08,0.4117647058823529,0.0,False,False
PE 20:3_20:4,PE O-18:0_20:3,0.0,0.0,-3.29622090975325e-06,0.4117647058823529,0.0,False,False
PE 20:3_20:4,PE O-18:0_20:4,0.0,0.0,2.3005374997648287e-07,0.9411764705882353,0.0,False,False
PE 20:3_20:4,PE O-18:1_20:4,0.0,0.0,-1.4446942759781947e-06,1.0,0.0,False,True
PE 20:3_20:4,PE O-18:2_20:4,0.0,0.0,-1.944188074116539e-07,0.23529411764705882,0.0,False,False
PE 20:3_20:4,PE O-18:2_22:4,0.0,0.0,-1.3462846540721761e-05,0.11764705882352941,0.0,False,False
PE 20:3_20:4,PE O-18:2_22:5,0.0,0.0,-3.807573311874768e-06,0.7647058823529411,0.0,False,False
PE 20:3_20:4,PE O-18:2_22:6,0.0,0.0,9.812170340756911e-06,0.058823529411764705,0.0,False,False
PE 20:3_20:4,PE O-18:3_22:0,0.0,0.0,-2.5762193729889475e-10,0.17647058823529413,0.0,False,False
PE 20:3_20:4,PE O-20:0_20:4,0.0,0.0,-2.548906458062797e-08,1.0,0.0,False,True
PE 20:3_20:4,PE O-20:1_20:4,0.0,0.0,-7.684895041419018e-07,1.0,0.0,False,True
PE 20:3_20:4,PE O-20:2_20:4,0.0,0.0,-8.828975203767847e-07,1.0,0.0,False,True
PE 20:3_20:4,PE O-20:3_20:4,0.0,0.0,-2.1881161405786937e-08,1.0,0.5294117647058824,False,True
PE 20:3_20:4,PG 16:1_20:3,0.0,0.0,-5.59782121084006e-07,1.0,0.0,False,True
PE 20:3_20:4,PG 14:0_22:3,0.0,0.0,-4.0903145013498547e-07,0.7647058823529411,0.0,False,False
PE 20:3_20:4,PG 16:0_20:3,0.0,0.0,-1.0567666539134626e-06,0.11764705882352941,0.0,False,False
PE 20:3_20:4,PG 14:0_22:2,0.0,0.0,-3.1577624409712797e-06,0.4117647058823529,0.0,False,False
PE 20:3_20:4,PG 16:1_20:1,0.0,0.0,-3.105127011588524e-06,0.4117647058823529,0.0,False,False
PE 20:3_20:4,PG 16:1_22:6,0.0,0.0,5.989692074779523e-06,0.17647058823529413,0.0,False,False
PE 20:3_20:4,PG 16:0_22:6,0.0,0.0,5.449267307835047e-06,1.0,0.0,False,True
PE 20:3_20:4,PG 16:1_22:4,0.0,0.0,-9.116713120013934e-06,0.058823529411764705,0.0,False,False
PE 20:3_20:4,PG 16:0_22:4,0.0,0.0,-6.140026505344242e-06,1.0,0.0,False,True
PE 20:3_20:4,PG 17:0_20:3,0.0,0.0,-1.8957186943001946e-06,0.5294117647058824,0.0,False,False
PE 20:3_20:4,PC O-16:1_16:1,0.0,0.0,-2.9534820397812845e-07,0.8823529411764706,0.0,False,False
PE 20:3_20:4,PC 14:0_20:1,0.0,0.0,-6.772560458475103e-08,1.0,0.0,False,True
PE 20:3_20:4,PC 20:0_14:1,0.0,0.0,9.906528971150015e-07,1.0,0.0,False,True
PE 20:3_20:4,PC 17:0_17:1,0.0,0.0,1.8925174143953322e-07,1.0,0.0,False,True
PE O-16:0_22:3,PA 20:1_20:1,0.0,0.0,0.013091478333010567,0.1,0.0,False,False
PE O-16:0_22:3,PS 14:0_22:0,0.0,0.0,-2.0948053391453798e-14,0.7666666666666667,0.0,False,False
PE O-16:0_22:3,PS 14:0_22:1,0.0,0.0,-4.133522353947889e-14,0.8,0.0,False,False
PE O-16:0_22:3,PS 14:0_22:2,1.959558597183276e-05,0.008043488466403882,3.8200175440718643e-14,0.23333333333333334,0.0,False,False
PE O-16:0_22:3,PS 16:0_18:1,0.0,0.0,-1.0971410044653422e-13,0.23333333333333334,0.0,False,False
PE O-16:0_22:3,PS 16:0_20:1,4.088291912300243e-05,0.01678139602007709,-2.521846471697156e-13,0.6333333333333333,0.0,False,False
PE O-16:0_22:3,PS 20:0_16:1,0.0,0.0,-1.4370541852031312e-13,0.16666666666666666,0.0,False,False
PE O-16:0_22:3,PS 16:1_20:1,0.0,0.0,3.5747516384077295e-14,0.4,0.0,False,False
PE O-16:0_22:3,PS 18:0_18:1,5.772524918436217e-06,0.002369474312746364,-3.934889438070442e-13,0.3,0.0,False,False
PE O-16:0_22:3,PS 18:0_18:2,0.0,0.0,-6.877368214005146e-14,0.26666666666666666,0.0,False,False
PE O-16:0_22:3,PS 18:1_18:1,1.0784164936855634e-05,0.004426624772236014,3.498251367792772e-14,0.5,0.0,False,False
PE O-16:0_22:3,PE 16:0_22:4,0.0007629960338522979,0.31319041987438256,-2.5535896843794747e-13,0.7333333333333333,0.0,False,False
PE O-16:0_22:3,PE 16:0_22:6,0.0,0.0,-1.0038732526370273e-12,0.6,0.0,False,False
PE O-16:0_22:3,PE 18:0_22:6,3.2751084405424624e-05,0.013443485183648953,-1.2518755199286075e-12,0.7333333333333333,0.0,False,False
PE O-16:0_22:3,PE 18:1_20:3,0.0,0.0,-1.2921298097350481e-14,0.23333333333333334,0.0,False,False
PE O-16:0_22:3,PE 18:1_20:4,0.0,0.0,2.5402282999354095e-13,0.4,0.0,False,False
PE O-16:0_22:3,PE 18:1_22:6,8.414285899415938e-05,0.03453849845687816,-9.466280002692887e-13,0.7666666666666667,0.0,False,False
PE O-16:0_22:3,PE 18:2_22:6,2.897904408927579e-05,0.011895158799259854,-9.41193274160313e-13,0.7333333333333333,0.0,False,False
PE O-16:0_22:3,PE 20:1_18:3,0.0,0.0,6.8236068603985675e-15,0.5,0.0,False,False
PE O-16:0_22:3,PE 20:0_20:4,3.1121361444735526e-05,0.012774525456872776,2.688337771981759e-13,0.5,0.0,False,False
PE O-16:0_22:3,PE 20:1_20:4,1.3118152271428436e-05,0.005384667069789887,2.6885305933192376e-13,0.6333333333333333,0.0,False,False
PE O-16:0_22:3,PE 20:1_20:5,0.0,0.0,-6.97105847141117e-14,0.13333333333333333,0.0,False,False
PE O-16:0_22:3,PE 20:2_20:4,0.0,0.0,2.0972950028851695e-13,0.7333333333333333,0.0,False,False
PE O-16:0_22:3,PE 20:3_20:4,0.0,0.0,0.014899561689681921,0.23333333333333334,0.0,False,False
PE O-16:0_22:3,PE O-16:0_22:4,0.0,0.0,0.13775385890774575,0.5333333333333333,0.23333333333333334,False,False
PE O-16:0_22:3,PE O-16:1_22:1,1.1965005112146883e-06,0.0004911329559542416,6.375013689971767e-15,0.4,0.0,False,False
PE O-16:0_22:3,PE O-16:1_22:2,6.380738959437752e-06,0.002619130670608429,6.392594458977116e-15,0.9,0.0,False,False
PE O-16:0_22:3,PE O-16:1_22:3,0.0,0.0,0.2640242783243373,0.23333333333333334,0.03333333333333333,False,False
PE O-16:0_22:3,PE O-16:1_24:0,4.4220166341428675e-07,0.00018151250922580897,1.8314837001519615e-15,0.5,0.0,False,False
PE O-16:0_22:3,PE O-16:1_24:1,5.494936077511062e-07,0.00022555311704696611,2.2294856379962084e-15,0.5,0.0,False,False
PE O-16:0_22:3,PE O-16:1_24:4,2.1455258275831363e-07,8.806836536219446e-05,1.960149408799977e-15,0.5333333333333333,0.0,False,False
PE O-16:0_22:3,PE O-16:1_24:5,2.565593937165888e-07,0.00010531109032785634,1.2807732000791736e-15,0.5,0.0,False,False
PE O-16:0_22:3,PE O-16:1_24:6,0.0,0.0,2.4657312090791965e-14,0.3333333333333333,0.0,False,False
PE O-16:0_22:3,PE O-18:0_20:3,0.0,0.0,0.10318055220990571,0.23333333333333334,0.0,False,False
PE O-16:0_22:3,PE O-18:0_20:4,9.950584768736795e-06,0.004084461364735739,2.5716213150415736e-13,0.23333333333333334,0.0,False,False
PE O-16:0_22:3,PE O-18:0_20:5,0.0,0.0,0.01131934032675434,0.03333333333333333,0.0,False,False
PE O-16:0_22:3,PE O-18:0_22:3,0.0,0.0,0.2518962799425479,0.23333333333333334,0.23333333333333334,False,False
PE O-16:0_22:3,PE O-18:0_22:5,1.896506027309697e-05,0.007784673741861188,-3.4639786156345124e-14,0.4,0.0,False,False
PE O-16:0_22:3,PE O-18:1_20:1,6.477803112087317e-06,0.0026589730306919852,3.916598349285119e-14,0.7333333333333333,0.0,False,False
PE O-16:0_22:3,PE O-18:1_20:4,0.0,0.0,2.9789251987769415e-13,0.7333333333333333,0.0,False,False
PE O-16:0_22:3,PE O-18:1_22:4,0.0,0.0,0.05314489159534365,0.1,0.0,False,False
PE O-16:0_22:3,PE O-18:1_22:6,2.5213093932462127e-05,0.010349332270013712,-8.311098712293697e-13,0.7666666666666667,0.0,False,False
PE O-16:0_22:3,PE O-20:1_18:2,0.0,0.0,0.03571341384628404,0.03333333333333333,0.0,False,False
PE O-16:0_22:3,PE O-18:2_22:3,0.0,0.0,0.2582625723124442,0.16666666666666666,0.06666666666666667,False,False
PE O-16:0_22:3,PE O-18:2_22:4,0.0,0.0,0.05107109174557349,0.06666666666666667,0.0,False,False
PE O-16:0_22:3,PE O-18:2_22:5,0.0,0.0,-2.6623522611486933e-14,0.5,0.0,False,False
PE O-16:0_22:3,PE O-18:2_22:6,3.9238841506000766e-05,0.016106544072845994,-9.770824291591993e-13,0.43333333333333335,0.0,False,False
PE O-16:0_22:3,PE O-18:3_22:0,0.0,0.0,-2.370071976434771e-15,0.3,0.0,False,False
PE O-16:0_22:3,PE O-18:3_22:6,4.133050685599469e-05,0.016965119373550778,-1.0236283657832313e-12,0.3,0.0,False,False
PE O-16:0_22:3,PE O-20:0_20:4,1.5399028470437087e-06,0.0006320908600223962,2.3679893151956874e-13,0.7666666666666667,0.0,False,False
PE O-16:0_22:3,PE O-20:1_20:4,0.0,0.0,2.6246386760243163e-13,0.7,0.0,False,False
PE O-16:0_22:3,PE O-20:2_20:4,1.2933350144820818e-05,0.005308810508211582,2.700057339449358e-13,0.9666666666666667,0.0,False,False
PE O-16:0_22:3,PE O-20:3_20:4,5.001671657931667e-06,0.0020530587016454388,2.901172830046835e-13,0.6,0.0,False,False
PE O-16:0_22:3,PG 14:0_20:0,2.2950573988851555e-06,0.0009420625514441335,3.0931945260958997e-14,0.4,0.0,False,False
PE O-16:0_22:3,PG 14:0_22:3,0.0,0.0,1.4341370535718e-14,0.9333333333333333,0.06666666666666667,False,False
PE O-16:0_22:3,PG 14:0_22:2,0.0,0.0,0.001807824955091786,0.1,0.03333333333333333,False,False
PE O-16:0_22:3,PG 16:1_20:1,0.0,0.0,5.915872058141757e-14,0.1,0.0,False,False
PE O-16:0_22:3,PG 14:0_22:1,0.0,0.0,3.2561285562648254e-14,0.06666666666666667,0.0,False,False
PE O-16:0_22:3,PG 14:0_22:0,0.0,0.0,-4.544345227092231e-15,0.4666666666666667,0.0,False,False
PE O-16:0_22:3,PG 16:1_22:6,0.0,0.0,-8.517893925523063e-13,0.5333333333333333,0.0,False,False
PE O-16:0_22:3,PG 16:0_22:6,4.328668388429817e-05,0.01776808017237662,-8.940376818369017e-13,0.8333333333333334,0.0,False,False
PE O-16:0_22:3,PG 16:1_22:4,0.0,0.0,-1.4482470385025443e-13,0.06666666666666667,0.0,False,False
PE O-16:0_22:3,PG 18:1_20:4,0.0,0.0,0.028198182132607975,0.03333333333333333,0.0,False,False
PE O-16:0_22:3,PG 16:0_22:4,0.0,0.0,-1.5227441293587575e-13,0.3,0.0,False,False
PE O-16:0_22:3,PG 16:1_22:3,0.0011583408904796675,0.4754694044939441,-9.554864393616611e-15,0.4,0.3333333333333333,False,False
PE O-16:0_22:3,PG 17:0_20:1,0.0,0.0,3.013315451437727e-14,0.1,0.0,False,False
PE O-16:0_22:3,PG 17:1_20:1,0.0,0.0,-0.0013787083223025496,0.16666666666666666,0.0,False,False
PE O-16:0_22:3,PC 14:0_18:0,0.0,0.0,-0.03327211946012279,0.5,0.0,False,False
PE O-16:0_22:3,PC O-16:1_16:1,0.0,0.0,-0.0878848835969692,0.16666666666666666,0.0,False,False
PE O-16:0_22:3,PC 14:0_20:1,1.026470565398778e-05,0.004213399979850629,1.1589767515788122e-13,0.23333333333333334,0.0,False,False
PE O-16:0_22:3,PC 14:1_17:1,0.0,0.0,-4.8500237591529713e-14,0.4666666666666667,0.0,False,False
PE O-16:0_22:3,PC 20:0_14:1,1.4585643731608935e-05,0.005987034901579917,6.641199292948316e-14,0.7333333333333333,0.0,False,False
PE O-16:0_22:3,PC 14:1_20:1,0.0,0.0,-0.016632786339049424,0.06666666666666667,0.0,False,False
PE O-16:0_22:3,PC 16:0_18:1,0.0,0.0,-1.1161302730842996e-14,0.6,0.0,False,False
PE O-16:0_22:3,PC 17:0_17:0,0.0,0.0,-0.008892026295847096,0.03333333333333333,0.0,False,False
PE O-16:0_22:3,PC 17:0_17:1,7.597320667540944e-06,0.003118506445930075,6.88799177471144e-14,0.5333333333333333,0.0,False,False
PE O-16:0_22:4,PA 20:1_20:1,0.0,0.0,1.5964166285565733e-08,0.2,0.0,False,False
PE O-16:0_22:4,PS 14:0_22:1,0.0,0.0,-5.841419621313751e-06,0.3,0.0,False,False
PE O-16:0_22:4,PS 20:0_16:1,0.0,0.0,-9.179031714804465e-06,0.6,0.0,False,False
PE O-16:0_22:4,PS 16:1_20:1,0.0,0.0,-9.594411882022113e-07,0.5,0.0,False,False
PE O-16:0_22:4,PS 18:0_18:1,0.0,0.0,-7.327065814489971e-06,1.0,0.0,False,True
PE O-16:0_22:4,PS 18:1_18:1,0.0,0.0,-3.7143801407453766e-06,1.0,0.0,False,True
PE O-16:0_22:4,PE 16:0_22:4,0.0,0.0,-1.2489116395427366e-05,1.0,0.0,False,True
PE O-16:0_22:4,PE 18:0_22:6,0.0,0.0,7.789151876111003e-06,1.0,0.0,False,True
PE O-16:0_22:4,PE 18:1_20:1,0.0,0.0,1.26119016850893e-07,0.3,0.0,False,False
PE O-16:0_22:4,PE 18:1_20:3,0.0,0.0,-2.9824307516521894e-06,0.1,0.0,False,False
PE O-16:0_22:4,PE 18:1_20:5,0.0,0.0,2.133421842337639e-07,0.1,0.0,False,False
PE O-16:0_22:4,PE 18:1_22:6,0.0,0.0,9.801738433562424e-06,1.0,0.0,False,True
PE O-16:0_22:4,PE 18:2_22:6,0.0,0.0,7.741439450748265e-06,1.0,0.0,False,True
PE O-16:0_22:4,PE 20:1_20:5,0.0,0.0,4.384918036809946e-08,0.1,0.0,False,False
PE O-16:0_22:4,PE O-16:0_22:3,0.0,0.0,4.1079906095678875e-07,1.0,0.0,False,True
PE O-16:0_22:4,PE O-16:1_22:1,0.0,0.0,4.918050525066521e-09,1.0,0.0,False,True
PE O-16:0_22:4,PE O-16:1_22:2,0.0,0.0,3.8561602888448356e-09,0.3,0.0,False,False
PE O-16:0_22:4,PE O-16:1_24:0,0.0,0.0,1.042637517394599e-08,1.0,0.0,False,True
PE O-16:0_22:4,PE O-16:1_24:1,0.0,0.0,8.911001141271715e-09,1.0,0.0,False,True
PE O-16:0_22:4,PE O-16:1_24:4,0.0,0.0,-1.5846614213403845e-08,1.0,0.0,False,True
PE O-16:0_22:4,PE O-16:1_24:5,0.0,0.0,-1.695989298785871e-07,1.0,0.0,False,True
PE O-16:0_22:4,PE O-16:1_24:6,0.0,0.0,-8.097980774187855e-08,0.6,0.0,False,False
PE O-16:0_22:4,PE O-18:0_20:4,0.0,0.0,2.3005374997648287e-07,1.0,0.0,False,True
PE O-16:0_22:4,PE O-18:0_20:5,0.0,0.0,-3.957801087477535e-09,0.1,0.0,False,False
PE O-16:0_22:4,PE O-18:1_22:4,0.0,0.0,-1.4530481065061408e-05,0.6,0.3,False,False
PE O-16:0_22:4,PE O-18:1_22:5,0.0,0.0,-6.120849326571443e-06,0.2,0.0,False,False
PE O-16:0_22:4,PE O-18:1_22:6,0.0,0.0,8.80546067549811e-06,0.4,0.0,False,False
PE O-16:0_22:4,PE O-18:2_22:4,0.0,0.0,-1.3462846540721761e-05,1.0,0.7,False,True
PE O-16:0_22:4,PE O-18:2_22:5,0.0,0.0,-3.807573311874768e-06,0.1,0.0,False,False
PE O-16:0_22:4,PE O-18:3_22:6,0.0,0.0,1.0002421622955704e-05,1.0,0.0,False,True
PE O-16:0_22:4,PE O-20:1_20:4,0.0,0.0,-7.684895041419018e-07,0.3,0.0,False,False
PE O-16:0_22:4,PE O-20:3_20:4,0.0,0.0,-2.1881161405786937e-08,0.5,0.0,False,False
PE O-16:0_22:4,PG 14:0_20:0,0.0,0.0,3.922878969859904e-08,1.0,0.0,False,True
PE O-16:0_22:4,PG 14:0_22:3,0.0,0.0,-4.0903145013498547e-07,0.9,0.0,False,False
PE O-16:0_22:4,PG 16:1_20:2,0.0,0.0,-3.93323142989054e-07,0.1,0.0,False,False
PE O-16:0_22:4,PG 16:1_20:1,0.0,0.0,-3.105127011588524e-06,1.0,0.0,False,True
PE O-16:0_22:4,PG 14:0_22:1,0.0,0.0,-1.613976983771397e-06,0.5,0.0,False,False
PE O-16:0_22:4,PG 14:0_22:0,0.0,0.0,-8.26854222964092e-07,0.2,0.0,False,False
PE O-16:0_22:4,PG 16:1_22:6,0.0,0.0,5.989692074779523e-06,0.9,0.0,False,False
PE O-16:0_22:4,PG 16:1_22:4,0.0,0.0,-9.116713120013934e-06,0.3,0.0,False,False
PE O-16:0_22:4,PG 18:1_20:4,0.0,0.0,4.5339246764564475e-08,0.5,0.0,False,False
PE O-16:0_22:4,PG 16:0_22:4,0.0,0.0,-6.140026505344242e-06,1.0,0.0,False,True
PE O-16:0_22:4,PG 17:0_20:1,0.0,0.0,-1.8981904797655935e-07,0.6,0.0,False,False
PE O-16:0_22:4,PG 17:0_20:3,0.0,0.0,-1.8957186943001946e-06,0.2,0.0,False,False
PE O-16:0_22:4,PG 17:1_20:1,0.0,0.0,7.732726023880922e-07,0.4,0.0,False,False
PE O-16:0_22:4,PC 14:0_20:1,0.0,0.0,-6.772560458475103e-08,1.0,0.0,False,True
PE O-16:0_22:4,PC 20:0_14:1,0.0,0.0,9.906528971150015e-07,1.0,0.0,False,True
PE O-16:0_22:4,PC 17:0_17:1,0.0,0.0,1.8925174143953322e-07,1.0,0.0,False,True
PE O-16:1_22:1,PA 18:1_22:1,0.0,0.0,0.49015699942853824,0.09615384615384616,0.0,False,False
PE O-16:1_22:1,PS 14:0_22:0,4.10114965555021e-05,0.015590695925380677,-1.1821605855782798e-15,1.0,0.0,False,True
PE O-16:1_22:1,PS 14:0_22:1,0.00024656404411220467,0.09373237654673702,-1.578852129358104e-14,1.0,0.40384615384615385,False,True
PE O-16:1_22:1,PS 14:0_22:2,2.2534616256087445e-05,0.0085666308072502,2.9843835651219452e-15,0.28846153846153844,0.0,False,False
PE O-16:1_22:1,PS 16:0_18:1,1.2904251695648912e-05,0.004905606506194397,-2.7161460675198352e-15,0.9230769230769231,0.0,False,False
PE O-16:1_22:1,PS 16:1_20:1,0.0,0.0,3.992574258039614e-16,0.36538461538461536,0.0,False,False
PE O-16:1_22:1,PS 18:0_18:2,5.3803218258896904e-05,0.020453523673444537,-1.632505727195649e-14,0.7884615384615384,0.0,False,False
PE O-16:1_22:1,PE 16:0_22:4,0.0,0.0,3.1318908672685657e-14,0.019230769230769232,0.0,False,False
PE O-16:1_22:1,PE 16:0_22:6,1.185986560006333e-05,0.00450857866247905,-1.0449983478395164e-13,0.7115384615384616,0.0,False,False
PE O-16:1_22:1,PE 18:0_20:4,0.0,0.0,0.004744660035382508,0.3076923076923077,0.0,False,False
PE O-16:1_22:1,PE 18:0_22:6,3.5504588098755896e-05,0.013497221108585217,-1.6850147252507395e-13,0.5769230769230769,0.0,False,False
PE O-16:1_22:1,PE 18:1_20:3,0.0,0.0,3.726402640836974e-15,0.038461538461538464,0.0,False,False
PE O-16:1_22:1,PE 18:1_20:4,0.0,0.0,7.877999755890569e-14,0.36538461538461536,0.0,False,False
PE O-16:1_22:1,PE 18:1_20:5,0.0,0.0,0.014783328162221873,0.07692307692307693,0.0,False,False
PE O-16:1_22:1,PE 18:1_22:6,0.0,0.0,-1.0298538474768731e-13,0.46153846153846156,0.0,False,False
PE O-16:1_22:1,PE 18:2_22:6,1.0823482458437866e-05,0.0041145931759605,-1.1141662576507134e-13,0.7307692307692307,0.0,False,False
PE O-16:1_22:1,PE 20:1_18:3,0.0,0.0,-2.2344813578869786e-15,0.38461538461538464,0.0,False,False
PE O-16:1_22:1,PE 20:0_20:4,4.670582084254429e-05,0.017755417672114263,7.721086795842216e-14,0.8076923076923077,0.0,False,False
PE O-16:1_22:1,PE 20:1_20:4,0.0,0.0,7.416944761818536e-14,0.25,0.0,False,False
PE O-16:1_22:1,PE 20:1_20:5,0.0,0.0,-2.1724364756888718e-14,0.34615384615384615,0.0,False,False
PE O-16:1_22:1,PE 20:2_20:4,6.27200427866792e-05,0.023843292677472237,6.449452667512631e-14,0.5961538461538461,0.0,False,False
PE O-16:1_22:1,PE 20:3_20:4,0.0,0.0,0.007509998060960781,0.19230769230769232,0.0,False,False
PE O-16:1_22:1,PE O-16:0_22:1,0.0,0.0,0.9185152205329626,0.057692307692307696,0.0,False,False
PE O-16:1_22:1,PE O-16:0_22:3,2.2388057161754635e-05,0.00851091574033598,5.579634118450831e-15,0.28846153846153844,0.0,False,False
PE O-16:1_22:1,PE O-16:0_22:4,0.0,0.0,0.0031473940601939973,0.19230769230769232,0.0,False,False
PE O-16:1_22:1,PE O-16:1_22:2,7.383225122968486e-05,0.02806764627207683,1.2421342136123244e-15,1.0,0.0,False,True
PE O-16:1_22:1,PE O-16:1_24:0,5.451986568074979e-05,0.020725960257773898,9.855460111986287e-16,1.0,0.0,False,True
PE O-16:1_22:1,PE O-16:1_24:1,6.0640088272366456e-05,0.02305258906763476,-3.603054818230871e-16,1.0,0.0,False,True
PE O-16:1_22:1,PE O-16:1_24:4,2.6701746001401997e-05,0.010150783013275757,2.9619707402123154e-17,1.0,0.0,False,True
PE O-16:1_22:1,PE O-16:1_24:5,2.5982145234379234e-05,0.009877223702141147,-7.880040095813377e-16,1.0,0.0,False,True
PE O-16:1_22:1,PE O-16:1_24:6,4.849189245119054e-05,0.018434400437682796,2.0394124955700606e-15,1.0,0.0,False,True
PE O-16:1_22:1,PE O-18:0_20:3,0.0,0.0,0.005603685606130834,0.11538461538461539,0.0,False,False
PE O-16:1_22:1,PE O-18:0_20:4,1.9098342340253746e-05,0.007260316572519038,7.206727921286835e-14,0.40384615384615385,0.0,False,False
PE O-16:1_22:1,PE O-18:0_20:5,0.0,0.0,0.017151593390074688,0.038461538461538464,0.0,False,False
PE O-16:1_22:1,PE O-18:0_22:5,0.0,0.0,-4.97657455717551e-15,0.4807692307692308,0.0,False,False
PE O-16:1_22:1,PE O-18:1_20:1,0.0006292775544863054,0.23922255534824985,1.0387185061566475e-15,0.5961538461538461,0.5576923076923077,False,False
PE O-16:1_22:1,PE O-18:1_20:4,4.6968237402744695e-05,0.0178551764504932,8.30378160069103e-14,0.7307692307692307,0.0,False,False
PE O-16:1_22:1,PE O-18:1_22:1,0.0,0.0,0.9417076716076677,0.17307692307692307,0.019230769230769232,False,False
PE O-16:1_22:1,PE O-18:1_22:4,0.0,0.0,0.0015364432883752804,0.19230769230769232,0.0,False,False
PE O-16:1_22:1,PE O-18:2_22:4,0.0,0.0,0.0012211734204654213,0.19230769230769232,0.0,False,False
PE O-16:1_22:1,PE O-18:2_22:5,0.0,0.0,-4.400333100188608e-15,0.057692307692307696,0.0,False,False
PE O-16:1_22:1,PE O-18:2_22:6,6.081289599778675e-05,0.02311828266398861,-1.1443401028273264e-13,0.9807692307692307,0.0,False,False
PE O-16:1_22:1,PE O-18:3_22:0,1.4287489523979492e-05,0.005431450286237892,3.6942518299321245e-16,0.9807692307692307,0.0,False,False
PE O-16:1_22:1,PE O-18:3_22:6,7.722322701012637e-05,0.029356740226784056,-1.206085116885263e-13,1.0,0.0,False,True
PE O-16:1_22:1,PE O-20:0_20:4,1.3090332324864132e-05,0.004976345853727638,6.823762300624081e-14,0.5961538461538461,0.0,False,False
PE O-16:1_22:1,PE O-20:1_20:4,5.499952495281735e-05,0.02090830478276518,7.626048689665073e-14,0.7307692307692307,0.0,False,False
PE O-16:1_22:1,PE O-20:2_20:4,0.0,0.0,7.643855292627758e-14,0.057692307692307696,0.0,False,False
PE O-16:1_22:1,PE O-20:3_20:4,0.00023622504106191738,0.08980196029112766,8.113875416663641e-14,0.5192307692307693,0.0,False,False
PE O-16:1_22:1,PG 14:0_20:0,1.1689046831308853e-06,0.0004443641176513504,4.955552873122339e-15,0.5769230769230769,0.0,False,False
PE O-16:1_22:1,PG 16:1_20:1,0.0,0.0,8.773461668073113e-15,0.5192307692307693,0.019230769230769232,False,False
PE O-16:1_22:1,PG 14:0_22:1,0.0001362820661697864,0.0518082106772252,1.177214306977534e-15,1.0,0.0,False,True
PE O-16:1_22:1,PG 14:0_22:0,0.0,0.0,-5.940480599495875e-15,0.09615384615384616,0.0,False,False
PE O-16:1_22:1,PG 16:1_22:6,5.2538190935041626e-05,0.01997261812256237,-1.0474115907974585e-13,0.9423076923076923,0.0,False,False
PE O-16:1_22:1,PG 16:0_22:6,0.0,0.0,-9.592039862255311e-14,0.4423076923076923,0.0,False,False
PE O-16:1_22:1,PG 16:1_22:4,9.603705213024976e-06,0.0036508896360471416,2.119263980730853e-14,0.28846153846153844,0.0,False,False
PE O-16:1_22:1,PG 18:1_20:4,0.0,0.0,-0.010914123571693515,0.09615384615384616,0.0,False,False
PE O-16:1_22:1,PG 16:0_22:4,6.431215319770492e-05,0.024448540263703147,1.6904525402874346e-14,1.0,0.0,False,True
PE O-16:1_22:1,PG 16:1_22:3,0.0,0.0,-2.923714366659671e-16,0.038461538461538464,0.0,False,False
PE O-16:1_22:1,PG 17:0_20:3,0.0,0.0,0.004418145390770735,0.07692307692307693,0.0,False,False
PE O-16:1_22:1,PC 14:0_18:0,1.4032842346160465e-05,0.005334645071820517,0.021809574123793068,0.5961538461538461,0.0,False,False
PE O-16:1_22:1,PC O-16:1_16:1,0.0,0.0,-0.0006973922357820298,0.40384615384615385,0.0,False,False
PE O-16:1_22:1,PC 20:0_14:1,7.348998270850782e-05,0.027937531429004,3.4143233753711595e-15,1.0,0.0,False,True
PE O-16:1_22:1,PC 16:0_18:1,0.00018518864541811758,0.07040025607550436,9.064111084894189e-15,0.8846153846153846,0.0,False,False
PE O-16:1_22:1,PC 17:0_17:1,8.492435372308565e-05,0.032284356503895176,4.090689538809147e-15,1.0,0.0,False,True
PE O-16:1_22:2,PA 20:1_20:1,0.0,0.0,0.03812259399938911,0.057692307692307696,0.0,False,False
PE O-16:1_22:2,PS 14:0_22:2,0.00022666057079789577,0.06371043606612625,-5.076031024372103e-15,0.5384615384615384,0.0,False,False
PE O-16:1_22:2,PS 16:0_18:1,0.0,0.0,3.9647551849699265e-15,0.11538461538461539,0.0,False,False
PE O-16:1_22:2,PS 16:0_20:1,5.283786424095313e-05,0.014851826057543639,2.219134551653048e-14,0.8846153846153846,0.0,False,False
PE O-16:1_22:2,PS 20:0_16:1,0.0,0.0,1.1428196773942376e-14,0.75,0.0,False,False
PE O-16:1_22:2,PS 16:1_20:1,0.0,0.0,-4.039973344172919e-15,0.15384615384615385,0.0,False,False
PE O-16:1_22:2,PS 18:0_18:1,0.0,0.0,-2.5858069307282587e-14,0.5384615384615384,0.0,False,False
PE O-16:1_22:2,PS 18:0_18:2,0.0,0.0,-3.1246261578459986e-14,0.4230769230769231,0.0,False,False
PE O-16:1_22:2,PS 18:1_18:1,1.4566152644668318e-05,0.004094298066623382,-4.3411794213251664e-14,0.9230769230769231,0.0,False,False
PE O-16:1_22:2,PE 16:0_22:4,0.00037846541701118397,0.10638019955941405,-3.855283030505337e-14,0.8846153846153846,0.0,False,False
PE O-16:1_22:2,PE 16:0_22:6,0.0,0.0,-1.716581415896054e-13,0.15384615384615385,0.0,False,False
PE O-16:1_22:2,PE 18:0_22:6,1.3980915794409299e-05,0.003929797929697429,-2.3364546445081503e-13,0.6923076923076923,0.0,False,False
PE O-16:1_22:2,PE 18:1_20:3,0.0,0.0,-3.0332380511491845e-15,0.5576923076923077,0.0,False,False
PE O-16:1_22:2,PE 18:1_20:4,0.0,0.0,4.5401033104341645e-14,0.3076923076923077,0.0,False,False
PE O-16:1_22:2,PE 18:1_20:5,0.0,0.0,-0.004239858296623212,0.057692307692307696,0.0,False,False
PE O-16:1_22:2,PE 18:1_22:6,6.672700416496605e-05,0.018755827349110674,-1.872018575802352e-13,1.0,0.0,False,True
PE O-16:1_22:2,PE 18:2_22:6,5.882261011540962e-06,0.0016534036457280764,-1.8524743902391612e-13,0.4807692307692308,0.0,False,False
PE O-16:1_22:2,PE 20:1_18:3,0.0,0.0,-1.5402398374659254e-14,0.8269230769230769,0.0,False,False
PE O-16:1_22:2,PE 20:0_20:4,0.0,0.0,4.9985099632770104e-14,0.19230769230769232,0.0,False,False
PE O-16:1_22:2,PE 20:1_20:4,0.0001437038584402423,0.04039271344541108,5.3934458655463336e-14,0.6153846153846154,0.0,False,False
PE O-16:1_22:2,PE 20:1_20:5,1.8295797207277392e-05,0.005142637796021463,-2.3031106104805135e-14,0.7307692307692307,0.0,False,False
PE O-16:1_22:2,PE 20:2_20:4,0.0,0.0,4.837073931661069e-14,0.11538461538461539,0.0,False,False
PE O-16:1_22:2,PE O-16:0_22:2,0.001424483197250182,0.40039802840963007,0.7618491952422697,0.8076923076923077,0.7692307692307693,False,False
PE O-16:1_22:2,PE O-16:0_22:3,0.0,0.0,2.156172870301321e-14,0.4230769230769231,0.0,False,False
PE O-16:1_22:2,PE O-16:0_22:4,0.0,0.0,-0.03386668567975781,0.09615384615384616,0.0,False,False
PE O-16:1_22:2,PE O-16:1_22:1,6.993053278529174e-05,0.019656284824501276,1.2510885194858073e-15,1.0,0.0,False,True
PE O-16:1_22:2,PE O-16:1_24:0,7.914178865532748e-05,0.022245412373817806,9.855580133970228e-16,1.0,0.0,False,True
PE O-16:1_22:2,PE O-16:1_24:1,9.025535808608663e-05,0.02536924794959678,-1.299144654023348e-16,1.0,0.0,False,True
PE O-16:1_22:2,PE O-16:1_24:4,4.0496013157592745e-05,0.01138274137459188,6.582265037822058e-17,1.0,0.0,False,True
PE O-16:1_22:2,PE O-16:1_24:5,4.270179271752218e-05,0.012002748538317584,-2.5766538661203666e-16,1.0,0.0,False,True
PE O-16:1_22:2,PE O-16:1_24:6,7.723564443938612e-05,0.02170962761524666,5.8198829712603935e-15,1.0,0.0,False,True
PE O-16:1_22:2,PE O-18:0_20:3,0.0,0.0,0.07757904614951375,0.1346153846153846,0.0,False,False
PE O-16:1_22:2,PE O-18:0_20:4,6.32669280312085e-05,0.01778325872578249,5.433560520223858e-14,0.8269230769230769,0.0,False,False
PE O-16:1_22:2,PE O-18:0_22:5,4.405319116573304e-06,0.0012382603685295796,-5.65433366033234e-15,0.038461538461538464,0.0,False,False
PE O-16:1_22:2,PE O-18:1_20:1,0.0,0.0,-1.041270549030375e-14,0.038461538461538464,0.0,False,False
PE O-16:1_22:2,PE O-18:1_20:4,0.0,0.0,5.850200588764453e-14,0.28846153846153844,0.0,False,False
PE O-16:1_22:2,PE O-18:1_22:4,0.0,0.0,0.005923579943824448,0.19230769230769232,0.0,False,False
PE O-16:1_22:2,PE O-18:1_22:5,0.0,0.0,0.0035507780073537358,0.019230769230769232,0.0,False,False
PE O-16:1_22:2,PE O-18:1_22:6,2.2150095991289864e-05,0.00622601570949866,-1.5153768966734097e-13,0.3076923076923077,0.0,False,False
PE O-16:1_22:2,PE O-20:1_18:2,0.0,0.0,0.11995951353174902,0.019230769230769232,0.0,False,False
PE O-16:1_22:2,PE O-18:2_22:2,0.0,0.0,0.841643120069476,0.19230769230769232,0.19230769230769232,False,False
PE O-16:1_22:2,PE O-18:2_22:4,0.0,0.0,0.004529220709768594,0.09615384615384616,0.0,False,False
PE O-16:1_22:2,PE O-18:2_22:5,0.0,0.0,-7.64377617911104e-15,0.6923076923076923,0.0,False,False
PE O-16:1_22:2,PE O-18:2_22:6,9.262466721598334e-06,0.002603522049748986,-1.8183810063170406e-13,0.038461538461538464,0.0,False,False
PE O-16:1_22:2,PE O-18:3_22:0,9.975167754999736e-08,2.8038502032647965e-05,-2.6290370890431736e-15,0.25,0.0,False,False
PE O-16:1_22:2,PE O-18:3_22:6,7.798855917998636e-06,0.002192125915872772,-1.8993230125826017e-13,0.5576923076923077,0.0,False,False
PE O-16:1_22:2,PE O-20:0_20:4,0.0,0.0,4.8002917713767275e-14,0.19230769230769232,0.0,False,False
PE O-16:1_22:2,PE O-20:1_20:4,0.0,0.0,5.830593787686981e-14,0.5384615384615384,0.0,False,False
PE O-16:1_22:2,PE O-20:2_20:4,0.0,0.0,5.48500705577856e-14,0.3269230769230769,0.0,False,False
PE O-16:1_22:2,PE O-20:3_20:4,0.0,0.0,6.233980239038117e-14,0.15384615384615385,0.0,False,False
PE O-16:1_22:2,PG 14:0_20:0,0.0,0.0,2.54453159822504e-15,0.25,0.0,False,False
PE O-16:1_22:2,PG 16:1_20:3,0.0,0.0,1.1430793026973536e-14,0.4807692307692308,0.0,False,False
PE O-16:1_22:2,PG 14:0_22:3,0.0,0.0,3.534773048462586e-15,0.7307692307692307,0.0,False,False
PE O-16:1_22:2,PG 16:1_20:2,0.0,0.0,-0.0008358557275159402,0.019230769230769232,0.0,False,False
PE O-16:1_22:2,PG 14:0_22:2,0.0,0.0,0.08386398243337845,0.038461538461538464,0.038461538461538464,False,False
PE O-16:1_22:2,PG 16:1_20:1,0.0,0.0,6.122066461318489e-15,0.5961538461538461,0.0,False,False
PE O-16:1_22:2,PG 14:0_22:1,0.0,0.0,-6.55029549069327e-15,0.038461538461538464,0.0,False,False
PE O-16:1_22:2,PG 14:0_22:0,0.0,0.0,-2.390996320931372e-15,0.4807692307692308,0.0,False,False
PE O-16:1_22:2,PG 16:1_22:6,0.0,0.0,-1.6423469056968765e-13,0.5769230769230769,0.0,False,False
PE O-16:1_22:2,PG 16:0_22:6,1.9196621530171917e-05,0.005395844210478776,-1.4751889360279477e-13,0.36538461538461536,0.0,False,False
PE O-16:1_22:2,PG 16:1_22:4,0.0,0.0,-2.8220354124104665e-14,0.17307692307692307,0.0,False,False
PE O-16:1_22:2,PG 18:1_20:4,0.0,0.0,0.003872677513547173,0.40384615384615385,0.0,False,False
PE O-16:1_22:2,PG 16:0_22:4,0.0,0.0,-2.835515565403624e-14,0.17307692307692307,0.0,False,False
PE O-16:1_22:2,PG 16:1_22:3,0.0005768005638715349,0.16212884013342543,-3.606653622580179e-15,0.5192307692307693,0.0,False,False
PE O-16:1_22:2,PG 17:0_20:1,2.9194512820635314e-05,0.00820608161354748,7.877948021137192e-15,1.0,0.0,False,True
PE O-16:1_22:2,PG 17:1_20:1,0.0,0.0,-0.0062857136524767845,0.23076923076923078,0.0,False,False
PE O-16:1_22:2,PC 14:0_18:0,0.0,0.0,-0.01885644134256695,0.1346153846153846,0.0,False,False
PE O-16:1_22:2,PC O-16:1_16:1,0.0,0.0,-0.006468152098465484,0.4807692307692308,0.0,False,False
PE O-16:1_22:2,PC 14:0_20:1,7.482520248605282e-05,0.02103209332942735,-8.79182908810534e-15,0.9230769230769231,0.0,False,False
PE O-16:1_22:2,PC 14:1_17:1,5.303373354627284e-06,0.0014906881591948936,-6.097834766361e-15,0.4807692307692308,0.0,False,False
PE O-16:1_22:2,PC 20:0_14:1,0.0,0.0,-5.0317165486147645e-15,0.4230769230769231,0.0,False,False
PE O-16:1_22:2,PC 14:1_20:1,0.0,0.0,0.010831519491381423,0.057692307692307696,0.0,False,False
PE O-16:1_22:2,PC 16:0_18:1,0.0,0.0,-1.5158241617099967e-14,0.07692307692307693,0.0,False,False
PE O-16:1_22:2,PC 17:0_17:1,0.0,0.0,-8.557727243097185e-15,0.36538461538461536,0.0,False,False
PE O-16:1_24:0,PA 20:1_20:1,0.0,0.0,0.0004265499365332569,0.046875,0.0,False,False
PE O-16:1_24:0,PS 14:0_22:0,0.0,0.0,-3.3737611624814204e-15,0.328125,0.0,False,False
PE O-16:1_24:0,PS 14:0_22:1,0.0,0.0,3.3061877645887946e-15,0.203125,0.0,False,False
PE O-16:1_24:0,PS 14:0_22:2,0.0,0.0,9.472808638116113e-16,0.15625,0.0,False,False
PE O-16:1_24:0,PS 16:0_18:1,2.1829745614539847e-07,0.0005450149405864192,-2.2531324739705585e-14,0.234375,0.0,False,False
PE O-16:1_24:0,PS 16:0_20:1,3.083801193362601e-07,0.0007699208931969383,-2.5177722725460744e-14,0.8125,0.0,False,False
PE O-16:1_24:0,PS 20:0_16:1,9.645727413326588e-07,0.002408212008474108,-7.865042197375657e-15,0.828125,0.0,False,False
PE O-16:1_24:0,PS 16:1_20:1,1.079376467305257e-05,0.02694838096541667,5.280542499924484e-16,0.65625,0.0,False,False
PE O-16:1_24:0,PS 18:0_18:1,2.541502534397777e-06,0.006345272534291217,-4.836740893023196e-14,0.9375,0.0,False,False
PE O-16:1_24:0,PS 18:0_18:2,0.0,0.0,-1.4987690877641183e-14,0.078125,0.0,False,False
PE O-16:1_24:0,PS 18:1_18:1,9.769382937063753e-07,0.002439084611899182,-4.2940818593710723e-14,0.828125,0.0,False,False
PE O-16:1_24:0,PE 16:0_22:4,0.0,0.0,-5.1036336209632824e-14,0.140625,0.0,False,False
PE O-16:1_24:0,PE 16:0_22:6,5.0468209787969676e-06,0.012600205629868966,-1.1102883699860999e-13,0.890625,0.0,False,False
PE O-16:1_24:0,PE 18:0_20:4,0.0,0.0,6.245008158527162e-05,0.046875,0.0,False,False
PE O-16:1_24:0,PE 18:0_22:6,0.0,0.0,-1.2599263697243672e-13,0.515625,0.0,False,False
PE O-16:1_24:0,PE 18:1_20:1,0.0,0.0,0.002033142126991777,0.0625,0.0,False,False
PE O-16:1_24:0,PE 18:1_20:3,3.198246276703287e-07,0.0007984939610643838,-1.512958718013248e-14,0.734375,0.0,False,False
PE O-16:1_24:0,PE 18:1_20:4,2.729887582278434e-06,0.006815606304968143,-2.1112822520391304e-14,0.546875,0.0,False,False
PE O-16:1_24:0,PE 18:1_20:5,0.0,0.0,-0.0007734704732100358,0.015625,0.0,False,False
PE O-16:1_24:0,PE 18:1_22:6,3.818081744516588e-06,0.00953245920445264,-1.2521184829242046e-13,0.90625,0.0,False,False
PE O-16:1_24:0,PE 18:2_22:6,0.0,0.0,-1.0096342825536881e-13,0.75,0.0,False,False
PE O-16:1_24:0,PE 20:1_18:3,1.4801818325263505e-06,0.003695513579297617,-5.5608624380138294e-15,0.5,0.0,False,False
PE O-16:1_24:0,PE 20:0_20:4,0.0,0.0,7.731710065869205e-16,0.328125,0.0,False,False
PE O-16:1_24:0,PE 20:1_20:4,1.0482943882556776e-05,0.02617236654153691,-4.4215665942553985e-15,0.40625,0.0,False,False
PE O-16:1_24:0,PE 20:1_20:5,1.6731558706035293e-06,0.004177304506935836,-5.45597745372686e-15,0.484375,0.0,False,False
PE O-16:1_24:0,PE 20:2_20:4,0.0,0.0,-2.8859363223819635e-15,0.59375,0.0,False,False
PE O-16:1_24:0,PE 20:3_20:4,0.0,0.0,-0.0003091303992202239,0.203125,0.0,False,False
PE O-16:1_24:0,PE O-16:0_22:3,6.353923460906768e-06,0.01586359859012839,1.2009683189602778e-15,0.125,0.0,False,False
PE O-16:1_24:0,PE O-16:0_22:4,0.0,0.0,0.0007132850947414063,0.15625,0.0,False,False
PE O-16:1_24:0,PE O-16:1_22:1,4.186709864944854e-05,0.1045279898624047,2.7635117592563655e-16,0.8125,0.0,False,False
PE O-16:1_24:0,PE O-16:1_22:2,3.4744021741041006e-05,0.08674407516830734,6.261244518798908e-16,0.8125,0.0,False,False
PE O-16:1_24:0,PE O-16:1_24:1,0.0001121770922025314,0.28006827162107845,4.4700794896512644e-17,1.0,0.984375,False,True
PE O-16:1_24:0,PE O-16:1_24:4,2.960438577548699e-05,0.0739121418976947,2.226419273555158e-16,1.0,0.0,False,True
PE O-16:1_24:0,PE O-16:1_24:5,3.0060348787948874e-05,0.07505052737654791,-7.951819704290703e-16,1.0,0.0,False,True
PE O-16:1_24:0,PE O-16:1_24:6,5.379251486977094e-05,0.13430172212458133,-4.17043794629123e-15,1.0,0.0,False,True
PE O-16:1_24:0,PE O-18:0_20:4,0.0,0.0,1.5910558632090505e-15,0.078125,0.0,False,False
PE O-16:1_24:0,PE O-18:0_22:5,2.4997017958570955e-06,0.006240910223183735,-4.4330681714469377e-16,0.640625,0.0,False,False
PE O-16:1_24:0,PE O-18:1_20:4,8.12197947724913e-06,0.020277836674783258,-1.5618123525290889e-15,1.0,0.0,False,True
PE O-16:1_24:0,PE O-18:1_22:4,0.0,0.0,0.00014363544592197952,0.203125,0.0,False,False
PE O-16:1_24:0,PE O-18:1_22:5,0.0,0.0,0.0008577631287030478,0.03125,0.0,False,False
PE O-16:1_24:0,PE O-18:2_22:5,0.0,0.0,-1.837354109855548e-15,0.078125,0.0,False,False
PE O-16:1_24:0,PE O-18:2_22:6,8.245328633332827e-07,0.0020585797812587648,-1.0289291046463783e-13,1.0,0.0,False,True
PE O-16:1_24:0,PE O-18:3_22:6,0.0,0.0,-1.1027725919142695e-13,0.546875,0.0,False,False
PE O-16:1_24:0,PE O-20:0_20:4,0.0,0.0,-5.695761186163849e-16,0.609375,0.0,False,False
PE O-16:1_24:0,PE O-20:1_20:4,0.0,0.0,-6.919419336178489e-16,0.03125,0.0,False,False
PE O-16:1_24:0,PE O-20:2_20:4,3.352973506828838e-07,0.00083712411902546,-3.4883461148198233e-15,0.765625,0.0,False,False
PE O-16:1_24:0,PE O-20:3_20:4,0.0,0.0,-4.478356447584789e-15,0.015625,0.0,False,False
PE O-16:1_24:0,PG 14:0_20:0,0.0,0.0,3.433827855623609e-15,0.015625,0.0,False,False
PE O-16:1_24:0,PG 14:0_22:4,0.0,0.0,-0.0001305020316350409,0.0625,0.0,False,False
PE O-16:1_24:0,PG 16:1_20:3,1.0249943086827751e-07,0.0002559064233327925,-1.5535778237963273e-15,0.453125,0.0,False,False
PE O-16:1_24:0,PG 14:0_22:3,0.0,0.0,3.2475440815645147e-15,0.03125,0.0,False,False
PE O-16:1_24:0,PG 14:0_22:2,0.0,0.0,-0.0036431236158773017,0.109375,0.0,False,False
PE O-16:1_24:0,PG 16:1_20:1,0.0,0.0,1.5966434625711145e-16,0.015625,0.015625,False,False
PE O-16:1_24:0,PG 14:0_22:0,0.0,0.0,-5.535457138110613e-15,0.03125,0.0,False,False
PE O-16:1_24:0,PG 16:1_22:6,1.59530887514428e-06,0.003982946879713673,-9.311256518803501e-14,0.40625,0.0,False,False
PE O-16:1_24:0,PG 16:0_22:6,0.0,0.0,-9.970238796511454e-14,0.4375,0.0,False,False
PE O-16:1_24:0,PG 16:1_22:4,0.0,0.0,-3.37481601768809e-14,0.171875,0.0,False,False
PE O-16:1_24:0,PG 18:1_20:4,0.0,0.0,0.0004406317374815046,0.40625,0.0,False,False
PE O-16:1_24:0,PG 16:0_22:4,1.910383355626169e-05,0.04769581329295889,-2.9208105143816875e-14,0.40625,0.0,False,False
PE O-16:1_24:0,PG 16:1_22:3,0.0,0.0,2.7460178734031743e-16,0.078125,0.0,False,False
PE O-16:1_24:0,PG 17:0_20:1,2.8281840223477826e-06,0.007061019281327198,1.7857340914499374e-15,0.796875,0.0,False,False
PE O-16:1_24:0,PG 17:0_20:3,0.0,0.0,0.0006358755873633633,0.078125,0.0,False,False
PE O-16:1_24:0,PG 17:1_20:1,0.0,0.0,0.0025812711549356416,0.1875,0.0,False,False
PE O-16:1_24:0,PC 14:0_18:0,0.0,0.0,-0.0005721549886759888,0.359375,0.0,False,False
PE O-16:1_24:0,PC O-16:1_16:1,5.582050416784098e-07,0.0013936492572903083,0.0002520216204878084,0.578125,0.0,False,False
PE O-16:1_24:0,PC 14:0_20:1,1.3625101887692476e-05,0.03401727270178798,-9.506060076375873e-15,0.96875,0.0,False,False
PE O-16:1_24:0,PC 14:1_17:1,9.86427738028069e-07,0.0024627765459441725,-1.2249166653849749e-14,0.453125,0.0,False,False
PE O-16:1_24:0,PC 20:0_14:1,0.0,0.0,-9.818933002804723e-16,0.53125,0.0,False,False
PE O-16:1_24:0,PC 14:1_20:1,0.0,0.0,0.0010545979636116377,0.125,0.0,False,False
PE O-16:1_24:0,PC 16:0_18:1,0.0,0.0,-4.265637017199517e-14,0.015625,0.0,False,False
PE O-16:1_24:0,PC 17:0_17:0,0.0,0.0,0.00013882834797372375,0.015625,0.0,False,False
PE O-16:1_24:0,PC 17:0_17:1,0.0,0.0,-5.637174670368001e-15,0.53125,0.0,False,False
PE O-16:1_24:1,PA 20:1_20:1,0.0,0.0,0.00045037577583514747,0.046875,0.0,False,False
PE O-16:1_24:1,PS 14:0_22:0,0.0,0.0,6.735606930762297e-16,0.140625,0.0,False,False
PE O-16:1_24:1,PS 14:0_22:1,0.0,0.0,-1.3198823938319987e-14,0.1875,0.0,False,False
PE O-16:1_24:1,PS 14:0_22:2,0.0,0.0,1.67602303643125e-14,0.15625,0.0,False,False
PE O-16:1_24:1,PS 16:0_18:1,2.4849864063355986e-07,0.0005665283403749648,-2.3090355828930002e-14,0.234375,0.0,False,False
PE O-16:1_24:1,PS 16:0_20:1,2.7205327993856665e-07,0.0006202283150692901,-3.2702797598313084e-14,0.8125,0.0,False,False
PE O-16:1_24:1,PS 20:0_16:1,1.1703322727362256e-06,0.0026681288817922513,-1.6937949851337924e-14,0.84375,0.0,False,False
PE O-16:1_24:1,PS 16:1_20:1,1.1415091364945854e-05,0.02602417763623773,2.096322496925182e-14,0.65625,0.0,False,False
PE O-16:1_24:1,PS 18:0_18:1,2.683094327736446e-06,0.006116930751357709,-6.907384162268425e-14,0.9375,0.0,False,False
PE O-16:1_24:1,PS 18:0_18:2,0.0,0.0,1.5617113626822936e-14,0.078125,0.0,False,False
PE O-16:1_24:1,PS 18:1_18:1,1.1222701324503648e-06,0.002558556593985779,-1.1806820433104585e-14,0.90625,0.0,False,False
PE O-16:1_24:1,PE 16:0_22:4,0.0,0.0,-4.189084574145768e-14,0.140625,0.0,False,False
PE O-16:1_24:1,PE 16:0_22:6,5.992146666827791e-06,0.013660923447252319,-2.890849751389136e-13,0.90625,0.0,False,False
PE O-16:1_24:1,PE 18:0_20:4,0.0,0.0,9.17027145966602e-05,0.046875,0.0,False,False
PE O-16:1_24:1,PE 18:0_22:6,0.0,0.0,-3.7797878794872173e-13,0.53125,0.0,False,False
PE O-16:1_24:1,PE 18:1_20:1,0.0,0.0,0.002209952607073648,0.0625,0.0,False,False
PE O-16:1_24:1,PE 18:1_20:3,3.408617583119944e-07,0.0007770981995774638,-2.4385435156061945e-14,0.484375,0.0,False,False
PE O-16:1_24:1,PE 18:1_20:4,3.028894519821468e-06,0.0069052876148954735,-4.536550291136822e-14,0.546875,0.0,False,False
PE O-16:1_24:1,PE 18:1_20:5,0.0,0.0,-0.000867663742517025,0.015625,0.0,False,False
PE O-16:1_24:1,PE 18:1_22:6,4.3841886733300695e-06,0.009995093440591518,-3.0961694804017376e-13,0.90625,0.0,False,False
PE O-16:1_24:1,PE 18:2_22:6,0.0,0.0,-2.830466551825082e-13,0.75,0.0,False,False
PE O-16:1_24:1,PE 20:1_18:3,1.5836075176085818e-06,0.0036103156800727622,-1.0000421350415802e-14,0.5,0.0,False,False
PE O-16:1_24:1,PE 20:0_20:4,0.0,0.0,-2.0150056903078117e-14,0.328125,0.0,False,False
PE O-16:1_24:1,PE 20:1_20:4,1.095091259354676e-05,0.02496594074476999,-2.326436890088452e-14,0.390625,0.0,False,False
PE O-16:1_24:1,PE 20:1_20:5,1.7156446389231944e-06,0.003911334514685064,-3.966265067082407e-14,0.484375,0.0,False,False
PE O-16:1_24:1,PE 20:2_20:4,0.0,0.0,-4.65767034251951e-14,0.59375,0.0,False,False
PE O-16:1_24:1,PE 20:3_20:4,0.0,0.0,-0.0003493109055547711,0.171875,0.0,False,False
PE O-16:1_24:1,PE O-16:0_22:3,7.51030689676599e-06,0.017122032100794018,6.649734760365836e-15,0.171875,0.0,False,False
PE O-16:1_24:1,PE O-16:0_22:4,0.0,0.0,0.0008547474644428969,0.171875,0.0,False,False
PE O-16:1_24:1,PE O-16:1_22:1,4.429465727290565e-05,0.10098316275822766,-6.15275608381664e-16,0.8125,0.0,False,False
PE O-16:1_24:1,PE O-16:1_22:2,3.774558863988602e-05,0.0860525660587571,5.606770244589861e-16,0.8125,0.0,False,False
PE O-16:1_24:1,PE O-16:1_24:0,0.00010670324093862396,0.24326253796587077,1.2542325302719595e-16,1.0,0.984375,False,True
PE O-16:1_24:1,PE O-16:1_24:4,3.239760083920324e-05,0.07386019894824987,-5.509723368728615e-16,1.0,0.0,False,True
PE O-16:1_24:1,PE O-16:1_24:5,3.3619613256308614e-05,0.07664614846014756,-5.2604241822942085e-16,1.0,0.0,False,True
PE O-16:1_24:1,PE O-16:1_24:6,6.10814171380738e-05,0.13925369487236763,-1.6901989338232224e-15,1.0,0.0,False,True
PE O-16:1_24:1,PE O-18:0_20:4,0.0,0.0,-1.678377463318277e-14,0.078125,0.0,False,False
PE O-16:1_24:1,PE O-18:0_22:5,3.1594156571931008e-06,0.007202850302363221,-1.0293210368040314e-14,0.65625,0.0,False,False
PE O-16:1_24:1,PE O-18:1_20:4,9.288160461626283e-06,0.02117519081008151,-1.1800530084203854e-14,1.0,0.0,False,True
PE O-16:1_24:1,PE O-18:1_22:4,0.0,0.0,0.00017773653438056842,0.203125,0.0,False,False
PE O-16:1_24:1,PE O-18:1_22:5,0.0,0.0,0.0010294196189002418,0.015625,0.0,False,False
PE O-16:1_24:1,PE O-18:2_22:5,0.0,0.0,-1.2317517277953629e-14,0.078125,0.0,False,False
PE O-16:1_24:1,PE O-18:2_22:6,1.2471376688930058e-06,0.0028432301761317502,-2.9864903950855886e-13,1.0,0.0,False,True
PE O-16:1_24:1,PE O-18:3_22:0,1.1056265836170958e-05,0.025206125550388387,-5.262514113029201e-17,0.859375,0.0,False,False
PE O-16:1_24:1,PE O-18:3_22:6,0.0,0.0,-3.095907999231747e-13,0.546875,0.0,False,False
PE O-16:1_24:1,PE O-20:0_20:4,0.0,0.0,-1.8322402196979683e-14,0.140625,0.0,False,False
PE O-16:1_24:1,PE O-20:1_20:4,0.0,0.0,-2.0256602257171208e-14,0.078125,0.0,False,False
PE O-16:1_24:1,PE O-20:2_20:4,1.0662610239239173e-06,0.0024308667715446162,-2.298586678680906e-14,0.765625,0.0,False,False
PE O-16:1_24:1,PE O-20:3_20:4,0.0,0.0,-2.1979822096607307e-14,0.015625,0.0,False,False
PE O-16:1_24:1,PG 14:0_20:0,0.0,0.0,1.0048106032333211e-14,0.015625,0.0,False,False
PE O-16:1_24:1,PG 14:0_22:4,0.0,0.0,-0.00013643038195365218,0.0625,0.0,False,False
PE O-16:1_24:1,PG 16:1_20:3,1.8110576096783126e-07,0.00041288574429164957,-2.9775859882304575e-15,0.46875,0.0,False,False
PE O-16:1_24:1,PG 14:0_22:3,0.0,0.0,1.8796220329646016e-15,0.03125,0.0,False,False
PE O-16:1_24:1,PG 14:0_22:2,0.0,0.0,-0.0041398144828132775,0.109375,0.0,False,False
PE O-16:1_24:1,PG 16:1_20:1,0.0,0.0,-9.56187850766337e-16,0.015625,0.015625,False,False
PE O-16:1_24:1,PG 14:0_22:0,0.0,0.0,-1.9169804013815745e-15,0.015625,0.0,False,False
PE O-16:1_24:1,PG 16:1_22:6,2.0889276313128258e-06,0.004762346792376126,-2.5870250772160367e-13,0.421875,0.0,False,False
PE O-16:1_24:1,PG 16:0_22:6,0.0,0.0,-2.537438489807465e-13,0.4375,0.0,False,False
PE O-16:1_24:1,PG 16:1_22:4,3.089833048599243e-09,7.044215552228836e-06,-2.2044113162578005e-14,0.171875,0.0,False,False
PE O-16:1_24:1,PG 18:1_20:4,0.0,0.0,0.0004960388083496932,0.4375,0.0,False,False
PE O-16:1_24:1,PG 16:0_22:4,2.2319058987300966e-05,0.050883093020424874,-2.3295615078430637e-14,0.40625,0.0,False,False
PE O-16:1_24:1,PG 16:1_22:3,0.0,0.0,1.8119767994700386e-15,0.078125,0.0,False,False
PE O-16:1_24:1,PG 17:0_20:1,3.352294404972058e-06,0.007642576155970394,8.666702929894965e-16,0.8125,0.0,False,False
PE O-16:1_24:1,PG 17:0_20:3,0.0,0.0,0.0006892348375250353,0.078125,0.0,False,False
PE O-16:1_24:1,PG 17:1_20:1,0.0,0.0,0.002851242165379623,0.1875,0.0,False,False
PE O-16:1_24:1,PC 14:0_18:0,0.0,0.0,-0.0005879292752196087,0.359375,0.0,False,False
PE O-16:1_24:1,PC O-16:1_16:1,6.353895846836558e-07,0.001448564088659067,0.0003007362586123376,0.546875,0.0,False,False
PE O-16:1_24:1,PC 14:0_20:1,1.492007639610285e-05,0.034014858581927786,7.902137744715687e-15,0.96875,0.0,False,False
PE O-16:1_24:1,PC 14:1_17:1,1.056880138266018e-06,0.0024094801854068924,-2.8803493911979824e-15,0.453125,0.0,False,False
PE O-16:1_24:1,PC 20:0_14:1,0.0,0.0,5.035376329411113e-15,0.53125,0.0,False,False
PE O-16:1_24:1,PC 14:1_20:1,0.0,0.0,0.0011493301157841779,0.125,0.0,False,False
PE O-16:1_24:1,PC 16:0_18:1,0.0,0.0,-3.7861171918916906e-14,0.015625,0.0,False,False
PE O-16:1_24:1,PC 17:0_17:0,0.0,0.0,0.00011570396251124745,0.015625,0.0,False,False
PE O-16:1_24:1,PC 17:0_17:1,0.0,0.0,-8.329475154025828e-16,0.53125,0.0,False,False
PE O-16:1_24:4,PA 20:1_20:1,0.0,0.0,0.0002555892402591883,0.046875,0.0,False,False
PE O-16:1_24:4,PS 14:0_22:0,0.0,0.0,2.3589532149818795e-15,0.0625,0.0,False,False
PE O-16:1_24:4,PS 14:0_22:1,0.0,0.0,5.8602298015816884e-15,0.046875,0.0,False,False
PE O-16:1_24:4,PS 14:0_22:2,0.0,0.0,4.44304642129129e-15,0.046875,0.0,False,False
PE O-16:1_24:4,PS 16:0_18:1,2.3076352123879013e-07,0.0007963583585239666,1.4892800022098822e-14,0.25,0.0,False,False
PE O-16:1_24:4,PS 16:0_20:1,1.6401269387414374e-07,0.0005660031488926319,6.735595158724021e-15,0.953125,0.0,False,False
PE O-16:1_24:4,PS 16:0_20:2,0.0,0.0,0.00013649548885757366,0.03125,0.0,False,False
PE O-16:1_24:4,PS 20:0_16:1,6.846360247475536e-07,0.002362659478965724,-1.2533209743131669e-15,0.6875,0.0,False,False
PE O-16:1_24:4,PS 16:1_20:1,6.264919417933029e-06,0.021620058998785233,9.483502088063025e-15,0.828125,0.0,False,False
PE O-16:1_24:4,PS 18:0_18:1,1.3140993927601707e-06,0.004534919686343912,-5.759352296717533e-15,0.921875,0.0,False,False
PE O-16:1_24:4,PS 18:0_18:2,0.0,0.0,1.9421241763592124e-14,0.3125,0.0,False,False
PE O-16:1_24:4,PS 18:1_18:1,5.397881628621537e-07,0.00186279362101931,1.681975277935714e-14,0.484375,0.0,False,False
PE O-16:1_24:4,PE 16:0_22:4,0.0,0.0,2.657692784406964e-14,0.609375,0.0,False,False
PE O-16:1_24:4,PE 16:0_22:6,1.459631047594917e-06,0.005037145294340024,-6.254619025104935e-14,0.421875,0.0,False,False
PE O-16:1_24:4,PE 18:0_22:6,0.0,0.0,-7.301919761243175e-14,0.53125,0.0,False,False
PE O-16:1_24:4,PE 18:1_20:1,0.0,0.0,0.001155306921750081,0.0625,0.0,False,False
PE O-16:1_24:4,PE 18:1_20:3,2.3884691647060863e-07,0.0008242539259150114,-7.012499981684278e-16,0.40625,0.0,False,False
PE O-16:1_24:4,PE 18:1_20:4,5.861243701915653e-07,0.0020226985566477304,2.0864427210313236e-14,0.078125,0.0,False,False
PE O-16:1_24:4,PE 18:1_20:5,0.0,0.0,-0.0003335978837152666,0.015625,0.0,False,False
PE O-16:1_24:4,PE 18:1_22:6,6.515856485374283e-07,0.0022486035692361288,-6.94757535905163e-14,0.515625,0.0,False,False
PE O-16:1_24:4,PE 18:2_22:6,0.0,0.0,-7.567013471166844e-14,0.546875,0.0,False,False
PE O-16:1_24:4,PE 20:1_18:3,8.938232824128034e-07,0.003084558764624682,1.6771578341051651e-15,0.734375,0.0,False,False
PE O-16:1_24:4,PE 20:0_20:4,0.0,0.0,2.118848117627931e-14,0.21875,0.0,False,False
PE O-16:1_24:4,PE 20:1_20:4,4.475866931105774e-06,0.015446089672633851,1.8234128872235488e-14,0.515625,0.0,False,False
PE O-16:1_24:4,PE 20:1_20:5,1.1921840643996928e-06,0.004114193350349086,-1.797241574864495e-15,0.9375,0.0,False,False
PE O-16:1_24:4,PE 20:2_20:4,0.0,0.0,1.981693065721354e-14,0.03125,0.0,False,False
PE O-16:1_24:4,PE 20:3_20:4,0.0,0.0,-0.00024508540050261976,0.046875,0.0,False,False
PE O-16:1_24:4,PE O-16:0_22:3,3.5097097253824778e-06,0.012111908592818653,4.7223888477245576e-15,0.296875,0.0,False,False
PE O-16:1_24:4,PE O-16:0_22:4,0.0,0.0,0.0005068678458677728,0.15625,0.0,False,False
PE O-16:1_24:4,PE O-16:1_22:1,2.334390967062604e-05,0.08055916934806508,-2.028270931515136e-15,0.8125,0.0,False,False
PE O-16:1_24:4,PE O-16:1_22:2,2.0304182459361057e-05,0.07006915706480343,1.0550779620056863e-15,0.8125,0.0,False,False
PE O-16:1_24:4,PE O-16:1_24:0,3.370325916912144e-05,0.11630899028038291,-2.118288970670141e-16,1.0,0.0,False,True
PE O-16:1_24:4,PE O-16:1_24:1,3.877530861453476e-05,0.13381248887937547,-2.0961079343280453e-16,1.0,0.0,False,True
PE O-16:1_24:4,PE O-16:1_24:5,6.0861240637943e-05,0.21003041309120618,-5.688829309035073e-16,1.0,0.515625,False,True
PE O-16:1_24:4,PE O-16:1_24:6,3.246059409994263e-05,0.11202058841611133,-4.388183014213887e-15,1.0,0.0,False,True
PE O-16:1_24:4,PE O-18:0_20:4,0.0,0.0,1.9154896038140552e-14,0.25,0.0,False,False
PE O-16:1_24:4,PE O-18:0_22:5,1.4525618442896328e-05,0.05012749674486214,-3.3583937441628094e-15,0.671875,0.0,False,False
PE O-16:1_24:4,PE O-18:1_20:1,0.0,0.0,-3.725120211685458e-15,0.078125,0.0,False,False
PE O-16:1_24:4,PE O-18:1_20:4,2.208647178536527e-06,0.007621978691501616,1.850626246185758e-14,0.765625,0.0,False,False
PE O-16:1_24:4,PE O-18:1_22:4,0.0,0.0,0.00012981110709512576,0.203125,0.0,False,False
PE O-16:1_24:4,PE O-18:1_22:6,0.0,0.0,-8.218138659435795e-14,0.34375,0.0,False,False
PE O-16:1_24:4,PE O-18:2_22:4,0.0,0.0,1.7540091439396045e-05,0.015625,0.0,False,False
PE O-16:1_24:4,PE O-18:2_22:5,0.0,0.0,-7.404451601734513e-15,0.109375,0.0,False,False
PE O-16:1_24:4,PE O-18:2_22:6,4.563886842744169e-06,0.015749843888089955,-7.531862016060593e-14,0.90625,0.0,False,False
PE O-16:1_24:4,PE O-18:3_22:0,0.0,0.0,1.4662589231972857e-15,0.34375,0.0,False,False
PE O-16:1_24:4,PE O-18:3_22:6,0.0,0.0,-7.946289264341842e-14,0.546875,0.0,False,False
PE O-16:1_24:4,PE O-20:0_20:4,2.4607015060990056e-08,8.491811018027827e-05,1.753580818606055e-14,0.890625,0.0,False,False
PE O-16:1_24:4,PE O-20:1_20:4,1.565780924778909e-05,0.05403465506035403,2.009149029768554e-14,1.0,0.0,False,True
PE O-16:1_24:4,PE O-20:2_20:4,0.0,0.0,1.670307706241079e-14,0.421875,0.0,False,False
PE O-16:1_24:4,PE O-20:3_20:4,0.0,0.0,1.7111733775456164e-14,0.140625,0.0,False,False
PE O-16:1_24:4,PG 14:0_20:0,0.0,0.0,3.664103588732166e-15,0.171875,0.0,False,False
PE O-16:1_24:4,PG 14:0_22:4,0.0,0.0,-6.820782517742017e-05,0.015625,0.0,False,False
PE O-16:1_24:4,PG 16:1_20:3,1.5318918852001706e-07,0.0005286515392837263,2.5923624119900576e-15,0.71875,0.046875,False,False
PE O-16:1_24:4,PG 14:0_22:3,0.0,0.0,3.3387080744091993e-16,0.0625,0.0,False,False
PE O-16:1_24:4,PG 14:0_22:2,0.0,0.0,-0.00188251342900071,0.03125,0.0,False,False
PE O-16:1_24:4,PG 16:1_20:1,0.0,0.0,-1.0043954492263072e-14,0.140625,0.015625,False,False
PE O-16:1_24:4,PG 14:0_22:0,7.904327327303701e-07,0.002727760913777219,-1.536441108498448e-15,0.515625,0.0,False,False
PE O-16:1_24:4,PG 16:1_22:6,3.1517434062947047e-07,0.00108765769912497,-6.795434569383949e-14,0.40625,0.0,False,False
PE O-16:1_24:4,PG 16:0_22:6,0.0,0.0,-5.928874332748928e-14,0.71875,0.0,False,False
PE O-16:1_24:4,PG 16:1_22:4,0.0,0.0,1.7916818750001026e-14,0.21875,0.0,False,False
PE O-16:1_24:4,PG 18:1_20:4,0.0,0.0,0.00021116082672677333,0.171875,0.0,False,False
PE O-16:1_24:4,PG 14:0_24:4,0.0,0.0,0.5423605719323691,0.484375,0.421875,False,False
PE O-16:1_24:4,PG 16:0_22:4,1.0105974552754304e-05,0.03487543118996043,1.3947135283709322e-14,0.03125,0.0,False,False
PE O-16:1_24:4,PG 17:0_20:1,1.6327680664081096e-06,0.005634636229482812,3.2801593805645425e-15,0.921875,0.0,False,False
PE O-16:1_24:4,PG 17:0_20:3,0.0,0.0,0.0003295659071950845,0.078125,0.0,False,False
PE O-16:1_24:4,PG 17:1_20:1,0.0,0.0,0.0013050142852392102,0.1875,0.0,False,False
PE O-16:1_24:4,PC 14:0_18:0,0.0,0.0,-0.00019143747056969392,0.0625,0.0,False,False
PE O-16:1_24:4,PC O-16:1_16:1,3.881370223401265e-07,0.0013394498416988356,0.00015502541650482858,0.5,0.0,False,False
PE O-16:1_24:4,PC 14:0_20:1,7.07774735043791e-06,0.024425105111000687,-7.638331568133806e-15,0.46875,0.0,False,False
PE O-16:1_24:4,PC 14:1_17:1,6.749865543557738e-07,0.002329359430671385,-2.7136649544858937e-15,0.421875,0.0,False,False
PE O-16:1_24:4,PC 20:0_14:1,0.0,0.0,-2.1314430761415054e-15,0.53125,0.0,False,False
PE O-16:1_24:4,PC 14:1_20:1,0.0,0.0,0.0005954042527904711,0.125,0.0,False,False
PE O-16:1_24:4,PC 16:0_18:1,0.0,0.0,4.31227478932674e-15,0.515625,0.0,False,False
PE O-16:1_24:4,PC 17:0_17:0,0.0,0.0,0.00012503280154189052,0.015625,0.0,False,False
PE O-16:1_24:4,PC 17:0_17:1,0.0,0.0,-7.169949260329702e-15,0.515625,0.0,False,False
PE O-16:1_24:5,PA 20:1_20:1,0.0,0.0,0.0004068644543761542,0.046875,0.0,False,False
PE O-16:1_24:5,PS 14:0_22:0,0.0,0.0,3.2080279050389585e-15,0.015625,0.0,False,False
PE O-16:1_24:5,PS 14:0_22:1,0.0,0.0,2.626980125350766e-15,0.046875,0.0,False,False
PE O-16:1_24:5,PS 14:0_22:2,0.0,0.0,1.0699062298318094e-14,0.015625,0.0,False,False
PE O-16:1_24:5,PS 16:0_18:1,3.426521620487205e-07,0.0008791922611914349,-1.0314780074046303e-14,0.6875,0.0,False,False
PE O-16:1_24:5,PS 16:0_20:1,0.0,0.0,2.833921055711499e-15,0.515625,0.0,False,False
PE O-16:1_24:5,PS 16:0_20:2,0.0,0.0,0.00033012775175789367,0.046875,0.0,False,False
PE O-16:1_24:5,PS 20:0_16:1,2.148884292559744e-06,0.005513703543903884,1.8770202066834274e-15,0.984375,0.0,False,False
PE O-16:1_24:5,PS 16:1_20:1,5.6609048851574695e-06,0.014525003247064206,1.457766640590423e-14,0.796875,0.0,False,False
PE O-16:1_24:5,PS 18:0_18:1,5.682502902740194e-07,0.0014580420407727293,-4.363299347477918e-14,0.609375,0.0,False,False
PE O-16:1_24:5,PS 18:0_18:2,0.0,0.0,9.441534429374069e-15,0.21875,0.0,False,False
PE O-16:1_24:5,PS 18:1_18:1,8.030092461808191e-07,0.0020603970822368847,-3.342269261438179e-14,0.796875,0.0,False,False
PE O-16:1_24:5,PE 16:0_22:4,0.0,0.0,1.6151173479040063e-14,0.296875,0.0,False,False
PE O-16:1_24:5,PE 16:0_22:6,9.87979100509906e-07,0.002535001017339787,-1.2407034722146412e-13,0.5,0.0,False,False
PE O-16:1_24:5,PE 18:0_22:6,1.2512448094303963e-07,0.00032104999622058097,-1.786903612575817e-13,0.796875,0.0,False,False
PE O-16:1_24:5,PE 18:1_20:1,0.0,0.0,0.0016542258666994096,0.0625,0.0,False,False
PE O-16:1_24:5,PE 18:1_20:3,4.0129058506699344e-07,0.0010296493527734367,-3.469330327452998e-14,0.84375,0.0,False,False
PE O-16:1_24:5,PE 18:1_20:5,0.0,0.0,-0.0005738132994068419,0.03125,0.0,False,False
PE O-16:1_24:5,PE 18:1_22:6,6.409485514145136e-06,0.016445744946018356,-1.678451985515578e-13,0.96875,0.0,False,False
PE O-16:1_24:5,PE 18:2_22:6,0.0,0.0,-1.3309227390351352e-13,0.0625,0.0,False,False
PE O-16:1_24:5,PE 20:1_18:3,1.2541423826673004e-06,0.00321793468536906,-2.365435172379446e-15,0.90625,0.0,False,False
PE O-16:1_24:5,PE 20:0_20:4,0.0,0.0,-9.602447217629652e-14,0.015625,0.0,False,False
PE O-16:1_24:5,PE 20:1_20:5,1.9073641280946407e-06,0.004894000290757011,-2.092104620213191e-14,0.9375,0.0,False,False
PE O-16:1_24:5,PE 20:2_20:4,0.0,0.0,-1.112033649042547e-13,0.015625,0.0,False,False
PE O-16:1_24:5,PE O-16:0_22:3,3.487657497400318e-06,0.008948787782534572,3.8518287340623634e-15,0.28125,0.0,False,False
PE O-16:1_24:5,PE O-16:0_22:4,0.0,0.0,0.0007374129196708347,0.15625,0.0,False,False
PE O-16:1_24:5,PE O-16:1_22:1,1.887632280637725e-05,0.04843371432968969,-2.268422949467235e-16,0.8125,0.0,False,False
PE O-16:1_24:5,PE O-16:1_22:2,1.7756308473059444e-05,0.045559931399534154,4.2358308301268683e-16,0.8125,0.0,False,False
PE O-16:1_24:5,PE O-16:1_24:0,2.843926162003239e-05,0.07297073096178479,-4.448149009414736e-16,1.0,0.0,False,True
PE O-16:1_24:5,PE O-16:1_24:1,3.3438253194921844e-05,0.08579736739718855,-4.575650788099355e-16,1.0,0.0,False,True
PE O-16:1_24:5,PE O-16:1_24:4,5.057655648914479e-05,0.12977159343487524,-6.431615877688586e-16,1.0,0.0,False,True
PE O-16:1_24:5,PE O-16:1_24:6,6.621689110703887e-05,0.16990226436448633,-2.876550998236922e-15,1.0,0.015625,False,True
PE O-16:1_24:5,PE O-18:0_20:3,0.0,0.0,-0.0012301440317712981,0.015625,0.0,False,False
PE O-16:1_24:5,PE O-18:0_20:4,0.0,0.0,-8.935224866217444e-14,0.015625,0.0,False,False
PE O-16:1_24:5,PE O-18:0_20:5,0.0,0.0,-0.0006723862020360598,0.015625,0.0,False,False
PE O-16:1_24:5,PE O-18:0_22:5,8.572087401481111e-06,0.021994645708866705,2.7841399264685473e-15,0.640625,0.0,False,False
PE O-16:1_24:5,PE O-18:1_20:4,0.0,0.0,-1.0156342662013618e-13,0.109375,0.0,False,False
PE O-16:1_24:5,PE O-18:1_22:4,0.0,0.0,0.0004347932118630052,0.203125,0.0,False,False
PE O-16:1_24:5,PE O-18:1_22:5,0.0,0.0,0.0057145147367377806,0.03125,0.0,False,False
PE O-16:1_24:5,PE O-18:2_22:4,0.0,0.0,0.0003776554881919437,0.078125,0.0,False,False
PE O-16:1_24:5,PE O-18:2_22:5,0.0,0.0,1.1940818751594392e-15,0.015625,0.0,False,False
PE O-16:1_24:5,PE O-18:2_22:6,3.118143424355596e-06,0.008000672027245529,-1.3110472949024536e-13,0.875,0.0,False,False
PE O-16:1_24:5,PE O-18:3_22:6,0.0,0.0,-1.4128885090934545e-13,0.078125,0.0,False,False
PE O-16:1_24:5,PE O-20:0_20:4,0.0,0.0,-8.805104883548925e-14,0.015625,0.0,False,False
PE O-16:1_24:5,PE O-20:1_20:4,0.0,0.0,-9.718579163788963e-14,0.03125,0.0,False,False
PE O-16:1_24:5,PE O-20:2_20:4,0.00010204880918791327,0.26184140431326886,-1.0393324120143567e-13,0.984375,0.96875,False,False
PE O-16:1_24:5,PG 14:0_20:0,4.456195290120351e-07,0.0011433905421774247,2.6191082764058898e-15,0.859375,0.0,False,False
PE O-16:1_24:5,PG 14:0_22:4,0.0,0.0,-5.221209280532108e-05,0.046875,0.0,False,False
PE O-16:1_24:5,PG 16:1_20:3,7.909710514515667e-08,0.00020295089431357242,-5.855706281092494e-15,0.671875,0.0,False,False
PE O-16:1_24:5,PG 14:0_22:3,0.0,0.0,3.3507606027207954e-15,0.28125,0.0,False,False
PE O-16:1_24:5,PG 16:1_20:2,0.0,0.0,0.00028631900434411783,0.03125,0.0,False,False
PE O-16:1_24:5,PG 16:1_20:1,0.0,0.0,-6.1945907640583275e-15,0.125,0.015625,False,False
PE O-16:1_24:5,PG 14:0_22:1,7.89195572546697e-06,0.02024953339856478,-2.2416808372770353e-14,1.0,0.0,False,True
PE O-16:1_24:5,PG 14:0_22:0,1.2352619067198742e-05,0.03169490314724091,1.3010724981426202e-16,1.0,0.0,False,True
PE O-16:1_24:5,PG 16:1_22:6,0.0,0.0,-1.1876278598524245e-13,0.015625,0.0,False,False
PE O-16:1_24:5,PG 16:0_22:6,0.0,0.0,-1.1353057726080674e-13,0.359375,0.0,False,False
PE O-16:1_24:5,PG 16:1_22:4,4.8501099262450095e-08,0.00012444629234459827,1.1768994513566755e-14,0.078125,0.0,False,False
PE O-16:1_24:5,PG 18:1_20:4,0.0,0.0,-0.0001027591560875353,0.03125,0.0,False,False
PE O-16:1_24:5,PG 16:0_22:4,1.0142179694996173e-05,0.026023258823581204,8.367054766176399e-15,0.484375,0.0,False,False
PE O-16:1_24:5,PG 16:1_22:3,0.0,0.0,-3.9167992056355696e-16,0.078125,0.0,False,False
PE O-16:1_24:5,PG 17:0_20:1,1.6447613840502896e-06,0.004220202410857451,5.465502332206101e-15,0.953125,0.0,False,False
PE O-16:1_24:5,PG 17:0_20:3,0.0,0.0,0.0003203161215483233,0.078125,0.0,False,False
PE O-16:1_24:5,PG 17:1_20:1,0.0,0.0,0.0014421681505713603,0.1875,0.0,False,False
PE O-16:1_24:5,PC 14:0_18:0,0.0,0.0,-0.0004146361422166253,0.3125,0.0,False,False
PE O-16:1_24:5,PC O-16:1_16:1,3.641581047385961e-07,0.0009343731719713783,0.00017377739047604927,0.9375,0.0,False,False
PE O-16:1_24:5,PC 14:0_20:1,3.371002350226193e-06,0.008649468782151159,3.711564650981418e-15,0.484375,0.0,False,False
PE O-16:1_24:5,PC 14:1_17:1,2.55915631789793e-07,0.0006566397878309927,4.8717320924274224e-15,0.4375,0.0,False,False
PE O-16:1_24:5,PC 20:0_14:1,0.0,0.0,5.595400832504991e-15,0.46875,0.0,False,False
PE O-16:1_24:5,PC 14:1_20:1,0.0,0.0,0.0005456290910045838,0.125,0.0,False,False
PE O-16:1_24:5,PC 16:0_18:1,0.0,0.0,-4.331577614667882e-14,0.765625,0.0,False,False
PE O-16:1_24:5,PC 17:0_17:0,0.0,0.0,0.00010411213359123512,0.015625,0.0,False,False
PE O-16:1_24:5,PC 17:0_17:1,0.0,0.0,4.796712166909042e-15,0.0625,0.0,False,False
PE O-16:1_24:6,PA 20:1_20:1,0.0,0.0,0.0027649697022970147,0.046875,0.0,False,False
PE O-16:1_24:6,PS 14:0_22:0,0.0,0.0,5.555943338902563e-16,0.03125,0.0,False,False
PE O-16:1_24:6,PS 14:0_22:1,0.0,0.0,7.702023632842473e-16,0.03125,0.0,False,False
PE O-16:1_24:6,PS 14:0_22:2,0.0,0.0,4.332297894135477e-15,0.03125,0.0,False,False
PE O-16:1_24:6,PS 16:0_18:1,2.668952094542036e-06,0.0004704920425355517,-4.926424946024549e-16,0.140625,0.0,False,False
PE O-16:1_24:6,PS 16:0_20:1,0.0,0.0,-1.3111520043514933e-15,0.140625,0.0,False,False
PE O-16:1_24:6,PS 20:0_16:1,0.0,0.0,-1.7984044384010347e-15,0.046875,0.0,False,False
PE O-16:1_24:6,PS 16:1_20:1,7.751375630744503e-05,0.013664391205924067,4.0133690282121416e-15,0.9375,0.0,False,False
PE O-16:1_24:6,PS 18:0_18:1,7.643264409035178e-05,0.013473809030893449,-2.065489283744146e-14,0.953125,0.0,False,False
PE O-16:1_24:6,PS 18:0_18:2,0.0,0.0,-1.8177950964907615e-15,0.09375,0.0,False,False
PE O-16:1_24:6,PS 18:1_18:1,1.3795356091833577e-05,0.0024318927561214863,-8.584863571790121e-15,0.78125,0.0,False,False
PE O-16:1_24:6,PE 16:0_22:4,0.0,0.0,1.3463173469944007e-15,0.046875,0.0,False,False
PE O-16:1_24:6,PE 16:0_24:6,0.001468996717009872,0.258959786980586,0.8482646459708759,1.0,0.90625,False,True
PE O-16:1_24:6,PE 18:0_20:4,0.0,0.0,0.007659591058999022,0.28125,0.0,False,False
PE O-16:1_24:6,PE 18:1_20:1,0.0,0.0,0.007819474543361255,0.0625,0.0,False,False
PE O-16:1_24:6,PE 18:1_20:3,7.883303651184254e-06,0.0013896958451815459,-6.154748556554542e-15,0.59375,0.0,False,False
PE O-16:1_24:6,PE 18:1_20:4,0.0001245554012249614,0.021957053950502917,4.16130754552607e-14,0.921875,0.0,False,False
PE O-16:1_24:6,PE 18:1_20:5,0.0,0.0,0.0267937707558234,0.078125,0.0,False,False
PE O-16:1_24:6,PE 18:1_22:6,0.0,0.0,-5.390422150267181e-14,0.546875,0.0,False,False
PE O-16:1_24:6,PE 18:2_22:6,2.334003229313708e-05,0.004114461060916149,-4.9041030893867615e-14,0.90625,0.0,False,False
PE O-16:1_24:6,PE 20:1_18:3,1.7710251597535115e-05,0.0031220239827394088,2.789000388737746e-15,0.5625,0.0,False,False
PE O-16:1_24:6,PE 20:0_20:4,0.0,0.0,4.53717895471616e-14,0.203125,0.0,False,False
PE O-16:1_24:6,PE 20:1_20:4,7.467513860348954e-06,0.001316398992699412,4.485398213672824e-14,0.40625,0.0,False,False
PE O-16:1_24:6,PE 20:2_20:4,0.0,0.0,4.0396209960874636e-14,0.03125,0.0,False,False
PE O-16:1_24:6,PE 20:3_20:4,0.0,0.0,-0.001795262035832164,0.125,0.0,False,False
PE O-16:1_24:6,PE O-16:0_22:3,0.00014663767593993784,0.025849793185398463,-1.987700653039205e-15,0.21875,0.0,False,False
PE O-16:1_24:6,PE O-16:0_22:4,0.0,0.0,0.004910424471799871,0.171875,0.0,False,False
PE O-16:1_24:6,PE O-16:1_22:1,0.0001399852595513984,0.024677082374724303,1.3735953473607179e-15,0.84375,0.0,False,False
PE O-16:1_24:6,PE O-16:1_22:2,0.00012289253898424557,0.02166391888311465,-7.159627602360609e-17,0.84375,0.0,False,False
PE O-16:1_24:6,PE O-16:1_24:0,0.0001918089359572684,0.03381273805537939,5.431192251891735e-16,1.0,0.0,False,True
PE O-16:1_24:6,PE O-16:1_24:1,0.00022896861882853049,0.04036337458790712,-5.0262032157986094e-17,1.0,0.0,False,True
PE O-16:1_24:6,PE O-16:1_24:4,0.00010332436062857509,0.018214373189849163,1.194401258790272e-16,1.0,0.0,False,True
PE O-16:1_24:6,PE O-16:1_24:5,0.00019859211192874962,0.035008499614467205,-1.233075225755359e-16,1.0,0.0,False,True
PE O-16:1_24:6,PE O-18:0_20:3,0.0,0.0,-0.004252515161286088,0.015625,0.0,False,False
PE O-16:1_24:6,PE O-18:0_20:4,3.513938278753778e-05,0.006194491094447356,4.3138202693637286e-14,0.84375,0.0,False,False
PE O-16:1_24:6,PE O-18:0_20:5,0.0,0.0,0.048066582232001165,0.03125,0.0,False,False
PE O-16:1_24:6,PE O-18:0_22:5,0.0,0.0,-5.17084215726044e-16,0.125,0.0,False,False
PE O-16:1_24:6,PE O-18:1_22:4,0.0,0.0,-0.004563116538349978,0.03125,0.0,False,False
PE O-16:1_24:6,PE O-18:1_22:6,0.0008986814233922155,0.158422648104185,-5.2017948907332717e-14,1.0,0.0625,False,True
PE O-16:1_24:6,PE O-20:1_18:2,0.0,0.0,-0.008986080068594308,0.015625,0.0,False,False
PE O-16:1_24:6,PE O-18:2_22:4,0.0,0.0,0.00510627356784452,0.265625,0.0,False,False
PE O-16:1_24:6,PE O-18:2_22:5,0.00017124050241887605,0.03018686394282981,-3.0865950107954623e-15,0.78125,0.0,False,False
PE O-16:1_24:6,PE O-18:2_22:6,0.0,0.0,-5.011413884034138e-14,0.15625,0.0,False,False
PE O-16:1_24:6,PE O-18:3_22:6,0.0,0.0,-5.3122719222085866e-14,0.640625,0.0,False,False
PE O-16:1_24:6,PE O-20:0_20:4,7.033243479576817e-07,0.00012398443183461304,3.948456370774561e-14,0.609375,0.0,False,False
PE O-16:1_24:6,PE O-20:1_20:4,0.00014660463615758304,0.025843968819080004,4.498704996287313e-14,0.921875,0.0,False,False
PE O-16:1_24:6,PE O-20:2_20:4,0.0,0.0,4.633716973203956e-14,0.140625,0.0,False,False
PE O-16:1_24:6,PE O-20:3_20:4,0.0005551253140932341,0.09785939711133387,4.511433223135954e-14,0.953125,0.0,False,False
PE O-16:1_24:6,PG 14:0_20:0,4.971460226591267e-05,0.008763860847021068,1.927313894978891e-15,0.953125,0.0,False,False
PE O-16:1_24:6,PG 14:0_22:4,0.0,0.0,0.0006896274652347787,0.0625,0.0,False,False
PE O-16:1_24:6,PG 16:1_20:3,0.0,0.0,1.64088359121526e-15,0.234375,0.0,False,False
PE O-16:1_24:6,PG 14:0_22:3,9.972689951292949e-06,0.0017580200387833117,-3.2372003085925935e-16,0.703125,0.0,False,False
PE O-16:1_24:6,PG 16:1_20:2,0.0,0.0,0.0027261608400223933,0.03125,0.0,False,False
PE O-16:1_24:6,PG 14:0_22:2,0.0,0.0,-0.006142659443254911,0.0625,0.0,False,False
PE O-16:1_24:6,PG 16:1_20:1,8.554868802993984e-05,0.01508081656832794,-6.57420148679385e-15,0.9375,0.03125,False,False
PE O-16:1_24:6,PG 14:0_22:1,6.258538357760413e-05,0.01103276638517206,-3.644901324838128e-15,1.0,0.0,False,True
PE O-16:1_24:6,PG 14:0_22:0,7.679984709751259e-06,0.0013538540838263686,9.449442844378212e-16,0.484375,0.0,False,False
PE O-16:1_24:6,PG 16:1_22:6,9.965244506401731e-05,0.01756707530184293,-4.541445803489284e-14,0.921875,0.0,False,False
PE O-16:1_24:6,PG 16:0_22:6,0.0,0.0,-4.316532249516138e-14,0.25,0.0,False,False
PE O-16:1_24:6,PG 16:1_22:4,2.4640099013851515e-05,0.004343641287909465,-6.450896789197639e-16,0.265625,0.0,False,False
PE O-16:1_24:6,PG 18:1_20:4,0.0,0.0,-0.0017009385268952782,0.359375,0.0,False,False
PE O-16:1_24:6,PG 16:0_22:4,0.0004420229292582435,0.07792132022884578,4.2428025491059695e-15,0.90625,0.0,False,False
PE O-16:1_24:6,PG 17:0_20:1,2.0038227361520453e-05,0.003532407546539816,1.7888221085291883e-15,0.9375,0.0,False,False
PE O-16:1_24:6,PG 17:0_20:3,0.0,0.0,-6.857809156052546e-05,0.03125,0.0,False,False
PE O-16:1_24:6,PG 17:1_20:1,0.0,0.0,0.006672073242466519,0.1875,0.0,False,False
PE O-16:1_24:6,PC 14:0_18:0,0.0,0.0,-0.0017178256019022115,0.328125,0.0,False,False
PE O-16:1_24:6,PC O-16:1_16:1,0.0,0.0,-2.0278759219121834e-05,0.046875,0.0,False,False
PE O-16:1_24:6,PC 14:0_20:1,0.00011003019617765106,0.019396500913626703,2.2188743611974965e-15,0.921875,0.0,False,False
PE O-16:1_24:6,PC 14:1_17:1,0.0,0.0,1.0437055616547274e-15,0.21875,0.0,False,False
PE O-16:1_24:6,PC 20:0_14:1,7.294921347423405e-07,0.00012859737917005838,7.269914795225256e-16,0.765625,0.0,False,False
PE O-16:1_24:6,PC 14:1_20:1,0.0,0.0,0.0029017942774710935,0.125,0.0,False,False
PE O-16:1_24:6,PC 16:0_18:1,0.0,0.0,-8.33580280078806e-15,0.078125,0.0,False,False
PE O-16:1_24:6,PC 17:0_17:1,0.0,0.0,7.639249061007342e-16,0.765625,0.0,False,False
PE O-18:0_20:3,PS 14:0_22:0,0.0,0.0,1.3941497911781965e-07,1.0,0.0,False,True
PE O-18:0_20:3,PS 14:0_22:1,0.0,0.0,-5.841419621313751e-06,1.0,0.0,False,True
PE O-18:0_20:3,PS 16:0_20:1,0.0,0.0,-8.05958833278435e-06,1.0,0.0,False,True
PE O-18:0_20:3,PS 16:1_20:1,0.0,0.0,-9.594411882022113e-07,0.5714285714285714,0.0,False,False
PE O-18:0_20:3,PS 18:0_18:2,0.0,0.0,2.7041128818479313e-06,1.0,0.0,False,True
PE O-18:0_20:3,PE 16:0_22:6,0.0,0.0,9.441815173575505e-06,1.0,0.0,False,True
PE O-18:0_20:3,PE 18:0_22:6,0.0,0.0,7.789151876111003e-06,1.0,0.0,False,True
PE O-18:0_20:3,PE 18:1_20:3,0.0,0.0,-2.9824307516521894e-06,1.0,0.8571428571428571,False,True
PE O-18:0_20:3,PE 18:2_22:6,0.0,0.0,7.741439450748265e-06,0.8571428571428571,0.0,False,False
PE O-18:0_20:3,PE 20:1_20:5,0.0,0.0,4.384918036809946e-08,0.14285714285714285,0.0,False,False
PE O-18:0_20:3,PE 20:2_20:4,0.0,0.0,-8.818419286548997e-08,0.14285714285714285,0.0,False,False
PE O-18:0_20:3,PE 20:3_20:4,0.0,0.0,-1.3704469042739962e-06,1.0,0.14285714285714285,False,True
PE O-18:0_20:3,PE O-16:0_22:3,0.0,0.0,4.1079906095678875e-07,1.0,0.0,False,True
PE O-18:0_20:3,PE O-16:1_22:1,0.0,0.0,4.918050525066521e-09,0.8571428571428571,0.0,False,False
PE O-18:0_20:3,PE O-16:1_22:2,0.0,0.0,3.8561602888448356e-09,1.0,0.0,False,True
PE O-18:0_20:3,PE O-18:0_20:4,0.0,0.0,2.3005374997648287e-07,1.0,0.0,False,True
PE O-18:0_20:3,PE O-18:0_22:4,0.0,0.0,-1.2715598331723605e-05,0.2857142857142857,0.0,False,False
PE O-18:0_20:3,PE O-18:0_22:5,0.0,0.0,-4.001606771045966e-06,0.42857142857142855,0.0,False,False
PE O-18:0_20:3,PE O-18:1_20:1,0.0,0.0,-7.324249756060361e-07,1.0,0.0,False,True
PE O-18:0_20:3,PE O-18:1_22:4,0.0,0.0,-1.4530481065061408e-05,0.7142857142857143,0.0,False,False
PE O-18:0_20:3,PE O-18:1_22:6,0.0,0.0,8.80546067549811e-06,1.0,0.0,False,True
PE O-18:0_20:3,PE O-18:2_22:4,0.0,0.0,-1.3462846540721761e-05,0.5714285714285714,0.0,False,False
PE O-18:0_20:3,PE O-18:2_22:6,0.0,0.0,9.812170340756911e-06,0.42857142857142855,0.0,False,False
PE O-18:0_20:3,PE O-18:3_22:0,0.0,0.0,-2.5762193729889475e-10,0.42857142857142855,0.0,False,False
PE O-18:0_20:3,PE O-18:3_22:6,0.0,0.0,1.0002421622955704e-05,1.0,0.0,False,True
PE O-18:0_20:3,PE O-20:0_20:4,0.0,0.0,-2.548906458062797e-08,0.14285714285714285,0.0,False,False
PE O-18:0_20:3,PE O-20:2_20:4,0.0,0.0,-8.828975203767847e-07,0.14285714285714285,0.0,False,False
PE O-18:0_20:3,PE O-20:3_20:4,0.0,0.0,-2.1881161405786937e-08,0.2857142857142857,0.0,False,False
PE O-18:0_20:3,PG 14:0_20:0,0.0,0.0,3.922878969859904e-08,0.8571428571428571,0.0,False,False
PE O-18:0_20:3,PG 16:1_20:3,0.0,0.0,-5.59782121084006e-07,1.0,0.0,False,True
PE O-18:0_20:3,PG 16:0_20:3,0.0,0.0,-1.0567666539134626e-06,0.5714285714285714,0.0,False,False
PE O-18:0_20:3,PG 16:1_20:1,0.0,0.0,-3.105127011588524e-06,0.8571428571428571,0.0,False,False
PE O-18:0_20:3,PG 14:0_22:1,0.0,0.0,-1.613976983771397e-06,0.7142857142857143,0.0,False,False
PE O-18:0_20:3,PG 14:0_22:0,0.0,0.0,-8.26854222964092e-07,0.5714285714285714,0.0,False,False
PE O-18:0_20:3,PG 16:1_22:6,0.0,0.0,5.989692074779523e-06,1.0,0.0,False,True
PE O-18:0_20:3,PG 16:0_22:6,0.0,0.0,5.449267307835047e-06,1.0,0.0,False,True
PE O-18:0_20:3,PG 16:0_22:4,0.0,0.0,-6.140026505344242e-06,1.0,0.0,False,True
PE O-18:0_20:3,PG 17:0_20:3,0.0,0.0,-1.8957186943001946e-06,0.8571428571428571,0.0,False,False
PE O-18:0_20:3,PC 14:0_18:0,0.0,0.0,-2.1523414754178565e-06,0.14285714285714285,0.0,False,False
PE O-18:0_20:3,PC 14:0_20:1,0.0,0.0,-6.772560458475103e-08,0.8571428571428571,0.0,False,False
PE O-18:0_20:3,PC 14:1_17:1,0.0,0.0,-2.1658257171220664e-06,0.14285714285714285,0.0,False,False
PE O-18:0_20:3,PC 20:0_14:1,0.0,0.0,9.906528971150015e-07,0.8571428571428571,0.0,False,False
PE O-18:0_20:3,PC 16:0_18:1,0.0,0.0,4.555780997318336e-07,0.14285714285714285,0.0,False,False
PE O-18:0_20:3,PC 17:0_17:1,0.0,0.0,1.8925174143953322e-07,0.8571428571428571,0.0,False,False
PE O-18:0_20:4,PA 20:1_20:1,0.0,0.0,0.0008513321434805096,0.046875,0.0,False,False
PE O-18:0_20:4,PS 14:0_22:0,1.1982822841452752e-05,0.0007354801727516646,-3.8791417049384094e-16,1.0,0.0,False,True
PE O-18:0_20:4,PS 14:0_22:1,0.0,0.0,1.177226681639747e-15,0.5625,0.0,False,False
PE O-18:0_20:4,PS 14:0_22:2,3.828886145872514e-05,0.0023500888574193106,-1.0976651921373264e-15,0.53125,0.0,False,False
PE O-18:0_20:4,PS 16:0_18:1,0.0,0.0,-3.0221884924009764e-15,0.4375,0.0,False,False
PE O-18:0_20:4,PS 16:0_20:1,0.00013458396074964712,0.008260477185670658,-3.4590682771740935e-15,0.96875,0.0,False,False
PE O-18:0_20:4,PS 20:0_16:1,0.0,0.0,-2.4185764550645274e-15,0.203125,0.0,False,False
PE O-18:0_20:4,PS 16:1_20:1,0.0,0.0,-2.1961853588317865e-15,0.1875,0.0,False,False
PE O-18:0_20:4,PS 18:0_18:1,0.0,0.0,-1.4968015143896603e-14,0.171875,0.0,False,False
PE O-18:0_20:4,PS 18:0_18:2,6.688276331769799e-05,0.004105121720471458,-1.0231804194159436e-14,0.6875,0.0,False,False
PE O-18:0_20:4,PS 18:1_18:1,0.0,0.0,-8.342247826542277e-15,0.03125,0.0,False,False
PE O-18:0_20:4,PE 16:0_22:4,0.0,0.0,-4.113062743770212e-15,0.140625,0.0,False,False
PE O-18:0_20:4,PE 16:0_22:6,0.0007945284809470245,0.04876646781437266,-5.433065290882402e-14,0.921875,0.0,False,False
PE O-18:0_20:4,PE 18:0_20:4,0.0,0.0,0.02199595622626083,0.296875,0.0,False,False
PE O-18:0_20:4,PE 18:0_22:6,0.0,0.0,-7.485238735310575e-14,0.09375,0.0,False,False
PE O-18:0_20:4,PE 18:1_20:3,0.0,0.0,-2.1340164946059163e-16,0.21875,0.0,False,False
PE O-18:0_20:4,PE 18:1_20:4,0.0012627669048789827,0.07750594610584112,6.128457625534938e-16,1.0,0.0,False,True
PE O-18:0_20:4,PE 18:1_20:5,0.0,0.0,-0.007633514285508458,0.015625,0.0,False,False
PE O-18:0_20:4,PE 18:2_22:6,0.0,0.0,-5.506016605665955e-14,0.5,0.0,False,False
PE O-18:0_20:4,PE 20:1_18:3,6.082925790899807e-06,0.00037335704372177387,-1.5063186026027839e-15,0.484375,0.0,False,False
PE O-18:0_20:4,PE 20:0_20:4,0.0005308595968903703,0.03258303266214971,1.5649454293776713e-15,0.75,0.0,False,False
PE O-18:0_20:4,PE 20:1_20:4,0.0007576708635106265,0.04650422567009589,1.5962130703242782e-15,0.65625,0.0,False,False
PE O-18:0_20:4,PE 20:1_20:5,0.0,0.0,-7.757501718853154e-15,0.09375,0.0,False,False
PE O-18:0_20:4,PE 20:2_20:4,0.0006422443438588304,0.03941959146187337,-1.76271325836496e-15,1.0,0.0,False,True
PE O-18:0_20:4,PE 20:3_20:4,0.0,0.0,0.018386781470113446,0.265625,0.0,False,False
PE O-18:0_20:4,PE 20:4_20:4,0.0,0.0,0.01590010794734249,0.015625,0.015625,False,False
PE O-18:0_20:4,PE O-16:0_22:3,0.0,0.0,-5.102879002486234e-15,0.03125,0.0,False,False
PE O-18:0_20:4,PE O-16:0_22:4,0.0017606233752326414,0.10806331707477139,0.14515984669926027,0.609375,0.5,False,False
PE O-18:0_20:4,PE O-16:1_22:1,2.59280325346895e-05,0.0015914074755203752,-1.7978893544298926e-17,0.125,0.0,False,False
PE O-18:0_20:4,PE O-16:1_22:2,6.033969869377945e-05,0.0037035223341167246,5.565640088496016e-16,0.734375,0.0,False,False
PE O-18:0_20:4,PE O-16:1_24:5,0.0,0.0,-3.908455118325853e-17,0.015625,0.0,False,False
PE O-18:0_20:4,PE O-16:1_24:6,2.101050046964632e-05,0.0012895798193358725,1.3687409824377138e-15,0.78125,0.0,False,False
PE O-18:0_20:4,PE O-18:0_20:3,0.0,0.0,0.0594810655776249,0.109375,0.0,False,False
PE O-18:0_20:4,PE O-18:0_20:5,0.0,0.0,0.027682601927091818,0.015625,0.0,False,False
PE O-18:0_20:4,PE O-18:0_22:4,0.0,0.0,0.016519090884617536,0.015625,0.0,False,False
PE O-18:0_20:4,PE O-18:0_22:5,0.0019520177146370062,0.11981069443913096,-1.094367433131239e-15,0.8125,0.015625,False,False
PE O-18:0_20:4,PE O-18:1_20:1,0.0,0.0,6.972683931093322e-16,0.28125,0.0,False,False
PE O-18:0_20:4,PE O-18:1_20:4,0.0025654221302651853,0.15746015246267558,3.554349084605531e-15,1.0,0.265625,False,True
PE O-18:0_20:4,PE O-18:1_22:6,0.0,0.0,-4.853832242346511e-14,0.125,0.0,False,False
PE O-18:0_20:4,PE O-20:1_18:2,0.0,0.0,0.053909706104103866,0.015625,0.0,False,False
PE O-18:0_20:4,PE O-18:2_22:5,0.0,0.0,-1.7384808366313395e-15,0.046875,0.0,False,False
PE O-18:0_20:4,PE O-18:2_22:6,0.0007525994499644056,0.046192953095977,-5.639588059334742e-14,0.890625,0.0,False,False
PE O-18:0_20:4,PE O-18:3_22:0,3.4057624104879853e-06,0.00020903845105275278,-3.772147746074239e-16,0.46875,0.0,False,False
PE O-18:0_20:4,PE O-18:3_22:6,1.1606802618377085e-05,0.0007124008514360635,-6.187074681172031e-14,0.59375,0.0,False,False
PE O-18:0_20:4,PE O-20:0_20:4,0.0001135836259486241,0.006971521313447592,1.8675903918300835e-15,0.984375,0.0,False,False
PE O-18:0_20:4,PE O-20:1_20:4,0.0,0.0,2.8453553261412212e-15,0.390625,0.0,False,False
PE O-18:0_20:4,PE O-20:2_20:4,0.0009430771174593466,0.05788406708874041,2.4185520272200382e-15,0.984375,0.0,False,False
PE O-18:0_20:4,PE O-20:3_20:4,0.002736193269242699,0.16794172166035165,3.1986796688378783e-15,0.984375,0.203125,False,False
PE O-18:0_20:4,PG 14:0_22:4,0.0,0.0,-0.0014665652038429505,0.015625,0.0,False,False
PE O-18:0_20:4,PG 16:0_20:4,0.0,0.0,0.009220358564940237,0.0625,0.0,False,False
PE O-18:0_20:4,PG 16:1_20:3,5.0627310331057e-06,0.0003107396599357857,1.6518108443824639e-15,0.5,0.0,False,False
PE O-18:0_20:4,PG 14:0_22:3,0.0,0.0,-3.419409671645331e-16,0.15625,0.0,False,False
PE O-18:0_20:4,PG 14:0_22:2,0.0,0.0,-0.0008231331149750903,0.125,0.0,False,False
PE O-18:0_20:4,PG 16:1_20:1,0.0,0.0,6.72239623645353e-15,0.21875,0.0,False,False
PE O-18:0_20:4,PG 14:0_22:1,4.456439618563679e-06,0.00027352678278611773,-1.4971093052302286e-15,0.46875,0.0,False,False
PE O-18:0_20:4,PG 14:0_22:0,0.0,0.0,-1.1830893643172357e-15,0.015625,0.0,False,False
PE O-18:0_20:4,PG 16:1_22:6,0.0,0.0,-4.9900028186689836e-14,0.515625,0.0,False,False
PE O-18:0_20:4,PG 16:0_22:6,0.00012023219218865698,0.007379596164546487,-4.826082211006397e-14,1.0,0.0,False,True
PE O-18:0_20:4,PG 16:1_22:4,0.0,0.0,-2.8977286247267876e-15,0.125,0.0,False,False
PE O-18:0_20:4,PG 18:1_20:4,0.0,0.0,0.010337559362154296,0.375,0.0,False,False
PE O-18:0_20:4,PG 16:0_22:4,0.0,0.0,-3.82637756084101e-16,0.328125,0.0,False,False
PE O-18:0_20:4,PG 16:1_22:3,0.0009146521264719466,0.05613940161563033,-9.687106010770628e-16,0.34375,0.0,False,False
PE O-18:0_20:4,PG 17:0_20:1,0.0,0.0,-9.40178878713284e-16,0.28125,0.0,False,False
PE O-18:0_20:4,PG 17:1_20:1,0.0,0.0,-0.0002623423359264673,0.03125,0.0,False,False
PE O-18:0_20:4,PC 14:0_18:0,1.1497199420370044e-05,0.000705673640321376,0.005330889683279211,0.625,0.0,False,False
PE O-18:0_20:4,PC O-16:1_16:1,0.0,0.0,-0.001742505342256343,0.390625,0.0,False,False
PE O-18:0_20:4,PC 14:0_20:1,1.871285320698829e-05,0.0011485551185603377,2.0711819716177055e-15,0.4375,0.0,False,False
PE O-18:0_20:4,PC 14:1_17:1,1.0729483479890141e-05,0.0006585528691976405,-8.448125738261332e-16,0.5,0.0,False,False
PE O-18:0_20:4,PC 20:0_14:1,0.0,0.0,5.634343401122838e-16,0.390625,0.0,False,False
PE O-18:0_20:4,PC 14:1_20:1,0.0,0.0,8.644382161238566e-05,0.125,0.0,False,False
PE O-18:0_20:4,PC 16:0_18:1,1.547445826610011e-05,0.0009497893267201074,-4.702164736901143e-15,0.5625,0.0,False,False
PE O-18:0_20:4,PC 17:0_17:0,0.0,0.0,0.0004751155360205754,0.046875,0.0,False,False
PE O-18:0_20:4,PC 17:0_17:1,0.0,0.0,8.467544920417838e-16,0.46875,0.0,False,False
PE O-18:0_20:5,PA 20:1_20:1,0.0,0.0,1.5964166285565733e-08,0.5,0.0,False,False
PE O-18:0_20:5,PS 16:1_20:1,0.0,0.0,-9.594411882022113e-07,0.5,0.0,False,False
PE O-18:0_20:5,PS 18:0_18:1,0.0,0.0,-7.327065814489971e-06,1.0,0.0,False,True
PE O-18:0_20:5,PS 18:1_18:1,0.0,0.0,-3.7143801407453766e-06,0.5,0.0,False,False
PE O-18:0_20:5,PE 18:1_20:1,0.0,0.0,1.26119016850893e-07,0.5,0.0,False,False
PE O-18:0_20:5,PE 18:1_20:3,0.0,0.0,-2.9824307516521894e-06,1.0,0.0,False,True
PE O-18:0_20:5,PE 18:1_20:5,0.0,0.0,2.133421842337639e-07,1.0,0.0,False,True
PE O-18:0_20:5,PE 18:1_22:6,0.0,0.0,9.801738433562424e-06,1.0,0.0,False,True
PE O-18:0_20:5,PE 18:2_22:6,0.0,0.0,7.741439450748265e-06,0.5,0.0,False,False
PE O-18:0_20:5,PE 20:1_18:3,0.0,0.0,3.9585870075862626e-08,1.0,0.0,False,True
PE O-18:0_20:5,PE 20:1_20:5,0.0,0.0,4.384918036809946e-08,1.0,0.0,False,True
PE O-18:0_20:5,PE O-16:0_22:3,0.0,0.0,4.1079906095678875e-07,0.5,0.0,False,False
PE O-18:0_20:5,PE O-16:0_22:4,0.0,0.0,-1.298106588825637e-05,0.5,0.0,False,False
PE O-18:0_20:5,PE O-16:1_22:1,0.0,0.0,4.918050525066521e-09,1.0,0.0,False,True
PE O-18:0_20:5,PE O-16:1_24:5,0.0,0.0,-1.695989298785871e-07,0.5,0.0,False,False
PE O-18:0_20:5,PE O-16:1_24:6,0.0,0.0,-8.097980774187855e-08,1.0,0.0,False,True
PE O-18:0_20:5,PE O-18:0_20:4,0.0,0.0,2.3005374997648287e-07,0.5,0.0,False,False
PE O-18:0_20:5,PE O-18:0_22:5,0.0,0.0,-4.001606771045966e-06,1.0,0.0,False,True
PE O-18:0_20:5,PE O-18:1_20:4,0.0,0.0,-1.4446942759781947e-06,1.0,1.0,True,True
PE O-18:0_20:5,PE O-20:1_18:2,0.0,0.0,-1.0171198952548792e-07,0.5,0.0,False,False
PE O-18:0_20:5,PE O-18:2_22:4,0.0,0.0,-1.3462846540721761e-05,0.5,0.0,False,False
PE O-18:0_20:5,PE O-18:2_22:6,0.0,0.0,9.812170340756911e-06,1.0,0.0,False,True
PE O-18:0_20:5,PE O-18:3_22:0,0.0,0.0,-2.5762193729889475e-10,0.5,0.0,False,False
PE O-18:0_20:5,PE O-18:3_22:6,0.0,0.0,1.0002421622955704e-05,1.0,0.0,False,True
PE O-18:0_20:5,PE O-20:2_20:4,0.0,0.0,-8.828975203767847e-07,0.5,0.0,False,False
PE O-18:0_20:5,PE O-20:3_20:4,0.0,0.0,-2.1881161405786937e-08,0.5,0.0,False,False
PE O-18:0_20:5,PG 14:0_20:0,0.0,0.0,3.922878969859904e-08,1.0,0.0,False,True
PE O-18:0_20:5,PG 16:1_20:1,0.0,0.0,-3.105127011588524e-06,1.0,0.0,False,True
PE O-18:0_20:5,PG 14:0_22:1,0.0,0.0,-1.613976983771397e-06,1.0,0.0,False,True
PE O-18:0_20:5,PG 14:0_22:0,0.0,0.0,-8.26854222964092e-07,1.0,0.0,False,True
PE O-18:0_20:5,PG 16:1_22:6,0.0,0.0,5.989692074779523e-06,0.5,0.0,False,False
PE O-18:0_20:5,PG 16:0_22:6,0.0,0.0,5.449267307835047e-06,1.0,0.0,False,True
PE O-18:0_20:5,PG 16:1_22:4,0.0,0.0,-9.116713120013934e-06,0.5,0.0,False,False
PE O-18:0_20:5,PG 16:0_22:4,0.0,0.0,-6.140026505344242e-06,1.0,0.0,False,True
PE O-18:0_20:5,PG 17:0_20:1,0.0,0.0,-1.8981904797655935e-07,1.0,0.0,False,True
PE O-18:0_20:5,PG 17:1_20:1,0.0,0.0,7.732726023880922e-07,1.0,0.0,False,True
PE O-18:0_20:5,PC 14:0_18:0,0.0,0.0,-2.1523414754178565e-06,1.0,0.0,False,True
PE O-18:0_20:5,PC 20:0_14:1,0.0,0.0,9.906528971150015e-07,1.0,0.0,False,True
PE O-18:0_20:5,PC 16:0_18:1,0.0,0.0,4.555780997318336e-07,0.5,0.0,False,False
PE O-18:0_20:5,PC 17:0_17:1,0.0,0.0,1.8925174143953322e-07,0.5,0.0,False,False
PE O-18:0_22:5,PA 20:1_20:1,0.0,0.0,-0.0017240874075469446,0.06976744186046512,0.0,False,False
PE O-18:0_22:5,PS 14:0_22:1,0.0,0.0,2.4286392403896647e-14,0.16279069767441862,0.0,False,False
PE O-18:0_22:5,PS 14:0_22:2,0.0,0.0,8.31560474390264e-15,0.09302325581395349,0.0,False,False
PE O-18:0_22:5,PS 16:0_20:1,0.0,0.0,4.372009990695586e-14,0.18604651162790697,0.0,False,False
PE O-18:0_22:5,PS 20:0_16:1,2.4178001111409275e-05,0.0034185707113291728,1.874368268319136e-14,0.9302325581395349,0.0,False,False
PE O-18:0_22:5,PS 16:1_20:1,1.535543564630884e-05,0.002171132440530839,1.1199865932887306e-14,0.6976744186046512,0.0,False,False
PE O-18:0_22:5,PS 18:0_18:1,1.6656056905442473e-06,0.00023550296007021225,9.986449520834278e-15,0.5813953488372093,0.0,False,False
PE O-18:0_22:5,PS 18:0_18:2,0.0,0.0,2.3841409262924132e-14,0.023255813953488372,0.0,False,False
PE O-18:0_22:5,PS 18:1_18:1,2.749269364941964e-05,0.0038872410027767325,2.3700054179218e-14,0.9069767441860465,0.0,False,False
PE O-18:0_22:5,PE 16:0_22:4,0.0,0.0,2.9191573843811095e-14,0.18604651162790697,0.0,False,False
PE O-18:0_22:5,PE 16:0_22:6,0.00019883690103120535,0.028113904167039547,-4.89244659458146e-14,0.813953488372093,0.0,False,False
PE O-18:0_22:5,PE 18:0_22:6,9.729465812574611e-05,0.013756665288616726,-9.983852487623717e-14,1.0,0.0,False,True
PE O-18:0_22:5,PE 18:1_20:1,0.0,0.0,0.0034379599347677727,0.09302325581395349,0.0,False,False
PE O-18:0_22:5,PE 18:1_20:3,5.008985602610733e-06,0.0007082294105145927,1.764115976625951e-14,0.8837209302325582,0.0,False,False
PE O-18:0_22:5,PE 18:1_20:4,0.0,0.0,1.1024297282282339e-13,0.046511627906976744,0.0,False,False
PE O-18:0_22:5,PE 18:1_22:6,0.0004815698145176246,0.0680900152078046,-6.038763953487507e-14,0.9767441860465116,0.0,False,False
PE O-18:0_22:5,PE 18:2_22:6,7.315291003723995e-05,0.010343220456872165,-6.677047091102468e-14,1.0,0.0,False,True
PE O-18:0_22:5,PE 20:1_18:3,1.9450293493369214e-05,0.0027501116968603164,-6.582238206986413e-15,0.8604651162790697,0.0,False,False
PE O-18:0_22:5,PE 20:0_20:4,0.0,0.0,1.0813832436280925e-13,0.06976744186046512,0.0,False,False
PE O-18:0_22:5,PE 20:1_20:4,0.0,0.0,1.0826521961879633e-13,0.06976744186046512,0.0,False,False
PE O-18:0_22:5,PE 20:1_20:5,1.2644589349745244e-05,0.001787841046438943,-1.1412415486665647e-14,0.5116279069767442,0.0,False,False
PE O-18:0_22:5,PE 20:2_20:4,0.0,0.0,1.0719822312481579e-13,0.06976744186046512,0.0,False,False
PE O-18:0_22:5,PE O-16:0_22:3,8.865068534529702e-05,0.01253447855611527,-5.486860229412318e-15,0.18604651162790697,0.0,False,False
PE O-18:0_22:5,PE O-16:0_22:4,0.0,0.0,-0.0160938937653971,0.023255813953488372,0.0,False,False
PE O-18:0_22:5,PE O-16:1_22:1,0.0,0.0,-1.133899751713027e-15,0.627906976744186,0.0,False,False
PE O-18:0_22:5,PE O-16:1_22:2,0.0,0.0,1.303395557924327e-15,0.023255813953488372,0.0,False,False
PE O-18:0_22:5,PE O-16:1_24:0,8.131945610273441e-07,0.00011497902974404426,5.23506661822994e-16,0.9302325581395349,0.0,False,False
PE O-18:0_22:5,PE O-16:1_24:1,1.080536885642155e-06,0.0001527790379670391,7.206120999033554e-16,0.9302325581395349,0.0,False,False
PE O-18:0_22:5,PE O-16:1_24:4,4.150735408710998e-06,0.0005868798844582925,3.6980903173374505e-16,1.0,0.0,False,True
PE O-18:0_22:5,PE O-16:1_24:5,2.947600031090458e-06,0.00041676642699150997,-1.6777365630861816e-15,0.9069767441860465,0.0,False,False
PE O-18:0_22:5,PE O-16:1_24:6,0.0,0.0,2.4871470173465598e-15,0.11627906976744186,0.0,False,False
PE O-18:0_22:5,PE O-18:0_20:4,0.0002811804803704767,0.0397566097529206,1.0485173723274418e-13,1.0,0.0,False,True
PE O-18:0_22:5,PE O-18:0_20:5,0.0,0.0,0.10356812607485333,0.09302325581395349,0.0,False,False
PE O-18:0_22:5,PE O-18:0_22:4,0.0,0.0,0.10476569541495012,0.11627906976744186,0.0,False,False
PE O-18:0_22:5,PE O-18:1_20:1,2.9562888044639248e-05,0.004179949481597836,7.919170368278752e-15,0.37209302325581395,0.0,False,False
PE O-18:0_22:5,PE O-18:1_22:4,0.0,0.0,0.04574599628297632,0.3023255813953488,0.046511627906976744,False,False
PE O-18:0_22:5,PE O-18:1_22:5,0.0,0.0,0.11455265204569383,0.09302325581395349,0.0,False,False
PE O-18:0_22:5,PE O-18:2_22:4,0.0,0.0,-0.030642566831885616,0.046511627906976744,0.0,False,False
PE O-18:0_22:5,PE O-18:2_22:5,0.0023549665103983278,0.33297291622713227,3.4950579077581394e-15,0.9767441860465116,0.7906976744186046,False,False
PE O-18:0_22:5,PE O-18:2_22:6,0.0,0.0,-6.711671368093225e-14,0.023255813953488372,0.0,False,False
PE O-18:0_22:5,PE O-18:3_22:6,0.00011041250094281745,0.015611420487097481,-7.512833630714443e-14,0.9767441860465116,0.0,False,False
PE O-18:0_22:5,PE O-20:0_20:4,1.6211241907225504e-05,0.002292136414542622,9.60566019019903e-14,0.8837209302325582,0.0,False,False
PE O-18:0_22:5,PE O-20:1_20:4,0.0023260897097294626,0.328889973863593,1.0823077662074271e-13,1.0,0.16279069767441862,False,True
PE O-18:0_22:5,PG 14:0_20:0,1.0602387883392687e-05,0.0014990905377704697,6.258202106876575e-15,0.9069767441860465,0.0,False,False
PE O-18:0_22:5,PG 16:1_20:3,0.0,0.0,7.594681070826102e-15,0.023255813953488372,0.0,False,False
PE O-18:0_22:5,PG 14:0_22:3,0.0001076599886384972,0.015222237861835623,-1.4293844192257744e-15,0.9069767441860465,0.0,False,False
PE O-18:0_22:5,PG 16:1_20:2,0.0,0.0,0.004853551591864245,0.046511627906976744,0.0,False,False
PE O-18:0_22:5,PG 14:0_22:2,0.0,0.0,-0.00023289176877143542,0.06976744186046512,0.0,False,False
PE O-18:0_22:5,PG 16:1_20:1,7.324635814655658e-05,0.010356433251762318,8.857742065240254e-15,0.9534883720930233,0.0,False,False
PE O-18:0_22:5,PG 14:0_22:1,0.0,0.0,-2.5723481177950206e-15,0.09302325581395349,0.0,False,False
PE O-18:0_22:5,PG 14:0_22:0,0.0001957810645770719,0.027681833999097377,-2.434576125580488e-15,0.9767441860465116,0.0,False,False
PE O-18:0_22:5,PG 16:1_22:6,9.468052639341126e-05,0.013387048539302447,-6.38990125469744e-14,0.9302325581395349,0.0,False,False
PE O-18:0_22:5,PG 16:0_22:6,4.787513887301656e-06,0.0006769151295757036,-5.1856652753801525e-14,0.813953488372093,0.0,False,False
PE O-18:0_22:5,PG 16:0_22:5,0.0,0.0,0.04560278268920003,0.023255813953488372,0.0,False,False
PE O-18:0_22:5,PG 16:1_22:4,1.0090551583449739e-05,0.0014267210901921761,7.046312286024838e-15,0.13953488372093023,0.0,False,False
PE O-18:0_22:5,PG 18:1_20:4,0.0,0.0,-0.013711234057102631,0.06976744186046512,0.0,False,False
PE O-18:0_22:5,PG 16:0_22:4,0.0003148590662773003,0.044518485097765424,1.9846248087374097e-14,0.8372093023255814,0.0,False,False
PE O-18:0_22:5,PG 17:0_20:1,1.0395470821994088e-06,0.00014698341653138666,1.2185570153501148e-14,0.7209302325581395,0.0,False,False
PE O-18:0_22:5,PG 17:1_20:1,0.0,0.0,-0.00021922356586296903,0.20930232558139536,0.0,False,False
PE O-18:0_22:5,PC O-16:1_16:1,0.0,0.0,-0.0022248655526105076,0.046511627906976744,0.0,False,False
PE O-18:0_22:5,PC 14:0_20:1,2.9029794582528107e-05,0.004104574445937248,1.3701416128285076e-14,0.7906976744186046,0.0,False,False
PE O-18:0_22:5,PC 14:1_17:1,0.0,0.0,1.1406070723866294e-14,0.11627906976744186,0.0,False,False
PE O-18:0_22:5,PC 20:0_14:1,3.5398558982961334e-05,0.00500506540655694,6.8825593398919715e-15,0.9534883720930233,0.0,False,False
PE O-18:0_22:5,PC 14:1_20:1,0.0,0.0,-0.007133151415168244,0.11627906976744186,0.0,False,False
PE O-18:0_22:5,PC 16:0_18:1,0.0,0.0,2.942399061313512e-14,0.16279069767441862,0.0,False,False
PE O-18:0_22:5,PC 17:0_17:1,2.2655400759878305e-05,0.003203287531267317,6.744712331125089e-15,0.8604651162790697,0.0,False,False
PE O-18:1_20:1,PA 20:1_20:1,0.0,0.0,0.13916688581669312,0.2,0.0,False,False
PE O-18:1_20:1,PS 16:0_18:1,1.0157749631971302e-05,0.006354439236290313,2.4854751384530317e-14,0.8,0.0,False,False
PE O-18:1_20:1,PS 16:0_20:1,1.6538109184324745e-05,0.010345835810340953,4.667995383726577e-14,0.7,0.0,False,False
PE O-18:1_20:1,PS 20:0_16:1,2.5641148413994494e-06,0.0016040474066479735,7.348935062232923e-14,0.8666666666666667,0.0,False,False
PE O-18:1_20:1,PS 16:1_20:1,0.00011353900455865484,0.07102721877944583,-3.435970002697159e-15,0.8333333333333334,0.0,False,False
PE O-18:1_20:1,PS 18:0_18:1,2.5292987830591307e-05,0.015822673337788452,-1.4055833439966535e-13,1.0,0.0,False,True
PE O-18:1_20:1,PS 18:1_18:1,2.5490631089128413e-05,0.01594631411673456,5.505847570521344e-15,1.0,0.0,False,True
PE O-18:1_20:1,PE 16:0_22:4,0.0,0.0,-1.3576697591848992e-13,0.6333333333333333,0.0,False,False
PE O-18:1_20:1,PE 16:0_22:6,2.9794332594392653e-05,0.018638604308673996,-8.189583657635804e-13,0.5,0.0,False,False
PE O-18:1_20:1,PE 18:1_20:1,0.0,0.0,0.24823315481459504,0.23333333333333334,0.0,False,False
PE O-18:1_20:1,PE 18:1_20:3,5.9017306605468195e-06,0.003691978068976903,2.485458674848226e-14,0.9,0.0,False,False
PE O-18:1_20:1,PE 18:1_20:4,5.720295508001433e-05,0.035784766839311505,4.89827762561295e-13,0.8666666666666667,0.0,False,False
PE O-18:1_20:1,PE 18:1_22:6,6.962724254152425e-05,0.04355709659627627,-7.804615865900591e-13,0.9333333333333333,0.0,False,False
PE O-18:1_20:1,PE 20:1_18:3,4.2460463213638694e-05,0.026562225218327715,-9.764684221060696e-15,1.0,0.0,False,True
PE O-18:1_20:1,PE 20:1_20:4,0.00040133071757520247,0.2510626616018978,4.413776419352565e-13,0.9666666666666667,0.5333333333333333,False,False
PE O-18:1_20:1,PE 20:1_20:5,6.030328698833007e-05,0.03772425850208259,-9.471864113938315e-14,1.0,0.0,False,True
PE O-18:1_20:1,PE O-16:0_22:3,1.624078233424084e-05,0.010159835419444421,1.2040612949482763e-14,0.7666666666666667,0.0,False,False
PE O-18:1_20:1,PE O-16:1_22:1,8.431753948851461e-05,0.05274698635482068,-1.1132114650483007e-15,1.0,0.0,False,True
PE O-18:1_20:1,PE O-16:1_22:2,5.129722515944193e-06,0.0032090286931271486,2.4993738181613292e-15,0.36666666666666664,0.0,False,False
PE O-18:1_20:1,PE O-18:0_20:1,0.0,0.0,0.27747652427539254,0.16666666666666666,0.0,False,False
PE O-18:1_20:1,PE O-18:0_20:3,0.0,0.0,0.0020249581320861674,0.23333333333333334,0.0,False,False
PE O-18:1_20:1,PE O-18:0_20:4,0.0,0.0,4.253564952014965e-13,0.16666666666666666,0.0,False,False
PE O-18:1_20:1,PE O-18:0_22:5,1.585616624431331e-05,0.00991922901927764,-2.6580599717126853e-14,0.5,0.0,False,False
PE O-18:1_20:1,PE O-18:1_20:4,2.4030856803775036e-05,0.015033115098146723,4.716507721099159e-13,0.9333333333333333,0.0,False,False
PE O-18:1_20:1,PE O-18:1_22:4,0.0,0.0,-0.0019702118862987904,0.43333333333333335,0.0,False,False
PE O-18:1_20:1,PE O-18:1_22:5,0.0,0.0,0.019301947560670298,0.13333333333333333,0.0,False,False
PE O-18:1_20:1,PE O-18:1_22:6,8.52437901017189e-05,0.05332642603904541,-7.408081111286361e-13,1.0,0.0,False,True
PE O-18:1_20:1,PE O-20:1_18:2,0.0,0.0,0.07301423792233494,0.06666666666666667,0.0,False,False
PE O-18:1_20:1,PE O-18:2_22:4,0.0,0.0,-0.008514703567601246,0.03333333333333333,0.0,False,False
PE O-18:1_20:1,PE O-18:2_22:5,0.0,0.0,-1.6331895967843534e-14,0.36666666666666664,0.0,False,False
PE O-18:1_20:1,PE O-18:2_22:6,0.0,0.0,-8.587944774809881e-13,0.3,0.0,False,False
PE O-18:1_20:1,PE O-18:3_22:0,2.6618658193801065e-06,0.0016651980229135065,1.9902668921386386e-17,0.8,0.0,False,False
PE O-18:1_20:1,PE O-20:1_20:1,0.0,0.0,0.2563294280898822,0.2,0.0,False,False
PE O-18:1_20:1,PE O-20:1_20:4,0.0,0.0,4.4685806760934053e-13,0.1,0.0,False,False
PE O-18:1_20:1,PE O-20:2_20:4,0.0,0.0,4.58707347338268e-13,0.13333333333333333,0.0,False,False
PE O-18:1_20:1,PG 16:1_20:3,3.872949227937822e-06,0.0024228221235841046,2.647891213137725e-15,0.9666666666666667,0.0,False,False
PE O-18:1_20:1,PG 14:0_22:3,4.744623935615082e-06,0.0029681204587894117,1.1043807010226773e-14,0.6333333333333333,0.0,False,False
PE O-18:1_20:1,PG 16:0_20:3,0.0,0.0,0.012249549099427602,0.03333333333333333,0.0,False,False
PE O-18:1_20:1,PG 16:1_20:2,0.0,0.0,0.018034527374164333,0.06666666666666667,0.0,False,False
PE O-18:1_20:1,PG 16:1_20:1,9.842144877637155e-06,0.00615700463642693,2.88739223746903e-14,0.8,0.0,False,False
PE O-18:1_20:1,PG 16:0_20:1,0.0,0.0,0.09428181858699249,0.36666666666666664,0.3333333333333333,False,False
PE O-18:1_20:1,PG 14:0_22:0,5.534065024291254e-06,0.0034619754572267057,-2.535232072083558e-14,0.8,0.0,False,False
PE O-18:1_20:1,PG 16:1_22:6,0.0,0.0,-7.599889319906552e-13,0.03333333333333333,0.0,False,False
PE O-18:1_20:1,PG 16:0_22:6,1.1649335278333603e-05,0.0072875386627321345,-7.335501596957581e-13,0.6333333333333333,0.0,False,False
PE O-18:1_20:1,PG 18:1_20:4,0.0,0.0,0.041001627844719,0.6,0.0,False,False
PE O-18:1_20:1,PG 16:0_22:4,4.3388723814551805e-05,0.027142922301604807,-7.629044221136603e-14,0.1,0.0,False,False
PE O-18:1_20:1,PG 17:0_18:1,0.0,0.0,0.06638033149667434,0.03333333333333333,0.0,False,False
PE O-18:1_20:1,PG 17:0_20:1,5.468377927306321e-05,0.03420883219130455,2.3645039675881697e-14,1.0,0.0,False,True
PE O-18:1_20:1,PG 17:0_20:3,0.0,0.0,0.008459780712841746,0.13333333333333333,0.0,False,False
PE O-18:1_20:1,PG 17:1_20:1,0.0,0.0,0.07452418984154519,0.4,0.0,False,False
PE O-18:1_20:1,PC O-16:1_16:1,4.975910646029015e-06,0.0031128077567378638,0.007604922758644706,0.9666666666666667,0.0,False,False
PE O-18:1_20:1,PC 14:0_20:1,0.0003372120751812067,0.2109516102600069,5.206136791469878e-15,1.0,0.13333333333333333,False,True
PE O-18:1_20:1,PC 14:1_17:1,2.894043525026647e-05,0.018104427056440768,1.1453233342323863e-15,1.0,0.0,False,True
PE O-18:1_20:1,PC 14:1_20:1,0.0,0.0,0.12598436367942284,0.5,0.0,False,False
PE O-18:1_20:1,PC 17:0_17:0,0.0,0.0,0.02524829803460611,0.1,0.0,False,False
PE O-18:1_20:4,PS 14:0_22:0,0.00018738711575891614,0.0009664450449948612,8.030820830809028e-17,0.796875,0.0,False,False
PE O-18:1_20:4,PS 14:0_22:1,0.00038467109034086636,0.001983932927869999,2.7758706784752944e-16,0.84375,0.0,False,False
PE O-18:1_20:4,PS 14:0_22:2,0.0004951060073862016,0.0025534986524964236,-3.404369700016871e-17,0.3125,0.0,False,False
PE O-18:1_20:4,PS 16:0_18:1,5.994059303027297e-05,0.0003091423276010612,4.004498974058306e-16,0.515625,0.0,False,False
PE O-18:1_20:4,PS 16:0_20:1,0.0009981860895340935,0.005148123425167348,-4.750841562138928e-16,1.0,0.0,False,True
PE O-18:1_20:4,PS 16:1_20:1,0.0,0.0,-8.25341423427167e-16,0.46875,0.0,False,False
PE O-18:1_20:4,PS 18:0_18:2,0.0002607237313557529,0.0013446770727050341,-2.5859024846378146e-15,0.71875,0.0,False,False
PE O-18:1_20:4,PS 18:1_18:1,0.0,0.0,-3.206708940030314e-15,0.078125,0.0,False,False
PE O-18:1_20:4,PE 16:0_22:4,0.0,0.0,1.9204136769325938e-17,0.015625,0.0,False,False
PE O-18:1_20:4,PE 16:0_22:6,0.005978491305503222,0.030833941145569546,-4.350609893560021e-15,0.96875,0.0,False,False
PE O-18:1_20:4,PE 16:0_24:6,0.0,0.0,0.07913153347373576,0.046875,0.0,False,False
PE O-18:1_20:4,PE 18:0_20:4,0.0,0.0,0.05766407209853878,0.375,0.0,False,False
PE O-18:1_20:4,PE 18:0_22:6,0.0005900628281312881,0.0030432364262269395,-9.504301870200946e-15,0.5,0.0,False,False
PE O-18:1_20:4,PE 18:1_20:4,0.018130786180802494,0.0935091422659038,8.093670732963186e-15,1.0,0.0,False,True
PE O-18:1_20:4,PE 20:1_18:3,0.0011902846222101929,0.0061388675022278644,-2.2975130898575396e-15,0.8125,0.0,False,False
PE O-18:1_20:4,PE 20:0_20:4,0.003121808035060682,0.016100658226636824,7.800371189577115e-15,0.78125,0.0,False,False
PE O-18:1_20:4,PE 20:1_20:4,0.010428631154539134,0.05378544231584303,7.580396532037564e-15,0.921875,0.0,False,False
PE O-18:1_20:4,PE 20:2_20:4,0.008212223721727578,0.04235436834656141,7.538496597268127e-15,1.0,0.0,False,True
PE O-18:1_20:4,PE 20:3_20:4,0.025489146683150405,0.13145972930588637,0.012005260526786028,0.953125,0.140625,False,False
PE O-18:1_20:4,PE 20:4_20:4,0.0,0.0,0.03076432007367189,0.09375,0.0625,False,False
PE O-18:1_20:4,PE O-16:0_22:3,0.0,0.0,-0.05536056012674185,0.078125,0.0,False,False
PE O-18:1_20:4,PE O-16:0_22:5,0.0051329710599890485,0.026473188548409566,0.07277239659739407,0.921875,0.0,False,False
PE O-18:1_20:4,PE O-16:1_22:1,0.0,0.0,6.284990215415762e-17,0.28125,0.0,False,False
PE O-18:1_20:4,PE O-16:1_22:2,0.0,0.0,1.1086024407747245e-16,0.3125,0.0,False,False
PE O-18:1_20:4,PE O-16:1_24:0,5.541669082057021e-05,0.00028581039863197726,1.0687756798610657e-16,1.0,0.0,False,True
PE O-18:1_20:4,PE O-16:1_24:1,6.478474926966738e-05,0.0003341259598843331,-3.1520426188858123e-17,1.0,0.0,False,True
PE O-18:1_20:4,PE O-16:1_24:4,1.5848399299238586e-05,8.173778069968706e-05,-2.182288269241584e-18,0.9375,0.0,False,False
PE O-18:1_20:4,PE O-16:1_24:5,1.976425289870699e-06,1.0193371195571026e-05,-1.483956023084277e-17,0.484375,0.0,False,False
PE O-18:1_20:4,PE O-18:0_20:4,0.002358891609077469,0.012165933063433696,7.863221091731275e-15,1.0,0.0,False,True
PE O-18:1_20:4,PE O-18:0_20:5,0.017813796874878177,0.09187427669477748,0.1387381556378045,1.0,0.03125,False,True
PE O-18:1_20:4,PE O-18:1_20:1,0.003939772927097484,0.020319294677105325,-1.0055984344665219e-15,0.71875,0.0,False,False
PE O-18:1_20:4,PE O-18:1_22:1,0.0,0.0,0.09338777238989544,0.09375,0.0,False,False
PE O-18:1_20:4,PE O-18:1_22:2,0.0,0.0,0.07017452014953982,0.171875,0.0,False,False
PE O-18:1_20:4,PE O-18:1_22:3,0.0,0.0,0.025090028817754052,0.25,0.0,False,False
PE O-18:1_20:4,PE O-18:1_22:4,0.02228550740127529,0.11493702817256803,0.03387166829243374,0.984375,0.734375,False,False
PE O-18:1_20:4,PE O-18:1_22:5,0.0020707702486226706,0.010679953304147768,0.036066674790998614,0.6875,0.0,False,False
PE O-18:1_20:4,PE O-18:1_22:6,0.015601777380733123,0.08046583342539647,-3.184395042477319e-15,1.0,0.015625,False,True
PE O-18:1_20:4,PE O-20:1_18:2,0.0,0.0,0.004129784448874931,0.015625,0.0,False,False
PE O-18:1_20:4,PE O-18:2_20:4,0.012971647807026306,0.06690099635584221,0.020312941338277744,0.890625,0.015625,False,False
PE O-18:1_20:4,PE O-18:2_22:6,0.0,0.0,-5.5482496957198035e-15,0.171875,0.0,False,False
PE O-18:1_20:4,PE O-18:3_22:0,9.3623305721035e-06,4.828601984916781e-05,-1.1858008882991455e-16,0.484375,0.0,False,False
PE O-18:1_20:4,PE O-20:0_20:4,0.0012044847339564846,0.006212104275097741,7.22628275227349e-15,1.0,0.0,False,True
PE O-18:1_20:4,PE O-20:1_20:4,0.002884965369365302,0.014879147239727986,8.9456360732751e-15,0.890625,0.0,False,False
PE O-18:1_20:4,PE O-20:2_20:4,0.007548896223056828,0.03893327094772021,8.285712100656445e-15,1.0,0.0,False,True
PE O-18:1_20:4,PE O-20:3_20:4,0.0,0.0,9.015469297890831e-15,0.484375,0.0,False,False
PE O-18:1_20:4,PG 14:0_20:0,0.0025493814924139376,0.013148380565902496,7.020421362150175e-16,1.0,0.0,False,True
PE O-18:1_20:4,PG 16:0_20:4,0.009529073030325628,0.04914599051410063,0.01948219944647288,0.765625,0.0,False,False
PE O-18:1_20:4,PG 16:1_20:3,0.0,0.0,-0.0045889679625831445,0.21875,0.0,False,False
PE O-18:1_20:4,PG 14:0_22:3,0.0006013471374704561,0.003101435010493848,-1.3966644923146137e-16,0.90625,0.0,False,False
PE O-18:1_20:4,PG 16:1_20:1,0.0,0.0,3.377636668718661e-16,0.171875,0.0,False,False
PE O-18:1_20:4,PG 16:1_22:6,0.0,0.0,-5.1714230688285125e-15,0.375,0.0,False,False
PE O-18:1_20:4,PG 16:0_22:6,0.0004679617284449114,0.0024135026139399675,-3.652277647402715e-15,0.984375,0.0,False,False
PE O-18:1_20:4,PG 18:1_20:4,0.0010920327296937854,0.005632135466253659,0.005995797979096507,0.6875,0.0,False,False
PE O-18:1_20:4,PG 14:0_24:4,0.0,0.0,0.022353421265173264,0.0625,0.0,False,False
PE O-18:1_20:4,PG 16:0_22:4,0.0,0.0,6.896030930803405e-16,0.015625,0.0,False,False
PE O-18:1_20:4,PG 16:1_22:3,0.00286060995034475,0.014753534686613773,4.539159600022495e-16,0.703125,0.0,False,False
PE O-18:1_20:4,PG 17:0_20:1,0.0,0.0,1.5123257705844176e-16,0.328125,0.0,False,False
PE O-18:1_20:4,PG 17:0_20:4,0.0,0.0,0.02158588603143877,0.140625,0.0,False,False
PE O-18:1_20:4,PC 14:0_18:0,0.00016547245724168533,0.0008534206620165752,0.02223375611988928,0.5625,0.0,False,False
PE O-18:1_20:4,PC O-16:1_16:1,0.00037471997742334357,0.0019326102756568268,0.010620002219597304,1.0,0.0,False,True
PE O-18:1_20:4,PC 14:0_20:1,0.0,0.0,3.550583014056057e-16,0.234375,0.0,False,False
PE O-18:1_20:4,PC 14:1_17:1,0.000582444931499677,0.003003947287146665,-1.124314916313264e-15,0.84375,0.0,False,False
PE O-18:1_20:4,PC 14:1_20:1,0.0,0.0,0.009868564034842412,0.21875,0.0,False,False
PE O-18:1_20:4,PC 16:0_18:1,0.0061818303054838875,0.03188265769254043,8.243610986187184e-16,0.90625,0.0,False,False
PE O-18:1_20:4,PC 17:0_17:0,0.0,0.0,0.012020526548028931,0.078125,0.0,False,False
PE O-18:1_20:4,PC 17:0_17:1,0.0,0.0,2.360306729892256e-16,0.015625,0.0,False,False
PE O-18:1_22:4,PS 14:0_22:0,0.0,0.0,1.3941497911781965e-07,0.8461538461538461,0.0,False,False
PE O-18:1_22:4,PS 14:0_22:1,0.0,0.0,-5.841419621313751e-06,1.0,0.0,False,True
PE O-18:1_22:4,PS 14:0_22:2,0.0,0.0,-1.3578438300231497e-06,0.46153846153846156,0.0,False,False
PE O-18:1_22:4,PS 20:0_16:1,0.0,0.0,-9.179031714804465e-06,1.0,0.0,False,True
PE O-18:1_22:4,PS 16:1_20:1,0.0,0.0,-9.594411882022113e-07,0.3076923076923077,0.0,False,False
PE O-18:1_22:4,PS 18:0_18:1,0.0,0.0,-7.327065814489971e-06,1.0,0.0,False,True
PE O-18:1_22:4,PS 18:1_18:1,0.0,0.0,-3.7143801407453766e-06,1.0,0.0,False,True
PE O-18:1_22:4,PE 16:0_22:4,0.0,0.0,-1.2489116395427366e-05,1.0,0.38461538461538464,False,True
PE O-18:1_22:4,PE 18:0_22:6,0.0,0.0,7.789151876111003e-06,1.0,0.0,False,True
PE O-18:1_22:4,PE 18:1_20:4,0.0,0.0,1.0141797670868855e-07,0.46153846153846156,0.0,False,False
PE O-18:1_22:4,PE 18:1_22:6,0.0,0.0,9.801738433562424e-06,0.9230769230769231,0.0,False,False
PE O-18:1_22:4,PE 18:2_22:6,0.0,0.0,7.741439450748265e-06,1.0,0.0,False,True
PE O-18:1_22:4,PE 20:0_20:4,0.0,0.0,6.232348373412153e-07,0.07692307692307693,0.0,False,False
PE O-18:1_22:4,PE 20:1_20:4,0.0,0.0,-2.6194237933733366e-08,0.07692307692307693,0.0,False,False
PE O-18:1_22:4,PE 20:2_20:4,0.0,0.0,-8.818419286548997e-08,0.15384615384615385,0.0,False,False
PE O-18:1_22:4,PE 20:3_20:4,0.0,0.0,-1.3704469042739962e-06,0.07692307692307693,0.0,False,False
PE O-18:1_22:4,PE O-16:0_22:3,0.0,0.0,4.1079906095678875e-07,0.07692307692307693,0.0,False,False
PE O-18:1_22:4,PE O-16:0_22:4,0.0,0.0,-1.298106588825637e-05,0.6153846153846154,0.0,False,False
PE O-18:1_22:4,PE O-16:1_22:1,0.0,0.0,4.918050525066521e-09,0.8461538461538461,0.0,False,False
PE O-18:1_22:4,PE O-16:1_22:2,0.0,0.0,3.8561602888448356e-09,0.46153846153846156,0.0,False,False
PE O-18:1_22:4,PE O-16:1_24:0,0.0,0.0,1.042637517394599e-08,1.0,0.0,False,True
PE O-18:1_22:4,PE O-16:1_24:1,0.0,0.0,8.911001141271715e-09,1.0,0.0,False,True
PE O-18:1_22:4,PE O-16:1_24:4,0.0,0.0,-1.5846614213403845e-08,1.0,0.0,False,True
PE O-18:1_22:4,PE O-16:1_24:5,0.0,0.0,-1.695989298785871e-07,1.0,0.0,False,True
PE O-18:1_22:4,PE O-18:0_20:3,0.0,0.0,-3.29622090975325e-06,0.46153846153846156,0.0,False,False
PE O-18:1_22:4,PE O-18:0_22:4,0.0,0.0,-1.2715598331723605e-05,0.23076923076923078,0.0,False,False
PE O-18:1_22:4,PE O-18:0_22:5,0.0,0.0,-4.001606771045966e-06,0.46153846153846156,0.0,False,False
PE O-18:1_22:4,PE O-18:1_20:1,0.0,0.0,-7.324249756060361e-07,0.8461538461538461,0.0,False,False
PE O-18:1_22:4,PE O-18:1_20:4,0.0,0.0,-1.4446942759781947e-06,1.0,0.0,False,True
PE O-18:1_22:4,PE O-18:1_22:6,0.0,0.0,8.80546067549811e-06,1.0,0.0,False,True
PE O-18:1_22:4,PE O-18:2_22:4,0.0,0.0,-1.3462846540721761e-05,0.7692307692307693,0.6153846153846154,False,False
PE O-18:1_22:4,PE O-18:2_22:6,0.0,0.0,9.812170340756911e-06,0.23076923076923078,0.0,False,False
PE O-18:1_22:4,PE O-18:3_22:0,0.0,0.0,-2.5762193729889475e-10,0.07692307692307693,0.0,False,False
PE O-18:1_22:4,PE O-18:3_22:6,0.0,0.0,1.0002421622955704e-05,0.9230769230769231,0.0,False,False
PE O-18:1_22:4,PE O-20:0_20:4,0.0,0.0,-2.548906458062797e-08,0.8461538461538461,0.0,False,False
PE O-18:1_22:4,PE O-20:1_20:4,0.0,0.0,-7.684895041419018e-07,0.8461538461538461,0.0,False,False
PE O-18:1_22:4,PE O-20:2_20:4,0.0,0.0,-8.828975203767847e-07,0.15384615384615385,0.0,False,False
PE O-18:1_22:4,PG 14:0_22:3,0.0,0.0,-4.0903145013498547e-07,0.7692307692307693,0.0,False,False
PE O-18:1_22:4,PG 14:0_22:2,0.0,0.0,-3.1577624409712797e-06,0.07692307692307693,0.0,False,False
PE O-18:1_22:4,PG 16:1_20:1,0.0,0.0,-3.105127011588524e-06,0.15384615384615385,0.0,False,False
PE O-18:1_22:4,PG 14:0_22:0,0.0,0.0,-8.26854222964092e-07,0.8461538461538461,0.0,False,False
PE O-18:1_22:4,PG 16:1_22:6,0.0,0.0,5.989692074779523e-06,1.0,0.0,False,True
PE O-18:1_22:4,PG 16:1_22:4,0.0,0.0,-9.116713120013934e-06,0.23076923076923078,0.0,False,False
PE O-18:1_22:4,PG 18:1_20:4,0.0,0.0,4.5339246764564475e-08,0.15384615384615385,0.0,False,False
PE O-18:1_22:4,PG 16:0_22:4,0.0,0.0,-6.140026505344242e-06,1.0,0.0,False,True
PE O-18:1_22:4,PG 17:0_20:3,0.0,0.0,-1.8957186943001946e-06,0.3076923076923077,0.0,False,False
PE O-18:1_22:4,PC 14:0_18:0,0.0,0.0,-2.1523414754178565e-06,0.07692307692307693,0.0,False,False
PE O-18:1_22:4,PC O-16:1_16:1,0.0,0.0,-2.9534820397812845e-07,0.07692307692307693,0.0,False,False
PE O-18:1_22:4,PC 14:0_20:1,0.0,0.0,-6.772560458475103e-08,1.0,0.0,False,True
PE O-18:1_22:4,PC 20:0_14:1,0.0,0.0,9.906528971150015e-07,1.0,0.0,False,True
PE O-18:1_22:4,PC 17:0_17:1,0.0,0.0,1.8925174143953322e-07,1.0,0.0,False,True
PE O-18:1_22:5,PS 14:0_22:0,0.0,0.0,1.3941497911781965e-07,1.0,0.0,False,True
PE O-18:1_22:5,PS 14:0_22:1,0.0,0.0,-5.841419621313751e-06,0.5,0.0,False,False
PE O-18:1_22:5,PS 16:0_20:1,0.0,0.0,-8.05958833278435e-06,1.0,0.0,False,True
PE O-18:1_22:5,PS 20:0_16:1,0.0,0.0,-9.179031714804465e-06,0.5,0.0,False,False
PE O-18:1_22:5,PS 18:0_18:1,0.0,0.0,-7.327065814489971e-06,0.5,0.0,False,False
PE O-18:1_22:5,PS 18:1_18:1,0.0,0.0,-3.7143801407453766e-06,0.5,0.0,False,False
PE O-18:1_22:5,PE 16:0_22:6,0.0,0.0,9.441815173575505e-06,0.5,0.0,False,False
PE O-18:1_22:5,PE 18:1_20:3,0.0,0.0,-2.9824307516521894e-06,1.0,0.0,False,True
PE O-18:1_22:5,PE 18:1_20:4,0.0,0.0,1.0141797670868855e-07,0.5,0.0,False,False
PE O-18:1_22:5,PE 18:1_20:5,0.0,0.0,2.133421842337639e-07,0.5,0.0,False,False
PE O-18:1_22:5,PE 18:1_22:6,0.0,0.0,9.801738433562424e-06,0.5,0.0,False,False
PE O-18:1_22:5,PE 20:1_18:3,0.0,0.0,3.9585870075862626e-08,1.0,0.0,False,True
PE O-18:1_22:5,PE 20:1_20:5,0.0,0.0,4.384918036809946e-08,0.5,0.0,False,False
PE O-18:1_22:5,PE 20:2_20:4,0.0,0.0,-8.818419286548997e-08,0.5,0.0,False,False
PE O-18:1_22:5,PE O-16:0_22:4,0.0,0.0,-1.298106588825637e-05,1.0,0.0,False,True
PE O-18:1_22:5,PE O-16:1_22:2,0.0,0.0,3.8561602888448356e-09,0.5,0.0,False,False
PE O-18:1_22:5,PE O-16:1_24:0,0.0,0.0,1.042637517394599e-08,1.0,0.0,False,True
PE O-18:1_22:5,PE O-16:1_24:1,0.0,0.0,8.911001141271715e-09,1.0,0.0,False,True
PE O-18:1_22:5,PE O-16:1_24:5,0.0,0.0,-1.695989298785871e-07,1.0,0.0,False,True
PE O-18:1_22:5,PE O-18:0_22:5,0.0,0.0,-4.001606771045966e-06,1.0,0.5,False,True
PE O-18:1_22:5,PE O-18:1_20:1,0.0,0.0,-7.324249756060361e-07,0.5,0.0,False,False
PE O-18:1_22:5,PE O-18:1_20:4,0.0,0.0,-1.4446942759781947e-06,1.0,0.5,False,True
PE O-18:1_22:5,PE O-18:1_22:6,0.0,0.0,8.80546067549811e-06,1.0,0.0,False,True
PE O-18:1_22:5,PE O-20:1_18:2,0.0,0.0,-1.0171198952548792e-07,0.5,0.0,False,False
PE O-18:1_22:5,PE O-18:2_22:6,0.0,0.0,9.812170340756911e-06,1.0,0.0,False,True
PE O-18:1_22:5,PE O-18:3_22:0,0.0,0.0,-2.5762193729889475e-10,1.0,0.0,False,True
PE O-18:1_22:5,PE O-18:3_22:6,0.0,0.0,1.0002421622955704e-05,0.5,0.0,False,False
PE O-18:1_22:5,PE O-20:2_20:4,0.0,0.0,-8.828975203767847e-07,1.0,0.0,False,True
PE O-18:1_22:5,PG 14:0_20:0,0.0,0.0,3.922878969859904e-08,0.5,0.0,False,False
PE O-18:1_22:5,PG 16:1_20:3,0.0,0.0,-5.59782121084006e-07,0.5,0.0,False,False
PE O-18:1_22:5,PG 14:0_22:3,0.0,0.0,-4.0903145013498547e-07,0.5,0.0,False,False
PE O-18:1_22:5,PG 14:0_22:1,0.0,0.0,-1.613976983771397e-06,1.0,0.0,False,True
PE O-18:1_22:5,PG 14:0_22:0,0.0,0.0,-8.26854222964092e-07,1.0,0.0,False,True
PE O-18:1_22:5,PG 16:0_22:6,0.0,0.0,5.449267307835047e-06,1.0,0.0,False,True
PE O-18:1_22:5,PG 16:1_22:4,0.0,0.0,-9.116713120013934e-06,0.5,0.0,False,False
PE O-18:1_22:5,PG 18:1_20:4,0.0,0.0,4.5339246764564475e-08,0.5,0.0,False,False
PE O-18:1_22:5,PG 17:1_20:1,0.0,0.0,7.732726023880922e-07,0.5,0.0,False,False
PE O-18:1_22:5,PC 14:0_18:0,0.0,0.0,-2.1523414754178565e-06,1.0,0.0,False,True
PE O-18:1_22:5,PC O-16:1_16:1,0.0,0.0,-2.9534820397812845e-07,0.5,0.0,False,False
PE O-18:1_22:5,PC 14:1_17:1,0.0,0.0,-2.1658257171220664e-06,0.5,0.0,False,False
PE O-18:1_22:5,PC 20:0_14:1,0.0,0.0,9.906528971150015e-07,0.5,0.0,False,False
PE O-18:1_22:5,PC 16:0_18:1,0.0,0.0,4.555780997318336e-07,1.0,0.0,False,True
PE O-18:1_22:6,PA 20:1_20:1,0.0,0.0,-0.007460358186002033,0.03125,0.0,False,False
PE O-18:1_22:6,PA 22:6_22:6,0.0,0.0,0.017154191632235173,0.015625,0.0,False,False
PE O-18:1_22:6,PS 14:0_22:0,0.0001239390076765703,0.0005969273724045552,-2.0811272775929586e-16,0.71875,0.0,False,False
PE O-18:1_22:6,PS 14:0_22:1,5.917947151484054e-05,0.00028502605510470017,9.02109666386768e-16,0.53125,0.0,False,False
PE O-18:1_22:6,PS 14:0_22:2,0.0010987521477077706,0.005291919346059516,2.8007425188076747e-16,0.671875,0.0,False,False
PE O-18:1_22:6,PS 16:0_18:1,3.870785704562004e-05,0.0001864286299431223,9.1247212586026e-16,0.6875,0.0,False,False
PE O-18:1_22:6,PS 16:0_20:1,0.001138742174871324,0.005484523291214705,1.4446275967385424e-15,0.890625,0.0,False,False
PE O-18:1_22:6,PS 16:0_20:2,0.0,0.0,0.008357570345255543,0.046875,0.0,False,False
PE O-18:1_22:6,PS 20:0_16:1,0.0008904103669361303,0.004288482945449933,-3.475741615067078e-17,0.984375,0.0,False,False
PE O-18:1_22:6,PS 16:1_20:1,0.0,0.0,4.2802714547451304e-16,0.0625,0.0,False,False
PE O-18:1_22:6,PS 18:0_18:2,0.0005978393452531951,0.0028793732995936543,3.770783863965112e-16,0.65625,0.0,False,False
PE O-18:1_22:6,PS 18:1_18:1,0.0,0.0,-5.636926088245174e-16,0.1875,0.0,False,False
PE O-18:1_22:6,PE 16:0_22:6,0.030433713494029836,0.1465778770466835,-5.305579250427858e-15,1.0,0.0,False,True
PE O-18:1_22:6,PE 18:0_22:6,0.0033688316073173796,0.016225301760339424,-7.941098109852634e-15,1.0,0.0,False,True
PE O-18:1_22:6,PE 18:1_20:3,0.0006097142418179883,0.0029365663571861095,-4.4673714174609575e-16,0.828125,0.0,False,False
PE O-18:1_22:6,PE 18:1_22:6,0.013533166773046796,0.06517978345629921,-7.127069348990548e-15,1.0,0.0,False,True
PE O-18:1_22:6,PE 18:2_22:6,0.0007568793192413784,0.003645357436144086,-7.095118432280616e-15,0.984375,0.0,False,False
PE O-18:1_22:6,PE 20:1_18:3,0.001847872111984259,0.008899905405285425,-5.802977305155469e-16,1.0,0.0,False,True
PE O-18:1_22:6,PE 20:1_20:5,0.0,0.0,2.993599403453219e-17,0.09375,0.0,False,False
PE O-18:1_22:6,PE 17:0_22:6,0.00014652098994852487,0.000705688960817953,0.028248850889302922,0.6875,0.0,False,False
PE O-18:1_22:6,PE O-16:0_22:3,0.0,0.0,-0.019333441547507307,0.109375,0.0,False,False
PE O-18:1_22:6,PE O-16:1_22:2,0.0,0.0,2.5978110207851247e-17,0.03125,0.0,False,False
PE O-18:1_22:6,PE O-16:1_24:6,0.0027859738570709387,0.013418084308282879,9.211075087548365e-17,1.0,0.0,False,True
PE O-18:1_22:6,PE O-18:0_20:3,0.0,0.0,-0.010984535802800085,0.0625,0.0,False,False
PE O-18:1_22:6,PE O-18:0_20:4,0.0,0.0,7.368860070038692e-16,0.046875,0.0,False,False
PE O-18:1_22:6,PE O-18:0_22:6,0.0,0.0,0.0770010488611813,0.0625,0.0,False,False
PE O-18:1_22:6,PE O-18:1_20:1,0.0033743932918599982,0.016252088498448804,5.480589677091277e-16,0.6875,0.0,False,False
PE O-18:1_22:6,PE O-18:1_20:3,0.0,0.0,0.03409269093878138,0.125,0.0,False,False
PE O-18:1_22:6,PE O-18:1_20:4,0.013517593529121782,0.06510477805041252,8.658410582295462e-16,1.0,0.0,False,True
PE O-18:1_22:6,PE O-18:1_20:5,0.0,0.0,0.09746938452878137,0.140625,0.0,False,False
PE O-18:1_22:6,PE O-18:1_22:1,0.0,0.0,0.055649651166024494,0.078125,0.0,False,False
PE O-18:1_22:6,PE O-18:1_22:2,0.0,0.0,0.046359261548673786,0.171875,0.0,False,False
PE O-18:1_22:6,PE O-18:1_22:3,0.0,0.0,0.023981846384450896,0.328125,0.0,False,False
PE O-18:1_22:6,PE O-18:1_22:4,0.049722534609291574,0.23947861524818298,0.022338541696943753,1.0,0.46875,False,True
PE O-18:1_22:6,PE O-18:1_22:5,0.0,0.0,0.017662532009146855,0.390625,0.0,False,False
PE O-18:1_22:6,PE O-18:2_22:5,0.004065252187928279,0.01957947180789505,-2.394879522762575e-16,0.953125,0.0,False,False
PE O-18:1_22:6,PE O-18:2_22:6,0.0013726327257804552,0.006611010218952426,-6.219778452867034e-15,0.8125,0.0,False,False
PE O-18:1_22:6,PE O-18:3_22:0,0.0,0.0,-2.751808682405074e-16,0.015625,0.0,False,False
PE O-18:1_22:6,PE O-18:3_22:6,0.004972646108352529,0.023949752632380868,-7.016536447939968e-15,1.0,0.0,False,True
PE O-18:1_22:6,PE O-20:3_20:4,0.04583668282773978,0.22076318951580667,8.84263208404643e-16,1.0,0.53125,False,True
PE O-18:1_22:6,PG 16:1_20:3,0.0,0.0,4.024088428872692e-16,0.109375,0.0,False,False
PE O-18:1_22:6,PG 16:0_20:3,0.0,0.0,-9.461069120067081e-06,0.015625,0.0,False,False
PE O-18:1_22:6,PG 16:1_20:2,0.0,0.0,0.008249595065667118,0.171875,0.0,False,False
PE O-18:1_22:6,PG 14:0_22:2,0.0,0.0,0.002434610217622137,0.09375,0.0,False,False
PE O-18:1_22:6,PG 16:1_20:1,0.00771536389253992,0.037159502741359055,1.4790971667927273e-15,0.984375,0.0,False,False
PE O-18:1_22:6,PG 14:0_22:1,0.009780604338804968,0.047106319131802514,-1.6706587440040846e-15,1.0,0.0,False,True
PE O-18:1_22:6,PG 14:0_22:0,0.0009770358982039498,0.004705697442582165,2.581979485478401e-16,0.9375,0.0,False,False
PE O-18:1_22:6,PG 16:1_22:6,0.0,0.0,-5.891633902873123e-15,0.125,0.0,False,False
PE O-18:1_22:6,PG 16:0_22:6,0.001923260169357028,0.009262996863268091,-4.5548766307926666e-15,1.0,0.0,False,True
PE O-18:1_22:6,PG 16:1_22:4,0.0,0.0,-0.015562707960223831,0.09375,0.0,False,False
PE O-18:1_22:6,PG 14:0_24:4,0.0,0.0,0.015791080369788015,0.3125,0.0,False,False
PE O-18:1_22:6,PG 16:0_22:4,0.0,0.0,1.3931751069916902e-16,0.015625,0.0,False,False
PE O-18:1_22:6,PG 16:1_22:3,0.0029349354176252023,0.014135527787925553,4.997008234994988e-16,0.625,0.0,False,False
PE O-18:1_22:6,PG 18:2_20:2,0.0,0.0,0.03402174833978484,0.03125,0.0,False,False
PE O-18:1_22:6,PG 17:0_20:1,0.0,0.0,6.298072591111194e-16,0.21875,0.0,False,False
PE O-18:1_22:6,PG 17:1_20:1,0.0,0.0,-0.004433795938820047,0.09375,0.0,False,False
PE O-18:1_22:6,PG 17:1_20:2,0.0,0.0,0.011794809191509275,0.03125,0.0,False,False
PE O-18:1_22:6,PC 14:0_18:0,8.540534689409872e-05,0.000411337723824873,0.007874920085418863,0.625,0.0,False,False
PE O-18:1_22:6,PC O-16:1_16:1,5.448871107901262e-05,0.00026243394827708247,0.0009413879746648416,0.9375,0.0,False,False
PE O-18:1_22:6,PC 14:0_20:1,0.0,0.0,4.370942975138185e-16,0.109375,0.0,False,False
PE O-18:1_22:6,PC 14:1_17:1,0.0,0.0,1.2665228245379001e-16,0.234375,0.0,False,False
PE O-18:1_22:6,PC 20:0_14:1,0.0006910704610912366,0.003328402269946363,-5.0229143836787184e-17,0.90625,0.0,False,False
PE O-18:1_22:6,PC 14:1_20:1,0.0,0.0,-0.011760074845380683,0.03125,0.0,False,False
PE O-18:1_22:6,PC 16:0_18:1,0.0030905038273501065,0.014884791831482981,-7.179398869812627e-17,0.734375,0.0,False,False
PE O-18:1_22:6,PC 17:0_17:1,8.364069083062475e-05,0.00040283861182684774,4.800058538665035e-17,0.421875,0.0,False,False
PE O-20:1_18:2,PA 20:1_20:1,0.0,0.0,1.5964166285565733e-08,1.0,0.0,False,False
PE O-20:1_18:2,PS 14:0_22:0,0.0,0.0,1.3941497911781965e-07,1.0,0.0,False,False
PE O-20:1_18:2,PS 14:0_22:1,0.0,0.0,-5.841419621313751e-06,1.0,0.0,False,False
PE O-20:1_18:2,PS 20:0_16:1,0.0,0.0,-9.179031714804465e-06,1.0,0.0,False,False
PE O-20:1_18:2,PS 18:0_18:1,0.0,0.0,-7.327065814489971e-06,1.0,0.0,False,False
PE O-20:1_18:2,PS 18:1_18:1,0.0,0.0,-3.7143801407453766e-06,1.0,0.0,False,False
PE O-20:1_18:2,PE 18:1_20:1,0.0,0.0,1.26119016850893e-07,1.0,0.0,False,False
PE O-20:1_18:2,PE 18:1_20:3,0.0,0.0,-2.9824307516521894e-06,1.0,0.0,False,False
PE O-20:1_18:2,PE 18:1_20:4,0.0,0.0,1.0141797670868855e-07,1.0,0.0,False,False
PE O-20:1_18:2,PE 18:1_20:5,0.0,0.0,2.133421842337639e-07,1.0,0.0,False,False
PE O-20:1_18:2,PE 18:2_22:6,0.0,0.0,7.741439450748265e-06,1.0,1.0,False,False
PE O-20:1_18:2,PE 20:1_18:3,0.0,0.0,3.9585870075862626e-08,1.0,0.0,False,False
PE O-20:1_18:2,PE 20:2_20:4,0.0,0.0,-8.818419286548997e-08,1.0,0.0,False,False
PE O-20:1_18:2,PE O-16:0_22:3,0.0,0.0,4.1079906095678875e-07,1.0,0.0,False,False
PE O-20:1_18:2,PE O-16:1_22:2,0.0,0.0,3.8561602888448356e-09,1.0,0.0,False,False
PE O-20:1_18:2,PE O-16:1_24:6,0.0,0.0,-8.097980774187855e-08,1.0,0.0,False,False
PE O-20:1_18:2,PE O-18:0_20:4,0.0,0.0,2.3005374997648287e-07,1.0,0.0,False,False
PE O-20:1_18:2,PE O-18:0_20:5,0.0,0.0,-3.957801087477535e-09,1.0,0.0,False,False
PE O-20:1_18:2,PE O-18:1_20:1,0.0,0.0,-7.324249756060361e-07,1.0,0.0,False,False
PE O-20:1_18:2,PE O-18:1_22:5,0.0,0.0,-6.120849326571443e-06,1.0,0.0,False,False
PE O-20:1_18:2,PE O-18:2_22:4,0.0,0.0,-1.3462846540721761e-05,1.0,0.0,False,False
PE O-20:1_18:2,PE O-18:3_22:0,0.0,0.0,-2.5762193729889475e-10,1.0,0.0,False,False
PE O-20:1_18:2,PE O-20:1_20:4,0.0,0.0,-7.684895041419018e-07,1.0,0.0,False,False
PE O-20:1_18:2,PG 14:0_20:0,0.0,0.0,3.922878969859904e-08,1.0,0.0,False,False
PE O-20:1_18:2,PG 16:1_20:3,0.0,0.0,-5.59782121084006e-07,1.0,0.0,False,False
PE O-20:1_18:2,PG 16:1_20:2,0.0,0.0,-3.93323142989054e-07,1.0,0.0,False,False
PE O-20:1_18:2,PG 16:1_20:1,0.0,0.0,-3.105127011588524e-06,1.0,0.0,False,False
PE O-20:1_18:2,PG 14:0_22:1,0.0,0.0,-1.613976983771397e-06,1.0,0.0,False,False
PE O-20:1_18:2,PG 16:1_22:4,0.0,0.0,-9.116713120013934e-06,1.0,0.0,False,False
PE O-20:1_18:2,PG 17:1_20:1,0.0,0.0,7.732726023880922e-07,1.0,0.0,False,False
PE O-20:1_18:2,PC 14:0_18:0,0.0,0.0,-2.1523414754178565e-06,1.0,0.0,False,False
PE O-20:1_18:2,PC O-16:1_16:1,0.0,0.0,-2.9534820397812845e-07,1.0,0.0,False,False
PE O-20:1_18:2,PC 14:1_17:1,0.0,0.0,-2.1658257171220664e-06,1.0,0.0,False,False
PE O-20:1_18:2,PC 14:1_20:1,0.0,0.0,3.489194930380844e-08,1.0,0.0,False,False
PE O-20:1_18:2,PC 16:0_18:1,0.0,0.0,4.555780997318336e-07,1.0,0.0,False,False
PE O-18:2_22:4,PA 20:1_20:1,0.0,0.0,1.5964166285565733e-08,0.1875,0.0,False,False
PE O-18:2_22:4,PS 14:0_22:0,0.0,0.0,1.3941497911781965e-07,0.0625,0.0,False,False
PE O-18:2_22:4,PS 14:0_22:1,0.0,0.0,-5.841419621313751e-06,0.6875,0.0,False,False
PE O-18:2_22:4,PS 20:0_16:1,0.0,0.0,-9.179031714804465e-06,1.0,0.0,False,True
PE O-18:2_22:4,PS 16:1_20:1,0.0,0.0,-9.594411882022113e-07,0.875,0.0,False,False
PE O-18:2_22:4,PS 18:0_18:1,0.0,0.0,-7.327065814489971e-06,1.0,0.0,False,True
PE O-18:2_22:4,PS 18:1_18:1,0.0,0.0,-3.7143801407453766e-06,1.0,0.0,False,True
PE O-18:2_22:4,PE 16:0_22:4,0.0,0.0,-1.2489116395427366e-05,1.0,0.0,False,True
PE O-18:2_22:4,PE 18:0_22:6,0.0,0.0,7.789151876111003e-06,0.1875,0.0,False,False
PE O-18:2_22:4,PE 18:1_20:1,0.0,0.0,1.26119016850893e-07,0.25,0.0,False,False
PE O-18:2_22:4,PE 18:1_20:3,0.0,0.0,-2.9824307516521894e-06,0.125,0.0,False,False
PE O-18:2_22:4,PE 18:1_20:4,0.0,0.0,1.0141797670868855e-07,1.0,0.0,False,True
PE O-18:2_22:4,PE 18:1_20:5,0.0,0.0,2.133421842337639e-07,0.0625,0.0,False,False
PE O-18:2_22:4,PE 18:1_22:6,0.0,0.0,9.801738433562424e-06,0.375,0.0,False,False
PE O-18:2_22:4,PE 20:0_20:4,0.0,0.0,6.232348373412153e-07,0.0625,0.0,False,False
PE O-18:2_22:4,PE 20:1_20:4,0.0,0.0,-2.6194237933733366e-08,0.6875,0.0,False,False
PE O-18:2_22:4,PE 20:1_20:5,0.0,0.0,4.384918036809946e-08,0.75,0.0,False,False
PE O-18:2_22:4,PE 20:2_20:4,0.0,0.0,-8.818419286548997e-08,0.75,0.0,False,False
PE O-18:2_22:4,PE 20:3_20:4,0.0,0.0,-1.3704469042739962e-06,0.125,0.0,False,False
PE O-18:2_22:4,PE O-16:0_22:3,0.0,0.0,4.1079906095678875e-07,0.375,0.0,False,False
PE O-18:2_22:4,PE O-16:0_22:4,0.0,0.0,-1.298106588825637e-05,0.875,0.1875,False,False
PE O-18:2_22:4,PE O-16:1_22:1,0.0,0.0,4.918050525066521e-09,0.0625,0.0,False,False
PE O-18:2_22:4,PE O-16:1_22:2,0.0,0.0,3.8561602888448356e-09,0.25,0.0,False,False
PE O-18:2_22:4,PE O-16:1_22:4,0.0,0.0,-1.3350504744890059e-05,0.0625,0.0,False,False
PE O-18:2_22:4,PE O-16:1_24:5,0.0,0.0,-1.695989298785871e-07,0.1875,0.0,False,False
PE O-18:2_22:4,PE O-16:1_24:6,0.0,0.0,-8.097980774187855e-08,1.0,0.0,False,True
PE O-18:2_22:4,PE O-18:0_20:3,0.0,0.0,-3.29622090975325e-06,0.25,0.0,False,False
PE O-18:2_22:4,PE O-18:0_20:4,0.0,0.0,2.3005374997648287e-07,0.125,0.0,False,False
PE O-18:2_22:4,PE O-18:0_20:5,0.0,0.0,-3.957801087477535e-09,0.1875,0.0,False,False
PE O-18:2_22:4,PE O-18:0_22:5,0.0,0.0,-4.001606771045966e-06,0.125,0.0,False,False
PE O-18:2_22:4,PE O-18:1_20:1,0.0,0.0,-7.324249756060361e-07,0.0625,0.0,False,False
PE O-18:2_22:4,PE O-18:1_20:4,0.0,0.0,-1.4446942759781947e-06,0.1875,0.0,False,False
PE O-18:2_22:4,PE O-18:1_22:4,0.0,0.0,-1.4530481065061408e-05,0.875,0.8125,False,False
PE O-18:2_22:4,PE O-20:1_18:2,0.0,0.0,-1.0171198952548792e-07,0.0625,0.0,False,False
PE O-18:2_22:4,PE O-18:2_22:5,0.0,0.0,-3.807573311874768e-06,0.75,0.0,False,False
PE O-18:2_22:4,PE O-18:2_22:6,0.0,0.0,9.812170340756911e-06,1.0,0.0,False,True
PE O-18:2_22:4,PE O-18:3_22:0,0.0,0.0,-2.5762193729889475e-10,0.6875,0.0,False,False
PE O-18:2_22:4,PE O-18:3_22:6,0.0,0.0,1.0002421622955704e-05,0.4375,0.0,False,False
PE O-18:2_22:4,PE O-20:0_20:4,0.0,0.0,-2.548906458062797e-08,0.3125,0.0,False,False
PE O-18:2_22:4,PE O-20:1_20:4,0.0,0.0,-7.684895041419018e-07,0.25,0.0,False,False
PE O-18:2_22:4,PE O-20:2_20:4,0.0,0.0,-8.828975203767847e-07,1.0,0.0,False,True
PE O-18:2_22:4,PE O-20:3_20:4,0.0,0.0,-2.1881161405786937e-08,0.9375,0.0,False,False
PE O-18:2_22:4,PG 14:0_20:0,0.0,0.0,3.922878969859904e-08,0.6875,0.0,False,False
PE O-18:2_22:4,PG 16:1_20:3,0.0,0.0,-5.59782121084006e-07,1.0,0.0,False,True
PE O-18:2_22:4,PG 14:0_22:1,0.0,0.0,-1.613976983771397e-06,1.0,0.0,False,True
PE O-18:2_22:4,PG 14:0_22:0,0.0,0.0,-8.26854222964092e-07,0.5625,0.0,False,False
PE O-18:2_22:4,PG 16:1_22:4,0.0,0.0,-9.116713120013934e-06,0.375,0.0,False,False
PE O-18:2_22:4,PG 18:1_20:4,0.0,0.0,4.5339246764564475e-08,0.375,0.0,False,False
PE O-18:2_22:4,PG 16:0_22:4,0.0,0.0,-6.140026505344242e-06,0.9375,0.0,False,False
PE O-18:2_22:4,PG 16:1_22:3,0.0,0.0,1.5667433647001555e-06,0.0625,0.0,False,False
PE O-18:2_22:4,PG 17:0_20:1,0.0,0.0,-1.8981904797655935e-07,0.6875,0.0,False,False
PE O-18:2_22:4,PG 17:0_20:3,0.0,0.0,-1.8957186943001946e-06,0.1875,0.0,False,False
PE O-18:2_22:4,PG 17:1_20:1,0.0,0.0,7.732726023880922e-07,0.1875,0.0,False,False
PE O-18:2_22:4,PC O-16:1_16:1,0.0,0.0,-2.9534820397812845e-07,0.375,0.0,False,False
PE O-18:2_22:4,PC 14:0_20:1,0.0,0.0,-6.772560458475103e-08,1.0,0.0,False,True
PE O-18:2_22:4,PC 14:1_17:1,0.0,0.0,-2.1658257171220664e-06,0.0625,0.0,False,False
PE O-18:2_22:4,PC 20:0_14:1,0.0,0.0,9.906528971150015e-07,0.9375,0.0,False,False
PE O-18:2_22:4,PC 14:1_20:1,0.0,0.0,3.489194930380844e-08,0.25,0.0,False,False
PE O-18:2_22:4,PC 17:0_17:1,0.0,0.0,1.8925174143953322e-07,0.9375,0.0,False,False
PE O-18:2_22:5,PA 20:1_20:1,0.0,0.0,0.0028736528002470153,0.018867924528301886,0.0,False,False
PE O-18:2_22:5,PS 14:0_22:0,9.476358578565727e-06,0.0010231173619195694,-1.9180537552834174e-15,0.9433962264150944,0.0,False,False
PE O-18:2_22:5,PS 14:0_22:1,1.2239571473664224e-06,0.0001321448315124508,-6.974498622604289e-15,0.660377358490566,0.0,False,False
PE O-18:2_22:5,PS 14:0_22:2,1.508507668683567e-05,0.0016286639784926392,-2.558580285080882e-15,0.37735849056603776,0.0,False,False
PE O-18:2_22:5,PS 16:0_18:1,1.3198336132097706e-05,0.001424961574981191,-1.822321063092358e-14,0.9811320754716981,0.0,False,False
PE O-18:2_22:5,PS 16:0_20:1,4.0269509921683766e-05,0.004347707446408473,-2.2748812840542465e-14,0.7547169811320755,0.0,False,False
PE O-18:2_22:5,PS 20:0_16:1,0.0,0.0,-1.666813546336584e-14,0.39622641509433965,0.0,False,False
PE O-18:2_22:5,PS 16:1_20:1,0.0,0.0,-4.509206031656753e-15,0.41509433962264153,0.0,False,False
PE O-18:2_22:5,PS 18:0_18:1,0.0,0.0,-3.782916472885747e-14,0.3584905660377358,0.0,False,False
PE O-18:2_22:5,PS 18:0_18:2,4.049957124644191e-05,0.004372546073367848,-4.496634754089627e-15,0.7547169811320755,0.0,False,False
PE O-18:2_22:5,PS 18:1_18:1,0.0,0.0,-4.8145527096926556e-14,0.18867924528301888,0.0,False,False
PE O-18:2_22:5,PE 16:0_22:4,0.00031711395179945256,0.03423728503971944,3.847188703480762e-14,0.8679245283018868,0.0,False,False
PE O-18:2_22:5,PE 16:0_22:6,0.0,0.0,-5.500301210003918e-15,0.05660377358490566,0.0,False,False
PE O-18:2_22:5,PE 18:0_20:4,0.0,0.0,0.02544506493415295,0.32075471698113206,0.0,False,False
PE O-18:2_22:5,PE 18:1_20:3,0.0,0.0,-1.7655362455408182e-14,0.1509433962264151,0.0,False,False
PE O-18:2_22:5,PE 18:1_20:4,0.0006831783829037846,0.0737595204995703,-4.6186412065249013e-14,0.9622641509433962,0.0,False,False
PE O-18:2_22:5,PE 18:1_20:5,0.0,0.0,0.021636667245526445,0.07547169811320754,0.0,False,False
PE O-18:2_22:5,PE 20:1_18:3,0.0,0.0,-1.1215510403793093e-14,0.20754716981132076,0.0,False,False
PE O-18:2_22:5,PE 20:0_20:4,0.00016174245837098644,0.017462563910699495,-2.306499935975269e-14,0.6792452830188679,0.0,False,False
PE O-18:2_22:5,PE 20:1_20:4,0.00024118747035271502,0.026039863978286944,-2.3312143541105733e-14,0.5283018867924528,0.0,False,False
PE O-18:2_22:5,PE 20:1_20:5,0.0,0.0,1.4909241375102195e-16,0.5471698113207547,0.0,False,False
PE O-18:2_22:5,PE 20:2_20:4,0.00024004773634667131,0.025916812318740105,-2.127353983866778e-14,0.9811320754716981,0.0,False,False
PE O-18:2_22:5,PE 20:3_20:4,0.0,0.0,0.026954719771371767,0.3018867924528302,0.0,False,False
PE O-18:2_22:5,PE O-16:0_22:3,0.0,0.0,4.4029273178004495e-15,0.3584905660377358,0.0,False,False
PE O-18:2_22:5,PE O-16:0_22:4,0.0,0.0,0.014024493462578246,0.05660377358490566,0.0,False,False
PE O-18:2_22:5,PE O-16:1_22:1,0.0,0.0,2.2833973277183543e-16,0.11320754716981132,0.0,False,False
PE O-18:2_22:5,PE O-16:1_22:2,2.296124708393941e-06,0.00024790166336718635,1.0832705557675603e-15,0.7547169811320755,0.0,False,False
PE O-18:2_22:5,PE O-16:1_24:6,2.9174385997110443e-05,0.0031498196896538886,-5.318972598685107e-16,1.0,0.0,False,True
PE O-18:2_22:5,PE O-18:0_20:5,0.0,0.0,-0.09156197632393828,0.018867924528301886,0.0,False,False
PE O-18:2_22:5,PE O-18:0_22:5,0.0033486273751165236,0.361535370118868,-2.406969418394877e-15,0.9622641509433962,0.7924528301886793,False,False
PE O-18:2_22:5,PE O-18:1_20:1,0.0,0.0,8.797795586208953e-17,0.18867924528301888,0.0,False,False
PE O-18:2_22:5,PE O-18:1_20:4,0.0001306212328771733,0.014102553220627726,-2.1968632848723218e-14,0.6981132075471698,0.0,False,False
PE O-18:2_22:5,PE O-18:1_22:5,0.0,0.0,0.2372982962658396,0.16981132075471697,0.018867924528301886,False,False
PE O-18:2_22:5,PE O-18:1_22:6,0.00018447471754264727,0.01991685780865177,-7.854886807351138e-15,0.9622641509433962,0.0,False,False
PE O-18:2_22:5,PE O-18:2_22:4,0.0,0.0,0.03359521539535425,0.1509433962264151,0.07547169811320754,False,False
PE O-18:2_22:5,PE O-18:2_22:6,0.00135732004859343,0.1465433896242068,-4.964374425439434e-15,1.0,0.09433962264150944,False,True
PE O-18:2_22:5,PE O-18:3_22:0,1.2481973453662464e-05,0.00134761930393247,-2.0752052184263866e-16,0.8301886792452831,0.0,False,False
PE O-18:2_22:5,PE O-20:0_20:4,0.0,0.0,-2.0920055293829294e-14,0.05660377358490566,0.0,False,False
PE O-18:2_22:5,PE O-20:2_20:4,0.00036650474441671417,0.03956977399386131,-2.52637766688556e-14,0.7358490566037735,0.0,False,False
PE O-18:2_22:5,PE O-20:3_20:4,0.0013369039557254228,0.1443391611853351,-2.405626243496219e-14,1.0,0.0,False,True
PE O-18:2_22:5,PG 14:0_20:0,0.0,0.0,2.953641602148624e-15,0.22641509433962265,0.0,False,False
PE O-18:2_22:5,PG 14:0_22:4,0.0,0.0,-0.00140181779745744,0.018867924528301886,0.0,False,False
PE O-18:2_22:5,PG 16:0_20:4,0.0,0.0,0.01106381947772552,0.07547169811320754,0.0,False,False
PE O-18:2_22:5,PG 16:1_20:3,2.2687512312588587e-05,0.00244946279241436,-1.354591885296447e-15,0.9056603773584906,0.0,False,False
PE O-18:2_22:5,PG 14:0_22:2,0.0,0.0,0.0001615825756613824,0.03773584905660377,0.0,False,False
PE O-18:2_22:5,PG 16:1_20:1,0.0,0.0,5.56855128454197e-15,0.07547169811320754,0.0,False,False
PE O-18:2_22:5,PG 14:0_22:1,7.511420699853055e-05,0.008109723652800884,-3.558070306544659e-15,0.9056603773584906,0.0,False,False
PE O-18:2_22:5,PG 14:0_22:0,0.0,0.0,-7.194380550936137e-15,0.05660377358490566,0.0,False,False
PE O-18:2_22:5,PG 16:1_22:6,0.0,0.0,-6.631254474673832e-15,0.05660377358490566,0.0,False,False
PE O-18:2_22:5,PG 16:0_22:6,0.0,0.0,-6.1255491253291495e-15,0.11320754716981132,0.0,False,False
PE O-18:2_22:5,PG 16:0_22:5,0.0,0.0,0.2059547657623108,0.11320754716981132,0.018867924528301886,False,False
PE O-18:2_22:5,PG 16:1_22:4,0.0,0.0,2.859082089283111e-14,0.05660377358490566,0.0,False,False
PE O-18:2_22:5,PG 18:1_20:4,0.0,0.0,0.01353108336471148,0.37735849056603776,0.0,False,False
PE O-18:2_22:5,PG 16:0_22:4,0.0,0.0,2.3378294904864638e-14,0.11320754716981132,0.0,False,False
PE O-18:2_22:5,PG 16:1_22:3,0.0004189643517470065,0.045233588275911056,2.0553933886711834e-15,0.5471698113207547,0.0,False,False
PE O-18:2_22:5,PG 17:0_20:1,4.4805029764897336e-08,4.837385950915302e-06,2.2692939912824467e-15,0.4716981132075472,0.0,False,False
PE O-18:2_22:5,PG 17:0_20:3,0.0,0.0,0.0018405304337397075,0.09433962264150944,0.0,False,False
PE O-18:2_22:5,PG 17:1_20:1,0.0,0.0,0.0005096872670365629,0.018867924528301886,0.0,False,False
PE O-18:2_22:5,PC 14:0_18:0,1.1407141450571479e-05,0.0012315748049414226,0.01936645066472446,0.9811320754716981,0.0,False,False
PE O-18:2_22:5,PC O-16:1_16:1,6.4081156988778434e-06,0.0006918537721378188,0.0023920621646593538,1.0,0.0,False,True
PE O-18:2_22:5,PC 14:0_20:1,0.0,0.0,1.4365045670067848e-15,0.22641509433962265,0.0,False,False
PE O-18:2_22:5,PC 14:1_17:1,1.934143916703995e-05,0.0020882031903128764,-1.2617784997991893e-14,0.660377358490566,0.0,False,False
PE O-18:2_22:5,PC 20:0_14:1,0.0,0.0,-1.0521676620205145e-15,0.018867924528301886,0.0,False,False
PE O-18:2_22:5,PC 14:1_20:1,0.0,0.0,0.008401928442634479,0.07547169811320754,0.0,False,False
PE O-18:2_22:5,PC 16:0_18:1,0.00017684508242870114,0.01909312239536278,-2.9998370465403885e-14,0.9056603773584906,0.0,False,False
PE O-18:2_22:5,PC 17:0_17:0,0.0,0.0,0.006679632719771923,0.018867924528301886,0.0,False,False
PE O-18:2_22:5,PC 17:0_17:1,0.0,0.0,3.254616895178043e-15,0.07547169811320754,0.0,False,False
PE O-18:2_22:6,PA 20:1_20:1,0.0,0.0,-0.002669691846996797,0.015625,0.0,False,False
PE O-18:2_22:6,PA 22:6_22:6,0.0,0.0,0.04069227616465291,0.015625,0.0,False,False
PE O-18:2_22:6,PS 14:0_22:0,0.0,0.0,5.014690443722019e-16,0.4375,0.0,False,False
PE O-18:2_22:6,PS 14:0_22:1,0.0,0.0,-2.008976449787863e-15,0.234375,0.0,False,False
PE O-18:2_22:6,PS 14:0_22:2,3.6848862481307426e-05,0.000530802106370491,1.2780872552855656e-15,0.5,0.0,False,False
PE O-18:2_22:6,PS 16:0_20:1,0.00011834422292377259,0.001704730039810136,-3.587257258780397e-15,0.5625,0.0,False,False
PE O-18:2_22:6,PS 16:0_20:2,0.0,0.0,0.013641241405014451,0.046875,0.0,False,False
PE O-18:2_22:6,PS 20:0_16:1,0.0001933003067434184,0.002784460715266781,-8.643462286256954e-16,0.53125,0.0,False,False
PE O-18:2_22:6,PS 16:1_20:1,1.716555092667882e-05,0.0002472670789637837,7.320517966144431e-16,0.359375,0.0,False,False
PE O-18:2_22:6,PS 18:0_18:1,0.0,0.0,-6.616174853202795e-15,0.234375,0.0,False,False
PE O-18:2_22:6,PS 18:0_18:2,0.0,0.0,-1.5919413838102464e-15,0.25,0.0,False,False
PE O-18:2_22:6,PS 18:1_18:1,0.0003186121627581917,0.00458955842105293,-5.6137211820051186e-15,0.515625,0.0,False,False
PE O-18:2_22:6,PE 16:0_22:6,0.007426575245501339,0.10697865600141018,-2.802646158346031e-14,1.0,0.0,False,True
PE O-18:2_22:6,PE 18:0_22:6,0.003080337059732763,0.04437177403960999,-3.494626935495184e-14,1.0,0.0,False,True
PE O-18:2_22:6,PE 18:1_20:3,9.163906884195397e-05,0.001320046467969389,4.650408448583017e-17,0.875,0.0,False,False
PE O-18:2_22:6,PE 18:1_22:6,0.007173260967000564,0.10332970340022361,-2.8950342728578806e-14,0.984375,0.0,False,False
PE O-18:2_22:6,PE 18:2_22:6,0.001570044039749311,0.022616239071589387,-2.7605599618863553e-14,1.0,0.0,False,True
PE O-18:2_22:6,PE 20:1_18:3,0.0004529597459299317,0.006524814364693504,-1.0850953046693705e-15,0.953125,0.0,False,False
PE O-18:2_22:6,PE 20:0_20:4,0.0,0.0,1.1812037459400858e-14,0.28125,0.0,False,False
PE O-18:2_22:6,PE 20:1_20:4,0.0,0.0,1.1619820576859427e-14,0.234375,0.0,False,False
PE O-18:2_22:6,PE 20:1_20:5,0.0,0.0,-3.3327927214844948e-15,0.0625,0.0,False,False
PE O-18:2_22:6,PE 20:3_20:4,0.0,0.0,-0.02898247597379523,0.03125,0.0,False,False
PE O-18:2_22:6,PE 17:0_22:6,0.0,0.0,0.049377421167271084,0.203125,0.0,False,False
PE O-18:2_22:6,PE O-16:0_22:3,0.0001061921394769832,0.0015296811765346985,-1.6987009558896308e-16,0.0,0.0,False,False
PE O-18:2_22:6,PE O-16:1_22:1,0.00011299437578798986,0.0016276663277383148,-3.914093777557372e-16,0.828125,0.0,False,False
PE O-18:2_22:6,PE O-16:1_22:2,0.0,0.0,2.177275215959629e-16,0.546875,0.0,False,False
PE O-18:2_22:6,PE O-16:1_24:0,4.408323643933284e-06,6.350121328574597e-05,4.8060275854691925e-17,1.0,0.0,False,True
PE O-18:2_22:6,PE O-16:1_24:1,6.026783192232326e-06,8.681487019302113e-05,-2.482034405044503e-17,1.0,0.0,False,True
PE O-18:2_22:6,PE O-16:1_24:4,7.766734361902214e-06,0.00011187859492295225,-1.8553192039659324e-16,0.984375,0.0,False,False
PE O-18:2_22:6,PE O-16:1_24:5,1.8741109762609553e-05,0.00026996275781267394,-1.2866130041079677e-16,0.78125,0.0,False,False
PE O-18:2_22:6,PE O-18:0_20:3,0.0,0.0,0.008092368519256968,0.015625,0.0,False,False
PE O-18:2_22:6,PE O-18:0_20:4,0.00012283975320346446,0.0017694874510578579,1.0932310973666571e-14,0.859375,0.0,False,False
PE O-18:2_22:6,PE O-18:0_20:5,0.0,0.0,0.06916646380219077,0.125,0.0,False,False
PE O-18:2_22:6,PE O-18:0_22:6,0.0,0.0,0.08384508548127405,0.015625,0.0,False,False
PE O-18:2_22:6,PE O-18:1_20:1,0.0,0.0,-1.1781034736410308e-16,0.046875,0.0,False,False
PE O-18:2_22:6,PE O-18:1_20:4,0.0,0.0,1.1998053797344181e-14,0.3125,0.0,False,False
PE O-18:2_22:6,PE O-18:1_22:6,0.0028588232550578047,0.041180902295027515,-2.4120118486650577e-14,0.984375,0.0,False,False
PE O-18:2_22:6,PE O-18:2_20:4,0.018390495870426127,0.2649122194795537,0.036072027141767035,0.765625,0.546875,False,False
PE O-18:2_22:6,PE O-18:2_22:4,0.007577298274691016,0.10914979768625882,0.06841468880887913,0.640625,0.453125,False,False
PE O-18:2_22:6,PE O-18:2_22:5,0.003198195746479859,0.04606951000666063,-4.0923594347530543e-16,1.0,0.0,False,True
PE O-18:2_22:6,PE O-18:3_22:6,0.003124707119494025,0.045010917817603406,-2.973471162023981e-14,1.0,0.0,False,True
PE O-18:2_22:6,PE O-20:0_20:4,0.0,0.0,1.0102393208369692e-14,0.5,0.0,False,False
PE O-18:2_22:6,PE O-20:1_20:4,0.001778148589579212,0.025613952595338708,1.1591918126167931e-14,0.859375,0.0,False,False
PE O-18:2_22:6,PE O-20:2_20:4,0.0,0.0,1.172290463080302e-14,0.15625,0.0,False,False
PE O-18:2_22:6,PG 14:0_20:0,0.0,0.0,-8.874529456045922e-17,0.03125,0.0,False,False
PE O-18:2_22:6,PG 14:0_22:4,0.0,0.0,0.0012191495506984056,0.078125,0.0,False,False
PE O-18:2_22:6,PG 16:1_20:3,0.0,0.0,2.910380620738204e-16,0.03125,0.0,False,False
PE O-18:2_22:6,PG 14:0_22:3,0.002948828579740443,0.042477414933656164,-3.507183038306358e-16,0.96875,0.0,False,False
PE O-18:2_22:6,PG 16:0_20:3,0.0,0.0,-0.0008003019622395312,0.015625,0.0,False,False
PE O-18:2_22:6,PG 16:1_20:2,0.0,0.0,0.006097282297597258,0.046875,0.0,False,False
PE O-18:2_22:6,PG 14:0_22:2,0.0,0.0,0.00011163552283686687,0.15625,0.0,False,False
PE O-18:2_22:6,PG 16:1_20:1,0.0031556505896822157,0.045456653670715184,1.2807999935472391e-15,0.9375,0.0,False,False
PE O-18:2_22:6,PG 14:0_22:0,0.0003097510883052837,0.004461916028110807,-3.216532510269919e-17,0.8125,0.0,False,False
PE O-18:2_22:6,PG 16:1_22:6,0.0012624591917181367,0.01818552739614985,-2.414492066504302e-14,0.984375,0.0,False,False
PE O-18:2_22:6,PG 16:0_22:6,0.0007284204158330906,0.010492782273634921,-2.447044925644383e-14,1.0,0.0,False,True
PE O-18:2_22:6,PG 16:1_22:4,0.0,0.0,-3.061518895317152e-16,0.21875,0.0,False,False
PE O-18:2_22:6,PG 18:1_20:4,0.0,0.0,-0.008749934478902347,0.015625,0.0,False,False
PE O-18:2_22:6,PG 16:0_22:4,0.0015708321061627326,0.022627591045138534,4.0536060310148626e-16,0.5625,0.0,False,False
PE O-18:2_22:6,PG 16:1_22:3,0.0,0.0,-0.006450958411043089,0.078125,0.0,False,False
PE O-18:2_22:6,PG 18:2_20:2,0.0,0.0,0.014024110581459748,0.015625,0.0,False,False
PE O-18:2_22:6,PG 17:0_20:1,0.0,0.0,2.704987580925788e-16,0.078125,0.0,False,False
PE O-18:2_22:6,PG 17:1_20:1,0.0,0.0,-0.0009921468773212564,0.171875,0.0,False,False
PE O-18:2_22:6,PC 14:0_18:0,0.0,0.0,-0.039348290972966944,0.046875,0.0,False,False
PE O-18:2_22:6,PC 14:0_20:1,0.0008978174603368749,0.012932920231249135,7.556913728947401e-16,0.5625,0.0,False,False
PE O-18:2_22:6,PC 14:1_17:1,0.0,0.0,8.153716146515555e-16,0.34375,0.0,False,False
PE O-18:2_22:6,PC 20:0_14:1,0.00044592774636434233,0.006423519509708368,-3.2116883348026464e-17,0.75,0.0,False,False
PE O-18:2_22:6,PC 14:1_20:1,0.0,0.0,-0.011727372235298718,0.046875,0.0,False,False
PE O-18:2_22:6,PC 16:0_18:1,0.0,0.0,-4.1913251826470436e-15,0.359375,0.0,False,False
PE O-18:2_22:6,PC 17:0_17:1,0.0003156806833541064,0.00454733091828376,1.819865894764821e-16,0.703125,0.0,False,False
PE O-18:3_22:0,PS 14:0_22:0,0.00011458532056988352,0.18222614987747632,5.78367652576648e-16,1.0,0.0,False,True
PE O-18:3_22:0,PS 14:0_22:1,6.071561034815681e-06,0.009655662571941717,5.055030761214158e-15,0.8727272727272727,0.0,False,False
PE O-18:3_22:0,PS 16:0_20:1,0.0,0.0,-2.7212522979378803e-16,0.05454545454545454,0.0,False,False
PE O-18:3_22:0,PS 16:1_20:1,2.439258141177271e-05,0.03879175948658565,1.0949994321254516e-15,1.0,0.0,False,True
PE O-18:3_22:0,PS 18:0_18:1,0.0,0.0,-4.6975414714622964e-14,0.07272727272727272,0.0,False,False
PE O-18:3_22:0,PS 18:0_18:2,2.319202632321271e-06,0.003688250505140976,-2.3443385468205143e-14,0.8,0.0,False,False
PE O-18:3_22:0,PE 16:0_22:4,1.3886196399595652e-05,0.02208335320576711,-2.2850853088182137e-14,0.8727272727272727,0.0,False,False
PE O-18:3_22:0,PE 18:0_20:4,0.0,0.0,2.7339308612755753e-05,0.32727272727272727,0.0,False,False
PE O-18:3_22:0,PE 18:1_20:1,0.0,0.0,0.003441719106343521,0.07272727272727272,0.0,False,False
PE O-18:3_22:0,PE 18:1_20:3,1.1665999737255767e-06,0.0018552552857721868,-1.1557249894680543e-14,0.9272727272727272,0.0,False,False
PE O-18:3_22:0,PE 18:1_20:4,0.0,0.0,9.76556418161381e-14,0.09090909090909091,0.0,False,False
PE O-18:3_22:0,PE 20:1_18:3,1.8981169160395273e-06,0.003018593794623475,1.0711377048860708e-15,1.0,0.0,False,True
PE O-18:3_22:0,PE 20:0_20:4,0.0,0.0,1.0779389000386791e-13,0.05454545454545454,0.0,False,False
PE O-18:3_22:0,PE 20:1_20:4,8.082600967755128e-06,0.012853838938747043,1.040430200410609e-13,0.6727272727272727,0.0,False,False
PE O-18:3_22:0,PE 20:1_20:5,4.0691963705142414e-06,0.006471282569236038,-1.736945895386943e-14,1.0,0.0,False,True
PE O-18:3_22:0,PE 20:3_20:4,0.0,0.0,-0.00026846604110567597,0.10909090909090909,0.0,False,False
PE O-18:3_22:0,PE O-16:0_22:3,0.0,0.0,-3.802328158370991e-16,0.45454545454545453,0.0,False,False
PE O-18:3_22:0,PE O-16:0_22:4,0.0,0.0,-0.000308176356331907,0.03636363636363636,0.0,False,False
PE O-18:3_22:0,PE O-16:1_22:1,1.1279603130622809e-05,0.017938062575700943,-7.582952298880631e-16,0.9454545454545454,0.0,False,False
PE O-18:3_22:0,PE O-16:1_22:2,4.3498871964142705e-07,0.0006917667919953771,1.108821464552944e-15,0.43636363636363634,0.0,False,False
PE O-18:3_22:0,PE O-16:1_24:1,1.1949640663332962e-05,0.01900362978144707,-3.249256475149708e-17,1.0,0.0,False,True
PE O-18:3_22:0,PE O-16:1_24:6,0.0,0.0,2.6712442100000292e-15,0.01818181818181818,0.0,False,False
PE O-18:3_22:0,PE O-18:0_20:4,1.3568605613245577e-06,0.0021578285489018537,1.0038209800139946e-13,0.6545454545454545,0.0,False,False
PE O-18:3_22:0,PE O-18:0_20:5,0.0,0.0,0.00019356408100966856,0.03636363636363636,0.0,False,False
PE O-18:3_22:0,PE O-18:1_20:1,1.5683694371580476e-05,0.024941931714936607,3.5741821226646785e-17,0.5454545454545454,0.0,False,False
PE O-18:3_22:0,PE O-18:1_20:4,0.0,0.0,1.1192993012926532e-13,0.18181818181818182,0.0,False,False
PE O-18:3_22:0,PE O-18:1_22:4,0.0,0.0,-0.0002871262823454493,0.03636363636363636,0.0,False,False
PE O-18:3_22:0,PE O-18:1_22:5,0.0,0.0,-0.0016906024310388158,0.03636363636363636,0.0,False,False
PE O-18:3_22:0,PE O-18:1_22:6,0.0,0.0,-9.627729706545311e-14,0.09090909090909091,0.0,False,False
PE O-18:3_22:0,PE O-20:1_18:2,0.0,0.0,0.002970231338869827,0.01818181818181818,0.0,False,False
PE O-18:3_22:0,PE O-18:2_22:0,0.0,0.0,0.42621953082135694,0.14545454545454545,0.0,False,False
PE O-18:3_22:0,PE O-18:2_22:4,0.0,0.0,-0.0004916768218676905,0.2,0.0,False,False
PE O-18:3_22:0,PE O-18:2_22:5,2.7740527150380695e-05,0.0441160301602725,-3.0197777365922597e-15,0.8,0.0,False,False
PE O-18:3_22:0,PE O-18:3_22:6,8.612850851374976e-05,0.13697100486425784,-1.1935331347343667e-13,1.0,0.0,False,True
PE O-18:3_22:0,PE O-20:0_20:3,0.0,0.0,0.4447209644860298,0.03636363636363636,0.01818181818181818,False,False
PE O-18:3_22:0,PE O-20:0_20:4,0.00017812700896118697,0.28327711499826386,9.562967963424984e-14,1.0,0.9636363636363636,False,True
PE O-18:3_22:0,PG 14:0_20:0,0.0,0.0,7.9870785729773755e-16,0.01818181818181818,0.0,False,False
PE O-18:3_22:0,PG 14:0_22:2,0.0,0.0,-0.0006120941742236766,0.01818181818181818,0.0,False,False
PE O-18:3_22:0,PG 16:1_20:1,4.281178111516931e-06,0.006808399193905999,7.280771446691708e-15,0.9818181818181818,0.01818181818181818,False,False
PE O-18:3_22:0,PG 14:0_22:1,1.998335709272464e-06,0.00317797271633332,-1.1637694377256708e-14,1.0,0.0,False,True
PE O-18:3_22:0,PG 14:0_22:0,6.095335797537925e-05,0.09693471808356802,-3.593677661515577e-15,1.0,0.0,False,True
PE O-18:3_22:0,PG 16:1_22:4,0.0,0.0,-1.7588428378515064e-14,0.2909090909090909,0.0,False,False
PE O-18:3_22:0,PG 16:0_22:4,0.0,0.0,-1.6207963995676362e-14,0.4909090909090909,0.0,False,False
PE O-18:3_22:0,PG 16:1_22:3,2.0506946170065904e-05,0.03261239596599723,-4.132203845047323e-15,0.509090909090909,0.0,False,False
PE O-18:3_22:0,PG 17:0_20:3,0.0,0.0,0.0028418678110418436,0.07272727272727272,0.0,False,False
PE O-18:3_22:0,PG 17:1_20:1,0.0,0.0,0.0027810967843024154,0.21818181818181817,0.0,False,False
PE O-18:3_22:0,PC O-16:1_16:1,6.09496053328995e-07,0.000969287502197304,0.00023741189719412212,0.9818181818181818,0.0,False,False
PE O-18:3_22:0,PC 14:1_17:1,0.0,0.0,-3.4464457274853558e-15,0.34545454545454546,0.0,False,False
PE O-18:3_22:0,PC 20:0_14:1,1.9234575829637363e-06,0.003058893303722547,6.871796672698452e-16,0.6727272727272727,0.0,False,False
PE O-18:3_22:0,PC 14:1_20:1,0.0,0.0,0.0013561399944674703,0.14545454545454545,0.0,False,False
PE O-18:3_22:0,PC 16:0_18:1,2.60576353345969e-05,0.04143971093608736,-1.951106622734611e-14,1.0,0.0,False,True
PE O-18:3_22:0,PC 17:0_17:0,0.0,0.0,0.0032336072110163466,0.01818181818181818,0.0,False,False
PE O-18:3_22:0,PC 17:0_17:1,3.3057114268049415e-06,0.005257105036811922,-1.177380399372737e-15,0.9454545454545454,0.0,False,False
PE O-18:3_22:6,PA 20:1_20:1,0.0,0.0,-0.011168430359325581,0.015625,0.0,False,False
PE O-18:3_22:6,PA 22:6_22:6,0.0,0.0,0.03706293257831964,0.015625,0.0,False,False
PE O-18:3_22:6,PS 14:0_22:0,0.0,0.0,-1.8449137760369367e-15,0.015625,0.0,False,False
PE O-18:3_22:6,PS 14:0_22:1,0.0,0.0,-3.2519979429308837e-15,0.453125,0.0,False,False
PE O-18:3_22:6,PS 14:0_22:2,0.0,0.0,4.755464771311493e-15,0.21875,0.0,False,False
PE O-18:3_22:6,PS 16:0_20:1,2.233205300734148e-05,0.0016666632542129938,-1.1415339807471467e-14,0.84375,0.0,False,False
PE O-18:3_22:6,PS 16:0_20:2,0.0,0.0,0.010951644575242935,0.046875,0.0,False,False
PE O-18:3_22:6,PS 20:0_16:1,0.0,0.0,-3.1430035661783438e-15,0.015625,0.0,False,False
PE O-18:3_22:6,PS 16:1_20:1,9.15805449111639e-05,0.006834746852609677,4.9100877929354545e-15,0.65625,0.0,False,False
PE O-18:3_22:6,PS 18:0_18:1,0.0,0.0,-2.199314894477266e-14,0.109375,0.0,False,False
PE O-18:3_22:6,PS 18:1_18:1,2.9404727919402074e-05,0.0021945039942045377,1.1812927454926391e-15,0.46875,0.0,False,False
PE O-18:3_22:6,PE 16:0_22:4,0.0,0.0,-1.451754669820414e-14,0.078125,0.0,False,False
PE O-18:3_22:6,PE 16:0_22:6,0.001349775055302916,0.10073505044015153,-7.669536594402915e-14,0.921875,0.0,False,False
PE O-18:3_22:6,PE 18:0_22:6,0.0006978473919287964,0.05208104265173231,-9.852215119004374e-14,1.0,0.0,False,True
PE O-18:3_22:6,PE 18:1_20:3,0.0,0.0,-4.020198562222982e-15,0.125,0.0,False,False
PE O-18:3_22:6,PE 18:1_20:4,0.0,0.0,-4.210323264333658e-15,0.015625,0.0,False,False
PE O-18:3_22:6,PE 18:1_22:6,0.0024711468354363317,0.18442413803301078,-7.539735408887848e-14,1.0,0.96875,False,True
PE O-18:3_22:6,PE 18:2_22:6,0.0005166462671697993,0.03855782308214753,-7.369209981624384e-14,1.0,0.0,False,True
PE O-18:3_22:6,PE 20:1_18:3,2.56961630804263e-05,0.0019177301238865996,-2.103107815940325e-15,0.59375,0.0,False,False
PE O-18:3_22:6,PE 20:0_20:4,3.230781850213464e-05,0.002411164522293986,-9.507702117124192e-16,0.75,0.0,False,False
PE O-18:3_22:6,PE 20:1_20:4,0.00013338694132217612,0.009954799660400804,-2.878863544922777e-15,0.40625,0.0,False,False
PE O-18:3_22:6,PE 20:1_20:5,0.0,0.0,-1.1456773716076702e-14,0.03125,0.0,False,False
PE O-18:3_22:6,PE 20:2_20:4,0.0,0.0,-7.0064473555601226e-15,0.015625,0.0,False,False
PE O-18:3_22:6,PE 20:4_20:4,0.0,0.0,0.006172229683509155,0.015625,0.0,False,False
PE O-18:3_22:6,PE 17:0_22:6,0.0,0.0,0.0373245571283619,0.015625,0.0,False,False
PE O-18:3_22:6,PE O-16:0_22:3,0.0004707368758254247,0.03513155969508682,1.1794773186495683e-16,0.0625,0.0,False,False
PE O-18:3_22:6,PE O-16:0_22:4,0.0,0.0,0.011886388865894578,0.203125,0.0,False,False
PE O-18:3_22:6,PE O-16:1_22:1,6.902812680693567e-05,0.005151637532763063,1.497525431439651e-15,0.8125,0.0,False,False
PE O-18:3_22:6,PE O-16:1_22:2,0.0,0.0,-7.437748763126009e-17,0.625,0.0,False,False
PE O-18:3_22:6,PE O-16:1_24:0,0.0,0.0,1.5983091276973938e-16,0.546875,0.0,False,False
PE O-18:3_22:6,PE O-16:1_24:1,0.0,0.0,-6.381500418066695e-17,0.546875,0.0,False,False
PE O-18:3_22:6,PE O-16:1_24:4,0.0,0.0,-8.744122584341732e-16,0.1875,0.0,False,False
PE O-18:3_22:6,PE O-16:1_24:5,0.0,0.0,-2.1975833623595191e-16,0.09375,0.0,False,False
PE O-18:3_22:6,PE O-18:0_20:3,0.0,0.0,-0.0007411895942763666,0.09375,0.0,False,False
PE O-18:3_22:6,PE O-18:0_20:4,2.8582179545514827e-05,0.00213311639365031,-1.1818245371941445e-15,0.796875,0.0,False,False
PE O-18:3_22:6,PE O-18:0_20:5,0.0,0.0,0.02621389286565402,0.03125,0.0,False,False
PE O-18:3_22:6,PE O-18:0_22:5,0.0004031285171255481,0.030085880863602185,-1.948191391998292e-15,0.546875,0.0,False,False
PE O-18:3_22:6,PE O-18:1_20:4,0.0,0.0,2.4939197036122714e-16,0.09375,0.0,False,False
PE O-18:3_22:6,PE O-18:1_22:4,0.0,0.0,0.006118187276385215,0.203125,0.0,False,False
PE O-18:3_22:6,PE O-18:1_22:5,0.0,0.0,0.0035041612233238533,0.015625,0.0,False,False
PE O-18:3_22:6,PE O-18:1_22:6,0.0007337049140291457,0.05475712507246345,-6.304629010731822e-14,1.0,0.0,False,True
PE O-18:3_22:6,PE O-18:2_22:4,0.0,0.0,0.007923889919925434,0.09375,0.0,False,False
PE O-18:3_22:6,PE O-18:2_22:6,0.0011202385601934602,0.0836045142653535,-7.451949435320696e-14,1.0,0.015625,False,True
PE O-18:3_22:6,PE O-18:3_22:0,9.647116671496919e-05,0.007199738806012957,-4.577076161923698e-16,0.90625,0.0,False,False
PE O-18:3_22:6,PE O-20:0_20:4,3.113902660552108e-05,0.002323936424399567,-1.5448228019951066e-15,1.0,0.0,False,True
PE O-18:3_22:6,PE O-20:1_20:4,0.0,0.0,-1.7029070540900732e-15,0.515625,0.0,False,False
PE O-18:3_22:6,PE O-20:2_20:4,0.0004450623120646757,0.03321544154983964,-1.2088175504567716e-15,1.0,0.0,False,True
PE O-18:3_22:6,PE O-20:3_20:4,6.295306125716008e-05,0.004698249368431834,3.051384107949132e-16,0.8125,0.0,False,False
PE O-18:3_22:6,PG 14:0_22:4,0.0,0.0,-0.0005875210050605571,0.0625,0.015625,False,False
PE O-18:3_22:6,PG 16:0_20:4,0.0,0.0,-0.003317847205976529,0.046875,0.0,False,False
PE O-18:3_22:6,PG 16:1_20:3,0.0005173870109133269,0.03861310552204322,1.6521117777738527e-15,0.890625,0.0,False,False
PE O-18:3_22:6,PG 14:0_22:3,0.0004143207779370502,0.030921170383108806,2.4777825761183095e-15,0.96875,0.0,False,False
PE O-18:3_22:6,PG 16:1_20:2,0.0,0.0,0.002324291181395858,0.03125,0.0,False,False
PE O-18:3_22:6,PG 14:0_22:2,0.0,0.0,-0.0003549968152354957,0.109375,0.0,False,False
PE O-18:3_22:6,PG 16:1_20:1,0.0,0.0,4.885148595899332e-15,0.015625,0.0,False,False
PE O-18:3_22:6,PG 16:1_22:6,0.0006925029824786481,0.05168218407643238,-6.70224783218304e-14,1.0,0.0,False,True
PE O-18:3_22:6,PG 16:0_22:6,0.00018093280040577982,0.013503194257108098,-6.931805805842598e-14,1.0,0.0,False,True
PE O-18:3_22:6,PG 16:1_22:4,6.403183885865071e-06,0.00047787596102479994,-8.321476545158969e-15,0.140625,0.0,False,False
PE O-18:3_22:6,PG 16:0_22:4,0.0015781992125022022,0.1177825717340276,-7.30337050144902e-15,0.9375,0.0,False,False
PE O-18:3_22:6,PG 17:0_20:1,0.0,0.0,5.163880798067762e-17,0.0625,0.0,False,False
PE O-18:3_22:6,PG 17:1_20:1,0.0,0.0,-0.0007446508863192063,0.109375,0.0,False,False
PE O-18:3_22:6,PC 14:0_20:1,0.000680591670854859,0.050793231081993254,-4.994147557063091e-15,0.984375,0.0,False,False
PE O-18:3_22:6,PC 20:0_14:1,0.0002483890061638818,0.018537517763715403,-2.3913022428665786e-15,1.0,0.0,False,True
PE O-18:3_22:6,PC 17:0_17:1,0.00024936405412527216,0.018610286559661317,-3.711575998900963e-15,1.0,0.0,False,True
PE O-20:0_20:4,PS 14:0_22:0,0.0,0.0,-1.6794189820949065e-15,0.109375,0.0,False,False
PE O-20:0_20:4,PS 14:0_22:1,9.345856235506989e-07,0.00021914751220007052,-8.164332658957037e-15,0.703125,0.0,False,False
PE O-20:0_20:4,PS 14:0_22:2,1.1572967412068697e-05,0.0027137021512184233,-2.198288832138854e-15,0.546875,0.0,False,False
PE O-20:0_20:4,PS 16:0_18:1,0.0,0.0,-1.070414024958595e-14,0.3125,0.0,False,False
PE O-20:0_20:4,PS 16:0_20:1,1.0098282946877785e-05,0.002367908867346934,-1.0385336438765621e-14,0.953125,0.0,False,False
PE O-20:0_20:4,PS 20:0_16:1,0.0,0.0,-3.7357693740694175e-15,0.1875,0.0,False,False
PE O-20:0_20:4,PS 16:1_20:1,0.0,0.0,-1.2384563654525282e-15,0.234375,0.0,False,False
PE O-20:0_20:4,PS 18:0_18:1,1.0432979585493773e-05,0.0024463906392104416,-3.241022462643684e-14,0.296875,0.0,False,False
PE O-20:0_20:4,PS 18:0_18:2,3.5118583690783856e-06,0.0008234826273686796,-9.034168838782929e-15,0.46875,0.0,False,False
PE O-20:0_20:4,PS 18:1_18:1,0.0,0.0,-2.87064768523031e-14,0.0625,0.0,False,False
PE O-20:0_20:4,PE 16:0_22:4,0.0,0.0,1.6427992243257637e-14,0.078125,0.0,False,False
PE O-20:0_20:4,PE 16:0_22:6,8.596663100189639e-05,0.020157996058950783,-9.429960611231392e-14,0.921875,0.0,False,False
PE O-20:0_20:4,PE 18:0_20:4,0.0,0.0,0.011412737501128638,0.28125,0.0,False,False
PE O-20:0_20:4,PE 18:0_22:6,0.0,0.0,-1.3066693293185128e-13,0.0625,0.0,False,False
PE O-20:0_20:4,PE 18:1_20:3,0.0,0.0,-1.3130870815872703e-14,0.203125,0.0,False,False
PE O-20:0_20:4,PE 18:1_20:4,0.00043437626715256417,0.10185527778993671,-3.3708118838062116e-14,1.0,0.0,False,True
PE O-20:0_20:4,PE 18:1_20:5,0.0,0.0,0.0012330840036534835,0.0625,0.0,False,False
PE O-20:0_20:4,PE 18:2_22:6,2.3995163847764095e-05,0.005626536862500019,-9.97644039621614e-14,0.640625,0.0,False,False
PE O-20:0_20:4,PE 20:1_18:3,0.0,0.0,2.2120089483659773e-16,0.296875,0.0,False,False
PE O-20:0_20:4,PE 20:0_20:4,0.00016733072601313528,0.03923676054537657,-1.8220314349620147e-14,0.75,0.0,False,False
PE O-20:0_20:4,PE 20:1_20:4,0.00027204875152507784,0.0637917014680269,-1.9069234548064828e-14,0.625,0.0,False,False
PE O-20:0_20:4,PE 20:1_20:5,0.0,0.0,-1.2523491824433498e-14,0.046875,0.0,False,False
PE O-20:0_20:4,PE 20:2_20:4,0.00022689357006625,0.053203430655504536,-2.648961069495812e-14,1.0,0.0,False,True
PE O-20:0_20:4,PE 20:3_20:4,0.0,0.0,0.012707965807997554,0.28125,0.015625,False,False
PE O-20:0_20:4,PE 20:4_20:4,0.0,0.0,0.011497455491429762,0.015625,0.015625,False,False
PE O-20:0_20:4,PE O-16:0_22:3,2.7184298355775282e-05,0.006374345170150639,4.701646367485175e-15,0.3125,0.0,False,False
PE O-20:0_20:4,PE O-16:0_22:4,0.0,0.0,-0.002600087518354868,0.046875,0.0,False,False
PE O-20:0_20:4,PE O-16:1_22:1,1.2350142245283642e-05,0.0028959389917515488,-8.105422509562254e-16,0.421875,0.0,False,False
PE O-20:0_20:4,PE O-16:1_22:2,0.0,0.0,1.8877152920885103e-17,0.453125,0.0,False,False
PE O-20:0_20:4,PE O-16:1_24:0,0.0,0.0,-3.979433361295353e-16,0.6875,0.0,False,False
PE O-20:0_20:4,PE O-16:1_24:1,0.0,0.0,2.6097004292151198e-17,0.15625,0.0,False,False
PE O-20:0_20:4,PE O-16:1_24:4,2.6554998974054334e-08,6.226783095089779e-06,1.3373215561153721e-16,0.953125,0.0,False,False
PE O-20:0_20:4,PE O-16:1_24:5,0.0,0.0,1.2108242432608386e-16,0.03125,0.0,False,False
PE O-20:0_20:4,PE O-16:1_24:6,0.0,0.0,1.3134852527924627e-15,0.09375,0.0,False,False
PE O-20:0_20:4,PE O-18:0_20:4,5.9814469700956996e-05,0.014025672873856417,-1.6659099445789693e-14,0.640625,0.0,False,False
PE O-20:0_20:4,PE O-18:0_22:4,0.0,0.0,0.2896714550890838,0.453125,0.421875,False,False
PE O-20:0_20:4,PE O-18:0_22:5,6.12228048578081e-05,0.014355908154809327,6.294463112450659e-16,0.375,0.0,False,False
PE O-20:0_20:4,PE O-18:1_20:1,0.0,0.0,1.5804038775746857e-15,0.109375,0.0,False,False
PE O-20:0_20:4,PE O-18:1_20:4,0.00039530052572872565,0.09269255229468099,-1.7438939338755153e-14,1.0,0.0,False,True
PE O-20:0_20:4,PE O-18:1_22:4,0.0,0.0,-6.230703160478571e-05,0.015625,0.0,False,False
PE O-20:0_20:4,PE O-18:1_22:5,0.0,0.0,-0.004710988275220217,0.046875,0.0,False,False
PE O-20:0_20:4,PE O-18:1_22:6,0.0,0.0,-8.609094692400772e-14,0.125,0.0,False,False
PE O-20:0_20:4,PE O-18:2_22:5,0.0,0.0,1.8205538839837094e-15,0.265625,0.0,False,False
PE O-20:0_20:4,PE O-18:2_22:6,8.202547354035916e-05,0.01923384868163156,-1.0065729689325183e-13,0.828125,0.0,False,False
PE O-20:0_20:4,PE O-18:3_22:0,0.0002128693669347973,0.0499149473433283,-1.390816816981705e-15,0.90625,0.0,False,False
PE O-20:0_20:4,PE O-18:3_22:6,3.2371469842927374e-05,0.0075906657491530555,-1.0661998264966478e-13,0.75,0.0,False,False
PE O-20:0_20:4,PE O-20:1_20:4,0.0008085204272595473,0.1895869524760093,-1.8795216002997245e-14,1.0,0.515625,False,True
PE O-20:0_20:4,PE O-20:2_20:4,0.0003521274377743643,0.08256905522734154,-2.0219037854819024e-14,0.984375,0.0,False,False
PE O-20:0_20:4,PE O-20:3_20:4,0.0007514624195399944,0.1762076321358071,-1.8441851051497272e-14,0.9375,0.03125,False,False
PE O-20:0_20:4,PG 14:0_20:0,0.0,0.0,1.2069864485119927e-15,0.015625,0.0,False,False
PE O-20:0_20:4,PG 14:0_22:4,0.0,0.0,-0.00032716801748513885,0.015625,0.0,False,False
PE O-20:0_20:4,PG 16:0_20:4,0.0,0.0,0.00391552649233791,0.0625,0.0,False,False
PE O-20:0_20:4,PG 16:1_20:3,0.0,0.0,1.888770685644443e-15,0.265625,0.0,False,False
PE O-20:0_20:4,PG 14:0_22:3,0.0,0.0,1.23525420545896e-15,0.171875,0.0,False,False
PE O-20:0_20:4,PG 14:0_22:2,0.0,0.0,0.00043294368225132426,0.125,0.0,False,False
PE O-20:0_20:4,PG 16:1_20:1,0.0,0.0,7.482164642349701e-15,0.078125,0.0,False,False
PE O-20:0_20:4,PG 14:0_22:1,0.0,0.0,-2.229758749079389e-16,0.046875,0.0,False,False
PE O-20:0_20:4,PG 14:0_22:0,0.0,0.0,-3.983630949301903e-16,0.015625,0.0,False,False
PE O-20:0_20:4,PG 16:1_22:6,4.3635296141210714e-05,0.010231878548622807,-8.902225455317612e-14,0.75,0.0,False,False
PE O-20:0_20:4,PG 16:0_22:6,9.779858901512103e-06,0.0022932427954449773,-8.448828383688972e-14,1.0,0.0,False,True
PE O-20:0_20:4,PG 16:1_22:4,1.2239981426273193e-06,0.0002870107790393728,1.2755774351607387e-14,0.171875,0.0,False,False
PE O-20:0_20:4,PG 18:1_20:4,0.0,0.0,0.003639454201359631,0.4375,0.0,False,False
PE O-20:0_20:4,PG 16:0_22:4,7.556796239636607e-05,0.017719650874015114,1.0218668208688403e-14,0.515625,0.0,False,False
PE O-20:0_20:4,PG 16:1_22:3,0.0,0.0,2.2851669107658496e-15,0.046875,0.0,False,False
PE O-20:0_20:4,PG 17:0_20:1,0.0,0.0,3.455550391860726e-15,0.203125,0.0,False,False
PE O-20:0_20:4,PG 17:0_20:3,0.0,0.0,0.00014535696577647796,0.046875,0.0,False,False
PE O-20:0_20:4,PG 17:1_20:1,0.0,0.0,-0.0011445886609065174,0.03125,0.0,False,False
PE O-20:0_20:4,PC 14:0_18:0,0.0,0.0,-0.0007112698195583445,0.484375,0.0,False,False
PE O-20:0_20:4,PC O-16:1_16:1,0.0,0.0,-0.00022074202866941608,0.390625,0.0,False,False
PE O-20:0_20:4,PC 14:0_20:1,6.001730332878645e-05,0.014073234578005538,3.798769173493439e-15,0.640625,0.0,False,False
PE O-20:0_20:4,PC 14:1_17:1,0.0,0.0,-3.774087356014924e-15,0.359375,0.0,False,False
PE O-20:0_20:4,PC 20:0_14:1,8.65822804806994e-06,0.002030235741896654,3.0928907812033922e-15,0.609375,0.0,False,False
PE O-20:0_20:4,PC 14:1_20:1,0.0,0.0,-0.0027266830031121674,0.046875,0.0,False,False
PE O-20:0_20:4,PC 16:0_18:1,0.0,0.0,-1.994871056370469e-14,0.34375,0.0,False,False
PE O-20:0_20:4,PC 17:0_17:0,0.0,0.0,-0.0022683480756734062,0.015625,0.0,False,False
PE O-20:0_20:4,PC 17:0_17:1,2.3321898576341565e-05,0.0054686653892342535,4.2834625992942345e-15,0.65625,0.0,False,False
PE O-20:1_20:4,PA 20:1_20:1,0.0,0.0,-0.004606010357730914,0.015625,0.0,False,False
PE O-20:1_20:4,PS 14:0_22:1,0.0,0.0,3.521209675299059e-17,0.390625,0.0,False,False
PE O-20:1_20:4,PS 14:0_22:2,3.462198264040251e-06,9.019814854810239e-05,1.277373908701647e-15,0.328125,0.0,False,False
PE O-20:1_20:4,PS 16:0_18:1,0.0,0.0,-1.080580829395814e-15,0.234375,0.0,False,False
PE O-20:1_20:4,PS 16:0_20:1,7.790886574216352e-05,0.002029703358820739,-1.2253758415169178e-16,0.921875,0.0,False,False
PE O-20:1_20:4,PS 20:0_16:1,0.0,0.0,-1.2115626536349222e-15,0.09375,0.0,False,False
PE O-20:1_20:4,PS 16:1_20:1,1.1737580324978555e-05,0.00030579069510370226,-2.613998448911965e-16,0.546875,0.0,False,False
PE O-20:1_20:4,PS 18:0_18:1,0.00012675328038477818,0.0033022115838518534,-4.603353778277066e-15,0.390625,0.0,False,False
PE O-20:1_20:4,PS 18:0_18:2,4.945001901733234e-06,0.00012882855980139143,-2.017225165768941e-15,0.453125,0.0,False,False
PE O-20:1_20:4,PS 18:1_18:1,0.0,0.0,-5.748208216593185e-15,0.171875,0.0,False,False
PE O-20:1_20:4,PE 16:0_22:4,0.0,0.0,-3.1193714823682785e-16,0.078125,0.0,False,False
PE O-20:1_20:4,PE 16:0_22:6,0.00021984423659096586,0.005727442970390666,-2.197193833489375e-14,0.796875,0.0,False,False
PE O-20:1_20:4,PE 18:0_20:4,0.0,0.0,0.027771108210079352,0.3125,0.0,False,False
PE O-20:1_20:4,PE 18:0_22:6,0.0,0.0,-2.6672215075266746e-14,0.046875,0.0,False,False
PE O-20:1_20:4,PE 18:1_20:3,0.0,0.0,-1.8314390701278895e-15,0.140625,0.0,False,False
PE O-20:1_20:4,PE 18:1_20:4,0.0043212138894281535,0.11257746165348793,-4.72692927357759e-15,1.0,0.0,False,True
PE O-20:1_20:4,PE 18:1_20:5,0.0,0.0,0.008282479721575668,0.046875,0.0,False,False
PE O-20:1_20:4,PE 18:2_22:6,0.00012620759817388166,0.0032879953196853226,-2.3395439882376734e-14,0.640625,0.0,False,False
PE O-20:1_20:4,PE 20:1_18:3,0.0,0.0,-1.3609193493237353e-15,0.390625,0.0,False,False
PE O-20:1_20:4,PE 20:0_20:4,0.0014261125058357277,0.03715347817706087,-2.125642032809353e-15,0.75,0.0,False,False
PE O-20:1_20:4,PE 20:1_20:4,0.0023926373654265093,0.062333651642652324,-2.6111281761053162e-15,0.6875,0.0,False,False
PE O-20:1_20:4,PE 20:1_20:5,0.0,0.0,-1.3104845557211986e-15,0.078125,0.0,False,False
PE O-20:1_20:4,PE 20:2_20:4,0.001799594066468506,0.046883523286210864,-2.3946275986895495e-15,1.0,0.0,False,True
PE O-20:1_20:4,PE 20:3_20:4,0.00236148068950873,0.06152194928814376,0.02255716973287283,0.4375,0.140625,False,False
PE O-20:1_20:4,PE 20:4_20:4,0.0,0.0,0.024580288540948788,0.03125,0.015625,False,False
PE O-20:1_20:4,PE O-16:0_22:3,7.747453416367934e-06,0.00020183880321850164,-2.6893431100864866e-15,0.40625,0.0,False,False
PE O-20:1_20:4,PE O-16:1_22:1,0.00011065595373741595,0.002882839569473989,-2.624249423221424e-17,0.8125,0.0,False,False
PE O-20:1_20:4,PE O-16:1_22:2,0.0,0.0,-1.636158009532701e-15,0.421875,0.0,False,False
PE O-20:1_20:4,PE O-16:1_24:1,0.0,0.0,-5.848180843546182e-17,0.15625,0.0,False,False
PE O-20:1_20:4,PE O-16:1_24:4,6.177370180830114e-05,0.0016093455969702806,-1.787769919569595e-16,1.0,0.0,False,True
PE O-20:1_20:4,PE O-16:1_24:6,7.838134263627589e-06,0.00020420124577892544,-3.5960417877581074e-16,0.6875,0.0,False,False
PE O-20:1_20:4,PE O-18:0_20:4,0.0,0.0,-8.131072822262631e-16,0.65625,0.0,False,False
PE O-20:1_20:4,PE O-18:0_22:5,0.006201197598788993,0.16155531819225782,-5.248498846442848e-17,0.984375,0.078125,False,False
PE O-20:1_20:4,PE O-18:1_20:1,0.0,0.0,-1.4794206123410778e-15,0.0625,0.0,False,False
PE O-20:1_20:4,PE O-18:1_20:4,0.002975743794515859,0.07752490191177418,-1.6303149541763097e-15,0.890625,0.0,False,False
PE O-20:1_20:4,PE O-18:1_22:4,0.0,0.0,0.04050752605050204,0.4375,0.25,False,False
PE O-20:1_20:4,PE O-20:1_18:2,0.0,0.0,0.06931893527830615,0.03125,0.0,False,False
PE O-20:1_20:4,PE O-18:2_20:4,0.0,0.0,0.03128409885282748,0.015625,0.0,False,False
PE O-20:1_20:4,PE O-18:2_22:6,0.0018443140372271377,0.048048580356295216,-2.3698612447578978e-14,1.0,0.0,False,True
PE O-20:1_20:4,PE O-18:3_22:6,0.00037259161249925555,0.009706859933771298,-2.475579542811345e-14,0.984375,0.0,False,False
PE O-20:1_20:4,PE O-20:0_20:4,0.001908936968566143,0.049732154870519414,-1.831157168334379e-15,1.0,0.0,False,True
PE O-20:1_20:4,PE O-20:1_20:1,0.0,0.0,0.06499951854742497,0.015625,0.0,False,False
PE O-20:1_20:4,PE O-20:2_20:4,0.00213625881225038,0.05565440653294499,-2.4536732107120315e-15,1.0,0.0,False,True
PE O-20:1_20:4,PE O-20:3_20:4,0.006950559715207593,0.1810779076970452,-2.48627130901611e-15,1.0,0.5,False,True
PE O-20:1_20:4,PG 14:0_20:0,0.0,0.0,1.2120752023503951e-15,0.109375,0.0,False,False
PE O-20:1_20:4,PG 14:0_22:4,0.0,0.0,-0.0007906326810226669,0.015625,0.0,False,False
PE O-20:1_20:4,PG 16:0_20:4,0.0,0.0,0.009074221817473896,0.09375,0.015625,False,False
PE O-20:1_20:4,PG 16:1_20:3,0.0,0.0,7.385826989964984e-17,0.296875,0.0,False,False
PE O-20:1_20:4,PG 16:0_20:3,0.0,0.0,0.0006733912182054348,0.015625,0.0,False,False
PE O-20:1_20:4,PG 14:0_22:2,0.0,0.0,0.0003128555008797019,0.046875,0.0,False,False
PE O-20:1_20:4,PG 16:1_20:1,0.0,0.0,-1.9821283924769318e-15,0.140625,0.0,False,False
PE O-20:1_20:4,PG 14:0_22:1,0.0,0.0,-3.0440268211937572e-15,0.078125,0.0,False,False
PE O-20:1_20:4,PG 14:0_22:0,0.002481382810177348,0.06464567256061743,-5.148039298210152e-16,1.0,0.0,False,True
PE O-20:1_20:4,PG 16:1_22:6,0.00016915957030813437,0.004406991999695858,-2.0521630489591536e-14,0.828125,0.0,False,False
PE O-20:1_20:4,PG 16:0_22:6,4.448210056337207e-05,0.0011588600098437394,-1.9970948149687416e-14,0.90625,0.0,False,False
PE O-20:1_20:4,PG 16:1_22:4,0.0,0.0,-6.463751850829175e-16,0.15625,0.0,False,False
PE O-20:1_20:4,PG 18:1_20:4,0.0,0.0,0.01111755685592378,0.515625,0.0,False,False
PE O-20:1_20:4,PG 16:0_22:4,0.0,0.0,1.239291539142008e-15,0.40625,0.0,False,False
PE O-20:1_20:4,PG 16:1_22:3,9.202511714446874e-05,0.0023974638519594655,-8.920397844090949e-16,0.15625,0.0,False,False
PE O-20:1_20:4,PG 17:0_20:1,0.0,0.0,4.2644053127348137e-16,0.5,0.0,False,False
PE O-20:1_20:4,PG 17:0_20:3,0.0,0.0,-0.0001282990201812155,0.03125,0.0,False,False
PE O-20:1_20:4,PG 17:1_20:1,0.0,0.0,-0.0006124772905839904,0.109375,0.0,False,False
PE O-20:1_20:4,PC 14:0_18:0,0.0,0.0,-0.0028489886277938735,0.390625,0.0,False,False
PE O-20:1_20:4,PC O-16:1_16:1,0.0,0.0,-0.0009028381763598843,0.28125,0.0,False,False
PE O-20:1_20:4,PC 14:0_20:1,0.0,0.0,4.613066576435277e-16,0.390625,0.0,False,False
PE O-20:1_20:4,PC 14:1_17:1,0.0,0.0,-9.02905817177121e-16,0.375,0.0,False,False
PE O-20:1_20:4,PC 20:0_14:1,1.3494244352521903e-05,0.0003515557931199436,9.458445858158665e-17,0.484375,0.0,False,False
PE O-20:1_20:4,PC 14:1_20:1,0.0,0.0,-0.002503996263774981,0.09375,0.0,False,False
PE O-20:1_20:4,PC 16:0_18:1,0.0,0.0,-3.587876446249071e-15,0.40625,0.0,False,False
PE O-20:1_20:4,PC 17:0_17:0,0.0,0.0,-0.003357098987945651,0.015625,0.0,False,False
PE O-20:1_20:4,PC 17:0_17:1,0.0001343017484246884,0.0034988663649041353,-3.8453787185449117e-16,0.78125,0.0,False,False
PE O-20:2_20:4,PS 14:0_22:1,1.8062575841901185e-06,0.0001146234682367969,5.9728122609565275e-15,0.49206349206349204,0.0,False,False
PE O-20:2_20:4,PS 14:0_22:2,0.0,0.0,4.012291968875922e-15,0.20634920634920634,0.0,False,False
PE O-20:2_20:4,PS 16:0_20:1,4.0856073581663904e-05,0.002592689378003559,6.968524660178254e-15,0.8095238095238095,0.0,False,False
PE O-20:2_20:4,PS 20:0_16:1,0.0,0.0,4.6959584899917645e-15,0.047619047619047616,0.0,False,False
PE O-20:2_20:4,PS 16:1_20:1,4.107614313696856e-05,0.0026066547924068757,3.139147032698896e-15,0.8571428571428571,0.0,False,False
PE O-20:2_20:4,PS 18:0_18:1,6.728026910805818e-05,0.004269544862577549,9.628270224962717e-15,0.6349206349206349,0.0,False,False
PE O-20:2_20:4,PS 18:0_18:2,0.0,0.0,1.111358797068045e-14,0.2698412698412698,0.0,False,False
PE O-20:2_20:4,PS 18:1_18:1,0.0,0.0,-7.931850450212064e-15,0.1746031746031746,0.0,False,False
PE O-20:2_20:4,PE 16:0_22:4,0.0,0.0,-1.4860077666437756e-16,0.14285714285714285,0.0,False,False
PE O-20:2_20:4,PE 16:0_22:6,0.00042284898850477454,0.026833613337917565,4.3192345764609375e-14,0.9047619047619048,0.0,False,False
PE O-20:2_20:4,PE 18:0_20:4,0.0,0.0,0.030033721799590657,0.2857142857142857,0.0,False,False
PE O-20:2_20:4,PE 18:0_22:6,0.0,0.0,5.2945895833909677e-14,0.38095238095238093,0.0,False,False
PE O-20:2_20:4,PE 18:1_20:4,0.0014119771201057396,0.08960278755042118,-3.789639300161403e-15,1.0,0.0,False,True
PE O-20:2_20:4,PE 18:1_20:5,0.0,0.0,-0.0022716127684951916,0.015873015873015872,0.0,False,False
PE O-20:2_20:4,PE 18:1_22:6,0.0,0.0,3.648181016632447e-14,0.2857142857142857,0.0,False,False
PE O-20:2_20:4,PE 18:2_22:6,0.00014789859426228916,0.009385510665850886,4.401337748049418e-14,0.9841269841269841,0.0,False,False
PE O-20:2_20:4,PE 20:1_18:3,0.0,0.0,-2.8981766380505937e-15,0.15873015873015872,0.0,False,False
PE O-20:2_20:4,PE 20:0_20:4,0.0009661696975273807,0.061312252806700905,6.725019381581385e-16,0.746031746031746,0.0,False,False
PE O-20:2_20:4,PE 20:1_20:4,0.0010154110821926558,0.0644370664216133,-1.5676565450307958e-16,0.6666666666666666,0.0,False,False
PE O-20:2_20:4,PE 20:1_20:5,0.0,0.0,4.453053374290378e-16,0.047619047619047616,0.0,False,False
PE O-20:2_20:4,PE 20:2_20:4,0.000837227609789673,0.053129704853654494,1.3222842162433673e-15,1.0,0.0,False,True
PE O-20:2_20:4,PE 20:3_20:4,0.0,0.0,0.034951716396743764,0.2857142857142857,0.1746031746031746,False,False
PE O-20:2_20:4,PE 20:4_20:4,0.0,0.0,0.03220621768826825,0.015873015873015872,0.015873015873015872,False,False
PE O-20:2_20:4,PE O-16:0_22:3,0.0001548044245624846,0.00982374839395326,2.709887455196351e-15,0.4603174603174603,0.0,False,False
PE O-20:2_20:4,PE O-16:1_22:1,0.0,0.0,-7.133973262893769e-16,0.015873015873015872,0.0,False,False
PE O-20:2_20:4,PE O-16:1_22:2,0.0,0.0,3.5897062915197944e-16,0.4126984126984127,0.0,False,False
PE O-20:2_20:4,PE O-16:1_24:0,2.79306375295307e-07,1.7724529279333802e-05,-5.78608061729869e-17,0.7142857142857143,0.0,False,False
PE O-20:2_20:4,PE O-16:1_24:1,9.337719607254314e-07,5.925632181005548e-05,8.452423536499833e-17,0.7301587301587301,0.0,False,False
PE O-20:2_20:4,PE O-16:1_24:5,8.985336935005974e-05,0.005702013332878936,-1.9993300864160881e-16,1.0,0.0,False,True
PE O-20:2_20:4,PE O-16:1_24:6,0.0,0.0,2.8626771691866713e-16,0.1111111111111111,0.0,False,False
PE O-20:2_20:4,PE O-18:0_20:3,0.0,0.0,0.014425844829804807,0.015873015873015872,0.0,False,False
PE O-20:2_20:4,PE O-18:0_20:4,0.0003439900494645754,0.021829296581891502,8.860667428434935e-16,1.0,0.0,False,True
PE O-20:2_20:4,PE O-18:0_20:5,0.0,0.0,-0.06428519960299327,0.015873015873015872,0.0,False,False
PE O-20:2_20:4,PE O-18:0_22:6,0.0,0.0,0.38248896800559257,0.047619047619047616,0.0,False,False
PE O-20:2_20:4,PE O-18:1_20:1,0.0,0.0,-9.315060629893138e-16,0.06349206349206349,0.0,False,False
PE O-20:2_20:4,PE O-18:1_20:4,0.0017677260836706787,0.11217829415721708,1.0314725673101181e-15,0.9841269841269841,0.0,False,False
PE O-20:2_20:4,PE O-18:1_22:4,0.0,0.0,0.0022153461864116435,0.031746031746031744,0.0,False,False
PE O-20:2_20:4,PE O-18:1_22:5,0.0,0.0,0.16821960079405074,0.23809523809523808,0.015873015873015872,False,False
PE O-20:2_20:4,PE O-18:2_22:4,0.0,0.0,0.007963533080568772,0.2698412698412698,0.015873015873015872,False,False
PE O-20:2_20:4,PE O-18:2_22:5,0.0006599970235949696,0.041882812580321206,1.763045621657823e-15,0.49206349206349204,0.0,False,False
PE O-20:2_20:4,PE O-18:2_22:6,6.539446829774073e-05,0.004149873653346741,4.6117785994747465e-14,0.8571428571428571,0.0,False,False
PE O-20:2_20:4,PE O-18:3_22:6,0.0003165436890008111,0.020087575437371268,4.6580131077231184e-14,1.0,0.0,False,True
PE O-20:2_20:4,PE O-20:0_20:4,0.00023875220678465717,0.015150998523345623,7.560033450764953e-16,1.0,0.0,False,True
PE O-20:2_20:4,PE O-20:1_20:4,0.00117307559383387,0.07444231334783168,1.4722339727245738e-15,1.0,0.047619047619047616,False,True
PE O-20:2_20:4,PE O-20:3_20:4,0.002997667482959907,0.19022925994887765,6.781818531763663e-16,1.0,0.7301587301587301,False,True
PE O-20:2_20:4,PG 16:0_20:4,0.0,0.0,0.009129335324683545,0.06349206349206349,0.0,False,False
PE O-20:2_20:4,PG 16:1_20:3,0.0,0.0,2.0561292365983632e-16,0.047619047619047616,0.0,False,False
PE O-20:2_20:4,PG 14:0_22:3,0.0,0.0,8.008680175700807e-16,0.07936507936507936,0.0,False,False
PE O-20:2_20:4,PG 14:0_22:2,0.0,0.0,0.0003494344387785221,0.031746031746031744,0.0,False,False
PE O-20:2_20:4,PG 16:1_20:1,0.0,0.0,9.471258292894395e-16,0.07936507936507936,0.0,False,False
PE O-20:2_20:4,PG 14:0_22:1,0.0009620203127396684,0.06104893661105994,-6.468855214259326e-15,1.0,0.0,False,True
PE O-20:2_20:4,PG 14:0_22:0,0.0010229951955751746,0.06491834737899967,1.3518197743381504e-15,1.0,0.0,False,True
PE O-20:2_20:4,PG 16:1_22:6,0.00024413962652576789,0.015492879294382152,3.903124002225589e-14,1.0,0.0,False,True
PE O-20:2_20:4,PG 16:0_22:6,2.5822199632900486e-05,0.0016386533711099198,3.756582194755319e-14,1.0,0.0,False,True
PE O-20:2_20:4,PG 16:1_22:4,1.966001256462752e-05,0.0012476065681113935,-7.389569438714007e-16,0.2222222222222222,0.0,False,False
PE O-20:2_20:4,PG 18:1_20:4,0.0,0.0,0.005075270231949546,0.4603174603174603,0.0,False,False
PE O-20:2_20:4,PG 16:0_22:4,0.00045259653302266376,0.028721365535618555,6.435343715651784e-16,0.6190476190476191,0.0,False,False
PE O-20:2_20:4,PG 16:1_22:3,0.0,0.0,1.2421264155486314e-15,0.031746031746031744,0.0,False,False
PE O-20:2_20:4,PG 17:0_20:1,0.0,0.0,1.5119933778521666e-15,0.2222222222222222,0.0,False,False
PE O-20:2_20:4,PG 17:0_20:3,0.0,0.0,0.0015082272881767002,0.015873015873015872,0.0,False,False
PE O-20:2_20:4,PG 17:1_20:1,0.0,0.0,-0.001540019900699362,0.06349206349206349,0.0,False,False
PE O-20:2_20:4,PC 14:0_20:1,7.136317986390119e-05,0.004528642676439953,-1.869650526656181e-15,0.6349206349206349,0.0,False,False
PE O-20:2_20:4,PC 14:1_17:1,0.0,0.0,1.3200122502360762e-15,0.06349206349206349,0.0,False,False
PE O-20:2_20:4,PC 20:0_14:1,5.571119232561719e-05,0.0035353817417091734,-9.07739168584918e-16,0.8888888888888888,0.0,False,False
PE O-20:2_20:4,PC 14:1_20:1,0.0,0.0,-0.008043326902001786,0.06349206349206349,0.0,False,False
PE O-20:2_20:4,PC 16:0_18:1,0.0,0.0,-6.441434093278748e-15,0.07936507936507936,0.0,False,False
PE O-20:2_20:4,PC 17:0_17:1,0.00014230540288831875,0.00903057181360292,-7.198343784169677e-16,1.0,0.0,False,True
PE O-20:3_20:4,PS 14:0_22:0,5.501274211633031e-05,0.0015367762768176696,2.666415925580852e-16,1.0,0.0,False,True
PE O-20:3_20:4,PS 14:0_22:1,8.435625303970448e-05,0.0023564847612670475,4.775213709749489e-15,0.8360655737704918,0.0,False,False
PE O-20:3_20:4,PS 14:0_22:2,0.00024998256534228074,0.006983241722866265,8.218262383406954e-16,0.6229508196721312,0.0,False,False
PE O-20:3_20:4,PS 16:0_18:1,0.0,0.0,3.67631661186669e-16,0.11475409836065574,0.0,False,False
PE O-20:3_20:4,PS 16:0_20:1,1.8444460735459606e-05,0.0005152444434965769,4.171359151374791e-15,0.7049180327868853,0.0,False,False
PE O-20:3_20:4,PS 20:0_16:1,0.0,0.0,2.31912133501302e-15,0.01639344262295082,0.0,False,False
PE O-20:3_20:4,PS 16:1_20:1,0.0,0.0,4.630594540904427e-16,0.2786885245901639,0.0,False,False
PE O-20:3_20:4,PS 18:0_18:1,0.00014188993660574356,0.003963683323288507,-7.002644405861343e-15,0.6721311475409836,0.0,False,False
PE O-20:3_20:4,PS 18:0_18:2,4.248455046724532e-05,0.0011868023075683916,-3.4049818491657958e-15,0.5409836065573771,0.0,False,False
PE O-20:3_20:4,PS 18:1_18:1,0.0,0.0,-1.1451682790685638e-14,0.26229508196721313,0.0,False,False
PE O-20:3_20:4,PE 16:0_22:4,0.00017254352558286612,0.004819988726857508,-4.439043670631278e-15,0.47540983606557374,0.01639344262295082,False,False
PE O-20:3_20:4,PE 16:0_22:6,0.0,0.0,-1.0516525184451936e-14,0.3442622950819672,0.0,False,False
PE O-20:3_20:4,PE 18:0_20:4,0.0,0.0,0.051594885686824805,0.32786885245901637,0.0,False,False
PE O-20:3_20:4,PE 18:1_20:4,0.004968767207597501,0.13880208976892164,1.650327207551163e-14,1.0,0.08196721311475409,False,True
PE O-20:3_20:4,PE 18:2_22:6,0.00015677687673921678,0.0043795487310362025,-1.1548240420846015e-14,0.9344262295081968,0.0,False,False
PE O-20:3_20:4,PE 20:1_18:3,3.218314492707541e-05,0.0008990334190709779,-2.4571353014348713e-15,0.26229508196721313,0.0,False,False
PE O-20:3_20:4,PE 20:0_20:4,0.0013065231220651067,0.0364976124050976,2.120895733870099e-14,0.7377049180327869,0.0,False,False
PE O-20:3_20:4,PE 20:1_20:4,0.0042151657351727784,0.11775029666709412,1.9673769238653395e-14,0.7377049180327869,0.2459016393442623,False,False
PE O-20:3_20:4,PE 20:1_20:5,0.0,0.0,-3.938091213165566e-15,0.2786885245901639,0.0,False,False
PE O-20:3_20:4,PE 20:2_20:4,0.0018458156870490156,0.05156270438649522,1.9280238231123083e-14,1.0,0.0,False,True
PE O-20:3_20:4,PE 20:3_20:4,0.003927989074663533,0.10972804105596501,0.03824916839547607,0.47540983606557374,0.29508196721311475,False,False
PE O-20:3_20:4,PE 20:4_20:4,0.0,0.0,0.04334034676188896,0.04918032786885246,0.04918032786885246,False,False
PE O-20:3_20:4,PE O-16:0_22:3,0.0,0.0,4.945645314379999e-16,0.14754098360655737,0.0,False,False
PE O-20:3_20:4,PE O-16:0_22:4,0.0,0.0,-0.016537207363549942,0.06557377049180328,0.0,False,False
PE O-20:3_20:4,PE O-16:1_22:1,5.610883481972249e-05,0.0015673955333565294,1.5296258243227834e-16,0.4426229508196721,0.0,False,False
PE O-20:3_20:4,PE O-16:1_22:2,0.0,0.0,1.331469751626423e-16,0.08196721311475409,0.0,False,False
PE O-20:3_20:4,PE O-16:1_24:6,0.00015584300006317182,0.004353460965438472,1.1625156264853154e-15,1.0,0.0,False,True
PE O-20:3_20:4,PE O-18:0_20:3,0.0,0.0,0.011483339180913222,0.01639344262295082,0.0,False,False
PE O-20:3_20:4,PE O-18:0_20:4,0.0010910189501702281,0.0304775216737,2.009093991801416e-14,1.0,0.0,False,True
PE O-20:3_20:4,PE O-18:0_20:5,0.0,0.0,0.03640739591173485,0.01639344262295082,0.0,False,False
PE O-20:3_20:4,PE O-18:1_20:4,0.0,0.0,2.3299677726763997e-14,0.47540983606557374,0.0,False,False
PE O-20:3_20:4,PE O-18:1_22:6,0.004323847201032821,0.12078630418168598,-7.965178837928095e-15,1.0,0.01639344262295082,False,True
PE O-20:3_20:4,PE O-18:2_20:4,0.0,0.0,0.03738690366925216,0.13114754098360656,0.01639344262295082,False,False
PE O-20:3_20:4,PE O-18:2_22:4,0.0,0.0,-0.008534361507061201,0.16393442622950818,0.03278688524590164,False,False
PE O-20:3_20:4,PE O-18:2_22:5,0.002495231684802924,0.06970408510559646,7.397826713997462e-16,0.9344262295081968,0.0,False,False
PE O-20:3_20:4,PE O-18:2_22:6,0.0,0.0,-1.0870077335210182e-14,0.03278688524590164,0.0,False,False
PE O-20:3_20:4,PE O-18:3_22:6,0.0002238002352745929,0.006251840557028203,-1.2557532733224453e-14,0.8688524590163934,0.0,False,False
PE O-20:3_20:4,PE O-20:0_20:4,0.0005568253881907403,0.015554869907989982,1.8773139567619656e-14,1.0,0.0,False,True
PE O-20:3_20:4,PE O-20:1_20:4,0.004142019226761436,0.11570695516957538,2.1147772305728084e-14,1.0,0.22950819672131148,False,True
PE O-20:3_20:4,PE O-20:2_20:4,0.00331935785461112,0.0927259796366435,2.155938070936403e-14,1.0,0.0,False,True
PE O-20:3_20:4,PG 14:0_20:0,1.8067280382027357e-05,0.0005047079423708801,1.7006658028606947e-15,0.2459016393442623,0.0,False,False
PE O-20:3_20:4,PG 14:0_22:4,0.0,0.0,0.003140731124165978,0.04918032786885246,0.0,False,False
PE O-20:3_20:4,PG 16:0_20:4,0.0,0.0,0.01604569402397928,0.09836065573770492,0.01639344262295082,False,False
PE O-20:3_20:4,PG 16:1_20:3,0.0,0.0,-5.756520822387475e-16,0.21311475409836064,0.0,False,False
PE O-20:3_20:4,PG 14:0_22:3,0.0001153375414077464,0.003221944419478137,2.7324679498129723e-16,0.8688524590163934,0.0,False,False
PE O-20:3_20:4,PG 16:1_20:2,0.0,0.0,-0.01090856290012645,0.01639344262295082,0.0,False,False
PE O-20:3_20:4,PG 14:0_22:2,0.0,0.0,0.004217650587610958,0.19672131147540983,0.0,False,False
PE O-20:3_20:4,PG 16:1_20:1,0.0006163369216487524,0.017217319538694098,5.354733311828144e-15,0.9016393442622951,0.0,False,False
PE O-20:3_20:4,PG 14:0_22:1,0.00017747377748458457,0.004957714894829182,-1.260594191414194e-15,0.9016393442622951,0.0,False,False
PE O-20:3_20:4,PG 16:1_22:6,0.00026550903796323556,0.007416972416313365,-1.0653148581942586e-14,1.0,0.0,False,True
PE O-20:3_20:4,PG 16:0_22:6,5.879759558734439e-05,0.0016425058369473192,-9.235463556581605e-15,0.7213114754098361,0.0,False,False
PE O-20:3_20:4,PG 16:1_22:4,0.0,0.0,-4.562109021042702e-15,0.21311475409836064,0.0,False,False
PE O-20:3_20:4,PG 18:1_20:4,0.0,0.0,0.01871444183026374,0.45901639344262296,0.0,False,False
PE O-20:3_20:4,PG 16:0_22:4,0.0,0.0,-2.8489280978011842e-15,0.6885245901639344,0.0,False,False
PE O-20:3_20:4,PG 16:1_22:3,0.0002449067830274168,0.00684145017516848,-3.26436056599794e-16,0.06557377049180328,0.0,False,False
PE O-20:3_20:4,PG 17:0_20:1,0.0,0.0,1.1319231099988598e-15,0.06557377049180328,0.0,False,False
PE O-20:3_20:4,PG 17:0_20:3,0.0,0.0,-0.002393828156194915,0.01639344262295082,0.0,False,False
PE O-20:3_20:4,PC 14:0_18:0,5.0142506027245695e-05,0.0014007266454726295,0.02105023557968505,0.819672131147541,0.0,False,False
PE O-20:3_20:4,PC 14:0_20:1,0.0,0.0,-2.6375616202583996e-15,0.22950819672131148,0.0,False,False
PE O-20:3_20:4,PC 14:1_17:1,1.0668190680417989e-05,0.00029801500022604835,-1.1055023003060117e-16,0.14754098360655737,0.0,False,False
PE O-20:3_20:4,PC 20:0_14:1,0.0,0.0,-8.504198119885477e-17,0.7049180327868853,0.0,False,False
PE O-20:3_20:4,PC 16:0_18:1,0.0005371290569966408,0.015004654569597483,-7.164118112098611e-15,0.5245901639344263,0.0,False,False
PE O-20:3_20:4,PC 17:0_17:0,0.0,0.0,-0.0022564265894272637,0.01639344262295082,0.0,False,False
PE O-20:3_20:4,PC 17:0_17:1,0.00012113972073901115,0.00338402780611017,-1.20251926634625e-15,0.7540983606557377,0.0,False,False
PG 14:0_20:0,PS 14:0_22:0,1.4486166715527854e-05,0.0037763627370453984,9.15601949832224e-16,1.0,0.0,False,True
PG 14:0_20:0,PS 14:0_22:1,0.0,0.0,7.771976225522398e-15,0.6885245901639344,0.0,False,False
PG 14:0_20:0,PS 14:0_22:2,0.00010528755620456561,0.027447150908411076,2.3536449889934687e-15,0.5737704918032787,0.0,False,False
PG 14:0_20:0,PS 16:0_18:1,5.1690835269666e-05,0.013475155159568783,-2.9360414262129147e-15,0.9344262295081968,0.0,False,False
PG 14:0_20:0,PS 20:0_16:1,0.00025233279100130186,0.06578000709121748,1.85341562622197e-15,1.0,0.0,False,True
PG 14:0_20:0,PS 18:0_18:2,2.6352147755667396e-05,0.0068696757934551145,-8.790922555804889e-15,0.8032786885245902,0.0,False,False
PG 14:0_20:0,PS 18:1_18:1,4.049436895747771e-05,0.010556376230798786,-2.2281321083996388e-14,0.9344262295081968,0.0,False,False
PG 14:0_20:0,PE 16:0_22:4,0.0,0.0,-4.463892016308702e-15,0.819672131147541,0.0,False,False
PG 14:0_20:0,PE 16:0_22:6,0.00012372721538444695,0.032254139753574565,-1.8408467150861269e-13,0.7213114754098361,0.0,False,False
PG 14:0_20:0,PE 18:0_22:6,6.99556559149439e-05,0.018236565782415646,-2.449934818685586e-13,1.0,0.0,False,True
PG 14:0_20:0,PE 18:1_20:1,0.0,0.0,0.01812786554815091,0.06557377049180328,0.0,False,False
PG 14:0_20:0,PE 18:1_20:3,1.691232209912602e-05,0.004408831143962276,-1.2040551352910616e-14,0.9016393442622951,0.0,False,False
PG 14:0_20:0,PE 18:1_20:5,0.0,0.0,0.003139484635988343,0.06557377049180328,0.0,False,False
PG 14:0_20:0,PE 18:1_22:6,0.00034302989622762847,0.0894236096577578,-2.0475221755515965e-13,1.0,0.0,False,True
PG 14:0_20:0,PE 20:1_18:3,1.1115302203771465e-05,0.0028976204594088604,1.6335594346076955e-15,0.4918032786885246,0.0,False,False
PG 14:0_20:0,PE 20:0_20:4,0.000247196663696771,0.06444108285084124,-5.3052775384816594e-15,0.7868852459016393,0.0,False,False
PG 14:0_20:0,PE 20:1_20:5,2.315480876743936e-05,0.006036169452546846,-1.8100828087822057e-14,0.47540983606557374,0.0,False,False
PG 14:0_20:0,PE 20:2_20:4,0.0,0.0,-1.6577662264248753e-14,0.03278688524590164,0.0,False,False
PG 14:0_20:0,PE O-16:0_22:3,4.9159322975470487e-05,0.0128152215219195,5.699302927264049e-15,0.13114754098360656,0.0,False,False
PG 14:0_20:0,PE O-16:0_22:4,0.0,0.0,-0.0010332318030938652,0.18032786885245902,0.0,False,False
PG 14:0_20:0,PE O-16:1_22:1,1.338097999866502e-06,0.00034882543632431943,4.341262005015078e-16,0.4918032786885246,0.0,False,False
PG 14:0_20:0,PE O-16:1_22:2,0.0,0.0,1.4271366824084492e-16,0.39344262295081966,0.0,False,False
PG 14:0_20:0,PE O-16:1_24:0,0.0,0.0,8.96881587479103e-16,0.01639344262295082,0.0,False,False
PG 14:0_20:0,PE O-16:1_24:1,0.0,0.0,3.959207007790635e-16,0.01639344262295082,0.0,False,False
PG 14:0_20:0,PE O-16:1_24:4,0.0,0.0,-2.0057056077091718e-16,0.26229508196721313,0.0,False,False
PG 14:0_20:0,PE O-16:1_24:5,7.021512100168327e-07,0.00018304205089926618,-2.303635353151383e-16,0.9016393442622951,0.0,False,False
PG 14:0_20:0,PE O-16:1_24:6,2.3618687487255482e-05,0.006157096841166788,7.810015469806537e-16,1.0,0.0,False,True
PG 14:0_20:0,PE O-18:0_20:3,0.0,0.0,-0.007304417575908377,0.09836065573770492,0.0,False,False
PG 14:0_20:0,PE O-18:0_20:5,0.0,0.0,0.09666536766353073,0.03278688524590164,0.03278688524590164,False,False
PG 14:0_20:0,PE O-18:0_22:5,4.858342856642805e-05,0.012665093042143725,-5.198874057966586e-15,0.6557377049180327,0.0,False,False
PG 14:0_20:0,PE O-18:1_20:4,0.001575225313160275,0.4106415652867469,-3.18784827623166e-15,1.0,0.9016393442622951,False,True
PG 14:0_20:0,PE O-18:1_22:5,0.0,0.0,-0.031821084686700814,0.01639344262295082,0.0,False,False
PG 14:0_20:0,PE O-20:1_18:2,0.0,0.0,0.01267868200382787,0.01639344262295082,0.0,False,False
PG 14:0_20:0,PE O-18:2_22:4,0.0,0.0,-0.0027861633385358195,0.13114754098360656,0.0,False,False
PG 14:0_20:0,PE O-18:2_22:5,0.0,0.0,-7.148185821002767e-15,0.29508196721311475,0.0,False,False
PG 14:0_20:0,PE O-18:2_22:6,0.0,0.0,-1.9681252284347538e-13,0.14754098360655737,0.0,False,False
PG 14:0_20:0,PE O-18:3_22:0,0.0,0.0,-6.994366289483162e-17,0.01639344262295082,0.0,False,False
PG 14:0_20:0,PE O-20:1_20:4,0.0,0.0,-4.148671705282791e-15,0.13114754098360656,0.0,False,False
PG 14:0_20:0,PE O-20:3_20:4,0.0,0.0,-5.55851782210754e-15,0.09836065573770492,0.0,False,False
PG 14:0_20:0,PG 14:0_22:4,0.0,0.0,0.006225949895205212,0.04918032786885246,0.04918032786885246,False,False
PG 14:0_20:0,PG 16:1_20:3,2.4391598177700424e-07,6.358585004859646e-05,-1.5393923543518539e-15,0.3442622950819672,0.0,False,False
PG 14:0_20:0,PG 14:0_22:3,1.1993594117206893e-05,0.003126580191771363,1.5439145022737445e-15,0.9344262295081968,0.0,False,False
PG 14:0_20:0,PG 16:1_20:2,0.0,0.0,-0.00037780246805177426,0.01639344262295082,0.0,False,False
PG 14:0_20:0,PG 14:0_22:2,0.0,0.0,0.0024899130963887614,0.16393442622950818,0.01639344262295082,False,False
PG 14:0_20:0,PG 16:1_20:1,7.428922540081428e-05,0.019366273223052507,4.703299847467621e-15,0.8852459016393442,0.0,False,False
PG 14:0_20:0,PG 14:0_22:1,0.00011595085635024427,0.03022694007657711,-1.0267935869704779e-14,1.0,0.0,False,True
PG 14:0_20:0,PG 14:0_22:0,6.50961306164835e-05,0.01696974823038759,-1.124152771641772e-15,1.0,0.0,False,True
PG 14:0_20:0,PG 16:0_22:6,1.7718845105076098e-05,0.0046190816185046535,-1.6682017477763913e-13,0.9180327868852459,0.0,False,False
PG 14:0_20:0,PG 18:1_20:4,0.0,0.0,0.008903860454127634,0.4426229508196721,0.0,False,False
PG 14:0_20:0,PG 14:0_24:4,0.0,0.0,0.013898669263628639,0.01639344262295082,0.0,False,False
PG 14:0_20:0,PG 16:0_22:4,0.00014852268413342862,0.03871800877220584,-1.822758123398564e-15,0.47540983606557374,0.0,False,False
PG 14:0_20:0,PG 16:1_22:3,0.0,0.0,1.6717898726458855e-15,0.21311475409836064,0.0,False,False
PG 14:0_20:0,PG 17:0_20:1,1.0775869090479898e-06,0.0002809134486140336,5.488291524967591e-15,0.13114754098360656,0.0,False,False
PG 14:0_20:0,PG 17:0_20:3,0.0,0.0,-0.00309005927034649,0.04918032786885246,0.0,False,False
PG 14:0_20:0,PG 17:1_20:1,0.0,0.0,-0.0016522880956374316,0.16393442622950818,0.0,False,False
PG 14:0_20:0,PG 17:0_17:0,0.0,0.0,0.2539897863219939,0.06557377049180328,0.0,False,False
PG 14:0_20:0,PC 14:0_18:0,2.4936835348193104e-05,0.006500721525440591,0.03326667875722602,1.0,0.0,False,True
PG 14:0_20:0,PC O-16:1_16:1,0.0,0.0,-0.0018604769297105091,0.01639344262295082,0.0,False,False
PG 14:0_20:0,PC 14:0_20:1,0.00032237019367903005,0.08403788323371077,4.439818228842166e-15,0.9836065573770492,0.0,False,False
PG 14:0_20:0,PC 14:1_17:1,0.0,0.0,1.411974186435051e-15,0.04918032786885246,0.0,False,False
PG 14:0_20:0,PC 20:0_14:1,2.9447795007599836e-05,0.0076766723687950724,3.4741401409925354e-15,1.0,0.0,False,True
PG 14:0_20:0,PC 16:0_18:1,0.0,0.0,-1.8236083121461947e-14,0.04918032786885246,0.0,False,False
PG 14:0_20:0,PC 17:0_17:0,0.0,0.0,0.009053814206896164,0.01639344262295082,0.0,False,False
PG 14:0_22:4,PS 14:0_22:0,0.0,0.0,1.3941497911781965e-07,1.0,0.0,False,True
PG 14:0_22:4,PS 14:0_22:1,0.0,0.0,-5.841419621313751e-06,1.0,0.0,False,True
PG 14:0_22:4,PS 14:0_22:2,0.0,0.0,-1.3578438300231497e-06,1.0,0.0,False,True
PG 14:0_22:4,PS 16:0_18:1,0.0,0.0,-1.305471606476791e-07,0.5,0.0,False,False
PG 14:0_22:4,PS 20:0_16:1,0.0,0.0,-9.179031714804465e-06,0.25,0.0,False,False
PG 14:0_22:4,PS 18:0_18:1,0.0,0.0,-7.327065814489971e-06,0.75,0.0,False,False
PG 14:0_22:4,PS 18:1_18:1,0.0,0.0,-3.7143801407453766e-06,1.0,0.0,False,True
PG 14:0_22:4,PE 16:0_22:4,0.0,0.0,-1.2489116395427366e-05,1.0,0.0,False,True
PG 14:0_22:4,PE 18:0_22:6,0.0,0.0,7.789151876111003e-06,1.0,0.0,False,True
PG 14:0_22:4,PE 18:1_20:4,0.0,0.0,1.0141797670868855e-07,0.75,0.0,False,False
PG 14:0_22:4,PE 18:1_22:6,0.0,0.0,9.801738433562424e-06,1.0,0.0,False,True
PG 14:0_22:4,PE 18:2_22:6,0.0,0.0,7.741439450748265e-06,1.0,0.0,False,True
PG 14:0_22:4,PE 20:1_18:3,0.0,0.0,3.9585870075862626e-08,0.25,0.0,False,False
PG 14:0_22:4,PE 20:0_20:4,0.0,0.0,6.232348373412153e-07,0.25,0.0,False,False
PG 14:0_22:4,PE 20:1_20:5,0.0,0.0,4.384918036809946e-08,0.25,0.0,False,False
PG 14:0_22:4,PE O-16:1_24:0,0.0,0.0,1.042637517394599e-08,1.0,0.0,False,True
PG 14:0_22:4,PE O-16:1_24:1,0.0,0.0,8.911001141271715e-09,1.0,0.0,False,True
PG 14:0_22:4,PE O-16:1_24:4,0.0,0.0,-1.5846614213403845e-08,1.0,0.0,False,True
PG 14:0_22:4,PE O-16:1_24:5,0.0,0.0,-1.695989298785871e-07,0.75,0.0,False,False
PG 14:0_22:4,PE O-18:0_20:4,0.0,0.0,2.3005374997648287e-07,0.25,0.0,False,False
PG 14:0_22:4,PE O-18:1_22:6,0.0,0.0,8.80546067549811e-06,1.0,0.0,False,True
PG 14:0_22:4,PE O-18:2_22:6,0.0,0.0,9.812170340756911e-06,1.0,0.0,False,True
PG 14:0_22:4,PE O-18:3_22:6,0.0,0.0,1.0002421622955704e-05,1.0,0.0,False,True
PG 14:0_22:4,PE O-20:0_20:4,0.0,0.0,-2.548906458062797e-08,0.25,0.0,False,False
PG 14:0_22:4,PG 14:0_20:0,0.0,0.0,3.922878969859904e-08,0.75,0.0,False,False
PG 14:0_22:4,PG 16:0_20:4,0.0,0.0,-1.861699996268712e-08,0.25,0.25,False,False
PG 14:0_22:4,PG 16:1_20:3,0.0,0.0,-5.59782121084006e-07,0.75,0.75,False,False
PG 14:0_22:4,PG 14:0_22:3,0.0,0.0,-4.0903145013498547e-07,0.75,0.0,False,False
PG 14:0_22:4,PG 14:0_22:2,0.0,0.0,-3.1577624409712797e-06,0.75,0.0,False,False
PG 14:0_22:4,PG 14:0_22:1,0.0,0.0,-1.613976983771397e-06,1.0,0.0,False,True
PG 14:0_22:4,PG 14:0_22:0,0.0,0.0,-8.26854222964092e-07,1.0,0.0,False,True
PG 14:0_22:4,PG 16:1_22:6,0.0,0.0,5.989692074779523e-06,0.25,0.0,False,False
PG 14:0_22:4,PG 18:1_20:4,0.0,0.0,4.5339246764564475e-08,0.75,0.0,False,False
PG 14:0_22:4,PG 16:0_22:4,0.0,0.0,-6.140026505344242e-06,0.75,0.0,False,False
PG 14:0_22:4,PC 14:0_18:0,0.0,0.0,-2.1523414754178565e-06,1.0,0.0,False,True
PG 14:0_22:4,PC 14:0_20:1,0.0,0.0,-6.772560458475103e-08,0.75,0.0,False,False
PG 14:0_22:4,PC 20:0_14:1,0.0,0.0,9.906528971150015e-07,0.5,0.0,False,False
PG 14:0_22:4,PC 17:0_17:1,0.0,0.0,1.8925174143953322e-07,0.5,0.0,False,False
PG 16:0_20:4,PS 14:0_22:2,0.0,0.0,-1.3578438300231497e-06,0.25,0.0,False,False
PG 16:0_20:4,PS 16:0_18:1,0.0,0.0,-1.305471606476791e-07,1.0,0.0,False,True
PG 16:0_20:4,PS 16:0_20:1,0.0,0.0,-8.05958833278435e-06,1.0,0.0,False,True
PG 16:0_20:4,PS 16:0_20:2,0.0,0.0,3.893659503931675e-07,0.75,0.0,False,False
PG 16:0_20:4,PS 16:1_20:1,0.0,0.0,-9.594411882022113e-07,0.75,0.0,False,False
PG 16:0_20:4,PS 18:0_18:2,0.0,0.0,2.7041128818479313e-06,1.0,0.0,False,True
PG 16:0_20:4,PE 16:0_22:4,0.0,0.0,-1.2489116395427366e-05,0.25,0.0,False,False
PG 16:0_20:4,PE 16:0_22:6,0.0,0.0,9.441815173575505e-06,1.0,0.0,False,True
PG 16:0_20:4,PE 18:1_20:4,0.0,0.0,1.0141797670868855e-07,0.5,0.0,False,False
PG 16:0_20:4,PE 20:1_18:3,0.0,0.0,3.9585870075862626e-08,0.75,0.0,False,False
PG 16:0_20:4,PE 20:1_20:5,0.0,0.0,4.384918036809946e-08,0.75,0.0,False,False
PG 16:0_20:4,PE 20:2_20:4,0.0,0.0,-8.818419286548997e-08,1.0,0.0,False,True
PG 16:0_20:4,PE 20:3_20:4,0.0,0.0,-1.3704469042739962e-06,0.75,0.0,False,False
PG 16:0_20:4,PE 20:4_20:4,0.0,0.0,-1.1007827260303942e-07,0.25,0.0,False,False
PG 16:0_20:4,PE O-16:1_24:6,0.0,0.0,-8.097980774187855e-08,1.0,0.0,False,True
PG 16:0_20:4,PE O-18:0_20:4,0.0,0.0,2.3005374997648287e-07,1.0,0.0,False,True
PG 16:0_20:4,PE O-18:1_20:4,0.0,0.0,-1.4446942759781947e-06,1.0,0.0,False,True
PG 16:0_20:4,PE O-18:2_22:5,0.0,0.0,-3.807573311874768e-06,1.0,0.0,False,True
PG 16:0_20:4,PE O-20:0_20:4,0.0,0.0,-2.548906458062797e-08,1.0,0.0,False,True
PG 16:0_20:4,PE O-20:1_20:4,0.0,0.0,-7.684895041419018e-07,1.0,0.0,False,True
PG 16:0_20:4,PE O-20:2_20:4,0.0,0.0,-8.828975203767847e-07,1.0,0.0,False,True
PG 16:0_20:4,PE O-20:3_20:4,0.0,0.0,-2.1881161405786937e-08,1.0,0.0,False,True
PG 16:0_20:4,PG 14:0_22:4,0.0,0.0,-3.497557026982173e-06,0.75,0.75,False,False
PG 16:0_20:4,PG 16:1_20:3,0.0,0.0,-5.59782121084006e-07,0.5,0.25,False,False
PG 16:0_20:4,PG 14:0_22:3,0.0,0.0,-4.0903145013498547e-07,1.0,0.0,False,True
PG 16:0_20:4,PG 14:0_22:2,0.0,0.0,-3.1577624409712797e-06,1.0,0.0,False,True
PG 16:0_20:4,PG 16:1_20:1,0.0,0.0,-3.105127011588524e-06,0.25,0.0,False,False
PG 16:0_20:4,PG 14:0_22:1,0.0,0.0,-1.613976983771397e-06,0.25,0.0,False,False
PG 16:0_20:4,PG 16:0_22:6,0.0,0.0,5.449267307835047e-06,1.0,0.0,False,True
PG 16:0_20:4,PG 16:0_22:4,0.0,0.0,-6.140026505344242e-06,1.0,0.0,False,True
PG 16:0_20:4,PG 17:0_20:1,0.0,0.0,-1.8981904797655935e-07,1.0,0.0,False,True
PG 16:0_20:4,PC 14:0_18:0,0.0,0.0,-2.1523414754178565e-06,0.25,0.0,False,False
PG 16:0_20:4,PC O-16:1_16:1,0.0,0.0,-2.9534820397812845e-07,0.75,0.0,False,False
PG 16:0_20:4,PC 20:0_14:1,0.0,0.0,9.906528971150015e-07,0.25,0.0,False,False
PG 16:0_20:4,PC 16:0_18:1,0.0,0.0,4.555780997318336e-07,1.0,0.0,False,True
PG 16:1_20:3,PA 20:1_20:1,0.0,0.0,0.034095793910999685,0.05,0.0,False,False
PG 16:1_20:3,PS 14:0_22:1,0.0,0.0,-2.984294677444651e-14,0.03333333333333333,0.0,False,False
PG 16:1_20:3,PS 16:0_18:1,0.0,0.0,-4.838416215125207e-14,0.08333333333333333,0.0,False,False
PG 16:1_20:3,PS 16:0_20:1,0.0001573952228299709,0.010479710358050776,-7.858858976191439e-14,0.9333333333333333,0.0,False,False
PG 16:1_20:3,PS 20:0_16:1,2.153103918986661e-05,0.0014335826104544041,-2.9217682625316466e-14,0.95,0.0,False,False
PG 16:1_20:3,PS 16:1_20:1,0.0002500094814636023,0.01664616565482009,1.8271191902722353e-15,1.0,0.0,False,True
PG 16:1_20:3,PS 18:0_18:1,0.0,0.0,-9.469132565842226e-14,0.15,0.0,False,False
PG 16:1_20:3,PS 18:0_18:2,0.00012004844908555627,0.007993082335852669,-5.785877435862079e-15,0.7166666666666667,0.0,False,False
PG 16:1_20:3,PS 18:1_18:1,0.0,0.0,-3.051750819681137e-14,0.05,0.0,False,False
PG 16:1_20:3,PE 16:0_22:4,0.0,0.0,-3.938789729849163e-15,0.016666666666666666,0.0,False,False
PG 16:1_20:3,PE 16:0_22:6,0.0008468951667921915,0.05638809038825075,-1.1735496700797736e-13,0.8333333333333334,0.0,False,False
PG 16:1_20:3,PE 18:0_20:4,0.0,0.0,-0.00805015657836405,0.25,0.0,False,False
PG 16:1_20:3,PE 18:0_22:6,0.0,0.0,-1.6696346828108352e-13,0.13333333333333333,0.0,False,False
PG 16:1_20:3,PE 18:1_20:1,0.0,0.0,-0.002605688425414583,0.05,0.0,False,False
PG 16:1_20:3,PE 18:1_20:3,0.0015195364104832031,0.1011739821200205,-2.251699756208448e-14,0.9166666666666666,0.0,False,False
PG 16:1_20:3,PE 18:1_22:6,0.0,0.0,-1.329104407699672e-13,0.03333333333333333,0.0,False,False
PG 16:1_20:3,PE 18:2_22:6,0.0,0.0,-1.0041168140201025e-13,0.06666666666666667,0.0,False,False
PG 16:1_20:3,PE 20:1_18:3,0.0,0.0,-9.4650764610824e-15,0.7166666666666667,0.0,False,False
PG 16:1_20:3,PE 20:0_20:4,0.0,0.0,-1.2094056361566322e-14,0.06666666666666667,0.0,False,False
PG 16:1_20:3,PE 20:1_20:4,0.0003895741876821677,0.02593868210531625,-2.0138248124475946e-14,0.7,0.0,False,False
PG 16:1_20:3,PE 20:1_20:5,4.31589651266346e-05,0.002873616147606609,-1.984995267846988e-14,0.9833333333333333,0.0,False,False
PG 16:1_20:3,PE 20:2_20:4,4.809336731045888e-05,0.0032021591919687213,-2.577982183330577e-14,0.6,0.0,False,False
PG 16:1_20:3,PE 20:3_20:4,0.0,0.0,0.054785042865654984,0.2,0.0,False,False
PG 16:1_20:3,PE O-16:0_22:3,0.0,0.0,1.3818836908667574e-15,0.18333333333333332,0.0,False,False
PG 16:1_20:3,PE O-16:0_22:4,0.0,0.0,-0.011969057500745742,0.016666666666666666,0.0,False,False
PG 16:1_20:3,PE O-16:1_22:1,0.0,0.0,-3.943781858784333e-15,0.36666666666666664,0.0,False,False
PG 16:1_20:3,PE O-16:1_22:2,2.0059998622145702e-05,0.0013356375852022005,-1.0602033826067377e-15,0.5666666666666667,0.0,False,False
PG 16:1_20:3,PE O-16:1_24:0,1.1616325396599306e-06,7.734397740440782e-05,-5.223989923604307e-16,0.48333333333333334,0.0,False,False
PG 16:1_20:3,PE O-16:1_24:1,1.241121072048136e-06,8.263649379237224e-05,-3.219728158148147e-16,0.48333333333333334,0.0,False,False
PG 16:1_20:3,PE O-16:1_24:4,6.270592029754274e-07,4.175094203228471e-05,-9.776870013990344e-16,0.55,0.0,False,False
PG 16:1_20:3,PE O-16:1_24:5,4.755804150026249e-07,3.166516055301814e-05,-1.0886156164291704e-15,0.7666666666666667,0.0,False,False
PG 16:1_20:3,PE O-16:1_24:6,4.886548882504071e-06,0.00032535686927689976,3.1450412291571267e-16,0.8,0.0,False,False
PG 16:1_20:3,PE O-18:0_20:3,0.0,0.0,0.05968752755456485,0.11666666666666667,0.0,False,False
PG 16:1_20:3,PE O-18:0_20:4,1.9213000847562167e-05,0.0012792426629678847,-1.2207003278724545e-14,0.45,0.0,False,False
PG 16:1_20:3,PE O-18:0_20:5,0.0,0.0,-0.02549870171403984,0.016666666666666666,0.0,False,False
PG 16:1_20:3,PE O-18:0_22:5,0.0,0.0,-3.4211683608837197e-15,0.16666666666666666,0.0,False,False
PG 16:1_20:3,PE O-18:1_20:1,0.0003375695057417094,0.022476099225102044,-5.1618613189658235e-15,0.48333333333333334,0.0,False,False
PG 16:1_20:3,PE O-18:1_20:4,5.9404885809924424e-05,0.003955304271296756,-1.4770461486934364e-14,0.7666666666666667,0.0,False,False
PG 16:1_20:3,PE O-18:1_22:6,0.0,0.0,-9.902386955803295e-14,0.38333333333333336,0.0,False,False
PG 16:1_20:3,PE O-18:2_22:5,4.7377204032815305e-05,0.003154475510190879,-4.954687968156266e-16,0.7,0.0,False,False
PG 16:1_20:3,PE O-18:2_22:6,0.0,0.0,-9.764791402027673e-14,0.23333333333333334,0.0,False,False
PG 16:1_20:3,PE O-18:3_22:0,6.196539183378263e-06,0.00041257882352799925,-3.625533639167243e-16,0.8833333333333333,0.0,False,False
PG 16:1_20:3,PE O-18:3_22:6,0.00015872355727267282,0.010568153704474174,-1.1081028597396944e-13,0.9,0.0,False,False
PG 16:1_20:3,PE O-20:0_20:4,4.889724089651194e-06,0.0003255682813555536,-1.4749854329699046e-14,0.48333333333333334,0.0,False,False
PG 16:1_20:3,PE O-20:1_20:4,8.255619706051126e-05,0.005496768058779848,-1.802345750431454e-14,0.8,0.0,False,False
PG 16:1_20:3,PE O-20:2_20:4,6.623035971870146e-05,0.004409758913148793,-2.1933162232965244e-14,0.6833333333333333,0.0,False,False
PG 16:1_20:3,PE O-20:3_20:4,7.441030915871297e-05,0.004954397430973597,-1.767400847885264e-14,0.35,0.0,False,False
PG 16:1_20:3,PG 14:0_20:0,0.0,0.0,8.456666416178051e-15,0.05,0.0,False,False
PG 16:1_20:3,PG 14:0_22:4,0.008567950771967382,0.5704724758339879,0.3705187260117899,0.9666666666666667,0.95,False,False
PG 16:1_20:3,PG 16:0_20:4,0.0,0.0,0.40559091069081393,0.13333333333333333,0.05,False,False
PG 16:1_20:3,PG 14:0_22:3,1.0165965235933412e-05,0.0006768716944966199,6.769326836090577e-15,0.45,0.0,False,False
PG 16:1_20:3,PG 16:1_20:2,0.0,0.0,0.026300472772490917,0.016666666666666666,0.0,False,False
PG 16:1_20:3,PG 16:1_20:1,2.2869769671182705e-05,0.001522718147349588,1.1634156483413784e-14,0.7333333333333333,0.0,False,False
PG 16:1_20:3,PG 14:0_22:1,0.0,0.0,-3.3265051159505575e-14,0.3,0.0,False,False
PG 16:1_20:3,PG 14:0_22:0,0.0,0.0,-1.2520259369406466e-14,0.21666666666666667,0.0,False,False
PG 16:1_20:3,PG 16:1_22:6,9.707870278158164e-05,0.006463707530598258,-9.571908020295039e-14,0.95,0.0,False,False
PG 16:1_20:3,PG 16:0_22:6,6.01227767963123e-05,0.004003102987615658,-1.0902310381517856e-13,0.5666666666666667,0.0,False,False
PG 16:1_20:3,PG 16:1_22:4,0.0,0.0,7.93374091021899e-15,0.25,0.0,False,False
PG 16:1_20:3,PG 16:0_22:4,0.0,0.0,-3.681695089687906e-17,0.26666666666666666,0.0,False,False
PG 16:1_20:3,PG 16:1_22:3,0.0010553987613437282,0.0702707053763372,2.575626522489294e-15,0.55,0.0,False,False
PG 16:1_20:3,PG 17:0_20:1,5.280807248315305e-05,0.0035160743397417474,-5.4738693774139515e-15,0.9333333333333333,0.0,False,False
PG 16:1_20:3,PG 17:0_20:3,0.0,0.0,0.03387900567662437,0.1,0.0,False,False
PG 16:1_20:3,PG 17:1_20:1,0.0,0.0,0.05892186390760853,0.2,0.0,False,False
PG 16:1_20:3,PC O-16:1_16:1,1.936972446476507e-05,0.0012896776563877722,0.012644953133241016,0.9666666666666667,0.0,False,False
PG 16:1_20:3,PC 14:0_20:1,0.0,0.0,4.7824595198929004e-15,0.03333333333333333,0.0,False,False
PG 16:1_20:3,PC 14:1_17:1,0.0,0.0,-1.3458779609218434e-14,0.016666666666666666,0.0,False,False
PG 16:1_20:3,PC 20:0_14:1,0.0001403821342390952,0.009346942555302155,9.322488778371606e-15,0.9333333333333333,0.0,False,False
PG 16:1_20:3,PC 14:1_20:1,0.0,0.0,0.011119180066852889,0.13333333333333333,0.0,False,False
PG 16:1_20:3,PC 16:0_18:1,0.0005922633237197827,0.039434158017519635,-4.6909334184849155e-14,0.95,0.0,False,False
PG 16:1_20:3,PC 17:0_17:1,0.00011936770548168392,0.00794775697166176,-1.195185868892859e-16,0.9333333333333333,0.0,False,False
PG 14:0_22:3,PS 14:0_22:0,1.0275305401492851e-05,0.003427452187532672,-3.904756776877603e-16,1.0,0.0,False,True
PG 14:0_22:3,PS 14:0_22:1,1.5897551351583272e-05,0.005302820210918572,9.51374792639723e-15,1.0,0.0,False,True
PG 14:0_22:3,PS 14:0_22:2,4.633427322609917e-05,0.015455356305366607,-1.4824966256960723e-14,0.5967741935483871,0.0,False,False
PG 14:0_22:3,PS 16:0_18:1,6.128986757757311e-06,0.0020443975385084022,-3.961377432722624e-14,0.9516129032258065,0.0,False,False
PG 14:0_22:3,PS 16:0_20:1,1.433181867852018e-05,0.00478055117212175,4.915358395929199e-15,0.5645161290322581,0.0,False,False
PG 14:0_22:3,PS 20:0_16:1,0.0,0.0,1.9520038314338255e-14,0.3870967741935484,0.0,False,False
PG 14:0_22:3,PS 18:0_18:1,0.0,0.0,-1.2823825228436573e-13,0.3870967741935484,0.0,False,False
PG 14:0_22:3,PS 18:0_18:2,6.716798888802694e-06,0.0022404693724528252,-8.888799563594325e-14,0.5645161290322581,0.0,False,False
PG 14:0_22:3,PS 18:1_18:1,5.4896139011911815e-06,0.0018311270019880752,-1.8752178896777294e-13,0.8709677419354839,0.0,False,False
PG 14:0_22:3,PE 16:0_22:4,0.00019217504330212853,0.0641023061425864,-1.6653740833757355e-15,0.967741935483871,0.0,False,False
PG 14:0_22:3,PE 18:0_22:6,0.0,0.0,-6.649173408039223e-13,0.43548387096774194,0.0,False,False
PG 14:0_22:3,PE 18:1_20:3,0.0,0.0,-7.9658911033328e-14,0.016129032258064516,0.0,False,False
PG 14:0_22:3,PE 18:1_20:4,0.0001315509837315973,0.04388041905765946,-2.0255668272111646e-13,0.967741935483871,0.0,False,False
PG 14:0_22:3,PE 18:1_20:5,0.0,0.0,0.003961003296735397,0.04838709677419355,0.0,False,False
PG 14:0_22:3,PE 18:1_22:6,0.0,0.0,-5.856592057659189e-13,0.24193548387096775,0.0,False,False
PG 14:0_22:3,PE 20:1_18:3,0.0,0.0,5.09772083772702e-15,0.1935483870967742,0.0,False,False
PG 14:0_22:3,PE 20:0_20:4,3.270675481699577e-05,0.010909732992298242,-1.2336034958893414e-13,0.7096774193548387,0.0,False,False
PG 14:0_22:3,PE 20:1_20:4,0.0,0.0,-1.3496927576191737e-13,0.03225806451612903,0.0,False,False
PG 14:0_22:3,PE 20:1_20:5,1.5252285366784343e-05,0.005087583950318649,-6.276077175382361e-14,0.6935483870967742,0.0,False,False
PG 14:0_22:3,PE 20:2_20:4,0.0,0.0,-1.6416084414099913e-13,0.24193548387096775,0.0,False,False
PG 14:0_22:3,PE 20:3_20:4,0.0,0.0,0.010359728261148754,0.03225806451612903,0.0,False,False
PG 14:0_22:3,PE O-16:0_22:3,0.0001417061515005672,0.0472677978872425,-2.1120333118099364e-15,0.5,0.0,False,False
PG 14:0_22:3,PE O-16:1_22:1,9.90406290052358e-07,0.0003303619768705747,-2.390610084261036e-15,0.3709677419354839,0.0,False,False
PG 14:0_22:3,PE O-16:1_22:2,0.0,0.0,6.877803003876738e-16,0.27419354838709675,0.0,False,False
PG 14:0_22:3,PE O-16:1_24:0,0.0,0.0,1.0330750393501716e-15,0.1774193548387097,0.0,False,False
PG 14:0_22:3,PE O-16:1_24:1,0.0,0.0,-5.16522888542079e-16,0.24193548387096775,0.0,False,False
PG 14:0_22:3,PE O-16:1_24:4,0.0,0.0,-7.354192694580929e-16,0.04838709677419355,0.0,False,False
PG 14:0_22:3,PE O-16:1_24:5,0.0,0.0,-1.9365182402593377e-15,0.04838709677419355,0.0,False,False
PG 14:0_22:3,PE O-16:1_24:6,3.06205965211687e-06,0.0010213869703063734,-1.1875329842772605e-14,0.9838709677419355,0.0,False,False
PG 14:0_22:3,PE O-18:0_20:4,0.0,0.0,-1.1516785149759073e-13,0.3548387096774194,0.0,False,False
PG 14:0_22:3,PE O-18:0_22:5,0.00011978613302592207,0.039956111048157036,-1.2111300755907656e-14,0.532258064516129,0.0,False,False
PG 14:0_22:3,PE O-18:1_20:4,5.131708875279195e-05,0.01711743459012043,-1.286725043120101e-13,0.8387096774193549,0.0,False,False
PG 14:0_22:3,PE O-18:1_22:4,0.0,0.0,-0.008295158895851902,0.16129032258064516,0.04838709677419355,False,False
PG 14:0_22:3,PE O-18:1_22:5,0.0,0.0,0.03130860761142328,0.016129032258064516,0.0,False,False
PG 14:0_22:3,PE O-18:2_22:4,0.0,0.0,-0.031416921087001115,0.016129032258064516,0.0,False,False
PG 14:0_22:3,PE O-18:2_22:5,0.0,0.0,-1.498977133915028e-14,0.016129032258064516,0.0,False,False
PG 14:0_22:3,PE O-18:2_22:6,0.00027118264844366163,0.09045624682786498,-5.045133034228352e-13,0.9838709677419355,0.0,False,False
PG 14:0_22:3,PE O-18:3_22:6,0.000143999671200443,0.04803282907661684,-5.404408113401589e-13,1.0,0.0,False,True
PG 14:0_22:3,PE O-20:0_20:4,1.2715562498870348e-06,0.00042414294076485314,-1.1463668193046294e-13,0.6290322580645161,0.0,False,False
PG 14:0_22:3,PE O-20:1_20:4,0.0,0.0,-1.2928396862263385e-13,0.14516129032258066,0.0,False,False
PG 14:0_22:3,PE O-20:2_20:4,1.239213333763603e-05,0.004133545705620233,-1.3890071972539955e-13,0.6451612903225806,0.0,False,False
PG 14:0_22:3,PE O-20:3_20:4,0.000122825511357557,0.04096993239014733,-1.4006091004831356e-13,0.9193548387096774,0.0,False,False
PG 14:0_22:3,PG 14:0_20:0,3.7961835608179423e-06,0.0012662628643534703,8.420041471866525e-15,0.8870967741935484,0.0,False,False
PG 14:0_22:3,PG 14:0_22:4,0.0,0.0,0.007514719551362545,0.04838709677419355,0.016129032258064516,False,False
PG 14:0_22:3,PG 16:0_20:4,0.0,0.0,0.008079553988063768,0.06451612903225806,0.0,False,False
PG 14:0_22:3,PG 16:1_20:3,3.9987146410196475e-05,0.01333819551649581,3.922080038357756e-15,0.8870967741935484,0.0,False,False
PG 14:0_22:3,PG 16:0_20:3,0.0,0.0,0.8979175230201594,0.3064516129032258,0.2903225806451613,False,False
PG 14:0_22:3,PG 16:1_20:2,0.0011934158596280569,0.39807827007497953,0.9055991293075842,0.7096774193548387,0.6451612903225806,False,False
PG 14:0_22:3,PG 14:0_22:2,0.0,0.0,0.005484346906012643,0.1935483870967742,0.0,False,False
PG 14:0_22:3,PG 16:1_20:1,2.619993306272883e-05,0.008739304028473258,1.0645378277681782e-14,0.8064516129032258,0.0,False,False
PG 14:0_22:3,PG 14:0_22:1,1.2156314129325996e-05,0.004054885361250612,-4.6615023858065326e-14,0.967741935483871,0.0,False,False
PG 14:0_22:3,PG 14:0_22:0,0.0,0.0,-1.1683369377722268e-14,0.4032258064516129,0.0,False,False
PG 14:0_22:3,PG 16:0_22:6,4.808224635544783e-06,0.0016038413848849839,-4.332725610763488e-13,0.4838709677419355,0.0,False,False
PG 14:0_22:3,PG 16:1_22:4,0.0,0.0,-1.9739154162249373e-15,0.03225806451612903,0.0,False,False
PG 14:0_22:3,PG 18:1_20:4,0.0,0.0,0.021463972091652423,0.45161290322580644,0.0,False,False
PG 14:0_22:3,PG 16:0_22:4,0.0,0.0,-5.480237179059035e-15,0.04838709677419355,0.0,False,False
PG 14:0_22:3,PG 16:1_22:3,0.00027105209527709083,0.0904126992427696,-4.963348512191783e-15,0.5161290322580645,0.0,False,False
PG 14:0_22:3,PG 17:0_20:1,0.0,0.0,9.816700166437801e-15,0.04838709677419355,0.0,False,False
PG 14:0_22:3,PC 14:0_18:0,9.699698579295271e-06,0.003235451581729442,0.045618702652686076,1.0,0.0,False,True
PG 14:0_22:3,PC O-16:1_16:1,0.0,0.0,-0.004085050894207455,0.43548387096774194,0.0,False,False
PG 14:0_22:3,PC 14:0_20:1,6.226369545796889e-05,0.02076880743323491,1.1974119252835096e-15,0.9516129032258065,0.0,False,False
PG 14:0_22:3,PC 14:1_17:1,1.4299937646682906e-05,0.0047699168689996655,-2.102013911926821e-14,0.6935483870967742,0.0,False,False
PG 14:0_22:3,PC 20:0_14:1,0.0,0.0,3.1598272709650352e-15,0.016129032258064516,0.0,False,False
PG 14:0_22:3,PC 14:1_20:1,0.0,0.0,0.0036656633017790093,0.016129032258064516,0.0,False,False
PG 14:0_22:3,PC 16:0_18:1,1.487087514008903e-05,0.0049603599638039265,-1.2079888856399134e-13,0.41935483870967744,0.0,False,False
PG 14:0_22:3,PC 17:0_17:0,0.0,0.0,0.015567051037316612,0.016129032258064516,0.0,False,False
PG 14:0_22:3,PC 17:0_17:1,0.0,0.0,6.9480415867679175e-15,0.016129032258064516,0.0,False,False
PG 16:1_20:2,PA 20:1_20:1,0.0,0.0,1.5964166285565733e-08,1.0,0.0,False,True
PG 16:1_20:2,PS 20:0_16:1,0.0,0.0,-9.179031714804465e-06,1.0,0.0,False,True
PG 16:1_20:2,PS 16:1_20:1,0.0,0.0,-9.594411882022113e-07,1.0,0.0,False,True
PG 16:1_20:2,PS 18:0_18:1,0.0,0.0,-7.327065814489971e-06,1.0,0.0,False,True
PG 16:1_20:2,PS 18:1_18:1,0.0,0.0,-3.7143801407453766e-06,0.5,0.0,False,False
PG 16:1_20:2,PE 18:1_20:1,0.0,0.0,1.26119016850893e-07,1.0,0.0,False,True
PG 16:1_20:2,PE 18:1_20:5,0.0,0.0,2.133421842337639e-07,1.0,0.0,False,True
PG 16:1_20:2,PE 20:1_18:3,0.0,0.0,3.9585870075862626e-08,1.0,0.0,False,True
PG 16:1_20:2,PE 20:1_20:4,0.0,0.0,-2.6194237933733366e-08,1.0,0.0,False,True
PG 16:1_20:2,PE 20:2_20:4,0.0,0.0,-8.818419286548997e-08,1.0,0.0,False,True
PG 16:1_20:2,PE O-16:0_22:4,0.0,0.0,-1.298106588825637e-05,0.5,0.0,False,False
PG 16:1_20:2,PE O-16:1_22:2,0.0,0.0,3.8561602888448356e-09,1.0,0.0,False,True
PG 16:1_20:2,PE O-16:1_24:0,0.0,0.0,1.042637517394599e-08,1.0,0.0,False,True
PG 16:1_20:2,PE O-16:1_24:1,0.0,0.0,8.911001141271715e-09,1.0,0.0,False,True
PG 16:1_20:2,PE O-16:1_24:4,0.0,0.0,-1.5846614213403845e-08,1.0,0.0,False,True
PG 16:1_20:2,PE O-16:1_24:5,0.0,0.0,-1.695989298785871e-07,1.0,0.0,False,True
PG 16:1_20:2,PE O-16:1_24:6,0.0,0.0,-8.097980774187855e-08,1.0,0.0,False,True
PG 16:1_20:2,PE O-18:0_20:5,0.0,0.0,-3.957801087477535e-09,1.0,0.0,False,True
PG 16:1_20:2,PE O-18:0_22:5,0.0,0.0,-4.001606771045966e-06,0.5,0.0,False,False
PG 16:1_20:2,PE O-18:1_20:1,0.0,0.0,-7.324249756060361e-07,1.0,0.0,False,True
PG 16:1_20:2,PE O-18:1_22:5,0.0,0.0,-6.120849326571443e-06,0.5,0.0,False,False
PG 16:1_20:2,PE O-18:1_22:6,0.0,0.0,8.80546067549811e-06,0.5,0.0,False,False
PG 16:1_20:2,PE O-20:1_18:2,0.0,0.0,-1.0171198952548792e-07,0.5,0.0,False,False
PG 16:1_20:2,PE O-18:2_22:4,0.0,0.0,-1.3462846540721761e-05,0.5,0.0,False,False
PG 16:1_20:2,PE O-18:2_22:6,0.0,0.0,9.812170340756911e-06,1.0,0.0,False,True
PG 16:1_20:2,PE O-18:3_22:0,0.0,0.0,-2.5762193729889475e-10,0.5,0.0,False,False
PG 16:1_20:2,PE O-18:3_22:6,0.0,0.0,1.0002421622955704e-05,1.0,0.0,False,True
PG 16:1_20:2,PG 16:1_20:3,0.0,0.0,-5.59782121084006e-07,1.0,0.0,False,True
PG 16:1_20:2,PG 14:0_22:3,0.0,0.0,-4.0903145013498547e-07,1.0,1.0,True,True
PG 16:1_20:2,PG 16:1_20:1,0.0,0.0,-3.105127011588524e-06,0.5,0.0,False,False
PG 16:1_20:2,PG 14:0_22:1,0.0,0.0,-1.613976983771397e-06,1.0,0.0,False,True
PG 16:1_20:2,PG 14:0_22:0,0.0,0.0,-8.26854222964092e-07,0.5,0.0,False,False
PG 16:1_20:2,PG 16:1_22:6,0.0,0.0,5.989692074779523e-06,0.5,0.0,False,False
PG 16:1_20:2,PG 16:1_22:4,0.0,0.0,-9.116713120013934e-06,0.5,0.0,False,False
PG 16:1_20:2,PG 16:0_22:4,0.0,0.0,-6.140026505344242e-06,1.0,0.0,False,True
PG 16:1_20:2,PG 17:0_20:1,0.0,0.0,-1.8981904797655935e-07,1.0,0.0,False,True
PG 16:1_20:2,PG 17:1_20:1,0.0,0.0,7.732726023880922e-07,1.0,0.0,False,True
PG 16:1_20:2,PC O-16:1_16:1,0.0,0.0,-2.9534820397812845e-07,1.0,0.0,False,True
PG 16:1_20:2,PC 20:0_14:1,0.0,0.0,9.906528971150015e-07,1.0,0.0,False,True
PG 16:1_20:2,PC 14:1_20:1,0.0,0.0,3.489194930380844e-08,1.0,0.0,False,True
PG 16:1_20:2,PC 16:0_18:1,0.0,0.0,4.555780997318336e-07,1.0,0.0,False,True
PG 16:1_20:2,PC 17:0_17:1,0.0,0.0,1.8925174143953322e-07,1.0,0.0,False,True
PG 14:0_22:2,PS 14:0_22:0,0.0,0.0,1.3941497911781965e-07,1.0,0.0,False,True
PG 14:0_22:2,PS 14:0_22:1,0.0,0.0,-5.841419621313751e-06,1.0,0.0,False,True
PG 14:0_22:2,PS 14:0_22:2,0.0,0.0,-1.3578438300231497e-06,1.0,0.0,False,True
PG 14:0_22:2,PS 16:0_18:1,0.0,0.0,-1.305471606476791e-07,0.15384615384615385,0.0,False,False
PG 14:0_22:2,PS 16:0_20:1,0.0,0.0,-8.05958833278435e-06,0.46153846153846156,0.0,False,False
PG 14:0_22:2,PS 16:0_20:2,0.0,0.0,3.893659503931675e-07,0.23076923076923078,0.0,False,False
PG 14:0_22:2,PS 20:0_16:1,0.0,0.0,-9.179031714804465e-06,0.23076923076923078,0.0,False,False
PG 14:0_22:2,PS 18:0_18:2,0.0,0.0,2.7041128818479313e-06,0.9230769230769231,0.0,False,False
PG 14:0_22:2,PS 18:1_18:1,0.0,0.0,-3.7143801407453766e-06,0.6153846153846154,0.0,False,False
PG 14:0_22:2,PE 16:0_22:4,0.0,0.0,-1.2489116395427366e-05,0.38461538461538464,0.0,False,False
PG 14:0_22:2,PE 16:0_22:6,0.0,0.0,9.441815173575505e-06,0.46153846153846156,0.0,False,False
PG 14:0_22:2,PE 18:0_20:4,0.0,0.0,-1.3975934516530537e-07,0.07692307692307693,0.0,False,False
PG 14:0_22:2,PE 18:0_22:6,0.0,0.0,7.789151876111003e-06,0.9230769230769231,0.0,False,False
PG 14:0_22:2,PE 18:1_20:3,0.0,0.0,-2.9824307516521894e-06,0.3076923076923077,0.0,False,False
PG 14:0_22:2,PE 18:1_20:4,0.0,0.0,1.0141797670868855e-07,0.07692307692307693,0.0,False,False
PG 14:0_22:2,PE 18:2_22:6,0.0,0.0,7.741439450748265e-06,0.15384615384615385,0.0,False,False
PG 14:0_22:2,PE 20:0_20:4,0.0,0.0,6.232348373412153e-07,0.15384615384615385,0.0,False,False
PG 14:0_22:2,PE 20:2_20:4,0.0,0.0,-8.818419286548997e-08,0.9230769230769231,0.0,False,False
PG 14:0_22:2,PE 20:3_20:4,0.0,0.0,-1.3704469042739962e-06,0.5384615384615384,0.0,False,False
PG 14:0_22:2,PE O-16:0_22:3,0.0,0.0,4.1079906095678875e-07,0.23076923076923078,0.0,False,False
PG 14:0_22:2,PE O-16:1_22:2,0.0,0.0,3.8561602888448356e-09,0.6923076923076923,0.0,False,False
PG 14:0_22:2,PE O-16:1_24:0,0.0,0.0,1.042637517394599e-08,0.23076923076923078,0.0,False,False
PG 14:0_22:2,PE O-16:1_24:1,0.0,0.0,8.911001141271715e-09,0.3076923076923077,0.0,False,False
PG 14:0_22:2,PE O-16:1_24:4,0.0,0.0,-1.5846614213403845e-08,0.07692307692307693,0.0,False,False
PG 14:0_22:2,PE O-16:1_24:5,0.0,0.0,-1.695989298785871e-07,0.15384615384615385,0.0,False,False
PG 14:0_22:2,PE O-16:1_24:6,0.0,0.0,-8.097980774187855e-08,0.23076923076923078,0.0,False,False
PG 14:0_22:2,PE O-18:0_20:4,0.0,0.0,2.3005374997648287e-07,0.3076923076923077,0.0,False,False
PG 14:0_22:2,PE O-18:0_22:5,0.0,0.0,-4.001606771045966e-06,0.23076923076923078,0.0,False,False
PG 14:0_22:2,PE O-18:1_20:4,0.0,0.0,-1.4446942759781947e-06,0.46153846153846156,0.0,False,False
PG 14:0_22:2,PE O-18:1_22:4,0.0,0.0,-1.4530481065061408e-05,0.07692307692307693,0.0,False,False
PG 14:0_22:2,PE O-18:1_22:6,0.0,0.0,8.80546067549811e-06,0.6923076923076923,0.0,False,False
PG 14:0_22:2,PE O-18:2_22:5,0.0,0.0,-3.807573311874768e-06,0.07692307692307693,0.0,False,False
PG 14:0_22:2,PE O-18:2_22:6,0.0,0.0,9.812170340756911e-06,0.7692307692307693,0.0,False,False
PG 14:0_22:2,PE O-18:3_22:6,0.0,0.0,1.0002421622955704e-05,0.9230769230769231,0.0,False,False
PG 14:0_22:2,PE O-20:0_20:4,0.0,0.0,-2.548906458062797e-08,0.8461538461538461,0.0,False,False
PG 14:0_22:2,PE O-20:1_20:4,0.0,0.0,-7.684895041419018e-07,0.38461538461538464,0.0,False,False
PG 14:0_22:2,PE O-20:2_20:4,0.0,0.0,-8.828975203767847e-07,0.38461538461538464,0.0,False,False
PG 14:0_22:2,PE O-20:3_20:4,0.0,0.0,-2.1881161405786937e-08,0.9230769230769231,0.0,False,False
PG 14:0_22:2,PG 14:0_20:0,0.0,0.0,3.922878969859904e-08,0.7692307692307693,0.0,False,False
PG 14:0_22:2,PG 14:0_22:4,0.0,0.0,-3.497557026982173e-06,0.38461538461538464,0.0,False,False
PG 14:0_22:2,PG 14:0_22:3,0.0,0.0,-4.0903145013498547e-07,0.9230769230769231,0.0,False,False
PG 14:0_22:2,PG 16:1_20:1,0.0,0.0,-3.105127011588524e-06,1.0,1.0,True,True
PG 14:0_22:2,PG 14:0_22:1,0.0,0.0,-1.613976983771397e-06,0.8461538461538461,0.0,False,False
PG 14:0_22:2,PG 14:0_22:0,0.0,0.0,-8.26854222964092e-07,0.6923076923076923,0.0,False,False
PG 14:0_22:2,PG 16:0_22:6,0.0,0.0,5.449267307835047e-06,1.0,0.0,False,True
PG 14:0_22:2,PG 16:1_22:4,0.0,0.0,-9.116713120013934e-06,0.07692307692307693,0.0,False,False
PG 14:0_22:2,PG 14:0_24:4,0.0,0.0,9.503468674380321e-07,0.23076923076923078,0.0,False,False
PG 14:0_22:2,PG 16:0_22:4,0.0,0.0,-6.140026505344242e-06,0.15384615384615385,0.0,False,False
PG 14:0_22:2,PG 16:1_22:3,0.0,0.0,1.5667433647001555e-06,0.23076923076923078,0.0,False,False
PG 14:0_22:2,PC 14:0_18:0,0.0,0.0,-2.1523414754178565e-06,1.0,0.0,False,True
PG 14:0_22:2,PC 20:0_14:1,0.0,0.0,9.906528971150015e-07,0.9230769230769231,0.0,False,False
PG 14:0_22:2,PC 16:0_18:1,0.0,0.0,4.555780997318336e-07,1.0,0.0,False,True
PG 14:0_22:2,PC 17:0_17:1,0.0,0.0,1.8925174143953322e-07,1.0,0.0,False,True
PG 16:1_20:1,PA 20:1_20:1,0.0,0.0,0.09242206733032736,0.06666666666666667,0.0,False,False
PG 16:1_20:1,PS 16:0_18:1,7.074135518117704e-06,0.0002921023292244377,-6.105855312936414e-16,0.43333333333333335,0.0,False,False
PG 16:1_20:1,PS 16:0_20:1,5.297273766614874e-06,0.0002187328758128506,-2.895843243049654e-15,0.6666666666666666,0.0,False,False
PG 16:1_20:1,PS 20:0_16:1,4.256645678661977e-05,0.0017576368366648712,-4.0010900808136056e-15,0.8666666666666667,0.0,False,False
PG 16:1_20:1,PS 16:1_20:1,0.0007090414283754745,0.029277450540021215,1.7212892236687144e-14,1.0,0.0,False,True
PG 16:1_20:1,PS 18:0_18:1,9.415293825022764e-05,0.00388772486698615,-6.69692708387663e-14,1.0,0.0,False,True
PG 16:1_20:1,PS 18:1_18:1,0.0,0.0,-3.1815664430305535e-15,0.11666666666666667,0.0,False,False
PG 16:1_20:1,PE 16:0_22:4,0.00023115236662665795,0.009544649593503098,-7.839047658935414e-15,0.75,0.0,False,False
PG 16:1_20:1,PE 16:0_22:6,0.0,0.0,-3.360355804856439e-13,0.13333333333333333,0.0,False,False
PG 16:1_20:1,PE 18:0_20:4,0.0,0.0,-0.0063423912121998586,0.05,0.0,False,False
PG 16:1_20:1,PE 18:1_20:1,0.0,0.0,0.13645554084188746,0.08333333333333333,0.0,False,False
PG 16:1_20:1,PE 18:1_20:3,0.0,0.0,1.0367118810117763e-15,0.4166666666666667,0.0,False,False
PG 16:1_20:1,PE 18:1_20:4,0.0,0.0,-6.854460956298532e-15,0.38333333333333336,0.0,False,False
PG 16:1_20:1,PE 18:1_22:6,0.0,0.0,-3.4804657297673284e-13,0.2,0.0,False,False
PG 16:1_20:1,PE 18:2_22:6,4.294403031256111e-06,0.00017732274492702533,-3.447559297715475e-13,0.26666666666666666,0.0,False,False
PG 16:1_20:1,PE 20:1_18:3,7.427733205121051e-05,0.003067029412310245,-5.614074767192263e-15,1.0,0.0,False,True
PG 16:1_20:1,PE 20:0_20:4,0.0,0.0,-1.3427059836940226e-15,0.16666666666666666,0.0,False,False
PG 16:1_20:1,PE 20:1_20:4,0.0008412150804091279,0.03473511127075647,-1.544449729626482e-17,0.7166666666666667,0.0,False,False
PG 16:1_20:1,PE 20:1_20:5,0.00011553718105866521,0.004770714331500621,-3.4784145074701685e-14,1.0,0.0,False,True
PG 16:1_20:1,PE 20:2_20:4,0.0,0.0,-1.7604434375174483e-14,0.03333333333333333,0.0,False,False
PG 16:1_20:1,PE 20:3_20:4,0.0,0.0,0.0026912442541429304,0.03333333333333333,0.0,False,False
PG 16:1_20:1,PE O-16:0_22:3,0.0,0.0,-1.008525673446093e-14,0.36666666666666664,0.0,False,False
PG 16:1_20:1,PE O-16:0_22:4,0.0,0.0,0.014542596830536145,0.21666666666666667,0.0,False,False
PG 16:1_20:1,PE O-16:1_22:1,0.0,0.0,2.2085631133658695e-15,0.36666666666666664,0.0,False,False
PG 16:1_20:1,PE O-16:1_24:0,7.01458664710546e-05,0.0028964346144040773,-7.336136215725791e-16,0.8666666666666667,0.0,False,False
PG 16:1_20:1,PE O-16:1_24:1,7.979495196341435e-05,0.0032948607316286406,1.4445431377412692e-15,0.8666666666666667,0.0,False,False
PG 16:1_20:1,PE O-16:1_24:4,3.592470290712021e-05,0.0014833882343630756,-1.7633875448145488e-15,0.8833333333333333,0.0,False,False
PG 16:1_20:1,PE O-16:1_24:5,3.7920834693737295e-05,0.0015658116969637658,-1.4737428904420199e-15,0.9833333333333333,0.0,False,False
PG 16:1_20:1,PE O-16:1_24:6,8.389326547885052e-05,0.003464086627949812,-7.258913729244466e-16,1.0,0.0,False,True
PG 16:1_20:1,PE O-18:0_20:3,0.0,0.0,0.06837758854916667,0.11666666666666667,0.0,False,False
PG 16:1_20:1,PE O-18:0_20:4,3.8001488172159995e-05,0.0015691420076210873,7.606414918410425e-16,0.6166666666666667,0.0,False,False
PG 16:1_20:1,PE O-18:0_20:5,0.0,0.0,-0.0010237058584381274,0.016666666666666666,0.0,False,False
PG 16:1_20:1,PE O-18:0_22:5,7.329867464067608e-05,0.0030266190881939312,-1.0948218020889725e-14,0.6833333333333333,0.0,False,False
PG 16:1_20:1,PE O-18:1_20:1,0.0008855802631813388,0.03656702036990233,-3.614012367325968e-15,0.5333333333333333,0.0,False,False
PG 16:1_20:1,PE O-18:1_20:4,0.0,0.0,7.336136215725791e-17,0.06666666666666667,0.0,False,False
PG 16:1_20:1,PE O-18:1_22:6,0.00011960048631907277,0.004938494681180827,-3.2858167997803407e-13,0.9833333333333333,0.0,False,False
PG 16:1_20:1,PE O-20:1_18:2,0.0,0.0,0.12039506213512466,0.016666666666666666,0.0,False,False
PG 16:1_20:1,PE O-18:2_22:4,0.0,0.0,-0.0035765860055046376,0.03333333333333333,0.0,False,False
PG 16:1_20:1,PE O-18:2_22:5,0.0,0.0,-1.2861405123464531e-14,0.1,0.0,False,False
PG 16:1_20:1,PE O-18:2_22:6,0.0001871288345653456,0.007726847796681189,-3.568451100301988e-13,0.9666666666666667,0.0,False,False
PG 16:1_20:1,PE O-18:3_22:0,1.2969571542986811e-05,0.0005355342779406446,-2.4479528214579745e-15,0.9,0.0,False,False
PG 16:1_20:1,PE O-18:3_22:6,0.0,0.0,-3.6774458135649716e-13,0.016666666666666666,0.0,False,False
PG 16:1_20:1,PE O-20:0_20:4,0.0,0.0,-4.2417316378076535e-16,0.03333333333333333,0.0,False,False
PG 16:1_20:1,PE O-20:1_20:4,0.0,0.0,2.794006089002408e-15,0.23333333333333334,0.0,False,False
PG 16:1_20:1,PE O-20:2_20:4,0.0,0.0,-2.181535243097406e-15,0.08333333333333333,0.0,False,False
PG 16:1_20:1,PE O-20:3_20:4,0.0,0.0,-1.388074194501801e-15,0.25,0.0,False,False
PG 16:1_20:1,PG 14:0_20:0,0.0,0.0,-4.633349188879446e-15,0.05,0.0,False,False
PG 16:1_20:1,PG 16:0_20:4,0.0,0.0,-0.00716021121757563,0.016666666666666666,0.0,False,False
PG 16:1_20:1,PG 16:1_20:3,8.5297403825315e-06,0.0003522065737977486,9.751269480429202e-15,0.9833333333333333,0.0,False,False
PG 16:1_20:1,PG 14:0_22:3,0.0,0.0,-2.3514247133563194e-15,0.08333333333333333,0.0,False,False
PG 16:1_20:1,PG 16:1_20:2,0.0,0.0,0.033153360441673344,0.05,0.0,False,False
PG 16:1_20:1,PG 14:0_22:2,0.019131764800137414,0.789981057894863,0.2649678981170639,1.0,1.0,True,True
PG 16:1_20:1,PG 14:0_22:1,0.0,0.0,-1.0075603923650764e-14,0.06666666666666667,0.0,False,False
PG 16:1_20:1,PG 14:0_22:0,0.0,0.0,-8.421112150788394e-15,0.05,0.0,False,False
PG 16:1_20:1,PG 16:1_22:6,0.00027060135409936494,0.011173561154048021,-3.1034945091979346e-13,1.0,0.0,False,True
PG 16:1_20:1,PG 16:1_22:4,4.844054273207463e-05,0.002000187206577554,-5.224101210461576e-15,0.38333333333333336,0.0,False,False
PG 16:1_20:1,PG 18:1_20:4,0.0,0.0,-0.03576498924482795,0.18333333333333332,0.0,False,False
PG 16:1_20:1,PG 16:0_22:4,0.0,0.0,3.6810994024566185e-15,0.48333333333333334,0.0,False,False
PG 16:1_20:1,PG 16:1_22:3,0.00041381684986832503,0.0170871572094254,3.2834035970777995e-15,0.45,0.0,False,False
PG 16:1_20:1,PG 17:0_20:1,0.0001256341703307158,0.005187635109589546,7.691359653539882e-15,0.9833333333333333,0.0,False,False
PG 16:1_20:1,PG 17:0_20:3,0.0,0.0,0.029065424878793693,0.1,0.0,False,False
PG 16:1_20:1,PG 17:1_20:1,0.0,0.0,0.09107742311696546,0.21666666666666667,0.0,False,False
PG 16:1_20:1,PC O-16:1_16:1,4.1129185143672954e-05,0.001698289600022632,0.021184746821631028,1.0,0.0,False,True
PG 16:1_20:1,PC 14:0_20:1,0.0,0.0,-1.0163203181753015e-14,0.43333333333333335,0.0,False,False
PG 16:1_20:1,PC 14:1_17:1,0.0,0.0,2.3591469620044516e-15,0.05,0.0,False,False
PG 16:1_20:1,PC 20:0_14:1,7.628593375883647e-05,0.0031499677778220555,-1.1138861034390496e-14,0.5333333333333333,0.0,False,False
PG 16:1_20:1,PC 14:1_20:1,0.0,0.0,0.06412022152763337,0.15,0.0,False,False
PG 16:1_20:1,PC 16:0_18:1,0.00030718958195776955,0.01268434739107479,-2.093777052973416e-14,0.7833333333333333,0.0,False,False
PG 16:1_20:1,PC 17:0_17:1,4.5744785949829864e-05,0.0018888751129514775,-1.2191752685396966e-14,0.48333333333333334,0.0,False,False
PG 14:0_22:1,PS 14:0_22:0,0.0004145876676648853,0.010056208057289918,1.0811386836738176e-15,1.0,0.0,False,True
PG 14:0_22:1,PS 14:0_22:1,0.000878062537266272,0.021298220498924395,-1.654012966257952e-15,1.0,0.0,False,True
PG 14:0_22:1,PS 14:0_22:2,0.0017381534881953562,0.04216052351785179,3.10127431173366e-16,0.78125,0.0,False,False
PG 14:0_22:1,PS 16:0_18:1,0.0,0.0,-2.4970709668207056e-15,0.046875,0.0,False,False
PG 14:0_22:1,PS 16:0_20:2,0.0,0.0,0.008726549986544338,0.046875,0.0,False,False
PG 14:0_22:1,PS 20:0_16:1,0.00021636508922165572,0.005248135733998228,-7.154467544152234e-15,1.0,0.0,False,True
PG 14:0_22:1,PS 18:0_18:1,6.43483836156658e-05,0.001560829673092201,-9.403968251517379e-15,0.765625,0.0,False,False
PG 14:0_22:1,PS 18:0_18:2,0.00015384978627287597,0.0037317691311073873,1.5980177356294275e-15,0.65625,0.0,False,False
PG 14:0_22:1,PS 18:1_18:1,1.942815738947834e-05,0.000471247960603331,-7.576047020903529e-15,0.515625,0.0,False,False
PG 14:0_22:1,PE 16:0_22:4,0.000680981328457203,0.016517833153760583,5.715820849542454e-15,0.296875,0.0,False,False
PG 14:0_22:1,PE 18:0_22:6,0.00038810766471403246,0.009413911047995686,-3.907497949648587e-14,0.9375,0.0,False,False
PG 14:0_22:1,PE 18:1_20:3,0.0,0.0,1.0283739471200159e-14,0.546875,0.0,False,False
PG 14:0_22:1,PE 18:1_20:4,0.0,0.0,1.820168044834516e-14,0.28125,0.0,False,False
PG 14:0_22:1,PE 18:1_20:5,0.0,0.0,0.15809756228965513,0.265625,0.0,False,False
PG 14:0_22:1,PE 18:1_22:6,0.0,0.0,-3.342417234019721e-14,0.21875,0.0,False,False
PG 14:0_22:1,PE 18:2_22:6,0.000230822892919421,0.005598823160025825,-3.644158840990788e-14,0.9375,0.0,False,False
PG 14:0_22:1,PE 20:0_20:4,0.0,0.0,1.5196244127494928e-14,0.078125,0.0,False,False
PG 14:0_22:1,PE 20:2_20:4,0.000495639157654923,0.012022187053442785,1.8351360007140636e-14,0.9375,0.0,False,False
PG 14:0_22:1,PE 20:3_20:4,0.0,0.0,0.012609699834990223,0.140625,0.0,False,False
PG 14:0_22:1,PE O-16:0_22:3,0.0,0.0,-0.002414590476443324,0.140625,0.0,False,False
PG 14:0_22:1,PE O-16:0_22:4,0.0,0.0,0.04042807968027629,0.203125,0.0,False,False
PG 14:0_22:1,PE O-16:1_22:1,0.001897953677344196,0.04603662518466247,1.7229301731853666e-16,0.953125,0.0,False,False
PG 14:0_22:1,PE O-16:1_24:0,0.0,0.0,5.176866754742906e-16,0.03125,0.0,False,False
PG 14:0_22:1,PE O-16:1_24:1,0.0,0.0,3.7251634799144546e-16,0.03125,0.0,False,False
PG 14:0_22:1,PE O-16:1_24:5,0.0,0.0,-7.169004767488486e-16,0.203125,0.0,False,False
PG 14:0_22:1,PE O-16:1_24:6,0.0,0.0,-2.194885166914366e-16,0.171875,0.0,False,False
PG 14:0_22:1,PE O-18:0_20:3,0.0,0.0,0.009943970087635994,0.046875,0.0,False,False
PG 14:0_22:1,PE O-18:0_20:4,0.0001362995596383438,0.003306072121151693,1.821783291871877e-14,0.796875,0.0,False,False
PG 14:0_22:1,PE O-18:0_20:5,0.0,0.0,0.1375129202698641,0.0625,0.0,False,False
PG 14:0_22:1,PE O-18:0_22:4,0.0,0.0,0.03198443409844518,0.015625,0.0,False,False
PG 14:0_22:1,PE O-18:0_22:5,0.0,0.0,1.7875400546798179e-16,0.15625,0.0,False,False
PG 14:0_22:1,PE O-18:1_20:4,0.0,0.0,2.0844224601468215e-14,0.203125,0.0,False,False
PG 14:0_22:1,PE O-18:1_22:4,0.0,0.0,0.02741874138123401,0.25,0.0,False,False
PG 14:0_22:1,PE O-18:1_22:5,0.0,0.0,0.008218854234155075,0.046875,0.0,False,False
PG 14:0_22:1,PE O-18:1_22:6,0.0011230597061410372,0.02724085385685412,-3.25967620453089e-14,1.0,0.0,False,True
PG 14:0_22:1,PE O-20:1_18:2,0.0,0.0,-0.04014631394763631,0.015625,0.0,False,False
PG 14:0_22:1,PE O-18:2_22:4,0.0,0.0,0.03205831097300051,0.265625,0.0,False,False
PG 14:0_22:1,PE O-18:2_22:5,0.0,0.0,-4.394582423960871e-15,0.421875,0.0,False,False
PG 14:0_22:1,PE O-18:2_22:6,0.0004251437724213797,0.01031225615998375,-3.5527897002440503e-14,0.640625,0.0,False,False
PG 14:0_22:1,PE O-18:3_22:6,0.0005620201445517099,0.013632319402632449,-3.7203446595863276e-14,0.890625,0.0,False,False
PG 14:0_22:1,PE O-20:0_20:4,8.752997903418644e-05,0.0021231207512170678,1.623602786000256e-14,0.890625,0.0,False,False
PG 14:0_22:1,PE O-20:1_20:4,4.1833436897793785e-05,0.0010147087769522539,2.1578623587788477e-14,0.296875,0.0,False,False
PG 14:0_22:1,PE O-20:2_20:4,0.0018200476442606726,0.044146942160517906,1.7871093221365215e-14,1.0,0.0,False,True
PG 14:0_22:1,PE O-20:3_20:4,0.0016003581637988387,0.03881817023643868,1.7835995249282553e-14,0.90625,0.0,False,False
PG 14:0_22:1,PG 14:0_20:0,0.0001876580296079212,0.0045518194016415095,4.419315894220465e-15,0.984375,0.0,False,False
PG 14:0_22:1,PG 14:0_22:4,0.0,0.0,0.04249443032393716,0.28125,0.0,False,False
PG 14:0_22:1,PG 16:1_20:3,0.0,0.0,4.70860705924912e-15,0.015625,0.0,False,False
PG 14:0_22:1,PG 14:0_22:3,0.0,0.0,-1.63893732724258e-15,0.46875,0.0,False,False
PG 14:0_22:1,PG 16:1_20:2,0.0,0.0,-0.02404564236021552,0.03125,0.0,False,False
PG 14:0_22:1,PG 14:0_22:2,0.0,0.0,0.03888791998624781,0.203125,0.0,False,False
PG 14:0_22:1,PG 16:1_20:1,0.0,0.0,-5.552142483089844e-15,0.015625,0.0,False,False
PG 14:0_22:1,PG 16:0_20:1,0.024327769219905516,0.5900925857805598,0.22601016476381688,1.0,1.0,True,True
PG 14:0_22:1,PG 14:0_22:0,2.2601024657047802e-05,0.0005482087963188646,8.356211339949028e-16,0.828125,0.0,False,False
PG 14:0_22:1,PG 16:1_22:6,4.523707882867628e-05,0.0010972672659740183,-3.2649526781862695e-14,0.890625,0.0,False,False
PG 14:0_22:1,PG 16:1_22:4,0.0001643948005258831,0.0039875482233621105,1.8499962734577875e-15,0.359375,0.0,False,False
PG 14:0_22:1,PG 18:1_20:4,0.0,0.0,-0.03634788094760943,0.140625,0.0,False,False
PG 14:0_22:1,PG 14:0_24:4,0.0,0.0,0.09287627214520117,0.1875,0.0,False,False
PG 14:0_22:1,PG 16:1_22:3,0.001377225064716224,0.03340587015167976,2.0265966162092875e-15,0.53125,0.0,False,False
PG 14:0_22:1,PG 17:0_18:1,0.0,0.0,-0.04286270393993578,0.015625,0.0,False,False
PG 14:0_22:1,PC 14:0_18:0,0.00025126283273793626,0.006094612841014649,0.1699578002592039,0.984375,0.0,False,False
PG 14:0_22:1,PC O-16:1_16:1,0.0,0.0,-0.015167228987407784,0.078125,0.0,False,False
PG 14:0_22:1,PC 14:0_20:1,0.0,0.0,-1.895761606183024e-15,0.15625,0.0,False,False
PG 14:0_22:1,PC 14:1_17:1,0.0,0.0,-1.1715925177660494e-15,0.21875,0.0,False,False
PG 14:0_22:1,PC 20:0_14:1,0.0005733885851418735,0.013908071463723744,1.8370742971588974e-15,0.953125,0.0,False,False
PG 14:0_22:1,PC 16:0_18:1,0.0006050962676679393,0.01467717068534929,4.44908018598184e-17,0.671875,0.0,False,False
PG 14:0_22:1,PC 17:0_17:0,0.0,0.0,-0.01700684737109031,0.015625,0.0,False,False
PG 14:0_22:1,PC 17:0_17:1,0.0006978124551229193,0.01692608772761794,1.5770447623786896e-15,0.953125,0.0,False,False
PG 14:0_22:0,PS 14:0_22:0,0.00022675938381888205,0.012418377846389344,-7.97025486162704e-16,1.0,0.0,False,True
PG 14:0_22:0,PS 14:0_22:1,0.00015945941521710097,0.008732724688085674,2.3228991256595304e-15,1.0,0.0,False,True
PG 14:0_22:0,PS 14:0_22:2,2.3054674161519578e-05,0.001262579082909377,4.58573726763674e-16,0.375,0.0,False,False
PG 14:0_22:0,PS 16:0_18:1,0.0,0.0,1.005964408598957e-15,0.1875,0.0,False,False
PG 14:0_22:0,PS 16:0_20:1,0.0,0.0,4.677046195532161e-15,0.421875,0.0,False,False
PG 14:0_22:0,PS 16:0_20:2,0.0,0.0,0.001102302094888152,0.046875,0.0,False,False
PG 14:0_22:0,PS 20:0_16:1,0.0,0.0,3.07853123117631e-15,0.046875,0.0,False,False
PG 14:0_22:0,PS 16:1_20:1,2.323150866572095e-05,0.0012722633466980171,3.4981464820379375e-16,0.640625,0.0,False,False
PG 14:0_22:0,PS 18:0_18:1,0.00035113644474854544,0.019229832843469536,-1.0109014316030804e-14,0.9375,0.0,False,False
PG 14:0_22:0,PS 18:1_18:1,0.00014743394354541084,0.008074155025013303,-1.3810728980093368e-14,0.828125,0.0,False,False
PG 14:0_22:0,PE 16:0_22:4,0.00047008532656850344,0.025744016000827142,4.1555707628849744e-15,0.4375,0.0,False,False
PG 14:0_22:0,PE 16:0_22:6,0.0,0.0,-1.7086538222705952e-14,0.078125,0.0,False,False
PG 14:0_22:0,PE 18:0_22:6,0.0,0.0,-3.114648984877166e-14,0.34375,0.0,False,False
PG 14:0_22:0,PE 18:1_20:3,2.2465754008646477e-05,0.0012303271299512893,-4.256822218484565e-15,0.859375,0.0,False,False
PG 14:0_22:0,PE 18:1_20:5,0.0,0.0,0.024448347399213546,0.109375,0.0,False,False
PG 14:0_22:0,PE 18:1_22:6,0.00029247805427592977,0.016017431907807224,-2.7615877970148683e-14,0.8125,0.0,False,False
PG 14:0_22:0,PE 18:2_22:6,2.892076319968573e-05,0.001583832867117464,-2.2370890243107002e-14,0.4375,0.0,False,False
PG 14:0_22:0,PE 20:1_18:3,0.0,0.0,-3.595948489250367e-15,0.765625,0.0,False,False
PG 14:0_22:0,PE 20:1_20:5,2.8627075484078876e-05,0.001567749188639303,-5.976067876391029e-15,0.5,0.0,False,False
PG 14:0_22:0,PE 20:2_20:4,0.0,0.0,-6.0929433040971686e-15,0.046875,0.0,False,False
PG 14:0_22:0,PE O-16:0_22:3,0.0,0.0,1.3887073389250373e-15,0.09375,0.0,False,False
PG 14:0_22:0,PE O-16:0_22:4,0.0,0.0,0.017037192611260184,0.140625,0.0,False,False
PG 14:0_22:0,PE O-16:1_22:1,3.310265821026637e-05,0.0018128525067051264,1.9803891916873706e-16,0.484375,0.0,False,False
PG 14:0_22:0,PE O-16:1_22:2,2.5480220841199094e-06,0.000139541307921435,5.113299962143621e-16,0.21875,0.0,False,False
PG 14:0_22:0,PE O-16:1_24:0,0.0,0.0,1.1674068362851646e-16,0.03125,0.0,False,False
PG 14:0_22:0,PE O-16:1_24:1,0.0,0.0,-1.1159980076107109e-17,0.03125,0.0,False,False
PG 14:0_22:0,PE O-16:1_24:4,1.429429274836004e-06,7.828206507115095e-05,-2.1609779601916493e-16,0.96875,0.0,False,False
PG 14:0_22:0,PE O-16:1_24:5,4.360757037709178e-05,0.0023881493977699177,-1.1362888804763603e-16,1.0,0.0,False,True
PG 14:0_22:0,PE O-16:1_24:6,1.2159389107243256e-05,0.000665903592486495,8.932042235458817e-16,0.875,0.0,False,False
PG 14:0_22:0,PE O-18:0_20:3,0.0,0.0,-0.014080648470597824,0.046875,0.0,False,False
PG 14:0_22:0,PE O-18:0_20:5,0.0,0.0,0.01758528619091113,0.03125,0.0,False,False
PG 14:0_22:0,PE O-18:0_22:5,0.0021490471957139557,0.11769162376722365,-1.5388597981308422e-15,0.8125,0.0,False,False
PG 14:0_22:0,PE O-18:1_22:4,0.0,0.0,0.01172731286085314,0.265625,0.0,False,False
PG 14:0_22:0,PE O-18:1_22:5,0.0,0.0,0.035493463387686955,0.03125,0.0,False,False
PG 14:0_22:0,PE O-18:1_22:6,0.0006313657080321,0.034576465103901374,-1.5800908517938413e-14,0.90625,0.0,False,False
PG 14:0_22:0,PE O-18:2_22:4,0.0,0.0,0.018765894339310158,0.25,0.0,False,False
PG 14:0_22:0,PE O-18:2_22:5,0.0,0.0,-1.0579661112149539e-15,0.171875,0.0,False,False
PG 14:0_22:0,PE O-18:2_22:6,0.0007019244322718429,0.038440582580372286,-2.1152829144982075e-14,0.53125,0.0,False,False
PG 14:0_22:0,PE O-18:3_22:0,0.00035319244987971963,0.01934242905952483,2.9511045495800327e-15,0.90625,0.0,False,False
PG 14:0_22:0,PE O-20:1_20:4,0.001815987761015457,0.09945177042252433,-1.7791037328601298e-15,1.0,0.0,False,True
PG 14:0_22:0,PE O-20:2_20:4,0.0045811550944459736,0.25088494234567743,-2.3959462679758682e-15,1.0,0.71875,False,True
PG 14:0_22:0,PG 14:0_20:0,2.7398721282584316e-05,0.0015004789114562286,8.603330095035299e-16,0.65625,0.0,False,False
PG 14:0_22:0,PG 14:0_22:4,0.0,0.0,0.005064237894482248,0.078125,0.0,False,False
PG 14:0_22:0,PG 16:1_20:3,1.441555759849368e-05,0.0007894616668541893,3.605586653861551e-15,0.765625,0.0,False,False
PG 14:0_22:0,PG 14:0_22:3,0.0,0.0,-7.513710222149932e-16,0.453125,0.0,False,False
PG 14:0_22:0,PG 16:1_20:2,0.0,0.0,0.001115096194532854,0.03125,0.0,False,False
PG 14:0_22:0,PG 14:0_22:2,0.0,0.0,0.001824686738688992,0.1875,0.0,False,False
PG 14:0_22:0,PG 16:1_20:1,0.0,0.0,2.9690619720661322e-15,0.65625,0.0,False,False
PG 14:0_22:0,PG 14:0_22:1,0.00010191549365875033,0.0055813571519780746,-1.2154232846523923e-16,0.9375,0.0,False,False
PG 14:0_22:0,PG 16:0_20:0,0.003899127084600699,0.2135339785820587,0.7360858120095923,0.9375,0.28125,False,False
PG 14:0_22:0,PG 16:1_22:6,2.8342991014262617e-05,0.0015521914276899818,-1.6364969420012383e-14,0.8125,0.0,False,False
PG 14:0_22:0,PG 16:0_22:6,0.0,0.0,-1.5067190555116535e-14,0.015625,0.0,False,False
PG 14:0_22:0,PG 16:1_22:4,6.952262934254339e-05,0.0038073761954643638,1.910588589029537e-15,0.34375,0.0,False,False
PG 14:0_22:0,PG 18:1_20:4,0.0,0.0,-0.004322944159161937,0.265625,0.0,False,False
PG 14:0_22:0,PG 14:0_24:4,0.0,0.0,0.006598254264321,0.015625,0.0,False,False
PG 14:0_22:0,PG 16:0_22:4,0.0,0.0,1.0590821092225646e-15,0.015625,0.0,False,False
PG 14:0_22:0,PG 16:1_22:3,0.0008203959810111135,0.04492862480166485,6.385537690819831e-16,0.53125,0.0,False,False
PG 14:0_22:0,PG 17:0_20:3,0.0,0.0,-0.0023742505720495007,0.015625,0.0,False,False
PG 14:0_22:0,PC 14:0_18:0,2.8272679056813577e-05,0.001548340824288189,0.014399445915247595,1.0,0.0,False,True
PG 14:0_22:0,PC O-16:1_16:1,1.604355530183954e-05,0.000878618244512518,0.001593099188420888,1.0,0.0,False,True
PG 14:0_22:0,PC 14:0_20:1,0.0009118308960212318,0.049936017676991566,-1.1532317593191774e-15,0.9375,0.0,False,False
PG 14:0_22:0,PC 14:1_17:1,0.00024354660063104737,0.013337722386191226,2.2758243006112244e-15,0.75,0.0,False,False
PG 14:0_22:0,PC 14:1_20:1,0.0,0.0,0.015025350770386425,0.15625,0.0,False,False
PG 14:0_22:0,PC 16:0_18:1,0.0,0.0,-1.1054339134025878e-14,0.265625,0.0,False,False
PG 14:0_22:0,PC 17:0_17:0,0.0,0.0,0.011887068098248943,0.046875,0.0,False,False
PG 14:0_22:0,PC 17:0_17:1,0.0,0.0,-1.816483325217318e-15,0.015625,0.0,False,False
PG 16:1_22:6,PA 20:1_20:1,0.0,0.0,-0.013094185743450032,0.03125,0.0,False,False
PG 16:1_22:6,PA 22:6_22:6,0.0,0.0,0.0882111123349608,0.015625,0.0,False,False
PG 16:1_22:6,PS 14:0_22:0,4.414299785570827e-06,0.00018184257979076294,-9.255999861851452e-17,0.578125,0.0,False,False
PG 16:1_22:6,PS 14:0_22:1,0.0,0.0,1.897229809521119e-15,0.078125,0.0,False,False
PG 16:1_22:6,PS 16:0_18:1,0.00027123912192486815,0.01117341913030522,-2.145655165047531e-15,0.9375,0.0,False,False
PG 16:1_22:6,PS 16:0_20:1,0.0,0.0,2.401556720912809e-16,0.015625,0.0,False,False
PG 16:1_22:6,PS 16:0_20:2,0.0,0.0,0.014374820274288004,0.046875,0.0,False,False
PG 16:1_22:6,PS 20:0_16:1,0.0017628754504266262,0.0726198571296008,1.3927361233571437e-15,1.0,0.0625,False,True
PG 16:1_22:6,PS 16:1_20:1,0.0008204529708068838,0.03379772377403829,1.292504485213491e-15,1.0,0.0,False,True
PG 16:1_22:6,PS 18:0_18:2,1.4392164477822211e-06,5.928705444915184e-05,-9.1868925655856e-16,0.375,0.0,False,False
PG 16:1_22:6,PS 18:1_18:1,0.0,0.0,-7.946239399418034e-15,0.421875,0.0,False,False
PG 16:1_22:6,PE 16:0_22:4,0.0016689002054094682,0.06874864270817717,-7.828407811086614e-15,0.578125,0.0,False,False
PG 16:1_22:6,PE 16:0_22:6,0.0005600616421814024,0.023071168430611636,-5.463341410349898e-14,0.734375,0.0,False,False
PG 16:1_22:6,PE 16:1_22:6,0.004199680865914061,0.1730015721750452,0.20329941460849044,0.875,0.6875,False,False
PG 16:1_22:6,PE 18:0_22:6,0.0012156377896463955,0.05007695954022209,-6.52609696926273e-14,1.0,0.0,False,True
PG 16:1_22:6,PE 18:1_20:1,0.0,0.0,-0.01108176272985355,0.03125,0.0,False,False
PG 16:1_22:6,PE 18:1_20:3,0.0,0.0,-2.326174523839713e-15,0.25,0.0,False,False
PG 16:1_22:6,PE 18:1_20:4,0.0,0.0,-1.784823613000617e-15,0.5,0.0,False,False
PG 16:1_22:6,PE 18:1_20:5,0.0,0.0,0.0034187502901166134,0.09375,0.0,False,False
PG 16:1_22:6,PE 18:1_22:6,0.001321222814403042,0.0544264270031659,-5.829645520198015e-14,0.96875,0.0,False,False
PG 16:1_22:6,PE 18:2_22:6,0.0005729766707107536,0.02360318986547774,-5.4828540587073153e-14,1.0,0.0,False,True
PG 16:1_22:6,PE 20:1_18:3,0.0,0.0,-3.4809230471452883e-15,0.375,0.0,False,False
PG 16:1_22:6,PE 20:1_20:4,0.0001830263231300342,0.007539582806852663,1.2436394769338064e-15,0.5,0.0,False,False
PG 16:1_22:6,PE 20:2_20:4,0.0,0.0,5.336792713139576e-18,0.03125,0.0,False,False
PG 16:1_22:6,PE 20:3_20:4,0.0,0.0,0.0014580465749890789,0.078125,0.0,False,False
PG 16:1_22:6,PE 20:4_20:4,0.0,0.0,0.0045629717926552096,0.015625,0.0,False,False
PG 16:1_22:6,PE O-16:0_22:3,0.0,0.0,-0.1748393634396785,0.15625,0.0,False,False
PG 16:1_22:6,PE O-16:0_22:4,0.0,0.0,0.014107523199779985,0.21875,0.0,False,False
PG 16:1_22:6,PE O-16:1_22:1,6.386440900554391e-05,0.0026308292264927784,-2.828500137963975e-16,0.796875,0.0,False,False
PG 16:1_22:6,PE O-16:1_22:2,1.857325824525767e-05,0.0007651064400921675,4.809784432717042e-16,0.421875,0.0,False,False
PG 16:1_22:6,PE O-16:1_24:0,0.0,0.0,2.719158427884221e-16,0.359375,0.0,False,False
PG 16:1_22:6,PE O-16:1_24:1,0.0,0.0,9.51033138958701e-17,0.359375,0.0,False,False
PG 16:1_22:6,PE O-16:1_24:6,0.0,0.0,-9.147596259865804e-16,0.234375,0.0,False,False
PG 16:1_22:6,PE O-18:0_20:3,0.0,0.0,0.00850986672871624,0.109375,0.0,False,False
PG 16:1_22:6,PE O-18:0_20:4,3.5188086087612966e-05,0.0014495373361334953,2.758454733604018e-15,0.78125,0.0,False,False
PG 16:1_22:6,PE O-18:0_20:5,0.0,0.0,0.00911659962572596,0.015625,0.0,False,False
PG 16:1_22:6,PE O-18:0_22:5,0.00031416018117205085,0.012941508412861867,-9.032521666988731e-16,0.53125,0.0,False,False
PG 16:1_22:6,PE O-18:1_20:1,0.0,0.0,-1.9666081147919338e-15,0.046875,0.0,False,False
PG 16:1_22:6,PE O-18:1_20:4,0.0003251101147460078,0.01339257976423098,1.841860585122296e-15,0.984375,0.0,False,False
PG 16:1_22:6,PE O-18:1_22:4,0.0,0.0,0.008648830148749403,0.21875,0.0,False,False
PG 16:1_22:6,PE O-18:1_22:6,7.79623780639005e-06,0.00032115806905781306,-5.728646718101849e-14,0.1875,0.0,False,False
PG 16:1_22:6,PE O-18:2_22:5,0.0,0.0,-1.5516724813453316e-15,0.03125,0.0,False,False
PG 16:1_22:6,PE O-18:2_22:6,0.0007441648558114446,0.030655112643844924,-5.655932917385323e-14,1.0,0.0,False,True
PG 16:1_22:6,PE O-18:3_22:6,0.000883121305148539,0.03637928192401405,-5.915401108107278e-14,1.0,0.0,False,True
PG 16:1_22:6,PE O-20:0_20:4,4.904758037995154e-05,0.0020204650753305963,1.4317884558260778e-15,1.0,0.0,False,True
PG 16:1_22:6,PE O-20:1_20:4,0.0,0.0,1.779153270742906e-15,0.734375,0.0,False,False
PG 16:1_22:6,PE O-20:2_20:4,0.0003963987981631719,0.01632924440690834,1.2734921611729312e-15,0.984375,0.0,False,False
PG 16:1_22:6,PE O-20:3_20:4,0.000627856498021731,0.025863908407820515,4.437876690520128e-16,0.96875,0.0,False,False
PG 16:1_22:6,PG 16:1_20:3,4.6447369935111865e-05,0.0019133520566738014,2.428240684478507e-15,0.953125,0.0,False,False
PG 16:1_22:6,PG 16:1_20:2,0.0,0.0,0.03889224058168801,0.09375,0.0,False,False
PG 16:1_22:6,PG 14:0_22:2,0.0,0.0,-0.007462712717750527,0.046875,0.0,False,False
PG 16:1_22:6,PG 16:1_20:1,0.0,0.0,-3.0473086392026976e-15,0.265625,0.0,False,False
PG 16:1_22:6,PG 14:0_22:1,0.0,0.0,-6.630714783917494e-15,0.171875,0.0,False,False
PG 16:1_22:6,PG 14:0_22:0,0.0,0.0,-9.378579319481376e-16,0.015625,0.0,False,False
PG 16:1_22:6,PG 16:0_22:6,0.001163956650164378,0.047948007682295415,-4.752947590322106e-14,1.0,0.0,False,True
PG 16:1_22:6,PG 16:1_22:4,0.001130317692545757,0.04656228511428202,-5.592958763370275e-15,0.75,0.015625,False,False
PG 16:1_22:6,PG 16:0_22:4,0.0,0.0,-1.910571791303968e-15,0.125,0.0,False,False
PG 16:1_22:6,PG 16:1_22:3,0.003872982835234192,0.15954357983261824,8.085240960406457e-16,0.796875,0.234375,False,False
PG 16:1_22:6,PG 17:0_20:1,3.5445451161779645e-06,0.0001460139228009413,1.9305847639782416e-15,0.640625,0.0,False,False
PG 16:1_22:6,PG 17:1_20:1,0.0,0.0,0.004793919354414126,0.0625,0.0,False,False
PG 16:1_22:6,PC 14:0_18:0,0.0,0.0,-0.009425564265863932,0.4375,0.0,False,False
PG 16:1_22:6,PC O-16:1_16:1,0.0013775729595247189,0.05674771378889891,0.12132503478560999,1.0,0.0,False,True
PG 16:1_22:6,PC 14:0_20:1,0.0005010666045741196,0.020640927995100724,-1.725743649918439e-15,0.828125,0.0,False,False
PG 16:1_22:6,PC 14:1_17:1,0.0,0.0,2.668396356569788e-17,0.109375,0.0,False,False
PG 16:1_22:6,PC 14:1_20:1,0.0,0.0,0.004509895484109705,0.140625,0.0,False,False
PG 16:1_22:6,PC 16:0_18:1,0.0,0.0,-8.086869620292057e-15,0.5,0.0,False,False
PG 16:1_22:6,PC 17:0_17:1,0.0001322939803436382,0.0054497156616119605,-1.3114357019917478e-15,0.65625,0.0,False,False
PG 16:0_22:6,PA 20:1_20:1,0.0,0.0,0.004366942386291133,0.046875,0.0,False,False
PG 16:0_22:6,PA 22:6_22:6,0.0,0.0,0.03160979851315708,0.015625,0.0,False,False
PG 16:0_22:6,PS 14:0_22:0,1.343444368195456e-05,0.000594323284266703,2.646556170150551e-16,0.71875,0.0,False,False
PG 16:0_22:6,PS 14:0_22:2,0.00037647861872542763,0.01665495158818031,7.923580023095115e-17,0.671875,0.0,False,False
PG 16:0_22:6,PS 16:0_18:1,0.0,0.0,-4.983082161288309e-15,0.03125,0.0,False,False
PG 16:0_22:6,PS 16:0_20:1,0.0011545600015860427,0.05107631609243942,-5.415384844210793e-15,1.0,0.0,False,True
PG 16:0_22:6,PS 16:0_20:2,0.0,0.0,-0.0010557295627198122,0.046875,0.0,False,False
PG 16:0_22:6,PS 18:0_18:2,0.0001280008816140609,0.005662601753438161,-1.4097537046166688e-15,0.6875,0.0,False,False
PG 16:0_22:6,PS 18:1_18:1,0.0,0.0,-9.454676115946174e-15,0.03125,0.0,False,False
PG 16:0_22:6,PE 16:0_22:4,0.0,0.0,-5.208647781679275e-15,0.671875,0.28125,False,False
PG 16:0_22:6,PE 16:0_22:6,0.006721449012544182,0.29734864701038816,-4.578783501670801e-15,0.96875,0.703125,False,False
PG 16:0_22:6,PE 18:0_22:6,0.0009748875764624132,0.04312782873266339,-5.285872520990659e-15,0.984375,0.0,False,False
PG 16:0_22:6,PE 18:1_20:3,0.0,0.0,-3.33705393688398e-15,0.015625,0.0,False,False
PG 16:0_22:6,PE 18:1_22:6,0.00025505377483983974,0.011283265665183086,-7.475917862399435e-15,0.765625,0.0,False,False
PG 16:0_22:6,PE 18:2_22:6,0.0005285605029554559,0.023382867313821193,-2.7519357623358774e-15,1.0,0.0,False,True
PG 16:0_22:6,PE 20:1_18:3,6.207503050974575e-05,0.0027461230905350318,-8.398190400112994e-16,0.671875,0.0,False,False
PG 16:0_22:6,PE 20:0_20:4,0.0005516853271305914,0.024405881126467365,-1.2373655625913606e-14,0.75,0.0,False,False
PG 16:0_22:6,PE 20:1_20:4,0.0004935454157841937,0.02183384287342235,-1.2185420323842108e-14,0.625,0.0,False,False
PG 16:0_22:6,PE 20:1_20:5,0.0,0.0,5.856209397779942e-16,0.171875,0.0,False,False
PG 16:0_22:6,PE 20:3_20:4,0.0,0.0,0.004339732205081127,0.28125,0.0,False,False
PG 16:0_22:6,PE 20:4_20:4,0.0,0.0,0.0028430350431255997,0.015625,0.0,False,False
PG 16:0_22:6,PE 17:0_22:6,0.0,0.0,0.015819206790933727,0.015625,0.0,False,False
PG 16:0_22:6,PE O-16:0_22:3,0.0005463615500574178,0.024170363769013825,-1.7570639254259394e-15,0.546875,0.0,False,False
PG 16:0_22:6,PE O-16:1_22:1,0.0,0.0,-1.8501760460019049e-16,0.375,0.0,False,False
PG 16:0_22:6,PE O-16:1_22:2,0.0,0.0,9.590749525416395e-16,0.234375,0.0,False,False
PG 16:0_22:6,PE O-16:1_24:0,7.087379639220473e-07,3.1353696838852994e-05,1.0042814024156314e-16,0.453125,0.0,False,False
PG 16:0_22:6,PE O-16:1_24:1,6.969115713777434e-07,3.0830511761424065e-05,3.3496733441542637e-18,0.4375,0.0,False,False
PG 16:0_22:6,PE O-16:1_24:4,0.0,0.0,-1.5215561226138626e-16,0.359375,0.0,False,False
PG 16:0_22:6,PE O-16:1_24:5,0.0,0.0,-2.5741579770461284e-16,0.3125,0.0,False,False
PG 16:0_22:6,PE O-16:1_24:6,2.992376756378104e-06,0.00013237907156533896,-2.3680242327904813e-17,0.140625,0.0,False,False
PG 16:0_22:6,PE O-18:0_20:3,0.0,0.0,0.004267709759749875,0.09375,0.0,False,False
PG 16:0_22:6,PE O-18:0_20:4,6.033228482293235e-05,0.002669026162314638,-1.1216491172794591e-14,0.859375,0.0,False,False
PG 16:0_22:6,PE O-18:0_20:5,0.0,0.0,0.003233065972378229,0.03125,0.0,False,False
PG 16:0_22:6,PE O-18:0_22:5,0.0,0.0,-2.3871293115263706e-16,0.328125,0.0,False,False
PG 16:0_22:6,PE O-18:1_20:1,0.0003042335373771287,0.01345891794246188,2.493715540263437e-16,0.453125,0.0,False,False
PG 16:0_22:6,PE O-18:1_20:4,0.0,0.0,-1.3686777853345069e-14,0.71875,0.0,False,False
PG 16:0_22:6,PE O-18:1_22:5,0.0,0.0,-0.0013945889758277662,0.03125,0.0,False,False
PG 16:0_22:6,PE O-18:1_22:6,0.00019860959676144818,0.00878624456870522,-3.6161891925199186e-15,0.890625,0.0,False,False
PG 16:0_22:6,PE O-18:2_22:5,0.0,0.0,-1.286903020692602e-15,0.046875,0.0,False,False
PG 16:0_22:6,PE O-18:2_22:6,0.000980513759513156,0.04337672415905865,-2.706083573369743e-15,1.0,0.0,False,True
PG 16:0_22:6,PE O-18:3_22:6,0.0009176231436244259,0.040594520573304524,-2.984414404637856e-15,1.0,0.0,False,True
PG 16:0_22:6,PE O-20:0_20:4,4.463363444623825e-05,0.001974537155452083,-1.1409162592449212e-14,0.96875,0.0,False,False
PG 16:0_22:6,PE O-20:1_20:4,0.00016457105343411702,0.007280421228277127,-1.1699950217858567e-14,0.765625,0.0,False,False
PG 16:0_22:6,PE O-20:2_20:4,0.00016700586512323305,0.007388134306235846,-1.322815541063775e-14,0.9375,0.0,False,False
PG 16:0_22:6,PE O-20:3_20:4,0.0005156042878923239,0.022809700276147028,-1.3355556119892337e-14,0.703125,0.0,False,False
PG 16:0_22:6,PG 14:0_20:0,7.336366044395333e-05,0.0032455182107350195,-4.3921570483349567e-16,0.890625,0.0,False,False
PG 16:0_22:6,PG 16:0_20:4,0.0,0.0,0.015200106081882646,0.09375,0.0,False,False
PG 16:0_22:6,PG 16:1_20:3,0.0,0.0,1.4117647655362361e-15,0.046875,0.0,False,False
PG 16:0_22:6,PG 16:0_20:3,0.0,0.0,0.00562116617383943,0.03125,0.0,False,False
PG 16:0_22:6,PG 14:0_22:2,0.0,0.0,0.0016315334642305014,0.140625,0.0,False,False
PG 16:0_22:6,PG 14:0_22:1,4.2286431326914176e-06,0.00018706997729937735,-2.4000001014116014e-15,0.078125,0.0,False,False
PG 16:0_22:6,PG 14:0_22:0,0.0,0.0,2.543992063252619e-16,0.3125,0.0,False,False
PG 16:0_22:6,PG 16:1_22:6,0.002329626456267501,0.1030598124776288,-2.8750126906133946e-15,1.0,0.0,False,True
PG 16:0_22:6,PG 16:0_22:5,0.0018390242074982708,0.0813561716972658,0.032701149459292485,0.484375,0.0,False,False
PG 16:0_22:6,PG 16:1_22:4,0.0,0.0,-0.021665031916637954,0.0625,0.0,False,False
PG 16:0_22:6,PG 18:1_20:4,0.0,0.0,-0.005833874754698045,0.53125,0.0,False,False
PG 16:0_22:6,PG 16:0_22:4,0.0015508396703341892,0.06860724180802173,-3.064856841420547e-15,0.921875,0.015625,False,False
PG 16:0_22:6,PG 17:0_20:1,3.104195609523043e-05,0.0013732580025893587,8.510809811608762e-16,0.875,0.0,False,False
PG 16:0_22:6,PG 17:0_20:3,0.0,0.0,0.0019935774313995917,0.0625,0.0,False,False
PG 16:0_22:6,PG 17:1_20:1,0.0,0.0,-0.0004897037431829059,0.1875,0.0,False,False
PG 16:0_22:6,PC 14:0_18:0,1.9633346514398575e-05,0.0008685551302177884,0.003869925234855664,0.703125,0.0,False,False
PG 16:0_22:6,PC 14:1_17:1,0.00014210988078146303,0.006286766543689204,-1.2967320809369872e-15,0.734375,0.0,False,False
PG 16:0_22:6,PC 20:0_14:1,0.0,0.0,1.7146808165460592e-15,0.109375,0.0,False,False
PG 16:0_22:6,PC 14:1_20:1,0.0,0.0,0.005132746447977959,0.09375,0.0,False,False
PG 16:0_22:6,PC 16:0_18:1,0.001451120860291845,0.06419580415637265,-5.4139935985512005e-15,1.0,0.0,False,True
PG 16:0_22:6,PC 17:0_17:0,0.0,0.0,0.005849924303697038,0.03125,0.0,False,False
PG 16:1_22:4,PS 14:0_22:0,0.0,0.0,-2.472962981359947e-14,0.2631578947368421,0.0,False,False
PG 16:1_22:4,PS 14:0_22:1,0.0,0.0,-1.142291887029218e-13,0.42105263157894735,0.0,False,False
PG 16:1_22:4,PS 16:0_18:1,0.0,0.0,-1.1300878308198413e-13,0.47368421052631576,0.0,False,False
PG 16:1_22:4,PS 16:0_20:1,0.0,0.0,-2.0853346133819487e-13,0.21052631578947367,0.0,False,False
PG 16:1_22:4,PS 20:0_16:1,2.4773677507682404e-05,0.01843466627859498,-1.6285383581811104e-13,1.0,0.0,False,True
PG 16:1_22:4,PS 16:1_20:1,1.7673849793269775e-05,0.013151520306014635,-3.887972697330086e-14,0.8947368421052632,0.0,False,False
PG 16:1_22:4,PS 18:0_18:1,0.0,0.0,-4.240911615124953e-13,0.47368421052631576,0.0,False,False
PG 16:1_22:4,PS 18:0_18:2,1.3991458719995672e-05,0.010411367959959662,-7.925389900511543e-14,0.47368421052631576,0.0,False,False
PG 16:1_22:4,PS 18:1_18:1,0.0,0.0,-3.1140847703176047e-13,0.42105263157894735,0.0,False,False
PG 16:1_22:4,PE 16:0_22:4,0.0004641767471539049,0.3454046507795405,1.2019308649333044e-13,1.0,0.3157894736842105,False,True
PG 16:1_22:4,PE 18:0_22:6,1.1282822547364901e-05,0.00839580915174095,-1.2597058471290151e-12,0.8947368421052632,0.0,False,False
PG 16:1_22:4,PE 18:1_20:4,0.0,0.0,6.47010721552377e-14,0.47368421052631576,0.0,False,False
PG 16:1_22:4,PE 18:1_20:5,0.0,0.0,0.03382194838327236,0.05263157894736842,0.0,False,False
PG 16:1_22:4,PE 18:1_22:6,0.0,0.0,-1.1109242279617504e-12,0.42105263157894735,0.0,False,False
PG 16:1_22:4,PE 18:2_22:6,0.0,0.0,-9.421399510424183e-13,0.05263157894736842,0.0,False,False
PG 16:1_22:4,PE 20:1_20:5,0.0,0.0,-1.6382158096468782e-13,0.05263157894736842,0.0,False,False
PG 16:1_22:4,PE 20:2_20:4,0.0,0.0,1.1083100944109522e-13,0.15789473684210525,0.0,False,False
PG 16:1_22:4,PE 20:3_20:4,0.0,0.0,0.015905118751140146,0.05263157894736842,0.0,False,False
PG 16:1_22:4,PE O-16:0_22:3,0.0,0.0,5.359844902475071e-14,0.15789473684210525,0.0,False,False
PG 16:1_22:4,PE O-16:0_22:4,0.0,0.0,0.052472028538352346,0.10526315789473684,0.0,False,False
PG 16:1_22:4,PE O-16:1_22:1,4.449117106309578e-06,0.0033106909163474496,3.875978266019767e-15,0.631578947368421,0.0,False,False
PG 16:1_22:4,PE O-16:1_22:2,1.6405877723817824e-06,0.0012207992969644102,9.783790984097747e-15,0.5263157894736842,0.0,False,False
PG 16:1_22:4,PE O-16:1_24:0,0.0,0.0,-2.661698273340983e-16,0.10526315789473684,0.0,False,False
PG 16:1_22:4,PE O-16:1_24:1,0.0,0.0,6.050950473163517e-16,0.15789473684210525,0.0,False,False
PG 16:1_22:4,PE O-16:1_24:4,0.0,0.0,-3.4391866988783794e-15,0.3684210526315789,0.0,False,False
PG 16:1_22:4,PE O-16:1_24:5,3.8278289130619716e-08,2.84837600562016e-05,-2.7700333929450362e-15,0.42105263157894735,0.0,False,False
PG 16:1_22:4,PE O-16:1_24:6,0.0,0.0,-3.0671870991920033e-14,0.42105263157894735,0.0,False,False
PG 16:1_22:4,PE O-18:0_20:4,0.0,0.0,1.8134580605259876e-13,0.42105263157894735,0.0,False,False
PG 16:1_22:4,PE O-18:0_22:5,1.597470558789343e-05,0.011887147813250573,-2.3023026310062666e-14,0.5263157894736842,0.0,False,False
PG 16:1_22:4,PE O-18:1_22:4,0.0,0.0,0.04028532388342988,0.15789473684210525,0.0,False,False
PG 16:1_22:4,PE O-18:1_22:6,2.3025600638756916e-05,0.017133881859407337,-9.754948819178396e-13,0.8947368421052632,0.0,False,False
PG 16:1_22:4,PE O-18:2_22:4,0.0,0.0,0.041331644741656175,0.15789473684210525,0.0,False,False
PG 16:1_22:4,PE O-18:2_22:5,0.0,0.0,-3.5245025577852093e-14,0.05263157894736842,0.0,False,False
PG 16:1_22:4,PE O-18:2_22:6,1.8818274912419525e-05,0.014003113499872296,-9.72912747399646e-13,0.8421052631578947,0.0,False,False
PG 16:1_22:4,PE O-18:3_22:0,1.8554257586334694e-07,0.00013806652102623884,-2.198371716648971e-15,0.6842105263157895,0.0,False,False
PG 16:1_22:4,PE O-18:3_22:6,1.3402346407212842e-05,0.00997299586589349,-1.0327530207366024e-12,0.5263157894736842,0.0,False,False
PG 16:1_22:4,PE O-20:0_20:4,0.0,0.0,1.69431813877687e-13,0.42105263157894735,0.0,False,False
PG 16:1_22:4,PE O-20:1_20:4,0.0,0.0,1.8861756885891614e-13,0.3684210526315789,0.0,False,False
PG 16:1_22:4,PE O-20:2_20:4,0.0,0.0,1.8186556474271257e-13,0.47368421052631576,0.0,False,False
PG 16:1_22:4,PE O-20:3_20:4,0.0,0.0,1.7821059497954036e-13,0.5789473684210527,0.0,False,False
PG 16:1_22:4,PG 16:1_20:3,1.5745689533278734e-06,0.0011716731671442269,6.368154549386058e-15,1.0,0.0,False,True
PG 16:1_22:4,PG 14:0_22:3,0.0,0.0,1.7042087820078314e-14,0.15789473684210525,0.0,False,False
PG 16:1_22:4,PG 16:1_20:1,0.0,0.0,-2.407729378666441e-14,0.3157894736842105,0.0,False,False
PG 16:1_22:4,PG 14:0_22:1,0.0,0.0,-1.0133406444883713e-13,0.42105263157894735,0.0,False,False
PG 16:1_22:4,PG 14:0_22:0,0.0,0.0,-3.67285035058853e-14,0.3684210526315789,0.0,False,False
PG 16:1_22:4,PG 16:1_22:6,0.00011251508319930041,0.08372507511023512,-8.724393944568733e-13,1.0,0.0,False,True
PG 16:1_22:4,PG 16:0_22:6,1.7265265934767945e-05,0.01284748360916306,-8.705513821209898e-13,0.3157894736842105,0.0,False,False
PG 16:1_22:4,PG 16:0_22:5,0.0,0.0,0.5915099477958048,0.3684210526315789,0.15789473684210525,False,False
PG 16:1_22:4,PG 18:1_20:4,0.0003081490637031715,0.22930084367441572,0.4882145992207504,0.5263157894736842,0.5263157894736842,False,False
PG 16:1_22:4,PG 16:0_22:4,0.0,0.0,6.952105658919924e-14,0.2631578947368421,0.0,False,False
PG 16:1_22:4,PG 16:1_22:3,0.00015533443261201026,0.1155879431258971,7.349920964045506e-15,0.7368421052631579,0.0,False,False
PG 16:1_22:4,PG 17:0_20:1,0.0,0.0,-9.748807226109316e-15,0.05263157894736842,0.0,False,False
PG 16:1_22:4,PC 14:0_18:0,0.0,0.0,-0.04932972573341283,0.05263157894736842,0.0,False,False
PG 16:1_22:4,PC O-16:1_16:1,1.481094751413451e-05,0.011021168520829681,0.03451669127088679,1.0,0.0,False,True
PG 16:1_22:4,PC 14:0_20:1,7.176256250860692e-05,0.05340018213818835,-1.4885117020993232e-13,1.0,0.0,False,True
PG 16:1_22:4,PC 20:0_14:1,2.5963662035236035e-05,0.01932016128172239,-7.566001199398651e-14,1.0,0.0,False,True
PG 16:1_22:4,PC 17:0_17:1,2.705503161190906e-05,0.020132274619612565,-7.343387972830876e-14,1.0,0.0,False,True
PG 18:1_20:4,PA 20:1_20:1,0.0,0.0,1.5964166285565733e-08,0.1,0.0,False,False
PG 18:1_20:4,PS 14:0_22:0,0.0,0.0,1.3941497911781965e-07,0.9,0.0,False,False
PG 18:1_20:4,PS 14:0_22:1,0.0,0.0,-5.841419621313751e-06,0.8666666666666667,0.0,False,False
PG 18:1_20:4,PS 14:0_22:2,0.0,0.0,-1.3578438300231497e-06,0.23333333333333334,0.0,False,False
PG 18:1_20:4,PS 16:0_18:1,0.0,0.0,-1.305471606476791e-07,0.8666666666666667,0.0,False,False
PG 18:1_20:4,PS 16:0_20:1,0.0,0.0,-8.05958833278435e-06,0.1,0.0,False,False
PG 18:1_20:4,PS 16:1_20:1,0.0,0.0,-9.594411882022113e-07,0.3333333333333333,0.0,False,False
PG 18:1_20:4,PS 18:0_18:1,0.0,0.0,-7.327065814489971e-06,1.0,0.0,False,True
PG 18:1_20:4,PS 18:1_18:1,0.0,0.0,-3.7143801407453766e-06,1.0,0.0,False,True
PG 18:1_20:4,PE 16:0_22:6,0.0,0.0,9.441815173575505e-06,0.6333333333333333,0.0,False,False
PG 18:1_20:4,PE 18:0_20:4,0.0,0.0,-1.3975934516530537e-07,0.26666666666666666,0.0,False,False
PG 18:1_20:4,PE 18:0_22:6,0.0,0.0,7.789151876111003e-06,0.03333333333333333,0.0,False,False
PG 18:1_20:4,PE 18:1_20:1,0.0,0.0,1.26119016850893e-07,0.16666666666666666,0.0,False,False
PG 18:1_20:4,PE 18:1_20:3,0.0,0.0,-2.9824307516521894e-06,1.0,0.0,False,True
PG 18:1_20:4,PE 18:1_20:4,0.0,0.0,1.0141797670868855e-07,1.0,0.0,False,True
PG 18:1_20:4,PE 18:1_20:5,0.0,0.0,2.133421842337639e-07,0.1,0.0,False,False
PG 18:1_20:4,PE 18:1_22:6,0.0,0.0,9.801738433562424e-06,1.0,0.0,False,True
PG 18:1_20:4,PE 18:2_22:6,0.0,0.0,7.741439450748265e-06,0.9,0.0,False,False
PG 18:1_20:4,PE 20:1_18:3,0.0,0.0,3.9585870075862626e-08,1.0,0.0,False,True
PG 18:1_20:4,PE 20:0_20:4,0.0,0.0,6.232348373412153e-07,1.0,0.0,False,True
PG 18:1_20:4,PE 20:1_20:4,0.0,0.0,-2.6194237933733366e-08,0.8666666666666667,0.0,False,False
PG 18:1_20:4,PE 20:1_20:5,0.0,0.0,4.384918036809946e-08,0.8,0.0,False,False
PG 18:1_20:4,PE 20:2_20:4,0.0,0.0,-8.818419286548997e-08,1.0,0.0,False,True
PG 18:1_20:4,PE O-16:0_22:3,0.0,0.0,4.1079906095678875e-07,0.26666666666666666,0.0,False,False
PG 18:1_20:4,PE O-16:1_22:2,0.0,0.0,3.8561602888448356e-09,0.5333333333333333,0.0,False,False
PG 18:1_20:4,PE O-16:1_24:0,0.0,0.0,1.042637517394599e-08,0.8666666666666667,0.0,False,False
PG 18:1_20:4,PE O-16:1_24:1,0.0,0.0,8.911001141271715e-09,0.9,0.0,False,False
PG 18:1_20:4,PE O-16:1_24:4,0.0,0.0,-1.5846614213403845e-08,0.8,0.0,False,False
PG 18:1_20:4,PE O-16:1_24:5,0.0,0.0,-1.695989298785871e-07,0.1,0.0,False,False
PG 18:1_20:4,PE O-16:1_24:6,0.0,0.0,-8.097980774187855e-08,0.9333333333333333,0.0,False,False
PG 18:1_20:4,PE O-18:0_20:4,0.0,0.0,2.3005374997648287e-07,1.0,0.0,False,True
PG 18:1_20:4,PE O-18:0_22:5,0.0,0.0,-4.001606771045966e-06,0.03333333333333333,0.0,False,False
PG 18:1_20:4,PE O-18:1_20:1,0.0,0.0,-7.324249756060361e-07,0.4666666666666667,0.0,False,False
PG 18:1_20:4,PE O-18:1_20:4,0.0,0.0,-1.4446942759781947e-06,1.0,0.0,False,True
PG 18:1_20:4,PE O-18:1_22:5,0.0,0.0,-6.120849326571443e-06,0.03333333333333333,0.0,False,False
PG 18:1_20:4,PE O-18:1_22:6,0.0,0.0,8.80546067549811e-06,0.03333333333333333,0.0,False,False
PG 18:1_20:4,PE O-18:2_22:5,0.0,0.0,-3.807573311874768e-06,0.7,0.0,False,False
PG 18:1_20:4,PE O-18:2_22:6,0.0,0.0,9.812170340756911e-06,0.3333333333333333,0.0,False,False
PG 18:1_20:4,PE O-20:0_20:4,0.0,0.0,-2.548906458062797e-08,1.0,0.0,False,True
PG 18:1_20:4,PE O-20:1_20:4,0.0,0.0,-7.684895041419018e-07,0.9666666666666667,0.0,False,False
PG 18:1_20:4,PE O-20:2_20:4,0.0,0.0,-8.828975203767847e-07,0.9,0.0,False,False
PG 18:1_20:4,PE O-20:3_20:4,0.0,0.0,-2.1881161405786937e-08,0.9,0.0,False,False
PG 18:1_20:4,PG 14:0_20:0,0.0,0.0,3.922878969859904e-08,0.9,0.0,False,False
PG 18:1_20:4,PG 14:0_22:4,0.0,0.0,-3.497557026982173e-06,0.1,0.03333333333333333,False,False
PG 18:1_20:4,PG 14:0_22:3,0.0,0.0,-4.0903145013498547e-07,0.7333333333333333,0.0,False,False
PG 18:1_20:4,PG 14:0_22:2,0.0,0.0,-3.1577624409712797e-06,0.03333333333333333,0.0,False,False
PG 18:1_20:4,PG 16:1_20:1,0.0,0.0,-3.105127011588524e-06,0.5666666666666667,0.0,False,False
PG 18:1_20:4,PG 14:0_22:1,0.0,0.0,-1.613976983771397e-06,0.9,0.0,False,False
PG 18:1_20:4,PG 14:0_22:0,0.0,0.0,-8.26854222964092e-07,0.5,0.0,False,False
PG 18:1_20:4,PG 16:0_22:6,0.0,0.0,5.449267307835047e-06,1.0,0.0,False,True
PG 18:1_20:4,PG 16:1_22:4,0.0,0.0,-9.116713120013934e-06,1.0,0.9666666666666667,False,True
PG 18:1_20:4,PG 16:0_22:4,0.0,0.0,-6.140026505344242e-06,1.0,0.0,False,True
PG 18:1_20:4,PG 17:0_20:1,0.0,0.0,-1.8981904797655935e-07,0.8666666666666667,0.0,False,False
PG 18:1_20:4,PG 17:1_20:1,0.0,0.0,7.732726023880922e-07,0.3333333333333333,0.0,False,False
PG 18:1_20:4,PC 14:0_18:0,0.0,0.0,-2.1523414754178565e-06,0.9666666666666667,0.0,False,False
PG 18:1_20:4,PC 14:1_17:1,0.0,0.0,-2.1658257171220664e-06,0.9,0.0,False,False
PG 18:1_20:4,PC 14:1_20:1,0.0,0.0,3.489194930380844e-08,0.23333333333333334,0.0,False,False
PG 18:1_20:4,PC 16:0_18:1,0.0,0.0,4.555780997318336e-07,1.0,0.0,False,True
PG 16:0_22:4,PA 20:1_20:1,0.0,0.0,0.00813498313619683,0.046875,0.0,False,False
PG 16:0_22:4,PA 22:6_22:6,0.0,0.0,0.028981777789583614,0.015625,0.0,False,False
PG 16:0_22:4,PS 14:0_22:0,0.0,0.0,-9.935546150811585e-16,0.078125,0.0,False,False
PG 16:0_22:4,PS 14:0_22:1,0.0,0.0,-5.6813805820025454e-15,0.078125,0.0,False,False
PG 16:0_22:4,PS 14:0_22:2,0.0,0.0,-1.057959624701804e-15,0.1875,0.0,False,False
PG 16:0_22:4,PS 16:0_20:1,0.0005166931606616666,0.016832484704832566,-1.669614001069075e-14,1.0,0.0,False,True
PG 16:0_22:4,PS 16:0_20:2,0.0,0.0,0.0025441551395365405,0.046875,0.0,False,False
PG 16:0_22:4,PS 16:1_20:1,0.0,0.0,-1.1051899650902776e-15,0.453125,0.0,False,False
PG 16:0_22:4,PS 18:0_18:1,2.5526877989824615e-05,0.0008315975825490113,-2.5049684441853875e-14,0.515625,0.0,False,False
PG 16:0_22:4,PS 18:0_18:2,0.0,0.0,-9.19961157421301e-15,0.421875,0.0,False,False
PG 16:0_22:4,PS 18:1_18:1,4.161784871591079e-05,0.0013557984802073195,-8.831161248341566e-15,0.40625,0.0,False,False
PG 16:0_22:4,PE 16:0_22:4,0.009555147363147595,0.3112812092125213,-1.2841500184895112e-14,1.0,0.515625,False,True
PG 16:0_22:4,PE 16:0_22:6,0.0,0.0,-7.019115568496434e-14,0.25,0.0,False,False
PG 16:0_22:4,PE 18:0_22:6,0.00032191690955152286,0.010487194081133086,-9.159594594902048e-14,1.0,0.0,False,True
PG 16:0_22:4,PE 18:1_20:3,0.0,0.0,-2.407888626350535e-15,0.015625,0.0,False,False
PG 16:0_22:4,PE 18:1_20:4,0.0,0.0,8.106014510854448e-15,0.171875,0.0,False,False
PG 16:0_22:4,PE 18:1_20:5,0.0,0.0,0.010817327971036624,0.078125,0.0,False,False
PG 16:0_22:4,PE 18:1_22:6,0.0005423180439636556,0.017667275038986584,-7.037921831305662e-14,0.640625,0.0,False,False
PG 16:0_22:4,PE 18:2_22:6,0.00025801457238351297,0.008405426419246206,-6.7742262535822e-14,0.984375,0.0,False,False
PG 16:0_22:4,PE 20:0_20:4,0.0002584563894837827,0.008419819641662968,1.1088825189751943e-14,0.75,0.0,False,False
PG 16:0_22:4,PE 20:1_20:4,0.000529337097221087,0.017244390425575556,1.126314808245849e-14,0.65625,0.0,False,False
PG 16:0_22:4,PE 20:1_20:5,1.3120796599413315e-05,0.0004274405486459713,-6.139085517039933e-15,0.59375,0.0,False,False
PG 16:0_22:4,PE 20:2_20:4,0.0,0.0,7.821344368331194e-15,0.15625,0.0,False,False
PG 16:0_22:4,PE 20:3_20:4,0.0,0.0,0.012883455942302608,0.25,0.0,False,False
PG 16:0_22:4,PE 20:4_20:4,0.0,0.0,0.003565437548440008,0.015625,0.0,False,False
PG 16:0_22:4,PE O-16:0_22:4,0.0,0.0,0.03701537979112059,0.265625,0.0,False,False
PG 16:0_22:4,PE O-16:1_22:1,5.7076410031255565e-06,0.00018593971664489621,-1.2382936516396115e-15,0.546875,0.0,False,False
PG 16:0_22:4,PE O-16:1_22:2,0.0,0.0,1.5886569039759232e-16,0.109375,0.0,False,False
PG 16:0_22:4,PE O-16:1_24:0,4.045307277422282e-05,0.0013178531874964336,1.3890013741519223e-16,0.96875,0.0,False,False
PG 16:0_22:4,PE O-16:1_24:1,4.650874049573939e-05,0.0015151306861369111,1.4187886911014708e-16,0.96875,0.0,False,False
PG 16:0_22:4,PE O-16:1_24:4,0.0,0.0,-0.17973020814564303,0.03125,0.0,False,False
PG 16:0_22:4,PE O-16:1_24:5,0.0,0.0,-3.550862863751591e-16,0.234375,0.0,False,False
PG 16:0_22:4,PE O-16:1_24:6,3.506102814290757e-05,0.0011421947586754268,-8.052773036234714e-16,0.921875,0.0,False,False
PG 16:0_22:4,PE O-18:0_20:3,0.0,0.0,0.030566414844012298,0.078125,0.0,False,False
PG 16:0_22:4,PE O-18:0_20:4,0.0,0.0,1.1185862070913717e-14,0.53125,0.0,False,False
PG 16:0_22:4,PE O-18:0_20:5,0.0,0.0,-0.0017585099610004542,0.015625,0.0,False,False
PG 16:0_22:4,PE O-18:0_22:5,0.0004059155641481086,0.013223646150506183,-1.934726489004192e-15,0.65625,0.0,False,False
PG 16:0_22:4,PE O-18:1_20:1,0.00026303628887848355,0.008569020545371956,7.814474500638325e-16,0.453125,0.0,False,False
PG 16:0_22:4,PE O-18:1_20:4,0.0,0.0,1.2235449044364837e-14,0.453125,0.0,False,False
PG 16:0_22:4,PE O-18:1_22:4,0.0,0.0,0.028734570059780883,0.25,0.0,False,False
PG 16:0_22:4,PE O-18:1_22:6,0.00019399015011359322,0.006319681550446127,-6.529980988764171e-14,0.609375,0.0,False,False
PG 16:0_22:4,PE O-20:1_18:2,0.0,0.0,-0.02086750449468121,0.015625,0.0,False,False
PG 16:0_22:4,PE O-18:2_22:4,0.0,0.0,0.025465749903936935,0.203125,0.0,False,False
PG 16:0_22:4,PE O-18:2_22:5,0.0,0.0,-2.718106089356644e-15,0.03125,0.0,False,False
PG 16:0_22:4,PE O-18:2_22:6,0.0007832955256545197,0.02551767849618774,-6.908188673593143e-14,0.984375,0.0,False,False
PG 16:0_22:4,PE O-18:3_22:0,0.0,0.0,2.2419652203153466e-16,0.578125,0.0,False,False
PG 16:0_22:4,PE O-18:3_22:6,0.0006644457869437095,0.021645871084490603,-7.2710679661324e-14,1.0,0.0,False,True
PG 16:0_22:4,PE O-20:0_20:4,1.5912635318033296e-05,0.0005183912058394033,1.0402136125913176e-14,0.921875,0.0,False,False
PG 16:0_22:4,PE O-20:1_20:4,0.0,0.0,1.1833347100966607e-14,0.53125,0.0,False,False
PG 16:0_22:4,PE O-20:2_20:4,0.00020328871586141467,0.00662260401515739,1.1244577971351206e-14,0.953125,0.0,False,False
PG 16:0_22:4,PE O-20:3_20:4,0.00014803083032583278,0.004822449525192845,1.131982449092466e-14,0.765625,0.0,False,False
PG 16:0_22:4,PG 14:0_20:0,0.0,0.0,7.153249735199698e-16,0.40625,0.0,False,False
PG 16:0_22:4,PG 14:0_22:4,0.0,0.0,0.002136030850377919,0.03125,0.0,False,False
PG 16:0_22:4,PG 16:0_20:4,0.0,0.0,0.004353656798694061,0.078125,0.0,False,False
PG 16:0_22:4,PG 16:1_20:3,9.090693688396448e-06,0.0002961505475905627,7.755168220945981e-16,0.5,0.0,False,False
PG 16:0_22:4,PG 16:0_20:3,0.0,0.0,0.11371605216361108,0.21875,0.0,False,False
PG 16:0_22:4,PG 16:1_20:2,0.0010836492820966688,0.035302402576679257,0.1038117382411945,0.53125,0.0,False,False
PG 16:0_22:4,PG 16:1_20:1,0.0,0.0,-4.2163812964982615e-16,0.359375,0.0,False,False
PG 16:0_22:4,PG 14:0_22:1,0.0,0.0,-7.740623422939985e-15,0.171875,0.0,False,False
PG 16:0_22:4,PG 16:0_22:6,0.0003998458362010817,0.013025910607229414,-6.274250163897128e-14,1.0,0.0,False,True
PG 16:0_22:4,PG 16:0_22:5,0.0,0.0,0.023514936455972718,0.015625,0.0,False,False
PG 16:0_22:4,PG 16:1_22:4,0.00012189671298468326,0.0039710697046125435,-7.283777221364207e-15,0.25,0.0,False,False
PG 16:0_22:4,PG 18:1_20:4,0.0,0.0,0.0035811211302142795,0.4375,0.0,False,False
PG 16:0_22:4,PG 14:0_24:4,0.0034278528793404987,0.11167030174741756,0.1775002444902422,0.90625,0.0,False,False
PG 16:0_22:4,PG 16:1_22:3,0.010270347237095663,0.33458051304637243,-6.045483569724595e-16,1.0,0.484375,False,True
PG 16:0_22:4,PG 17:0_20:1,4.962318194802798e-05,0.0016165908797315224,4.952745239827642e-16,0.890625,0.0,False,False
PG 16:0_22:4,PG 17:0_20:3,0.0,0.0,0.012369405219603355,0.046875,0.0,False,False
PG 16:0_22:4,PG 17:1_20:1,0.0,0.0,0.00878608864314911,0.1875,0.0,False,False
PG 16:0_22:4,PC 14:0_18:0,0.0,0.0,-0.04317493105432835,0.078125,0.0,False,False
PG 16:0_22:4,PC 14:0_20:1,0.0,0.0,2.965636009665325e-15,0.046875,0.0,False,False
PG 16:0_22:4,PC 14:1_17:1,0.0,0.0,-3.5757661341382405e-15,0.109375,0.0,False,False
PG 16:0_22:4,PC 20:0_14:1,0.00025197192917989636,0.008208573224651204,1.789600533992338e-15,0.984375,0.0,False,False
PG 16:0_22:4,PC 16:0_18:1,6.096574023453302e-05,0.001986101168249325,-6.941846999975096e-15,0.828125,0.0,False,False
PG 16:0_22:4,PC 17:0_17:1,0.000153152179167948,0.004989289407382545,1.6277997194583876e-15,0.84375,0.0,False,False
PG 16:1_22:3,PS 14:0_22:0,1.1875617572341957e-06,0.00040320441093366025,1.2382072677683276e-14,0.6774193548387096,0.0,False,False
PG 16:1_22:3,PS 14:0_22:1,7.031086995436253e-07,0.00023872150420376986,1.1538691593172769e-13,0.8387096774193549,0.0,False,False
PG 16:1_22:3,PS 16:0_18:1,1.2075727853687324e-05,0.00409998613224204,1.4220196534828771e-15,1.0,0.0,False,True
PG 16:1_22:3,PS 20:0_16:1,6.163985628863076e-05,0.02092814272057395,8.84054622840172e-14,1.0,0.0,False,True
PG 16:1_22:3,PS 16:1_20:1,2.8542283525442164e-05,0.009690758855674308,6.787395148332993e-14,1.0,0.0,False,True
PG 16:1_22:3,PS 18:0_18:1,0.0,0.0,-1.2415334798756075e-13,0.0967741935483871,0.0,False,False
PG 16:1_22:3,PS 18:0_18:2,1.0966386724122618e-05,0.003723339415601089,2.3281393775060943e-14,0.7419354838709677,0.0,False,False
PG 16:1_22:3,PS 18:1_18:1,0.0,0.0,-1.2150149121161983e-13,0.16129032258064516,0.0,False,False
PG 16:1_22:3,PE 16:0_22:6,0.0001305672929035502,0.04433058584253199,-8.461933534672647e-13,0.967741935483871,0.0,False,False
PG 16:1_22:3,PE 18:0_20:4,0.0,0.0,0.08397961589475846,0.5806451612903226,0.0,False,False
PG 16:1_22:3,PE 18:1_20:3,1.2005086090491335e-05,0.004076001635988902,-5.684458416854717e-14,0.9032258064516129,0.0,False,False
PG 16:1_22:3,PE 18:1_20:4,5.2893564446591934e-05,0.017958576356095875,-2.624098602768643e-13,0.4838709677419355,0.0,False,False
PG 16:1_22:3,PE 18:1_22:6,0.0,0.0,-9.360501402759296e-13,0.06451612903225806,0.0,False,False
PG 16:1_22:3,PE 20:1_18:3,3.7370703160875124e-05,0.012688209486680032,-1.2767061911642778e-14,1.0,0.0,False,True
PG 16:1_22:3,PE 20:1_20:4,0.0,0.0,-2.3454482887365267e-13,0.03225806451612903,0.0,False,False
PG 16:1_22:3,PE 20:1_20:5,4.687505909168471e-06,0.0015915155968445345,-1.2663998645897977e-13,0.9354838709677419,0.0,False,False
PG 16:1_22:3,PE 20:2_20:4,7.999738350701613e-06,0.0027160943586043394,-2.8925324709812885e-13,0.9354838709677419,0.0,False,False
PG 16:1_22:3,PE 20:3_20:4,0.0,0.0,-0.01632513222872198,0.03225806451612903,0.0,False,False
PG 16:1_22:3,PE O-16:0_22:3,0.0005252464697321373,0.17833320425925958,-5.902968519034585e-14,0.8387096774193549,0.0,False,False
PG 16:1_22:3,PE O-16:1_22:2,0.0,0.0,2.133169918904019e-15,0.6774193548387096,0.0,False,False
PG 16:1_22:3,PE O-16:1_22:3,0.0,0.0,0.10387580462063795,0.0967741935483871,0.0,False,False
PG 16:1_22:3,PE O-16:1_24:0,0.0,0.0,-6.2345723295496064e-15,0.06451612903225806,0.0,False,False
PG 16:1_22:3,PE O-16:1_24:1,0.0,0.0,-1.441390438595818e-15,0.06451612903225806,0.0,False,False
PG 16:1_22:3,PE O-16:1_24:4,0.0,0.0,-7.628254578327941e-15,0.06451612903225806,0.0,False,False
PG 16:1_22:3,PE O-16:1_24:5,0.0,0.0,-3.0018299657610888e-15,0.06451612903225806,0.0,False,False
PG 16:1_22:3,PE O-16:1_24:6,6.160179528216791e-07,0.00020915220137308777,-2.0500801542725513e-14,0.9032258064516129,0.0,False,False
PG 16:1_22:3,PE O-18:0_22:5,0.0,0.0,-3.680716785165099e-14,0.06451612903225806,0.0,False,False
PG 16:1_22:3,PE O-18:1_20:1,0.0,0.0,-1.3402219247046784e-14,0.03225806451612903,0.0,False,False
PG 16:1_22:3,PE O-18:1_20:4,1.224249377299036e-05,0.004156606980671004,-2.4870853785064534e-13,0.3548387096774194,0.0,False,False
PG 16:1_22:3,PE O-18:1_22:6,0.0,0.0,-9.197098190151114e-13,0.41935483870967744,0.0,False,False
PG 16:1_22:3,PE O-18:2_22:5,2.8582082501596353e-05,0.00970427151944801,-4.7668258419553916e-14,0.9354838709677419,0.0,False,False
PG 16:1_22:3,PE O-18:2_22:6,0.0,0.0,-9.193982323977435e-13,0.03225806451612903,0.0,False,False
PG 16:1_22:3,PE O-18:3_22:0,6.294863728532711e-07,0.00021372503839142752,-6.789367531567934e-15,0.9032258064516129,0.0,False,False
PG 16:1_22:3,PE O-20:1_20:4,1.8012011317958265e-05,0.00611549030519645,-2.1486194220151821e-13,0.4838709677419355,0.0,False,False
PG 16:1_22:3,PE O-20:2_20:4,0.0,0.0,-2.223717289513677e-13,0.03225806451612903,0.0,False,False
PG 16:1_22:3,PE O-20:3_20:4,0.0,0.0,-2.2363680057813345e-13,0.06451612903225806,0.0,False,False
PG 16:1_22:3,PG 14:0_20:0,0.0,0.0,-6.884865833766061e-15,0.5161290322580645,0.0,False,False
PG 16:1_22:3,PG 16:1_20:3,3.8124951509867916e-06,0.0012944294072934816,4.3924225635859553e-14,0.5161290322580645,0.0,False,False
PG 16:1_22:3,PG 14:0_22:3,1.4406126781719465e-05,0.00489120993285179,-4.813613768313376e-15,1.0,0.0,False,True
PG 16:1_22:3,PG 14:0_22:2,0.0,0.0,-0.002414419333000091,0.16129032258064516,0.0,False,False
PG 16:1_22:3,PG 16:1_20:1,1.2227984946457798e-05,0.004151680901820987,-3.050353090028294e-14,0.8387096774193549,0.0,False,False
PG 16:1_22:3,PG 14:0_22:1,5.71774915893164e-06,0.0019413067720054729,-9.647800242773485e-14,1.0,0.0,False,True
PG 16:1_22:3,PG 14:0_22:0,4.160956438429772e-06,0.0014127399939057146,2.454243949300855e-16,1.0,0.0,False,True
PG 16:1_22:3,PG 16:1_22:6,0.0002703438601263618,0.09178793120254142,-7.55461727309836e-13,1.0,0.0,False,True
PG 16:1_22:3,PG 16:1_22:4,2.301701063234891e-05,0.007814802183495916,-8.204315317312872e-14,0.5483870967741935,0.0,False,False
PG 16:1_22:3,PG 18:1_20:4,0.0,0.0,-0.031191799462278843,0.41935483870967744,0.0,False,False
PG 16:1_22:3,PG 14:0_24:4,0.0,0.0,0.04789394160243084,0.03225806451612903,0.0,False,False
PG 16:1_22:3,PG 16:0_22:4,0.0015673162600220725,0.5321397607487308,-5.744378920194717e-14,1.0,1.0,True,True
PG 16:1_22:3,PG 17:0_20:1,3.857792688364073e-07,0.0001309808958515718,6.107771806075429e-14,0.5806451612903226,0.0,False,False
PG 16:1_22:3,PC 14:0_18:0,3.143797563038772e-06,0.0010673912634673586,0.033992044585237455,0.5806451612903226,0.0,False,False
PG 16:1_22:3,PC O-16:1_16:1,4.46907530970795e-05,0.01517353406416237,0.09440096633566278,1.0,0.0,False,True
PG 16:1_22:3,PC 14:0_20:1,0.0,0.0,-5.4908402904373396e-15,0.06451612903225806,0.0,False,False
PG 16:1_22:3,PC 14:1_17:1,2.53487063226962e-06,0.0008606466264606628,6.149441522773121e-14,0.6451612903225806,0.0,False,False
PG 16:1_22:3,PC 14:1_20:1,0.0,0.0,0.017055378762592718,0.03225806451612903,0.0,False,False
PG 16:1_22:3,PC 16:0_18:1,4.7584416485883796e-05,0.01615599904757548,-1.6795918576696772e-13,0.967741935483871,0.0,False,False
PG 17:0_20:1,PA 20:1_20:1,0.0,0.0,0.008106973989904927,0.04838709677419355,0.0,False,False
PG 17:0_20:1,PS 14:0_22:0,0.0004756121903372315,0.15385186628744088,-1.8400455854514757e-15,1.0,0.0,False,True
PG 17:0_20:1,PS 14:0_22:1,0.0007376108445180732,0.23860365089148847,-5.584699759352725e-15,1.0,0.6935483870967742,False,True
PG 17:0_20:1,PS 16:0_18:1,3.272595049685131e-05,0.010586247918500493,-7.790207643728126e-16,0.9354838709677419,0.0,False,False
PG 17:0_20:1,PS 16:0_20:2,0.0,0.0,0.008430861780826833,0.04838709677419355,0.0,False,False
PG 17:0_20:1,PS 16:1_20:1,0.00031431297721690003,0.10167451365974053,-5.213462492112515e-15,0.8387096774193549,0.0,False,False
PG 17:0_20:1,PS 18:0_18:2,5.896206673310783e-05,0.019073152857207478,-1.394106906148392e-14,0.6774193548387096,0.0,False,False
PG 17:0_20:1,PS 18:1_18:1,0.0,0.0,-1.0281406028248398e-14,0.5161290322580645,0.0,False,False
PG 17:0_20:1,PE 16:0_22:4,1.5778023095783245e-05,0.0051039026100054355,5.245491794381201e-15,0.9354838709677419,0.0,False,False
PG 17:0_20:1,PE 16:0_22:6,7.40909494585662e-05,0.02396707040062707,-4.322064312044225e-14,0.8225806451612904,0.0,False,False
PG 17:0_20:1,PE 18:0_20:4,0.0,0.0,0.003054535415286309,0.24193548387096775,0.0,False,False
PG 17:0_20:1,PE 18:0_22:6,0.0,0.0,-7.161852866970508e-14,0.1935483870967742,0.0,False,False
PG 17:0_20:1,PE 18:1_20:1,0.0,0.0,0.040372573778485285,0.06451612903225806,0.0,False,False
PG 17:0_20:1,PE 18:1_20:3,4.422741010501677e-06,0.0014306760263844713,6.700933553377977e-16,0.6935483870967742,0.0,False,False
PG 17:0_20:1,PE 18:1_20:4,3.8798977938493684e-05,0.012550761496777422,8.441259563104738e-14,0.8870967741935484,0.0,False,False
PG 17:0_20:1,PE 18:1_22:6,5.190519555381759e-05,0.01679038377949726,-4.3923522375740123e-14,0.9032258064516129,0.0,False,False
PG 17:0_20:1,PE 18:2_22:6,0.0,0.0,-4.4829926410020916e-14,0.06451612903225806,0.0,False,False
PG 17:0_20:1,PE 20:1_18:3,3.650149153459903e-05,0.011807566561511811,-6.125414909463466e-15,1.0,0.0,False,True
PG 17:0_20:1,PE 20:0_20:4,1.9984331276050663e-05,0.006464566564508816,8.351325317521952e-14,0.4838709677419355,0.0,False,False
PG 17:0_20:1,PE 20:1_20:4,0.0003432982081475926,0.11105070704598988,7.992698011804846e-14,0.6612903225806451,0.1774193548387097,False,False
PG 17:0_20:1,PE 20:1_20:5,3.4396589247372156e-05,0.011126669074395391,-1.322734523927618e-14,1.0,0.0,False,True
PG 17:0_20:1,PE O-16:0_22:3,0.0,0.0,2.187071726567324e-15,0.12903225806451613,0.0,False,False
PG 17:0_20:1,PE O-16:0_22:4,0.0,0.0,-0.0010603936589840598,0.0967741935483871,0.0,False,False
PG 17:0_20:1,PE O-16:1_22:2,2.5356230369644617e-05,0.008202277913898812,8.829495058478093e-16,0.8548387096774194,0.0,False,False
PG 17:0_20:1,PE O-16:1_24:0,4.103342980126814e-06,0.001327356590802169,7.027216307788317e-16,0.8225806451612904,0.0,False,False
PG 17:0_20:1,PE O-16:1_24:1,5.113271753473623e-06,0.0016540501233767253,6.79456251768703e-16,0.8225806451612904,0.0,False,False
PG 17:0_20:1,PE O-16:1_24:4,2.0808405742033485e-06,0.0006731139619462237,7.511596454794586e-17,0.8709677419354839,0.0,False,False
PG 17:0_20:1,PE O-16:1_24:5,2.5223697808846512e-06,0.000815940604846537,-2.6052180506734847e-16,0.967741935483871,0.0,False,False
PG 17:0_20:1,PE O-16:1_24:6,7.422594856170382e-06,0.0024010740147506616,1.322280565312786e-15,0.967741935483871,0.0,False,False
PG 17:0_20:1,PE O-18:0_20:3,0.0,0.0,-0.004933231702765527,0.016129032258064516,0.0,False,False
PG 17:0_20:1,PE O-18:0_20:4,0.0,0.0,7.82786059477482e-14,0.12903225806451613,0.0,False,False
PG 17:0_20:1,PE O-18:0_20:5,0.0,0.0,0.0014088215631849238,0.03225806451612903,0.0,False,False
PG 17:0_20:1,PE O-18:0_22:5,4.636262908842403e-06,0.0014997464649063796,-1.0299816572072132e-15,0.5,0.0,False,False
PG 17:0_20:1,PE O-18:1_20:1,0.00045470641531652307,0.14708922948277703,-8.239853257657706e-15,0.4838709677419355,0.0,False,False
PG 17:0_20:1,PE O-18:1_20:4,0.0,0.0,8.70894382631721e-14,0.04838709677419355,0.0,False,False
PG 17:0_20:1,PE O-18:1_22:6,0.0,0.0,-3.962856948097057e-14,0.45161290322580644,0.0,False,False
PG 17:0_20:1,PE O-18:2_22:4,0.0,0.0,-0.0011534194599574794,0.11290322580645161,0.0,False,False
PG 17:0_20:1,PE O-18:2_22:5,1.405298472169185e-07,4.545884168377116e-05,-1.3442218983629889e-16,0.5,0.0,False,False
PG 17:0_20:1,PE O-18:2_22:6,0.0,0.0,-4.6452197959968366e-14,0.11290322580645161,0.0,False,False
PG 17:0_20:1,PE O-18:3_22:6,0.0,0.0,-4.90693954740888e-14,0.06451612903225806,0.0,False,False
PG 17:0_20:1,PE O-20:0_20:4,0.0,0.0,7.455640538658404e-14,0.24193548387096775,0.0,False,False
PG 17:0_20:1,PE O-20:1_20:4,0.0,0.0,8.328728266472549e-14,0.3870967741935484,0.0,False,False
PG 17:0_20:1,PE O-20:2_20:4,0.0,0.0,8.566123402106523e-14,0.24193548387096775,0.0,False,False
PG 17:0_20:1,PE O-20:3_20:4,0.0,0.0,8.810807095500851e-14,0.06451612903225806,0.0,False,False
PG 17:0_20:1,PG 14:0_20:0,1.0487977021445948e-06,0.0003392669218980993,-1.174239617031534e-15,0.0967741935483871,0.0,False,False
PG 17:0_20:1,PG 16:0_20:4,0.0,0.0,0.0007320872856171398,0.06451612903225806,0.0,False,False
PG 17:0_20:1,PG 16:1_20:3,1.720789832012487e-06,0.0005566441157781408,1.512690984311671e-15,0.9354838709677419,0.03225806451612903,False,False
PG 17:0_20:1,PG 14:0_22:3,0.0,0.0,3.0768306116376103e-16,0.24193548387096775,0.0,False,False
PG 17:0_20:1,PG 14:0_22:2,0.0,0.0,-0.005527203120903131,0.04838709677419355,0.0,False,False
PG 17:0_20:1,PG 16:1_20:1,1.9025023040932648e-05,0.0061542478525069885,3.4778273880723482e-15,0.9516129032258065,0.0967741935483871,False,False
PG 17:0_20:1,PG 14:0_22:1,1.4287504698940606e-05,0.004621747102327203,-1.1799140997169312e-15,0.7903225806451613,0.0,False,False
PG 17:0_20:1,PG 16:1_22:6,0.0,0.0,-4.2705573479579124e-14,0.6935483870967742,0.0,False,False
PG 17:0_20:1,PG 16:0_22:6,1.0651497343281552e-05,0.0034455650597551594,-3.81012509412921e-14,0.8548387096774194,0.0,False,False
PG 17:0_20:1,PG 16:1_22:4,0.0,0.0,2.989191379052031e-15,0.08064516129032258,0.0,False,False
PG 17:0_20:1,PG 18:1_20:4,0.0,0.0,0.005405458054710069,0.43548387096774194,0.0,False,False
PG 17:0_20:1,PG 16:0_22:4,0.0,0.0,1.6450955803042732e-15,0.7096774193548387,0.0,False,False
PG 17:0_20:1,PG 16:1_22:3,1.7736335408271653e-05,0.005737380914748607,-1.527949037754628e-15,0.2903225806451613,0.0,False,False
PG 17:0_20:1,PG 17:0_20:3,0.0,0.0,0.041058886120630085,0.12903225806451613,0.0,False,False
PG 17:0_20:1,PC 14:0_18:0,0.0,0.0,-0.020062779380168972,0.016129032258064516,0.0,False,False
PG 17:0_20:1,PC O-16:1_16:1,3.058008354979262e-06,0.0009892099111306499,0.0009761844185803296,0.9193548387096774,0.0,False,False
PG 17:0_20:1,PC 14:0_20:1,0.0,0.0,-9.176205950555865e-15,0.5,0.0,False,False
PG 17:0_20:1,PC 20:0_14:1,4.869655328807246e-05,0.015752446546467916,-3.7781336217450935e-15,0.6774193548387096,0.0,False,False
PG 17:0_20:1,PC 14:1_20:1,0.0,0.0,0.018792835872030553,0.14516129032258066,0.0,False,False
PG 17:0_20:1,PC 17:0_17:0,0.0,0.0,0.12901819399473846,0.14516129032258066,0.0,False,False
PG 17:0_20:1,PC 17:0_17:1,0.0002306575465247998,0.07461350807884182,-9.530904465135927e-16,1.0,0.0,False,True
PG 17:0_20:3,PS 14:0_22:2,0.0,0.0,-1.3578438300231497e-06,1.0,1.0,True,True
PG 17:0_20:3,PS 16:0_18:1,0.0,0.0,-1.305471606476791e-07,1.0,0.0,False,True
PG 17:0_20:3,PS 16:1_20:1,0.0,0.0,-9.594411882022113e-07,1.0,0.0,False,True
PG 17:0_20:3,PS 18:0_18:1,0.0,0.0,-7.327065814489971e-06,1.0,0.0,False,True
PG 17:0_20:3,PE 16:0_22:4,0.0,0.0,-1.2489116395427366e-05,0.2,0.0,False,False
PG 17:0_20:3,PE 16:0_22:6,0.0,0.0,9.441815173575505e-06,0.8,0.0,False,False
PG 17:0_20:3,PE 18:1_20:3,0.0,0.0,-2.9824307516521894e-06,0.6,0.0,False,False
PG 17:0_20:3,PE 18:1_20:4,0.0,0.0,1.0141797670868855e-07,0.2,0.0,False,False
PG 17:0_20:3,PE 18:2_22:6,0.0,0.0,7.741439450748265e-06,1.0,0.0,False,True
PG 17:0_20:3,PE 20:1_18:3,0.0,0.0,3.9585870075862626e-08,0.4,0.0,False,False
PG 17:0_20:3,PE 20:1_20:4,0.0,0.0,-2.6194237933733366e-08,1.0,0.0,False,True
PG 17:0_20:3,PE 20:1_20:5,0.0,0.0,4.384918036809946e-08,1.0,0.0,False,True
PG 17:0_20:3,PE 20:2_20:4,0.0,0.0,-8.818419286548997e-08,0.4,0.0,False,False
PG 17:0_20:3,PE 20:3_20:4,0.0,0.0,-1.3704469042739962e-06,0.6,0.0,False,False
PG 17:0_20:3,PE O-16:0_22:4,0.0,0.0,-1.298106588825637e-05,0.4,0.0,False,False
PG 17:0_20:3,PE O-16:1_22:1,0.0,0.0,4.918050525066521e-09,1.0,0.0,False,True
PG 17:0_20:3,PE O-16:1_24:0,0.0,0.0,1.042637517394599e-08,1.0,0.0,False,True
PG 17:0_20:3,PE O-16:1_24:1,0.0,0.0,8.911001141271715e-09,1.0,0.0,False,True
PG 17:0_20:3,PE O-16:1_24:4,0.0,0.0,-1.5846614213403845e-08,1.0,0.0,False,True
PG 17:0_20:3,PE O-16:1_24:5,0.0,0.0,-1.695989298785871e-07,1.0,0.0,False,True
PG 17:0_20:3,PE O-16:1_24:6,0.0,0.0,-8.097980774187855e-08,1.0,0.0,False,True
PG 17:0_20:3,PE O-18:0_20:3,0.0,0.0,-3.29622090975325e-06,1.0,0.0,False,True
PG 17:0_20:3,PE O-18:1_20:1,0.0,0.0,-7.324249756060361e-07,1.0,0.0,False,True
PG 17:0_20:3,PE O-18:1_20:4,0.0,0.0,-1.4446942759781947e-06,0.4,0.0,False,False
PG 17:0_20:3,PE O-18:1_22:4,0.0,0.0,-1.4530481065061408e-05,0.8,0.0,False,False
PG 17:0_20:3,PE O-18:1_22:6,0.0,0.0,8.80546067549811e-06,0.8,0.0,False,False
PG 17:0_20:3,PE O-18:2_22:4,0.0,0.0,-1.3462846540721761e-05,0.6,0.0,False,False
PG 17:0_20:3,PE O-18:2_22:5,0.0,0.0,-3.807573311874768e-06,0.4,0.0,False,False
PG 17:0_20:3,PE O-18:3_22:0,0.0,0.0,-2.5762193729889475e-10,1.0,0.0,False,True
PG 17:0_20:3,PE O-18:3_22:6,0.0,0.0,1.0002421622955704e-05,0.2,0.0,False,False
PG 17:0_20:3,PE O-20:0_20:4,0.0,0.0,-2.548906458062797e-08,0.2,0.0,False,False
PG 17:0_20:3,PE O-20:1_20:4,0.0,0.0,-7.684895041419018e-07,0.4,0.0,False,False
PG 17:0_20:3,PE O-20:2_20:4,0.0,0.0,-8.828975203767847e-07,0.2,0.0,False,False
PG 17:0_20:3,PE O-20:3_20:4,0.0,0.0,-2.1881161405786937e-08,0.2,0.0,False,False
PG 17:0_20:3,PG 14:0_20:0,0.0,0.0,3.922878969859904e-08,0.6,0.0,False,False
PG 17:0_20:3,PG 16:1_20:3,0.0,0.0,-5.59782121084006e-07,1.0,0.0,False,True
PG 17:0_20:3,PG 14:0_22:3,0.0,0.0,-4.0903145013498547e-07,0.8,0.0,False,False
PG 17:0_20:3,PG 16:1_20:1,0.0,0.0,-3.105127011588524e-06,1.0,0.0,False,True
PG 17:0_20:3,PG 14:0_22:1,0.0,0.0,-1.613976983771397e-06,0.8,0.0,False,False
PG 17:0_20:3,PG 14:0_22:0,0.0,0.0,-8.26854222964092e-07,0.8,0.0,False,False
PG 17:0_20:3,PG 16:0_22:6,0.0,0.0,5.449267307835047e-06,0.6,0.0,False,False
PG 17:0_20:3,PG 16:0_22:4,0.0,0.0,-6.140026505344242e-06,1.0,0.0,False,True
PG 17:0_20:3,PG 17:0_20:1,0.0,0.0,-1.8981904797655935e-07,1.0,0.0,False,True
PG 17:0_20:3,PC O-16:1_16:1,0.0,0.0,-2.9534820397812845e-07,1.0,0.0,False,True
PG 17:0_20:3,PC 20:0_14:1,0.0,0.0,9.906528971150015e-07,1.0,0.0,False,True
PG 17:0_20:3,PC 14:1_20:1,0.0,0.0,3.489194930380844e-08,0.2,0.0,False,False
PG 17:0_20:3,PC 16:0_18:1,0.0,0.0,4.555780997318336e-07,0.2,0.0,False,False
PG 17:0_20:3,PC 17:0_17:0,0.0,0.0,-9.074845633094734e-07,0.2,0.0,False,False
PG 17:0_20:3,PC 17:0_17:1,0.0,0.0,1.8925174143953322e-07,1.0,0.0,False,True
PG 17:1_20:1,PS 14:0_22:1,0.0,0.0,-5.841419621313751e-06,1.0,1.0,True,True
PG 17:1_20:1,PS 16:0_18:1,0.0,0.0,-1.305471606476791e-07,0.6666666666666666,0.0,False,False
PG 17:1_20:1,PS 16:1_20:1,0.0,0.0,-9.594411882022113e-07,1.0,0.0,False,True
PG 17:1_20:1,PS 18:0_18:1,0.0,0.0,-7.327065814489971e-06,0.08333333333333333,0.0,False,False
PG 17:1_20:1,PE 16:0_22:4,0.0,0.0,-1.2489116395427366e-05,0.5,0.0,False,False
PG 17:1_20:1,PE 16:0_22:6,0.0,0.0,9.441815173575505e-06,0.8333333333333334,0.0,False,False
PG 17:1_20:1,PE 18:0_20:4,0.0,0.0,-1.3975934516530537e-07,0.08333333333333333,0.0,False,False
PG 17:1_20:1,PE 18:1_20:1,0.0,0.0,1.26119016850893e-07,0.3333333333333333,0.0,False,False
PG 17:1_20:1,PE 18:1_20:3,0.0,0.0,-2.9824307516521894e-06,0.75,0.0,False,False
PG 17:1_20:1,PE 18:1_20:4,0.0,0.0,1.0141797670868855e-07,0.5833333333333334,0.0,False,False
PG 17:1_20:1,PE 18:1_20:5,0.0,0.0,2.133421842337639e-07,0.3333333333333333,0.0,False,False
PG 17:1_20:1,PE 18:1_22:6,0.0,0.0,9.801738433562424e-06,0.5833333333333334,0.0,False,False
PG 17:1_20:1,PE 18:2_22:6,0.0,0.0,7.741439450748265e-06,0.08333333333333333,0.0,False,False
PG 17:1_20:1,PE 20:1_18:3,0.0,0.0,3.9585870075862626e-08,1.0,0.0,False,True
PG 17:1_20:1,PE 20:0_20:4,0.0,0.0,6.232348373412153e-07,1.0,0.0,False,True
PG 17:1_20:1,PE 20:1_20:4,0.0,0.0,-2.6194237933733366e-08,1.0,0.0,False,True
PG 17:1_20:1,PE 20:1_20:5,0.0,0.0,4.384918036809946e-08,0.16666666666666666,0.0,False,False
PG 17:1_20:1,PE O-16:0_22:3,0.0,0.0,4.1079906095678875e-07,0.25,0.0,False,False
PG 17:1_20:1,PE O-16:0_22:4,0.0,0.0,-1.298106588825637e-05,0.3333333333333333,0.0,False,False
PG 17:1_20:1,PE O-16:1_22:2,0.0,0.0,3.8561602888448356e-09,1.0,0.0,False,True
PG 17:1_20:1,PE O-16:1_24:0,0.0,0.0,1.042637517394599e-08,1.0,0.0,False,True
PG 17:1_20:1,PE O-16:1_24:1,0.0,0.0,8.911001141271715e-09,1.0,0.0,False,True
PG 17:1_20:1,PE O-16:1_24:4,0.0,0.0,-1.5846614213403845e-08,1.0,0.0,False,True
PG 17:1_20:1,PE O-16:1_24:5,0.0,0.0,-1.695989298785871e-07,1.0,0.0,False,True
PG 17:1_20:1,PE O-16:1_24:6,0.0,0.0,-8.097980774187855e-08,1.0,0.0,False,True
PG 17:1_20:1,PE O-18:0_20:4,0.0,0.0,2.3005374997648287e-07,0.08333333333333333,0.0,False,False
PG 17:1_20:1,PE O-18:0_20:5,0.0,0.0,-3.957801087477535e-09,0.16666666666666666,0.0,False,False
PG 17:1_20:1,PE O-18:0_22:5,0.0,0.0,-4.001606771045966e-06,0.8333333333333334,0.0,False,False
PG 17:1_20:1,PE O-18:1_20:1,0.0,0.0,-7.324249756060361e-07,0.8333333333333334,0.0,False,False
PG 17:1_20:1,PE O-18:1_22:5,0.0,0.0,-6.120849326571443e-06,0.08333333333333333,0.0,False,False
PG 17:1_20:1,PE O-18:1_22:6,0.0,0.0,8.80546067549811e-06,0.4166666666666667,0.0,False,False
PG 17:1_20:1,PE O-20:1_18:2,0.0,0.0,-1.0171198952548792e-07,0.08333333333333333,0.0,False,False
PG 17:1_20:1,PE O-18:2_22:4,0.0,0.0,-1.3462846540721761e-05,0.08333333333333333,0.0,False,False
PG 17:1_20:1,PE O-18:2_22:5,0.0,0.0,-3.807573311874768e-06,0.08333333333333333,0.0,False,False
PG 17:1_20:1,PE O-18:2_22:6,0.0,0.0,9.812170340756911e-06,0.75,0.0,False,False
PG 17:1_20:1,PE O-18:3_22:0,0.0,0.0,-2.5762193729889475e-10,1.0,0.0,False,True
PG 17:1_20:1,PE O-18:3_22:6,0.0,0.0,1.0002421622955704e-05,0.75,0.0,False,False
PG 17:1_20:1,PE O-20:0_20:4,0.0,0.0,-2.548906458062797e-08,0.16666666666666666,0.0,False,False
PG 17:1_20:1,PE O-20:1_20:4,0.0,0.0,-7.684895041419018e-07,0.16666666666666666,0.0,False,False
PG 17:1_20:1,PE O-20:2_20:4,0.0,0.0,-8.828975203767847e-07,0.16666666666666666,0.0,False,False
PG 17:1_20:1,PG 14:0_20:0,0.0,0.0,3.922878969859904e-08,0.75,0.0,False,False
PG 17:1_20:1,PG 16:1_20:3,0.0,0.0,-5.59782121084006e-07,0.25,0.0,False,False
PG 17:1_20:1,PG 16:1_20:1,0.0,0.0,-3.105127011588524e-06,0.75,0.0,False,False
PG 17:1_20:1,PG 14:0_22:1,0.0,0.0,-1.613976983771397e-06,0.5,0.0,False,False
PG 17:1_20:1,PG 14:0_22:0,0.0,0.0,-8.26854222964092e-07,0.16666666666666666,0.0,False,False
PG 17:1_20:1,PG 16:0_22:6,0.0,0.0,5.449267307835047e-06,1.0,0.0,False,True
PG 17:1_20:1,PG 18:1_20:4,0.0,0.0,4.5339246764564475e-08,0.8333333333333334,0.0,False,False
PG 17:1_20:1,PG 16:0_22:4,0.0,0.0,-6.140026505344242e-06,1.0,0.0,False,True
PG 17:1_20:1,PC O-16:1_16:1,0.0,0.0,-2.9534820397812845e-07,0.08333333333333333,0.0,False,False
PG 17:1_20:1,PC 20:0_14:1,0.0,0.0,9.906528971150015e-07,1.0,0.0,False,True
PG 17:1_20:1,PC 14:1_20:1,0.0,0.0,3.489194930380844e-08,0.5833333333333334,0.0,False,False
PG 17:1_20:1,PC 16:0_18:1,0.0,0.0,4.555780997318336e-07,1.0,0.0,False,True
PG 17:1_20:1,PC 17:0_17:1,0.0,0.0,1.8925174143953322e-07,1.0,0.0,False,True
PC 14:0_18:0,PS 14:0_22:0,0.00015594340461720386,0.01347412859881881,4.0865566939963037e-16,1.0,0.0,False,True
PC 14:0_18:0,PS 14:0_22:1,0.00016592624793942273,0.014336685851789018,-2.9024519738822527e-16,1.0,0.0,False,True
PC 14:0_18:0,PS 14:0_22:2,0.0006207122109919108,0.05363199664834998,9.121991917915651e-16,0.703125,0.0,False,False
PC 14:0_18:0,PS 16:0_18:1,0.00015059798123843744,0.01301226282002918,-1.126045713424957e-16,0.890625,0.0,False,False
PC 14:0_18:0,PS 20:0_16:1,0.0,0.0,-1.2889597845551268e-15,0.171875,0.0,False,False
PC 14:0_18:0,PS 18:0_18:1,0.00041115363697249996,0.03552530478630038,-3.822525262718347e-15,0.953125,0.0,False,False
PC 14:0_18:0,PS 18:0_18:2,0.0,0.0,4.1324058666606524e-16,0.328125,0.0,False,False
PC 14:0_18:0,PS 18:1_18:1,0.0001965041061931655,0.016978734070492135,-1.091110637297013e-15,0.96875,0.0,False,False
PC 14:0_18:0,PE 16:0_22:4,0.00032949572400349514,0.02846973726706884,6.520051369213859e-16,0.53125,0.0,False,False
PC 14:0_18:0,PE 16:0_22:6,0.0,0.0,-4.7372162573721055e-15,0.25,0.0,False,False
PC 14:0_18:0,PE 18:0_20:4,0.0,0.0,0.01088840013618234,0.25,0.03125,False,False
PC 14:0_18:0,PE 18:0_22:6,0.0014424024570950933,0.12462929256841052,-1.0320449422515933e-14,1.0,0.0,False,True
PC 14:0_18:0,PE 18:1_20:3,5.576144990280217e-05,0.004818010410195064,2.82670116687159e-16,0.859375,0.0,False,False
PC 14:0_18:0,PE 18:1_20:4,0.0013061702848970735,0.1128582926213564,5.19411323018379e-15,0.96875,0.0,False,False
PC 14:0_18:0,PE 18:1_20:5,0.0,0.0,0.03479786542120916,0.21875,0.0,False,False
PC 14:0_18:0,PE 18:1_22:6,0.0005782401804685054,0.049962244775674826,-6.622215286563767e-15,0.71875,0.0,False,False
PC 14:0_18:0,PE 18:2_22:6,0.0,0.0,-4.652445124000305e-15,0.421875,0.0,False,False
PC 14:0_18:0,PE 20:1_18:3,0.0,0.0,-3.54284530946582e-16,0.046875,0.0,False,False
PC 14:0_18:0,PE 20:0_20:4,0.000329831468213887,0.02849874689834009,5.777793132623846e-15,0.625,0.0,False,False
PC 14:0_18:0,PE 20:2_20:4,0.0,0.0,4.412683852600107e-15,0.078125,0.0,False,False
PC 14:0_18:0,PE 20:3_20:4,0.0,0.0,-0.003963554947332604,0.03125,0.0,False,False
PC 14:0_18:0,PE 20:4_20:4,0.0,0.0,0.00023469263287956616,0.015625,0.0,False,False
PC 14:0_18:0,PE O-16:0_22:3,0.0,0.0,-6.525533335510683e-16,0.25,0.0,False,False
PC 14:0_18:0,PE O-16:0_22:4,0.0,0.0,0.0017366078176800216,0.046875,0.0,False,False
PC 14:0_18:0,PE O-16:1_22:1,6.363642084370618e-05,0.005498439130025616,1.5788062934854012e-16,0.484375,0.0,False,False
PC 14:0_18:0,PE O-16:1_22:2,0.0,0.0,1.86496493417963e-15,0.078125,0.0,False,False
PC 14:0_18:0,PE O-16:1_24:0,0.0,0.0,2.3367660028608056e-16,0.515625,0.0,False,False
PC 14:0_18:0,PE O-16:1_24:1,0.0,0.0,1.8605669021278597e-16,0.515625,0.0,False,False
PC 14:0_18:0,PE O-16:1_24:4,0.0,0.0,9.238436980419502e-17,0.421875,0.0,False,False
PC 14:0_18:0,PE O-16:1_24:5,0.0,0.0,-2.566556948058654e-18,0.421875,0.0,False,False
PC 14:0_18:0,PE O-16:1_24:6,0.0,0.0,2.1175340722914993e-16,0.53125,0.0,False,False
PC 14:0_18:0,PE O-18:0_20:3,0.0,0.0,-0.0038848395159011753,0.03125,0.0,False,False
PC 14:0_18:0,PE O-18:0_20:4,1.538339034562637e-05,0.0013291859332660123,6.0301629265067405e-15,0.5,0.0,False,False
PC 14:0_18:0,PE O-18:0_20:5,0.0,0.0,0.011004430350221424,0.03125,0.0,False,False
PC 14:0_18:0,PE O-18:0_22:4,0.0,0.0,0.001384423608453035,0.015625,0.0,False,False
PC 14:0_18:0,PE O-18:0_22:5,0.0,0.0,-7.374365980516684e-16,0.234375,0.0,False,False
PC 14:0_18:0,PE O-18:1_20:4,5.318975256385361e-05,0.004595805561280214,6.0983386528163374e-15,0.390625,0.0,False,False
PC 14:0_18:0,PE O-18:1_22:4,0.0,0.0,0.0026192438325987207,0.171875,0.0,False,False
PC 14:0_18:0,PE O-18:1_22:5,0.0,0.0,0.0013150949536265143,0.03125,0.0,False,False
PC 14:0_18:0,PE O-18:1_22:6,0.0,0.0,-5.047794566115825e-15,0.359375,0.0,False,False
PC 14:0_18:0,PE O-20:1_18:2,0.0,0.0,0.00923254787948502,0.015625,0.0,False,False
PC 14:0_18:0,PE O-18:2_22:4,0.0,0.0,0.001652958929186375,0.078125,0.0,False,False
PC 14:0_18:0,PE O-18:2_22:5,7.626862234690534e-05,0.00658991143664935,-9.847604911386215e-16,0.359375,0.0,False,False
PC 14:0_18:0,PE O-18:2_22:6,0.0,0.0,-4.86439787545843e-15,0.296875,0.0,False,False
PC 14:0_18:0,PE O-18:3_22:6,0.0,0.0,-5.1911230667491595e-15,0.28125,0.0,False,False
PC 14:0_18:0,PE O-20:0_20:4,9.313495878927706e-06,0.0008047229793737401,5.144915308079172e-15,0.46875,0.0,False,False
PC 14:0_18:0,PE O-20:1_20:4,2.5039073470841527e-05,0.0021634752477641566,5.8846042623117445e-15,0.328125,0.0,False,False
PC 14:0_18:0,PE O-20:2_20:4,0.0,0.0,5.886834425873407e-15,0.3125,0.0,False,False
PC 14:0_18:0,PE O-20:3_20:4,0.00033407487615413553,0.028865394172872212,5.997470472954771e-15,0.765625,0.0,False,False
PC 14:0_18:0,PG 14:0_20:0,0.0001363293098073186,0.011779393021725591,-9.855578680545232e-16,0.96875,0.0,False,False
PC 14:0_18:0,PG 14:0_22:4,0.0,0.0,0.008673770897766433,0.21875,0.109375,False,False
PC 14:0_18:0,PG 16:1_20:3,8.41775781788151e-06,0.0007273276585839979,1.4837190962641213e-15,0.578125,0.0,False,False
PC 14:0_18:0,PG 14:0_22:3,0.00010035102760461829,0.008670726756847229,4.760340187933256e-16,0.765625,0.0,False,False
PC 14:0_18:0,PG 16:1_20:2,0.0,0.0,-0.0030519731700970887,0.03125,0.0,False,False
PC 14:0_18:0,PG 14:0_22:2,0.0,0.0,0.00502443910764813,0.15625,0.03125,False,False
PC 14:0_18:0,PG 16:1_20:1,7.177204181332136e-06,0.0006201389046021925,1.1781243932447881e-15,0.59375,0.0,False,False
PC 14:0_18:0,PG 14:0_22:1,2.4588006523326017e-05,0.002124501274658851,-1.342384037920542e-15,0.671875,0.0,False,False
PC 14:0_18:0,PG 14:0_22:0,7.017582626591898e-05,0.006063469692459467,-7.614949546861405e-16,0.796875,0.0,False,False
PC 14:0_18:0,PG 16:1_22:6,0.0,0.0,-4.238456996475581e-15,0.5625,0.0,False,False
PC 14:0_18:0,PG 16:0_22:6,0.0,0.0,-4.937357863263437e-15,0.265625,0.0,False,False
PC 14:0_18:0,PG 16:1_22:4,4.7754811195911554e-05,0.004126205073215632,3.093822433698665e-16,0.234375,0.0,False,False
PC 14:0_18:0,PG 18:1_20:4,0.0,0.0,0.01067166246847111,0.484375,0.0,False,False
PC 14:0_18:0,PG 14:0_24:4,0.0,0.0,0.01761569824043955,0.09375,0.0,False,False
PC 14:0_18:0,PG 16:0_22:4,0.0,0.0,8.327605165448565e-16,0.140625,0.0,False,False
PC 14:0_18:0,PG 16:1_22:3,0.0005463745718819388,0.04720892982125927,3.5657698957979945e-16,0.328125,0.0,False,False
PC 14:0_18:0,PC 16:0_16:0,0.0015411953941704517,0.13316539412445888,0.4136513291696169,0.53125,0.328125,False,False
PC 14:0_18:0,PC O-16:1_16:1,2.193902546754594e-05,0.0018956188061182231,0.001222737608461572,0.625,0.0,False,False
PC 14:0_18:0,PC 14:0_20:1,0.002593370655141959,0.22407750938593238,-1.4352784486230922e-16,1.0,0.5,False,True
PC 14:0_18:0,PC 14:1_17:1,0.00015622446830027676,0.013498413615677832,7.734556084246663e-16,0.65625,0.0,False,False
PC 14:0_18:0,PC 20:0_14:1,0.0,0.0,-6.001258013305305e-16,0.265625,0.0,False,False
PC 14:0_18:0,PC 14:1_20:1,0.0,0.0,-0.00628305369086991,0.078125,0.0,False,False
PC 14:0_18:0,PC 17:0_17:0,0.0,0.0,0.009640446380432509,0.03125,0.0,False,False
PC 14:0_18:0,PC 17:0_17:1,0.0,0.0,-6.090121932878257e-17,0.328125,0.0,False,False
PC O-16:1_16:1,PA 20:1_20:1,0.0,0.0,-0.0008542575734769277,0.015625,0.0,False,False
PC O-16:1_16:1,PS 14:0_22:0,4.244166334345205e-06,0.00047784718478314174,-8.146385412486014e-16,0.703125,0.0,False,False
PC O-16:1_16:1,PS 14:0_22:1,0.0,0.0,-9.560926891018848e-16,0.046875,0.0,False,False
PC O-16:1_16:1,PS 14:0_22:2,0.0,0.0,8.777024686219125e-17,0.03125,0.0,False,False
PC O-16:1_16:1,PS 16:0_18:1,0.0001205252852994991,0.013569842399788059,-1.4877339500186417e-15,0.9375,0.0,False,False
PC O-16:1_16:1,PS 16:0_20:1,0.0,0.0,-4.640600552131695e-16,0.03125,0.0,False,False
PC O-16:1_16:1,PS 16:0_20:2,0.0,0.0,-0.0016454241808715392,0.046875,0.0,False,False
PC O-16:1_16:1,PS 20:0_16:1,0.0005399994421561713,0.06079809151933338,1.8754190247948936e-15,1.0,0.0,False,True
PC O-16:1_16:1,PS 16:1_20:1,0.00013819637640752683,0.015559415963313396,-3.210984031198867e-16,0.984375,0.0,False,False
PC O-16:1_16:1,PS 18:0_18:2,0.00014791282692256172,0.016653383107607816,-6.285643616472226e-15,0.796875,0.0,False,False
PC O-16:1_16:1,PS 18:1_18:1,0.0,0.0,-6.333527813651098e-15,0.15625,0.0,False,False
PC O-16:1_16:1,PE 16:0_22:4,0.0011280186400733638,0.12700268770807394,-3.8340857837319804e-16,0.890625,0.0,False,False
PC O-16:1_16:1,PE 16:0_22:6,0.0,0.0,-4.280608539619823e-14,0.0625,0.0,False,False
PC O-16:1_16:1,PE 18:0_20:4,0.0,0.0,0.004044111795104304,0.28125,0.0,False,False
PC O-16:1_16:1,PE 18:1_20:1,0.0,0.0,0.0023387703505806197,0.0625,0.0,False,False
PC O-16:1_16:1,PE 18:1_20:3,0.0,0.0,-1.3949439234128413e-15,0.234375,0.0,False,False
PC O-16:1_16:1,PE 18:1_20:4,0.00020958677638412138,0.023597202176662002,1.4272045141488296e-14,0.96875,0.0,False,False
PC O-16:1_16:1,PE 18:1_20:5,0.0,0.0,0.002007155603604766,0.046875,0.0,False,False
PC O-16:1_16:1,PE 20:1_18:3,0.0,0.0,-2.6786675340079438e-15,0.1875,0.0,False,False
PC O-16:1_16:1,PE 20:1_20:4,1.5660712387775746e-05,0.0017632266826205026,1.5288521750425713e-14,0.375,0.0,False,False
PC O-16:1_16:1,PE 20:1_20:5,3.494073036645548e-05,0.003933947994630968,-4.673263143998351e-15,0.96875,0.0,False,False
PC O-16:1_16:1,PE 20:2_20:4,7.308941678521585e-05,0.008229077113596554,1.4051614521506152e-14,1.0,0.0,False,True
PC O-16:1_16:1,PE 20:3_20:4,0.0,0.0,0.0024066426598209445,0.234375,0.0,False,False
PC O-16:1_16:1,PE O-16:0_22:3,0.0,0.0,-0.052153578790603235,0.078125,0.0,False,False
PC O-16:1_16:1,PE O-16:0_22:4,0.0,0.0,-0.00157056637808383,0.03125,0.0,False,False
PC O-16:1_16:1,PE O-16:1_22:1,0.0,0.0,-6.884269362664237e-16,0.328125,0.0,False,False
PC O-16:1_16:1,PE O-16:1_22:2,5.32709915914472e-06,0.0005997736977598158,-1.0192403667107515e-15,0.453125,0.0,False,False
PC O-16:1_16:1,PE O-16:1_24:0,8.616687951698565e-07,9.701457849458255e-05,2.006681815859014e-16,0.625,0.0,False,False
PC O-16:1_16:1,PE O-16:1_24:1,9.542817216458537e-07,0.00010744179145109619,-1.339218610430083e-17,0.578125,0.0,False,False
PC O-16:1_16:1,PE O-16:1_24:4,7.362234508009272e-07,8.289079070479678e-05,-1.2363628523884527e-16,0.921875,0.0,False,False
PC O-16:1_16:1,PE O-16:1_24:5,7.770296636300418e-07,8.748512852899106e-05,-2.2339328456492114e-16,0.90625,0.0,False,False
PC O-16:1_16:1,PE O-16:1_24:6,8.397687506836449e-07,9.45488705604527e-05,-3.515416137443204e-16,0.765625,0.0,False,False
PC O-16:1_16:1,PE O-18:0_20:4,0.0,0.0,1.4657013567998717e-14,0.140625,0.0,False,False
PC O-16:1_16:1,PE O-18:0_22:5,0.0,0.0,-1.639494611234977e-15,0.046875,0.0,False,False
PC O-16:1_16:1,PE O-18:1_20:1,0.00010494274875814296,0.01181541747119575,-5.82901639466461e-16,0.46875,0.0,False,False
PC O-16:1_16:1,PE O-18:1_20:4,0.0002240840199896621,0.025229434869326207,1.6829107333469616e-14,1.0,0.0,False,True
PC O-16:1_16:1,PE O-18:1_22:5,0.0,0.0,0.0008596943471637165,0.015625,0.0,False,False
PC O-16:1_16:1,PE O-18:1_22:6,0.0,0.0,-4.238336393381629e-14,0.515625,0.0,False,False
PC O-16:1_16:1,PE O-20:1_18:2,0.0,0.0,0.021684225627475733,0.015625,0.0,False,False
PC O-16:1_16:1,PE O-18:2_22:4,0.0,0.0,-0.0020809873194597363,0.03125,0.0,False,False
PC O-16:1_16:1,PE O-18:2_22:5,0.00013812358114608176,0.015551220004906774,-2.429622468310566e-15,0.859375,0.0,False,False
PC O-16:1_16:1,PE O-18:3_22:0,4.4913143578604025e-06,0.0005056733767741952,-1.0215434981885283e-16,0.859375,0.0,False,False
PC O-16:1_16:1,PE O-20:0_20:4,0.0,0.0,1.3548215328548296e-14,0.09375,0.0,False,False
PC O-16:1_16:1,PE O-20:1_20:4,7.974117536840505e-05,0.008977993122639928,1.563549897633226e-14,0.609375,0.0,False,False
PC O-16:1_16:1,PE O-20:2_20:4,0.0,0.0,1.5707314803321124e-14,0.046875,0.0,False,False
PC O-16:1_16:1,PE O-20:3_20:4,0.0,0.0,1.5942454058422707e-14,0.046875,0.0,False,False
PC O-16:1_16:1,PG 14:0_20:0,0.0,0.0,2.9915584140433885e-15,0.046875,0.0,False,False
PC O-16:1_16:1,PG 16:0_20:4,0.0,0.0,-0.001245795561444062,0.0625,0.0,False,False
PC O-16:1_16:1,PG 16:1_20:3,5.113441459403574e-05,0.00575718153682206,6.713418882130964e-16,0.9375,0.03125,False,False
PC O-16:1_16:1,PG 14:0_22:3,1.8067786628950212e-05,0.0020342371848247457,2.438806859376917e-16,0.96875,0.0,False,False
PC O-16:1_16:1,PG 16:1_20:2,0.0,0.0,0.010611339263690235,0.03125,0.0,False,False
PC O-16:1_16:1,PG 14:0_22:2,0.0,0.0,-0.0021234076245347827,0.0625,0.0,False,False
PC O-16:1_16:1,PG 16:1_20:1,6.304417269952303e-05,0.007098091372542089,-2.4237318169769226e-15,0.9375,0.015625,False,False
PC O-16:1_16:1,PG 14:0_22:1,1.3760139782180436e-05,0.0015492427815395392,-3.603437635012061e-15,0.984375,0.0,False,False
PC O-16:1_16:1,PG 14:0_22:0,2.5584736603915387e-05,0.0028805643786073117,-1.720062337839393e-15,1.0,0.0,False,True
PC O-16:1_16:1,PG 16:1_22:6,0.002769299982458534,0.31179319946280454,-3.983563204151483e-14,1.0,0.875,False,True
PC O-16:1_16:1,PG 16:1_22:4,0.00034005062651663333,0.038286019388489946,-7.50402110577513e-16,0.515625,0.015625,False,False
PC O-16:1_16:1,PG 18:1_20:4,0.0,0.0,-0.025563772269041832,0.203125,0.0,False,False
PC O-16:1_16:1,PG 16:0_22:4,0.0,0.0,-6.224317506486692e-16,0.140625,0.0,False,False
PC O-16:1_16:1,PG 16:1_22:3,0.002048123842894093,0.23059657311125756,-1.5453593464705658e-15,0.578125,0.0625,False,False
PC O-16:1_16:1,PG 17:0_20:1,1.1021382371305573e-05,0.001240888345003906,1.5828794519994415e-16,0.921875,0.0,False,False
PC O-16:1_16:1,PG 17:0_20:3,0.0,0.0,0.001381647219084261,0.078125,0.0,False,False
PC O-16:1_16:1,PG 17:1_20:1,0.0,0.0,0.0017127178477059357,0.046875,0.0,False,False
PC O-16:1_16:1,PC 14:0_18:0,3.273048922024409e-05,0.0036850987681380756,0.014084961973848072,1.0,0.0,False,True
PC O-16:1_16:1,PC O-16:0_16:1,0.0,0.0,0.15386929766355262,0.046875,0.0,False,False
PC O-16:1_16:1,PC 14:0_20:1,0.0,0.0,4.072773955065229e-16,0.015625,0.0,False,False
PC O-16:1_16:1,PC 14:1_17:1,1.937315723645589e-05,0.0021812077841736714,8.76362464853024e-16,0.71875,0.0,False,False
PC O-16:1_16:1,PC 14:1_20:1,0.0,0.0,0.006997111140028639,0.140625,0.0,False,False
PC O-16:1_16:1,PC 16:0_18:1,0.000516604552670618,0.058164080220455036,-3.205748660028573e-15,1.0,0.0,False,True
PC O-16:1_16:1,PC 17:0_17:0,0.0,0.0,0.0030400945264244523,0.015625,0.0,False,False
PC 14:0_20:1,PA 20:1_20:1,0.0,0.0,0.10553573024516055,0.07936507936507936,0.0,False,False
PC 14:0_20:1,PS 14:0_20:1,0.0,0.0,0.2278320868431395,0.19047619047619047,0.0,False,False
PC 14:0_20:1,PS 14:0_22:0,0.0005886344891155209,0.012047521787391473,1.2577443756234085e-16,1.0,0.0,False,True
PC 14:0_20:1,PS 14:0_22:1,0.001066822519802519,0.021834547224565317,3.261461277478632e-15,0.9523809523809523,0.0,False,False
PC 14:0_20:1,PS 14:0_22:2,0.0007981466846539282,0.016335586430470558,-1.700123431877159e-15,0.36507936507936506,0.0,False,False
PC 14:0_20:1,PS 16:0_20:1,0.00021918325414778395,0.004486001208907355,1.1601607602733166e-15,0.873015873015873,0.0,False,False
PC 14:0_20:1,PS 16:1_20:1,0.0,0.0,-3.2267648809097104e-15,0.6666666666666666,0.0,False,False
PC 14:0_20:1,PS 18:0_18:1,0.0,0.0,-8.459415188460201e-15,0.1746031746031746,0.0,False,False
PC 14:0_20:1,PS 18:0_18:2,0.000863421563849838,0.017671560696035104,-6.916509803535968e-15,0.8253968253968254,0.0,False,False
PC 14:0_20:1,PE 16:0_22:4,0.0,0.0,6.747644406660614e-15,0.07936507936507936,0.0,False,False
PC 14:0_20:1,PE 16:0_22:6,0.0,0.0,-1.1329457742145686e-14,0.4126984126984127,0.0,False,False
PC 14:0_20:1,PE 18:0_22:6,5.6961614393336024e-05,0.0011658275264839774,-2.5981095455765617e-14,0.36507936507936506,0.0,False,False
PC 14:0_20:1,PE 18:1_20:1,0.0,0.0,0.06248861064346324,0.07936507936507936,0.0,False,False
PC 14:0_20:1,PE 18:1_20:3,0.0007304775414286209,0.014950609008291324,5.6825683757540326e-15,0.6666666666666666,0.0,False,False
PC 14:0_20:1,PE 18:2_22:6,0.00037388746325035804,0.0076523164082850995,-1.6341833367963214e-14,1.0,0.0,False,True
PC 14:0_20:1,PE 20:1_18:3,0.0006603584397725341,0.013515488537889808,-1.5438541145179146e-15,1.0,0.0,False,True
PC 14:0_20:1,PE 20:0_20:4,0.0,0.0,2.046003135173596e-14,0.07936507936507936,0.0,False,False
PC 14:0_20:1,PE 20:1_20:4,0.0070494417416562,0.14428020196227848,1.9542745367445095e-14,0.8253968253968254,0.07936507936507936,False,False
PC 14:0_20:1,PE 20:1_20:5,0.0005676211738064735,0.01161744441562301,-6.323418274685965e-15,1.0,0.0,False,True
PC 14:0_20:1,PE 20:2_20:4,0.0,0.0,1.8623290858368678e-14,0.2222222222222222,0.0,False,False
PC 14:0_20:1,PE 20:3_20:4,0.0013394235827465172,0.027413845253837547,0.029823861238164013,0.3333333333333333,0.0,False,False
PC 14:0_20:1,PE 20:4_20:4,0.0,0.0,0.006858994409412855,0.015873015873015872,0.0,False,False
PC 14:0_20:1,PE O-16:0_22:3,0.0,0.0,-1.5033298075878069e-15,0.07936507936507936,0.0,False,False
PC 14:0_20:1,PE O-16:0_22:4,0.0,0.0,0.034554044866821135,0.31746031746031744,0.0,False,False
PC 14:0_20:1,PE O-16:1_22:1,0.0,0.0,6.071869399561283e-16,0.047619047619047616,0.0,False,False
PC 14:0_20:1,PE O-16:1_22:2,0.0,0.0,3.48048228081995e-16,0.5873015873015873,0.0,False,False
PC 14:0_20:1,PE O-16:1_24:0,4.113953373009564e-05,0.0008419986224068927,1.19885537441561e-15,0.9365079365079365,0.0,False,False
PC 14:0_20:1,PE O-16:1_24:1,4.723191428270142e-05,0.0009666907510568565,1.558881313617833e-16,0.9047619047619048,0.0,False,False
PC 14:0_20:1,PE O-16:1_24:4,1.896618806401275e-05,0.000388179028157684,-9.881696382187792e-16,0.5873015873015873,0.0,False,False
PC 14:0_20:1,PE O-16:1_24:5,1.2247575912069397e-05,0.00025066988151696535,-1.4393583264138575e-16,0.8412698412698413,0.0,False,False
PC 14:0_20:1,PE O-16:1_24:6,1.7297641040791515e-05,0.0003540290471639608,2.8245035331887753e-16,0.7777777777777778,0.0,False,False
PC 14:0_20:1,PE O-18:0_20:3,0.0,0.0,0.026572322713453285,0.047619047619047616,0.0,False,False
PC 14:0_20:1,PE O-18:0_20:4,0.00017649028585163887,0.003612208600375237,1.914536320049167e-14,0.6825396825396826,0.0,False,False
PC 14:0_20:1,PE O-18:0_22:4,0.0,0.0,0.0284812716932641,0.06349206349206349,0.0,False,False
PC 14:0_20:1,PE O-18:0_22:5,0.0003386263527915918,0.00693063087277066,4.51053155395981e-16,0.49206349206349204,0.0,False,False
PC 14:0_20:1,PE O-18:1_20:1,0.006015331384591575,0.12311517122134573,-8.327135176541188e-16,0.746031746031746,0.0,False,False
PC 14:0_20:1,PE O-18:1_20:4,0.0,0.0,1.9773693257106983e-14,0.1746031746031746,0.0,False,False
PC 14:0_20:1,PE O-18:1_22:4,0.0,0.0,0.022986030081020185,0.2222222222222222,0.0,False,False
PC 14:0_20:1,PE O-18:1_22:6,0.000337893324957296,0.006915628067179515,-1.3428589734565443e-14,0.6507936507936508,0.0,False,False
PC 14:0_20:1,PE O-18:2_22:4,0.0,0.0,0.026847873940774005,0.2857142857142857,0.0,False,False
PC 14:0_20:1,PE O-18:2_22:5,0.0,0.0,-1.3770132388290766e-16,0.047619047619047616,0.0,False,False
PC 14:0_20:1,PE O-18:2_22:6,0.0010251975750273402,0.02098261374402555,-1.5565670910732462e-14,0.8412698412698413,0.0,False,False
PC 14:0_20:1,PE O-18:3_22:6,0.0017616852013310098,0.036056230543764875,-1.5568923697910798e-14,1.0,0.0,False,True
PC 14:0_20:1,PE O-20:0_20:4,0.0001173249931533454,0.0024012786157745613,1.8319176434194083e-14,0.8888888888888888,0.0,False,False
PC 14:0_20:1,PE O-20:1_20:1,0.0,0.0,0.17434396251302878,0.07936507936507936,0.0,False,False
PC 14:0_20:1,PE O-20:1_20:4,0.0,0.0,2.182078065467336e-14,0.5396825396825397,0.0,False,False
PC 14:0_20:1,PE O-20:2_20:4,0.00016120583715254107,0.0032993833546317614,2.0882893684919698e-14,0.8095238095238095,0.0,False,False
PC 14:0_20:1,PE O-20:3_20:4,0.0,0.0,2.2089677728082503e-14,0.3492063492063492,0.0,False,False
PC 14:0_20:1,PG 14:0_20:0,0.000603078705445248,0.012343150083306753,-6.071869399561283e-17,0.9682539682539683,0.0,False,False
PC 14:0_20:1,PG 14:0_22:4,0.008817283963867285,0.1804624476216537,0.040237294113601614,0.7301587301587301,0.49206349206349204,False,False
PC 14:0_20:1,PG 14:0_22:3,0.0,0.0,-3.209416682625249e-16,0.23809523809523808,0.0,False,False
PC 14:0_20:1,PG 16:1_20:1,0.0,0.0,9.34634182575326e-16,0.5238095238095238,0.09523809523809523,False,False
PC 14:0_20:1,PG 14:0_22:1,0.00016058292137609287,0.0032866342012484013,-2.988227154498374e-15,0.8095238095238095,0.0,False,False
PC 14:0_20:1,PG 14:0_22:0,0.00014099233789341588,0.0028856757360217,6.115239895272434e-16,0.9047619047619048,0.0,False,False
PC 14:0_20:1,PG 16:1_22:6,0.0010002833981873453,0.020472697838918166,-1.4438038022242507e-14,0.9841269841269841,0.0,False,False
PC 14:0_20:1,PG 16:0_22:6,0.0,0.0,-1.1484507264313054e-14,0.06349206349206349,0.0,False,False
PC 14:0_20:1,PG 16:1_22:4,0.00033317527939032057,0.0068190643118897915,3.716851482445728e-15,0.6984126984126984,0.0,False,False
PC 14:0_20:1,PG 14:0_24:4,0.0,0.0,0.09869662147804048,0.31746031746031744,0.0,False,False
PC 14:0_20:1,PG 16:0_22:4,5.159432479677137e-05,0.0010559757601509958,5.8452585594705135e-15,0.6031746031746031,0.0,False,False
PC 14:0_20:1,PG 16:1_22:3,2.0108063441695925e-05,0.00041154967453587153,2.7326122954007717e-15,0.15873015873015872,0.0,False,False
PC 14:0_20:1,PG 17:0_20:1,0.0,0.0,1.418215209754671e-15,0.30158730158730157,0.0,False,False
PC 14:0_20:1,PC 14:0_18:0,0.0007290420069559107,0.014921228071298465,0.24933789966738648,1.0,0.0,False,True
PC 14:0_20:1,PC O-16:1_16:1,0.0,0.0,-0.007519291359037901,0.031746031746031744,0.0,False,False
PC 14:0_20:1,PC 20:0_14:1,0.0025991446476176273,0.053196427239264266,7.026020305206628e-16,1.0,0.0,False,True
PC 14:0_20:1,PC 14:1_20:1,0.0,0.0,0.012989776905635644,0.1746031746031746,0.0,False,False
PC 14:0_20:1,PC 16:0_18:1,0.007677370512385179,0.1571319557860383,1.0833560171848367e-15,1.0,0.3333333333333333,False,True
PC 14:0_20:1,PC 17:0_17:1,0.002341709617244867,0.04792753084497747,1.0657282825022378e-15,1.0,0.0,False,True
PC 14:1_17:1,PS 14:0_22:0,8.444140297396777e-06,0.0026644591212461022,1.622952031016621e-15,0.9347826086956522,0.0,False,False
PC 14:1_17:1,PS 14:0_22:1,3.4527867525585565e-05,0.010894903249545179,2.145428693633375e-14,1.0,0.0,False,True
PC 14:1_17:1,PS 14:0_22:2,1.5462035926919583e-05,0.004878881829002372,-1.2912434141509431e-14,0.2391304347826087,0.0,False,False
PC 14:1_17:1,PS 16:0_20:1,0.00031059113161895427,0.09800374513855448,2.5551706948851042e-14,1.0,0.0,False,True
PC 14:1_17:1,PS 20:0_16:1,6.255958807849411e-05,0.01974001605924646,1.534241330637039e-14,1.0,0.0,False,True
PC 14:1_17:1,PS 16:1_20:1,0.0,0.0,-1.491621044296197e-14,0.30434782608695654,0.0,False,False
PC 14:1_17:1,PS 18:0_18:1,1.3835349590901602e-05,0.004365598168053997,-2.997967886900138e-14,1.0,0.0,False,True
PC 14:1_17:1,PS 18:0_18:2,0.0002121957818513754,0.06695613366563166,-3.883695737380124e-14,0.7608695652173914,0.0,False,False
PC 14:1_17:1,PS 18:1_18:1,0.00023953613385133132,0.07558309244399534,-1.0136910337807843e-13,1.0,0.0,False,True
PC 14:1_17:1,PE 16:0_22:4,5.956391603928468e-05,0.018794763445242144,3.5593500196683184e-14,1.0,0.0,False,True
PC 14:1_17:1,PE 16:0_22:6,0.00014942227364556776,0.047148617373754725,-8.677098797409039e-15,0.8695652173913043,0.0,False,False
PC 14:1_17:1,PE 18:1_20:1,0.0,0.0,0.04527751588785389,0.08695652173913043,0.0,False,False
PC 14:1_17:1,PE 18:1_20:3,1.2035953501103244e-05,0.0037978177717860827,-3.6897244968309895e-14,0.9347826086956522,0.0,False,False
PC 14:1_17:1,PE 18:1_20:4,0.00024282043483903754,0.07661941886864147,-3.4000133228731975e-14,1.0,0.0,False,True
PC 14:1_17:1,PE 18:1_20:5,0.0,0.0,0.002595722551126159,0.043478260869565216,0.0,False,False
PC 14:1_17:1,PE 18:1_22:6,0.00025504542707812175,0.08047688581393045,-6.850565941449105e-14,1.0,0.0,False,True
PC 14:1_17:1,PE 20:1_18:3,5.397637705111674e-06,0.0017031674640697768,3.3767011829539895e-15,0.5,0.0,False,False
PC 14:1_17:1,PE 20:1_20:4,0.00016631444213624546,0.052478762400654355,2.918466371564976e-16,0.8478260869565217,0.0,False,False
PC 14:1_17:1,PE 20:1_20:5,2.1560805899923513e-05,0.00680328416134659,-6.242225862717711e-15,0.9565217391304348,0.0,False,False
PC 14:1_17:1,PE 20:2_20:4,6.542635087453119e-07,0.0002064459272558925,2.0938661551479514e-15,0.3695652173913043,0.0,False,False
PC 14:1_17:1,PE O-16:0_22:3,0.0,0.0,2.1668834254578754e-15,0.17391304347826086,0.0,False,False
PC 14:1_17:1,PE O-16:1_22:2,0.0,0.0,4.0501506448375993e-16,0.5652173913043478,0.0,False,False
PC 14:1_17:1,PE O-16:1_24:0,7.40949287636938e-07,0.0002337987075408578,1.2793315334956608e-16,0.6304347826086957,0.0,False,False
PC 14:1_17:1,PE O-16:1_24:1,8.345944894072588e-07,0.0002633474600757707,1.3588813609051423e-16,0.6304347826086957,0.0,False,False
PC 14:1_17:1,PE O-16:1_24:4,4.45351055092507e-07,0.0001405258130615885,-4.3293179692517795e-16,0.9782608695652174,0.0,False,False
PC 14:1_17:1,PE O-16:1_24:5,2.0318690821888048e-07,6.411347891608248e-05,-3.5880230619926117e-16,0.6086956521739131,0.0,False,False
PC 14:1_17:1,PE O-16:1_24:6,2.791867437808033e-06,0.0008809442285404581,4.5954723147988445e-15,1.0,0.0,False,True
PC 14:1_17:1,PE O-18:0_20:3,0.0,0.0,-0.011328514678265806,0.043478260869565216,0.0,False,False
PC 14:1_17:1,PE O-18:0_20:4,0.0,0.0,4.0502618668791985e-15,0.32608695652173914,0.0,False,False
PC 14:1_17:1,PE O-18:0_22:5,0.0,0.0,-1.8703098515334086e-15,0.2391304347826087,0.0,False,False
PC 14:1_17:1,PE O-18:1_20:1,0.0001245864102128706,0.03931192346215864,-6.883309710495932e-15,0.6304347826086957,0.0,False,False
PC 14:1_17:1,PE O-18:1_20:4,0.0,0.0,8.189501367037817e-15,0.6739130434782609,0.0,False,False
PC 14:1_17:1,PE O-18:1_22:5,0.0,0.0,-0.00401524694300266,0.021739130434782608,0.0,False,False
PC 14:1_17:1,PE O-18:1_22:6,0.0,0.0,-8.899542880607589e-15,0.10869565217391304,0.0,False,False
PC 14:1_17:1,PE O-20:1_18:2,0.0,0.0,0.000761519229508206,0.021739130434782608,0.0,False,False
PC 14:1_17:1,PE O-18:2_22:4,0.0,0.0,-0.006136629365839227,0.021739130434782608,0.0,False,False
PC 14:1_17:1,PE O-18:2_22:5,3.140679676290033e-05,0.00991008239522388,-2.589249128431122e-16,0.717391304347826,0.0,False,False
PC 14:1_17:1,PE O-18:2_22:6,0.0,0.0,-1.4726799306118408e-14,0.21739130434782608,0.0,False,False
PC 14:1_17:1,PE O-18:3_22:0,0.0,0.0,-4.1762486345007773e-16,0.32608695652173914,0.0,False,False
PC 14:1_17:1,PE O-20:0_20:4,0.0,0.0,3.1607833571690467e-15,0.17391304347826086,0.0,False,False
PC 14:1_17:1,PE O-20:1_20:4,7.72505325258993e-06,0.0024375588131003247,5.448545373865284e-15,0.6521739130434783,0.0,False,False
PC 14:1_17:1,PE O-20:2_20:4,0.0,0.0,2.591584791304707e-15,0.10869565217391304,0.0,False,False
PC 14:1_17:1,PE O-20:3_20:4,0.0,0.0,6.0593768263285025e-15,0.2608695652173913,0.0,False,False
PC 14:1_17:1,PG 16:1_20:3,1.6220974867354326e-06,0.0005118356981130483,3.336216359811853e-15,1.0,0.0,False,True
PC 14:1_17:1,PG 14:0_22:3,1.3058361203844215e-05,0.004120427704029899,5.017448740626494e-15,0.9347826086956522,0.0,False,False
PC 14:1_17:1,PG 16:1_20:1,1.1802152216501549e-05,0.003724044250340911,2.010939000931532e-14,0.8260869565217391,0.0,False,False
PC 14:1_17:1,PG 14:0_22:1,1.55619564675899e-05,0.004910410698326219,-2.7672043949899622e-15,1.0,0.0,False,True
PC 14:1_17:1,PG 14:0_22:0,1.2373040133732693e-05,0.00390418189191286,2.3365526499175695e-15,1.0,0.0,False,True
PC 14:1_17:1,PG 16:1_22:6,0.0,0.0,-1.3824454882623487e-14,0.043478260869565216,0.0,False,False
PC 14:1_17:1,PG 16:0_22:6,2.6734505849774007e-05,0.00843579043628608,-1.2334079525193201e-14,1.0,0.0,False,True
PC 14:1_17:1,PG 18:1_20:4,0.0,0.0,0.03380225709245618,0.5869565217391305,0.0,False,False
PC 14:1_17:1,PG 16:0_22:4,0.0,0.0,2.1428149756557924e-14,0.21739130434782608,0.0,False,False
PC 14:1_17:1,PG 16:1_22:3,6.033563132536125e-05,0.01903827003804777,3.797342944282447e-15,0.43478260869565216,0.0,False,False
PC 14:1_17:1,PC 14:0_18:0,1.9181016447305382e-05,0.006052366780730774,0.043230489495113315,1.0,0.0,False,True
PC 14:1_17:1,PC O-16:1_16:1,1.759722349784637e-06,0.0005552617674045243,-0.0007967556643057495,1.0,0.0,False,True
PC 14:1_17:1,PC 20:0_14:1,0.0005392657328085818,0.17015959587979046,-1.3005721628900825e-14,1.0,0.9565217391304348,False,True
PC 14:1_17:1,PC 14:1_20:1,0.0,0.0,0.05501796044973662,0.1956521739130435,0.0,False,False
PC 14:1_17:1,PC 17:0_17:1,0.0004887805393445754,0.15422952727890335,-1.6657161239815623e-14,1.0,0.043478260869565216,False,True
PC 20:0_14:1,PA 22:6_22:6,0.0,0.0,0.024741709961533027,0.015625,0.0,False,False
PC 20:0_14:1,PS 14:0_22:0,0.0,0.0,2.0533435221076817e-16,0.03125,0.0,False,False
PC 20:0_14:1,PS 14:0_22:1,0.0,0.0,2.6841091792257276e-16,0.03125,0.0,False,False
PC 20:0_14:1,PS 14:0_22:2,7.68251657888915e-05,0.003344142735394997,1.2883724060283492e-16,0.515625,0.0,False,False
PC 20:0_14:1,PS 16:0_18:1,0.0002612062971463708,0.011370117227495367,-2.872442425834486e-15,0.921875,0.0,False,False
PC 20:0_14:1,PS 16:0_20:2,0.0,0.0,0.01037827413221975,0.046875,0.0,False,False
PC 20:0_14:1,PS 20:0_16:1,0.0012647499426358504,0.05505363105078365,-1.6956859739758535e-15,1.0,0.0,False,True
PC 20:0_14:1,PS 16:1_20:1,0.0,0.0,-9.287017760121018e-16,0.015625,0.0,False,False
PC 20:0_14:1,PS 18:0_18:2,0.0001549816309837776,0.0067462359508374614,-2.3277936856835125e-15,0.65625,0.0,False,False
PC 20:0_14:1,PE 16:0_22:6,0.0,0.0,-9.70037057372178e-15,0.078125,0.0,False,False
PC 20:0_14:1,PE 18:0_20:4,0.0,0.0,0.004546366810175689,0.21875,0.0,False,False
PC 20:0_14:1,PE 18:0_22:6,0.0008602276197715586,0.03744507305522985,-1.837708900921635e-14,1.0,0.0,False,True
PC 20:0_14:1,PE 18:1_20:3,0.0,0.0,2.2049956907339358e-15,0.015625,0.0,False,False
PC 20:0_14:1,PE 18:1_20:5,0.0,0.0,0.00271497508150974,0.0625,0.0,False,False
PC 20:0_14:1,PE 18:2_22:6,0.0002612543898405477,0.01137221066695893,-1.155655788877415e-14,1.0,0.0,False,True
PC 20:0_14:1,PE 20:1_18:3,0.0,0.0,-3.1243030846187472e-15,0.34375,0.0,False,False
PC 20:0_14:1,PE 20:0_20:4,0.003708476786535018,0.1614272560003415,1.0929692577807161e-14,0.859375,0.0,False,False
PC 20:0_14:1,PE 20:1_20:5,0.0,0.0,-5.559461137471289e-15,0.03125,0.0,False,False
PC 20:0_14:1,PE 20:2_20:4,0.0001850145218984106,0.008053545514621086,9.752710702716681e-15,0.734375,0.0,False,False
PC 20:0_14:1,PE 20:3_20:4,0.0,0.0,0.020604878307743,0.34375,0.0,False,False
PC 20:0_14:1,PE 20:4_20:4,0.0,0.0,0.005416529517410727,0.03125,0.0,False,False
PC 20:0_14:1,PE O-16:0_22:3,0.0005564541028255016,0.02422203618353548,-3.898836339649071e-15,0.359375,0.0,False,False
PC 20:0_14:1,PE O-16:0_22:4,0.0,0.0,0.015070731247236376,0.21875,0.0,False,False
PC 20:0_14:1,PE O-16:1_22:1,0.00010557353191368332,0.004595537883631687,-1.7983531500812377e-16,0.8125,0.0,False,False
PC 20:0_14:1,PE O-16:1_22:2,0.0,0.0,-1.1851180810400097e-15,0.28125,0.0,False,False
PC 20:0_14:1,PE O-16:1_24:0,0.0,0.0,4.217144427821391e-16,0.53125,0.0,False,False
PC 20:0_14:1,PE O-16:1_24:1,0.0,0.0,2.9353643407244407e-16,0.53125,0.0,False,False
PC 20:0_14:1,PE O-16:1_24:4,0.0,0.0,-3.207510469174745e-16,0.1875,0.0,False,False
PC 20:0_14:1,PE O-16:1_24:5,0.0,0.0,7.356660959389577e-17,0.46875,0.0,False,False
PC 20:0_14:1,PE O-16:1_24:6,0.0,0.0,2.3083338941341257e-16,0.015625,0.0,False,False
PC 20:0_14:1,PE O-18:0_20:3,0.0,0.0,0.016496663093092275,0.0625,0.0,False,False
PC 20:0_14:1,PE O-18:0_20:4,2.870042238312283e-05,0.0012493081925658027,1.0763948835989976e-14,0.703125,0.0,False,False
PC 20:0_14:1,PE O-18:0_20:5,0.0,0.0,0.022090135901508233,0.03125,0.0,False,False
PC 20:0_14:1,PE O-18:0_22:5,0.0003723094793922797,0.016206356706729215,-6.106348382738531e-16,0.59375,0.0,False,False
PC 20:0_14:1,PE O-18:1_20:4,0.0,0.0,1.1867453222299153e-14,0.171875,0.0,False,False
PC 20:0_14:1,PE O-18:1_22:4,0.0,0.0,0.015319551455982417,0.234375,0.0,False,False
PC 20:0_14:1,PE O-18:1_22:5,0.0,0.0,0.007197359312614981,0.03125,0.0,False,False
PC 20:0_14:1,PE O-18:1_22:6,0.00045705343654173225,0.019895198582433233,-1.0504261272899886e-14,0.921875,0.0,False,False
PC 20:0_14:1,PE O-18:2_22:4,0.0,0.0,0.013580494096221777,0.234375,0.0,False,False
PC 20:0_14:1,PE O-18:2_22:6,0.0006162824172566417,0.026826318530619647,-1.1398740656876862e-14,0.890625,0.0,False,False
PC 20:0_14:1,PE O-18:3_22:0,2.8775882252940824e-07,1.2525929049757847e-05,-6.75103261382307e-17,0.453125,0.0,False,False
PC 20:0_14:1,PE O-18:3_22:6,0.0008642534784304035,0.03762031570976181,-1.2535460894278958e-14,1.0,0.0,False,True
PC 20:0_14:1,PE O-20:0_20:4,4.9130332684330265e-05,0.002138607101549518,9.60325346175054e-15,0.90625,0.0,False,False
PC 20:0_14:1,PE O-20:1_20:4,0.0,0.0,1.1475237768484793e-14,0.296875,0.0,False,False
PC 20:0_14:1,PE O-20:2_20:4,0.000337663911468309,0.01469826071895156,1.1004826665222522e-14,0.890625,0.0,False,False
PC 20:0_14:1,PE O-20:3_20:4,0.0004468522956901505,0.01945115045417666,1.1790620597043816e-14,0.640625,0.0,False,False
PC 20:0_14:1,PG 14:0_20:0,8.758031367393109e-05,0.003812306380712566,1.803721368439689e-15,0.984375,0.0,False,False
PC 20:0_14:1,PG 14:0_22:4,0.0,0.0,-0.008560026982390986,0.046875,0.0,False,False
PC 20:0_14:1,PG 16:1_20:3,0.0,0.0,4.330474647033309e-15,0.03125,0.0,False,False
PC 20:0_14:1,PG 14:0_22:2,0.0,0.0,3.236097024778552e-05,0.109375,0.015625,False,False
PC 20:0_14:1,PG 14:0_22:0,0.0,0.0,-4.898499252086953e-16,0.015625,0.0,False,False
PC 20:0_14:1,PG 16:1_22:6,3.705327670438206e-05,0.0016129017730210596,-1.1301756243174368e-14,0.015625,0.0,False,False
PC 20:0_14:1,PG 16:0_22:6,0.0,0.0,-9.60642675244888e-15,0.15625,0.0,False,False
PC 20:0_14:1,PG 16:1_22:4,9.157887795494056e-05,0.003986360931132829,-2.7954997101635954e-15,0.515625,0.0,False,False
PC 20:0_14:1,PG 16:0_22:4,0.0015805028666398512,0.06879812266554028,1.8506932790761393e-15,0.84375,0.0,False,False
PC 20:0_14:1,PG 17:0_20:1,2.343083318701684e-06,0.00010199268661772838,8.58914937352233e-17,0.484375,0.0,False,False
PC 20:0_14:1,PG 17:0_20:3,0.0,0.0,0.019527279090017266,0.109375,0.0,False,False
PC 20:0_14:1,PG 17:1_20:1,0.0,0.0,0.018617922201981482,0.203125,0.0,False,False
PC 20:0_14:1,PC 14:0_20:1,0.0023833795100825644,0.10374675007189332,-3.749281131319088e-15,1.0,0.0,False,True
PC 20:0_14:1,PC 14:1_17:1,0.002240990313024066,0.09754865347096471,-1.073643671690291e-15,1.0,0.0,False,True
PC 20:0_14:1,PC 14:1_20:1,0.0013038728523009418,0.05675662241826792,0.1104406689162663,1.0,0.0,False,True
PC 20:0_14:1,PC 16:0_18:1,0.004638453632455516,0.20190846136365317,-4.9441959487432334e-15,1.0,0.984375,False,True
PC 20:0_14:1,PC 17:0_17:0,0.0,0.0,0.018304388990490535,0.046875,0.0,False,False
PC 20:0_14:1,PC 17:0_17:1,0.0,0.0,-1.6227615584726904e-15,0.21875,0.0,False,False
PC 14:1_20:1,PA 20:1_20:1,0.0,0.0,1.5964166285565733e-08,0.375,0.0,False,False
PC 14:1_20:1,PS 14:0_22:1,0.0,0.0,-5.841419621313751e-06,0.625,0.0,False,False
PC 14:1_20:1,PS 16:0_18:1,0.0,0.0,-1.305471606476791e-07,0.5,0.0,False,False
PC 14:1_20:1,PS 16:0_20:1,0.0,0.0,-8.05958833278435e-06,1.0,0.0,False,True
PC 14:1_20:1,PS 16:1_20:1,0.0,0.0,-9.594411882022113e-07,0.25,0.0,False,False
PC 14:1_20:1,PS 18:0_18:1,0.0,0.0,-7.327065814489971e-06,1.0,0.0,False,True
PC 14:1_20:1,PS 18:1_18:1,0.0,0.0,-3.7143801407453766e-06,0.5,0.0,False,False
PC 14:1_20:1,PE 16:0_22:4,0.0,0.0,-1.2489116395427366e-05,1.0,0.0,False,True
PC 14:1_20:1,PE 16:0_22:6,0.0,0.0,9.441815173575505e-06,0.625,0.0,False,False
PC 14:1_20:1,PE 18:1_20:1,0.0,0.0,1.26119016850893e-07,0.5,0.0,False,False
PC 14:1_20:1,PE 18:1_20:3,0.0,0.0,-2.9824307516521894e-06,1.0,0.0,False,True
PC 14:1_20:1,PE 18:1_20:4,0.0,0.0,1.0141797670868855e-07,1.0,0.0,False,True
PC 14:1_20:1,PE 18:1_22:6,0.0,0.0,9.801738433562424e-06,1.0,0.0,False,True
PC 14:1_20:1,PE 18:2_22:6,0.0,0.0,7.741439450748265e-06,0.125,0.0,False,False
PC 14:1_20:1,PE 20:1_18:3,0.0,0.0,3.9585870075862626e-08,1.0,0.0,False,True
PC 14:1_20:1,PE 20:1_20:4,0.0,0.0,-2.6194237933733366e-08,1.0,0.0,False,True
PC 14:1_20:1,PE 20:1_20:5,0.0,0.0,4.384918036809946e-08,1.0,0.0,False,True
PC 14:1_20:1,PE O-16:0_22:3,0.0,0.0,4.1079906095678875e-07,0.5,0.0,False,False
PC 14:1_20:1,PE O-16:1_22:2,0.0,0.0,3.8561602888448356e-09,0.875,0.0,False,False
PC 14:1_20:1,PE O-16:1_24:0,0.0,0.0,1.042637517394599e-08,1.0,0.0,False,True
PC 14:1_20:1,PE O-16:1_24:1,0.0,0.0,8.911001141271715e-09,1.0,0.0,False,True
PC 14:1_20:1,PE O-16:1_24:4,0.0,0.0,-1.5846614213403845e-08,1.0,0.0,False,True
PC 14:1_20:1,PE O-16:1_24:5,0.0,0.0,-1.695989298785871e-07,1.0,0.0,False,True
PC 14:1_20:1,PE O-16:1_24:6,0.0,0.0,-8.097980774187855e-08,1.0,0.0,False,True
PC 14:1_20:1,PE O-18:0_20:4,0.0,0.0,2.3005374997648287e-07,0.625,0.0,False,False
PC 14:1_20:1,PE O-18:0_22:5,0.0,0.0,-4.001606771045966e-06,0.5,0.0,False,False
PC 14:1_20:1,PE O-18:1_20:1,0.0,0.0,-7.324249756060361e-07,1.0,0.0,False,True
PC 14:1_20:1,PE O-18:1_20:4,0.0,0.0,-1.4446942759781947e-06,0.25,0.0,False,False
PC 14:1_20:1,PE O-18:1_22:6,0.0,0.0,8.80546067549811e-06,0.25,0.0,False,False
PC 14:1_20:1,PE O-20:1_18:2,0.0,0.0,-1.0171198952548792e-07,0.125,0.0,False,False
PC 14:1_20:1,PE O-18:2_22:4,0.0,0.0,-1.3462846540721761e-05,0.25,0.0,False,False
PC 14:1_20:1,PE O-18:2_22:5,0.0,0.0,-3.807573311874768e-06,0.375,0.0,False,False
PC 14:1_20:1,PE O-18:2_22:6,0.0,0.0,9.812170340756911e-06,0.5,0.0,False,False
PC 14:1_20:1,PE O-18:3_22:0,0.0,0.0,-2.5762193729889475e-10,1.0,0.0,False,True
PC 14:1_20:1,PE O-20:1_20:4,0.0,0.0,-7.684895041419018e-07,0.5,0.0,False,False
PC 14:1_20:1,PE O-20:2_20:4,0.0,0.0,-8.828975203767847e-07,0.5,0.0,False,False
PC 14:1_20:1,PG 16:1_20:3,0.0,0.0,-5.59782121084006e-07,1.0,0.0,False,True
PC 14:1_20:1,PG 14:0_22:3,0.0,0.0,-4.0903145013498547e-07,0.5,0.0,False,False
PC 14:1_20:1,PG 16:1_20:1,0.0,0.0,-3.105127011588524e-06,1.0,0.0,False,True
PC 14:1_20:1,PG 14:0_22:1,0.0,0.0,-1.613976983771397e-06,1.0,0.0,False,True
PC 14:1_20:1,PG 14:0_22:0,0.0,0.0,-8.26854222964092e-07,1.0,0.0,False,True
PC 14:1_20:1,PG 16:1_22:6,0.0,0.0,5.989692074779523e-06,1.0,0.0,False,True
PC 14:1_20:1,PG 16:0_22:6,0.0,0.0,5.449267307835047e-06,0.625,0.0,False,False
PC 14:1_20:1,PG 18:1_20:4,0.0,0.0,4.5339246764564475e-08,0.875,0.0,False,False
PC 14:1_20:1,PG 16:1_22:3,0.0,0.0,1.5667433647001555e-06,0.125,0.0,False,False
PC 14:1_20:1,PG 17:0_20:1,0.0,0.0,-1.8981904797655935e-07,1.0,0.0,False,True
PC 14:1_20:1,PG 17:0_20:3,0.0,0.0,-1.8957186943001946e-06,0.125,0.0,False,False
PC 14:1_20:1,PG 17:1_20:1,0.0,0.0,7.732726023880922e-07,0.875,0.0,False,False
PC 14:1_20:1,PC 14:0_18:0,0.0,0.0,-2.1523414754178565e-06,0.625,0.0,False,False
PC 14:1_20:1,PC O-16:1_16:1,0.0,0.0,-2.9534820397812845e-07,1.0,0.0,False,True
PC 14:1_20:1,PC 14:0_20:1,0.0,0.0,-6.772560458475103e-08,0.75,0.0,False,False
PC 14:1_20:1,PC 14:1_17:1,0.0,0.0,-2.1658257171220664e-06,1.0,0.0,False,True
PC 14:1_20:1,PC 20:0_14:1,0.0,0.0,9.906528971150015e-07,1.0,1.0,True,True
PC 16:0_18:1,PS 14:0_22:2,0.0,0.0,-6.573614227250696e-16,0.265625,0.0,False,False
PC 16:0_18:1,PS 16:0_18:1,0.0006535753565439879,0.01360780707380531,4.588539820666857e-16,0.9375,0.0,False,False
PC 16:0_18:1,PS 16:0_20:1,0.0009122257670588982,0.018993054315162333,9.99576045731944e-16,0.984375,0.0,False,False
PC 16:0_18:1,PS 16:1_20:1,0.0,0.0,-9.125723280183318e-16,0.171875,0.0,False,False
PC 16:0_18:1,PS 18:0_18:1,0.0009709143850745727,0.020214984400789428,-9.705748064940734e-15,0.953125,0.0,False,False
PC 16:0_18:1,PS 18:1_18:1,0.002611849701472768,0.0543801820058761,-7.240159375734425e-15,1.0,0.0,False,True
PC 16:0_18:1,PE 16:0_22:4,0.002183232250107331,0.04545612523377158,2.175092942840304e-18,1.0,0.265625,False,True
PC 16:0_18:1,PE 16:0_22:6,0.005588961859540685,0.11636533410568878,-3.8776590276982344e-14,0.796875,0.0,False,False
PC 16:0_18:1,PE 18:0_20:4,0.0,0.0,0.0005850865763441161,0.03125,0.0,False,False
PC 16:0_18:1,PE 18:0_22:6,0.0,0.0,-5.4588065909469457e-14,0.359375,0.0,False,False
PC 16:0_18:1,PE 18:1_20:1,0.0,0.0,-0.01292802151191682,0.078125,0.0,False,False
PC 16:0_18:1,PE 18:1_20:3,0.0004969693351476526,0.010347181494183828,-1.1832505609051255e-15,0.9375,0.0,False,False
PC 16:0_18:1,PE 18:1_20:4,0.007983695835207624,0.16622504440180252,1.6194291990427008e-14,1.0,0.46875,False,True
PC 16:0_18:1,PE 18:1_20:5,0.0,0.0,0.1237109566748504,0.484375,0.0,False,False
PC 16:0_18:1,PE 18:1_22:6,0.005312434614766808,0.11060788110527016,-4.2229671162238146e-14,1.0,0.0,False,True
PC 16:0_18:1,PE 20:2_20:4,0.0,0.0,1.450448645083374e-14,0.484375,0.0,False,False
PC 16:0_18:1,PE O-16:0_22:3,0.0,0.0,-0.02784005080291217,0.21875,0.0,False,False
PC 16:0_18:1,PE O-16:1_22:1,9.044914612747952e-05,0.0018832021712102726,-1.5660669188450188e-16,0.765625,0.0,False,False
PC 16:0_18:1,PE O-16:1_22:2,0.0,0.0,1.4017265631637513e-16,0.25,0.0,False,False
PC 16:0_18:1,PE O-16:1_24:0,0.0,0.0,8.059927738191571e-17,0.03125,0.0,False,False
PC 16:0_18:1,PE O-16:1_24:1,0.0,0.0,2.306655856257936e-16,0.03125,0.0,False,False
PC 16:0_18:1,PE O-16:1_24:4,0.0,0.0,1.1515908747371165e-16,0.5,0.0,False,False
PC 16:0_18:1,PE O-16:1_24:5,6.338827517272526e-06,0.00013197795948930856,9.18372575865906e-18,0.75,0.0,False,False
PC 16:0_18:1,PE O-16:1_24:6,8.438479429539493e-05,0.0017569389500951863,-3.866831898382762e-18,0.921875,0.0,False,False
PC 16:0_18:1,PE O-18:0_20:3,0.0,0.0,-0.05865026430275657,0.015625,0.0,False,False
PC 16:0_18:1,PE O-18:0_20:4,0.0,0.0,1.6499771710399246e-14,0.09375,0.0,False,False
PC 16:0_18:1,PE O-18:0_20:5,0.0,0.0,0.06632720713894512,0.03125,0.0,False,False
PC 16:0_18:1,PE O-18:0_22:5,0.0,0.0,-5.568237933671178e-16,0.046875,0.0,False,False
PC 16:0_18:1,PE O-18:1_20:4,0.0,0.0,1.8483456474269604e-14,0.5625,0.0,False,False
PC 16:0_18:1,PE O-18:1_20:5,0.0,0.0,0.08635721877444222,0.0625,0.0,False,False
PC 16:0_18:1,PE O-18:1_22:5,0.0,0.0,-0.004987928198545369,0.046875,0.0,False,False
PC 16:0_18:1,PE O-18:1_22:6,0.0,0.0,-3.8300969953481264e-14,0.09375,0.0,False,False
PC 16:0_18:1,PE O-20:1_18:2,0.0,0.0,0.1010162440583014,0.015625,0.0,False,False
PC 16:0_18:1,PE O-18:2_22:5,0.00108814709464297,0.022655835449675067,-1.1387819940737234e-15,0.90625,0.0,False,False
PC 16:0_18:1,PE O-18:2_22:6,0.0,0.0,-4.2438480084750826e-14,0.125,0.0,False,False
PC 16:0_18:1,PE O-18:3_22:0,6.735201299256787e-05,0.0014023068490245435,-2.883206534231647e-16,0.90625,0.0,False,False
PC 16:0_18:1,PE O-20:1_20:4,0.0,0.0,1.7478080180690086e-14,0.328125,0.0,False,False
PC 16:0_18:1,PE O-20:2_20:4,0.0,0.0,1.7433611613858684e-14,0.03125,0.0,False,False
PC 16:0_18:1,PE O-20:3_20:4,0.0,0.0,1.809870670038052e-14,0.125,0.0,False,False
PC 16:0_18:1,PG 16:0_20:4,0.0,0.0,0.03204642755090725,0.3125,0.1875,False,False
PC 16:0_18:1,PG 16:1_20:3,0.0001812348830737831,0.0037734123528657243,1.6820718757965017e-16,0.6875,0.0,False,False
PC 16:0_18:1,PG 14:0_22:3,0.00043961434782449084,0.0091530183507918,2.1847600225862607e-16,0.765625,0.0,False,False
PC 16:0_18:1,PG 16:0_20:3,0.0,0.0,0.01602728728639214,0.0625,0.0,False,False
PC 16:0_18:1,PG 16:1_20:2,0.0,0.0,0.018979524332586154,0.109375,0.0,False,False
PC 16:0_18:1,PG 14:0_22:2,0.0,0.0,0.0013494794097791906,0.21875,0.0,False,False
PC 16:0_18:1,PG 16:1_20:1,0.0004811893545856212,0.010018633410223033,-2.6294456909002785e-16,0.65625,0.0,False,False
PC 16:0_18:1,PG 18:1_18:1,0.0,0.0,0.18959252632449017,0.015625,0.0,False,False
PC 16:0_18:1,PG 14:0_22:1,0.00034822734979259376,0.007250289574651686,-1.3727253239258807e-15,0.9375,0.0,False,False
PC 16:0_18:1,PG 14:0_22:0,0.00023903641014524912,0.004976872705347523,4.214846769237211e-16,0.890625,0.0,False,False
PC 16:0_18:1,PG 16:0_22:6,0.0007633199952972736,0.015892752270386723,-3.535831087881198e-14,1.0,0.0,False,True
PC 16:0_18:1,PG 16:0_22:5,0.0,0.0,-0.08548453033216279,0.015625,0.0,False,False
PC 16:0_18:1,PG 18:1_20:4,0.0026395235084918606,0.05495636625631177,0.013280064330068316,0.734375,0.0,False,False
PC 16:0_18:1,PG 16:0_22:4,0.0,0.0,2.4318747485922844e-16,0.109375,0.0,False,False
PC 16:0_18:1,PG 16:1_22:3,0.0016695693883125079,0.034761375111545645,-1.9439893176635217e-16,0.5625,0.0,False,False
PC 16:0_18:1,PG 17:0_18:1,0.0,0.0,0.12391524347003574,0.078125,0.0,False,False
PC 16:0_18:1,PG 17:0_20:1,0.0,0.0,-4.794871553994625e-16,0.015625,0.0,False,False
PC 16:0_18:1,PG 17:1_20:1,0.0,0.0,0.016998399260423243,0.21875,0.0,False,False
PC 16:0_18:1,PC 16:0_16:0,0.0,0.0,0.2351974331671613,0.03125,0.0,False,False
PC 16:0_18:1,PC 16:0_16:1,0.0,0.0,0.14157213065282312,0.015625,0.0,False,False
PC 16:0_18:1,PC O-16:1_16:1,0.0003222990841529683,0.00671044847897743,0.020882190212959194,1.0,0.0,False,True
PC 16:0_18:1,PC O-16:1_18:1,0.0,0.0,0.15459268749027255,0.03125,0.0,False,False
PC 16:0_18:1,PC 14:0_20:1,0.005650283809399657,0.11764209164361515,-2.053771092028545e-15,1.0,0.078125,False,True
PC 16:0_18:1,PC 20:0_14:1,0.0038483296375455816,0.08012439076809483,-1.6518622515903866e-15,1.0,0.0,False,True
PC 16:0_18:1,PC 17:0_17:1,0.0033962814821814156,0.07071249354052375,-1.244054982025984e-15,1.0,0.0,False,True
PC 17:0_17:0,PS 16:0_20:1,0.0,0.0,-8.05958833278435e-06,1.0,0.0,False,False
PC 17:0_17:0,PS 20:0_16:1,0.0,0.0,-9.179031714804465e-06,1.0,0.0,False,False
PC 17:0_17:0,PS 18:0_18:1,0.0,0.0,-7.327065814489971e-06,1.0,0.0,False,False
PC 17:0_17:0,PS 18:0_18:2,0.0,0.0,2.7041128818479313e-06,1.0,0.0,False,False
PC 17:0_17:0,PS 18:1_18:1,0.0,0.0,-3.7143801407453766e-06,1.0,0.0,False,False
PC 17:0_17:0,PE 16:0_22:4,0.0,0.0,-1.2489116395427366e-05,1.0,0.0,False,False
PC 17:0_17:0,PE 16:0_22:6,0.0,0.0,9.441815173575505e-06,1.0,0.0,False,False
PC 17:0_17:0,PE 18:1_20:4,0.0,0.0,1.0141797670868855e-07,1.0,0.0,False,False
PC 17:0_17:0,PE 18:1_22:6,0.0,0.0,9.801738433562424e-06,1.0,0.0,False,False
PC 17:0_17:0,PE 20:1_20:4,0.0,0.0,-2.6194237933733366e-08,1.0,0.0,False,False
PC 17:0_17:0,PE 20:1_20:5,0.0,0.0,4.384918036809946e-08,1.0,0.0,False,False
PC 17:0_17:0,PE 20:2_20:4,0.0,0.0,-8.818419286548997e-08,1.0,0.0,False,False
PC 17:0_17:0,PE O-16:1_24:0,0.0,0.0,1.042637517394599e-08,1.0,0.0,False,False
PC 17:0_17:0,PE O-16:1_24:1,0.0,0.0,8.911001141271715e-09,1.0,0.0,False,False
PC 17:0_17:0,PE O-16:1_24:4,0.0,0.0,-1.5846614213403845e-08,1.0,0.0,False,False
PC 17:0_17:0,PE O-16:1_24:5,0.0,0.0,-1.695989298785871e-07,1.0,0.0,False,False
PC 17:0_17:0,PE O-16:1_24:6,0.0,0.0,-8.097980774187855e-08,1.0,0.0,False,False
PC 17:0_17:0,PE O-18:0_20:3,0.0,0.0,-3.29622090975325e-06,1.0,0.0,False,False
PC 17:0_17:0,PE O-18:1_20:1,0.0,0.0,-7.324249756060361e-07,1.0,0.0,False,False
PC 17:0_17:0,PE O-18:1_20:4,0.0,0.0,-1.4446942759781947e-06,1.0,0.0,False,False
PC 17:0_17:0,PE O-18:2_22:5,0.0,0.0,-3.807573311874768e-06,1.0,0.0,False,False
PC 17:0_17:0,PE O-18:3_22:0,0.0,0.0,-2.5762193729889475e-10,1.0,0.0,False,False
PC 17:0_17:0,PE O-20:1_20:4,0.0,0.0,-7.684895041419018e-07,1.0,0.0,False,False
PC 17:0_17:0,PG 14:0_20:0,0.0,0.0,3.922878969859904e-08,1.0,0.0,False,False
PC 17:0_17:0,PG 16:1_20:3,0.0,0.0,-5.59782121084006e-07,1.0,0.0,False,False
PC 17:0_17:0,PG 14:0_22:3,0.0,0.0,-4.0903145013498547e-07,1.0,0.0,False,False
PC 17:0_17:0,PG 16:1_20:1,0.0,0.0,-3.105127011588524e-06,1.0,0.0,False,False
PC 17:0_17:0,PG 14:0_22:1,0.0,0.0,-1.613976983771397e-06,1.0,0.0,False,False
PC 17:0_17:0,PG 14:0_22:0,0.0,0.0,-8.26854222964092e-07,1.0,0.0,False,False
PC 17:0_17:0,PG 16:0_22:6,0.0,0.0,5.449267307835047e-06,1.0,0.0,False,False
PC 17:0_17:0,PG 16:0_22:4,0.0,0.0,-6.140026505344242e-06,1.0,0.0,False,False
PC 17:0_17:0,PG 17:0_20:1,0.0,0.0,-1.8981904797655935e-07,1.0,0.0,False,False
PC 17:0_17:0,PG 17:0_20:3,0.0,0.0,-1.8957186943001946e-06,1.0,0.0,False,False
PC 17:0_17:0,PC 14:0_18:0,0.0,0.0,-2.1523414754178565e-06,1.0,0.0,False,False
PC 17:0_17:0,PC O-16:1_16:1,0.0,0.0,-2.9534820397812845e-07,1.0,0.0,False,False
PC 17:0_17:0,PC 20:0_14:1,0.0,0.0,9.906528971150015e-07,1.0,0.0,False,False
PC 17:0_17:0,PC 17:0_17:1,0.0,0.0,1.8925174143953322e-07,1.0,1.0,False,False
PC 17:0_17:1,PA 20:1_20:1,0.0,0.0,-0.041696464895892175,0.03125,0.0,False,False
PC 17:0_17:1,PA 22:6_22:6,0.0,0.0,0.026656908874609864,0.015625,0.0,False,False
PC 17:0_17:1,PS 14:0_22:1,0.0,0.0,2.5534177850666057e-16,0.265625,0.0,False,False
PC 17:0_17:1,PS 14:0_22:2,0.0,0.0,1.3942471715284322e-15,0.3125,0.0,False,False
PC 17:0_17:1,PS 16:0_18:1,8.92524052801321e-05,0.0030285714908758732,3.4683212464662614e-15,0.765625,0.0,False,False
PC 17:0_17:1,PS 16:0_20:2,0.0,0.0,0.006902714460408721,0.046875,0.0,False,False
PC 17:0_17:1,PS 20:0_16:1,0.0,0.0,-9.727305847872784e-17,0.109375,0.0,False,False
PC 17:0_17:1,PS 16:1_20:1,4.0951964544256106e-05,0.001389609074677814,9.423327540126759e-16,0.3125,0.0,False,False
PC 17:0_17:1,PS 18:0_18:1,0.0,0.0,-5.048826376405012e-15,0.015625,0.0,False,False
PC 17:0_17:1,PS 18:0_18:2,0.0,0.0,-2.806986356778081e-15,0.15625,0.0,False,False
PC 17:0_17:1,PE 16:0_22:4,0.0,0.0,4.526237002338305e-15,0.015625,0.0,False,False
PC 17:0_17:1,PE 18:0_20:4,0.0,0.0,0.006299168093799365,0.28125,0.0,False,False
PC 17:0_17:1,PE 18:0_22:6,0.0007145841932064134,0.024247742215830596,-2.6047647875500382e-14,0.984375,0.0,False,False
PC 17:0_17:1,PE 18:1_20:5,0.0,0.0,0.004751464319447101,0.0625,0.0,False,False
PC 17:0_17:1,PE 18:2_22:6,0.0004638319108785649,0.01573905036437155,-2.0866464277597628e-14,0.9375,0.0,False,False
PC 17:0_17:1,PE 20:1_18:3,0.0,0.0,-9.625979745290775e-16,0.359375,0.0,False,False
PC 17:0_17:1,PE 20:0_20:4,0.0008151011282965543,0.027658549162811404,2.8378401550143018e-14,0.703125,0.0,False,False
PC 17:0_17:1,PE 20:1_20:4,0.0,0.0,2.8243637833708947e-14,0.046875,0.0,False,False
PC 17:0_17:1,PE 20:1_20:5,0.0,0.0,-3.741972968353561e-15,0.03125,0.0,False,False
PC 17:0_17:1,PE 20:2_20:4,0.0006609560526638497,0.022427996775401016,2.8045481974347017e-14,0.875,0.0,False,False
PC 17:0_17:1,PE 20:3_20:4,7.698320000572607e-05,0.002612244724183777,0.027870888479917016,0.390625,0.0,False,False
PC 17:0_17:1,PE 20:4_20:4,0.0,0.0,0.00953334536010258,0.03125,0.0,False,False
PC 17:0_17:1,PE 17:0_22:6,0.001429487430481627,0.04850631044545957,0.0994401521499805,0.84375,0.0,False,False
PC 17:0_17:1,PE 17:1_22:6,0.0,0.0,0.3915801493157196,0.25,0.0,False,False
PC 17:0_17:1,PE O-16:0_22:3,0.00043144172148361316,0.014639965091792825,-2.8967866151913856e-15,0.34375,0.0,False,False
PC 17:0_17:1,PE O-16:0_22:4,0.0,0.0,0.017029428689695078,0.21875,0.0,False,False
PC 17:0_17:1,PE O-16:1_22:1,0.00010995342674698506,0.0037310122066161844,9.524653642708768e-17,0.8125,0.0,False,False
PC 17:0_17:1,PE O-16:1_22:2,0.0,0.0,-3.990728550192392e-15,0.375,0.0,False,False
PC 17:0_17:1,PE O-16:1_24:0,0.0,0.0,-2.6807878624528956e-17,0.515625,0.0,False,False
PC 17:0_17:1,PE O-16:1_24:1,0.0,0.0,8.572445551745228e-17,0.515625,0.0,False,False
PC 17:0_17:1,PE O-16:1_24:4,0.0,0.0,7.415804132720722e-17,0.125,0.0,False,False
PC 17:0_17:1,PE O-16:1_24:5,0.0,0.0,-2.548351479937505e-16,0.109375,0.0,False,False
PC 17:0_17:1,PE O-16:1_24:6,0.0,0.0,-8.866033975925714e-16,0.078125,0.0,False,False
PC 17:0_17:1,PE O-18:0_20:3,0.0,0.0,0.021096984172451306,0.0625,0.0,False,False
PC 17:0_17:1,PE O-18:0_20:4,0.0001290884993565191,0.004380316112759484,2.7100679396583904e-14,0.640625,0.0,False,False
PC 17:0_17:1,PE O-18:0_20:5,0.0,0.0,0.019338215511160172,0.03125,0.0,False,False
PC 17:0_17:1,PE O-18:0_22:5,0.0002574863899783607,0.008737198034377234,-9.291603606770149e-16,0.5,0.0,False,False
PC 17:0_17:1,PE O-18:1_20:4,0.0007325028322855559,0.02485576929700625,3.045811980563874e-14,0.734375,0.0,False,False
PC 17:0_17:1,PE O-18:1_22:4,0.0,0.0,0.016141497583366967,0.234375,0.0,False,False
PC 17:0_17:1,PE O-18:1_22:5,0.0,0.0,0.0025797520854177374,0.015625,0.0,False,False
PC 17:0_17:1,PE O-18:1_22:6,0.0002427539948874069,0.008237288685998982,-1.787595101751788e-14,0.75,0.0,False,False
PC 17:0_17:1,PE O-18:2_22:4,0.0,0.0,0.01502426577966018,0.265625,0.0,False,False
PC 17:0_17:1,PE O-18:2_22:5,0.0,0.0,-1.1946347494418762e-15,0.0625,0.0,False,False
PC 17:0_17:1,PE O-18:2_22:6,0.0007378463854991954,0.025037090269500076,-1.8982938688226323e-14,0.8125,0.0,False,False
PC 17:0_17:1,PE O-18:3_22:0,3.561784851230246e-06,0.00012086083308581419,4.4995122427823e-17,0.625,0.0,False,False
PC 17:0_17:1,PE O-18:3_22:6,0.0011704623482556714,0.039716900490746165,-2.0219623770239733e-14,1.0,0.0,False,True
PC 17:0_17:1,PE O-20:0_20:4,0.00012633793320372243,0.0042869820876653445,2.5228964631044814e-14,0.84375,0.0,False,False
PC 17:0_17:1,PE O-20:1_20:4,0.00027379890617271543,0.009290725094355202,2.861043832505582e-14,0.75,0.0,False,False
PC 17:0_17:1,PE O-20:2_20:4,0.0009494699187883159,0.032218039597490034,2.9479816285209454e-14,0.9375,0.0,False,False
PC 17:0_17:1,PE O-20:3_20:4,0.00143175120369474,0.04858312629141379,3.012475692814394e-14,0.765625,0.0,False,False
PC 17:0_17:1,PG 14:0_22:4,0.0,0.0,-0.009570127992246205,0.046875,0.0,False,False
PC 17:0_17:1,PG 16:1_20:3,0.0,0.0,2.1911769683359263e-15,0.03125,0.0,False,False
PC 17:0_17:1,PG 16:1_20:2,0.0,0.0,0.003786792579428294,0.015625,0.0,False,False
PC 17:0_17:1,PG 14:0_22:2,0.0,0.0,0.00017847914277733807,0.140625,0.015625,False,False
PC 17:0_17:1,PG 16:1_20:1,0.0,0.0,1.6536419941383732e-15,0.03125,0.0,False,False
PC 17:0_17:1,PG 16:1_22:6,0.0005326611210602992,0.01807460852710833,-1.812116018576634e-14,0.640625,0.0,False,False
PC 17:0_17:1,PG 16:1_22:4,0.00021740454923064245,0.007377114574336427,1.9657263900909584e-15,0.703125,0.0,False,False
PC 17:0_17:1,PG 16:0_22:4,0.0011226512370313586,0.03809454232631828,4.293820254540823e-15,0.359375,0.0,False,False
PC 17:0_17:1,PG 16:1_22:3,0.0,0.0,5.897179170272875e-16,0.078125,0.0,False,False
PC 17:0_17:1,PG 17:0_20:1,0.0002578267402787392,0.00874874702528008,6.565931447314129e-16,0.96875,0.0,False,False
PC 17:0_17:1,PG 17:0_20:3,0.0,0.0,0.045842250122393506,0.15625,0.0,False,False
PC 17:0_17:1,PG 17:0_20:4,0.0,0.0,0.05409998348348726,0.234375,0.0,False,False
PC 17:0_17:1,PG 17:1_18:1,0.0,0.0,0.0673084556743196,0.015625,0.0,False,False
PC 17:0_17:1,PG 17:1_20:1,0.0,0.0,0.03636124101207921,0.265625,0.0,False,False
PC 17:0_17:1,PG 17:1_20:2,0.0,0.0,0.048809770411633945,0.03125,0.0,False,False
PC 17:0_17:1,PG 17:0_17:0,0.0,0.0,0.21798114888131495,0.15625,0.0,False,False
PC 17:0_17:1,PC 14:0_20:1,0.003441088627558323,0.11676528920750782,3.716134812195149e-16,1.0,0.0,False,True
PC 17:0_17:1,PC 14:1_17:1,0.00313918247065649,0.10652081034060241,-9.403062319610358e-16,1.0,0.0,False,True
PC 17:0_17:1,PC 20:0_14:1,0.0,0.0,5.821184593336369e-16,0.203125,0.0,False,False
PC 17:0_17:1,PC 16:0_18:1,0.006491055853455531,0.22025878901254062,5.590022547668515e-15,1.0,0.984375,False,True
PC 17:0_17:1,PC 17:0_17:0,0.0019182478628748858,0.0650912518458444,0.09341761492072963,1.0,0.0,False,True
PC 17:0_17:1,PC 17:1_17:1,0.001462411118937989,0.0496234987601101,0.4266467554992469,1.0,0.0,False,True
