identity_id,lipid_name,nearest_neighbor_identity,nearest_neighbor_cosine_full,nearest_neighbor_cosine_reduced,nearest_neighbor_identity_reduced,full_neighbor_matched_cosine_reduced,nearest_full_tie,nearest_reduced_tie,top5_neighbor_identities,top5_cosines_full,top5_cosines_reduced,top5_neighbor_identities_reduced,same_class_nearest_cosine,cross_class_nearest_cosine,shared_fragment_count,shared_fragment_fraction,sharing_unit,reduced_definition,verified_fragment_labels
0,PA 16:0_24:0,PA 18:0_22:0,0.4417017272471361,0.566567668889479,PA 18:0_22:0,0.566567668889479,False,False,"[""PA 18:0_22:0"", ""PA 16:0_24:5"", ""PA 16:0_24:4"", ""PA 16:0_24:1"", ""PA 24:0_16:1""]","[0.4417017272471361, 0.4097195543562844, 0.40429576706873865, 0.36168033413301154, 0.31601721496406887]","[0.566567668889479, 0.4346460821807465, 0.43005380959558587, 0.4043822126174044, 0.38079966129846055]","[""PA 18:0_22:0"", ""PA 24:0_16:1"", ""PE O-16:1_24:0"", ""PA 20:0_20:0"", ""PA 24:0_18:1""]",0.4417017272471361,0.30291511913551517,8,0.06451612903225806,"observed channels, physical fragment envelopes only",full library molecular channel occupancy inverse square-root weight,"[""p_glycerol"", ""sn1_fragment"", ""sn1_ketene_loss"", ""sn1_loss"", ""sn2_fragment"", ""sn2_ketene_loss"", ""sn2_loss""]"
1,PA 16:0_24:1,PA 16:0_24:5,0.6654546118919499,0.47062680026244996,PA 18:1_24:1,0.3999104635434075,False,False,"[""PA 16:0_24:5"", ""PA 16:0_24:4"", ""PC 16:0_16:0"", ""PS 16:0_20:1"", ""PS 16:0_18:1""]","[0.6654546118919499, 0.6638021981191349, 0.6175363953253018, 0.43442038929084326, 0.38986558178124076]","[0.47062680026244996, 0.4692291455214904, 0.45766457456381227, 0.44489448499772133, 0.4396489037697247]","[""PA 18:1_24:1"", ""PE O-16:1_24:1"", ""PA 18:0_22:1"", ""PA 18:0_24:1"", ""PA 24:1_18:2""]",0.6654546118919499,0.6175363953253018,32,0.34408602150537637,"observed channels, physical fragment envelopes only",full library molecular channel occupancy inverse square-root weight,"[""p_glycerol"", ""sn1_fragment"", ""sn1_ketene_loss"", ""sn1_loss"", ""sn2_fragment"", ""sn2_ketene_loss"", ""sn2_loss""]"
2,PA 16:0_24:4,PA 16:0_24:5,0.9158818220879426,0.7345368690682221,PA 16:0_24:5,0.7345368690682221,False,False,"[""PA 16:0_24:5"", ""PC 16:0_16:0"", ""PA 16:0_24:1"", ""PS 16:0_20:1"", ""PS 16:0_18:1""]","[0.9158818220879426, 0.7161784380540721, 0.6638021981191349, 0.6562731092947875, 0.5930022663295285]","[0.7345368690682221, 0.6011863228417162, 0.5259831701110685, 0.4761952848859946, 0.46920976554190724]","[""PA 16:0_24:5"", ""PE 16:0_24:4"", ""PS 16:0_20:1"", ""PE O-16:1_24:4"", ""PA 18:1_24:4""]",0.9158818220879426,0.7161784380540721,55,0.6179775280898876,"observed channels, physical fragment envelopes only",full library molecular channel occupancy inverse square-root weight,"[""p_glycerol"", ""sn1_fragment"", ""sn1_ketene_loss"", ""sn1_loss"", ""sn2_fragment"", ""sn2_fragment_co2"", ""sn2_ketene_loss"", ""sn2_loss""]"
3,PA 16:0_24:5,PA 16:0_24:4,0.9158818220879426,0.7345368690682221,PA 16:0_24:4,0.7345368690682221,False,False,"[""PA 16:0_24:4"", ""PC 16:0_16:0"", ""PA 16:0_24:1"", ""PS 16:0_20:1"", ""PS 16:0_18:1""]","[0.9158818220879426, 0.7091394528902606, 0.6654546118919499, 0.6641534926990758, 0.6004958313112825]","[0.7345368690682221, 0.6231665388627006, 0.5458675347624925, 0.5067282105022578, 0.48647437776998825]","[""PA 16:0_24:4"", ""PE 16:0_24:5"", ""PE O-16:1_24:5"", ""PS 16:0_20:1"", ""PA 18:1_24:5""]",0.9158818220879426,0.7091394528902606,55,0.6179775280898876,"observed channels, physical fragment envelopes only",full library molecular channel occupancy inverse square-root weight,"[""p_glycerol"", ""sn1_fragment"", ""sn1_ketene_loss"", ""sn1_loss"", ""sn2_fragment"", ""sn2_fragment_co2"", ""sn2_ketene_loss"", ""sn2_loss""]"
4,PA 24:0_16:1,PE O-16:1_24:0,0.6635490118197916,0.8182998649583536,PE O-16:1_24:0,0.8182998649583536,False,False,"[""PE O-16:1_24:0"", ""PA 24:0_18:2"", ""PA 24:0_18:1"", ""PA 18:0_24:0"", ""PE 22:0_16:1""]","[0.6635490118197916, 0.543948137677057, 0.4923462410474458, 0.48868273096632103, 0.3665256872851275]","[0.8182998649583536, 0.7673379922692053, 0.7643293498418609, 0.6953179255023703, 0.4346460821807465]","[""PE O-16:1_24:0"", ""PA 24:0_18:1"", ""PA 24:0_18:2"", ""PA 18:0_24:0"", ""PA 16:0_24:0""]",0.543948137677057,0.6635490118197916,6,0.07792207792207792,"observed channels, physical fragment envelopes only",full library molecular channel occupancy inverse square-root weight,"[""p_glycerol"", ""sn1_fragment"", ""sn1_ketene_loss"", ""sn1_loss"", ""sn2_fragment"", ""sn2_ketene_loss"", ""sn2_loss""]"
5,PA 18:0_22:0,PE O-16:1_22:0,0.6213615603989318,0.5788300830466656,PE O-16:1_22:0,0.5788300830466656,False,False,"[""PE O-16:1_22:0"", ""PA 22:0_18:2"", ""PA 22:0_18:1"", ""PA 22:0_20:4"", ""PA 18:0_22:5""]","[0.6213615603989318, 0.5415994986008866, 0.5386261372096554, 0.5215614728458184, 0.5214127320903782]","[0.5788300830466656, 0.566567668889479, 0.5357942913319077, 0.491363549686738, 0.4852456544771542]","[""PE O-16:1_22:0"", ""PA 16:0_24:0"", ""PA 22:0_18:1"", ""PA 22:0_20:4"", ""PA 22:0_18:2""]",0.5415994986008866,0.6213615603989318,20,0.24390243902439024,"observed channels, physical fragment envelopes only",full library molecular channel occupancy inverse square-root weight,"[""p_glycerol"", ""sn1_fragment"", ""sn1_ketene_loss"", ""sn1_loss"", ""sn2_fragment"", ""sn2_ketene_loss"", ""sn2_loss""]"
6,PA 18:0_22:1,PA 18:0_22:5,0.7758194411708825,0.5598728343555721,PA 18:0_22:5,0.5598728343555721,False,False,"[""PA 18:0_22:5"", ""PA 18:0_24:6"", ""PA 18:0_24:5"", ""PA 18:0_22:4"", ""PA 18:0_24:1""]","[0.7758194411708825, 0.7722345517885361, 0.7551610990156528, 0.7150362893575573, 0.6908250487723174]","[0.5598728343555721, 0.5136560760607001, 0.45766457456381227, 0.4556266692992886, 0.4545782181160041]","[""PA 18:0_22:5"", ""PA 18:0_22:4"", ""PA 16:0_24:1"", ""PA 18:0_22:3"", ""PA 18:0_22:2""]",0.7758194411708825,0.6614615429706313,43,0.4056603773584906,"observed channels, physical fragment envelopes only",full library molecular channel occupancy inverse square-root weight,"[""p_glycerol"", ""sn1_fragment"", ""sn1_ketene_loss"", ""sn1_loss"", ""sn2_fragment"", ""sn2_ketene_loss"", ""sn2_loss""]"
7,PA 18:0_22:2,PA 18:0_22:5,0.7712444308493049,0.5992875301357469,PA 18:0_22:5,0.5992875301357469,False,False,"[""PA 18:0_22:5"", ""PA 18:0_24:6"", ""PA 18:0_24:5"", ""PA 18:0_22:4"", ""PA 18:0_22:3""]","[0.7712444308493049, 0.7702435227471095, 0.7612248719237221, 0.7404576900341825, 0.7046424685321188]","[0.5992875301357469, 0.5792830352876565, 0.5542686731739289, 0.5434803408705999, 0.5397062405212998]","[""PA 18:0_22:5"", ""PA 18:0_22:4"", ""PA 18:0_22:3"", ""PA 20:1_20:1"", ""PA 18:1_22:1""]",0.7712444308493049,0.6420167249664349,43,0.4056603773584906,"observed channels, physical fragment envelopes only",full library molecular channel occupancy inverse square-root weight,"[""p_glycerol"", ""sn1_fragment"", ""sn1_ketene_loss"", ""sn1_loss"", ""sn2_fragment"", ""sn2_ketene_loss"", ""sn2_loss""]"
8,PA 18:0_22:3,PA 18:0_22:5,0.782277028588244,0.6759221657579949,PA 18:0_22:5,0.6759221657579949,False,False,"[""PA 18:0_22:5"", ""PA 18:0_24:6"", ""PA 18:0_24:5"", ""PA 18:0_22:4"", ""PA 18:0_24:4""]","[0.782277028588244, 0.7819168397352139, 0.7744336628846923, 0.7672405667687336, 0.7148983295636763]","[0.6759221657579949, 0.6740334081163506, 0.5944338789563204, 0.5542686731739289, 0.5351337614514878]","[""PA 18:0_22:5"", ""PA 18:0_22:4"", ""PE 18:0_22:3"", ""PA 18:0_22:2"", ""PE O-18:2_22:3""]",0.782277028588244,0.6533092909868461,50,0.49019607843137253,"observed channels, physical fragment envelopes only",full library molecular channel occupancy inverse square-root weight,"[""p_glycerol"", ""sn1_fragment"", ""sn1_ketene_loss"", ""sn1_loss"", ""sn2_fragment"", ""sn2_ketene_loss"", ""sn2_loss""]"
9,PA 18:0_22:4,PA 18:0_22:5,0.8645836859516153,0.7759334423434318,PA 18:0_22:5,0.7759334423434318,False,False,"[""PA 18:0_22:5"", ""PA 18:0_24:6"", ""PA 18:0_24:5"", ""PA 18:0_24:4"", ""PA 18:0_22:3""]","[0.8645836859516153, 0.8588434578716734, 0.8494703959720835, 0.7795499350363475, 0.7672405667687336]","[0.7759334423434318, 0.6740334081163506, 0.592128184286062, 0.5792830352876565, 0.5609638391275517]","[""PA 18:0_22:5"", ""PA 18:0_22:3"", ""PA 18:0_24:5"", ""PA 18:0_22:2"", ""PE 18:0_22:4""]",0.8645836859516153,0.7250301209661094,63,0.6774193548387096,"observed channels, physical fragment envelopes only",full library molecular channel occupancy inverse square-root weight,"[""p_glycerol"", ""sn1_fragment"", ""sn1_ketene_loss"", ""sn1_loss"", ""sn2_fragment"", ""sn2_fragment_co2"", ""sn2_ketene_loss"", ""sn2_loss""]"
10,PA 18:0_22:5,PA 18:0_24:6,0.9345818688979602,0.7759334423434318,PA 18:0_22:4,0.5735651469689927,False,False,"[""PA 18:0_24:6"", ""PA 18:0_24:5"", ""PA 18:0_22:4"", ""PA 18:0_24:4"", ""PA 18:0_24:1""]","[0.9345818688979602, 0.9196802827803352, 0.8645836859516153, 0.8327498556645309, 0.830530450992341]","[0.7759334423434318, 0.6759221657579949, 0.6444405787590706, 0.6079888779980923, 0.5992875301357469]","[""PA 18:0_22:4"", ""PA 18:0_22:3"", ""PA 18:0_24:5"", ""PG 18:0_18:0"", ""PA 18:0_22:2""]",0.9345818688979602,0.7805572277787509,43,0.3805309734513274,"observed channels, physical fragment envelopes only",full library molecular channel occupancy inverse square-root weight,"[""p_glycerol"", ""sn1_fragment"", ""sn1_ketene_loss"", ""sn1_loss"", ""sn2_fragment"", ""sn2_fragment_co2"", ""sn2_ketene_loss"", ""sn2_loss""]"
11,PA 18:0_24:0,PA 18:0_22:5,0.631332926057621,0.7640239720395776,PE O-16:1_24:0,0.27802722705933236,False,False,"[""PA 18:0_22:5"", ""PA 18:0_24:6"", ""PA 18:0_24:5"", ""PA 18:0_22:4"", ""PA 18:0_24:1""]","[0.631332926057621, 0.6293835561279383, 0.6291506399001485, 0.5928685779595624, 0.5774206524813931]","[0.7640239720395776, 0.6953179255023703, 0.6825413045733351, 0.6533007328817999, 0.36320283321880825]","[""PE O-16:1_24:0"", ""PA 24:0_16:1"", ""PA 24:0_18:1"", ""PA 24:0_18:2"", ""PA 16:0_24:0""]",0.631332926057621,0.520419522207006,43,0.43,"observed channels, physical fragment envelopes only",full library molecular channel occupancy inverse square-root weight,"[""p_glycerol"", ""sn1_fragment"", ""sn1_ketene_loss"", ""sn1_loss"", ""sn2_fragment"", ""sn2_ketene_loss"", ""sn2_loss""]"
12,PA 18:0_24:1,PA 18:0_22:5,0.830530450992341,0.8275204663016247,PA 18:1_24:1,0.3591385093159691,False,False,"[""PA 18:0_22:5"", ""PA 18:0_24:6"", ""PA 18:0_24:5"", ""PA 18:0_22:4"", ""PA 18:0_24:4""]","[0.830530450992341, 0.825931071424344, 0.8082554983586766, 0.7525372490898067, 0.7291716935503106]","[0.8275204663016247, 0.823717300887611, 0.7538193961600199, 0.44489448499772133, 0.3591385093159691]","[""PA 18:1_24:1"", ""PE O-16:1_24:1"", ""PA 24:1_18:2"", ""PA 16:0_24:1"", ""PA 18:0_22:5""]",0.830530450992341,0.7055826050061806,43,0.4387755102040816,"observed channels, physical fragment envelopes only",full library molecular channel occupancy inverse square-root weight,"[""p_glycerol"", ""sn1_fragment"", ""sn1_ketene_loss"", ""sn1_loss"", ""sn2_fragment"", ""sn2_ketene_loss"", ""sn2_loss""]"
13,PA 18:0_24:4,PA 18:0_22:5,0.8327498556645309,0.8008324403310937,PE O-16:1_24:4,0.5236312667022998,False,False,"[""PA 18:0_22:5"", ""PA 18:0_24:6"", ""PA 18:0_24:5"", ""PA 18:0_22:4"", ""PA 18:0_24:1""]","[0.8327498556645309, 0.8294608271948193, 0.8257069453103308, 0.7795499350363475, 0.7291716935503106]","[0.8008324403310937, 0.7826264269875041, 0.7804704047563166, 0.7019061368676954, 0.5339314643380783]","[""PE O-16:1_24:4"", ""PE 16:0_24:4"", ""PA 18:1_24:4"", ""PA 18:2_24:4"", ""PG 14:0_24:4""]",0.8327498556645309,0.7028096684704445,43,0.36752136752136755,"observed channels, physical fragment envelopes only",full library molecular channel occupancy inverse square-root weight,"[""p_glycerol"", ""sn1_fragment"", ""sn1_ketene_loss"", ""sn1_loss"", ""sn2_fragment"", ""sn2_fragment_co2"", ""sn2_ketene_loss"", ""sn2_loss""]"
14,PA 18:0_24:5,PA 18:0_22:5,0.9196802827803352,0.702433915086238,PE O-16:1_24:5,0.6444405787590706,False,False,"[""PA 18:0_22:5"", ""PA 18:0_24:6"", ""PA 18:0_22:4"", ""PA 18:0_24:4"", ""PA 18:0_24:1""]","[0.9196802827803352, 0.9184168531237457, 0.8494703959720835, 0.8257069453103308, 0.8082554983586766]","[0.702433915086238, 0.6963587533573599, 0.6444405787590706, 0.6342187025906564, 0.592128184286062]","[""PE O-16:1_24:5"", ""PE 16:0_24:5"", ""PA 18:0_22:5"", ""PA 18:1_24:5"", ""PA 18:0_22:4""]",0.9196802827803352,0.7686302333277303,43,0.38738738738738737,"observed channels, physical fragment envelopes only",full library molecular channel occupancy inverse square-root weight,"[""p_glycerol"", ""sn1_fragment"", ""sn1_ketene_loss"", ""sn1_loss"", ""sn2_fragment"", ""sn2_fragment_co2"", ""sn2_ketene_loss"", ""sn2_loss""]"
15,PA 18:0_24:6,PA 18:0_22:5,0.9345818688979602,0.7713333198171579,PE O-16:1_24:6,0.5735651469689927,False,False,"[""PA 18:0_22:5"", ""PA 18:0_24:5"", ""PA 18:0_22:4"", ""PA 18:0_24:4"", ""PA 18:0_24:1""]","[0.9345818688979602, 0.9184168531237457, 0.8588434578716734, 0.8294608271948193, 0.825931071424344]","[0.7713333198171579, 0.770300572657277, 0.6142744435242151, 0.5919805260881827, 0.5735651469689927]","[""PE O-16:1_24:6"", ""PE 16:0_24:6"", ""PA 18:1_24:6"", ""PA 18:2_24:6"", ""PA 18:0_22:5""]",0.9345818688979602,0.774921378009876,43,0.3805309734513274,"observed channels, physical fragment envelopes only",full library molecular channel occupancy inverse square-root weight,"[""p_glycerol"", ""sn1_fragment"", ""sn1_ketene_loss"", ""sn1_loss"", ""sn2_fragment"", ""sn2_fragment_co2"", ""sn2_ketene_loss"", ""sn2_loss""]"
16,PA 22:0_18:1,PA 22:0_18:2,0.6113032139331702,0.6085671863407939,PA 22:0_18:2,0.6085671863407939,False,False,"[""PA 22:0_18:2"", ""PA 22:0_20:4"", ""PE O-16:1_22:0"", ""PA 18:1_24:6"", ""PA 18:0_22:0""]","[0.6113032139331702, 0.5895324563771646, 0.5843322680545396, 0.5517451896660348, 0.5386261372096554]","[0.6085671863407939, 0.608321300719853, 0.5787082104051089, 0.5357942913319077, 0.5046480029435141]","[""PA 22:0_18:2"", ""PA 22:0_20:4"", ""PE O-16:1_22:0"", ""PA 18:0_22:0"", ""PA 22:0_20:3""]",0.6113032139331702,0.5843322680545396,62,0.7380952380952381,"observed channels, physical fragment envelopes only",full library molecular channel occupancy inverse square-root weight,"[""p_glycerol"", ""sn1_fragment"", ""sn1_ketene_loss"", ""sn1_loss"", ""sn2_fragment"", ""sn2_ketene_loss"", ""sn2_loss""]"
17,PA 18:1_22:1,PA 20:1_20:1,0.6587714299907945,0.8162413662462789,PA 20:1_20:1,0.8162413662462789,False,False,"[""PA 20:1_20:1"", ""PE O-18:1_22:1"", ""PE O-18:0_22:1"", ""PE O-16:0_22:1"", ""PE 17:0_22:1""]","[0.6587714299907945, 0.5178012701218678, 0.5111034145777565, 0.5029600615775199, 0.4888253239495194]","[0.8162413662462789, 0.6577659197022018, 0.5397062405212998, 0.48990707420278157, 0.41109692087491273]","[""PA 20:1_20:1"", ""PA 20:0_20:2"", ""PA 18:0_22:2"", ""PA 22:0_18:2"", ""PE O-18:1_22:1""]",0.6587714299907945,0.5178012701218678,8,0.07272727272727272,"observed channels, physical fragment envelopes only",full library molecular channel occupancy inverse square-root weight,"[""p_glycerol"", ""sn1_fragment"", ""sn1_ketene_loss"", ""sn1_loss"", ""sn2_fragment"", ""sn2_ketene_loss"", ""sn2_loss""]"
18,PA 18:1_22:2,PE 18:1_22:2,0.7196223801768366,0.6482811401349536,PA 20:1_20:2,0.6182432782725408,False,False,"[""PE 18:1_22:2"", ""PE O-18:2_22:2"", ""PE O-18:1_22:2"", ""PE O-16:1_22:2"", ""PE O-18:0_22:2""]","[0.7196223801768366, 0.6749148200436884, 0.6721289247982414, 0.6642882717174237, 0.6604087062732555]","[0.6482811401349536, 0.6182432782725408, 0.590556496712974, 0.5876122440109776, 0.5768620889590544]","[""PA 20:1_20:2"", ""PE 18:1_22:2"", ""PE O-18:2_22:2"", ""PE O-18:1_22:2"", ""PE O-16:1_22:2""]",0.6001260937809794,0.7196223801768366,21,0.17355371900826447,"observed channels, physical fragment envelopes only",full library molecular channel occupancy inverse square-root weight,"[""p_glycerol"", ""sn1_fragment"", ""sn1_ketene_loss"", ""sn1_loss"", ""sn2_fragment"", ""sn2_ketene_loss"", ""sn2_loss""]"
19,PA 18:1_22:3,PE 18:1_22:3,0.8037028143969922,0.7251268798007706,PE 18:1_22:3,0.7251268798007706,False,False,"[""PE 18:1_22:3"", ""PA 22:3_22:6"", ""PE O-18:2_22:3"", ""PE O-18:3_22:3"", ""PE O-18:1_22:3""]","[0.8037028143969922, 0.7396753042104869, 0.7255503676509398, 0.7250401426898512, 0.7233081340437885]","[0.7251268798007706, 0.6682203621383033, 0.6666507934307239, 0.6652224662616361, 0.6626764975057706]","[""PE 18:1_22:3"", ""PE O-18:2_22:3"", ""PE O-18:3_22:3"", ""PE O-18:1_22:3"", ""PE O-16:1_22:3""]",0.7396753042104869,0.8037028143969922,21,0.1693548387096774,"observed channels, physical fragment envelopes only",full library molecular channel occupancy inverse square-root weight,"[""p_glycerol"", ""sn1_fragment"", ""sn1_ketene_loss"", ""sn1_loss"", ""sn2_fragment"", ""sn2_ketene_loss"", ""sn2_loss""]"
20,PA 18:1_22:4,PA 18:1_24:6,0.7251473062553249,0.6740286594005193,PE 18:1_22:4,0.4654599202433997,False,False,"[""PA 18:1_24:6"", ""PE 18:1_22:4"", ""PA 18:1_24:5"", ""PA 22:4_22:6"", ""PE O-16:1_22:4""]","[0.7251473062553249, 0.7027128243968539, 0.6620828354714996, 0.6358065855410081, 0.5970810331826304]","[0.6740286594005193, 0.5941409860134365, 0.5925848266322459, 0.5924437559479521, 0.5896993869202674]","[""PE 18:1_22:4"", ""PE O-16:1_22:4"", ""PE O-18:3_22:4"", ""PE O-18:2_22:4"", ""PE O-18:1_22:4""]",0.7251473062553249,0.7027128243968539,42,0.3442622950819672,"observed channels, physical fragment envelopes only",full library molecular channel occupancy inverse square-root weight,"[""p_glycerol"", ""sn1_fragment"", ""sn1_ketene_loss"", ""sn1_loss"", ""sn2_fragment"", ""sn2_fragment_co2"", ""sn2_ketene_loss"", ""sn2_loss""]"
21,PA 24:0_18:1,PA 18:1_24:6,0.6602623564184668,0.7673821950484719,PE O-16:1_24:0,0.23422211132915474,False,False,"[""PA 18:1_24:6"", ""PE 20:0_18:1"", ""PA 18:1_24:5"", ""PA 18:1_22:4"", ""PG 18:1_18:1""]","[0.6602623564184668, 0.6011049482576631, 0.5749174179872488, 0.5069782988448371, 0.5030740567162952]","[0.7673821950484719, 0.7673379922692053, 0.7308766936991694, 0.6825413045733351, 0.38079966129846055]","[""PE O-16:1_24:0"", ""PA 24:0_16:1"", ""PA 24:0_18:2"", ""PA 18:0_24:0"", ""PA 16:0_24:0""]",0.6602623564184668,0.6011049482576631,42,0.3925233644859813,"observed channels, physical fragment envelopes only",full library molecular channel occupancy inverse square-root weight,"[""p_glycerol"", ""sn1_fragment"", ""sn1_ketene_loss"", ""sn1_loss"", ""sn2_fragment"", ""sn2_ketene_loss"", ""sn2_loss""]"
22,PA 18:1_24:1,PE O-16:1_24:1,0.6708976517475231,0.9368513594190271,PE O-16:1_24:1,0.9368513594190271,False,False,"[""PE O-16:1_24:1"", ""PA 24:1_18:2"", ""PA 18:1_24:6"", ""PA 18:1_24:5"", ""PA 18:0_24:1""]","[0.6708976517475231, 0.4610817986941103, 0.423948994797097, 0.4025739545605166, 0.36688105487318723]","[0.9368513594190271, 0.8275204663016247, 0.8239691455184818, 0.47062680026244996, 0.2088679459369037]","[""PE O-16:1_24:1"", ""PA 18:0_24:1"", ""PA 24:1_18:2"", ""PA 16:0_24:1"", ""PA 20:1_22:1""]",0.4610817986941103,0.6708976517475231,18,0.24,"observed channels, physical fragment envelopes only",full library molecular channel occupancy inverse square-root weight,"[""p_glycerol"", ""sn1_fragment"", ""sn1_ketene_loss"", ""sn1_loss"", ""sn2_fragment"", ""sn2_ketene_loss"", ""sn2_loss""]"
23,PA 18:1_24:4,PE O-16:1_24:4,0.7660750464750594,0.9219787591660465,PE O-16:1_24:4,0.9219787591660465,False,False,"[""PE O-16:1_24:4"", ""PE 16:0_24:4"", ""PA 18:2_24:4"", ""PA 18:1_24:6"", ""PA 18:1_24:5""]","[0.7660750464750594, 0.7117449998035816, 0.6430180829137221, 0.543784897793974, 0.52443793026113]","[0.9219787591660465, 0.9010829822821258, 0.7979265571499347, 0.7804704047563166, 0.6145580335011978]","[""PE O-16:1_24:4"", ""PE 16:0_24:4"", ""PA 18:2_24:4"", ""PA 18:0_24:4"", ""PG 14:0_24:4""]",0.6430180829137221,0.7660750464750594,26,0.2765957446808511,"observed channels, physical fragment envelopes only",full library molecular channel occupancy inverse square-root weight,"[""p_glycerol"", ""sn1_fragment"", ""sn1_ketene_loss"", ""sn1_loss"", ""sn2_fragment"", ""sn2_fragment_co2"", ""sn2_ketene_loss"", ""sn2_loss""]"
24,PA 18:1_24:5,PA 18:1_24:6,0.8214327677645353,0.8278212415806385,PE O-16:1_24:5,0.3721503003443882,False,False,"[""PA 18:1_24:6"", ""PS 18:1_18:1"", ""PA 18:1_22:4"", ""PS 16:1_18:1"", ""PE 20:0_18:1""]","[0.8214327677645353, 0.6749117132209896, 0.6620828354714996, 0.6270295640864861, 0.6048621129233998]","[0.8278212415806385, 0.8207118117410763, 0.6574070095106426, 0.6342187025906564, 0.48647437776998825]","[""PE O-16:1_24:5"", ""PE 16:0_24:5"", ""PA 18:2_24:5"", ""PA 18:0_24:5"", ""PA 16:0_24:5""]",0.8214327677645353,0.6749117132209896,65,0.6842105263157895,"observed channels, physical fragment envelopes only",full library molecular channel occupancy inverse square-root weight,"[""p_glycerol"", ""sn1_fragment"", ""sn1_ketene_loss"", ""sn1_loss"", ""sn2_fragment"", ""sn2_fragment_co2"", ""sn2_ketene_loss"", ""sn2_loss""]"
25,PA 18:1_24:6,PA 18:1_24:5,0.8214327677645353,0.7360380396741001,PE O-16:1_24:6,0.3721503003443882,False,False,"[""PA 18:1_24:5"", ""PS 18:1_18:1"", ""PE 20:0_18:1"", ""PA 18:1_22:4"", ""PS 16:1_18:1""]","[0.8214327677645353, 0.7530106990367773, 0.7397008730161405, 0.7251473062553249, 0.7013033019364242]","[0.7360380396741001, 0.7351082238582823, 0.6142744435242151, 0.5715046827666023, 0.4654599202433997]","[""PE O-16:1_24:6"", ""PE 16:0_24:6"", ""PA 18:0_24:6"", ""PA 18:2_24:6"", ""PA 18:1_22:4""]",0.8214327677645353,0.7530106990367773,65,0.6842105263157895,"observed channels, physical fragment envelopes only",full library molecular channel occupancy inverse square-root weight,"[""p_glycerol"", ""sn1_fragment"", ""sn1_ketene_loss"", ""sn1_loss"", ""sn2_fragment"", ""sn2_fragment_co2"", ""sn2_ketene_loss"", ""sn2_loss""]"
26,PA 22:0_18:2,PE O-16:1_22:0,0.6134161610372761,0.6085671863407939,PA 22:0_18:1,0.5645781227158845,False,False,"[""PE O-16:1_22:0"", ""PA 22:0_18:1"", ""PA 22:0_20:4"", ""PA 18:0_22:0"", ""PE O-18:2_22:0""]","[0.6134161610372761, 0.6113032139331702, 0.6086104746300954, 0.5415994986008866, 0.5152343366692197]","[0.6085671863407939, 0.5824136097006838, 0.5645781227158845, 0.49045469588764357, 0.48990707420278157]","[""PA 22:0_18:1"", ""PA 22:0_20:4"", ""PE O-16:1_22:0"", ""PA 20:1_20:1"", ""PA 18:1_22:1""]",0.6113032139331702,0.6134161610372761,14,0.16091954022988506,"observed channels, physical fragment envelopes only",full library molecular channel occupancy inverse square-root weight,"[""p_glycerol"", ""sn1_fragment"", ""sn1_ketene_loss"", ""sn1_loss"", ""sn2_fragment"", ""sn2_ketene_loss"", ""sn2_loss""]"
27,PA 22:1_18:2,PA 18:2_24:6,0.6072322189942244,0.6000176837844275,PA 20:1_20:2,0.39563969787541814,False,False,"[""PA 18:2_24:6"", ""PE 22:1_18:2"", ""PA 18:2_24:5"", ""PE O-20:1_18:2"", ""PE 20:0_18:2""]","[0.6072322189942244, 0.6042669161468462, 0.545414884456232, 0.5320075812299182, 0.5232911370371731]","[0.6000176837844275, 0.5198172174635229, 0.5025714906326626, 0.4753447103007615, 0.46153511703123434]","[""PA 20:1_20:2"", ""PA 18:1_22:2"", ""PE 22:1_18:2"", ""PE O-20:1_18:2"", ""PE 20:0_18:2""]",0.6072322189942244,0.6042669161468462,45,0.4090909090909091,"observed channels, physical fragment envelopes only",full library molecular channel occupancy inverse square-root weight,"[""p_glycerol"", ""sn1_fragment"", ""sn1_ketene_loss"", ""sn1_loss"", ""sn2_fragment"", ""sn2_ketene_loss"", ""sn2_loss""]"
28,PA 18:2_22:2,PA 20:2_20:2,0.7219248651972726,0.8527237893796353,PA 20:2_20:2,0.8527237893796353,False,False,"[""PA 20:2_20:2"", ""PA 20:1_20:3"", ""PE 18:2_22:2"", ""PE O-18:2_22:2"", ""PE O-18:1_22:2""]","[0.7219248651972726, 0.5384241893505832, 0.428492958097467, 0.42597183430236285, 0.42421351921920636]","[0.8527237893796353, 0.720760690959702, 0.4934646830505091, 0.38488892775409933, 0.31229878215079937]","[""PA 20:2_20:2"", ""PA 20:1_20:3"", ""PA 18:1_22:3"", ""PA 20:0_20:4"", ""PE 18:2_22:2""]",0.7219248651972726,0.428492958097467,8,0.07339449541284404,"observed channels, physical fragment envelopes only",full library molecular channel occupancy inverse square-root weight,"[""p_glycerol"", ""sn1_fragment"", ""sn1_ketene_loss"", ""sn1_loss"", ""sn2_fragment"", ""sn2_ketene_loss"", ""sn2_loss""]"
29,PA 18:2_22:3,PE 18:2_22:3,0.7228892361710484,0.707983089472751,PA 20:2_20:3,0.5241426316366006,False,False,"[""PE 18:2_22:3"", ""PA 22:3_22:6"", ""PE O-18:2_22:3"", ""PE O-18:3_22:3"", ""PE O-18:1_22:3""]","[0.7228892361710484, 0.7075903232652715, 0.6328091702619318, 0.6323641632044062, 0.6308535431245037]","[0.707983089472751, 0.5555911740048043, 0.5241426316366006, 0.4651304101123823, 0.445591405657675]","[""PA 20:2_20:3"", ""PA 20:1_20:4"", ""PE 18:2_22:3"", ""PA 22:3_22:6"", ""PE O-18:2_22:3""]",0.7075903232652715,0.7228892361710484,20,0.16129032258064516,"observed channels, physical fragment envelopes only",full library molecular channel occupancy inverse square-root weight,"[""p_glycerol"", ""sn1_fragment"", ""sn1_ketene_loss"", ""sn1_loss"", ""sn2_fragment"", ""sn2_ketene_loss"", ""sn2_loss""]"
30,PA 24:0_18:2,PA 18:2_24:6,0.5485397992274377,0.7692055149169523,PE O-16:1_24:0,0.23240705992639524,False,False,"[""PA 18:2_24:6"", ""PA 24:0_16:1"", ""PE O-16:1_24:0"", ""PA 18:2_24:5"", ""PE O-20:1_18:2""]","[0.5485397992274377, 0.543948137677057, 0.5355044670085117, 0.49238212483944727, 0.4776016996090129]","[0.7692055149169523, 0.7643293498418609, 0.7308766936991694, 0.6533007328817999, 0.3807501035264529]","[""PE O-16:1_24:0"", ""PA 24:0_16:1"", ""PA 24:0_18:1"", ""PA 18:0_24:0"", ""PA 16:0_24:0""]",0.5485397992274377,0.5355044670085117,42,0.3925233644859813,"observed channels, physical fragment envelopes only",full library molecular channel occupancy inverse square-root weight,"[""p_glycerol"", ""sn1_fragment"", ""sn1_ketene_loss"", ""sn1_loss"", ""sn2_fragment"", ""sn2_ketene_loss"", ""sn2_loss""]"
31,PA 24:1_18:2,PA 18:2_24:6,0.6386711920457057,0.8239691455184818,PA 18:1_24:1,0.24260086807478712,False,False,"[""PA 18:2_24:6"", ""PA 18:2_24:5"", ""PE O-20:1_18:2"", ""PE 20:0_18:2"", ""PE O-20:0_18:2""]","[0.6386711920457057, 0.5755435505818612, 0.5499792862845704, 0.5430482716923273, 0.5410388533154673]","[0.8239691455184818, 0.8191706343117974, 0.7538193961600199, 0.4396489037697247, 0.29281186099543915]","[""PA 18:1_24:1"", ""PE O-16:1_24:1"", ""PA 18:0_24:1"", ""PA 16:0_24:1"", ""PA 22:1_20:2""]",0.6386711920457057,0.5499792862845704,42,0.4,"observed channels, physical fragment envelopes only",full library molecular channel occupancy inverse square-root weight,"[""p_glycerol"", ""sn1_fragment"", ""sn1_ketene_loss"", ""sn1_loss"", ""sn2_fragment"", ""sn2_ketene_loss"", ""sn2_loss""]"
32,PA 18:2_24:4,PA 18:1_24:4,0.6430180829137221,0.8073265060615505,PE O-16:1_24:4,0.7979265571499347,False,False,"[""PA 18:1_24:4"", ""PE O-16:1_24:4"", ""PA 18:2_24:6"", ""PA 18:2_24:5"", ""PE 16:0_24:4""]","[0.6430180829137221, 0.6398118823328658, 0.622652006575385, 0.6124190906315734, 0.5942747969932105]","[0.8073265060615505, 0.7979265571499347, 0.7889371184812881, 0.7019061368676954, 0.5385182800587024]","[""PE O-16:1_24:4"", ""PA 18:1_24:4"", ""PE 16:0_24:4"", ""PA 18:0_24:4"", ""PG 14:0_24:4""]",0.6430180829137221,0.6398118823328658,74,0.7708333333333334,"observed channels, physical fragment envelopes only",full library molecular channel occupancy inverse square-root weight,"[""p_glycerol"", ""sn1_fragment"", ""sn1_ketene_loss"", ""sn1_loss"", ""sn2_fragment"", ""sn2_fragment_co2"", ""sn2_ketene_loss"", ""sn2_loss""]"
33,PA 18:2_24:5,PA 18:2_24:6,0.8030418219161208,0.7287620130502495,PE O-16:1_24:5,0.4543428004441468,False,False,"[""PA 18:2_24:6"", ""PS 18:2_18:2"", ""PA 18:2_24:4"", ""PE O-20:1_18:2"", ""PE 20:0_18:2""]","[0.8030418219161208, 0.7158456097701843, 0.6124190906315734, 0.5872165789658127, 0.5798408898850035]","[0.7287620130502495, 0.7225250158271012, 0.6574070095106426, 0.5635334066387593, 0.4670554236089354]","[""PE O-16:1_24:5"", ""PE 16:0_24:5"", ""PA 18:1_24:5"", ""PA 18:0_24:5"", ""PS 18:2_18:2""]",0.8030418219161208,0.7158456097701843,65,0.6842105263157895,"observed channels, physical fragment envelopes only",full library molecular channel occupancy inverse square-root weight,"[""p_glycerol"", ""sn1_fragment"", ""sn1_ketene_loss"", ""sn1_loss"", ""sn2_fragment"", ""sn2_fragment_co2"", ""sn2_ketene_loss"", ""sn2_loss""]"
34,PA 18:2_24:6,PA 18:2_24:5,0.8030418219161208,0.7093321583343192,PE O-16:1_24:6,0.4543428004441468,False,False,"[""PA 18:2_24:5"", ""PS 18:2_18:2"", ""PE O-20:1_18:2"", ""PE 20:0_18:2"", ""PE O-20:0_18:2""]","[0.8030418219161208, 0.7708922809338663, 0.7033607392972441, 0.6945158817571504, 0.6919269458801685]","[0.7093321583343192, 0.7085982850893229, 0.5919805260881827, 0.5715046827666023, 0.47627873126533543]","[""PE O-16:1_24:6"", ""PE 16:0_24:6"", ""PA 18:0_24:6"", ""PA 18:1_24:6"", ""PS 18:2_18:2""]",0.8030418219161208,0.7708922809338663,65,0.6842105263157895,"observed channels, physical fragment envelopes only",full library molecular channel occupancy inverse square-root weight,"[""p_glycerol"", ""sn1_fragment"", ""sn1_ketene_loss"", ""sn1_loss"", ""sn2_fragment"", ""sn2_fragment_co2"", ""sn2_ketene_loss"", ""sn2_loss""]"
35,PA 20:0_20:0,PA 20:0_22:6,0.8971732206469059,0.7579947533001659,PA 20:0_22:6,0.7579947533001659,False,False,"[""PA 20:0_22:6"", ""PA 20:0_20:5"", ""PA 20:0_22:5"", ""PA 20:0_20:4"", ""PA 20:0_22:4""]","[0.8971732206469059, 0.8911438731700885, 0.856099241034912, 0.8205808884936594, 0.742624600110938]","[0.7579947533001659, 0.750656759217519, 0.6917611824074884, 0.6777452230149313, 0.6363882428178186]","[""PA 20:0_22:6"", ""PA 20:0_22:5"", ""PA 20:0_20:5"", ""PA 20:0_20:4"", ""PA 20:0_22:4""]",0.8971732206469059,0.4778346892636547,45,0.5357142857142857,"observed channels, physical fragment envelopes only",full library molecular channel occupancy inverse square-root weight,"[""p_glycerol"", ""sn1_fragment"", ""sn1_ketene_loss"", ""sn1_loss"", ""sn2_fragment"", ""sn2_ketene_loss"", ""sn2_loss""]"
36,PA 20:0_20:1,PE 17:0_20:1,0.6960378363717618,0.6322055716468823,PE 17:0_20:1,0.6322055716468823,False,False,"[""PE 17:0_20:1"", ""PA 20:1_22:6"", ""PE O-18:0_20:1"", ""PE 18:0_20:1"", ""PE O-20:1_20:1""]","[0.6960378363717618, 0.6915070441519637, 0.6706240063575983, 0.6680993941453964, 0.6583786726315316]","[0.6322055716468823, 0.5747275271952228, 0.5455483249275868, 0.5372525959380048, 0.5230150671980008]","[""PE 17:0_20:1"", ""PA 20:1_22:6"", ""PE O-18:0_20:1"", ""PE 18:0_20:1"", ""PE O-20:1_20:1""]",0.6915070441519637,0.6960378363717618,27,0.27835051546391754,"observed channels, physical fragment envelopes only",full library molecular channel occupancy inverse square-root weight,"[""p_glycerol"", ""sn1_fragment"", ""sn1_ketene_loss"", ""sn1_loss"", ""sn2_fragment"", ""sn2_ketene_loss"", ""sn2_loss""]"
37,PA 20:0_20:2,PA 20:0_22:6,0.6350781693902592,0.6813815582450634,PA 20:1_20:1,0.4746584064254232,False,False,"[""PA 20:0_22:6"", ""PA 20:0_22:5"", ""PA 20:0_20:5"", ""PA 20:0_20:0"", ""PA 20:0_20:4""]","[0.6350781693902592, 0.6283853115928489, 0.6171274407959813, 0.5915382760215089, 0.5860160105895487]","[0.6813815582450634, 0.6577659197022018, 0.4875304201597923, 0.4746584064254232, 0.46536010162605773]","[""PA 20:1_20:1"", ""PA 18:1_22:1"", ""PA 20:0_22:5"", ""PA 20:0_22:6"", ""PE 17:0_20:2""]",0.6350781693902592,0.5452633182209321,47,0.42342342342342343,"observed channels, physical fragment envelopes only",full library molecular channel occupancy inverse square-root weight,"[""p_glycerol"", ""sn1_fragment"", ""sn1_ketene_loss"", ""sn1_loss"", ""sn2_fragment"", ""sn2_ketene_loss"", ""sn2_loss""]"
38,PA 20:0_20:3,PA 20:0_22:6,0.7203920479350976,0.5944301284659138,PA 20:0_22:5,0.5808014156775475,False,False,"[""PA 20:0_22:6"", ""PA 20:0_22:5"", ""PA 20:0_20:5"", ""PA 20:0_20:4"", ""PA 20:0_20:0""]","[0.7203920479350976, 0.7104155280500546, 0.7029728020889214, 0.6814383697770388, 0.6796863398137354]","[0.5944301284659138, 0.5808014156775475, 0.5515425194420882, 0.551099964385387, 0.5409356024161982]","[""PA 20:0_22:5"", ""PA 20:0_22:6"", ""PA 20:0_20:4"", ""PA 20:1_20:2"", ""PA 20:0_20:0""]",0.7203920479350976,0.5773951194219923,46,0.38333333333333336,"observed channels, physical fragment envelopes only",full library molecular channel occupancy inverse square-root weight,"[""p_glycerol"", ""sn1_fragment"", ""sn1_ketene_loss"", ""sn1_loss"", ""sn2_fragment"", ""sn2_ketene_loss"", ""sn2_loss""]"
39,PA 20:0_20:4,PA 20:0_22:6,0.8619613483382684,0.7357146699441702,PA 20:0_22:5,0.7189893256635752,False,False,"[""PA 20:0_22:6"", ""PA 20:0_20:5"", ""PA 20:0_22:5"", ""PA 20:0_20:0"", ""PA 20:0_22:4""]","[0.8619613483382684, 0.8554357732048232, 0.8508471861064044, 0.8205808884936594, 0.7474435934773098]","[0.7357146699441702, 0.7189893256635752, 0.6777452230149313, 0.6622965554170318, 0.6335003184671435]","[""PA 20:0_22:5"", ""PA 20:0_22:6"", ""PA 20:0_20:0"", ""PA 20:0_20:5"", ""PA 20:0_22:4""]",0.8619613483382684,0.5340061006208731,45,0.3515625,"observed channels, physical fragment envelopes only",full library molecular channel occupancy inverse square-root weight,"[""p_glycerol"", ""sn1_fragment"", ""sn1_ketene_loss"", ""sn1_loss"", ""sn2_fragment"", ""sn2_fragment_co2"", ""sn2_ketene_loss"", ""sn2_loss""]"
40,PA 20:0_20:5,PA 20:0_22:6,0.9175683803888944,0.7308175861008175,PA 20:0_22:5,0.718064992369419,False,False,"[""PA 20:0_22:6"", ""PA 20:0_22:5"", ""PA 20:0_20:0"", ""PA 20:0_20:4"", ""PA 20:0_22:4""]","[0.9175683803888944, 0.9011849369001064, 0.8911438731700885, 0.8554357732048232, 0.7863178839035059]","[0.7308175861008175, 0.718064992369419, 0.6917611824074884, 0.6622965554170318, 0.6246476461278174]","[""PA 20:0_22:5"", ""PA 20:0_22:6"", ""PA 20:0_20:0"", ""PA 20:0_20:4"", ""PA 20:0_22:4""]",0.9175683803888944,0.561395706985786,45,0.3629032258064516,"observed channels, physical fragment envelopes only",full library molecular channel occupancy inverse square-root weight,"[""p_glycerol"", ""sn1_fragment"", ""sn1_ketene_loss"", ""sn1_loss"", ""sn2_fragment"", ""sn2_fragment_co2"", ""sn2_ketene_loss"", ""sn2_loss""]"
41,PA 20:0_22:1,PE O-18:1_22:1,0.7258338498182954,0.7340588528366471,PE O-18:1_22:1,0.7340588528366471,False,False,"[""PE O-18:1_22:1"", ""PE O-18:0_22:1"", ""PE O-16:0_22:1"", ""PE 17:0_22:1"", ""PA 22:1_20:5""]","[0.7258338498182954, 0.716495690682617, 0.7044532808219648, 0.7007703604346709, 0.681832134463364]","[0.7340588528366471, 0.7140284739079915, 0.7123307322363996, 0.6924410760446688, 0.6582671480678365]","[""PE O-18:1_22:1"", ""PE O-18:0_22:1"", ""PE 17:0_22:1"", ""PE O-16:0_22:1"", ""PE O-16:1_22:1""]",0.681832134463364,0.7258338498182954,23,0.27380952380952384,"observed channels, physical fragment envelopes only",full library molecular channel occupancy inverse square-root weight,"[""p_glycerol"", ""sn1_fragment"", ""sn1_ketene_loss"", ""sn1_loss"", ""sn2_fragment"", ""sn2_ketene_loss"", ""sn2_loss""]"
42,PA 20:0_22:2,PE O-18:2_22:2,0.653272612256965,0.6447983299307245,PE O-18:2_22:2,0.6447983299307245,False,False,"[""PE O-18:2_22:2"", ""PE O-18:1_22:2"", ""PE O-16:1_22:2"", ""PE O-18:0_22:2"", ""PE O-16:0_22:2""]","[0.653272612256965, 0.6507812197566533, 0.6422349012428162, 0.6397853693424254, 0.6382130243042742]","[0.6447983299307245, 0.6417779065021516, 0.6283184750407779, 0.6283144571775513, 0.6184920536258126]","[""PE O-18:2_22:2"", ""PE O-18:1_22:2"", ""PE 17:0_22:2"", ""PE O-16:1_22:2"", ""PE O-18:0_22:2""]",0.6163300860400779,0.653272612256965,18,0.2,"observed channels, physical fragment envelopes only",full library molecular channel occupancy inverse square-root weight,"[""p_glycerol"", ""sn1_fragment"", ""sn1_ketene_loss"", ""sn1_loss"", ""sn2_fragment"", ""sn2_ketene_loss"", ""sn2_loss""]"
43,PA 20:0_22:3,PA 22:3_22:6,0.6545603951566537,0.6480794207443012,PE O-18:2_22:3,0.612827463722803,False,False,"[""PA 22:3_22:6"", ""PA 20:0_22:6"", ""PA 20:0_22:5"", ""PE O-18:2_22:3"", ""PE O-18:3_22:3""]","[0.6545603951566537, 0.6524623187001788, 0.6512951181625293, 0.6411974721612103, 0.6407341662541222]","[0.6480794207443012, 0.6465441259035605, 0.6457175081053596, 0.6426432470835473, 0.637291290464512]","[""PE O-18:2_22:3"", ""PE O-18:3_22:3"", ""PE O-18:1_22:3"", ""PE O-16:1_22:3"", ""PE 17:0_22:3""]",0.6545603951566537,0.6411974721612103,44,0.3697478991596639,"observed channels, physical fragment envelopes only",full library molecular channel occupancy inverse square-root weight,"[""p_glycerol"", ""sn1_fragment"", ""sn1_ketene_loss"", ""sn1_loss"", ""sn2_fragment"", ""sn2_ketene_loss"", ""sn2_loss""]"
44,PA 20:0_22:4,PA 20:0_22:5,0.8117687782890112,0.7355085246834797,PA 20:0_22:5,0.7355085246834797,False,False,"[""PA 20:0_22:5"", ""PA 20:0_22:6"", ""PA 20:0_20:5"", ""PA 20:0_20:4"", ""PA 20:0_20:0""]","[0.8117687782890112, 0.8088139320429368, 0.7863178839035059, 0.7474435934773098, 0.742624600110938]","[0.7355085246834797, 0.7027021770451441, 0.6363882428178186, 0.6335003184671435, 0.6246476461278174]","[""PA 20:0_22:5"", ""PA 20:0_22:6"", ""PA 20:0_20:0"", ""PA 20:0_20:4"", ""PA 20:0_20:5""]",0.8117687782890112,0.5243154998182928,67,0.6633663366336634,"observed channels, physical fragment envelopes only",full library molecular channel occupancy inverse square-root weight,"[""p_glycerol"", ""sn1_fragment"", ""sn1_ketene_loss"", ""sn1_loss"", ""sn2_fragment"", ""sn2_fragment_co2"", ""sn2_ketene_loss"", ""sn2_loss""]"
45,PA 20:0_22:5,PA 20:0_22:6,0.9226231981720068,0.820949664304886,PA 20:0_22:6,0.820949664304886,False,False,"[""PA 20:0_22:6"", ""PA 20:0_20:5"", ""PA 20:0_20:0"", ""PA 20:0_20:4"", ""PA 20:0_22:4""]","[0.9226231981720068, 0.9011849369001064, 0.856099241034912, 0.8508471861064044, 0.8117687782890112]","[0.820949664304886, 0.750656759217519, 0.7357146699441702, 0.7355085246834797, 0.7308175861008175]","[""PA 20:0_22:6"", ""PA 20:0_20:0"", ""PA 20:0_20:4"", ""PA 20:0_22:4"", ""PA 20:0_20:5""]",0.9226231981720068,0.5917821710435544,68,0.6938775510204082,"observed channels, physical fragment envelopes only",full library molecular channel occupancy inverse square-root weight,"[""p_glycerol"", ""sn1_fragment"", ""sn1_ketene_loss"", ""sn1_loss"", ""sn2_fragment"", ""sn2_fragment_co2"", ""sn2_ketene_loss"", ""sn2_loss""]"
46,PA 20:0_22:6,PA 20:0_22:5,0.9226231981720068,0.820949664304886,PA 20:0_22:5,0.820949664304886,False,False,"[""PA 20:0_22:5"", ""PA 20:0_20:5"", ""PA 20:0_20:0"", ""PA 20:0_20:4"", ""PA 20:0_22:4""]","[0.9226231981720068, 0.9175683803888944, 0.8971732206469059, 0.8619613483382684, 0.8088139320429368]","[0.820949664304886, 0.7579947533001659, 0.7189893256635752, 0.718064992369419, 0.7027021770451441]","[""PA 20:0_22:5"", ""PA 20:0_20:0"", ""PA 20:0_20:4"", ""PA 20:0_20:5"", ""PA 20:0_22:4""]",0.9226231981720068,0.5726817689898102,68,0.6938775510204082,"observed channels, physical fragment envelopes only",full library molecular channel occupancy inverse square-root weight,"[""p_glycerol"", ""sn1_fragment"", ""sn1_ketene_loss"", ""sn1_loss"", ""sn2_fragment"", ""sn2_fragment_co2"", ""sn2_ketene_loss"", ""sn2_loss""]"
47,PA 20:1_20:1,PA 18:1_22:1,0.6587714299907945,0.8162413662462789,PA 18:1_22:1,0.8162413662462789,False,False,"[""PA 18:1_22:1"", ""PA 20:1_22:6"", ""PE 17:1_20:1"", ""PE 17:0_20:1"", ""PE O-18:0_20:1""]","[0.6587714299907945, 0.5938506452374036, 0.5599320218423165, 0.5467662690934837, 0.5443156166251936]","[0.8162413662462789, 0.6813815582450634, 0.5434803408705999, 0.49045469588764357, 0.3789202321897834]","[""PA 18:1_22:1"", ""PA 20:0_20:2"", ""PA 18:0_22:2"", ""PA 22:0_18:2"", ""PA 20:1_22:6""]",0.6587714299907945,0.5599320218423165,8,0.07272727272727272,"observed channels, physical fragment envelopes only",full library molecular channel occupancy inverse square-root weight,"[""p_glycerol"", ""sn1_fragment"", ""sn1_ketene_loss"", ""sn1_loss"", ""sn2_fragment"", ""sn2_ketene_loss"", ""sn2_loss""]"
48,PA 20:1_20:2,PE 20:1_20:2,0.6127851675683638,0.6482811401349536,PA 18:1_22:2,0.41644192301005717,False,False,"[""PE 20:1_20:2"", ""PA 20:2_22:6"", ""PE 17:1_20:2"", ""PE 20:2_20:2"", ""PE O-18:2_20:2""]","[0.6127851675683638, 0.6046116163419011, 0.6020898615208353, 0.5888254853060646, 0.588018324167862]","[0.6482811401349536, 0.6000176837844275, 0.551099964385387, 0.4280906406645555, 0.42074816705791196]","[""PA 18:1_22:2"", ""PA 22:1_18:2"", ""PA 20:0_20:3"", ""PE 17:1_20:2"", ""PE O-18:2_20:2""]",0.6046116163419011,0.6127851675683638,15,0.17647058823529413,"observed channels, physical fragment envelopes only",full library molecular channel occupancy inverse square-root weight,"[""p_glycerol"", ""sn1_fragment"", ""sn1_ketene_loss"", ""sn1_loss"", ""sn2_fragment"", ""sn2_ketene_loss"", ""sn2_loss""]"
49,PA 20:1_20:3,PE 20:1_20:3,0.6701440161547987,0.7308885670937746,PA 20:2_20:2,0.510303304915343,False,False,"[""PE 20:1_20:3"", ""PA 20:3_22:6"", ""PE 20:3_20:3"", ""PE O-18:3_20:3"", ""PE O-18:2_20:3""]","[0.6701440161547987, 0.6336669739795541, 0.5973835106336312, 0.594806790428018, 0.5935978989664646]","[0.7308885670937746, 0.720760690959702, 0.510303304915343, 0.46158340002054327, 0.46109741575195884]","[""PA 20:2_20:2"", ""PA 18:2_22:2"", ""PE 20:1_20:3"", ""PE O-18:2_20:3"", ""PE 20:3_20:3""]",0.6336669739795541,0.6701440161547987,19,0.17757009345794392,"observed channels, physical fragment envelopes only",full library molecular channel occupancy inverse square-root weight,"[""p_glycerol"", ""sn1_fragment"", ""sn1_ketene_loss"", ""sn1_loss"", ""sn2_fragment"", ""sn2_ketene_loss"", ""sn2_loss""]"
50,PA 20:1_20:4,PA 20:1_22:6,0.7773054887825933,0.6763648246761609,PA 20:2_20:3,0.5371854444595305,False,False,"[""PA 20:1_22:6"", ""PA 20:1_22:5"", ""PE O-18:0_20:1"", ""PE 17:0_20:1"", ""PE 18:0_20:1""]","[0.7773054887825933, 0.7343619915657323, 0.6550852033487917, 0.6549397948478679, 0.6530973884752419]","[0.6763648246761609, 0.5555911740048043, 0.5371854444595305, 0.49314596651812803, 0.48147125974121563]","[""PA 20:2_20:3"", ""PA 18:2_22:3"", ""PA 20:1_22:6"", ""PA 20:1_22:5"", ""PE 20:1_20:4""]",0.7773054887825933,0.6550852033487917,44,0.352,"observed channels, physical fragment envelopes only",full library molecular channel occupancy inverse square-root weight,"[""p_glycerol"", ""sn1_fragment"", ""sn1_ketene_loss"", ""sn1_loss"", ""sn2_fragment"", ""sn2_fragment_co2"", ""sn2_ketene_loss"", ""sn2_loss""]"
51,PA 22:0_20:1,PA 20:1_22:6,0.7558192273979839,0.5580968154713686,PA 20:1_22:6,0.5580968154713686,False,False,"[""PA 20:1_22:6"", ""PE O-18:0_20:1"", ""PE 17:0_20:1"", ""PE 18:0_20:1"", ""PE O-20:1_20:1""]","[0.7558192273979839, 0.7223849105996656, 0.7221628185865732, 0.720183104007497, 0.7164017644815507]","[0.5580968154713686, 0.538540481677552, 0.5183513652848034, 0.5145037110305887, 0.5118165116853877]","[""PA 20:1_22:6"", ""PE 17:0_20:1"", ""PE O-18:0_20:1"", ""PE O-20:1_20:1"", ""PE 18:0_20:1""]",0.7558192273979839,0.7223849105996656,44,0.39285714285714285,"observed channels, physical fragment envelopes only",full library molecular channel occupancy inverse square-root weight,"[""p_glycerol"", ""sn1_fragment"", ""sn1_ketene_loss"", ""sn1_loss"", ""sn2_fragment"", ""sn2_ketene_loss"", ""sn2_loss""]"
52,PA 20:1_22:1,PE O-18:1_22:1,0.7105340184716675,0.6096248940098661,PE O-18:1_22:1,0.6096248940098661,False,False,"[""PE O-18:1_22:1"", ""PE O-18:0_22:1"", ""PE O-16:0_22:1"", ""PE 17:0_22:1"", ""PA 22:1_20:5""]","[0.7105340184716675, 0.7011695608931651, 0.6899609502674442, 0.6718624660478554, 0.6705978475706283]","[0.6096248940098661, 0.5923388235502728, 0.5755966221883788, 0.5704921831272084, 0.5471892988928794]","[""PE O-18:1_22:1"", ""PE O-18:0_22:1"", ""PE O-16:0_22:1"", ""PE 17:0_22:1"", ""PE O-16:1_22:1""]",0.6705978475706283,0.7105340184716675,19,0.21839080459770116,"observed channels, physical fragment envelopes only",full library molecular channel occupancy inverse square-root weight,"[""p_glycerol"", ""sn1_fragment"", ""sn1_ketene_loss"", ""sn1_loss"", ""sn2_fragment"", ""sn2_ketene_loss"", ""sn2_loss""]"
53,PA 20:1_22:2,PE O-18:2_22:2,0.8163714082169534,0.7650313053728792,PE O-18:2_22:2,0.7650313053728792,False,False,"[""PE O-18:2_22:2"", ""PE O-18:1_22:2"", ""PE O-16:1_22:2"", ""PE O-18:0_22:2"", ""PE O-16:0_22:2""]","[0.8163714082169534, 0.8127195170199503, 0.8023665493817098, 0.7985609178862988, 0.7973418776999637]","[0.7650313053728792, 0.7607924368802199, 0.7451869718847894, 0.7319852091510192, 0.7271251429860224]","[""PE O-18:2_22:2"", ""PE O-18:1_22:2"", ""PE O-16:1_22:2"", ""PE O-18:0_22:2"", ""PE O-16:0_22:2""]",0.6094776852058064,0.8163714082169534,24,0.2891566265060241,"observed channels, physical fragment envelopes only",full library molecular channel occupancy inverse square-root weight,"[""p_glycerol"", ""sn1_fragment"", ""sn1_ketene_loss"", ""sn1_loss"", ""sn2_fragment"", ""sn2_ketene_loss"", ""sn2_loss""]"
54,PA 20:1_22:3,PE O-18:2_22:3,0.8136488285398458,0.799345272126187,PE O-18:2_22:3,0.799345272126187,False,False,"[""PE O-18:2_22:3"", ""PE O-18:3_22:3"", ""PE O-18:1_22:3"", ""PA 22:3_22:6"", ""PE O-16:1_22:3""]","[0.8136488285398458, 0.8129681424237235, 0.8110333047449126, 0.8082835217214092, 0.807192501778762]","[0.799345272126187, 0.7973444282889677, 0.7956753300155192, 0.7924851169513976, 0.7816868911550205]","[""PE O-18:2_22:3"", ""PE O-18:3_22:3"", ""PE O-18:1_22:3"", ""PE O-16:1_22:3"", ""PE 18:1_22:3""]",0.8082835217214092,0.8136488285398458,24,0.27906976744186046,"observed channels, physical fragment envelopes only",full library molecular channel occupancy inverse square-root weight,"[""p_glycerol"", ""sn1_fragment"", ""sn1_ketene_loss"", ""sn1_loss"", ""sn2_fragment"", ""sn2_ketene_loss"", ""sn2_loss""]"
55,PA 20:1_22:4,PA 22:4_22:6,0.7254488250437023,0.7086813975780202,PE O-16:1_22:4,0.6710911760606958,False,False,"[""PA 22:4_22:6"", ""PE O-16:1_22:4"", ""PE O-18:3_22:4"", ""PE O-18:2_22:4"", ""PE O-18:1_22:4""]","[0.7254488250437023, 0.6916816375663524, 0.6912361979103802, 0.690152527710376, 0.688565268346982]","[0.7086813975780202, 0.7073393135218883, 0.7069426161619855, 0.704276787598061, 0.7009761620474131]","[""PE O-16:1_22:4"", ""PE O-18:2_22:4"", ""PE O-18:3_22:4"", ""PE O-18:1_22:4"", ""PE 18:1_22:4""]",0.7254488250437023,0.6916816375663524,52,0.46017699115044247,"observed channels, physical fragment envelopes only",full library molecular channel occupancy inverse square-root weight,"[""p_glycerol"", ""sn1_fragment"", ""sn1_ketene_loss"", ""sn1_loss"", ""sn2_fragment"", ""sn2_fragment_co2"", ""sn2_ketene_loss"", ""sn2_loss""]"
56,PA 20:1_22:5,PA 20:1_22:6,0.8753112943446176,0.7662033552101731,PA 20:1_22:6,0.7662033552101731,False,False,"[""PA 20:1_22:6"", ""PA 20:1_20:4"", ""PE O-18:0_20:1"", ""PE 17:0_20:1"", ""PE 18:0_20:1""]","[0.8753112943446176, 0.7343619915657323, 0.7238824851523771, 0.7237225887108791, 0.7217022682357848]","[0.7662033552101731, 0.6191118537799656, 0.5958477495105958, 0.5883559960448911, 0.5727477113882328]","[""PA 20:1_22:6"", ""PE 17:0_20:1"", ""PE O-18:0_20:1"", ""PE 18:0_20:1"", ""PE O-20:1_20:1""]",0.8753112943446176,0.7238824851523771,66,0.6947368421052632,"observed channels, physical fragment envelopes only",full library molecular channel occupancy inverse square-root weight,"[""p_glycerol"", ""sn1_fragment"", ""sn1_ketene_loss"", ""sn1_loss"", ""sn2_fragment"", ""sn2_fragment_co2"", ""sn2_ketene_loss"", ""sn2_loss""]"
57,PA 20:1_22:6,PA 20:1_22:5,0.8753112943446176,0.7662033552101731,PA 20:1_22:5,0.7662033552101731,False,False,"[""PA 20:1_22:5"", ""PE O-18:0_20:1"", ""PE 17:0_20:1"", ""PE 18:0_20:1"", ""PE O-20:1_20:1""]","[0.8753112943446176, 0.8460423135518658, 0.8458278535091274, 0.843555069349514, 0.8311959963650224]","[0.7662033552101731, 0.741847055555905, 0.7139952547012979, 0.7050494131343554, 0.6863148322596524]","[""PA 20:1_22:5"", ""PE 17:0_20:1"", ""PE O-18:0_20:1"", ""PE 18:0_20:1"", ""PE O-20:1_20:1""]",0.8753112943446176,0.8460423135518658,66,0.6947368421052632,"observed channels, physical fragment envelopes only",full library molecular channel occupancy inverse square-root weight,"[""p_glycerol"", ""sn1_fragment"", ""sn1_ketene_loss"", ""sn1_loss"", ""sn2_fragment"", ""sn2_fragment_co2"", ""sn2_ketene_loss"", ""sn2_loss""]"
58,PA 20:2_20:2,PA 18:2_22:2,0.7219248651972726,0.8527237893796353,PA 18:2_22:2,0.8527237893796353,False,False,"[""PA 18:2_22:2"", ""PA 20:2_22:6"", ""PA 20:1_20:3"", ""PE 20:2_20:2"", ""PE O-20:2_20:2""]","[0.7219248651972726, 0.5600440136602192, 0.5300023140851282, 0.496729840338439, 0.494101859581587]","[0.8527237893796353, 0.7308885670937746, 0.4848691407139229, 0.3890673367269277, 0.34354730319630117]","[""PA 18:2_22:2"", ""PA 20:1_20:3"", ""PA 18:1_22:3"", ""PA 20:0_20:4"", ""PA 20:2_22:6""]",0.7219248651972726,0.496729840338439,8,0.07339449541284404,"observed channels, physical fragment envelopes only",full library molecular channel occupancy inverse square-root weight,"[""p_glycerol"", ""sn1_fragment"", ""sn1_ketene_loss"", ""sn1_loss"", ""sn2_fragment"", ""sn2_ketene_loss"", ""sn2_loss""]"
59,PA 20:2_20:3,PE 20:2_20:3,0.5477421329750872,0.707983089472751,PA 18:2_22:3,0.29739449904889365,False,False,"[""PE 20:2_20:3"", ""PA 20:3_22:6"", ""PA 20:2_22:6"", ""PA 20:3_22:4"", ""PA 18:2_22:3""]","[0.5477421329750872, 0.5252241686619639, 0.49559574312805843, 0.46855256180551186, 0.445179676543757]","[0.707983089472751, 0.6763648246761609, 0.3545345004518434, 0.32820419126076356, 0.29739449904889365]","[""PA 18:2_22:3"", ""PA 20:1_20:4"", ""PA 20:0_20:5"", ""PA 18:1_22:4"", ""PE 20:2_20:3""]",0.5252241686619639,0.5477421329750872,14,0.16470588235294117,"observed channels, physical fragment envelopes only",full library molecular channel occupancy inverse square-root weight,"[""p_glycerol"", ""sn1_fragment"", ""sn1_ketene_loss"", ""sn1_loss"", ""sn2_fragment"", ""sn2_ketene_loss"", ""sn2_loss""]"
60,PA 22:1_20:2,PA 20:2_22:6,0.7098522796349532,0.5141646882349798,PE O-20:2_20:2,0.4971317662681065,False,False,"[""PA 20:2_22:6"", ""PE 20:2_20:2"", ""PE O-20:2_20:2"", ""PE O-18:2_20:2"", ""PE O-20:1_20:2""]","[0.7098522796349532, 0.6782173938097334, 0.676574169515324, 0.6710879599939512, 0.6705700821626968]","[0.5141646882349798, 0.5124002602972973, 0.5030330669827285, 0.4971317662681065, 0.49644135887441937]","[""PE O-20:2_20:2"", ""PE 20:2_20:2"", ""PE O-18:2_20:2"", ""PA 20:2_22:6"", ""PE O-20:1_20:2""]",0.7098522796349532,0.6782173938097334,43,0.3805309734513274,"observed channels, physical fragment envelopes only",full library molecular channel occupancy inverse square-root weight,"[""p_glycerol"", ""sn1_fragment"", ""sn1_ketene_loss"", ""sn1_loss"", ""sn2_fragment"", ""sn2_ketene_loss"", ""sn2_loss""]"
61,PA 20:2_22:4,PA 22:4_22:6,0.656644505213107,0.5942547521256569,PA 22:4_22:6,0.5942547521256569,False,False,"[""PA 22:4_22:6"", ""PA 20:2_22:6"", ""PA 22:4_22:5"", ""PA 20:1_22:4"", ""PA 20:3_22:4""]","[0.656644505213107, 0.6503828291819364, 0.6128190944864937, 0.5519727852954305, 0.5204372026974393]","[0.5942547521256569, 0.5398156947820423, 0.529750573097133, 0.5265343852215271, 0.5260350597663249]","[""PA 22:4_22:6"", ""PA 20:1_22:4"", ""PA 20:2_22:6"", ""PA 22:4_22:5"", ""PE O-16:1_22:4""]",0.656644505213107,0.5171289818422392,51,0.45132743362831856,"observed channels, physical fragment envelopes only",full library molecular channel occupancy inverse square-root weight,"[""p_glycerol"", ""sn1_fragment"", ""sn1_ketene_loss"", ""sn1_loss"", ""sn2_fragment"", ""sn2_fragment_co2"", ""sn2_ketene_loss"", ""sn2_loss""]"
62,PA 20:2_22:6,PE 20:2_20:2,0.8852934169678419,0.7803276048514198,PE 20:2_20:2,0.7803276048514198,False,False,"[""PE 20:2_20:2"", ""PE O-20:2_20:2"", ""PE O-18:2_20:2"", ""PE O-20:1_20:2"", ""PE O-18:1_20:2""]","[0.8852934169678419, 0.8806097154424884, 0.8759882912563247, 0.8739727595192756, 0.8606366828588918]","[0.7803276048514198, 0.7767969761858959, 0.7660637918643611, 0.7522603776604455, 0.7272259980569012]","[""PE 20:2_20:2"", ""PE O-20:2_20:2"", ""PE O-18:2_20:2"", ""PE O-20:1_20:2"", ""PE O-18:1_20:2""]",0.7098522796349532,0.8852934169678419,10,0.1,"observed channels, physical fragment envelopes only",full library molecular channel occupancy inverse square-root weight,"[""p_glycerol"", ""sn1_fragment"", ""sn1_ketene_loss"", ""sn1_loss"", ""sn2_fragment"", ""sn2_fragment_co2"", ""sn2_ketene_loss"", ""sn2_loss""]"
63,PA 22:0_20:3,PA 20:3_22:6,0.6042594490864949,0.5572660427596677,PA 22:0_20:4,0.40369731415221977,False,False,"[""PA 20:3_22:6"", ""PE 20:3_20:3"", ""PE O-18:3_20:3"", ""PE O-18:2_20:3"", ""PE O-20:3_20:3""]","[0.6042594490864949, 0.578559616411351, 0.5757746915809077, 0.5740175218914714, 0.5739228156723599]","[0.5572660427596677, 0.5046480029435141, 0.48987289101084475, 0.48338106857916147, 0.4650335543725622]","[""PA 22:0_20:4"", ""PA 22:0_18:1"", ""PA 22:1_20:2"", ""PA 22:0_18:2"", ""PE O-16:1_22:0""]",0.6042594490864949,0.578559616411351,45,0.391304347826087,"observed channels, physical fragment envelopes only",full library molecular channel occupancy inverse square-root weight,"[""p_glycerol"", ""sn1_fragment"", ""sn1_ketene_loss"", ""sn1_loss"", ""sn2_fragment"", ""sn2_ketene_loss"", ""sn2_loss""]"
64,PA 22:1_20:3,PA 20:3_22:6,0.6924512397619078,0.5662684870297038,PE 20:3_20:3,0.5184588387459038,False,False,"[""PA 20:3_22:6"", ""PE 20:3_20:3"", ""PE O-20:2_20:3"", ""PE O-18:3_20:3"", ""PE O-20:3_20:3""]","[0.6924512397619078, 0.6577117226898584, 0.6557274839955857, 0.6545460409844593, 0.6526518276166049]","[0.5662684870297038, 0.5662611406837439, 0.564414236358152, 0.5632507040560648, 0.5616014747265411]","[""PE 20:3_20:3"", ""PE O-20:2_20:3"", ""PE O-18:2_20:3"", ""PE O-18:3_20:3"", ""PE O-20:3_20:3""]",0.6924512397619078,0.6577117226898584,45,0.3879310344827586,"observed channels, physical fragment envelopes only",full library molecular channel occupancy inverse square-root weight,"[""p_glycerol"", ""sn1_fragment"", ""sn1_ketene_loss"", ""sn1_loss"", ""sn2_fragment"", ""sn2_ketene_loss"", ""sn2_loss""]"
65,PA 20:3_22:3,PA 22:3_22:6,0.6204344088774707,0.5443211375345952,PA 22:3_22:6,0.5443211375345952,False,False,"[""PA 22:3_22:6"", ""PA 22:3_20:4"", ""PA 20:3_22:6"", ""PA 20:3_22:4"", ""PA 18:2_22:3""]","[0.6204344088774707, 0.5704523635760514, 0.5460123148303043, 0.5318328403329525, 0.5111528027924995]","[0.5443211375345952, 0.4618473292537937, 0.4549606642071452, 0.443553076713437, 0.421984797550795]","[""PA 22:3_22:6"", ""PA 22:2_20:4"", ""PA 20:1_22:3"", ""PA 22:3_20:4"", ""PA 18:1_22:3""]",0.6204344088774707,0.427838642102478,44,0.3697478991596639,"observed channels, physical fragment envelopes only",full library molecular channel occupancy inverse square-root weight,"[""p_glycerol"", ""sn1_fragment"", ""sn1_ketene_loss"", ""sn1_loss"", ""sn2_fragment"", ""sn2_ketene_loss"", ""sn2_loss""]"
66,PA 20:3_22:4,PA 20:3_22:6,0.708576163637499,0.5443139938498923,PA 20:3_22:6,0.5443139938498923,False,False,"[""PA 20:3_22:6"", ""PA 22:4_22:6"", ""PA 22:4_22:5"", ""PE 20:3_20:3"", ""PE O-18:3_20:3""]","[0.708576163637499, 0.6122687328033058, 0.5860766881685654, 0.5640040439640356, 0.561219944094168]","[0.5443139938498923, 0.5409575713082372, 0.49742822209233145, 0.4918412663981697, 0.4818038572620152]","[""PA 20:3_22:6"", ""PA 22:4_22:6"", ""PA 20:4_22:4"", ""PA 22:4_22:5"", ""PA 20:2_22:4""]",0.708576163637499,0.5640040439640356,54,0.46551724137931033,"observed channels, physical fragment envelopes only",full library molecular channel occupancy inverse square-root weight,"[""p_glycerol"", ""sn1_fragment"", ""sn1_ketene_loss"", ""sn1_loss"", ""sn2_fragment"", ""sn2_fragment_co2"", ""sn2_ketene_loss"", ""sn2_loss""]"
67,PA 20:3_22:6,PE 20:3_20:3,0.8481349026817356,0.7200064497408674,PE 20:3_20:3,0.7200064497408674,False,False,"[""PE 20:3_20:3"", ""PE O-18:3_20:3"", ""PE O-18:2_20:3"", ""PE O-20:3_20:3"", ""PE O-20:2_20:3""]","[0.8481349026817356, 0.8440538419409536, 0.841476450033904, 0.8413376139204948, 0.8404948459648635]","[0.7200064497408674, 0.717648776037557, 0.7161708434964277, 0.713665916090384, 0.7123723509920651]","[""PE 20:3_20:3"", ""PE O-18:2_20:3"", ""PE O-18:3_20:3"", ""PE O-20:3_20:3"", ""PE O-20:2_20:3""]",0.708576163637499,0.8481349026817356,14,0.1414141414141414,"observed channels, physical fragment envelopes only",full library molecular channel occupancy inverse square-root weight,"[""p_glycerol"", ""sn1_fragment"", ""sn1_ketene_loss"", ""sn1_loss"", ""sn2_fragment"", ""sn2_fragment_co2"", ""sn2_ketene_loss"", ""sn2_loss""]"
68,PA 22:0_20:4,PA 22:0_18:2,0.6086104746300954,0.608321300719853,PA 22:0_18:1,0.5824136097006838,False,False,"[""PA 22:0_18:2"", ""PA 22:0_18:1"", ""PE O-16:1_22:0"", ""PA 22:0_20:3"", ""PA 18:0_22:0""]","[0.6086104746300954, 0.5895324563771646, 0.5676943099590229, 0.5360831406572645, 0.5215614728458184]","[0.608321300719853, 0.5824136097006838, 0.5585460971446883, 0.5572660427596677, 0.491363549686738]","[""PA 22:0_18:1"", ""PA 22:0_18:2"", ""PE O-16:1_22:0"", ""PA 22:0_20:3"", ""PA 18:0_22:0""]",0.6086104746300954,0.5676943099590229,39,0.3333333333333333,"observed channels, physical fragment envelopes only",full library molecular channel occupancy inverse square-root weight,"[""p_glycerol"", ""sn1_fragment"", ""sn1_ketene_loss"", ""sn1_loss"", ""sn2_fragment"", ""sn2_fragment_co2"", ""sn2_ketene_loss"", ""sn2_loss""]"
69,PA 22:1_20:4,PA 22:1_20:5,0.6692801545595404,0.5938656846135876,PA 22:1_20:5,0.5938656846135876,False,False,"[""PA 22:1_20:5"", ""PE O-18:1_22:1"", ""PE O-18:0_22:1"", ""PE O-16:0_22:1"", ""PE 17:0_22:1""]","[0.6692801545595404, 0.5843055387662407, 0.5767474381702455, 0.5675412077066101, 0.5516080411548994]","[0.5938656846135876, 0.581687658296631, 0.5654714910598139, 0.5495225631105709, 0.5423980126968682]","[""PA 22:1_20:5"", ""PE O-18:1_22:1"", ""PE O-18:0_22:1"", ""PE O-16:0_22:1"", ""PE 17:0_22:1""]",0.6692801545595404,0.5843055387662407,65,0.6565656565656566,"observed channels, physical fragment envelopes only",full library molecular channel occupancy inverse square-root weight,"[""p_glycerol"", ""sn1_fragment"", ""sn1_ketene_loss"", ""sn1_loss"", ""sn2_fragment"", ""sn2_fragment_co2"", ""sn2_ketene_loss"", ""sn2_loss""]"
70,PA 22:2_20:4,PE O-18:2_22:2,0.565747876781886,0.5219758615783486,PE O-18:2_22:2,0.5219758615783486,False,False,"[""PE O-18:2_22:2"", ""PA 20:1_22:2"", ""PE O-18:1_22:2"", ""PE O-16:1_22:2"", ""PE O-18:0_22:2""]","[0.565747876781886, 0.5649807691457043, 0.5634125979163402, 0.5562488462027694, 0.5535881155602259]","[0.5219758615783486, 0.5193735215071372, 0.5087464096503714, 0.49968850234640455, 0.4964154229974588]","[""PE O-18:2_22:2"", ""PE O-18:1_22:2"", ""PE O-16:1_22:2"", ""PE O-18:0_22:2"", ""PE O-16:0_22:2""]",0.5649807691457043,0.565747876781886,8,0.07476635514018691,"observed channels, physical fragment envelopes only",full library molecular channel occupancy inverse square-root weight,"[""p_glycerol"", ""sn1_fragment"", ""sn1_ketene_loss"", ""sn1_loss"", ""sn2_fragment"", ""sn2_fragment_co2"", ""sn2_ketene_loss"", ""sn2_loss""]"
71,PA 22:3_20:4,PA 22:3_22:6,0.7294436007645672,0.5550966377247715,PA 22:3_22:6,0.5550966377247715,False,False,"[""PA 22:3_22:6"", ""PA 20:1_22:3"", ""PE O-18:2_22:3"", ""PE O-18:3_22:3"", ""PE O-18:1_22:3""]","[0.7294436007645672, 0.6367344962531349, 0.6324621623865412, 0.6320214258073651, 0.630507607646598]","[0.5550966377247715, 0.5329886373752263, 0.5317416953829693, 0.5305974435066435, 0.5285285153325133]","[""PA 22:3_22:6"", ""PE O-18:2_22:3"", ""PE O-18:3_22:3"", ""PE O-18:1_22:3"", ""PE O-16:1_22:3""]",0.7294436007645672,0.6324621623865412,43,0.33858267716535434,"observed channels, physical fragment envelopes only",full library molecular channel occupancy inverse square-root weight,"[""p_glycerol"", ""sn1_fragment"", ""sn1_ketene_loss"", ""sn1_loss"", ""sn2_fragment"", ""sn2_fragment_co2"", ""sn2_ketene_loss"", ""sn2_loss""]"
72,PA 20:4_22:4,PA 20:4_22:6,0.6353761261608485,0.5272672474929905,PA 22:4_22:6,0.5149237212663228,False,False,"[""PA 20:4_22:6"", ""PA 22:4_22:6"", ""PA 22:4_22:5"", ""PA 20:4_22:5"", ""PA 20:3_22:4""]","[0.6353761261608485, 0.6312868329982754, 0.6069362740412483, 0.6028193989263981, 0.5586465399809071]","[0.5272672474929905, 0.5165537280160738, 0.5149237212663228, 0.503003270228195, 0.49742822209233145]","[""PA 22:4_22:6"", ""PA 20:4_22:5"", ""PA 20:4_22:6"", ""PE 20:4_20:4"", ""PA 20:3_22:4""]",0.6353761261608485,0.5270894642866026,61,0.49193548387096775,"observed channels, physical fragment envelopes only",full library molecular channel occupancy inverse square-root weight,"[""p_glycerol"", ""sn1_fragment"", ""sn1_fragment_co2"", ""sn1_ketene_loss"", ""sn1_loss"", ""sn2_fragment"", ""sn2_fragment_co2"", ""sn2_ketene_loss"", ""sn2_loss""]"
73,PA 20:4_22:5,PA 20:4_22:6,0.7982095714094045,0.6711241261281902,PA 20:4_22:6,0.6711241261281902,False,False,"[""PA 20:4_22:6"", ""PE 20:4_20:4"", ""PE O-18:2_20:4"", ""PE O-20:3_20:4"", ""PE O-20:2_20:4""]","[0.7982095714094045, 0.663850180984282, 0.6497768569402, 0.6485262227819807, 0.635642404263872]","[0.6711241261281902, 0.601660504674986, 0.5855245295569586, 0.5749732698003213, 0.5703899884469805]","[""PA 20:4_22:6"", ""PE 20:4_20:4"", ""PE O-20:3_20:4"", ""PE O-20:2_20:4"", ""PE 20:2_20:4""]",0.7982095714094045,0.663850180984282,76,0.7169811320754716,"observed channels, physical fragment envelopes only",full library molecular channel occupancy inverse square-root weight,"[""p_glycerol"", ""sn1_fragment"", ""sn1_fragment_co2"", ""sn1_ketene_loss"", ""sn1_loss"", ""sn2_fragment"", ""sn2_fragment_co2"", ""sn2_ketene_loss"", ""sn2_loss""]"
74,PA 20:4_22:6,PA 20:4_22:5,0.7982095714094045,0.6902678026652926,PE 20:4_20:4,0.6711241261281902,False,False,"[""PA 20:4_22:5"", ""PE 20:4_20:4"", ""PE O-18:2_20:4"", ""PE O-20:3_20:4"", ""PE O-20:2_20:4""]","[0.7982095714094045, 0.7848639622995441, 0.7681951743728146, 0.7665683699327244, 0.7515114591902178]","[0.6902678026652926, 0.6716593146568689, 0.6711241261281902, 0.6596548098445767, 0.6546628009401458]","[""PE 20:4_20:4"", ""PE O-20:3_20:4"", ""PA 20:4_22:5"", ""PE O-20:2_20:4"", ""PE 20:2_20:4""]",0.7982095714094045,0.7848639622995441,76,0.7169811320754716,"observed channels, physical fragment envelopes only",full library molecular channel occupancy inverse square-root weight,"[""p_glycerol"", ""sn1_fragment"", ""sn1_fragment_co2"", ""sn1_ketene_loss"", ""sn1_loss"", ""sn2_fragment"", ""sn2_fragment_co2"", ""sn2_ketene_loss"", ""sn2_loss""]"
75,PA 22:1_20:5,PE O-18:1_22:1,0.811451302003605,0.7486150597330697,PE O-18:1_22:1,0.7486150597330697,False,False,"[""PE O-18:1_22:1"", ""PE O-18:0_22:1"", ""PE O-16:0_22:1"", ""PE 17:0_22:1"", ""PE O-16:1_22:1""]","[0.811451302003605, 0.8009550287997924, 0.7881699237572288, 0.7660428209096792, 0.7618815309638097]","[0.7486150597330697, 0.7277453252086945, 0.7072195198709893, 0.6980504311571246, 0.6723162338421309]","[""PE O-18:1_22:1"", ""PE O-18:0_22:1"", ""PE O-16:0_22:1"", ""PE 17:0_22:1"", ""PE O-16:1_22:1""]",0.681832134463364,0.811451302003605,7,0.06796116504854369,"observed channels, physical fragment envelopes only",full library molecular channel occupancy inverse square-root weight,"[""p_glycerol"", ""sn1_fragment"", ""sn1_ketene_loss"", ""sn1_loss"", ""sn2_fragment"", ""sn2_fragment_co2"", ""sn2_ketene_loss"", ""sn2_loss""]"
76,PA 22:3_22:6,PE O-18:2_22:3,0.8510618059319754,0.786777429728176,PE O-18:2_22:3,0.786777429728176,False,False,"[""PE O-18:2_22:3"", ""PE O-18:3_22:3"", ""PE O-18:1_22:3"", ""PE O-16:1_22:3"", ""PE O-16:0_22:3""]","[0.8510618059319754, 0.8504633182003671, 0.8484316930520466, 0.844464583665799, 0.8383686221971386]","[0.786777429728176, 0.7849293847990968, 0.783247640860855, 0.78019356731473, 0.7695788597540805]","[""PE O-18:2_22:3"", ""PE O-18:3_22:3"", ""PE O-18:1_22:3"", ""PE O-16:1_22:3"", ""PE 18:1_22:3""]",0.8082835217214092,0.8510618059319754,9,0.08571428571428572,"observed channels, physical fragment envelopes only",full library molecular channel occupancy inverse square-root weight,"[""p_glycerol"", ""sn1_fragment"", ""sn1_ketene_loss"", ""sn1_loss"", ""sn2_fragment"", ""sn2_fragment_co2"", ""sn2_ketene_loss"", ""sn2_loss""]"
77,PA 22:4_22:5,PA 22:4_22:6,0.8242771610536952,0.6905912927752346,PA 22:4_22:6,0.6905912927752346,False,False,"[""PA 22:4_22:6"", ""PE O-16:1_22:4"", ""PE O-18:3_22:4"", ""PE O-18:2_22:4"", ""PE O-18:1_22:4""]","[0.8242771610536952, 0.6792009880828376, 0.6790793916971142, 0.6775351592516456, 0.6762420982045964]","[0.6905912927752346, 0.6139276637654199, 0.6125917004701474, 0.6124316995824521, 0.609831395575041]","[""PA 22:4_22:6"", ""PE O-16:1_22:4"", ""PE O-18:3_22:4"", ""PE O-18:2_22:4"", ""PE O-18:1_22:4""]",0.8242771610536952,0.6792009880828376,64,0.7901234567901234,"observed channels, physical fragment envelopes only",full library molecular channel occupancy inverse square-root weight,"[""p_glycerol"", ""sn1_fragment"", ""sn1_fragment_co2"", ""sn1_ketene_loss"", ""sn1_loss"", ""sn2_fragment"", ""sn2_fragment_co2"", ""sn2_ketene_loss"", ""sn2_loss""]"
78,PA 22:4_22:6,PA 22:4_22:5,0.8242771610536952,0.7545029308211287,PE O-16:1_22:4,0.6905912927752346,False,False,"[""PA 22:4_22:5"", ""PE O-16:1_22:4"", ""PE O-18:3_22:4"", ""PE O-18:2_22:4"", ""PE O-18:1_22:4""]","[0.8242771610536952, 0.8063818004289947, 0.8061894016147437, 0.8043587284893936, 0.8027799538435088]","[0.7545029308211287, 0.7528307297418376, 0.7526357501384819, 0.7494125888386167, 0.7468323467992901]","[""PE O-16:1_22:4"", ""PE O-18:3_22:4"", ""PE O-18:2_22:4"", ""PE O-18:1_22:4"", ""PE 18:1_22:4""]",0.8242771610536952,0.8063818004289947,64,0.7901234567901234,"observed channels, physical fragment envelopes only",full library molecular channel occupancy inverse square-root weight,"[""p_glycerol"", ""sn1_fragment"", ""sn1_fragment_co2"", ""sn1_ketene_loss"", ""sn1_loss"", ""sn2_fragment"", ""sn2_fragment_co2"", ""sn2_ketene_loss"", ""sn2_loss""]"
79,PA 22:5_22:5,PA 22:5_22:6,0.8877391657585793,0.8041251502839762,PA 22:5_22:6,0.8041251502839762,False,False,"[""PA 22:5_22:6"", ""PE O-16:1_22:5"", ""PE O-18:3_22:5"", ""PE O-18:2_22:5"", ""PE 18:2_22:5""]","[0.8877391657585793, 0.7280576093259447, 0.7245240729674941, 0.7181033537269944, 0.70738961335375]","[0.8041251502839762, 0.7252850638094156, 0.7199246841499395, 0.7160485136116298, 0.7124865799917576]","[""PA 22:5_22:6"", ""PE O-16:1_22:5"", ""PE O-18:3_22:5"", ""PE O-18:2_22:5"", ""PE 18:0_22:5""]",0.8877391657585793,0.7280576093259447,46,0.7419354838709677,"observed channels, physical fragment envelopes only",full library molecular channel occupancy inverse square-root weight,"[""p_glycerol"", ""sn1_fragment"", ""sn1_fragment_co2"", ""sn1_ketene_loss"", ""sn1_loss"", ""sn2_fragment"", ""sn2_fragment_co2"", ""sn2_ketene_loss"", ""sn2_loss""]"
80,PA 22:5_22:6,PA 22:5_22:5,0.8877391657585793,0.8041251502839762,PA 22:5_22:5,0.8041251502839762,False,False,"[""PA 22:5_22:5"", ""PE O-16:1_22:5"", ""PE O-18:3_22:5"", ""PE O-18:2_22:5"", ""PE 18:2_22:5""]","[0.8877391657585793, 0.7419536137977079, 0.7378862702157705, 0.731251705368924, 0.7212442419271187]","[0.8041251502839762, 0.7052502570756551, 0.699860746204828, 0.6960561148223875, 0.6922505006828227]","[""PA 22:5_22:5"", ""PE O-16:1_22:5"", ""PE O-18:3_22:5"", ""PE O-18:2_22:5"", ""PE 18:0_22:5""]",0.8877391657585793,0.7419536137977079,46,0.7419354838709677,"observed channels, physical fragment envelopes only",full library molecular channel occupancy inverse square-root weight,"[""p_glycerol"", ""sn1_fragment"", ""sn1_fragment_co2"", ""sn1_ketene_loss"", ""sn1_loss"", ""sn2_fragment"", ""sn2_fragment_co2"", ""sn2_ketene_loss"", ""sn2_loss""]"
81,PA 22:6_22:6,PE O-18:3_22:6,0.6634502848656467,0.6533520373515684,PE 18:0_22:6,0.6532201411180656,False,False,"[""PE O-18:3_22:6"", ""PE O-18:2_22:6"", ""PE 18:0_22:6"", ""PE 17:0_22:6"", ""PE 17:1_22:6""]","[0.6634502848656467, 0.6401433288517443, 0.6286003059170651, 0.6170995359099395, 0.6121833225140573]","[0.6533520373515684, 0.6532201411180656, 0.6376273438078243, 0.6364546089213962, 0.6347650051406125]","[""PE 18:0_22:6"", ""PE O-18:3_22:6"", ""PE 18:1_22:6"", ""PE O-18:2_22:6"", ""PE 17:0_22:6""]",0.43738107600657683,0.6634502848656467,20,0.2857142857142857,"observed channels, physical fragment envelopes only",full library molecular channel occupancy inverse square-root weight,"[""p_glycerol"", ""sn1_fragment"", ""sn1_fragment_co2"", ""sn1_ketene_loss"", ""sn1_loss"", ""sn2_fragment"", ""sn2_fragment_co2"", ""sn2_ketene_loss"", ""sn2_loss""]"
82,PS 14:0_20:0,PA 20:0_22:5,0.5917821710435544,0.8311834707370133,PS 16:0_18:0,0.25637832796087107,False,False,"[""PA 20:0_22:5"", ""PA 20:0_22:6"", ""PA 20:0_20:5"", ""PA 20:0_20:4"", ""PA 20:0_22:4""]","[0.5917821710435544, 0.5726817689898102, 0.5497285260530055, 0.5303258056756718, 0.5243154998182928]","[0.8311834707370133, 0.25637832796087107, 0.2391843239227962, 0.22301888960953117, 0.21552792942709792]","[""PS 16:0_18:0"", ""PA 20:0_22:5"", ""PA 20:0_22:6"", ""PA 20:0_22:4"", ""PA 20:0_20:4""]",0.47175489307181745,0.5917821710435544,45,0.41284403669724773,"observed channels, physical fragment envelopes only",full library molecular channel occupancy inverse square-root weight,"[""neutral_loss"", ""p_glycerol"", ""sn1_fragment"", ""sn1_ketene_loss"", ""sn1_loss"", ""sn2_fragment"", ""sn2_ketene_loss"", ""sn2_loss""]"
83,PS 14:0_20:1,PS 18:0_16:1,0.5507237251352833,0.8791632382442716,PS 18:0_16:1,0.8791632382442716,False,False,"[""PS 18:0_16:1"", ""PS 16:0_18:1"", ""PA 20:1_22:5"", ""PA 20:1_22:6"", ""PA 20:1_20:4""]","[0.5507237251352833, 0.5335845484743056, 0.32725043452165337, 0.3234880928926791, 0.28357343588034195]","[0.8791632382442716, 0.8678444934245122, 0.1581579508421474, 0.11521409414240538, 0.09866882183290412]","[""PS 18:0_16:1"", ""PS 16:0_18:1"", ""PS 14:0_20:0"", ""PS 14:0_22:1"", ""PA 20:1_22:6""]",0.5507237251352833,0.32725043452165337,13,0.10317460317460317,"observed channels, physical fragment envelopes only",full library molecular channel occupancy inverse square-root weight,"[""neutral_loss"", ""p_glycerol"", ""sn1_fragment"", ""sn1_ketene_loss"", ""sn1_loss"", ""sn2_fragment"", ""sn2_ketene_loss"", ""sn2_loss""]"
84,PS 14:0_22:0,PS 16:0_20:0,0.4206473327483794,0.5312302136796457,PS 16:0_20:0,0.5312302136796457,False,False,"[""PS 16:0_20:0"", ""PA 22:0_20:4"", ""PA 22:0_18:1"", ""PA 22:0_18:2"", ""PS 18:0_18:0""]","[0.4206473327483794, 0.33429468433065285, 0.31641084243274115, 0.3154388779393301, 0.29409121417537043]","[0.5312302136796457, 0.4695381529984401, 0.29013183784465557, 0.28158554933092955, 0.2586269510682528]","[""PS 16:0_20:0"", ""PS 18:0_18:0"", ""PA 22:0_20:4"", ""PA 22:0_18:1"", ""PA 22:0_18:2""]",0.4206473327483794,0.33429468433065285,18,0.13740458015267176,"observed channels, physical fragment envelopes only",full library molecular channel occupancy inverse square-root weight,"[""neutral_loss"", ""p_glycerol"", ""sn1_fragment"", ""sn1_ketene_loss"", ""sn1_loss"", ""sn2_fragment"", ""sn2_ketene_loss"", ""sn2_loss""]"
85,PS 14:0_22:1,PS 16:0_20:1,0.3776688339649247,0.4273488529672919,PS 18:0_18:1,0.4200126284996698,False,False,"[""PS 16:0_20:1"", ""PG 17:1_20:1"", ""PS 20:0_16:1"", ""PG 17:0_20:2"", ""PS 18:0_18:1""]","[0.3776688339649247, 0.36727004682924513, 0.36710736134060773, 0.3551865080681803, 0.3495826129326109]","[0.4273488529672919, 0.4200126284996698, 0.4178438216007977, 0.34270355396241153, 0.30028514022815833]","[""PS 18:0_18:1"", ""PS 16:0_20:1"", ""PS 20:0_16:1"", ""PG 17:0_20:1"", ""PG 17:1_20:1""]",0.3776688339649247,0.36727004682924513,18,0.13740458015267176,"observed channels, physical fragment envelopes only",full library molecular channel occupancy inverse square-root weight,"[""neutral_loss"", ""p_glycerol"", ""sn1_fragment"", ""sn1_ketene_loss"", ""sn1_loss"", ""sn2_fragment"", ""sn2_ketene_loss"", ""sn2_loss""]"
86,PS 14:0_22:2,PS 16:1_20:1,0.8421239646187579,0.8789657918145245,PS 16:1_20:1,0.8789657918145245,False,False,"[""PS 16:1_20:1"", ""PS 16:0_20:2"", ""PG 17:1_20:2"", ""PG 17:1_20:1"", ""PG 17:0_20:2""]","[0.8421239646187579, 0.5061548672663667, 0.39584227510161785, 0.3906064558451058, 0.3777550476737976]","[0.8789657918145245, 0.544624724162182, 0.4170703303568553, 0.4130175899818783, 0.3709319103841437]","[""PS 16:1_20:1"", ""PS 16:0_20:2"", ""PG 17:1_20:1"", ""PG 17:0_20:2"", ""PS 18:0_18:2""]",0.8421239646187579,0.39584227510161785,17,0.13385826771653545,"observed channels, physical fragment envelopes only",full library molecular channel occupancy inverse square-root weight,"[""neutral_loss"", ""p_glycerol"", ""sn1_fragment"", ""sn1_ketene_loss"", ""sn1_loss"", ""sn2_fragment"", ""sn2_ketene_loss"", ""sn2_loss""]"
87,PS 14:0_22:3,PS 16:1_20:2,0.839256980132579,0.8970279509041975,PS 16:1_20:2,0.8970279509041975,False,False,"[""PS 16:1_20:2"", ""PS 16:0_20:3"", ""PG 17:1_20:2"", ""PG 17:1_20:3"", ""PG 17:0_20:3""]","[0.839256980132579, 0.838889329029143, 0.3856799183064428, 0.3687906039951825, 0.3622553442112871]","[0.8970279509041975, 0.8862589426653021, 0.41338401932143304, 0.40733567584297475, 0.3486544028355838]","[""PS 16:1_20:2"", ""PS 16:0_20:3"", ""PG 17:1_20:2"", ""PG 17:0_20:3"", ""PS 18:0_18:3""]",0.839256980132579,0.3856799183064428,15,0.11811023622047244,"observed channels, physical fragment envelopes only",full library molecular channel occupancy inverse square-root weight,"[""neutral_loss"", ""p_glycerol"", ""sn1_fragment"", ""sn1_ketene_loss"", ""sn1_loss"", ""sn2_fragment"", ""sn2_ketene_loss"", ""sn2_loss""]"
88,PS 14:0_22:4,PS 16:0_20:4,0.9003462090462657,0.9623021534517806,PS 16:0_20:4,0.9623021534517806,False,False,"[""PS 16:0_20:4"", ""PS 16:1_20:3"", ""PG 17:1_20:3"", ""PG 17:0_20:4"", ""PS 18:1_18:3""]","[0.9003462090462657, 0.8789619023261364, 0.35332594386156946, 0.3233731456669085, 0.32204910475127807]","[0.9623021534517806, 0.946726526729312, 0.35202946964261933, 0.3386798050534976, 0.32869738865472364]","[""PS 16:0_20:4"", ""PS 16:1_20:3"", ""PS 18:2_18:2"", ""PG 17:1_20:3"", ""PG 17:0_20:4""]",0.9003462090462657,0.35332594386156946,13,0.09219858156028368,"observed channels, physical fragment envelopes only",full library molecular channel occupancy inverse square-root weight,"[""neutral_loss"", ""p_glycerol"", ""sn1_fragment"", ""sn1_ketene_loss"", ""sn1_loss"", ""sn2_fragment"", ""sn2_fragment_co2"", ""sn2_ketene_loss"", ""sn2_loss""]"
89,PS 16:0_18:0,PA 18:0_22:5,0.5956843738500195,0.8311834707370133,PS 14:0_20:0,0.24828771665127694,False,False,"[""PA 18:0_22:5"", ""PA 18:0_24:5"", ""PA 18:0_24:6"", ""PA 18:0_22:4"", ""PS 18:0_18:0""]","[0.5956843738500195, 0.5945559086200229, 0.5915500274022918, 0.5524023373348494, 0.5421893508085331]","[0.8311834707370133, 0.24828771665127694, 0.22773029668595274, 0.2217736688680707, 0.21455061771251116]","[""PS 14:0_20:0"", ""PA 18:0_22:5"", ""PA 18:0_22:4"", ""PA 16:0_24:4"", ""PA 16:0_24:5""]",0.5421893508085331,0.5956843738500195,43,0.41346153846153844,"observed channels, physical fragment envelopes only",full library molecular channel occupancy inverse square-root weight,"[""neutral_loss"", ""p_glycerol"", ""sn1_fragment"", ""sn1_ketene_loss"", ""sn1_loss"", ""sn2_fragment"", ""sn2_ketene_loss"", ""sn2_loss""]"
90,PS 16:0_18:1,PA 16:0_24:5,0.6004958313112825,0.9185186278476408,PS 18:0_16:1,0.22994641235286892,False,False,"[""PA 16:0_24:5"", ""PA 16:0_24:4"", ""PS 14:0_20:1"", ""PS 18:0_16:1"", ""PS 16:0_20:1""]","[0.6004958313112825, 0.5930022663295285, 0.5335845484743056, 0.531811826990108, 0.500745139547456]","[0.9185186278476408, 0.8678444934245122, 0.23870318070092855, 0.22994641235286892, 0.19544310532891176]","[""PS 18:0_16:1"", ""PS 14:0_20:1"", ""PA 16:0_24:4"", ""PA 16:0_24:5"", ""PS 16:0_20:1""]",0.5335845484743056,0.6004958313112825,32,0.2962962962962963,"observed channels, physical fragment envelopes only",full library molecular channel occupancy inverse square-root weight,"[""neutral_loss"", ""p_glycerol"", ""sn1_fragment"", ""sn1_ketene_loss"", ""sn1_loss"", ""sn2_fragment"", ""sn2_ketene_loss"", ""sn2_loss""]"
91,PS 16:0_18:2,PA 16:0_24:5,0.5002817715494365,0.9479241600420836,PS 16:1_18:1,0.12080165326846841,False,False,"[""PA 16:0_24:5"", ""PA 16:0_24:4"", ""PS 16:1_18:1"", ""PS 16:0_18:1"", ""PS 16:0_20:1""]","[0.5002817715494365, 0.4933101766955973, 0.44726592094766143, 0.43786643620015747, 0.4286445131600247]","[0.9479241600420836, 0.12533772272407215, 0.12080165326846841, 0.10470624542250884, 0.10133049278657334]","[""PS 16:1_18:1"", ""PA 16:0_24:4"", ""PA 16:0_24:5"", ""PS 16:0_20:1"", ""PS 16:0_18:1""]",0.44726592094766143,0.5002817715494365,32,0.2962962962962963,"observed channels, physical fragment envelopes only",full library molecular channel occupancy inverse square-root weight,"[""neutral_loss"", ""p_glycerol"", ""sn1_fragment"", ""sn1_ketene_loss"", ""sn1_loss"", ""sn2_fragment"", ""sn2_ketene_loss"", ""sn2_loss""]"
92,PS 16:0_20:0,PA 20:0_22:5,0.4688141932560555,0.6885995047386653,PS 18:0_18:0,0.2883948197886768,False,False,"[""PA 20:0_22:5"", ""PA 20:0_22:6"", ""PA 16:0_24:5"", ""PA 20:0_20:5"", ""PA 16:0_24:4""]","[0.4688141932560555, 0.4530711827227884, 0.4340668623263353, 0.43139295112059717, 0.42730485914582034]","[0.6885995047386653, 0.5312302136796457, 0.3098257346495239, 0.2982233246056024, 0.28929595332015384]","[""PS 18:0_18:0"", ""PS 14:0_22:0"", ""PA 16:0_24:4"", ""PA 16:0_24:5"", ""PS 16:0_20:1""]",0.4206473327483794,0.4688141932560555,45,0.3879310344827586,"observed channels, physical fragment envelopes only",full library molecular channel occupancy inverse square-root weight,"[""neutral_loss"", ""p_glycerol"", ""sn1_fragment"", ""sn1_ketene_loss"", ""sn1_loss"", ""sn2_fragment"", ""sn2_ketene_loss"", ""sn2_loss""]"
93,PS 16:0_20:1,PA 16:0_24:5,0.6641534926990758,0.6618241043846764,PS 18:0_18:1,0.5067282105022578,False,False,"[""PA 16:0_24:5"", ""PA 16:0_24:4"", ""PS 16:0_20:2"", ""PS 16:0_18:1"", ""PS 18:0_18:1""]","[0.6641534926990758, 0.6562731092947875, 0.5110456194106945, 0.500745139547456, 0.48062193903062395]","[0.6618241043846764, 0.6085206493924018, 0.5259831701110685, 0.5067282105022578, 0.4200126284996698]","[""PS 18:0_18:1"", ""PS 20:0_16:1"", ""PA 16:0_24:4"", ""PA 16:0_24:5"", ""PS 14:0_22:1""]",0.5110456194106945,0.6641534926990758,34,0.3008849557522124,"observed channels, physical fragment envelopes only",full library molecular channel occupancy inverse square-root weight,"[""neutral_loss"", ""p_glycerol"", ""sn1_fragment"", ""sn1_ketene_loss"", ""sn1_loss"", ""sn2_fragment"", ""sn2_ketene_loss"", ""sn2_loss""]"
94,PS 16:0_20:2,PS 18:0_18:2,0.6058878231957597,0.740528684688692,PS 18:0_18:2,0.740528684688692,False,False,"[""PS 18:0_18:2"", ""PA 16:0_24:5"", ""PS 16:1_20:1"", ""PA 16:0_24:4"", ""PS 16:0_20:1""]","[0.6058878231957597, 0.5445543145940511, 0.542067176854932, 0.5369998682534942, 0.5110456194106945]","[0.740528684688692, 0.6159845449009302, 0.5805824774298733, 0.544624724162182, 0.4134364560256969]","[""PS 18:0_18:2"", ""PS 16:1_20:1"", ""PS 18:1_18:1"", ""PS 14:0_22:2"", ""PA 16:0_24:4""]",0.6058878231957597,0.5445543145940511,17,0.125,"observed channels, physical fragment envelopes only",full library molecular channel occupancy inverse square-root weight,"[""neutral_loss"", ""p_glycerol"", ""sn1_fragment"", ""sn1_ketene_loss"", ""sn1_loss"", ""sn2_fragment"", ""sn2_ketene_loss"", ""sn2_loss""]"
95,PS 16:0_20:3,PS 14:0_22:3,0.838889329029143,0.8957054171839619,PS 16:1_20:2,0.8862589426653021,False,False,"[""PS 14:0_22:3"", ""PS 16:1_20:2"", ""PS 18:0_18:3"", ""PS 18:1_18:2"", ""PG 17:1_20:3""]","[0.838889329029143, 0.8054304571053639, 0.5232418551751968, 0.4224654849994109, 0.3258283671287927]","[0.8957054171839619, 0.8862589426653021, 0.5419507318029544, 0.4776054983818575, 0.35770065932067835]","[""PS 16:1_20:2"", ""PS 14:0_22:3"", ""PS 18:0_18:3"", ""PS 18:1_18:2"", ""PG 17:0_20:3""]",0.838889329029143,0.3258283671287927,15,0.11363636363636363,"observed channels, physical fragment envelopes only",full library molecular channel occupancy inverse square-root weight,"[""neutral_loss"", ""p_glycerol"", ""sn1_fragment"", ""sn1_ketene_loss"", ""sn1_loss"", ""sn2_fragment"", ""sn2_ketene_loss"", ""sn2_loss""]"
96,PS 16:0_20:4,PS 14:0_22:4,0.9003462090462657,0.9623021534517806,PS 14:0_22:4,0.9623021534517806,False,False,"[""PS 14:0_22:4"", ""PS 16:1_20:3"", ""PG 17:0_20:4"", ""PS 18:1_18:3"", ""PG 17:1_20:3""]","[0.9003462090462657, 0.8672208061638559, 0.3606145167269368, 0.3419097122668638, 0.3412467522869184]","[0.9623021534517806, 0.9555118455126731, 0.37889275683126783, 0.3531841105230688, 0.33912241858033104]","[""PS 14:0_22:4"", ""PS 16:1_20:3"", ""PS 18:2_18:2"", ""PS 18:1_18:3"", ""PG 17:0_20:4""]",0.9003462090462657,0.3606145167269368,13,0.09219858156028368,"observed channels, physical fragment envelopes only",full library molecular channel occupancy inverse square-root weight,"[""neutral_loss"", ""p_glycerol"", ""sn1_fragment"", ""sn1_ketene_loss"", ""sn1_loss"", ""sn2_fragment"", ""sn2_fragment_co2"", ""sn2_ketene_loss"", ""sn2_loss""]"
97,PS 16:0_20:5,PS 16:1_20:4,0.655392482595693,0.9479285490932985,PS 16:1_20:4,0.9479285490932985,False,False,"[""PS 16:1_20:4"", ""PA 16:0_24:5"", ""PA 16:0_24:4"", ""PS 16:0_20:1"", ""PS 16:0_18:1""]","[0.655392482595693, 0.474968979874249, 0.4658223770006319, 0.4183950344977285, 0.3806248293999625]","[0.9479285490932985, 0.31214475320673457, 0.26424630634459795, 0.1462265506505, 0.14266911008924285]","[""PS 16:1_20:4"", ""PG 17:0_20:5"", ""PG 17:1_20:4"", ""PE 20:0_20:5"", ""PA 16:0_24:4""]",0.655392482595693,0.474968979874249,51,0.5257731958762887,"observed channels, physical fragment envelopes only",full library molecular channel occupancy inverse square-root weight,"[""neutral_loss"", ""p_glycerol"", ""sn1_fragment"", ""sn1_ketene_loss"", ""sn1_loss"", ""sn2_fragment"", ""sn2_fragment_co2"", ""sn2_ketene_loss"", ""sn2_loss""]"
98,PS 18:0_16:1,PS 14:0_20:1,0.5507237251352833,0.9185186278476408,PS 16:0_18:1,0.8791632382442716,False,False,"[""PS 14:0_20:1"", ""PS 16:0_18:1"", ""PA 18:0_22:5"", ""PA 18:0_24:5"", ""PA 18:0_24:6""]","[0.5507237251352833, 0.531811826990108, 0.529851249218489, 0.52854378351165, 0.5270112583567813]","[0.9185186278476408, 0.8791632382442716, 0.14837192757340156, 0.14088832347248786, 0.14029857806342677]","[""PS 16:0_18:1"", ""PS 14:0_20:1"", ""PA 18:0_22:5"", ""PG 20:0_16:1"", ""PA 18:0_22:4""]",0.5507237251352833,0.529851249218489,13,0.10317460317460317,"observed channels, physical fragment envelopes only",full library molecular channel occupancy inverse square-root weight,"[""neutral_loss"", ""p_glycerol"", ""sn1_fragment"", ""sn1_ketene_loss"", ""sn1_loss"", ""sn2_fragment"", ""sn2_ketene_loss"", ""sn2_loss""]"
99,PS 16:1_18:1,PA 18:1_24:6,0.7013033019364242,0.9479241600420836,PS 16:0_18:2,0.14282039890635018,False,False,"[""PA 18:1_24:6"", ""PS 18:1_18:1"", ""PA 18:1_24:5"", ""PA 18:1_22:4"", ""PE 20:0_18:1""]","[0.7013033019364242, 0.6490227309122122, 0.6270295640864861, 0.5449454177162453, 0.5048891280333399]","[0.9479241600420836, 0.16067138754785643, 0.14860717400294893, 0.14282039890635018, 0.11719144006187507]","[""PS 16:0_18:2"", ""PS 18:1_18:1"", ""PA 18:1_22:4"", ""PA 18:1_24:6"", ""PA 18:1_24:5""]",0.6490227309122122,0.7013033019364242,42,0.3925233644859813,"observed channels, physical fragment envelopes only",full library molecular channel occupancy inverse square-root weight,"[""neutral_loss"", ""p_glycerol"", ""sn1_fragment"", ""sn1_ketene_loss"", ""sn1_loss"", ""sn2_fragment"", ""sn2_ketene_loss"", ""sn2_loss""]"
100,PS 20:0_16:1,PA 20:0_22:5,0.541166147718731,0.713204503253609,PS 18:0_18:1,0.33615466719934883,False,False,"[""PA 20:0_22:5"", ""PA 20:0_22:6"", ""PA 20:0_20:5"", ""PS 18:0_18:1"", ""PA 20:0_20:4""]","[0.541166147718731, 0.5404149895746653, 0.5147859341618694, 0.5117733211654493, 0.4933046738207327]","[0.713204503253609, 0.6085206493924018, 0.4345969526426484, 0.4178438216007977, 0.33615466719934883]","[""PS 18:0_18:1"", ""PS 16:0_20:1"", ""PG 20:0_16:1"", ""PS 14:0_22:1"", ""PA 20:0_22:5""]",0.5117733211654493,0.541166147718731,45,0.39823008849557523,"observed channels, physical fragment envelopes only",full library molecular channel occupancy inverse square-root weight,"[""neutral_loss"", ""p_glycerol"", ""sn1_fragment"", ""sn1_ketene_loss"", ""sn1_loss"", ""sn2_fragment"", ""sn2_ketene_loss"", ""sn2_loss""]"
101,PS 16:1_20:1,PS 14:0_22:2,0.8421239646187579,0.8789657918145245,PS 14:0_22:2,0.8789657918145245,False,False,"[""PS 14:0_22:2"", ""PS 16:0_20:2"", ""PS 18:0_18:2"", ""PG 17:1_20:1"", ""PG 17:1_20:2""]","[0.8421239646187579, 0.542067176854932, 0.41438251716718905, 0.34935183167190564, 0.3354286427841876]","[0.8789657918145245, 0.6159845449009302, 0.4774278531986899, 0.38201999157692845, 0.37327318721362945]","[""PS 14:0_22:2"", ""PS 16:0_20:2"", ""PS 18:0_18:2"", ""PG 17:1_20:1"", ""PG 17:0_20:2""]",0.8421239646187579,0.34935183167190564,17,0.13385826771653545,"observed channels, physical fragment envelopes only",full library molecular channel occupancy inverse square-root weight,"[""neutral_loss"", ""p_glycerol"", ""sn1_fragment"", ""sn1_ketene_loss"", ""sn1_loss"", ""sn2_fragment"", ""sn2_ketene_loss"", ""sn2_loss""]"
102,PS 16:1_20:2,PS 14:0_22:3,0.839256980132579,0.8970279509041975,PS 14:0_22:3,0.8970279509041975,False,False,"[""PS 14:0_22:3"", ""PS 16:0_20:3"", ""PS 18:0_18:3"", ""PG 17:1_20:2"", ""PS 18:1_18:2""]","[0.839256980132579, 0.8054304571053639, 0.43568335639094463, 0.34781895096657905, 0.3458806214082267]","[0.8970279509041975, 0.8957054171839619, 0.4565009846525133, 0.39343139024102636, 0.3798390850226313]","[""PS 14:0_22:3"", ""PS 16:0_20:3"", ""PS 18:0_18:3"", ""PS 18:1_18:2"", ""PG 17:1_20:2""]",0.839256980132579,0.34781895096657905,15,0.11811023622047244,"observed channels, physical fragment envelopes only",full library molecular channel occupancy inverse square-root weight,"[""neutral_loss"", ""p_glycerol"", ""sn1_fragment"", ""sn1_ketene_loss"", ""sn1_loss"", ""sn2_fragment"", ""sn2_ketene_loss"", ""sn2_loss""]"
103,PS 16:1_20:3,PS 14:0_22:4,0.8789619023261364,0.9555118455126731,PS 16:0_20:4,0.946726526729312,False,False,"[""PS 14:0_22:4"", ""PS 16:0_20:4"", ""PG 17:1_20:3"", ""PS 18:1_18:3"", ""PG 17:0_20:4""]","[0.8789619023261364, 0.8672208061638559, 0.39887828968139516, 0.34157784119520984, 0.3047255408038984]","[0.9555118455126731, 0.946726526729312, 0.3795588293944397, 0.35435405525880836, 0.34061889157285924]","[""PS 16:0_20:4"", ""PS 14:0_22:4"", ""PS 18:2_18:2"", ""PS 18:1_18:3"", ""PG 17:1_20:3""]",0.8789619023261364,0.39887828968139516,13,0.09774436090225563,"observed channels, physical fragment envelopes only",full library molecular channel occupancy inverse square-root weight,"[""neutral_loss"", ""p_glycerol"", ""sn1_fragment"", ""sn1_ketene_loss"", ""sn1_loss"", ""sn2_fragment"", ""sn2_ketene_loss"", ""sn2_loss""]"
104,PS 16:1_20:4,PS 16:0_20:5,0.655392482595693,0.9479285490932985,PS 16:0_20:5,0.9479285490932985,False,False,"[""PS 16:0_20:5"", ""PG 17:1_20:4"", ""PA 20:4_22:6"", ""PA 20:4_22:5"", ""PE 20:4_20:4""]","[0.655392482595693, 0.4226161056155809, 0.35835481900732047, 0.3269344709652943, 0.32278610105969324]","[0.9479285490932985, 0.29797910238866004, 0.26541901287755676, 0.0827147545859564, 0.08060667969620842]","[""PS 16:0_20:5"", ""PG 17:1_20:4"", ""PG 17:0_20:5"", ""PA 20:4_22:6"", ""PS 16:1_20:3""]",0.655392482595693,0.4226161056155809,51,0.5257731958762887,"observed channels, physical fragment envelopes only",full library molecular channel occupancy inverse square-root weight,"[""neutral_loss"", ""p_glycerol"", ""sn1_fragment"", ""sn1_ketene_loss"", ""sn1_loss"", ""sn2_fragment"", ""sn2_fragment_co2"", ""sn2_ketene_loss"", ""sn2_loss""]"
105,PS 18:0_18:0,PA 18:0_22:5,0.7805572277787509,0.6885995047386653,PS 16:0_20:0,0.5318118754073571,False,False,"[""PA 18:0_22:5"", ""PA 18:0_24:6"", ""PA 18:0_24:5"", ""PA 18:0_22:4"", ""PA 18:0_24:4""]","[0.7805572277787509, 0.774921378009876, 0.7686302333277303, 0.7250301209661094, 0.7028096684704445]","[0.6885995047386653, 0.5318118754073571, 0.48816675000813015, 0.4695381529984401, 0.422462170725208]","[""PS 16:0_20:0"", ""PA 18:0_22:5"", ""PA 18:0_22:4"", ""PS 14:0_22:0"", ""PA 18:0_22:3""]",0.5811253535349176,0.7805572277787509,43,0.5119047619047619,"observed channels, physical fragment envelopes only",full library molecular channel occupancy inverse square-root weight,"[""neutral_loss"", ""p_glycerol"", ""sn1_fragment"", ""sn1_ketene_loss"", ""sn1_loss"", ""sn2_fragment"", ""sn2_ketene_loss"", ""sn2_loss""]"
106,PS 18:0_18:1,PS 18:0_18:0,0.5811253535349176,0.713204503253609,PS 20:0_16:1,0.333889139124197,False,False,"[""PS 18:0_18:0"", ""PA 18:0_24:5"", ""PA 18:0_22:5"", ""PA 18:0_24:6"", ""PA 18:0_22:4""]","[0.5811253535349176, 0.5628770319335805, 0.5617338870188908, 0.5589370638170779, 0.5429307934556743]","[0.713204503253609, 0.6618241043846764, 0.4273488529672919, 0.35394837721639383, 0.34004810530547463]","[""PS 20:0_16:1"", ""PS 16:0_20:1"", ""PS 14:0_22:1"", ""PA 18:0_22:5"", ""PA 18:0_22:4""]",0.5811253535349176,0.5628770319335805,49,0.6901408450704225,"observed channels, physical fragment envelopes only",full library molecular channel occupancy inverse square-root weight,"[""neutral_loss"", ""p_glycerol"", ""sn1_fragment"", ""sn1_ketene_loss"", ""sn1_loss"", ""sn2_fragment"", ""sn2_ketene_loss"", ""sn2_loss""]"
107,PS 18:0_18:2,PS 16:0_20:2,0.6058878231957597,0.740528684688692,PS 16:0_20:2,0.740528684688692,False,False,"[""PS 16:0_20:2"", ""PS 18:1_18:1"", ""PA 18:0_24:5"", ""PA 18:0_22:5"", ""PA 18:0_24:6""]","[0.6058878231957597, 0.4670052052086193, 0.4369103836028936, 0.43137271319375525, 0.4300863877627893]","[0.740528684688692, 0.6685371911799611, 0.4774278531986899, 0.3709319103841437, 0.2626626970240663]","[""PS 16:0_20:2"", ""PS 18:1_18:1"", ""PS 16:1_20:1"", ""PS 14:0_22:2"", ""PC 14:1_17:1""]",0.6058878231957597,0.4369103836028936,17,0.125,"observed channels, physical fragment envelopes only",full library molecular channel occupancy inverse square-root weight,"[""neutral_loss"", ""p_glycerol"", ""sn1_fragment"", ""sn1_ketene_loss"", ""sn1_loss"", ""sn2_fragment"", ""sn2_ketene_loss"", ""sn2_loss""]"
108,PS 18:0_18:3,PS 18:1_18:2,0.5450127737114231,0.6465366227141552,PS 18:1_18:2,0.6465366227141552,False,False,"[""PS 18:1_18:2"", ""PS 16:0_20:3"", ""PS 16:1_20:2"", ""PA 18:0_24:5"", ""PA 18:0_22:5""]","[0.5450127737114231, 0.5232418551751968, 0.43568335639094463, 0.43397862670425147, 0.42702559960671166]","[0.6465366227141552, 0.5419507318029544, 0.4565009846525133, 0.37340729440433507, 0.35971425112940897]","[""PS 18:1_18:2"", ""PS 16:0_20:3"", ""PS 16:1_20:2"", ""PS 18:1_18:3"", ""PE 20:0_18:3""]",0.5450127737114231,0.43397862670425147,53,0.6463414634146342,"observed channels, physical fragment envelopes only",full library molecular channel occupancy inverse square-root weight,"[""neutral_loss"", ""p_glycerol"", ""sn1_fragment"", ""sn1_ketene_loss"", ""sn1_loss"", ""sn2_fragment"", ""sn2_ketene_loss"", ""sn2_loss""]"
109,PS 18:1_18:1,PA 18:1_24:6,0.7530106990367773,0.6685371911799611,PS 18:0_18:2,0.432875495958673,False,False,"[""PA 18:1_24:6"", ""PA 18:1_24:5"", ""PS 16:1_18:1"", ""PA 18:1_22:4"", ""PE 20:0_18:1""]","[0.7530106990367773, 0.6749117132209896, 0.6490227309122122, 0.5967638421817161, 0.5462997056482408]","[0.6685371911799611, 0.5805824774298733, 0.46296581112725055, 0.432875495958673, 0.3661145607355487]","[""PS 18:0_18:2"", ""PS 16:0_20:2"", ""PA 18:1_22:4"", ""PA 18:1_24:6"", ""PS 16:1_20:1""]",0.6490227309122122,0.7530106990367773,42,0.4666666666666667,"observed channels, physical fragment envelopes only",full library molecular channel occupancy inverse square-root weight,"[""neutral_loss"", ""p_glycerol"", ""sn1_fragment"", ""sn1_ketene_loss"", ""sn1_loss"", ""sn2_fragment"", ""sn2_ketene_loss"", ""sn2_loss""]"
110,PS 18:1_18:2,PS 18:0_18:3,0.5450127737114231,0.6465366227141552,PS 18:0_18:3,0.6465366227141552,False,False,"[""PS 18:0_18:3"", ""PS 18:2_18:2"", ""PA 18:2_24:6"", ""PA 18:2_24:5"", ""PA 18:1_24:6""]","[0.5450127737114231, 0.5223879008823702, 0.49490348081959656, 0.46038951301967856, 0.42604499718936595]","[0.6465366227141552, 0.4776054983818575, 0.416816533504807, 0.39343139024102636, 0.3310748977497091]","[""PS 18:0_18:3"", ""PS 16:0_20:3"", ""PS 18:2_18:2"", ""PS 16:1_20:2"", ""PA 18:2_24:6""]",0.5450127737114231,0.49490348081959656,53,0.6463414634146342,"observed channels, physical fragment envelopes only",full library molecular channel occupancy inverse square-root weight,"[""neutral_loss"", ""p_glycerol"", ""sn1_fragment"", ""sn1_ketene_loss"", ""sn1_loss"", ""sn2_fragment"", ""sn2_ketene_loss"", ""sn2_loss""]"
111,PS 18:1_18:3,PA 18:1_24:6,0.4849621053914941,0.47430178178351884,PS 18:2_18:2,0.17071794751888944,False,False,"[""PA 18:1_24:6"", ""PA 18:1_24:5"", ""PS 18:1_18:1"", ""PG 18:1_18:3"", ""PS 16:1_18:1""]","[0.4849621053914941, 0.4519114012433568, 0.4516196131178169, 0.43660350116384145, 0.4086363951369817]","[0.47430178178351884, 0.44049134298055775, 0.4352417740424101, 0.4282847857682364, 0.4098375556363336]","[""PS 18:2_18:2"", ""PE 20:0_18:3"", ""PG 18:1_18:3"", ""PE 20:1_18:3"", ""PG 20:2_18:3""]",0.4516196131178169,0.4849621053914941,42,0.4077669902912621,"observed channels, physical fragment envelopes only",full library molecular channel occupancy inverse square-root weight,"[""neutral_loss"", ""p_glycerol"", ""sn1_fragment"", ""sn1_ketene_loss"", ""sn1_loss"", ""sn2_fragment"", ""sn2_ketene_loss"", ""sn2_loss""]"
112,PS 18:2_18:2,PA 18:2_24:6,0.7708922809338663,0.47627873126533543,PA 18:2_24:6,0.47627873126533543,False,False,"[""PA 18:2_24:6"", ""PA 18:2_24:5"", ""PE O-20:1_18:2"", ""PE 20:0_18:2"", ""PE O-20:0_18:2""]","[0.7708922809338663, 0.7158456097701843, 0.5795877154274552, 0.5722835659524733, 0.5701659694655326]","[0.47627873126533543, 0.47430178178351884, 0.4670554236089354, 0.416816533504807, 0.39764004113601337]","[""PA 18:2_24:6"", ""PS 18:1_18:3"", ""PA 18:2_24:5"", ""PS 18:1_18:2"", ""PE O-20:1_18:2""]",0.5223879008823702,0.7708922809338663,42,0.4883720930232558,"observed channels, physical fragment envelopes only",full library molecular channel occupancy inverse square-root weight,"[""neutral_loss"", ""p_glycerol"", ""sn1_fragment"", ""sn1_ketene_loss"", ""sn1_loss"", ""sn2_fragment"", ""sn2_ketene_loss"", ""sn2_loss""]"
113,PS 17:0_18:1,PS 18:0_17:1,0.5369671100878504,0.8427592890783553,PS 18:0_17:1,0.8427592890783553,False,False,"[""PS 18:0_17:1"", ""PS 17:0_18:2"", ""PG 17:0_17:0"", ""PE 17:0_20:0"", ""PC 17:0_17:0""]","[0.5369671100878504, 0.4249714597869307, 0.4075789756416296, 0.35079546952093515, 0.32292785205762004]","[0.8427592890783553, 0.19871858942333886, 0.18158624295587786, 0.17415165420974743, 0.12141035452619608]","[""PS 18:0_17:1"", ""PG 17:0_17:0"", ""PS 17:0_18:2"", ""PE 17:0_20:0"", ""PG 17:0_18:0""]",0.5369671100878504,0.4075789756416296,49,0.5384615384615384,"observed channels, physical fragment envelopes only",full library molecular channel occupancy inverse square-root weight,"[""neutral_loss"", ""p_glycerol"", ""sn1_fragment"", ""sn1_ketene_loss"", ""sn1_loss"", ""sn2_fragment"", ""sn2_ketene_loss"", ""sn2_loss""]"
114,PS 17:0_18:2,PS 17:0_18:1,0.4249714597869307,0.18158624295587786,PS 17:0_18:1,0.18158624295587786,False,False,"[""PS 17:0_18:1"", ""PG 17:0_17:0"", ""PA 18:2_24:6"", ""PA 18:2_24:5"", ""PE 17:0_20:0""]","[0.4249714597869307, 0.2797879871433791, 0.25447825208496017, 0.2386974510600956, 0.2373322955525611]","[0.18158624295587786, 0.0971395053698639, 0.08236318489265106, 0.07012437940138344, 0.06623870443254361]","[""PS 17:0_18:1"", ""PG 17:0_17:0"", ""PE 17:0_20:0"", ""PS 18:2_18:2"", ""PA 18:2_24:6""]",0.4249714597869307,0.2797879871433791,60,0.6976744186046512,"observed channels, physical fragment envelopes only",full library molecular channel occupancy inverse square-root weight,"[""neutral_loss"", ""p_glycerol"", ""sn1_fragment"", ""sn1_ketene_loss"", ""sn1_loss"", ""sn2_fragment"", ""sn2_ketene_loss"", ""sn2_loss""]"
115,PS 18:0_17:1,PA 18:0_22:5,0.5504258509713568,0.8427592890783553,PS 17:0_18:1,0.1895947506108695,False,False,"[""PA 18:0_22:5"", ""PA 18:0_24:5"", ""PA 18:0_24:6"", ""PS 17:0_18:1"", ""PA 18:0_22:4""]","[0.5504258509713568, 0.5496567107077452, 0.5485270150078592, 0.5369671100878504, 0.5259130737849271]","[0.8427592890783553, 0.2149910588197066, 0.1895947506108695, 0.18001040750376696, 0.16409434315631916]","[""PS 17:0_18:1"", ""PG 18:0_17:1"", ""PA 18:0_22:5"", ""PA 18:0_22:4"", ""PE 20:0_17:1""]",0.5369671100878504,0.5504258509713568,43,0.4387755102040816,"observed channels, physical fragment envelopes only",full library molecular channel occupancy inverse square-root weight,"[""neutral_loss"", ""p_glycerol"", ""sn1_fragment"", ""sn1_ketene_loss"", ""sn1_loss"", ""sn2_fragment"", ""sn2_ketene_loss"", ""sn2_loss""]"
116,PE 16:0_22:1,PE O-18:1_22:1,0.8469294741527292,0.8453542362756483,PE O-18:1_22:1,0.8453542362756483,False,False,"[""PE O-18:1_22:1"", ""PE O-18:0_22:1"", ""PE O-16:0_22:1"", ""PE 17:0_22:1"", ""PE O-16:1_22:1""]","[0.8469294741527292, 0.8359742841983191, 0.8226302388258508, 0.8000660132984656, 0.7953299720847431]","[0.8453542362756483, 0.8217876271485988, 0.7986094714350096, 0.7898115439112778, 0.7593080291552258]","[""PE O-18:1_22:1"", ""PE O-18:0_22:1"", ""PE O-16:0_22:1"", ""PE 17:0_22:1"", ""PE O-16:1_22:1""]",0.8469294741527292,0.6980348805423894,7,0.09090909090909091,"observed channels, physical fragment envelopes only",full library molecular channel occupancy inverse square-root weight,"[""sn1_fragment"", ""sn1_ketene_loss"", ""sn1_loss"", ""sn2_fragment"", ""sn2_ketene_loss"", ""sn2_loss""]"
117,PE 16:0_22:2,PE O-18:2_22:2,0.8549196415318222,0.8479553033339247,PE O-18:2_22:2,0.8479553033339247,False,False,"[""PE O-18:2_22:2"", ""PE O-18:1_22:2"", ""PE O-16:1_22:2"", ""PE O-18:0_22:2"", ""PE O-16:0_22:2""]","[0.8549196415318222, 0.8513907272266787, 0.8406705004801015, 0.8365446389186838, 0.8353015038726953]","[0.8479553033339247, 0.8437277743755331, 0.8265622413909731, 0.8117492527087988, 0.8064321641626405]","[""PE O-18:2_22:2"", ""PE O-18:1_22:2"", ""PE O-16:1_22:2"", ""PE O-18:0_22:2"", ""PE O-16:0_22:2""]",0.8549196415318222,0.7056499701632585,8,0.1,"observed channels, physical fragment envelopes only",full library molecular channel occupancy inverse square-root weight,"[""sn1_fragment"", ""sn1_ketene_loss"", ""sn1_loss"", ""sn2_fragment"", ""sn2_ketene_loss"", ""sn2_loss""]"
118,PE 16:0_22:3,PE O-18:2_22:3,0.8777723219286148,0.8645317905628991,PE O-18:2_22:3,0.8645317905628991,False,False,"[""PE O-18:2_22:3"", ""PE O-18:3_22:3"", ""PE O-18:1_22:3"", ""PE O-16:1_22:3"", ""PE O-16:0_22:3""]","[0.8777723219286148, 0.8771550507227237, 0.8750596631168879, 0.871055875727435, 0.8646807876708447]","[0.8645317905628991, 0.8625011100810225, 0.8606531654336581, 0.8573863847838907, 0.8464086604333102]","[""PE O-18:2_22:3"", ""PE O-18:3_22:3"", ""PE O-18:1_22:3"", ""PE O-16:1_22:3"", ""PE 18:1_22:3""]",0.8777723219286148,0.7571881942798108,8,0.1,"observed channels, physical fragment envelopes only",full library molecular channel occupancy inverse square-root weight,"[""sn1_fragment"", ""sn1_ketene_loss"", ""sn1_loss"", ""sn2_fragment"", ""sn2_ketene_loss"", ""sn2_loss""]"
119,PE 16:0_22:4,PE O-16:1_22:4,0.9175531040450898,0.9061223853937861,PE O-16:1_22:4,0.9061223853937861,False,False,"[""PE O-16:1_22:4"", ""PE O-18:3_22:4"", ""PE O-18:2_22:4"", ""PE O-18:1_22:4"", ""PE 18:2_22:4""]","[0.9175531040450898, 0.916751919659054, 0.9146982861904561, 0.9124325411264674, 0.907327244584195]","[0.9061223853937861, 0.903702997803709, 0.9034878692889964, 0.8993025391951378, 0.896398372773262]","[""PE O-16:1_22:4"", ""PE O-18:3_22:4"", ""PE O-18:2_22:4"", ""PE O-18:1_22:4"", ""PE 18:1_22:4""]",0.9175531040450898,0.7549187684186895,20,0.24691358024691357,"observed channels, physical fragment envelopes only",full library molecular channel occupancy inverse square-root weight,"[""sn1_fragment"", ""sn1_ketene_loss"", ""sn1_loss"", ""sn2_fragment"", ""sn2_fragment_co2"", ""sn2_ketene_loss"", ""sn2_loss""]"
120,PE 16:0_22:5,PE O-16:1_22:5,0.9054249219323699,0.9172913237137711,PE O-16:1_22:5,0.9172913237137711,False,False,"[""PE O-16:1_22:5"", ""PE O-18:3_22:5"", ""PE O-18:2_22:5"", ""PE 18:2_22:5"", ""PE 16:1_22:5""]","[0.9054249219323699, 0.8990383630496316, 0.8906906867798227, 0.881158942506521, 0.8744692723328984]","[0.9172913237137711, 0.9096762475486292, 0.9046247289972918, 0.8986839010541678, 0.8981809553075876]","[""PE O-16:1_22:5"", ""PE O-18:3_22:5"", ""PE O-18:2_22:5"", ""PE 18:0_22:5"", ""PE 18:1_22:5""]",0.9054249219323699,0.732791678393175,21,0.26582278481012656,"observed channels, physical fragment envelopes only",full library molecular channel occupancy inverse square-root weight,"[""sn1_fragment"", ""sn1_ketene_loss"", ""sn1_loss"", ""sn2_fragment"", ""sn2_fragment_co2"", ""sn2_ketene_loss"", ""sn2_loss""]"
121,PE 16:0_22:6,PG 16:0_22:6,0.7991402204412678,0.8468304613704585,PE 18:0_22:6,0.7249106503702025,False,False,"[""PG 16:0_22:6"", ""PE O-18:3_22:6"", ""PE O-18:2_22:6"", ""PE 18:0_22:6"", ""PE 17:0_22:6""]","[0.7991402204412678, 0.763679561087113, 0.7380269989117111, 0.7214723866849628, 0.7110309287353561]","[0.8468304613704585, 0.8466305335480836, 0.8274498710823721, 0.8252007889551569, 0.8234267703667013]","[""PE 18:0_22:6"", ""PE O-18:3_22:6"", ""PE 18:1_22:6"", ""PE O-18:2_22:6"", ""PE 17:0_22:6""]",0.763679561087113,0.7991402204412678,30,0.2542372881355932,"observed channels, physical fragment envelopes only",full library molecular channel occupancy inverse square-root weight,"[""sn1_fragment"", ""sn1_ketene_loss"", ""sn1_loss"", ""sn2_fragment"", ""sn2_fragment_co2"", ""sn2_ketene_loss"", ""sn2_loss""]"
122,PE 16:0_24:4,PE O-16:1_24:4,0.9087919461652165,0.9716776186317861,PE O-16:1_24:4,0.9716776186317861,False,False,"[""PE O-16:1_24:4"", ""PA 18:1_24:4"", ""PA 18:2_24:4"", ""PA 16:0_24:4"", ""PG 14:0_24:4""]","[0.9087919461652165, 0.7117449998035816, 0.5942747969932105, 0.5633941210632171, 0.5027596636729168]","[0.9716776186317861, 0.9010829822821258, 0.7889371184812881, 0.7826264269875041, 0.6468992271769893]","[""PE O-16:1_24:4"", ""PA 18:1_24:4"", ""PA 18:2_24:4"", ""PA 18:0_24:4"", ""PG 14:0_24:4""]",0.9087919461652165,0.7117449998035816,18,0.2465753424657534,"observed channels, physical fragment envelopes only",full library molecular channel occupancy inverse square-root weight,"[""sn1_fragment"", ""sn1_ketene_loss"", ""sn1_loss"", ""sn2_fragment"", ""sn2_fragment_co2"", ""sn2_ketene_loss"", ""sn2_loss""]"
123,PE 16:0_24:5,PE O-16:1_24:5,0.9300862052110088,0.9865358864469337,PE O-16:1_24:5,0.9865358864469337,False,False,"[""PE O-16:1_24:5"", ""PA 16:0_24:5"", ""PA 18:1_24:5"", ""PA 18:2_24:5"", ""PA 18:0_24:5""]","[0.9300862052110088, 0.5016313226661259, 0.4620472376239032, 0.43580419457253167, 0.28055678348490004]","[0.9865358864469337, 0.8207118117410763, 0.7225250158271012, 0.6963587533573599, 0.6231665388627006]","[""PE O-16:1_24:5"", ""PA 18:1_24:5"", ""PA 18:2_24:5"", ""PA 18:0_24:5"", ""PA 16:0_24:5""]",0.9300862052110088,0.5016313226661259,19,0.25333333333333335,"observed channels, physical fragment envelopes only",full library molecular channel occupancy inverse square-root weight,"[""sn1_fragment"", ""sn1_ketene_loss"", ""sn1_loss"", ""sn2_fragment"", ""sn2_fragment_co2"", ""sn2_ketene_loss"", ""sn2_loss""]"
124,PE 16:0_24:6,PE O-16:1_24:6,0.8867746957909439,0.9877203615578602,PE O-16:1_24:6,0.9877203615578602,False,False,"[""PE O-16:1_24:6"", ""PA 18:2_24:6"", ""PC 16:0_16:0"", ""PA 18:1_24:6"", ""PA 16:0_24:5""]","[0.8867746957909439, 0.29745218092749454, 0.26950688421353614, 0.2544336176326135, 0.24371292697917593]","[0.9877203615578602, 0.770300572657277, 0.7351082238582823, 0.7085982850893229, 0.06863915548922202]","[""PE O-16:1_24:6"", ""PA 18:0_24:6"", ""PA 18:1_24:6"", ""PA 18:2_24:6"", ""PA 16:0_24:5""]",0.8867746957909439,0.29745218092749454,22,0.27848101265822783,"observed channels, physical fragment envelopes only",full library molecular channel occupancy inverse square-root weight,"[""sn1_fragment"", ""sn1_ketene_loss"", ""sn1_loss"", ""sn2_fragment"", ""sn2_fragment_co2"", ""sn2_ketene_loss"", ""sn2_loss""]"
125,PE 22:0_16:1,PG 20:0_16:1,0.6836826674572545,0.6966961230277487,PG 20:0_16:1,0.6966961230277487,False,False,"[""PG 20:0_16:1"", ""PE 16:1_22:1"", ""PC O-16:1_16:1"", ""PC 16:1_16:1"", ""PC 18:0_16:1""]","[0.6836826674572545, 0.6030496566571875, 0.6025974263171823, 0.578950326736389, 0.5551788116519699]","[0.6966961230277487, 0.6297257226533619, 0.5294646911575119, 0.517619852829686, 0.4274342379113627]","[""PG 20:0_16:1"", ""PE 16:1_22:1"", ""PE 16:1_22:2"", ""PC O-16:1_16:1"", ""PC O-16:0_16:1""]",0.6030496566571875,0.6836826674572545,11,0.08661417322834646,"observed channels, physical fragment envelopes only",full library molecular channel occupancy inverse square-root weight,"[""sn1_fragment"", ""sn1_ketene_loss"", ""sn1_loss"", ""sn2_fragment"", ""sn2_ketene_loss"", ""sn2_loss""]"
126,PE 16:1_22:1,PE O-18:1_22:1,0.6758005253516578,0.6758461743904584,PG 20:0_16:1,0.5392864007459253,False,False,"[""PE O-18:1_22:1"", ""PE O-18:0_22:1"", ""PE O-16:0_22:1"", ""PE 17:0_22:1"", ""PE O-16:1_22:1""]","[0.6758005253516578, 0.6670589200905873, 0.6564111088017472, 0.6388756876148663, 0.6345173969781569]","[0.6758461743904584, 0.6297257226533619, 0.5392864007459253, 0.5365084140484825, 0.5242522868997282]","[""PG 20:0_16:1"", ""PE 22:0_16:1"", ""PE O-18:1_22:1"", ""PE 16:1_22:2"", ""PE O-18:0_22:1""]",0.6758005253516578,0.5569705924878647,8,0.10666666666666667,"observed channels, physical fragment envelopes only",full library molecular channel occupancy inverse square-root weight,"[""sn1_fragment"", ""sn1_ketene_loss"", ""sn1_loss"", ""sn2_fragment"", ""sn2_ketene_loss"", ""sn2_loss""]"
127,PE 16:1_22:2,PE O-18:2_22:2,0.8327039415085509,0.7157078424856644,PE O-18:2_22:2,0.7157078424856644,False,False,"[""PE O-18:2_22:2"", ""PE O-18:1_22:2"", ""PE O-16:1_22:2"", ""PE O-18:0_22:2"", ""PE O-16:0_22:2""]","[0.8327039415085509, 0.8292667285859641, 0.8187226794638158, 0.8148064265163671, 0.8135955619825276]","[0.7157078424856644, 0.7121396407088513, 0.6975682790389525, 0.6851485025343522, 0.6806606164128933]","[""PE O-18:2_22:2"", ""PE O-18:1_22:2"", ""PE O-16:1_22:2"", ""PE O-18:0_22:2"", ""PE O-16:0_22:2""]",0.8327039415085509,0.6873131496006493,8,0.10126582278481013,"observed channels, physical fragment envelopes only",full library molecular channel occupancy inverse square-root weight,"[""sn1_fragment"", ""sn1_ketene_loss"", ""sn1_loss"", ""sn2_fragment"", ""sn2_ketene_loss"", ""sn2_loss""]"
128,PE 16:1_22:3,PE O-18:2_22:3,0.9452978532289359,0.8881929044398574,PE O-18:2_22:3,0.8881929044398574,False,False,"[""PE O-18:2_22:3"", ""PE O-18:3_22:3"", ""PE O-18:1_22:3"", ""PE O-16:1_22:3"", ""PE O-16:0_22:3""]","[0.9452978532289359, 0.9446330963995667, 0.9423765142201687, 0.9379701671265651, 0.9311991849853231]","[0.8881929044398574, 0.8861066468670382, 0.8842081264019358, 0.8807604135321777, 0.8696501030201783]","[""PE O-18:2_22:3"", ""PE O-18:3_22:3"", ""PE O-18:1_22:3"", ""PE O-16:1_22:3"", ""PE 18:1_22:3""]",0.9452978532289359,0.8154373937834262,8,0.10126582278481013,"observed channels, physical fragment envelopes only",full library molecular channel occupancy inverse square-root weight,"[""sn1_fragment"", ""sn1_ketene_loss"", ""sn1_loss"", ""sn2_fragment"", ""sn2_ketene_loss"", ""sn2_loss""]"
129,PE 16:1_22:4,PE O-16:1_22:4,0.9606032362588359,0.9233418685112678,PE O-16:1_22:4,0.9233418685112678,False,False,"[""PE O-16:1_22:4"", ""PE O-18:3_22:4"", ""PE O-18:2_22:4"", ""PE O-18:1_22:4"", ""PE 18:2_22:4""]","[0.9606032362588359, 0.9596920942898717, 0.9575499196293799, 0.955049981844471, 0.9498489970272634]","[0.9233418685112678, 0.9208495089147819, 0.920635309373187, 0.9162868477561721, 0.9132127656565702]","[""PE O-16:1_22:4"", ""PE O-18:3_22:4"", ""PE O-18:2_22:4"", ""PE O-18:1_22:4"", ""PE 18:1_22:4""]",0.9606032362588359,0.7889989318124573,17,0.20481927710843373,"observed channels, physical fragment envelopes only",full library molecular channel occupancy inverse square-root weight,"[""sn1_fragment"", ""sn1_ketene_loss"", ""sn1_loss"", ""sn2_fragment"", ""sn2_fragment_co2"", ""sn2_ketene_loss"", ""sn2_loss""]"
130,PE 16:1_22:5,PE O-16:1_22:5,0.9172143942259909,0.8944634277564196,PE O-16:1_22:5,0.8944634277564196,False,False,"[""PE O-16:1_22:5"", ""PE O-18:3_22:5"", ""PE O-18:2_22:5"", ""PE 18:2_22:5"", ""PE 17:1_22:5""]","[0.9172143942259909, 0.9104877437308484, 0.9019535064145527, 0.8930836549204817, 0.8818257894520815]","[0.8944634277564196, 0.8869753777138409, 0.8820191550201685, 0.875891795721752, 0.8756519218636636]","[""PE O-16:1_22:5"", ""PE O-18:3_22:5"", ""PE O-18:2_22:5"", ""PE 18:0_22:5"", ""PE 18:1_22:5""]",0.9172143942259909,0.8657216005624766,18,0.2222222222222222,"observed channels, physical fragment envelopes only",full library molecular channel occupancy inverse square-root weight,"[""sn1_fragment"", ""sn1_ketene_loss"", ""sn1_loss"", ""sn2_fragment"", ""sn2_fragment_co2"", ""sn2_ketene_loss"", ""sn2_loss""]"
131,PE 16:1_22:6,PG 16:1_22:6,0.9234151866260574,0.8630897906579624,PG 16:1_22:6,0.8630897906579624,False,False,"[""PG 16:1_22:6"", ""PE O-18:3_22:6"", ""PE O-18:2_22:6"", ""PE 18:0_22:6"", ""PE 17:0_22:6""]","[0.9234151866260574, 0.7789875479813513, 0.750774022161522, 0.73987885139822, 0.7243235752272402]","[0.8630897906579624, 0.8155430173859713, 0.8143910514514563, 0.7956740577140415, 0.7932903638679876]","[""PG 16:1_22:6"", ""PE 18:0_22:6"", ""PE O-18:3_22:6"", ""PE 18:1_22:6"", ""PE O-18:2_22:6""]",0.7789875479813513,0.9234151866260574,27,0.23478260869565218,"observed channels, physical fragment envelopes only",full library molecular channel occupancy inverse square-root weight,"[""sn1_fragment"", ""sn1_ketene_loss"", ""sn1_loss"", ""sn2_fragment"", ""sn2_fragment_co2"", ""sn2_ketene_loss"", ""sn2_loss""]"
132,PE 18:0_20:0,PG 18:0_18:0,0.7562162034179577,0.4632758232616803,PG 18:0_18:0,0.4632758232616803,False,False,"[""PG 18:0_18:0"", ""PC O-16:1_18:0"", ""PA 18:0_22:5"", ""PA 18:0_24:6"", ""PA 18:0_24:5""]","[0.7562162034179577, 0.698471401348432, 0.6775333296184006, 0.6704756799710819, 0.6347802380649948]","[0.4632758232616803, 0.405375600690348, 0.3414732661695224, 0.32741991700736417, 0.30463175848423096]","[""PG 18:0_18:0"", ""PA 18:0_22:5"", ""PA 20:0_20:0"", ""PA 18:0_22:4"", ""PA 20:0_22:6""]",0.4219844519351667,0.7562162034179577,16,0.14953271028037382,"observed channels, physical fragment envelopes only",full library molecular channel occupancy inverse square-root weight,"[""sn1_fragment"", ""sn1_ketene_loss"", ""sn1_loss"", ""sn2_fragment"", ""sn2_ketene_loss"", ""sn2_loss""]"
133,PE 18:0_20:1,PE O-18:0_20:1,0.9005810873166741,0.7700576605541994,PE 17:0_20:1,0.7408313069686325,False,False,"[""PE O-18:0_20:1"", ""PE 17:0_20:1"", ""PE O-20:1_20:1"", ""PE O-18:1_20:1"", ""PA 20:1_22:6""]","[0.9005810873166741, 0.9004481217909858, 0.8847770129587945, 0.8489779148900144, 0.843555069349514]","[0.7700576605541994, 0.7408313069686325, 0.7121095770814561, 0.7050494131343554, 0.6484339574856339]","[""PE 17:0_20:1"", ""PE O-18:0_20:1"", ""PE O-20:1_20:1"", ""PA 20:1_22:6"", ""PE O-18:1_20:1""]",0.9005810873166741,0.843555069349514,12,0.15,"observed channels, physical fragment envelopes only",full library molecular channel occupancy inverse square-root weight,"[""sn1_fragment"", ""sn1_ketene_loss"", ""sn1_loss"", ""sn2_fragment"", ""sn2_ketene_loss"", ""sn2_loss""]"
134,PE 18:0_20:2,PE 20:2_20:2,0.9448656044523247,0.8670718075522054,PE 20:2_20:2,0.8670718075522054,False,False,"[""PE 20:2_20:2"", ""PE O-20:2_20:2"", ""PE O-18:2_20:2"", ""PE O-20:1_20:2"", ""PE O-18:1_20:2""]","[0.9448656044523247, 0.9389415000157644, 0.935584507167282, 0.9318648037895557, 0.9177195192174038]","[0.8670718075522054, 0.8607420483764147, 0.8507566487299733, 0.8335537238340573, 0.8059189927897227]","[""PE 20:2_20:2"", ""PE O-20:2_20:2"", ""PE O-18:2_20:2"", ""PE O-20:1_20:2"", ""PE O-18:1_20:2""]",0.9448656044523247,0.8480209762371164,29,0.453125,"observed channels, physical fragment envelopes only",full library molecular channel occupancy inverse square-root weight,"[""sn1_fragment"", ""sn1_ketene_loss"", ""sn1_loss"", ""sn2_fragment"", ""sn2_ketene_loss"", ""sn2_loss""]"
135,PE 18:0_20:3,PE 20:3_20:3,0.9433762529054432,0.9013381941648616,PE 20:3_20:3,0.9013381941648616,False,False,"[""PE 20:3_20:3"", ""PE O-18:3_20:3"", ""PE O-18:2_20:3"", ""PE O-20:3_20:3"", ""PE O-20:2_20:3""]","[0.9433762529054432, 0.9382031425701751, 0.9371554680663028, 0.9351163061478717, 0.9341792640441561]","[0.9013381941648616, 0.8988323110649646, 0.8948944536803913, 0.8916881533481759, 0.89007138756665]","[""PE 20:3_20:3"", ""PE O-18:2_20:3"", ""PE O-18:3_20:3"", ""PE O-20:3_20:3"", ""PE O-20:2_20:3""]",0.9433762529054432,0.8089608928993647,29,0.453125,"observed channels, physical fragment envelopes only",full library molecular channel occupancy inverse square-root weight,"[""sn1_fragment"", ""sn1_ketene_loss"", ""sn1_loss"", ""sn2_fragment"", ""sn2_ketene_loss"", ""sn2_loss""]"
136,PE 18:0_20:4,PE 20:4_20:4,0.9143115898202089,0.9094018118423325,PE 20:4_20:4,0.9094018118423325,False,False,"[""PE 20:4_20:4"", ""PE O-18:2_20:4"", ""PE O-20:3_20:4"", ""PE O-20:2_20:4"", ""PE O-18:1_20:4""]","[0.9143115898202089, 0.8968843730693946, 0.892187644207821, 0.8749504470601689, 0.870399205864271]","[0.9094018118423325, 0.8839102055097708, 0.868298352659731, 0.8624563696794654, 0.8507499355615002]","[""PE 20:4_20:4"", ""PE O-20:3_20:4"", ""PE O-20:2_20:4"", ""PE 20:2_20:4"", ""PE 20:1_20:4""]",0.9143115898202089,0.7223757322271054,43,0.5512820512820513,"observed channels, physical fragment envelopes only",full library molecular channel occupancy inverse square-root weight,"[""sn1_fragment"", ""sn1_ketene_loss"", ""sn1_loss"", ""sn2_fragment"", ""sn2_fragment_co2"", ""sn2_ketene_loss"", ""sn2_loss""]"
137,PE 18:0_20:5,PG 18:0_20:5,0.6681402735052042,0.8465430969386376,PE 20:0_20:5,0.7021630980097018,False,False,"[""PG 18:0_20:5"", ""PE 20:0_20:5"", ""PE 17:0_20:5"", ""PE O-18:1_20:5"", ""PE 20:1_20:5""]","[0.6681402735052042, 0.6593047920884053, 0.6285120585611077, 0.622633237809895, 0.6187150316337227]","[0.8465430969386376, 0.8210237348046836, 0.8137861478252207, 0.8086448953662176, 0.8048500871705206]","[""PE 20:0_20:5"", ""PE 20:1_20:5"", ""PE 20:2_20:5"", ""PE 20:3_20:5"", ""PE 17:0_20:5""]",0.6593047920884053,0.6681402735052042,32,0.2302158273381295,"observed channels, physical fragment envelopes only",full library molecular channel occupancy inverse square-root weight,"[""sn1_fragment"", ""sn1_ketene_loss"", ""sn1_loss"", ""sn2_fragment"", ""sn2_fragment_co2"", ""sn2_ketene_loss"", ""sn2_loss""]"
138,PE 18:0_22:3,PE O-18:2_22:3,0.9625813135124334,0.9616110939513335,PE O-18:2_22:3,0.9616110939513335,False,False,"[""PE O-18:2_22:3"", ""PE O-18:3_22:3"", ""PE O-18:1_22:3"", ""PE O-16:1_22:3"", ""PE O-16:0_22:3""]","[0.9625813135124334, 0.9605776195254279, 0.9582925306798348, 0.9537390993128955, 0.9468543146563714]","[0.9616110939513335, 0.9580796528965813, 0.9560505368135253, 0.9522385495776391, 0.9405143326885111]","[""PE O-18:2_22:3"", ""PE O-18:3_22:3"", ""PE O-18:1_22:3"", ""PE O-16:1_22:3"", ""PE 18:1_22:3""]",0.9625813135124334,0.8292430977183967,19,0.25675675675675674,"observed channels, physical fragment envelopes only",full library molecular channel occupancy inverse square-root weight,"[""sn1_fragment"", ""sn1_ketene_loss"", ""sn1_loss"", ""sn2_fragment"", ""sn2_ketene_loss"", ""sn2_loss""]"
139,PE 18:0_22:4,PE O-16:1_22:4,0.9476228638107285,0.9520707418768032,PE O-16:1_22:4,0.9520707418768032,False,False,"[""PE O-16:1_22:4"", ""PE O-18:2_22:4"", ""PE O-18:3_22:4"", ""PE O-18:1_22:4"", ""PE 18:2_22:4""]","[0.9476228638107285, 0.9471706754461735, 0.9470080216595875, 0.9425956667338168, 0.937155735089269]","[0.9520707418768032, 0.9516156981117239, 0.9497182903802992, 0.9451490379680176, 0.9434903467002327]","[""PE O-16:1_22:4"", ""PE O-18:2_22:4"", ""PE O-18:3_22:4"", ""PE O-18:1_22:4"", ""PE 18:1_22:4""]",0.9476228638107285,0.7803238403272432,15,0.16853932584269662,"observed channels, physical fragment envelopes only",full library molecular channel occupancy inverse square-root weight,"[""sn1_fragment"", ""sn1_ketene_loss"", ""sn1_loss"", ""sn2_fragment"", ""sn2_fragment_co2"", ""sn2_ketene_loss"", ""sn2_loss""]"
140,PE 18:0_22:5,PE O-16:1_22:5,0.9018529118378535,0.9424145279644527,PE O-16:1_22:5,0.9424145279644527,False,False,"[""PE O-16:1_22:5"", ""PE O-18:3_22:5"", ""PE O-18:2_22:5"", ""PE 18:2_22:5"", ""PE 18:1_22:5""]","[0.9018529118378535, 0.8966525589285007, 0.8938186001717776, 0.8773148942156349, 0.871324144831833]","[0.9424145279644527, 0.9351621005236459, 0.933509041255701, 0.926277380868883, 0.9099285854169099]","[""PE O-16:1_22:5"", ""PE O-18:3_22:5"", ""PE O-18:2_22:5"", ""PE 18:1_22:5"", ""PE 18:2_22:5""]",0.9018529118378535,0.7299878898146883,16,0.1951219512195122,"observed channels, physical fragment envelopes only",full library molecular channel occupancy inverse square-root weight,"[""sn1_fragment"", ""sn1_ketene_loss"", ""sn1_loss"", ""sn2_fragment"", ""sn2_fragment_co2"", ""sn2_ketene_loss"", ""sn2_loss""]"
141,PE 18:0_22:6,PE O-18:3_22:6,0.8004891666672418,0.8938322927480644,PE O-18:3_22:6,0.8938322927480644,False,False,"[""PE O-18:3_22:6"", ""PE O-18:2_22:6"", ""PE 17:0_22:6"", ""PE 18:2_22:6"", ""PE 16:1_22:6""]","[0.8004891666672418, 0.7799337212712346, 0.7437352947686324, 0.7403362199662625, 0.73987885139822]","[0.8938322927480644, 0.8792651351082617, 0.8740845517570189, 0.8689241367699349, 0.8577018327757815]","[""PE O-18:3_22:6"", ""PE 18:1_22:6"", ""PE O-18:2_22:6"", ""PE 17:0_22:6"", ""PE 18:2_22:6""]",0.8004891666672418,0.6714611226641498,24,0.3333333333333333,"observed channels, physical fragment envelopes only",full library molecular channel occupancy inverse square-root weight,"[""sn1_fragment"", ""sn1_ketene_loss"", ""sn1_loss"", ""sn2_fragment"", ""sn2_fragment_co2"", ""sn2_ketene_loss"", ""sn2_loss""]"
142,PE 20:0_18:1,PA 18:1_24:6,0.7397008730161405,0.4045645260252374,PG 18:0_18:1,0.38691002797434376,False,False,"[""PA 18:1_24:6"", ""PG 18:1_18:1"", ""PG 17:0_18:1"", ""PA 18:1_24:5"", ""PA 24:0_18:1""]","[0.7397008730161405, 0.6787772204713428, 0.6128588447228698, 0.6048621129233998, 0.6011049482576631]","[0.4045645260252374, 0.39428599525135744, 0.38691002797434376, 0.3869098774847782, 0.3725882950365309]","[""PG 18:0_18:1"", ""PG 18:1_18:1"", ""PA 18:1_24:6"", ""PE 18:1_20:1"", ""PE 22:0_16:1""]",0.5636780056353049,0.7397008730161405,25,0.1984126984126984,"observed channels, physical fragment envelopes only",full library molecular channel occupancy inverse square-root weight,"[""sn1_fragment"", ""sn1_ketene_loss"", ""sn1_loss"", ""sn2_fragment"", ""sn2_ketene_loss"", ""sn2_loss""]"
143,PE 18:1_20:1,PE 18:0_20:1,0.7393804672690909,0.588767676370091,PE 18:0_20:1,0.588767676370091,False,False,"[""PE 18:0_20:1"", ""PE 17:0_20:1"", ""PE O-18:0_20:1"", ""PE O-20:1_20:1"", ""PE O-18:1_20:1""]","[0.7393804672690909, 0.732464161227773, 0.7322193850143631, 0.7193707576821623, 0.690205072632196]","[0.588767676370091, 0.5814064903671654, 0.5586215069037029, 0.5369653166343195, 0.5316289834832647]","[""PE 18:0_20:1"", ""PE 17:0_20:1"", ""PE O-18:0_20:1"", ""PE O-20:1_20:1"", ""PA 20:1_22:6""]",0.7393804672690909,0.685838145036019,51,0.6,"observed channels, physical fragment envelopes only",full library molecular channel occupancy inverse square-root weight,"[""sn1_fragment"", ""sn1_ketene_loss"", ""sn1_loss"", ""sn2_fragment"", ""sn2_ketene_loss"", ""sn2_loss""]"
144,PE 18:1_20:2,PE 20:2_20:2,0.8989316119954044,0.8178587413074069,PE 20:2_20:2,0.8178587413074069,False,False,"[""PE 20:2_20:2"", ""PE O-20:2_20:2"", ""PE O-18:2_20:2"", ""PE O-20:1_20:2"", ""PE O-18:1_20:2""]","[0.8989316119954044, 0.8915715886413381, 0.8869388363772274, 0.8848516322567896, 0.8713501099006199]","[0.8178587413074069, 0.8076586411117684, 0.796554186106116, 0.782146642700845, 0.7561184637315391]","[""PE 20:2_20:2"", ""PE O-20:2_20:2"", ""PE O-18:2_20:2"", ""PE O-20:1_20:2"", ""PE O-18:1_20:2""]",0.8989316119954044,0.8051973419871037,29,0.4142857142857143,"observed channels, physical fragment envelopes only",full library molecular channel occupancy inverse square-root weight,"[""sn1_fragment"", ""sn1_ketene_loss"", ""sn1_loss"", ""sn2_fragment"", ""sn2_ketene_loss"", ""sn2_loss""]"
145,PE 18:1_20:3,PE 20:3_20:3,0.9200954054984644,0.8858775046213904,PE 20:3_20:3,0.8858775046213904,False,False,"[""PE 20:3_20:3"", ""PE O-18:3_20:3"", ""PE O-18:2_20:3"", ""PE O-20:3_20:3"", ""PE O-20:2_20:3""]","[0.9200954054984644, 0.9163094969289729, 0.9117011120244015, 0.9114577026367029, 0.9105439827180042]","[0.8858775046213904, 0.880901211774698, 0.8800795239271844, 0.8750883742154759, 0.873501101635829]","[""PE 20:3_20:3"", ""PE O-18:3_20:3"", ""PE O-18:2_20:3"", ""PE O-20:3_20:3"", ""PE O-20:2_20:3""]",0.9200954054984644,0.7884243201312068,29,0.4142857142857143,"observed channels, physical fragment envelopes only",full library molecular channel occupancy inverse square-root weight,"[""sn1_fragment"", ""sn1_ketene_loss"", ""sn1_loss"", ""sn2_fragment"", ""sn2_ketene_loss"", ""sn2_loss""]"
146,PE 18:1_20:4,PE 20:4_20:4,0.9055947677446062,0.898209475845052,PE 20:4_20:4,0.898209475845052,False,False,"[""PE 20:4_20:4"", ""PE O-18:2_20:4"", ""PE O-20:3_20:4"", ""PE O-20:2_20:4"", ""PE O-18:1_20:4""]","[0.9055947677446062, 0.8858709992755072, 0.8835784356188413, 0.8665496276821181, 0.861978823749301]","[0.898209475845052, 0.872959685179353, 0.8575683869829811, 0.8518970341235566, 0.8402794432969558]","[""PE 20:4_20:4"", ""PE O-20:3_20:4"", ""PE O-20:2_20:4"", ""PE 20:2_20:4"", ""PE 20:1_20:4""]",0.9055947677446062,0.7322783707576139,43,0.5180722891566265,"observed channels, physical fragment envelopes only",full library molecular channel occupancy inverse square-root weight,"[""sn1_fragment"", ""sn1_ketene_loss"", ""sn1_loss"", ""sn2_fragment"", ""sn2_fragment_co2"", ""sn2_ketene_loss"", ""sn2_loss""]"
147,PE 18:1_20:5,PG 18:1_20:5,0.7719148366250568,0.7980834520080989,PE 20:0_20:5,0.6425405272436249,False,False,"[""PG 18:1_20:5"", ""PE 20:0_20:5"", ""PE 18:0_20:5"", ""PE 17:0_20:5"", ""PE O-18:1_20:5""]","[0.7719148366250568, 0.5945234521502134, 0.5708003353840346, 0.5681609245305468, 0.5642679079196039]","[0.7980834520080989, 0.7785604146519128, 0.7743738605057255, 0.7673449968392215, 0.7623708311782986]","[""PE 20:0_20:5"", ""PE 18:0_20:5"", ""PE 20:1_20:5"", ""PE 20:2_20:5"", ""PE 20:3_20:5""]",0.5945234521502134,0.7719148366250568,32,0.2222222222222222,"observed channels, physical fragment envelopes only",full library molecular channel occupancy inverse square-root weight,"[""sn1_fragment"", ""sn1_ketene_loss"", ""sn1_loss"", ""sn2_fragment"", ""sn2_fragment_co2"", ""sn2_ketene_loss"", ""sn2_loss""]"
148,PE 18:1_22:2,PE O-18:2_22:2,0.914931257931622,0.9324379054417208,PE O-18:2_22:2,0.9324379054417208,False,False,"[""PE O-18:2_22:2"", ""PE O-18:1_22:2"", ""PE O-16:1_22:2"", ""PE O-18:0_22:2"", ""PE O-16:0_22:2""]","[0.914931257931622, 0.9111264767211886, 0.8995411797054365, 0.895238363274232, 0.8939079699285847]","[0.9324379054417208, 0.927763817753903, 0.9087800460777073, 0.8925997937323676, 0.8867530510869993]","[""PE O-18:2_22:2"", ""PE O-18:1_22:2"", ""PE O-16:1_22:2"", ""PE O-18:0_22:2"", ""PE O-16:0_22:2""]",0.914931257931622,0.7551600962346783,13,0.1511627906976744,"observed channels, physical fragment envelopes only",full library molecular channel occupancy inverse square-root weight,"[""sn1_fragment"", ""sn1_ketene_loss"", ""sn1_loss"", ""sn2_fragment"", ""sn2_ketene_loss"", ""sn2_loss""]"
149,PE 18:1_22:3,PE O-18:3_22:3,0.9604944852497733,0.9649614059514052,PE O-18:2_22:3,0.9645366876215984,False,False,"[""PE O-18:3_22:3"", ""PE O-18:2_22:3"", ""PE O-18:1_22:3"", ""PE O-16:1_22:3"", ""PE O-16:0_22:3""]","[0.9604944852497733, 0.9596513653192532, 0.9566222033995725, 0.9521484331966931, 0.945275131128559]","[0.9649614059514052, 0.9645366876215984, 0.9605710755380118, 0.9568246600341663, 0.9405143326885111]","[""PE O-18:2_22:3"", ""PE O-18:3_22:3"", ""PE O-18:1_22:3"", ""PE O-16:1_22:3"", ""PE 18:0_22:3""]",0.9604944852497733,0.8277976739575456,20,0.25316455696202533,"observed channels, physical fragment envelopes only",full library molecular channel occupancy inverse square-root weight,"[""sn1_fragment"", ""sn1_ketene_loss"", ""sn1_loss"", ""sn2_fragment"", ""sn2_ketene_loss"", ""sn2_loss""]"
150,PE 18:1_22:4,PE O-18:3_22:4,0.9692319388258032,0.9712696523519041,PE O-18:3_22:4,0.9712696523519041,False,False,"[""PE O-18:3_22:4"", ""PE O-16:1_22:4"", ""PE O-18:2_22:4"", ""PE O-18:1_22:4"", ""PE 18:2_22:4""]","[0.9692319388258032, 0.9673900202170479, 0.9645470099362843, 0.9620139133390329, 0.9572467025905869]","[0.9712696523519041, 0.9707589536674025, 0.9681018522097771, 0.9634898136968677, 0.9506713466314569]","[""PE O-18:3_22:4"", ""PE O-16:1_22:4"", ""PE O-18:2_22:4"", ""PE O-18:1_22:4"", ""PE 18:2_22:4""]",0.9692319388258032,0.7957556451610441,27,0.313953488372093,"observed channels, physical fragment envelopes only",full library molecular channel occupancy inverse square-root weight,"[""sn1_fragment"", ""sn1_ketene_loss"", ""sn1_loss"", ""sn2_fragment"", ""sn2_fragment_co2"", ""sn2_ketene_loss"", ""sn2_loss""]"
151,PE 18:1_22:5,PE O-16:1_22:5,0.9143053215661411,0.9417979420146311,PE O-16:1_22:5,0.9417979420146311,False,False,"[""PE O-16:1_22:5"", ""PE O-18:3_22:5"", ""PE O-18:2_22:5"", ""PE 18:2_22:5"", ""PE 16:1_22:5""]","[0.9143053215661411, 0.9143005356110879, 0.9003967194887027, 0.8915689751345998, 0.8808572045074321]","[0.9417979420146311, 0.9389028467139042, 0.9292839415893961, 0.926277380868883, 0.9111121952633232]","[""PE O-16:1_22:5"", ""PE O-18:3_22:5"", ""PE O-18:2_22:5"", ""PE 18:0_22:5"", ""PE 18:2_22:5""]",0.9143053215661411,0.7398586787692268,16,0.17204301075268819,"observed channels, physical fragment envelopes only",full library molecular channel occupancy inverse square-root weight,"[""sn1_fragment"", ""sn1_ketene_loss"", ""sn1_loss"", ""sn2_fragment"", ""sn2_fragment_co2"", ""sn2_ketene_loss"", ""sn2_loss""]"
152,PE 18:1_22:6,PE O-18:3_22:6,0.7760340851322699,0.8792651351082617,PE 18:0_22:6,0.877803953483258,False,False,"[""PE O-18:3_22:6"", ""PE O-18:2_22:6"", ""PE 18:0_22:6"", ""PE 17:0_22:6"", ""PE 18:2_22:6""]","[0.7760340851322699, 0.7405513635499061, 0.7321850195860311, 0.713121419319659, 0.7098712317825636]","[0.8792651351082617, 0.877803953483258, 0.8506973298480948, 0.8490203749530234, 0.8409965081333877]","[""PE 18:0_22:6"", ""PE O-18:3_22:6"", ""PE O-18:2_22:6"", ""PE 17:0_22:6"", ""PE 18:2_22:6""]",0.7760340851322699,0.6355683729492404,31,0.40789473684210525,"observed channels, physical fragment envelopes only",full library molecular channel occupancy inverse square-root weight,"[""sn1_fragment"", ""sn1_ketene_loss"", ""sn1_loss"", ""sn2_fragment"", ""sn2_fragment_co2"", ""sn2_ketene_loss"", ""sn2_loss""]"
153,PE 20:0_18:2,PE O-20:1_18:2,0.8058240283250426,0.7111086318044066,PE 20:1_18:2,0.7093975683988588,False,False,"[""PE O-20:1_18:2"", ""PE O-20:0_18:2"", ""PE 20:1_18:2"", ""PG 18:2_18:2"", ""PE O-22:1_18:2""]","[0.8058240283250426, 0.7926172729635239, 0.770850992463506, 0.7632049913386856, 0.735079738365499]","[0.7111086318044066, 0.7093975683988588, 0.6829670935632254, 0.6206530868589765, 0.6143041690879479]","[""PE 20:1_18:2"", ""PE O-20:1_18:2"", ""PE O-20:0_18:2"", ""PE 18:2_20:3"", ""PE O-22:1_18:2""]",0.8058240283250426,0.7632049913386856,20,0.24390243902439024,"observed channels, physical fragment envelopes only",full library molecular channel occupancy inverse square-root weight,"[""sn1_fragment"", ""sn1_ketene_loss"", ""sn1_loss"", ""sn2_fragment"", ""sn2_ketene_loss"", ""sn2_loss""]"
154,PE 20:1_18:2,PE 20:0_18:2,0.770850992463506,0.7111086318044066,PE 20:0_18:2,0.7111086318044066,False,False,"[""PE 20:0_18:2"", ""PE O-20:1_18:2"", ""PE O-20:0_18:2"", ""PG 18:2_18:2"", ""PE O-22:1_18:2""]","[0.770850992463506, 0.7647801677874185, 0.7523476214671341, 0.7244329715511475, 0.6977342065008126]","[0.7111086318044066, 0.6963865247484852, 0.6705783026277117, 0.6225657513553445, 0.6121378668018043]","[""PE 20:0_18:2"", ""PE O-20:1_18:2"", ""PE O-20:0_18:2"", ""PE 18:2_20:2"", ""PE 18:2_20:3""]",0.770850992463506,0.7244329715511475,56,0.6746987951807228,"observed channels, physical fragment envelopes only",full library molecular channel occupancy inverse square-root weight,"[""sn1_fragment"", ""sn1_ketene_loss"", ""sn1_loss"", ""sn2_fragment"", ""sn2_ketene_loss"", ""sn2_loss""]"
155,PE 18:2_20:2,PE 20:2_20:2,0.7430427113635323,0.6270382723264182,PE O-20:1_18:2,0.6221590619397269,False,False,"[""PE 20:2_20:2"", ""PE O-20:2_20:2"", ""PE O-18:2_20:2"", ""PE O-20:1_20:2"", ""PE O-18:1_20:2""]","[0.7430427113635323, 0.733668309670418, 0.7298146736021146, 0.7281378186872577, 0.7170270571964419]","[0.6270382723264182, 0.6225657513553445, 0.6221590619397269, 0.6141487843639257, 0.6073536558046589]","[""PE O-20:1_18:2"", ""PE 20:1_18:2"", ""PE 20:2_20:2"", ""PE 20:0_18:2"", ""PE O-20:2_20:2""]",0.7430427113635323,0.6625549879164521,29,0.42028985507246375,"observed channels, physical fragment envelopes only",full library molecular channel occupancy inverse square-root weight,"[""sn1_fragment"", ""sn1_ketene_loss"", ""sn1_loss"", ""sn2_fragment"", ""sn2_ketene_loss"", ""sn2_loss""]"
156,PE 18:2_20:3,PE 20:3_20:3,0.7427822075787949,0.6497153165102871,PE 20:3_20:3,0.6497153165102871,False,False,"[""PE 20:3_20:3"", ""PG 18:2_20:3"", ""PE O-18:3_20:3"", ""PE O-18:2_20:3"", ""PE O-20:3_20:3""]","[0.7427822075787949, 0.7413210205947467, 0.7356682431468342, 0.7333655933143696, 0.7332464379350344]","[0.6497153165102871, 0.6404443084670766, 0.6391989536097276, 0.6368928072846927, 0.6357347999430529]","[""PE 20:3_20:3"", ""PE O-18:2_20:3"", ""PE O-18:3_20:3"", ""PE O-20:3_20:3"", ""PE O-20:2_20:3""]",0.7427822075787949,0.7413210205947467,29,0.42028985507246375,"observed channels, physical fragment envelopes only",full library molecular channel occupancy inverse square-root weight,"[""sn1_fragment"", ""sn1_ketene_loss"", ""sn1_loss"", ""sn2_fragment"", ""sn2_ketene_loss"", ""sn2_loss""]"
157,PE 18:2_20:4,PE 20:4_20:4,0.9130395161231963,0.8952237135954878,PE 20:4_20:4,0.8952237135954878,False,False,"[""PE 20:4_20:4"", ""PE O-18:2_20:4"", ""PE O-20:3_20:4"", ""PE O-20:2_20:4"", ""PE O-18:1_20:4""]","[0.9130395161231963, 0.8923770776419779, 0.8902186150261181, 0.8730435769685915, 0.8684177464148987]","[0.8952237135954878, 0.8692051482304763, 0.8538684039985673, 0.8484726483113734, 0.8368677578047528]","[""PE 20:4_20:4"", ""PE O-20:3_20:4"", ""PE O-20:2_20:4"", ""PE 20:2_20:4"", ""PE 20:3_20:4""]",0.9130395161231963,0.8407820040675111,43,0.5180722891566265,"observed channels, physical fragment envelopes only",full library molecular channel occupancy inverse square-root weight,"[""sn1_fragment"", ""sn1_ketene_loss"", ""sn1_loss"", ""sn2_fragment"", ""sn2_fragment_co2"", ""sn2_ketene_loss"", ""sn2_loss""]"
158,PE 18:2_20:5,PG 18:2_20:5,0.8063714245001088,0.7680906731345741,PE 20:0_20:5,0.6488491070095219,False,False,"[""PG 18:2_20:5"", ""PE 20:0_20:5"", ""PE 17:0_20:5"", ""PE 20:2_20:5"", ""PE 20:1_20:5""]","[0.8063714245001088, 0.6231097871184084, 0.591675464411435, 0.583634810530949, 0.5832018704651322]","[0.7680906731345741, 0.7444244022615867, 0.7381943980620203, 0.7357672203127295, 0.7337285843286976]","[""PE 20:0_20:5"", ""PE 20:1_20:5"", ""PE 20:2_20:5"", ""PE 18:0_20:5"", ""PE 20:3_20:5""]",0.6231097871184084,0.8063714245001088,31,0.2246376811594203,"observed channels, physical fragment envelopes only",full library molecular channel occupancy inverse square-root weight,"[""sn1_fragment"", ""sn1_ketene_loss"", ""sn1_loss"", ""sn2_fragment"", ""sn2_fragment_co2"", ""sn2_ketene_loss"", ""sn2_loss""]"
159,PE 22:1_18:2,PE O-20:1_18:2,0.6735070402770302,0.5718379075976621,PE O-20:1_18:2,0.5718379075976621,False,False,"[""PE O-20:1_18:2"", ""PE 20:0_18:2"", ""PE O-20:0_18:2"", ""PG 18:2_18:2"", ""PE 20:1_18:2""]","[0.6735070402770302, 0.665582889553774, 0.6625585469461639, 0.6379731419879966, 0.632624483467296]","[0.5718379075976621, 0.5598372038880721, 0.5511157248196589, 0.5506458420138819, 0.5039469216838556]","[""PE O-20:1_18:2"", ""PE 20:0_18:2"", ""PE 20:1_18:2"", ""PE O-20:0_18:2"", ""PE 18:2_20:3""]",0.6735070402770302,0.6379731419879966,16,0.19753086419753085,"observed channels, physical fragment envelopes only",full library molecular channel occupancy inverse square-root weight,"[""sn1_fragment"", ""sn1_ketene_loss"", ""sn1_loss"", ""sn2_fragment"", ""sn2_ketene_loss"", ""sn2_loss""]"
160,PE 18:2_22:2,PE O-18:2_22:2,0.900574444993688,0.8803024863308492,PE O-18:2_22:2,0.8803024863308492,False,False,"[""PE O-18:2_22:2"", ""PE O-18:1_22:2"", ""PE O-16:1_22:2"", ""PE O-18:0_22:2"", ""PE O-16:0_22:2""]","[0.900574444993688, 0.8968564735742286, 0.8854530061667819, 0.8812175783280559, 0.8799080209632635]","[0.8803024863308492, 0.8759131646165188, 0.8579907505757977, 0.8427147694096911, 0.837705493172001]","[""PE O-18:2_22:2"", ""PE O-18:1_22:2"", ""PE O-16:1_22:2"", ""PE O-18:0_22:2"", ""PE 18:1_22:2""]",0.900574444993688,0.7433329068229197,10,0.11363636363636363,"observed channels, physical fragment envelopes only",full library molecular channel occupancy inverse square-root weight,"[""sn1_fragment"", ""sn1_ketene_loss"", ""sn1_loss"", ""sn2_fragment"", ""sn2_ketene_loss"", ""sn2_loss""]"
161,PE 18:2_22:3,PE O-18:2_22:3,0.8792923999940452,0.8472384546428491,PE O-18:2_22:3,0.8472384546428491,False,False,"[""PE O-18:2_22:3"", ""PE O-18:3_22:3"", ""PE O-18:1_22:3"", ""PE O-16:1_22:3"", ""PE O-16:0_22:3""]","[0.8792923999940452, 0.8787492932284091, 0.8765743261742547, 0.8724756277177514, 0.8661774620878304]","[0.8472384546428491, 0.8453354653625444, 0.843436749972603, 0.8401479852282747, 0.8316532724958385]","[""PE O-18:2_22:3"", ""PE O-18:3_22:3"", ""PE O-18:1_22:3"", ""PE O-16:1_22:3"", ""PE 18:1_22:3""]",0.8792923999940452,0.7585018405611187,10,0.11363636363636363,"observed channels, physical fragment envelopes only",full library molecular channel occupancy inverse square-root weight,"[""sn1_fragment"", ""sn1_ketene_loss"", ""sn1_loss"", ""sn2_fragment"", ""sn2_ketene_loss"", ""sn2_loss""]"
162,PE 18:2_22:4,PE O-16:1_22:4,0.9706434844353532,0.9603191374833454,PE O-16:1_22:4,0.9603191374833454,False,False,"[""PE O-16:1_22:4"", ""PE O-18:3_22:4"", ""PE O-18:2_22:4"", ""PE O-18:1_22:4"", ""PE 18:1_22:4""]","[0.9706434844353532, 0.9698436418325191, 0.9675883670354315, 0.965089363075779, 0.9572467025905869]","[0.9603191374833454, 0.9578502997740627, 0.9575247259648695, 0.9530200486911155, 0.9506713466314569]","[""PE O-16:1_22:4"", ""PE O-18:3_22:4"", ""PE O-18:2_22:4"", ""PE O-18:1_22:4"", ""PE 18:1_22:4""]",0.9706434844353532,0.7975532255462009,15,0.15625,"observed channels, physical fragment envelopes only",full library molecular channel occupancy inverse square-root weight,"[""sn1_fragment"", ""sn1_ketene_loss"", ""sn1_loss"", ""sn2_fragment"", ""sn2_fragment_co2"", ""sn2_ketene_loss"", ""sn2_loss""]"
163,PE 18:2_22:5,PE O-16:1_22:5,0.9254990815922643,0.9283602402436721,PE O-16:1_22:5,0.9283602402436721,False,False,"[""PE O-16:1_22:5"", ""PE O-18:3_22:5"", ""PE O-18:2_22:5"", ""PE 16:1_22:5"", ""PE 18:1_22:5""]","[0.9254990815922643, 0.9193076405764102, 0.9105724494713643, 0.8930836549204817, 0.8915689751345998]","[0.9283602402436721, 0.9208997534884906, 0.9156308242831468, 0.9111121952633232, 0.9099285854169099]","[""PE O-16:1_22:5"", ""PE O-18:3_22:5"", ""PE O-18:2_22:5"", ""PE 18:1_22:5"", ""PE 18:0_22:5""]",0.9254990815922643,0.7485887508450342,16,0.1702127659574468,"observed channels, physical fragment envelopes only",full library molecular channel occupancy inverse square-root weight,"[""sn1_fragment"", ""sn1_ketene_loss"", ""sn1_loss"", ""sn2_fragment"", ""sn2_fragment_co2"", ""sn2_ketene_loss"", ""sn2_loss""]"
164,PE 18:2_22:6,PE O-18:3_22:6,0.7790152139073441,0.8577018327757815,PE 18:0_22:6,0.8562165884470728,False,False,"[""PE O-18:3_22:6"", ""PE O-18:2_22:6"", ""PE 18:0_22:6"", ""PE 17:0_22:6"", ""PE 16:1_22:6""]","[0.7790152139073441, 0.7500521439542065, 0.7403362199662625, 0.7238787359174534, 0.7200019402862816]","[0.8577018327757815, 0.8562165884470728, 0.8409965081333877, 0.833759792799249, 0.8325396683719289]","[""PE 18:0_22:6"", ""PE O-18:3_22:6"", ""PE 18:1_22:6"", ""PE O-18:2_22:6"", ""PE 17:0_22:6""]",0.7790152139073441,0.6532692422537535,25,0.29069767441860467,"observed channels, physical fragment envelopes only",full library molecular channel occupancy inverse square-root weight,"[""sn1_fragment"", ""sn1_ketene_loss"", ""sn1_loss"", ""sn2_fragment"", ""sn2_fragment_co2"", ""sn2_ketene_loss"", ""sn2_loss""]"
165,PE 20:0_18:3,PE 20:1_18:3,0.7213783232948698,0.8907578760958721,PE 20:1_18:3,0.8907578760958721,False,False,"[""PE 20:1_18:3"", ""PG 18:2_18:3"", ""PG 18:1_18:3"", ""PG 18:0_18:3"", ""PG 20:1_18:3""]","[0.7213783232948698, 0.7122906617306182, 0.6462708016967526, 0.6169711287365806, 0.5646141199871605]","[0.8907578760958721, 0.8365896693643696, 0.8236869803056386, 0.8203241797509739, 0.8181857254680202]","[""PE 20:1_18:3"", ""PG 20:2_18:3"", ""PG 20:1_18:3"", ""PG 18:0_18:3"", ""PG 18:1_18:3""]",0.7213783232948698,0.7122906617306182,47,0.6351351351351351,"observed channels, physical fragment envelopes only",full library molecular channel occupancy inverse square-root weight,"[""sn1_fragment"", ""sn1_ketene_loss"", ""sn1_loss"", ""sn2_fragment"", ""sn2_ketene_loss"", ""sn2_loss""]"
166,PE 20:1_18:3,PG 20:1_18:3,0.7775930923942956,0.8907578760958721,PE 20:0_18:3,0.8512493044372207,False,False,"[""PG 20:1_18:3"", ""PE 20:0_18:3"", ""PG 18:2_18:3"", ""PG 18:1_18:3"", ""PG 18:0_18:3""]","[0.7775930923942956, 0.7213783232948698, 0.6748226031542355, 0.6122732523646347, 0.5845167748040548]","[0.8907578760958721, 0.8512493044372207, 0.8149025888905423, 0.7975919469549679, 0.7955114941698002]","[""PE 20:0_18:3"", ""PG 20:1_18:3"", ""PG 20:2_18:3"", ""PG 18:0_18:3"", ""PG 18:1_18:3""]",0.7213783232948698,0.7775930923942956,21,0.1826086956521739,"observed channels, physical fragment envelopes only",full library molecular channel occupancy inverse square-root weight,"[""sn1_fragment"", ""sn1_ketene_loss"", ""sn1_loss"", ""sn2_fragment"", ""sn2_ketene_loss"", ""sn2_loss""]"
167,PE 18:3_20:4,PG 18:3_20:4,0.8883052404094474,0.8099387418713766,PG 18:3_20:4,0.8099387418713766,False,False,"[""PG 18:3_20:4"", ""PE 20:4_20:4"", ""PE O-18:2_20:4"", ""PE O-20:3_20:4"", ""PE O-20:2_20:4""]","[0.8883052404094474, 0.8757549436404501, 0.8547757728435553, 0.8527119156968874, 0.8362573260731525]","[0.8099387418713766, 0.7067540869957211, 0.6882499771029229, 0.6515501534978706, 0.6514577711200384]","[""PG 18:3_20:4"", ""PE 20:0_18:3"", ""PE 20:1_18:3"", ""PE 20:4_20:4"", ""PG 20:2_18:3""]",0.8757549436404501,0.8883052404094474,30,0.23076923076923078,"observed channels, physical fragment envelopes only",full library molecular channel occupancy inverse square-root weight,"[""sn1_fragment"", ""sn1_ketene_loss"", ""sn1_loss"", ""sn2_fragment"", ""sn2_fragment_co2"", ""sn2_ketene_loss"", ""sn2_loss""]"
168,PE 18:3_22:4,PE O-16:1_22:4,0.8993382947548891,0.6845003646599158,PE 20:0_18:3,0.6762620400063023,False,False,"[""PE O-16:1_22:4"", ""PE O-18:3_22:4"", ""PE O-18:2_22:4"", ""PE O-18:1_22:4"", ""PE 18:2_22:4""]","[0.8993382947548891, 0.8985110049080479, 0.8965039898622725, 0.8941868405153116, 0.8909558661623062]","[0.6845003646599158, 0.6762620400063023, 0.6744497868583438, 0.6742921799499098, 0.6711192469477618]","[""PE 20:0_18:3"", ""PE O-16:1_22:4"", ""PE O-18:3_22:4"", ""PE O-18:2_22:4"", ""PE O-18:1_22:4""]",0.8993382947548891,0.7389336578701096,15,0.1724137931034483,"observed channels, physical fragment envelopes only",full library molecular channel occupancy inverse square-root weight,"[""sn1_fragment"", ""sn1_ketene_loss"", ""sn1_loss"", ""sn2_fragment"", ""sn2_fragment_co2"", ""sn2_ketene_loss"", ""sn2_loss""]"
169,PE 18:3_22:5,PE O-16:1_22:5,0.8890345436297912,0.7340114381542482,PE O-16:1_22:5,0.7340114381542482,False,False,"[""PE O-16:1_22:5"", ""PE O-18:3_22:5"", ""PE O-18:2_22:5"", ""PE 18:2_22:5"", ""PE 16:1_22:5""]","[0.8890345436297912, 0.8828514824843054, 0.8746453489234227, 0.8672516482490835, 0.8580732236181828]","[0.7340114381542482, 0.7279754204176806, 0.7239300456745983, 0.7194825388245855, 0.7191016863115686]","[""PE O-16:1_22:5"", ""PE O-18:3_22:5"", ""PE O-18:2_22:5"", ""PE 18:0_22:5"", ""PE 18:1_22:5""]",0.8890345436297912,0.7190675078661096,16,0.18823529411764706,"observed channels, physical fragment envelopes only",full library molecular channel occupancy inverse square-root weight,"[""sn1_fragment"", ""sn1_ketene_loss"", ""sn1_loss"", ""sn2_fragment"", ""sn2_fragment_co2"", ""sn2_ketene_loss"", ""sn2_loss""]"
170,PE 20:0_20:3,PE 20:3_20:3,0.9446775041771122,0.8805609227308122,PE 20:3_20:3,0.8805609227308122,False,False,"[""PE 20:3_20:3"", ""PE O-18:3_20:3"", ""PE O-20:2_20:3"", ""PE O-18:2_20:3"", ""PE O-20:3_20:3""]","[0.9446775041771122, 0.9391849381160002, 0.9373776874968309, 0.9363205393988188, 0.9362744120063909]","[0.8805609227308122, 0.8754540783222221, 0.8736463002497246, 0.8720772807781969, 0.870749326589432]","[""PE 20:3_20:3"", ""PE O-18:2_20:3"", ""PE O-18:3_20:3"", ""PE O-20:2_20:3"", ""PE O-20:3_20:3""]",0.9446775041771122,0.8097465884184465,29,0.5,"observed channels, physical fragment envelopes only",full library molecular channel occupancy inverse square-root weight,"[""sn1_fragment"", ""sn1_ketene_loss"", ""sn1_loss"", ""sn2_fragment"", ""sn2_ketene_loss"", ""sn2_loss""]"
171,PE 20:0_20:4,PE 20:4_20:4,0.9207863176222779,0.9119097981041979,PE 20:4_20:4,0.9119097981041979,False,False,"[""PE 20:4_20:4"", ""PE O-18:2_20:4"", ""PE O-20:3_20:4"", ""PE O-20:2_20:4"", ""PE O-18:1_20:4""]","[0.9207863176222779, 0.9005204814017198, 0.8984814990862967, 0.8844919687763657, 0.876376399718712]","[0.9119097981041979, 0.8862721789214011, 0.8738398750912039, 0.8648067928797549, 0.8647343461516039]","[""PE 20:4_20:4"", ""PE O-20:3_20:4"", ""PE O-20:2_20:4"", ""PE 20:2_20:4"", ""PE 20:1_20:4""]",0.9207863176222779,0.7268943494672264,43,0.5972222222222222,"observed channels, physical fragment envelopes only",full library molecular channel occupancy inverse square-root weight,"[""sn1_fragment"", ""sn1_ketene_loss"", ""sn1_loss"", ""sn2_fragment"", ""sn2_fragment_co2"", ""sn2_ketene_loss"", ""sn2_loss""]"
172,PE 20:0_20:5,PE 20:1_20:5,0.6792961284743051,0.8661796460400515,PE 20:1_20:5,0.8661796460400515,False,False,"[""PE 20:1_20:5"", ""PE 17:0_20:5"", ""PE O-18:1_20:5"", ""PE 20:2_20:5"", ""PE 18:0_20:5""]","[0.6792961284743051, 0.6700020337570283, 0.6612863240163825, 0.660680615411321, 0.6593047920884053]","[0.8661796460400515, 0.8495609798935851, 0.8465430969386376, 0.8441482371560172, 0.839556887390137]","[""PE 20:1_20:5"", ""PE 20:2_20:5"", ""PE 18:0_20:5"", ""PE 20:3_20:5"", ""PE 17:0_20:5""]",0.6792961284743051,0.561395706985786,58,0.6823529411764706,"observed channels, physical fragment envelopes only",full library molecular channel occupancy inverse square-root weight,"[""sn1_fragment"", ""sn1_ketene_loss"", ""sn1_loss"", ""sn2_fragment"", ""sn2_fragment_co2"", ""sn2_ketene_loss"", ""sn2_loss""]"
173,PE 20:1_20:2,PE 20:2_20:2,0.8845567146019061,0.830927687284139,PE 20:2_20:2,0.830927687284139,False,False,"[""PE 20:2_20:2"", ""PE O-20:2_20:2"", ""PE O-18:2_20:2"", ""PE O-20:1_20:2"", ""PE O-18:1_20:2""]","[0.8845567146019061, 0.8731914007276605, 0.8685169699868238, 0.8665142601111504, 0.8532993626194922]","[0.830927687284139, 0.8093484000787945, 0.7980180094343793, 0.7836362016139474, 0.7575640525605157]","[""PE 20:2_20:2"", ""PE O-20:2_20:2"", ""PE O-18:2_20:2"", ""PE O-20:1_20:2"", ""PE O-18:1_20:2""]",0.8845567146019061,0.7884601342244096,29,0.6904761904761905,"observed channels, physical fragment envelopes only",full library molecular channel occupancy inverse square-root weight,"[""sn1_fragment"", ""sn1_ketene_loss"", ""sn1_loss"", ""sn2_fragment"", ""sn2_ketene_loss"", ""sn2_loss""]"
174,PE 20:1_20:3,PE 20:3_20:3,0.9574552798569932,0.9378858988366396,PE 20:3_20:3,0.9378858988366396,False,False,"[""PE 20:3_20:3"", ""PE O-18:3_20:3"", ""PE O-20:3_20:3"", ""PE O-18:2_20:3"", ""PE O-20:2_20:3""]","[0.9574552798569932, 0.9509435490703277, 0.950848154767912, 0.9480432875989986, 0.9470713040150031]","[0.9378858988366396, 0.9303216758003836, 0.9299015179475217, 0.9284005987027352, 0.9236810518568593]","[""PE 20:3_20:3"", ""PE O-18:2_20:3"", ""PE O-20:3_20:3"", ""PE O-18:3_20:3"", ""PE O-20:2_20:3""]",0.9574552798569932,0.8198846059239002,29,0.5471698113207547,"observed channels, physical fragment envelopes only",full library molecular channel occupancy inverse square-root weight,"[""sn1_fragment"", ""sn1_ketene_loss"", ""sn1_loss"", ""sn2_fragment"", ""sn2_ketene_loss"", ""sn2_loss""]"
175,PE 20:1_20:4,PE 20:4_20:4,0.9190388010344148,0.9238463211771553,PE 20:4_20:4,0.9238463211771553,False,False,"[""PE 20:4_20:4"", ""PE O-20:3_20:4"", ""PE O-18:2_20:4"", ""PE O-20:2_20:4"", ""PE O-18:1_20:4""]","[0.9190388010344148, 0.9009328035873718, 0.8987465801525489, 0.8794801314033251, 0.8745619935837846]","[0.9238463211771553, 0.902177592002198, 0.8843165868034407, 0.882006897030705, 0.8647343461516039]","[""PE 20:4_20:4"", ""PE O-20:3_20:4"", ""PE 20:2_20:4"", ""PE O-20:2_20:4"", ""PE 20:0_20:4""]",0.9190388010344148,0.7258620306126434,43,0.589041095890411,"observed channels, physical fragment envelopes only",full library molecular channel occupancy inverse square-root weight,"[""sn1_fragment"", ""sn1_ketene_loss"", ""sn1_loss"", ""sn2_fragment"", ""sn2_fragment_co2"", ""sn2_ketene_loss"", ""sn2_loss""]"
176,PE 20:1_20:5,PE 20:0_20:5,0.6792961284743051,0.8661796460400515,PE 20:0_20:5,0.8661796460400515,False,False,"[""PE 20:0_20:5"", ""PE 20:2_20:5"", ""PE 17:0_20:5"", ""PE O-18:1_20:5"", ""PE 18:0_20:5""]","[0.6792961284743051, 0.6396490615059839, 0.6302444829370948, 0.6251752612031494, 0.6187150316337227]","[0.8661796460400515, 0.8354899710659734, 0.8210237348046836, 0.8183238900387546, 0.8147608006196633]","[""PE 20:0_20:5"", ""PE 20:2_20:5"", ""PE 18:0_20:5"", ""PE 20:3_20:5"", ""PE 17:0_20:5""]",0.6792961284743051,0.4822138180186565,58,0.6823529411764706,"observed channels, physical fragment envelopes only",full library molecular channel occupancy inverse square-root weight,"[""sn1_fragment"", ""sn1_ketene_loss"", ""sn1_loss"", ""sn2_fragment"", ""sn2_fragment_co2"", ""sn2_ketene_loss"", ""sn2_loss""]"
177,PE 20:2_20:2,PE O-20:2_20:2,0.9803192867020297,0.9572988014849316,PE O-20:2_20:2,0.9572988014849316,False,False,"[""PE O-20:2_20:2"", ""PE O-18:2_20:2"", ""PE O-20:1_20:2"", ""PE O-18:1_20:2"", ""PE O-18:0_20:2""]","[0.9803192867020297, 0.9751699459902375, 0.9729298271592705, 0.9580837477791849, 0.9501374568935038]","[0.9572988014849316, 0.9440649901846893, 0.9270590677844193, 0.8962075814842793, 0.8928546249476313]","[""PE O-20:2_20:2"", ""PE O-18:2_20:2"", ""PE O-20:1_20:2"", ""PE O-18:1_20:2"", ""PE 17:0_20:2""]",0.9803192867020297,0.8852934169678419,12,0.24,"observed channels, physical fragment envelopes only",full library molecular channel occupancy inverse square-root weight,"[""sn1_fragment"", ""sn1_ketene_loss"", ""sn1_loss"", ""sn2_fragment"", ""sn2_ketene_loss"", ""sn2_loss""]"
178,PE 20:2_20:3,PE 20:3_20:3,0.8757642235702175,0.8757804681266798,PE 20:3_20:3,0.8757804681266798,False,False,"[""PE 20:3_20:3"", ""PE O-18:3_20:3"", ""PE O-20:3_20:3"", ""PE O-18:2_20:3"", ""PE O-20:2_20:3""]","[0.8757642235702175, 0.8657775180205867, 0.8631379145514282, 0.8631368841267932, 0.8621214784893966]","[0.8757804681266798, 0.8590515672257127, 0.8572777649238879, 0.854523641586857, 0.8527282772698751]","[""PE 20:3_20:3"", ""PE O-18:2_20:3"", ""PE O-18:3_20:3"", ""PE O-20:3_20:3"", ""PE O-20:2_20:3""]",0.8757642235702175,0.7464450726894294,29,0.7073170731707317,"observed channels, physical fragment envelopes only",full library molecular channel occupancy inverse square-root weight,"[""sn1_fragment"", ""sn1_ketene_loss"", ""sn1_loss"", ""sn2_fragment"", ""sn2_ketene_loss"", ""sn2_loss""]"
179,PE 20:2_20:4,PE 20:4_20:4,0.9369316641113804,0.9370648301628667,PE 20:4_20:4,0.9370648301628667,False,False,"[""PE 20:4_20:4"", ""PE O-18:2_20:4"", ""PE O-20:3_20:4"", ""PE O-20:2_20:4"", ""PE O-18:1_20:4""]","[0.9369316641113804, 0.9157809603543529, 0.9137326426219011, 0.8959431080697982, 0.8912033038801913]","[0.9370648301628667, 0.9100176969771421, 0.8937909613427517, 0.8843165868034407, 0.88231640388582]","[""PE 20:4_20:4"", ""PE O-20:3_20:4"", ""PE O-20:2_20:4"", ""PE 20:1_20:4"", ""PE 20:3_20:4""]",0.9369316641113804,0.7393234939508476,43,0.6515151515151515,"observed channels, physical fragment envelopes only",full library molecular channel occupancy inverse square-root weight,"[""sn1_fragment"", ""sn1_ketene_loss"", ""sn1_loss"", ""sn2_fragment"", ""sn2_fragment_co2"", ""sn2_ketene_loss"", ""sn2_loss""]"
180,PE 20:2_20:5,PE 20:0_20:5,0.660680615411321,0.8495609798935851,PE 20:0_20:5,0.8495609798935851,False,False,"[""PE 20:0_20:5"", ""PE 20:1_20:5"", ""PE 17:0_20:5"", ""PE 20:3_20:5"", ""PE O-18:1_20:5""]","[0.660680615411321, 0.6396490615059839, 0.6287208446366477, 0.6245279944635488, 0.6216639945725063]","[0.8495609798935851, 0.8354899710659734, 0.8242468160749921, 0.8137861478252207, 0.807260551520096]","[""PE 20:0_20:5"", ""PE 20:1_20:5"", ""PE 20:3_20:5"", ""PE 18:0_20:5"", ""PE 17:0_20:5""]",0.660680615411321,0.4816148135070407,48,0.5106382978723404,"observed channels, physical fragment envelopes only",full library molecular channel occupancy inverse square-root weight,"[""sn1_fragment"", ""sn1_ketene_loss"", ""sn1_loss"", ""sn2_fragment"", ""sn2_fragment_co2"", ""sn2_ketene_loss"", ""sn2_loss""]"
181,PE 20:3_20:3,PE O-18:3_20:3,0.9837096336800372,0.9687521048497769,PE O-18:2_20:3,0.9667516700402817,False,False,"[""PE O-18:3_20:3"", ""PE O-18:2_20:3"", ""PE O-20:3_20:3"", ""PE O-20:2_20:3"", ""PE O-18:1_20:3""]","[0.9837096336800372, 0.9807094401091137, 0.9805525167743369, 0.9795654227657887, 0.9764529160832037]","[0.9687521048497769, 0.9667516700402817, 0.9633835068266475, 0.9616294806838365, 0.9556481322396752]","[""PE O-18:2_20:3"", ""PE O-18:3_20:3"", ""PE O-20:3_20:3"", ""PE O-20:2_20:3"", ""PE O-18:1_20:3""]",0.9837096336800372,0.8481349026817356,10,0.19230769230769232,"observed channels, physical fragment envelopes only",full library molecular channel occupancy inverse square-root weight,"[""sn1_fragment"", ""sn1_ketene_loss"", ""sn1_loss"", ""sn2_fragment"", ""sn2_ketene_loss"", ""sn2_loss""]"
182,PE 20:3_20:4,PE 20:4_20:4,0.9128348348816245,0.9269282354653023,PE 20:4_20:4,0.9269282354653023,False,False,"[""PE 20:4_20:4"", ""PE O-18:2_20:4"", ""PE O-20:3_20:4"", ""PE O-20:2_20:4"", ""PE O-18:1_20:4""]","[0.9128348348816245, 0.8904390775385758, 0.8882551211519423, 0.8711458654538455, 0.8665677063942755]","[0.9269282354653023, 0.896865390593152, 0.88231640388582, 0.8810576940890903, 0.8638415277682668]","[""PE 20:4_20:4"", ""PE O-20:3_20:4"", ""PE 20:2_20:4"", ""PE O-20:2_20:4"", ""PE 20:1_20:4""]",0.9128348348816245,0.7187375970921173,43,0.7818181818181819,"observed channels, physical fragment envelopes only",full library molecular channel occupancy inverse square-root weight,"[""sn1_fragment"", ""sn1_ketene_loss"", ""sn1_loss"", ""sn2_fragment"", ""sn2_fragment_co2"", ""sn2_ketene_loss"", ""sn2_loss""]"
183,PE 20:3_20:5,PE 20:0_20:5,0.6460284977016872,0.8441482371560172,PE 20:0_20:5,0.8441482371560172,False,False,"[""PE 20:0_20:5"", ""PE 20:2_20:5"", ""PE 17:0_20:5"", ""PE O-18:1_20:5"", ""PE 20:1_20:5""]","[0.6460284977016872, 0.6245279944635488, 0.6141161538804034, 0.6060335196517528, 0.6051482508163]","[0.8441482371560172, 0.8242468160749921, 0.8183238900387546, 0.8086448953662176, 0.8019680974461083]","[""PE 20:0_20:5"", ""PE 20:2_20:5"", ""PE 20:1_20:5"", ""PE 18:0_20:5"", ""PE 17:0_20:5""]",0.6460284977016872,0.48524750709457154,42,0.44680851063829785,"observed channels, physical fragment envelopes only",full library molecular channel occupancy inverse square-root weight,"[""sn1_fragment"", ""sn1_ketene_loss"", ""sn1_loss"", ""sn2_fragment"", ""sn2_fragment_co2"", ""sn2_ketene_loss"", ""sn2_loss""]"
184,PE 20:4_20:4,PE O-18:2_20:4,0.9715405509918842,0.9589560142431945,PE O-20:3_20:4,0.9144041356804798,False,False,"[""PE O-18:2_20:4"", ""PE O-20:3_20:4"", ""PE O-20:2_20:4"", ""PE O-18:1_20:4"", ""PE 20:2_20:4""]","[0.9715405509918842, 0.9692667751732128, 0.9504794809695136, 0.9453508524122247, 0.9369316641113804]","[0.9589560142431945, 0.941979290104786, 0.9370648301628667, 0.9269282354653023, 0.9238463211771553]","[""PE O-20:3_20:4"", ""PE O-20:2_20:4"", ""PE 20:2_20:4"", ""PE 20:3_20:4"", ""PE 20:1_20:4""]",0.9715405509918842,0.7848639622995441,21,0.3181818181818182,"observed channels, physical fragment envelopes only",full library molecular channel occupancy inverse square-root weight,"[""sn1_fragment"", ""sn1_fragment_co2"", ""sn1_ketene_loss"", ""sn1_loss"", ""sn2_fragment"", ""sn2_fragment_co2"", ""sn2_ketene_loss"", ""sn2_loss""]"
185,PE 20:4_20:5,PE 20:4_20:4,0.6714372883852312,0.8017231515343237,PE 20:0_20:5,0.47569104812541185,False,False,"[""PE 20:4_20:4"", ""PE O-18:2_20:4"", ""PE O-20:3_20:4"", ""PE O-20:2_20:4"", ""PE O-18:1_20:4""]","[0.6714372883852312, 0.6508336819195446, 0.649539586679396, 0.6366837728286813, 0.6329662081435203]","[0.8017231515343237, 0.7776102056494821, 0.7755613743183802, 0.7710293031039707, 0.7682565555865452]","[""PE 20:0_20:5"", ""PE 20:1_20:5"", ""PE 20:3_20:5"", ""PE 20:2_20:5"", ""PE 18:0_20:5""]",0.6714372883852312,0.5272525211821286,43,0.7288135593220338,"observed channels, physical fragment envelopes only",full library molecular channel occupancy inverse square-root weight,"[""sn1_fragment"", ""sn1_fragment_co2"", ""sn1_ketene_loss"", ""sn1_loss"", ""sn2_fragment"", ""sn2_fragment_co2"", ""sn2_ketene_loss"", ""sn2_loss""]"
186,PE 17:0_20:0,PG 17:0_17:0,0.8460604600250419,0.8080143208829804,PG 17:0_17:0,0.8080143208829804,False,False,"[""PG 17:0_17:0"", ""PC 17:0_17:0"", ""PC O-16:1_17:0"", ""PC O-16:0_17:0"", ""PG 17:0_18:0""]","[0.8460604600250419, 0.7082641236386505, 0.6345647496380726, 0.5796908403396389, 0.5188917295091152]","[0.8080143208829804, 0.49051023677049244, 0.48171595589798305, 0.40796238015790726, 0.368548656315933]","[""PG 17:0_17:0"", ""PC 17:0_17:0"", ""PG 17:0_18:0"", ""PC O-16:1_17:0"", ""PC O-16:0_17:0""]",0.4789734741838789,0.8460604600250419,9,0.08571428571428572,"observed channels, physical fragment envelopes only",full library molecular channel occupancy inverse square-root weight,"[""sn1_fragment"", ""sn1_ketene_loss"", ""sn1_loss"", ""sn2_fragment"", ""sn2_ketene_loss"", ""sn2_loss""]"
187,PE 17:0_20:1,PE O-18:0_20:1,0.9037729026415178,0.7818984486858385,PE O-18:0_20:1,0.7818984486858385,False,False,"[""PE O-18:0_20:1"", ""PE 18:0_20:1"", ""PE O-20:1_20:1"", ""PE O-18:1_20:1"", ""PA 20:1_22:6""]","[0.9037729026415178, 0.9004481217909858, 0.8871853186666123, 0.8519425431354513, 0.8458278535091274]","[0.7818984486858385, 0.7700576605541994, 0.7492702042287883, 0.741847055555905, 0.6843520528444533]","[""PE O-18:0_20:1"", ""PE 18:0_20:1"", ""PE O-20:1_20:1"", ""PA 20:1_22:6"", ""PE O-18:1_20:1""]",0.9037729026415178,0.8458278535091274,18,0.2465753424657534,"observed channels, physical fragment envelopes only",full library molecular channel occupancy inverse square-root weight,"[""sn1_fragment"", ""sn1_ketene_loss"", ""sn1_loss"", ""sn2_fragment"", ""sn2_ketene_loss"", ""sn2_loss""]"
188,PE 17:0_20:2,PE 20:2_20:2,0.9500581442007726,0.8928546249476313,PE 20:2_20:2,0.8928546249476313,False,False,"[""PE 20:2_20:2"", ""PE O-20:2_20:2"", ""PE O-18:2_20:2"", ""PE O-20:1_20:2"", ""PE O-18:1_20:2""]","[0.9500581442007726, 0.9441892569001182, 0.9392935793470354, 0.9370730245970984, 0.9228750800206863]","[0.8928546249476313, 0.8865541607130496, 0.8744884109629207, 0.858550531431404, 0.8302792211510592]","[""PE 20:2_20:2"", ""PE O-20:2_20:2"", ""PE O-18:2_20:2"", ""PE O-20:1_20:2"", ""PE O-18:1_20:2""]",0.9500581442007726,0.8526664064418825,29,0.4603174603174603,"observed channels, physical fragment envelopes only",full library molecular channel occupancy inverse square-root weight,"[""sn1_fragment"", ""sn1_ketene_loss"", ""sn1_loss"", ""sn2_fragment"", ""sn2_ketene_loss"", ""sn2_loss""]"
189,PE 17:0_20:3,PE 20:3_20:3,0.945575794171002,0.9011938089085709,PE 20:3_20:3,0.9011938089085709,False,False,"[""PE 20:3_20:3"", ""PE O-18:3_20:3"", ""PE O-18:2_20:3"", ""PE O-20:3_20:3"", ""PE O-20:2_20:3""]","[0.945575794171002, 0.9403158231159638, 0.9374566745038219, 0.9372947129477205, 0.9363544222111924]","[0.9011938089085709, 0.8965090472480455, 0.8946370068925897, 0.891515648074528, 0.8898969051363338]","[""PE 20:3_20:3"", ""PE O-18:2_20:3"", ""PE O-18:3_20:3"", ""PE O-20:3_20:3"", ""PE O-20:2_20:3""]",0.945575794171002,0.8107216132537636,29,0.4603174603174603,"observed channels, physical fragment envelopes only",full library molecular channel occupancy inverse square-root weight,"[""sn1_fragment"", ""sn1_ketene_loss"", ""sn1_loss"", ""sn2_fragment"", ""sn2_ketene_loss"", ""sn2_loss""]"
190,PE 17:0_20:4,PE 20:4_20:4,0.924009195795054,0.9143785587424255,PE 20:4_20:4,0.9143785587424255,False,False,"[""PE 20:4_20:4"", ""PE O-18:2_20:4"", ""PE O-20:3_20:4"", ""PE O-20:2_20:4"", ""PE O-18:1_20:4""]","[0.924009195795054, 0.9038986560917279, 0.9017167908666329, 0.8842725663510206, 0.8796100736596416]","[0.9143785587424255, 0.8888377142179403, 0.8731225338065552, 0.8671927634166938, 0.8554486815872224]","[""PE 20:4_20:4"", ""PE O-20:3_20:4"", ""PE O-20:2_20:4"", ""PE 20:2_20:4"", ""PE 20:1_20:4""]",0.924009195795054,0.7299907873618678,43,0.5584415584415584,"observed channels, physical fragment envelopes only",full library molecular channel occupancy inverse square-root weight,"[""sn1_fragment"", ""sn1_ketene_loss"", ""sn1_loss"", ""sn2_fragment"", ""sn2_fragment_co2"", ""sn2_ketene_loss"", ""sn2_loss""]"
191,PE 17:0_20:5,PG 17:0_20:5,0.7108936868389557,0.839556887390137,PE 20:0_20:5,0.4125737833977435,False,False,"[""PG 17:0_20:5"", ""PE 20:0_20:5"", ""PE O-18:1_20:5"", ""PE 20:1_20:5"", ""PE 20:2_20:5""]","[0.7108936868389557, 0.6700020337570283, 0.6387623178314296, 0.6302444829370948, 0.6287208446366477]","[0.839556887390137, 0.8147608006196633, 0.807260551520096, 0.8048500871705206, 0.8019680974461083]","[""PE 20:0_20:5"", ""PE 20:1_20:5"", ""PE 20:2_20:5"", ""PE 18:0_20:5"", ""PE 20:3_20:5""]",0.6700020337570283,0.7108936868389557,44,0.352,"observed channels, physical fragment envelopes only",full library molecular channel occupancy inverse square-root weight,"[""sn1_fragment"", ""sn1_ketene_loss"", ""sn1_loss"", ""sn2_fragment"", ""sn2_fragment_co2"", ""sn2_ketene_loss"", ""sn2_loss""]"
192,PE 17:0_22:1,PE O-18:1_22:1,0.9295121962579821,0.9180376237574107,PE O-18:1_22:1,0.9180376237574107,False,False,"[""PE O-18:1_22:1"", ""PE O-18:0_22:1"", ""PE O-16:0_22:1"", ""PE O-16:1_22:1"", ""PE 16:0_22:1""]","[0.9295121962579821, 0.917623695735329, 0.9028147537211422, 0.8727025302677209, 0.8000660132984656]","[0.9180376237574107, 0.8928092237118351, 0.8671931451031535, 0.824394707655021, 0.7898115439112778]","[""PE O-18:1_22:1"", ""PE O-18:0_22:1"", ""PE O-16:0_22:1"", ""PE O-16:1_22:1"", ""PE 16:0_22:1""]",0.9295121962579821,0.7660428209096792,17,0.23943661971830985,"observed channels, physical fragment envelopes only",full library molecular channel occupancy inverse square-root weight,"[""sn1_fragment"", ""sn1_ketene_loss"", ""sn1_loss"", ""sn2_fragment"", ""sn2_ketene_loss"", ""sn2_loss""]"
193,PE 17:0_22:2,PE O-18:2_22:2,0.9358581190316899,0.9202718356349701,PE O-18:2_22:2,0.9202718356349701,False,False,"[""PE O-18:2_22:2"", ""PE O-18:1_22:2"", ""PE O-16:1_22:2"", ""PE O-18:0_22:2"", ""PE O-16:0_22:2""]","[0.9358581190316899, 0.9319955036115981, 0.9201441943752473, 0.9161699992150758, 0.9143819620351893]","[0.9202718356349701, 0.9156850024031362, 0.896947023804679, 0.8819298355755137, 0.8752068373953292]","[""PE O-18:2_22:2"", ""PE O-18:1_22:2"", ""PE O-16:1_22:2"", ""PE O-18:0_22:2"", ""PE O-16:0_22:2""]",0.9358581190316899,0.7733098445425937,12,0.15,"observed channels, physical fragment envelopes only",full library molecular channel occupancy inverse square-root weight,"[""sn1_fragment"", ""sn1_ketene_loss"", ""sn1_loss"", ""sn2_fragment"", ""sn2_ketene_loss"", ""sn2_loss""]"
194,PE 17:0_22:3,PE O-18:2_22:3,0.9459213048199246,0.9280545977430004,PE O-18:2_22:3,0.9280545977430004,False,False,"[""PE O-18:2_22:3"", ""PE O-18:3_22:3"", ""PE O-18:1_22:3"", ""PE O-16:1_22:3"", ""PE O-16:0_22:3""]","[0.9459213048199246, 0.9452554865382746, 0.943007912298879, 0.93858813748794, 0.9318127235219179]","[0.9280545977430004, 0.9258742024474566, 0.9239150647003915, 0.9202880054612385, 0.9083716890374944]","[""PE O-18:2_22:3"", ""PE O-18:3_22:3"", ""PE O-18:1_22:3"", ""PE O-16:1_22:3"", ""PE 18:1_22:3""]",0.9459213048199246,0.815974678008916,12,0.15,"observed channels, physical fragment envelopes only",full library molecular channel occupancy inverse square-root weight,"[""sn1_fragment"", ""sn1_ketene_loss"", ""sn1_loss"", ""sn2_fragment"", ""sn2_ketene_loss"", ""sn2_loss""]"
195,PE 17:0_22:4,PE O-16:1_22:4,0.9426607466712889,0.9271378015380484,PE O-16:1_22:4,0.9271378015380484,False,False,"[""PE O-16:1_22:4"", ""PE O-18:3_22:4"", ""PE O-18:2_22:4"", ""PE O-18:1_22:4"", ""PE 18:2_22:4""]","[0.9426607466712889, 0.9419001587974886, 0.9397917932655508, 0.9374917373445326, 0.9321959879894111]","[0.9271378015380484, 0.9247245107026284, 0.9245059447532071, 0.9202755991054896, 0.9171996389090824]","[""PE O-16:1_22:4"", ""PE O-18:3_22:4"", ""PE O-18:2_22:4"", ""PE O-18:1_22:4"", ""PE 18:1_22:4""]",0.9426607466712889,0.7755865667278297,15,0.16666666666666666,"observed channels, physical fragment envelopes only",full library molecular channel occupancy inverse square-root weight,"[""sn1_fragment"", ""sn1_ketene_loss"", ""sn1_loss"", ""sn2_fragment"", ""sn2_fragment_co2"", ""sn2_ketene_loss"", ""sn2_loss""]"
196,PE 17:0_22:5,PE O-16:1_22:5,0.903597006779396,0.9172152643285805,PE O-16:1_22:5,0.9172152643285805,False,False,"[""PE O-16:1_22:5"", ""PE O-18:3_22:5"", ""PE O-18:2_22:5"", ""PE 18:2_22:5"", ""PE 16:1_22:5""]","[0.903597006779396, 0.8977706923562585, 0.8895921860902735, 0.8792206956923077, 0.8707050253593062]","[0.9172152643285805, 0.9098553484843447, 0.9049021525463078, 0.8993066304330152, 0.8985270338622672]","[""PE O-16:1_22:5"", ""PE O-18:3_22:5"", ""PE O-18:2_22:5"", ""PE 18:0_22:5"", ""PE 18:1_22:5""]",0.903597006779396,0.731149042828451,16,0.18181818181818182,"observed channels, physical fragment envelopes only",full library molecular channel occupancy inverse square-root weight,"[""sn1_fragment"", ""sn1_ketene_loss"", ""sn1_loss"", ""sn2_fragment"", ""sn2_fragment_co2"", ""sn2_ketene_loss"", ""sn2_loss""]"
197,PE 17:0_22:6,PE O-18:3_22:6,0.7871361524705736,0.8689241367699349,PE 18:0_22:6,0.868659551143409,False,False,"[""PE O-18:3_22:6"", ""PE O-18:2_22:6"", ""PE 18:0_22:6"", ""PE 17:1_22:6"", ""PE 16:1_22:6""]","[0.7871361524705736, 0.7608664637134244, 0.7437352947686324, 0.7296982340132863, 0.7243235752272402]","[0.8689241367699349, 0.868659551143409, 0.8490203749530234, 0.8468018123083343, 0.8325396683719289]","[""PE 18:0_22:6"", ""PE O-18:3_22:6"", ""PE 18:1_22:6"", ""PE O-18:2_22:6"", ""PE 18:2_22:6""]",0.7871361524705736,0.6535537999543244,19,0.21348314606741572,"observed channels, physical fragment envelopes only",full library molecular channel occupancy inverse square-root weight,"[""sn1_fragment"", ""sn1_ketene_loss"", ""sn1_loss"", ""sn2_fragment"", ""sn2_fragment_co2"", ""sn2_ketene_loss"", ""sn2_loss""]"
198,PE 20:0_17:1,PG 20:0_17:1,0.8238355577935433,0.8289266400365557,PG 20:0_17:1,0.8289266400365557,False,False,"[""PG 20:0_17:1"", ""PC O-16:1_17:1"", ""PG 18:0_17:1"", ""PE 17:1_22:1"", ""PC 17:1_17:1""]","[0.8238355577935433, 0.7624217861725603, 0.7298783595909382, 0.6299549552746307, 0.6203139004790527]","[0.8289266400365557, 0.7811204408815446, 0.7702689191072432, 0.696938192182404, 0.6349158448455706]","[""PG 20:0_17:1"", ""PE 17:1_22:1"", ""PG 18:0_17:1"", ""PE 17:1_20:1"", ""PC 14:0_17:1""]",0.6299549552746307,0.8238355577935433,27,0.2288135593220339,"observed channels, physical fragment envelopes only",full library molecular channel occupancy inverse square-root weight,"[""sn1_fragment"", ""sn1_ketene_loss"", ""sn1_loss"", ""sn2_fragment"", ""sn2_ketene_loss"", ""sn2_loss""]"
199,PE 17:1_20:1,PE 17:0_20:1,0.7937994913202445,0.696938192182404,PE 20:0_17:1,0.5645399488871736,False,False,"[""PE 17:0_20:1"", ""PE O-18:0_20:1"", ""PE 18:0_20:1"", ""PE O-20:1_20:1"", ""PE O-18:1_20:1""]","[0.7937994913202445, 0.7888795178566071, 0.7867908689723364, 0.7749692509260064, 0.7453929284054633]","[0.696938192182404, 0.6044524620263785, 0.5962172277591298, 0.5865495239041354, 0.5645399488871736]","[""PE 20:0_17:1"", ""PG 20:0_17:1"", ""PE 17:1_22:1"", ""PG 18:0_17:1"", ""PE 17:0_20:1""]",0.7937994913202445,0.7415122907837116,48,0.6233766233766234,"observed channels, physical fragment envelopes only",full library molecular channel occupancy inverse square-root weight,"[""sn1_fragment"", ""sn1_ketene_loss"", ""sn1_loss"", ""sn2_fragment"", ""sn2_ketene_loss"", ""sn2_loss""]"
200,PE 17:1_20:2,PE 20:2_20:2,0.9135491187878364,0.7561493312255111,PE 20:2_20:2,0.7561493312255111,False,False,"[""PE 20:2_20:2"", ""PE O-20:2_20:2"", ""PE O-18:2_20:2"", ""PE O-20:1_20:2"", ""PE O-18:1_20:2""]","[0.9135491187878364, 0.9064817194425202, 0.9017733523373941, 0.899649438405593, 0.8870494255330332]","[0.7561493312255111, 0.7476534129724522, 0.7374536579162109, 0.7240369123872992, 0.7044300240230187]","[""PE 20:2_20:2"", ""PE O-20:2_20:2"", ""PE O-18:2_20:2"", ""PE O-20:1_20:2"", ""PE 17:0_20:2""]",0.9135491187878364,0.8186545610042968,29,0.48333333333333334,"observed channels, physical fragment envelopes only",full library molecular channel occupancy inverse square-root weight,"[""sn1_fragment"", ""sn1_ketene_loss"", ""sn1_loss"", ""sn2_fragment"", ""sn2_ketene_loss"", ""sn2_loss""]"
201,PE 17:1_20:3,PE 20:3_20:3,0.9147460624859516,0.7767986984551356,PE 20:3_20:3,0.7767986984551356,False,False,"[""PE 20:3_20:3"", ""PE O-18:3_20:3"", ""PE O-18:2_20:3"", ""PE O-20:3_20:3"", ""PE O-20:2_20:3""]","[0.9147460624859516, 0.909043176866114, 0.9062698090104405, 0.9061140761925464, 0.9052056722292099]","[0.7767986984551356, 0.7715365806358407, 0.7699445370481364, 0.7672413296647064, 0.7658496179706749]","[""PE 20:3_20:3"", ""PE O-18:2_20:3"", ""PE O-18:3_20:3"", ""PE O-20:3_20:3"", ""PE O-20:2_20:3""]",0.9147460624859516,0.7837521634313909,29,0.48333333333333334,"observed channels, physical fragment envelopes only",full library molecular channel occupancy inverse square-root weight,"[""sn1_fragment"", ""sn1_ketene_loss"", ""sn1_loss"", ""sn2_fragment"", ""sn2_ketene_loss"", ""sn2_loss""]"
202,PE 17:1_20:4,PE 20:4_20:4,0.9110162578782212,0.8314356539842048,PE 20:4_20:4,0.8314356539842048,False,False,"[""PE 20:4_20:4"", ""PE O-18:2_20:4"", ""PE O-20:3_20:4"", ""PE O-20:2_20:4"", ""PE O-18:1_20:4""]","[0.9110162578782212, 0.8911090115523136, 0.8888033946466432, 0.8716651621022491, 0.8680427769939408]","[0.8314356539842048, 0.8079790690125846, 0.7937282736904255, 0.7884952823848214, 0.7777377451969494]","[""PE 20:4_20:4"", ""PE O-20:3_20:4"", ""PE O-20:2_20:4"", ""PE 20:2_20:4"", ""PE 20:1_20:4""]",0.9110162578782212,0.7192772819426894,43,0.581081081081081,"observed channels, physical fragment envelopes only",full library molecular channel occupancy inverse square-root weight,"[""sn1_fragment"", ""sn1_ketene_loss"", ""sn1_loss"", ""sn2_fragment"", ""sn2_fragment_co2"", ""sn2_ketene_loss"", ""sn2_loss""]"
203,PE 17:1_22:1,PE O-18:1_22:1,0.6921065620053084,0.7811204408815446,PE 20:0_17:1,0.5306627021784591,False,False,"[""PE O-18:1_22:1"", ""PE O-18:0_22:1"", ""PE O-16:0_22:1"", ""PE 17:0_22:1"", ""PE O-16:1_22:1""]","[0.6921065620053084, 0.6830282961657564, 0.6721018898433612, 0.6573541320220805, 0.6496847968495707]","[0.7811204408815446, 0.6854194516910033, 0.6691656895444223, 0.5962172277591298, 0.5515788024096939]","[""PE 20:0_17:1"", ""PG 20:0_17:1"", ""PG 18:0_17:1"", ""PE 17:1_20:1"", ""PC 14:0_17:1""]",0.6921065620053084,0.5842524506410715,21,0.328125,"observed channels, physical fragment envelopes only",full library molecular channel occupancy inverse square-root weight,"[""sn1_fragment"", ""sn1_ketene_loss"", ""sn1_loss"", ""sn2_fragment"", ""sn2_ketene_loss"", ""sn2_loss""]"
204,PE 17:1_22:3,PE O-18:2_22:3,0.9599528994369605,0.9087457040081878,PE O-18:2_22:3,0.9087457040081878,False,False,"[""PE O-18:2_22:3"", ""PE O-18:3_22:3"", ""PE O-18:1_22:3"", ""PE O-16:1_22:3"", ""PE O-16:0_22:3""]","[0.9599528994369605, 0.9592779494340963, 0.956987159473577, 0.9525115122330589, 0.9456355891895358]","[0.9087457040081878, 0.9066112895976668, 0.9046700686686293, 0.9011411338306152, 0.8895661187919226]","[""PE O-18:2_22:3"", ""PE O-18:3_22:3"", ""PE O-18:1_22:3"", ""PE O-16:1_22:3"", ""PE 18:1_22:3""]",0.9599528994369605,0.828079141346518,18,0.2535211267605634,"observed channels, physical fragment envelopes only",full library molecular channel occupancy inverse square-root weight,"[""sn1_fragment"", ""sn1_ketene_loss"", ""sn1_loss"", ""sn2_fragment"", ""sn2_ketene_loss"", ""sn2_loss""]"
205,PE 17:1_22:4,PE O-16:1_22:4,0.9648442794130717,0.929239443508211,PE O-16:1_22:4,0.929239443508211,False,False,"[""PE O-16:1_22:4"", ""PE O-18:3_22:4"", ""PE O-18:2_22:4"", ""PE O-18:1_22:4"", ""PE 18:2_22:4""]","[0.9648442794130717, 0.9639735821384466, 0.9618199381478267, 0.9593788127583097, 0.9540743981514735]","[0.929239443508211, 0.9267605319871924, 0.9265440214538967, 0.9222321545120391, 0.9191213732744814]","[""PE O-16:1_22:4"", ""PE O-18:3_22:4"", ""PE O-18:2_22:4"", ""PE O-18:1_22:4"", ""PE 18:1_22:4""]",0.9648442794130717,0.7929182933465626,15,0.1724137931034483,"observed channels, physical fragment envelopes only",full library molecular channel occupancy inverse square-root weight,"[""sn1_fragment"", ""sn1_ketene_loss"", ""sn1_loss"", ""sn2_fragment"", ""sn2_fragment_co2"", ""sn2_ketene_loss"", ""sn2_loss""]"
206,PE 17:1_22:5,PE O-16:1_22:5,0.9141611647260842,0.882840153422101,PE O-16:1_22:5,0.882840153422101,False,False,"[""PE O-16:1_22:5"", ""PE O-18:3_22:5"", ""PE O-18:2_22:5"", ""PE 18:2_22:5"", ""PE 16:1_22:5""]","[0.9141611647260842, 0.9079395559272733, 0.8995630901434709, 0.8897832576593677, 0.8818257894520815]","[0.882840153422101, 0.8756369103505042, 0.8708144513600862, 0.8651854856612236, 0.8646482702459245]","[""PE O-16:1_22:5"", ""PE O-18:3_22:5"", ""PE O-18:2_22:5"", ""PE 18:0_22:5"", ""PE 18:1_22:5""]",0.9141611647260842,0.7394747323512241,16,0.18823529411764706,"observed channels, physical fragment envelopes only",full library molecular channel occupancy inverse square-root weight,"[""sn1_fragment"", ""sn1_ketene_loss"", ""sn1_loss"", ""sn2_fragment"", ""sn2_fragment_co2"", ""sn2_ketene_loss"", ""sn2_loss""]"
207,PE 17:1_22:6,PE O-18:3_22:6,0.7806595205826583,0.803980744619006,PE 18:0_22:6,0.80343914408156,False,False,"[""PE O-18:3_22:6"", ""PE O-18:2_22:6"", ""PE 18:0_22:6"", ""PE 17:0_22:6"", ""PE 16:1_22:6""]","[0.7806595205826583, 0.7544490731295876, 0.7382476400182689, 0.7296982340132863, 0.7188461271762822]","[0.803980744619006, 0.80343914408156, 0.7854481708465001, 0.7833028866938914, 0.7829429619437043]","[""PE 18:0_22:6"", ""PE O-18:3_22:6"", ""PE 18:1_22:6"", ""PE O-18:2_22:6"", ""PE 17:0_22:6""]",0.7806595205826583,0.6490466873228061,23,0.2804878048780488,"observed channels, physical fragment envelopes only",full library molecular channel occupancy inverse square-root weight,"[""sn1_fragment"", ""sn1_ketene_loss"", ""sn1_loss"", ""sn2_fragment"", ""sn2_fragment_co2"", ""sn2_ketene_loss"", ""sn2_loss""]"
208,PE O-16:0_22:1,PE O-18:1_22:1,0.9563306222117822,0.9300099525338307,PE O-18:1_22:1,0.9300099525338307,False,False,"[""PE O-18:1_22:1"", ""PE O-18:0_22:1"", ""PE O-16:1_22:1"", ""PE 17:0_22:1"", ""PE 16:0_22:1""]","[0.9563306222117822, 0.9439603080918396, 0.9031047959706523, 0.9028147537211422, 0.8226302388258508]","[0.9300099525338307, 0.9040833289898034, 0.8671931451031535, 0.8445838028422571, 0.7986094714350096]","[""PE O-18:1_22:1"", ""PE O-18:0_22:1"", ""PE 17:0_22:1"", ""PE O-16:1_22:1"", ""PE 16:0_22:1""]",0.9563306222117822,0.7881699237572288,7,0.16279069767441862,"observed channels, physical fragment envelopes only",full library molecular channel occupancy inverse square-root weight,"[""sn2_fragment"", ""sn2_ketene_loss"", ""sn2_loss""]"
209,PE O-16:0_22:2,PE O-18:2_22:2,0.9660075976822868,0.940784881270093,PE O-18:2_22:2,0.940784881270093,False,False,"[""PE O-18:2_22:2"", ""PE O-18:1_22:2"", ""PE O-16:1_22:2"", ""PE O-18:0_22:2"", ""PE 17:0_22:2""]","[0.9660075976822868, 0.9620201374911515, 0.9524232708389405, 0.9452449537063364, 0.9143819620351893]","[0.940784881270093, 0.9360945452082975, 0.9220384301367694, 0.9006151872761031, 0.8867530510869993]","[""PE O-18:2_22:2"", ""PE O-18:1_22:2"", ""PE O-16:1_22:2"", ""PE O-18:0_22:2"", ""PE 18:1_22:2""]",0.9660075976822868,0.7973418776999637,8,0.18181818181818182,"observed channels, physical fragment envelopes only",full library molecular channel occupancy inverse square-root weight,"[""sn2_fragment"", ""sn2_ketene_loss"", ""sn2_loss""]"
210,PE O-16:0_22:3,PE O-18:2_22:3,0.9718809384341557,0.949034509652016,PE O-18:2_22:3,0.949034509652016,False,False,"[""PE O-18:2_22:3"", ""PE O-18:3_22:3"", ""PE O-18:1_22:3"", ""PE O-16:1_22:3"", ""PE 18:0_22:3""]","[0.9718809384341557, 0.9711974877300543, 0.9688774472865265, 0.9656198410489016, 0.9468543146563714]","[0.949034509652016, 0.9468053425265555, 0.9447767725205283, 0.943651958372072, 0.9282691224796075]","[""PE O-18:2_22:3"", ""PE O-18:3_22:3"", ""PE O-18:1_22:3"", ""PE O-16:1_22:3"", ""PE 18:1_22:3""]",0.9718809384341557,0.8383686221971386,8,0.18181818181818182,"observed channels, physical fragment envelopes only",full library molecular channel occupancy inverse square-root weight,"[""sn2_fragment"", ""sn2_ketene_loss"", ""sn2_loss""]"
211,PE O-16:0_22:4,PE O-16:1_22:4,0.9642813330662601,0.9406116707106884,PE O-16:1_22:4,0.9406116707106884,False,False,"[""PE O-16:1_22:4"", ""PE O-18:3_22:4"", ""PE O-18:2_22:4"", ""PE O-18:1_22:4"", ""PE 18:2_22:4""]","[0.9642813330662601, 0.962670101566668, 0.9605136329095224, 0.9581339491659222, 0.9525761621539963]","[0.9406116707106884, 0.9365634742647467, 0.9363405411472576, 0.9320027246028021, 0.9286963484679712]","[""PE O-16:1_22:4"", ""PE O-18:3_22:4"", ""PE O-18:2_22:4"", ""PE O-18:1_22:4"", ""PE 18:1_22:4""]",0.9642813330662601,0.792726546707154,23,0.5476190476190477,"observed channels, physical fragment envelopes only",full library molecular channel occupancy inverse square-root weight,"[""sn2_fragment"", ""sn2_fragment_co2"", ""sn2_ketene_loss"", ""sn2_loss""]"
212,PE O-16:0_22:5,PE O-16:1_22:5,0.90997577703283,0.876434080670198,PE O-16:1_22:5,0.876434080670198,False,False,"[""PE O-16:1_22:5"", ""PE O-18:3_22:5"", ""PE O-18:2_22:5"", ""PE 18:2_22:5"", ""PE 16:1_22:5""]","[0.90997577703283, 0.901901934914869, 0.8936338081695777, 0.8828996242811634, 0.8742391195539984]","[0.876434080670198, 0.8660900513772407, 0.8613209150812446, 0.8558554693178914, 0.8550581364239812]","[""PE O-16:1_22:5"", ""PE O-18:3_22:5"", ""PE O-18:2_22:5"", ""PE 18:0_22:5"", ""PE 18:1_22:5""]",0.90997577703283,0.7344981434752891,24,0.5581395348837209,"observed channels, physical fragment envelopes only",full library molecular channel occupancy inverse square-root weight,"[""sn2_fragment"", ""sn2_fragment_co2"", ""sn2_ketene_loss"", ""sn2_loss""]"
213,PE O-16:0_22:6,PE O-18:3_22:6,0.7632124702069611,0.613559711627466,PE O-18:1_20:5,0.5690794071549526,False,False,"[""PE O-18:3_22:6"", ""PE O-18:2_22:6"", ""PE 18:0_22:6"", ""PE 17:0_22:6"", ""PE 17:1_22:6""]","[0.7632124702069611, 0.7403295828603212, 0.715583229997618, 0.7117592787280249, 0.7049355682706794]","[0.613559711627466, 0.5690794071549526, 0.5678399914542682, 0.5559065019852922, 0.5551735184309141]","[""PE O-18:1_20:5"", ""PE O-18:3_22:6"", ""PE 18:0_22:6"", ""PE 18:1_22:6"", ""PE O-18:2_22:6""]",0.7632124702069611,0.625678383019583,19,0.34545454545454546,"observed channels, physical fragment envelopes only",full library molecular channel occupancy inverse square-root weight,"[""sn2_fragment"", ""sn2_fragment_co2"", ""sn2_ketene_loss"", ""sn2_loss""]"
214,PE O-16:1_22:0,PE O-18:2_22:0,0.6718844561084386,0.5788300830466656,PA 18:0_22:0,0.5732749792382349,False,False,"[""PE O-18:2_22:0"", ""PA 18:0_22:0"", ""PA 22:0_18:2"", ""PA 22:0_18:1"", ""PA 22:0_20:4""]","[0.6718844561084386, 0.6213615603989318, 0.6134161610372761, 0.5843322680545396, 0.5676943099590229]","[0.5788300830466656, 0.5787082104051089, 0.5732749792382349, 0.5645781227158845, 0.5585460971446883]","[""PA 18:0_22:0"", ""PA 22:0_18:1"", ""PE O-18:2_22:0"", ""PA 22:0_18:2"", ""PA 22:0_20:4""]",0.6718844561084386,0.6213615603989318,6,0.11764705882352941,"observed channels, physical fragment envelopes only",full library molecular channel occupancy inverse square-root weight,"[""sn2_fragment"", ""sn2_ketene_loss"", ""sn2_loss""]"
215,PE O-16:1_22:1,PE O-18:1_22:1,0.9244334458851788,0.8841113277553135,PE O-18:1_22:1,0.8841113277553135,False,False,"[""PE O-18:1_22:1"", ""PE O-18:0_22:1"", ""PE O-16:0_22:1"", ""PE 17:0_22:1"", ""PE 16:0_22:1""]","[0.9244334458851788, 0.9124757276618691, 0.9031047959706523, 0.8727025302677209, 0.7953299720847431]","[0.8841113277553135, 0.8594642565025092, 0.8445838028422571, 0.824394707655021, 0.7593080291552258]","[""PE O-18:1_22:1"", ""PE O-18:0_22:1"", ""PE O-16:0_22:1"", ""PE 17:0_22:1"", ""PE 16:0_22:1""]",0.9244334458851788,0.7618815309638097,7,0.1346153846153846,"observed channels, physical fragment envelopes only",full library molecular channel occupancy inverse square-root weight,"[""sn2_fragment"", ""sn2_ketene_loss"", ""sn2_loss""]"
216,PE O-16:1_22:2,PE O-18:2_22:2,0.9720951633313468,0.9641540299314665,PE O-18:2_22:2,0.9641540299314665,False,False,"[""PE O-18:2_22:2"", ""PE O-18:1_22:2"", ""PE O-16:0_22:2"", ""PE O-18:0_22:2"", ""PE 17:0_22:2""]","[0.9720951633313468, 0.968082575050221, 0.9524232708389405, 0.9512016777772698, 0.9201441943752473]","[0.9641540299314665, 0.9593471856613779, 0.9229865185089544, 0.9220384301367694, 0.9087800460777073]","[""PE O-18:2_22:2"", ""PE O-18:1_22:2"", ""PE O-18:0_22:2"", ""PE O-16:0_22:2"", ""PE 18:1_22:2""]",0.9720951633313468,0.8023665493817098,8,0.1509433962264151,"observed channels, physical fragment envelopes only",full library molecular channel occupancy inverse square-root weight,"[""sn2_fragment"", ""sn2_ketene_loss"", ""sn2_loss""]"
217,PE O-16:1_22:3,PE O-18:2_22:3,0.9789476971502981,0.9782288348045862,PE O-18:2_22:3,0.9782288348045862,False,False,"[""PE O-18:2_22:3"", ""PE O-18:3_22:3"", ""PE O-18:1_22:3"", ""PE O-16:0_22:3"", ""PE 18:0_22:3""]","[0.9789476971502981, 0.9782592769269264, 0.9759223669619319, 0.9656198410489016, 0.9537390993128955]","[0.9782288348045862, 0.9759310937452919, 0.9738401205999104, 0.9568246600341663, 0.9522385495776391]","[""PE O-18:2_22:3"", ""PE O-18:3_22:3"", ""PE O-18:1_22:3"", ""PE 18:1_22:3"", ""PE 18:0_22:3""]",0.9789476971502981,0.844464583665799,8,0.1509433962264151,"observed channels, physical fragment envelopes only",full library molecular channel occupancy inverse square-root weight,"[""sn2_fragment"", ""sn2_ketene_loss"", ""sn2_loss""]"
218,PE O-16:1_22:4,PE O-18:3_22:4,0.9808689660911778,0.9790903376245963,PE O-18:3_22:4,0.9790903376245963,False,False,"[""PE O-18:3_22:4"", ""PE O-18:2_22:4"", ""PE O-18:1_22:4"", ""PE 18:2_22:4"", ""PE 18:1_22:4""]","[0.9808689660911778, 0.9786796854862505, 0.9761218381725485, 0.9706434844353532, 0.9673900202170479]","[0.9790903376245963, 0.978862702322919, 0.9742373479338999, 0.9707589536674025, 0.9603191374833454]","[""PE O-18:3_22:4"", ""PE O-18:2_22:4"", ""PE O-18:1_22:4"", ""PE 18:1_22:4"", ""PE 18:2_22:4""]",0.9808689660911778,0.8063818004289947,15,0.25,"observed channels, physical fragment envelopes only",full library molecular channel occupancy inverse square-root weight,"[""sn2_fragment"", ""sn2_fragment_co2"", ""sn2_ketene_loss"", ""sn2_loss""]"
219,PE O-16:1_22:5,PE O-18:3_22:5,0.9447204529559954,0.9540815844831271,PE O-18:3_22:5,0.9540815844831271,False,False,"[""PE O-18:3_22:5"", ""PE O-18:2_22:5"", ""PE 18:2_22:5"", ""PE 16:1_22:5"", ""PE 18:1_22:5""]","[0.9447204529559954, 0.9359789211362277, 0.9254990815922643, 0.9172143942259909, 0.9143053215661411]","[0.9540815844831271, 0.9487955649732148, 0.9424145279644527, 0.9417979420146311, 0.9283602402436721]","[""PE O-18:3_22:5"", ""PE O-18:2_22:5"", ""PE 18:0_22:5"", ""PE 18:1_22:5"", ""PE 18:2_22:5""]",0.9447204529559954,0.7694292462455312,16,0.26229508196721313,"observed channels, physical fragment envelopes only",full library molecular channel occupancy inverse square-root weight,"[""sn2_fragment"", ""sn2_fragment_co2"", ""sn2_ketene_loss"", ""sn2_loss""]"
220,PE O-16:1_24:0,PA 24:0_16:1,0.6635490118197916,0.8182998649583536,PA 24:0_16:1,0.8182998649583536,False,False,"[""PA 24:0_16:1"", ""PA 24:0_18:2"", ""PA 18:0_24:0"", ""PA 24:0_18:1"", ""PA 16:0_24:0""]","[0.6635490118197916, 0.5355044670085117, 0.5032124402094185, 0.4827915752316312, 0.27382846565492003]","[0.8182998649583536, 0.7692055149169523, 0.7673821950484719, 0.7640239720395776, 0.43005380959558587]","[""PA 24:0_16:1"", ""PA 24:0_18:2"", ""PA 24:0_18:1"", ""PA 18:0_24:0"", ""PA 16:0_24:0""]",0.11988331170612887,0.6635490118197916,6,0.07792207792207792,"observed channels, physical fragment envelopes only",full library molecular channel occupancy inverse square-root weight,"[""sn2_fragment"", ""sn2_ketene_loss"", ""sn2_loss""]"
221,PE O-16:1_24:1,PA 18:1_24:1,0.6708976517475231,0.9368513594190271,PA 18:1_24:1,0.9368513594190271,False,False,"[""PA 18:1_24:1"", ""PA 24:1_18:2"", ""PA 18:0_24:1"", ""PA 16:0_24:1"", ""PE O-16:1_24:0""]","[0.6708976517475231, 0.42151353830178045, 0.34740316557506584, 0.1751707337141047, 0.11988331170612887]","[0.9368513594190271, 0.823717300887611, 0.8191706343117974, 0.4692291455214904, 0.03547813485583607]","[""PA 18:1_24:1"", ""PA 18:0_24:1"", ""PA 24:1_18:2"", ""PA 16:0_24:1"", ""PE O-16:1_24:0""]",0.11988331170612887,0.6708976517475231,18,0.24,"observed channels, physical fragment envelopes only",full library molecular channel occupancy inverse square-root weight,"[""sn2_fragment"", ""sn2_ketene_loss"", ""sn2_loss""]"
222,PE O-16:1_24:4,PE 16:0_24:4,0.9087919461652165,0.9716776186317861,PE 16:0_24:4,0.9716776186317861,False,False,"[""PE 16:0_24:4"", ""PA 18:1_24:4"", ""PA 18:2_24:4"", ""PG 14:0_24:4"", ""PA 18:0_24:4""]","[0.9087919461652165, 0.7660750464750594, 0.6398118823328658, 0.5412607987524525, 0.47600998530816335]","[0.9716776186317861, 0.9219787591660465, 0.8073265060615505, 0.8008324403310937, 0.6619658937802632]","[""PE 16:0_24:4"", ""PA 18:1_24:4"", ""PA 18:2_24:4"", ""PA 18:0_24:4"", ""PG 14:0_24:4""]",0.9087919461652165,0.7660750464750594,18,0.2465753424657534,"observed channels, physical fragment envelopes only",full library molecular channel occupancy inverse square-root weight,"[""sn2_fragment"", ""sn2_fragment_co2"", ""sn2_ketene_loss"", ""sn2_loss""]"
223,PE O-16:1_24:5,PE 16:0_24:5,0.9300862052110088,0.9865358864469337,PE 16:0_24:5,0.9865358864469337,False,False,"[""PE 16:0_24:5"", ""PA 18:1_24:5"", ""PA 18:2_24:5"", ""PA 18:0_24:5"", ""PA 16:0_24:5""]","[0.9300862052110088, 0.48230189894400705, 0.4548662144695499, 0.29295135230026853, 0.2731435172772336]","[0.9865358864469337, 0.8278212415806385, 0.7287620130502495, 0.702433915086238, 0.5458675347624925]","[""PE 16:0_24:5"", ""PA 18:1_24:5"", ""PA 18:2_24:5"", ""PA 18:0_24:5"", ""PA 16:0_24:5""]",0.9300862052110088,0.48230189894400705,19,0.25333333333333335,"observed channels, physical fragment envelopes only",full library molecular channel occupancy inverse square-root weight,"[""sn2_fragment"", ""sn2_fragment_co2"", ""sn2_ketene_loss"", ""sn2_loss""]"
224,PE O-16:1_24:6,PE 16:0_24:6,0.8867746957909439,0.9877203615578602,PE 16:0_24:6,0.9877203615578602,False,False,"[""PE 16:0_24:6"", ""PA 18:2_24:6"", ""PA 18:1_24:6"", ""PA 18:0_24:6"", ""PE O-18:1_22:6""]","[0.8867746957909439, 0.30085878286889706, 0.2577701057726157, 0.24008019418329868, 0.09576059730935094]","[0.9877203615578602, 0.7713333198171579, 0.7360380396741001, 0.7093321583343192, 0.035227246229722425]","[""PE 16:0_24:6"", ""PA 18:0_24:6"", ""PA 18:1_24:6"", ""PA 18:2_24:6"", ""PE O-18:1_22:6""]",0.8867746957909439,0.30085878286889706,22,0.27848101265822783,"observed channels, physical fragment envelopes only",full library molecular channel occupancy inverse square-root weight,"[""sn2_fragment"", ""sn2_fragment_co2"", ""sn2_ketene_loss"", ""sn2_loss""]"
225,PE O-18:0_20:1,PE 17:0_20:1,0.9037729026415178,0.7818984486858385,PE 17:0_20:1,0.7818984486858385,False,False,"[""PE 17:0_20:1"", ""PE 18:0_20:1"", ""PE O-20:1_20:1"", ""PE O-18:1_20:1"", ""PA 20:1_22:6""]","[0.9037729026415178, 0.9005810873166741, 0.8874848477299015, 0.86461032015736, 0.8460423135518658]","[0.7818984486858385, 0.7408313069686325, 0.7212045098778851, 0.7139952547012979, 0.6890626084091492]","[""PE 17:0_20:1"", ""PE 18:0_20:1"", ""PE O-20:1_20:1"", ""PA 20:1_22:6"", ""PE O-18:1_20:1""]",0.9037729026415178,0.8460423135518658,18,0.2465753424657534,"observed channels, physical fragment envelopes only",full library molecular channel occupancy inverse square-root weight,"[""sn2_fragment"", ""sn2_ketene_loss"", ""sn2_loss""]"
226,PE O-18:0_20:2,PE 20:2_20:2,0.9501374568935038,0.868073385403302,PE 20:2_20:2,0.868073385403302,False,False,"[""PE 20:2_20:2"", ""PE O-20:2_20:2"", ""PE O-18:2_20:2"", ""PE O-20:1_20:2"", ""PE O-18:1_20:2""]","[0.9501374568935038, 0.9451106946176854, 0.9401539242382083, 0.9379876094118984, 0.930867998102397]","[0.868073385403302, 0.864145747800122, 0.8522131739750884, 0.8368500734544638, 0.8286107259596354]","[""PE 20:2_20:2"", ""PE O-20:2_20:2"", ""PE O-18:2_20:2"", ""PE O-20:1_20:2"", ""PE O-18:1_20:2""]",0.9501374568935038,0.8534986101931873,10,0.2222222222222222,"observed channels, physical fragment envelopes only",full library molecular channel occupancy inverse square-root weight,"[""sn2_fragment"", ""sn2_ketene_loss"", ""sn2_loss""]"
227,PE O-18:0_20:3,PE 20:3_20:3,0.952285895856463,0.8896130168412297,PE 20:3_20:3,0.8896130168412297,False,False,"[""PE 20:3_20:3"", ""PE O-18:3_20:3"", ""PE O-18:2_20:3"", ""PE O-20:3_20:3"", ""PE O-18:1_20:3""]","[0.952285895856463, 0.947700159033805, 0.9448193536380972, 0.9446539089904137, 0.944539613852813]","[0.8896130168412297, 0.8867161553495857, 0.8848689693669117, 0.8835843519505111, 0.8817789029423786]","[""PE 20:3_20:3"", ""PE O-18:2_20:3"", ""PE O-18:3_20:3"", ""PE O-18:1_20:3"", ""PE O-20:3_20:3""]",0.952285895856463,0.817088240257783,10,0.2222222222222222,"observed channels, physical fragment envelopes only",full library molecular channel occupancy inverse square-root weight,"[""sn2_fragment"", ""sn2_ketene_loss"", ""sn2_loss""]"
228,PE O-18:0_20:4,PE 20:4_20:4,0.8590747896330422,0.8017422982702199,PE 20:4_20:4,0.8017422982702199,False,False,"[""PE 20:4_20:4"", ""PE O-18:2_20:4"", ""PE O-20:3_20:4"", ""PE O-18:1_20:4"", ""PE O-20:2_20:4""]","[0.8590747896330422, 0.8407820936691364, 0.8387667014837559, 0.833095211344597, 0.8225346339700237]","[0.8017422982702199, 0.7799573287797474, 0.7661651279265326, 0.7607757197564945, 0.759800355655754]","[""PE 20:4_20:4"", ""PE O-20:3_20:4"", ""PE O-20:2_20:4"", ""PE 20:2_20:4"", ""PE O-18:1_20:4""]",0.8590747896330422,0.6790666580728952,21,0.3559322033898305,"observed channels, physical fragment envelopes only",full library molecular channel occupancy inverse square-root weight,"[""sn2_fragment"", ""sn2_fragment_co2"", ""sn2_ketene_loss"", ""sn2_loss""]"
229,PE O-18:0_20:5,PE O-18:1_20:5,0.560461411984244,0.6384278382678363,PE 20:0_20:5,0.4394596543520387,False,False,"[""PE O-18:1_20:5"", ""PE 20:0_20:5"", ""PE 17:0_20:5"", ""PE 20:1_20:5"", ""PE 18:0_20:5""]","[0.560461411984244, 0.5353154824668369, 0.5222426436279679, 0.5060254441865487, 0.5037971523243724]","[0.6384278382678363, 0.6204013468460237, 0.6145350820717399, 0.6141425893937486, 0.6125828071527505]","[""PE 20:0_20:5"", ""PE 20:1_20:5"", ""PE 17:0_20:5"", ""PE 20:2_20:5"", ""PE 18:0_20:5""]",0.560461411984244,0.3930204567272836,27,0.54,"observed channels, physical fragment envelopes only",full library molecular channel occupancy inverse square-root weight,"[""sn2_fragment"", ""sn2_fragment_co2"", ""sn2_ketene_loss"", ""sn2_loss""]"
230,PE O-18:0_22:1,PE O-18:1_22:1,0.9730776501152059,0.9589355710952339,PE O-18:1_22:1,0.9589355710952339,False,False,"[""PE O-18:1_22:1"", ""PE O-16:0_22:1"", ""PE 17:0_22:1"", ""PE O-16:1_22:1"", ""PE 16:0_22:1""]","[0.9730776501152059, 0.9439603080918396, 0.917623695735329, 0.9124757276618691, 0.8359742841983191]","[0.9589355710952339, 0.9040833289898034, 0.8928092237118351, 0.8594642565025092, 0.8217876271485988]","[""PE O-18:1_22:1"", ""PE O-16:0_22:1"", ""PE 17:0_22:1"", ""PE O-16:1_22:1"", ""PE 16:0_22:1""]",0.9730776501152059,0.8009550287997924,15,0.39473684210526316,"observed channels, physical fragment envelopes only",full library molecular channel occupancy inverse square-root weight,"[""sn2_fragment"", ""sn2_ketene_loss"", ""sn2_loss""]"
231,PE O-18:0_22:2,PE O-18:2_22:2,0.9674555952735864,0.9470044196954536,PE O-18:2_22:2,0.9470044196954536,False,False,"[""PE O-18:2_22:2"", ""PE O-18:1_22:2"", ""PE O-16:1_22:2"", ""PE O-16:0_22:2"", ""PE 17:0_22:2""]","[0.9674555952735864, 0.9643656541718918, 0.9512016777772698, 0.9452449537063364, 0.9161699992150758]","[0.9470044196954536, 0.9434492101127722, 0.9229865185089544, 0.9006151872761031, 0.8925997937323676]","[""PE O-18:2_22:2"", ""PE O-18:1_22:2"", ""PE O-16:1_22:2"", ""PE O-16:0_22:2"", ""PE 18:1_22:2""]",0.9674555952735864,0.7985609178862988,10,0.2222222222222222,"observed channels, physical fragment envelopes only",full library molecular channel occupancy inverse square-root weight,"[""sn2_fragment"", ""sn2_ketene_loss"", ""sn2_loss""]"
232,PE O-18:0_22:3,PE O-18:2_22:3,0.952979116478774,0.9173419293361376,PE O-18:2_22:3,0.9173419293361376,False,False,"[""PE O-18:2_22:3"", ""PE O-18:3_22:3"", ""PE O-18:1_22:3"", ""PE O-16:1_22:3"", ""PE O-16:0_22:3""]","[0.952979116478774, 0.9523021792171558, 0.9510660176759328, 0.945585126533885, 0.9387592031940349]","[0.9173419293361376, 0.9151775501732978, 0.9147673821674833, 0.9096558908456, 0.8972605285793686]","[""PE O-18:2_22:3"", ""PE O-18:3_22:3"", ""PE O-18:1_22:3"", ""PE O-16:1_22:3"", ""PE 18:1_22:3""]",0.952979116478774,0.822057590866082,10,0.2222222222222222,"observed channels, physical fragment envelopes only",full library molecular channel occupancy inverse square-root weight,"[""sn2_fragment"", ""sn2_ketene_loss"", ""sn2_loss""]"
233,PE O-18:0_22:4,PE O-16:1_22:4,0.9315389784831691,0.9033802500266149,PE O-16:1_22:4,0.9033802500266149,False,False,"[""PE O-16:1_22:4"", ""PE O-18:3_22:4"", ""PE O-18:1_22:4"", ""PE O-18:2_22:4"", ""PE 18:2_22:4""]","[0.9315389784831691, 0.9308911004289974, 0.9302508457780166, 0.9288282302834129, 0.9210899446787527]","[0.9033802500266149, 0.9020419455825454, 0.9010972221848187, 0.9009179638854787, 0.893598826947192]","[""PE O-16:1_22:4"", ""PE O-18:1_22:4"", ""PE O-18:3_22:4"", ""PE O-18:2_22:4"", ""PE 18:1_22:4""]",0.9315389784831691,0.7674653378873908,15,0.2830188679245283,"observed channels, physical fragment envelopes only",full library molecular channel occupancy inverse square-root weight,"[""sn2_fragment"", ""sn2_fragment_co2"", ""sn2_ketene_loss"", ""sn2_loss""]"
234,PE O-18:0_22:5,PE O-16:1_22:5,0.8503791620761237,0.8695914115760467,PE O-16:1_22:5,0.8695914115760467,False,False,"[""PE O-16:1_22:5"", ""PE O-18:3_22:5"", ""PE O-18:2_22:5"", ""PE O-18:1_22:5"", ""PE 18:2_22:5""]","[0.8503791620761237, 0.8458678622292117, 0.8383182032510693, 0.8339434696264788, 0.8265275656045177]","[0.8695914115760467, 0.8630075197403541, 0.8583505895628601, 0.8537005235923187, 0.8523114360886069]","[""PE O-16:1_22:5"", ""PE O-18:3_22:5"", ""PE O-18:2_22:5"", ""PE 18:0_22:5"", ""PE 18:1_22:5""]",0.8503791620761237,0.6887308040402503,16,0.2962962962962963,"observed channels, physical fragment envelopes only",full library molecular channel occupancy inverse square-root weight,"[""sn2_fragment"", ""sn2_fragment_co2"", ""sn2_ketene_loss"", ""sn2_loss""]"
235,PE O-18:0_22:6,PE O-18:3_22:6,0.6568414234959086,0.7574489984640091,PE O-18:3_22:6,0.7574489984640091,False,False,"[""PE O-18:3_22:6"", ""PE O-18:2_22:6"", ""PE O-18:1_22:6"", ""PE 17:0_22:6"", ""PE 18:0_22:6""]","[0.6568414234959086, 0.6382340535307316, 0.6302305428553713, 0.6221877803720886, 0.6138921314483146]","[0.7574489984640091, 0.7552164076267565, 0.7428738662135491, 0.7400933504778625, 0.7392846502431578]","[""PE O-18:3_22:6"", ""PE 18:0_22:6"", ""PE 17:0_22:6"", ""PE 18:1_22:6"", ""PE O-18:2_22:6""]",0.6568414234959086,0.5355500505604105,19,0.3275862068965517,"observed channels, physical fragment envelopes only",full library molecular channel occupancy inverse square-root weight,"[""sn2_fragment"", ""sn2_fragment_co2"", ""sn2_ketene_loss"", ""sn2_loss""]"
236,PE O-18:1_20:1,PE O-18:0_20:1,0.86461032015736,0.6890626084091492,PE O-18:0_20:1,0.6890626084091492,False,False,"[""PE O-18:0_20:1"", ""PE 17:0_20:1"", ""PE 18:0_20:1"", ""PE O-20:1_20:1"", ""PA 20:1_22:6""]","[0.86461032015736, 0.8519425431354513, 0.8489779148900144, 0.8365609333669562, 0.7974966509800706]","[0.6890626084091492, 0.6843520528444533, 0.6484339574856339, 0.6311733939475328, 0.6248643523066515]","[""PE O-18:0_20:1"", ""PE 17:0_20:1"", ""PE 18:0_20:1"", ""PE O-20:1_20:1"", ""PA 20:1_22:6""]",0.86461032015736,0.7974966509800706,19,0.4523809523809524,"observed channels, physical fragment envelopes only",full library molecular channel occupancy inverse square-root weight,"[""sn2_fragment"", ""sn2_ketene_loss"", ""sn2_loss""]"
237,PE O-18:1_20:2,PE 20:2_20:2,0.9580837477791849,0.8962075814842793,PE 20:2_20:2,0.8962075814842793,False,False,"[""PE 20:2_20:2"", ""PE O-20:2_20:2"", ""PE O-18:2_20:2"", ""PE O-20:1_20:2"", ""PE O-18:0_20:2""]","[0.9580837477791849, 0.9530149451560151, 0.9522467420261521, 0.945832287404364, 0.930867998102397]","[0.8962075814842793, 0.8921526494366449, 0.8908490573653505, 0.8639723242452427, 0.8302792211510592]","[""PE 20:2_20:2"", ""PE O-20:2_20:2"", ""PE O-18:2_20:2"", ""PE O-20:1_20:2"", ""PE 17:0_20:2""]",0.9580837477791849,0.8606366828588918,10,0.19230769230769232,"observed channels, physical fragment envelopes only",full library molecular channel occupancy inverse square-root weight,"[""sn2_fragment"", ""sn2_ketene_loss"", ""sn2_loss""]"
238,PE O-18:1_20:3,PE 20:3_20:3,0.9764529160832037,0.9556481322396752,PE 20:3_20:3,0.9556481322396752,False,False,"[""PE 20:3_20:3"", ""PE O-18:3_20:3"", ""PE O-18:2_20:3"", ""PE O-20:3_20:3"", ""PE O-20:2_20:3""]","[0.9764529160832037, 0.9717609046034287, 0.9701457627853192, 0.9686272452788619, 0.9676569712717848]","[0.9556481322396752, 0.9546999891931984, 0.9505668904335592, 0.9472324993020766, 0.9455155798212181]","[""PE 20:3_20:3"", ""PE O-18:2_20:3"", ""PE O-18:3_20:3"", ""PE O-20:3_20:3"", ""PE O-20:2_20:3""]",0.9764529160832037,0.8378242273361444,10,0.19230769230769232,"observed channels, physical fragment envelopes only",full library molecular channel occupancy inverse square-root weight,"[""sn2_fragment"", ""sn2_ketene_loss"", ""sn2_loss""]"
239,PE O-18:1_20:4,PE 20:4_20:4,0.9453508524122247,0.9084157675427742,PE 20:4_20:4,0.9084157675427742,False,False,"[""PE 20:4_20:4"", ""PE O-18:2_20:4"", ""PE O-20:3_20:4"", ""PE O-20:2_20:4"", ""PE 20:2_20:4""]","[0.9453508524122247, 0.9298288202159298, 0.9229994097706401, 0.9051405290061646, 0.8912033038801913]","[0.9084157675427742, 0.8837298682796915, 0.868104684097059, 0.8620038878372507, 0.8504435574048919]","[""PE 20:4_20:4"", ""PE O-20:3_20:4"", ""PE O-20:2_20:4"", ""PE 20:2_20:4"", ""PE O-18:2_20:4""]",0.9453508524122247,0.7472457604690353,21,0.3181818181818182,"observed channels, physical fragment envelopes only",full library molecular channel occupancy inverse square-root weight,"[""sn2_fragment"", ""sn2_fragment_co2"", ""sn2_ketene_loss"", ""sn2_loss""]"
240,PE O-18:1_20:5,PE 20:0_20:5,0.6612863240163825,0.613559711627466,PE O-16:0_22:6,0.5631938886712969,False,False,"[""PE 20:0_20:5"", ""PE 17:0_20:5"", ""PE 20:1_20:5"", ""PE 18:0_20:5"", ""PE 20:2_20:5""]","[0.6612863240163825, 0.6387623178314296, 0.6251752612031494, 0.622633237809895, 0.6216639945725063]","[0.613559711627466, 0.5631938886712969, 0.5473092062227441, 0.541776992067798, 0.5404745775073666]","[""PE O-16:0_22:6"", ""PE 20:0_20:5"", ""PE 20:1_20:5"", ""PE 20:2_20:5"", ""PE 18:0_20:5""]",0.6612863240163825,0.48554896265223674,19,0.20212765957446807,"observed channels, physical fragment envelopes only",full library molecular channel occupancy inverse square-root weight,"[""sn2_fragment"", ""sn2_fragment_co2"", ""sn2_ketene_loss"", ""sn2_loss""]"
241,PE O-18:1_22:1,PE O-18:0_22:1,0.9730776501152059,0.9589355710952339,PE O-18:0_22:1,0.9589355710952339,False,False,"[""PE O-18:0_22:1"", ""PE O-16:0_22:1"", ""PE 17:0_22:1"", ""PE O-16:1_22:1"", ""PE 16:0_22:1""]","[0.9730776501152059, 0.9563306222117822, 0.9295121962579821, 0.9244334458851788, 0.8469294741527292]","[0.9589355710952339, 0.9300099525338307, 0.9180376237574107, 0.8841113277553135, 0.8453542362756483]","[""PE O-18:0_22:1"", ""PE O-16:0_22:1"", ""PE 17:0_22:1"", ""PE O-16:1_22:1"", ""PE 16:0_22:1""]",0.9730776501152059,0.811451302003605,15,0.39473684210526316,"observed channels, physical fragment envelopes only",full library molecular channel occupancy inverse square-root weight,"[""sn2_fragment"", ""sn2_ketene_loss"", ""sn2_loss""]"
242,PE O-18:1_22:2,PE O-18:2_22:2,0.9852489903700467,0.9849697888015193,PE O-18:2_22:2,0.9849697888015193,False,False,"[""PE O-18:2_22:2"", ""PE O-16:1_22:2"", ""PE O-18:0_22:2"", ""PE O-16:0_22:2"", ""PE 17:0_22:2""]","[0.9852489903700467, 0.968082575050221, 0.9643656541718918, 0.9620201374911515, 0.9319955036115981]","[0.9849697888015193, 0.9593471856613779, 0.9434492101127722, 0.9360945452082975, 0.927763817753903]","[""PE O-18:2_22:2"", ""PE O-16:1_22:2"", ""PE O-18:0_22:2"", ""PE O-16:0_22:2"", ""PE 18:1_22:2""]",0.9852489903700467,0.8127195170199503,19,0.4418604651162791,"observed channels, physical fragment envelopes only",full library molecular channel occupancy inverse square-root weight,"[""sn2_fragment"", ""sn2_ketene_loss"", ""sn2_loss""]"
243,PE O-18:1_22:3,PE O-18:2_22:3,0.984242653129889,0.9828584216466854,PE O-18:2_22:3,0.9828584216466854,False,False,"[""PE O-18:2_22:3"", ""PE O-18:3_22:3"", ""PE O-16:1_22:3"", ""PE O-16:0_22:3"", ""PE 18:0_22:3""]","[0.984242653129889, 0.9828620341212184, 0.9759223669619319, 0.9688774472865265, 0.9582925306798348]","[0.9828584216466854, 0.9797597054273371, 0.9738401205999104, 0.9605710755380118, 0.9560505368135253]","[""PE O-18:2_22:3"", ""PE O-18:3_22:3"", ""PE O-16:1_22:3"", ""PE 18:1_22:3"", ""PE 18:0_22:3""]",0.984242653129889,0.8484316930520466,19,0.4418604651162791,"observed channels, physical fragment envelopes only",full library molecular channel occupancy inverse square-root weight,"[""sn2_fragment"", ""sn2_ketene_loss"", ""sn2_loss""]"
244,PE O-18:1_22:4,PE O-16:1_22:4,0.9761218381725485,0.9742373479338999,PE O-16:1_22:4,0.9742373479338999,False,False,"[""PE O-16:1_22:4"", ""PE O-18:3_22:4"", ""PE O-18:2_22:4"", ""PE 18:2_22:4"", ""PE 18:1_22:4""]","[0.9761218381725485, 0.9753092386676975, 0.9743269738062638, 0.965089363075779, 0.9620139133390329]","[0.9742373479338999, 0.9728087622149164, 0.9716884091510976, 0.9634898136968677, 0.9530200486911155]","[""PE O-16:1_22:4"", ""PE O-18:2_22:4"", ""PE O-18:3_22:4"", ""PE 18:1_22:4"", ""PE 18:2_22:4""]",0.9761218381725485,0.8027799538435088,15,0.25,"observed channels, physical fragment envelopes only",full library molecular channel occupancy inverse square-root weight,"[""sn2_fragment"", ""sn2_fragment_co2"", ""sn2_ketene_loss"", ""sn2_loss""]"
245,PE O-18:1_22:5,PE O-16:1_22:5,0.909310064925551,0.9248301596009646,PE O-16:1_22:5,0.9248301596009646,False,False,"[""PE O-16:1_22:5"", ""PE O-18:3_22:5"", ""PE O-18:2_22:5"", ""PE 18:2_22:5"", ""PE 18:1_22:5""]","[0.909310064925551, 0.9040037155423296, 0.9026676983930105, 0.8841879949035717, 0.8755349575596335]","[0.9248301596009646, 0.9186486372394032, 0.91764310564329, 0.907398114237531, 0.9060800752983463]","[""PE O-16:1_22:5"", ""PE O-18:2_22:5"", ""PE O-18:3_22:5"", ""PE 18:0_22:5"", ""PE 18:1_22:5""]",0.909310064925551,0.7361229988868526,16,0.26229508196721313,"observed channels, physical fragment envelopes only",full library molecular channel occupancy inverse square-root weight,"[""sn2_fragment"", ""sn2_fragment_co2"", ""sn2_ketene_loss"", ""sn2_loss""]"
246,PE O-18:1_22:6,PE O-18:3_22:6,0.7441668206459111,0.8110852190859869,PE O-18:3_22:6,0.8110852190859869,False,False,"[""PE O-18:3_22:6"", ""PE O-18:2_22:6"", ""PE 18:0_22:6"", ""PE 17:0_22:6"", ""PE 17:1_22:6""]","[0.7441668206459111, 0.7438861099865373, 0.6977265680822102, 0.694605174608773, 0.6912885428065924]","[0.8110852190859869, 0.8092234050228335, 0.808501419174699, 0.7920570522111487, 0.7889950209259992]","[""PE O-18:3_22:6"", ""PE 18:0_22:6"", ""PE O-18:2_22:6"", ""PE 18:1_22:6"", ""PE 17:0_22:6""]",0.7441668206459111,0.6097081034668823,22,0.3548387096774194,"observed channels, physical fragment envelopes only",full library molecular channel occupancy inverse square-root weight,"[""sn2_fragment"", ""sn2_fragment_co2"", ""sn2_ketene_loss"", ""sn2_loss""]"
247,PE O-20:0_18:2,PE O-20:1_18:2,0.8236347989916191,0.7314471301661348,PE O-20:1_18:2,0.7314471301661348,False,False,"[""PE O-20:1_18:2"", ""PE 20:0_18:2"", ""PG 18:2_18:2"", ""PE 20:1_18:2"", ""PE O-22:1_18:2""]","[0.8236347989916191, 0.7926172729635239, 0.7603808002347751, 0.7523476214671341, 0.7323597543248622]","[0.7314471301661348, 0.6829670935632254, 0.6705783026277117, 0.6097090338463342, 0.605220578529501]","[""PE O-20:1_18:2"", ""PE 20:0_18:2"", ""PE 20:1_18:2"", ""PE 18:2_20:3"", ""PE O-22:1_18:2""]",0.8236347989916191,0.7603808002347751,20,0.47619047619047616,"observed channels, physical fragment envelopes only",full library molecular channel occupancy inverse square-root weight,"[""sn2_fragment"", ""sn2_ketene_loss"", ""sn2_loss""]"
248,PE O-20:1_18:2,PE O-20:0_18:2,0.8236347989916191,0.7314471301661348,PE O-20:0_18:2,0.7314471301661348,False,False,"[""PE O-20:0_18:2"", ""PE 20:0_18:2"", ""PG 18:2_18:2"", ""PE 20:1_18:2"", ""PE O-22:1_18:2""]","[0.8236347989916191, 0.8058240283250426, 0.7729457639795126, 0.7647801677874185, 0.7444616824110281]","[0.7314471301661348, 0.7093975683988588, 0.6963865247484852, 0.6331741957534144, 0.6285129984755665]","[""PE O-20:0_18:2"", ""PE 20:0_18:2"", ""PE 20:1_18:2"", ""PE 18:2_20:3"", ""PE O-22:1_18:2""]",0.8236347989916191,0.7729457639795126,20,0.47619047619047616,"observed channels, physical fragment envelopes only",full library molecular channel occupancy inverse square-root weight,"[""sn2_fragment"", ""sn2_ketene_loss"", ""sn2_loss""]"
249,PE O-18:2_20:2,PE 20:2_20:2,0.9751699459902375,0.9440649901846893,PE 20:2_20:2,0.9440649901846893,False,False,"[""PE 20:2_20:2"", ""PE O-20:2_20:2"", ""PE O-20:1_20:2"", ""PE O-18:1_20:2"", ""PE O-18:0_20:2""]","[0.9751699459902375, 0.9700107477628732, 0.9626999964969509, 0.9522467420261521, 0.9401539242382083]","[0.9440649901846893, 0.9397935251194122, 0.9101083729568117, 0.8908490573653505, 0.8744884109629207]","[""PE 20:2_20:2"", ""PE O-20:2_20:2"", ""PE O-20:1_20:2"", ""PE O-18:1_20:2"", ""PE 17:0_20:2""]",0.9751699459902375,0.8759882912563247,10,0.19230769230769232,"observed channels, physical fragment envelopes only",full library molecular channel occupancy inverse square-root weight,"[""sn2_fragment"", ""sn2_ketene_loss"", ""sn2_loss""]"
250,PE O-18:2_20:3,PE 20:3_20:3,0.9807094401091137,0.9687521048497769,PE 20:3_20:3,0.9687521048497769,False,False,"[""PE 20:3_20:3"", ""PE O-18:3_20:3"", ""PE O-20:3_20:3"", ""PE O-20:2_20:3"", ""PE O-18:1_20:3""]","[0.9807094401091137, 0.9770391075148644, 0.9728496558848987, 0.9718751522885358, 0.9701457627853192]","[0.9687521048497769, 0.9649930070206114, 0.9602210756569871, 0.9584806135506851, 0.9546999891931984]","[""PE 20:3_20:3"", ""PE O-18:3_20:3"", ""PE O-20:3_20:3"", ""PE O-20:2_20:3"", ""PE O-18:1_20:3""]",0.9807094401091137,0.841476450033904,10,0.19230769230769232,"observed channels, physical fragment envelopes only",full library molecular channel occupancy inverse square-root weight,"[""sn2_fragment"", ""sn2_ketene_loss"", ""sn2_loss""]"
251,PE O-18:2_20:4,PE 20:4_20:4,0.9715405509918842,0.9144041356804798,PE 20:4_20:4,0.9144041356804798,False,False,"[""PE 20:4_20:4"", ""PE O-20:3_20:4"", ""PE O-20:2_20:4"", ""PE O-18:1_20:4"", ""PE 20:2_20:4""]","[0.9715405509918842, 0.9486201291176622, 0.9302224766719797, 0.9298288202159298, 0.9157809603543529]","[0.9144041356804798, 0.8895862524841808, 0.8738311327866771, 0.867617129908852, 0.8559846152091352]","[""PE 20:4_20:4"", ""PE O-20:3_20:4"", ""PE O-20:2_20:4"", ""PE 20:2_20:4"", ""PE 20:1_20:4""]",0.9715405509918842,0.7681951743728146,21,0.3181818181818182,"observed channels, physical fragment envelopes only",full library molecular channel occupancy inverse square-root weight,"[""sn2_fragment"", ""sn2_fragment_co2"", ""sn2_ketene_loss"", ""sn2_loss""]"
252,PE O-18:2_22:0,PE O-16:1_22:0,0.6718844561084386,0.5732749792382349,PE O-16:1_22:0,0.5732749792382349,False,False,"[""PE O-16:1_22:0"", ""PA 18:0_22:0"", ""PA 22:0_18:2"", ""PA 22:0_18:1"", ""PA 22:0_20:4""]","[0.6718844561084386, 0.5164528438413314, 0.5152343366692197, 0.4902429205860792, 0.4768536050161978]","[0.5732749792382349, 0.5002784876786296, 0.45860330255148474, 0.450345038977462, 0.44837681161137766]","[""PE O-16:1_22:0"", ""PE O-20:0_20:2"", ""PA 22:0_18:1"", ""PA 18:0_22:0"", ""PA 22:0_18:2""]",0.6718844561084386,0.5164528438413314,6,0.11764705882352941,"observed channels, physical fragment envelopes only",full library molecular channel occupancy inverse square-root weight,"[""sn2_fragment"", ""sn2_ketene_loss"", ""sn2_loss""]"
253,PE O-22:1_18:2,PE O-20:1_18:2,0.7444616824110281,0.6285129984755665,PE O-20:1_18:2,0.6285129984755665,False,False,"[""PE O-20:1_18:2"", ""PE 20:0_18:2"", ""PE O-20:0_18:2"", ""PG 18:2_18:2"", ""PE 20:1_18:2""]","[0.7444616824110281, 0.735079738365499, 0.7323597543248622, 0.7051842518021038, 0.6977342065008126]","[0.6285129984755665, 0.6143041690879479, 0.605220578529501, 0.6031625592280808, 0.5725077352788192]","[""PE O-20:1_18:2"", ""PE 20:0_18:2"", ""PE O-20:0_18:2"", ""PE 20:1_18:2"", ""PE O-18:3_22:0""]",0.7444616824110281,0.7051842518021038,12,0.21818181818181817,"observed channels, physical fragment envelopes only",full library molecular channel occupancy inverse square-root weight,"[""sn2_fragment"", ""sn2_ketene_loss"", ""sn2_loss""]"
254,PE O-18:2_22:2,PE O-18:1_22:2,0.9852489903700467,0.9849697888015193,PE O-18:1_22:2,0.9849697888015193,False,False,"[""PE O-18:1_22:2"", ""PE O-16:1_22:2"", ""PE O-18:0_22:2"", ""PE O-16:0_22:2"", ""PE 17:0_22:2""]","[0.9852489903700467, 0.9720951633313468, 0.9674555952735864, 0.9660075976822868, 0.9358581190316899]","[0.9849697888015193, 0.9641540299314665, 0.9470044196954536, 0.940784881270093, 0.9324379054417208]","[""PE O-18:1_22:2"", ""PE O-16:1_22:2"", ""PE O-18:0_22:2"", ""PE O-16:0_22:2"", ""PE 18:1_22:2""]",0.9852489903700467,0.8163714082169534,19,0.4418604651162791,"observed channels, physical fragment envelopes only",full library molecular channel occupancy inverse square-root weight,"[""sn2_fragment"", ""sn2_ketene_loss"", ""sn2_loss""]"
255,PE O-18:2_22:3,PE O-18:3_22:3,0.9865062605034277,0.9847718272379271,PE O-18:3_22:3,0.9847718272379271,False,False,"[""PE O-18:3_22:3"", ""PE O-18:1_22:3"", ""PE O-16:1_22:3"", ""PE O-16:0_22:3"", ""PE 18:0_22:3""]","[0.9865062605034277, 0.984242653129889, 0.9789476971502981, 0.9718809384341557, 0.9625813135124334]","[0.9847718272379271, 0.9828584216466854, 0.9782288348045862, 0.9649614059514052, 0.9616110939513335]","[""PE O-18:3_22:3"", ""PE O-18:1_22:3"", ""PE O-16:1_22:3"", ""PE 18:1_22:3"", ""PE 18:0_22:3""]",0.9865062605034277,0.8510618059319754,19,0.4418604651162791,"observed channels, physical fragment envelopes only",full library molecular channel occupancy inverse square-root weight,"[""sn2_fragment"", ""sn2_ketene_loss"", ""sn2_loss""]"
256,PE O-18:2_22:4,PE O-18:3_22:4,0.9787667373045933,0.978862702322919,PE O-16:1_22:4,0.9771919788574046,False,False,"[""PE O-18:3_22:4"", ""PE O-16:1_22:4"", ""PE O-18:1_22:4"", ""PE 18:2_22:4"", ""PE 18:1_22:4""]","[0.9787667373045933, 0.9786796854862505, 0.9743269738062638, 0.9675883670354315, 0.9645470099362843]","[0.978862702322919, 0.9771919788574046, 0.9728087622149164, 0.9681018522097771, 0.9575247259648695]","[""PE O-16:1_22:4"", ""PE O-18:3_22:4"", ""PE O-18:1_22:4"", ""PE 18:1_22:4"", ""PE 18:2_22:4""]",0.9787667373045933,0.8043587284893936,26,0.52,"observed channels, physical fragment envelopes only",full library molecular channel occupancy inverse square-root weight,"[""sn2_fragment"", ""sn2_fragment_co2"", ""sn2_ketene_loss"", ""sn2_loss""]"
257,PE O-18:2_22:5,PE O-16:1_22:5,0.9359789211362277,0.9487955649732148,PE O-16:1_22:5,0.9487955649732148,False,False,"[""PE O-16:1_22:5"", ""PE O-18:3_22:5"", ""PE 18:2_22:5"", ""PE O-18:1_22:5"", ""PE 16:1_22:5""]","[0.9359789211362277, 0.9334889142514589, 0.9105724494713643, 0.9026676983930105, 0.9019535064145527]","[0.9487955649732148, 0.9442367161672577, 0.933509041255701, 0.9292839415893961, 0.9186486372394032]","[""PE O-16:1_22:5"", ""PE O-18:3_22:5"", ""PE 18:0_22:5"", ""PE 18:1_22:5"", ""PE O-18:1_22:5""]",0.9359789211362277,0.7573162051600887,16,0.26229508196721313,"observed channels, physical fragment envelopes only",full library molecular channel occupancy inverse square-root weight,"[""sn2_fragment"", ""sn2_fragment_co2"", ""sn2_ketene_loss"", ""sn2_loss""]"
258,PE O-18:2_22:6,PE O-18:3_22:6,0.8285086731249721,0.8800961666446211,PE O-18:3_22:6,0.8800961666446211,False,False,"[""PE O-18:3_22:6"", ""PE 18:0_22:6"", ""PE 17:0_22:6"", ""PE 17:1_22:6"", ""PE 16:1_22:6""]","[0.8285086731249721, 0.7799337212712346, 0.7608664637134244, 0.7544490731295876, 0.750774022161522]","[0.8800961666446211, 0.8740845517570189, 0.8506973298480948, 0.8468018123083343, 0.833759792799249]","[""PE O-18:3_22:6"", ""PE 18:0_22:6"", ""PE 18:1_22:6"", ""PE 17:0_22:6"", ""PE 18:2_22:6""]",0.8285086731249721,0.676751025682472,30,0.5555555555555556,"observed channels, physical fragment envelopes only",full library molecular channel occupancy inverse square-root weight,"[""sn2_fragment"", ""sn2_fragment_co2"", ""sn2_ketene_loss"", ""sn2_loss""]"
259,PE O-18:3_20:3,PE 20:3_20:3,0.9837096336800372,0.9667516700402817,PE 20:3_20:3,0.9667516700402817,False,False,"[""PE 20:3_20:3"", ""PE O-18:2_20:3"", ""PE O-20:3_20:3"", ""PE O-20:2_20:3"", ""PE O-18:1_20:3""]","[0.9837096336800372, 0.9770391075148644, 0.9758258047530328, 0.9748483199478977, 0.9717609046034287]","[0.9667516700402817, 0.9649930070206114, 0.9582382570931949, 0.9565013889721771, 0.9505668904335592]","[""PE 20:3_20:3"", ""PE O-18:2_20:3"", ""PE O-20:3_20:3"", ""PE O-20:2_20:3"", ""PE O-18:1_20:3""]",0.9837096336800372,0.8440538419409536,10,0.19230769230769232,"observed channels, physical fragment envelopes only",full library molecular channel occupancy inverse square-root weight,"[""sn2_fragment"", ""sn2_ketene_loss"", ""sn2_loss""]"
260,PE O-18:3_22:0,PE O-22:1_18:2,0.4799427477799501,0.6267332720001796,PE O-20:0_20:3,0.5725077352788192,False,False,"[""PE O-22:1_18:2"", ""PE O-20:0_20:3"", ""PE O-16:1_22:0"", ""PE O-18:2_22:0"", ""PA 18:0_22:0""]","[0.4799427477799501, 0.4471025424670101, 0.4455178673210401, 0.4426532247179239, 0.3424531814461636]","[0.6267332720001796, 0.5725077352788192, 0.37282210127777854, 0.3666625336995627, 0.320958728119822]","[""PE O-20:0_20:3"", ""PE O-22:1_18:2"", ""PE O-18:2_22:0"", ""PE O-16:1_22:0"", ""PE O-18:0_22:3""]",0.4799427477799501,0.3424531814461636,0,0.0,"observed channels, physical fragment envelopes only",full library molecular channel occupancy inverse square-root weight,"[""sn2_fragment"", ""sn2_ketene_loss"", ""sn2_loss""]"
261,PE O-18:3_22:3,PE O-18:2_22:3,0.9865062605034277,0.9847718272379271,PE O-18:2_22:3,0.9847718272379271,False,False,"[""PE O-18:2_22:3"", ""PE O-18:1_22:3"", ""PE O-16:1_22:3"", ""PE O-16:0_22:3"", ""PE 18:0_22:3""]","[0.9865062605034277, 0.9828620341212184, 0.9782592769269264, 0.9711974877300543, 0.9605776195254279]","[0.9847718272379271, 0.9797597054273371, 0.9759310937452919, 0.9645366876215984, 0.9580796528965813]","[""PE O-18:2_22:3"", ""PE O-18:1_22:3"", ""PE O-16:1_22:3"", ""PE 18:1_22:3"", ""PE 18:0_22:3""]",0.9865062605034277,0.8504633182003671,19,0.4418604651162791,"observed channels, physical fragment envelopes only",full library molecular channel occupancy inverse square-root weight,"[""sn2_fragment"", ""sn2_ketene_loss"", ""sn2_loss""]"
262,PE O-18:3_22:4,PE O-16:1_22:4,0.9808689660911778,0.9790903376245963,PE O-16:1_22:4,0.9790903376245963,False,False,"[""PE O-16:1_22:4"", ""PE O-18:2_22:4"", ""PE O-18:1_22:4"", ""PE 18:2_22:4"", ""PE 18:1_22:4""]","[0.9808689660911778, 0.9787667373045933, 0.9753092386676975, 0.9698436418325191, 0.9692319388258032]","[0.9790903376245963, 0.9771919788574046, 0.9716884091510976, 0.9712696523519041, 0.9578502997740627]","[""PE O-16:1_22:4"", ""PE O-18:2_22:4"", ""PE O-18:1_22:4"", ""PE 18:1_22:4"", ""PE 18:2_22:4""]",0.9808689660911778,0.8061894016147437,15,0.25,"observed channels, physical fragment envelopes only",full library molecular channel occupancy inverse square-root weight,"[""sn2_fragment"", ""sn2_fragment_co2"", ""sn2_ketene_loss"", ""sn2_loss""]"
263,PE O-18:3_22:5,PE O-16:1_22:5,0.9447204529559954,0.9540815844831271,PE O-16:1_22:5,0.9540815844831271,False,False,"[""PE O-16:1_22:5"", ""PE O-18:2_22:5"", ""PE 18:2_22:5"", ""PE 18:1_22:5"", ""PE 16:1_22:5""]","[0.9447204529559954, 0.9334889142514589, 0.9193076405764102, 0.9143005356110879, 0.9104877437308484]","[0.9540815844831271, 0.9442367161672577, 0.9389028467139042, 0.9351621005236459, 0.9208997534884906]","[""PE O-16:1_22:5"", ""PE O-18:2_22:5"", ""PE 18:1_22:5"", ""PE 18:0_22:5"", ""PE 18:2_22:5""]",0.9447204529559954,0.7643625916490934,16,0.26229508196721313,"observed channels, physical fragment envelopes only",full library molecular channel occupancy inverse square-root weight,"[""sn2_fragment"", ""sn2_fragment_co2"", ""sn2_ketene_loss"", ""sn2_loss""]"
264,PE O-18:3_22:6,PE O-18:2_22:6,0.8285086731249721,0.8938322927480644,PE 18:0_22:6,0.8800961666446211,False,False,"[""PE O-18:2_22:6"", ""PE 18:0_22:6"", ""PE 17:0_22:6"", ""PE 17:1_22:6"", ""PE 18:2_22:6""]","[0.8285086731249721, 0.8004891666672418, 0.7871361524705736, 0.7806595205826583, 0.7790152139073441]","[0.8938322927480644, 0.8800961666446211, 0.877803953483258, 0.868659551143409, 0.8562165884470728]","[""PE 18:0_22:6"", ""PE O-18:2_22:6"", ""PE 18:1_22:6"", ""PE 17:0_22:6"", ""PE 18:2_22:6""]",0.8285086731249721,0.7038600776687332,30,0.5555555555555556,"observed channels, physical fragment envelopes only",full library molecular channel occupancy inverse square-root weight,"[""sn2_fragment"", ""sn2_fragment_co2"", ""sn2_ketene_loss"", ""sn2_loss""]"
265,PE O-20:0_20:2,PE 20:2_20:2,0.8711158081730074,0.6961717392343935,PE 20:2_20:2,0.6961717392343935,False,False,"[""PE 20:2_20:2"", ""PE O-20:1_20:2"", ""PE O-20:2_20:2"", ""PE O-18:2_20:2"", ""PE O-18:1_20:2""]","[0.8711158081730074, 0.8686473901886693, 0.86658999071365, 0.8619564968094345, 0.8468539399470433]","[0.6961717392343935, 0.6932344178469462, 0.6931764003908877, 0.6834426746841596, 0.6487969715265947]","[""PE 20:2_20:2"", ""PE O-20:2_20:2"", ""PE O-20:1_20:2"", ""PE O-18:2_20:2"", ""PE O-18:1_20:2""]",0.8711158081730074,0.7825142836358713,10,0.21739130434782608,"observed channels, physical fragment envelopes only",full library molecular channel occupancy inverse square-root weight,"[""sn2_fragment"", ""sn2_ketene_loss"", ""sn2_loss""]"
266,PE O-20:0_20:3,PE 20:3_20:3,0.8455359438018383,0.6895485005247812,PE 20:3_20:3,0.6895485005247812,False,False,"[""PE 20:3_20:3"", ""PE O-18:3_20:3"", ""PE O-20:1_20:3"", ""PE O-18:2_20:3"", ""PE O-20:3_20:3""]","[0.8455359438018383, 0.8414642606614726, 0.8396305289874317, 0.8388978980029328, 0.8387594916869229]","[0.6895485005247812, 0.6872905657565339, 0.685871337906427, 0.6834761949488122, 0.6831306066574141]","[""PE 20:3_20:3"", ""PE O-18:2_20:3"", ""PE O-18:3_20:3"", ""PE O-20:3_20:3"", ""PE O-20:1_20:3""]",0.8455359438018383,0.7254937611342238,10,0.21739130434782608,"observed channels, physical fragment envelopes only",full library molecular channel occupancy inverse square-root weight,"[""sn2_fragment"", ""sn2_ketene_loss"", ""sn2_loss""]"
267,PE O-20:0_20:4,PE 20:4_20:4,0.825574623071294,0.776829302365611,PE 20:4_20:4,0.776829302365611,False,False,"[""PE 20:4_20:4"", ""PE O-18:2_20:4"", ""PE O-20:3_20:4"", ""PE O-20:2_20:4"", ""PE O-20:1_20:4""]","[0.825574623071294, 0.8079774960236945, 0.806084210696991, 0.7908808149300557, 0.787294525342119]","[0.776829302365611, 0.755737023386637, 0.7428586954373189, 0.7404500326253134, 0.737100243137182]","[""PE 20:4_20:4"", ""PE O-20:3_20:4"", ""PE O-20:2_20:4"", ""PE O-20:1_20:4"", ""PE 20:2_20:4""]",0.825574623071294,0.6527131128529458,21,0.35,"observed channels, physical fragment envelopes only",full library molecular channel occupancy inverse square-root weight,"[""sn2_fragment"", ""sn2_fragment_co2"", ""sn2_ketene_loss"", ""sn2_loss""]"
268,PE O-20:1_20:1,PE O-18:0_20:1,0.8874848477299015,0.7492702042287883,PE 17:0_20:1,0.7212045098778851,False,False,"[""PE O-18:0_20:1"", ""PE 17:0_20:1"", ""PE 18:0_20:1"", ""PE O-18:1_20:1"", ""PA 20:1_22:6""]","[0.8874848477299015, 0.8871853186666123, 0.8847770129587945, 0.8365609333669562, 0.8311959963650224]","[0.7492702042287883, 0.7212045098778851, 0.7121095770814561, 0.6863148322596524, 0.6311733939475328]","[""PE 17:0_20:1"", ""PE O-18:0_20:1"", ""PE 18:0_20:1"", ""PA 20:1_22:6"", ""PE O-18:1_20:1""]",0.8874848477299015,0.8311959963650224,11,0.22916666666666666,"observed channels, physical fragment envelopes only",full library molecular channel occupancy inverse square-root weight,"[""sn2_fragment"", ""sn2_ketene_loss"", ""sn2_loss""]"
269,PE O-20:1_20:2,PE 20:2_20:2,0.9729298271592705,0.9276977650829062,PE O-20:2_20:2,0.9270590677844193,False,False,"[""PE 20:2_20:2"", ""PE O-20:2_20:2"", ""PE O-18:2_20:2"", ""PE O-18:1_20:2"", ""PE O-18:0_20:2""]","[0.9729298271592705, 0.9695748079385987, 0.9626999964969509, 0.945832287404364, 0.9379876094118984]","[0.9276977650829062, 0.9270590677844193, 0.9101083729568117, 0.8639723242452427, 0.858550531431404]","[""PE O-20:2_20:2"", ""PE 20:2_20:2"", ""PE O-18:2_20:2"", ""PE O-18:1_20:2"", ""PE 17:0_20:2""]",0.9729298271592705,0.8739727595192756,10,0.2,"observed channels, physical fragment envelopes only",full library molecular channel occupancy inverse square-root weight,"[""sn2_fragment"", ""sn2_ketene_loss"", ""sn2_loss""]"
270,PE O-20:1_20:3,PE 20:3_20:3,0.9702868471328049,0.9339126982927421,PE 20:3_20:3,0.9339126982927421,False,False,"[""PE 20:3_20:3"", ""PE O-18:3_20:3"", ""PE O-20:2_20:3"", ""PE O-18:2_20:3"", ""PE O-20:3_20:3""]","[0.9702868471328049, 0.9656144253283467, 0.9640771323714056, 0.9626694199137537, 0.9625381607980324]","[0.9339126982927421, 0.9308545900717304, 0.9294391155915891, 0.9289324121395028, 0.9257427930170002]","[""PE 20:3_20:3"", ""PE O-18:2_20:3"", ""PE O-20:2_20:3"", ""PE O-18:3_20:3"", ""PE O-20:3_20:3""]",0.9702868471328049,0.8325335655658825,10,0.2,"observed channels, physical fragment envelopes only",full library molecular channel occupancy inverse square-root weight,"[""sn2_fragment"", ""sn2_ketene_loss"", ""sn2_loss""]"
271,PE O-20:1_20:4,PE 20:4_20:4,0.9190309869606901,0.9033314068381442,PE 20:4_20:4,0.9033314068381442,False,False,"[""PE 20:4_20:4"", ""PE O-18:2_20:4"", ""PE O-20:3_20:4"", ""PE O-20:2_20:4"", ""PE O-18:1_20:4""]","[0.9190309869606901, 0.8994569634525889, 0.8974040217352236, 0.8911186011721673, 0.8751540025354125]","[0.9033314068381442, 0.8788571852483273, 0.8755860427180174, 0.8570497628739783, 0.8455963259147478]","[""PE 20:4_20:4"", ""PE O-20:3_20:4"", ""PE O-20:2_20:4"", ""PE 20:2_20:4"", ""PE 20:1_20:4""]",0.9190309869606901,0.7268858540941888,21,0.328125,"observed channels, physical fragment envelopes only",full library molecular channel occupancy inverse square-root weight,"[""sn2_fragment"", ""sn2_fragment_co2"", ""sn2_ketene_loss"", ""sn2_loss""]"
272,PE O-20:2_20:2,PE 20:2_20:2,0.9803192867020297,0.9572988014849316,PE 20:2_20:2,0.9572988014849316,False,False,"[""PE 20:2_20:2"", ""PE O-18:2_20:2"", ""PE O-20:1_20:2"", ""PE O-18:1_20:2"", ""PE O-18:0_20:2""]","[0.9803192867020297, 0.9700107477628732, 0.9695748079385987, 0.9530149451560151, 0.9451106946176854]","[0.9572988014849316, 0.9397935251194122, 0.9276977650829062, 0.8921526494366449, 0.8865541607130496]","[""PE 20:2_20:2"", ""PE O-18:2_20:2"", ""PE O-20:1_20:2"", ""PE O-18:1_20:2"", ""PE 17:0_20:2""]",0.9803192867020297,0.8806097154424884,12,0.24,"observed channels, physical fragment envelopes only",full library molecular channel occupancy inverse square-root weight,"[""sn2_fragment"", ""sn2_ketene_loss"", ""sn2_loss""]"
273,PE O-20:2_20:3,PE 20:3_20:3,0.9795654227657887,0.9616294806838365,PE 20:3_20:3,0.9616294806838365,False,False,"[""PE 20:3_20:3"", ""PE O-18:3_20:3"", ""PE O-20:3_20:3"", ""PE O-18:2_20:3"", ""PE O-18:1_20:3""]","[0.9795654227657887, 0.9748483199478977, 0.9732880998644923, 0.9718751522885358, 0.9676569712717848]","[0.9616294806838365, 0.9584806135506851, 0.9565013889721771, 0.9557074014067608, 0.9455155798212181]","[""PE 20:3_20:3"", ""PE O-18:2_20:3"", ""PE O-18:3_20:3"", ""PE O-20:3_20:3"", ""PE O-18:1_20:3""]",0.9795654227657887,0.8404948459648635,10,0.19230769230769232,"observed channels, physical fragment envelopes only",full library molecular channel occupancy inverse square-root weight,"[""sn2_fragment"", ""sn2_ketene_loss"", ""sn2_loss""]"
274,PE O-20:2_20:4,PE 20:4_20:4,0.9504794809695136,0.941979290104786,PE 20:4_20:4,0.941979290104786,False,False,"[""PE 20:4_20:4"", ""PE O-20:3_20:4"", ""PE O-18:2_20:4"", ""PE O-18:1_20:4"", ""PE 20:2_20:4""]","[0.9504794809695136, 0.9338332351737073, 0.9302224766719797, 0.9051405290061646, 0.8959431080697982]","[0.941979290104786, 0.9227992953963985, 0.8937909613427517, 0.882006897030705, 0.8810576940890903]","[""PE 20:4_20:4"", ""PE O-20:3_20:4"", ""PE 20:2_20:4"", ""PE 20:1_20:4"", ""PE 20:3_20:4""]",0.9504794809695136,0.7515114591902178,21,0.3181818181818182,"observed channels, physical fragment envelopes only",full library molecular channel occupancy inverse square-root weight,"[""sn2_fragment"", ""sn2_fragment_co2"", ""sn2_ketene_loss"", ""sn2_loss""]"
275,PE O-20:3_20:3,PE 20:3_20:3,0.9805525167743369,0.9633835068266475,PE 20:3_20:3,0.9633835068266475,False,False,"[""PE 20:3_20:3"", ""PE O-18:3_20:3"", ""PE O-20:2_20:3"", ""PE O-18:2_20:3"", ""PE O-18:1_20:3""]","[0.9805525167743369, 0.9758258047530328, 0.9732880998644923, 0.9728496558848987, 0.9686272452788619]","[0.9633835068266475, 0.9602210756569871, 0.9582382570931949, 0.9557074014067608, 0.9472324993020766]","[""PE 20:3_20:3"", ""PE O-18:2_20:3"", ""PE O-18:3_20:3"", ""PE O-20:2_20:3"", ""PE O-18:1_20:3""]",0.9805525167743369,0.8413376139204948,12,0.23076923076923078,"observed channels, physical fragment envelopes only",full library molecular channel occupancy inverse square-root weight,"[""sn2_fragment"", ""sn2_ketene_loss"", ""sn2_loss""]"
276,PE O-20:3_20:4,PE 20:4_20:4,0.9692667751732128,0.9589560142431945,PE 20:4_20:4,0.9589560142431945,False,False,"[""PE 20:4_20:4"", ""PE O-18:2_20:4"", ""PE O-20:2_20:4"", ""PE O-18:1_20:4"", ""PE 20:2_20:4""]","[0.9692667751732128, 0.9486201291176622, 0.9338332351737073, 0.9229994097706401, 0.9137326426219011]","[0.9589560142431945, 0.9227992953963985, 0.9100176969771421, 0.902177592002198, 0.896865390593152]","[""PE 20:4_20:4"", ""PE O-20:2_20:4"", ""PE 20:2_20:4"", ""PE 20:1_20:4"", ""PE 20:3_20:4""]",0.9692667751732128,0.7665683699327244,21,0.3088235294117647,"observed channels, physical fragment envelopes only",full library molecular channel occupancy inverse square-root weight,"[""sn2_fragment"", ""sn2_fragment_co2"", ""sn2_ketene_loss"", ""sn2_loss""]"
277,PG 14:0_20:0,PG 16:0_18:0,0.5980499698063078,0.872527165874032,PG 16:0_18:0,0.872527165874032,False,False,"[""PG 16:0_18:0"", ""PE O-18:0_20:5"", ""PG 17:0_17:0"", ""PE O-18:1_20:5"", ""PE O-16:0_22:6""]","[0.5980499698063078, 0.26957346056864917, 0.2484052776917098, 0.23018349182344977, 0.20328275901100096]","[0.872527165874032, 0.4245325261226647, 0.21718889774921188, 0.2120723156006416, 0.2084022704896896]","[""PG 16:0_18:0"", ""PG 17:0_17:0"", ""PE O-18:0_20:5"", ""PE O-18:1_20:5"", ""PE O-16:0_22:6""]",0.5980499698063078,0.26957346056864917,6,0.03508771929824561,"observed channels, physical fragment envelopes only",full library molecular channel occupancy inverse square-root weight,"[""p_glycerol"", ""p_glycerol_sn1"", ""p_glycerol_sn2"", ""sn1_fragment"", ""sn1_ketene_loss"", ""sn1_loss"", ""sn2_fragment"", ""sn2_ketene_loss"", ""sn2_loss""]"
278,PG 16:0_18:0,PG 14:0_20:0,0.5980499698063078,0.872527165874032,PG 14:0_20:0,0.872527165874032,False,False,"[""PG 14:0_20:0"", ""PG 18:0_18:0"", ""PA 18:0_22:5"", ""PC O-16:1_18:0"", ""PA 18:0_24:6""]","[0.5980499698063078, 0.5290778176222976, 0.4910905120912861, 0.4864172574411434, 0.48270334051417174]","[0.872527165874032, 0.37953580678601545, 0.2655972211503422, 0.2563636210335191, 0.25039933906947864]","[""PG 14:0_20:0"", ""PG 17:0_17:0"", ""PA 16:0_24:4"", ""PC 16:0_16:0"", ""PA 16:0_24:5""]",0.5980499698063078,0.4910905120912861,6,0.03508771929824561,"observed channels, physical fragment envelopes only",full library molecular channel occupancy inverse square-root weight,"[""p_glycerol"", ""p_glycerol_sn1"", ""p_glycerol_sn2"", ""sn1_fragment"", ""sn1_ketene_loss"", ""sn1_loss"", ""sn2_fragment"", ""sn2_ketene_loss"", ""sn2_loss""]"
279,PG 14:0_22:5,PG 16:1_20:4,0.7074638893034807,0.9062642819395145,PG 16:1_20:4,0.9062642819395145,False,False,"[""PG 16:1_20:4"", ""PG 16:0_20:5"", ""PE O-16:1_22:5"", ""PE O-18:3_22:5"", ""PE O-18:2_22:5""]","[0.7074638893034807, 0.5728430915205796, 0.4975556568965691, 0.4939721286444377, 0.4893554178804411]","[0.9062642819395145, 0.7775217161004243, 0.4492426548297388, 0.32054372406220066, 0.2778104520252428]","[""PG 16:1_20:4"", ""PG 16:0_20:5"", ""PG 18:2_18:3"", ""PA 20:4_22:6"", ""PE O-16:1_22:5""]",0.7074638893034807,0.4975556568965691,17,0.10240963855421686,"observed channels, physical fragment envelopes only",full library molecular channel occupancy inverse square-root weight,"[""p_glycerol"", ""p_glycerol_sn1"", ""p_glycerol_sn2"", ""sn1_fragment"", ""sn1_ketene_loss"", ""sn1_loss"", ""sn2_fragment"", ""sn2_fragment_co2"", ""sn2_ketene_loss"", ""sn2_loss""]"
280,PG 16:0_20:5,PG 16:1_20:4,0.6100413124133973,0.8012540218712433,PG 16:1_20:4,0.8012540218712433,False,False,"[""PG 16:1_20:4"", ""PG 14:0_22:5"", ""PE 20:0_20:5"", ""PE 17:0_20:5"", ""PE 20:2_20:5""]","[0.6100413124133973, 0.5728430915205796, 0.49730365469472776, 0.4700167168417917, 0.4651822072931764]","[0.8012540218712433, 0.7775217161004243, 0.4939439787492788, 0.4783292738656729, 0.47453896845715043]","[""PG 16:1_20:4"", ""PG 14:0_22:5"", ""PE 20:0_20:5"", ""PE 20:1_20:5"", ""PE 20:2_20:5""]",0.6100413124133973,0.49730365469472776,57,0.4634146341463415,"observed channels, physical fragment envelopes only",full library molecular channel occupancy inverse square-root weight,"[""p_glycerol"", ""p_glycerol_sn1"", ""p_glycerol_sn2"", ""sn1_fragment"", ""sn1_ketene_loss"", ""sn1_loss"", ""sn2_fragment"", ""sn2_fragment_co2"", ""sn2_ketene_loss"", ""sn2_loss""]"
281,PG 16:1_20:4,PG 14:0_22:5,0.7074638893034807,0.9062642819395145,PG 14:0_22:5,0.9062642819395145,False,False,"[""PG 14:0_22:5"", ""PG 16:0_20:5"", ""PA 20:4_22:6"", ""PE 20:4_20:4"", ""PE O-18:2_20:4""]","[0.7074638893034807, 0.6100413124133973, 0.5169228024312686, 0.47106955625617, 0.4607896546678171]","[0.9062642819395145, 0.8012540218712433, 0.4889082423198521, 0.461690433249223, 0.22945570119358333]","[""PG 14:0_22:5"", ""PG 16:0_20:5"", ""PA 20:4_22:6"", ""PG 18:2_18:3"", ""PE 20:4_20:4""]",0.7074638893034807,0.5169228024312686,17,0.10240963855421686,"observed channels, physical fragment envelopes only",full library molecular channel occupancy inverse square-root weight,"[""p_glycerol"", ""p_glycerol_sn1"", ""p_glycerol_sn2"", ""sn1_fragment"", ""sn1_ketene_loss"", ""sn1_loss"", ""sn2_fragment"", ""sn2_fragment_co2"", ""sn2_ketene_loss"", ""sn2_loss""]"
282,PG 18:2_18:3,PE 20:0_18:3,0.7122906617306182,0.8150701321001151,PE 20:0_18:3,0.8150701321001151,False,False,"[""PE 20:0_18:3"", ""PE 20:1_18:3"", ""PG 18:1_18:3"", ""PG 18:0_18:3"", ""PG 20:1_18:3""]","[0.7122906617306182, 0.6748226031542355, 0.6479205963522892, 0.59266883977825, 0.5364480800593442]","[0.8150701321001151, 0.7924837503232907, 0.7559759364212851, 0.7538342636553473, 0.7413416085314077]","[""PE 20:0_18:3"", ""PE 20:1_18:3"", ""PG 18:1_18:3"", ""PG 20:2_18:3"", ""PG 20:1_18:3""]",0.6479205963522892,0.7122906617306182,10,0.09523809523809523,"observed channels, physical fragment envelopes only",full library molecular channel occupancy inverse square-root weight,"[""p_glycerol"", ""p_glycerol_sn1"", ""p_glycerol_sn2"", ""sn1_fragment"", ""sn1_ketene_loss"", ""sn1_loss"", ""sn2_fragment"", ""sn2_ketene_loss"", ""sn2_loss""]"
283,PG 14:0_22:4,PG 16:1_20:3,0.9505858330621952,0.9824097012005948,PG 16:1_20:3,0.9824097012005948,False,False,"[""PG 16:1_20:3"", ""PG 16:0_20:4"", ""PG 18:1_18:3"", ""PG 18:2_18:2"", ""PE O-16:1_22:4""]","[0.9505858330621952, 0.8754394799976878, 0.5265264075678958, 0.49785160124553135, 0.24731755252773244]","[0.9824097012005948, 0.9489290813239426, 0.6809041530745819, 0.4757775577936645, 0.14201441670608422]","[""PG 16:1_20:3"", ""PG 16:0_20:4"", ""PG 18:2_18:2"", ""PG 18:1_18:3"", ""PE O-16:1_22:4""]",0.9505858330621952,0.24731755252773244,10,0.06060606060606061,"observed channels, physical fragment envelopes only",full library molecular channel occupancy inverse square-root weight,"[""p_glycerol"", ""p_glycerol_sn1"", ""p_glycerol_sn2"", ""sn1_fragment"", ""sn1_ketene_loss"", ""sn1_loss"", ""sn2_fragment"", ""sn2_fragment_co2"", ""sn2_ketene_loss"", ""sn2_loss""]"
284,PG 16:0_20:4,PG 16:1_20:3,0.895503872100401,0.9581074756442065,PG 16:1_20:3,0.9581074756442065,False,False,"[""PG 16:1_20:3"", ""PG 14:0_22:4"", ""PG 18:1_18:3"", ""PG 18:2_18:2"", ""PE 20:4_20:4""]","[0.895503872100401, 0.8754394799976878, 0.49508904556540867, 0.46813128897372314, 0.3937437756791919]","[0.9581074756442065, 0.9489290813239426, 0.6638268362435631, 0.4638381927287927, 0.2574891388885461]","[""PG 16:1_20:3"", ""PG 14:0_22:4"", ""PG 18:2_18:2"", ""PG 18:1_18:3"", ""PE 20:4_20:4""]",0.895503872100401,0.3937437756791919,57,0.4453125,"observed channels, physical fragment envelopes only",full library molecular channel occupancy inverse square-root weight,"[""p_glycerol"", ""p_glycerol_sn1"", ""p_glycerol_sn2"", ""sn1_fragment"", ""sn1_ketene_loss"", ""sn1_loss"", ""sn2_fragment"", ""sn2_fragment_co2"", ""sn2_ketene_loss"", ""sn2_loss""]"
285,PG 16:1_20:3,PG 14:0_22:4,0.9505858330621952,0.9824097012005948,PG 14:0_22:4,0.9824097012005948,False,False,"[""PG 14:0_22:4"", ""PG 16:0_20:4"", ""PG 18:1_18:3"", ""PG 18:2_18:2"", ""PA 20:3_22:6""]","[0.9505858330621952, 0.895503872100401, 0.5374995013598615, 0.5082188482057226, 0.1732191852359086]","[0.9824097012005948, 0.9581074756442065, 0.6870695405974568, 0.480096199785216, 0.1268543673473877]","[""PG 14:0_22:4"", ""PG 16:0_20:4"", ""PG 18:2_18:2"", ""PG 18:1_18:3"", ""PA 20:3_22:6""]",0.9505858330621952,0.1732191852359086,10,0.06060606060606061,"observed channels, physical fragment envelopes only",full library molecular channel occupancy inverse square-root weight,"[""p_glycerol"", ""p_glycerol_sn1"", ""p_glycerol_sn2"", ""sn1_fragment"", ""sn1_ketene_loss"", ""sn1_loss"", ""sn2_fragment"", ""sn2_ketene_loss"", ""sn2_loss""]"
286,PG 18:1_18:3,PG 18:2_18:3,0.6479205963522892,0.8181857254680202,PE 20:0_18:3,0.7559759364212851,False,False,"[""PG 18:2_18:3"", ""PE 20:0_18:3"", ""PE 20:1_18:3"", ""PG 18:0_18:3"", ""PG 16:1_20:3""]","[0.6479205963522892, 0.6462708016967526, 0.6122732523646347, 0.5757341136438886, 0.5374995013598615]","[0.8181857254680202, 0.7955114941698002, 0.7656730643230525, 0.757092986380409, 0.7559759364212851]","[""PE 20:0_18:3"", ""PE 20:1_18:3"", ""PG 18:0_18:3"", ""PG 20:2_18:3"", ""PG 18:2_18:3""]",0.6479205963522892,0.6462708016967526,53,0.6973684210526315,"observed channels, physical fragment envelopes only",full library molecular channel occupancy inverse square-root weight,"[""p_glycerol"", ""p_glycerol_sn1"", ""p_glycerol_sn2"", ""sn1_fragment"", ""sn1_ketene_loss"", ""sn1_loss"", ""sn2_fragment"", ""sn2_ketene_loss"", ""sn2_loss""]"
287,PG 18:2_18:2,PE O-20:1_18:2,0.7729457639795126,0.6870695405974568,PG 16:1_20:3,0.6149059673839821,False,False,"[""PE O-20:1_18:2"", ""PE 20:0_18:2"", ""PE O-20:0_18:2"", ""PE 20:1_18:2"", ""PE O-22:1_18:2""]","[0.7729457639795126, 0.7632049913386856, 0.7603808002347751, 0.7244329715511475, 0.7051842518021038]","[0.6870695405974568, 0.6809041530745819, 0.6638268362435631, 0.6149059673839821, 0.6010049646188557]","[""PG 16:1_20:3"", ""PG 14:0_22:4"", ""PG 16:0_20:4"", ""PE O-20:1_18:2"", ""PE 20:0_18:2""]",0.6163580375187567,0.7729457639795126,12,0.1791044776119403,"observed channels, physical fragment envelopes only",full library molecular channel occupancy inverse square-root weight,"[""p_glycerol"", ""p_glycerol_sn1"", ""p_glycerol_sn2"", ""sn1_fragment"", ""sn1_ketene_loss"", ""sn1_loss"", ""sn2_fragment"", ""sn2_ketene_loss"", ""sn2_loss""]"
288,PG 14:0_22:3,PG 16:1_20:2,0.9838117802561887,0.9927872603877931,PG 16:1_20:2,0.9927872603877931,False,False,"[""PG 16:1_20:2"", ""PG 16:0_20:3"", ""PG 18:1_18:2"", ""PG 18:0_18:3"", ""PE O-18:2_22:3""]","[0.9838117802561887, 0.9649649828292068, 0.6199860510430422, 0.5929275894295168, 0.14645497324417095]","[0.9927872603877931, 0.9864352424181506, 0.7577874993142749, 0.4847639635706735, 0.14086827820597625]","[""PG 16:1_20:2"", ""PG 16:0_20:3"", ""PG 18:1_18:2"", ""PG 18:0_18:3"", ""PE O-18:2_22:6""]",0.9838117802561887,0.14645497324417095,7,0.04242424242424243,"observed channels, physical fragment envelopes only",full library molecular channel occupancy inverse square-root weight,"[""p_glycerol"", ""p_glycerol_sn1"", ""p_glycerol_sn2"", ""sn1_fragment"", ""sn1_ketene_loss"", ""sn1_loss"", ""sn2_fragment"", ""sn2_ketene_loss"", ""sn2_loss""]"
289,PG 16:0_20:3,PG 16:1_20:2,0.9733932857889158,0.9909611690204261,PG 16:1_20:2,0.9909611690204261,False,False,"[""PG 16:1_20:2"", ""PG 14:0_22:3"", ""PG 18:1_18:2"", ""PG 18:0_18:3"", ""PE 20:3_20:3""]","[0.9733932857889158, 0.9649649828292068, 0.613112203145582, 0.586344479881506, 0.20195922968876434]","[0.9909611690204261, 0.9864352424181506, 0.7562706354591856, 0.4837848287868037, 0.14059031235868652]","[""PG 16:1_20:2"", ""PG 14:0_22:3"", ""PG 18:1_18:2"", ""PG 18:0_18:3"", ""PE O-18:2_22:6""]",0.9733932857889158,0.20195922968876434,56,0.448,"observed channels, physical fragment envelopes only",full library molecular channel occupancy inverse square-root weight,"[""p_glycerol"", ""p_glycerol_sn1"", ""p_glycerol_sn2"", ""sn1_fragment"", ""sn1_ketene_loss"", ""sn1_loss"", ""sn2_fragment"", ""sn2_ketene_loss"", ""sn2_loss""]"
290,PG 16:1_20:2,PG 14:0_22:3,0.9838117802561887,0.9927872603877931,PG 14:0_22:3,0.9927872603877931,False,False,"[""PG 14:0_22:3"", ""PG 16:0_20:3"", ""PG 18:1_18:2"", ""PG 18:0_18:3"", ""PE O-18:2_22:6""]","[0.9838117802561887, 0.9733932857889158, 0.6250586943098835, 0.5977456208592532, 0.13246170540188906]","[0.9927872603877931, 0.9909611690204261, 0.7611010040461008, 0.48685254485377877, 0.1414984022789094]","[""PG 14:0_22:3"", ""PG 16:0_20:3"", ""PG 18:1_18:2"", ""PG 18:0_18:3"", ""PE O-18:2_22:6""]",0.9838117802561887,0.13246170540188906,7,0.04242424242424243,"observed channels, physical fragment envelopes only",full library molecular channel occupancy inverse square-root weight,"[""p_glycerol"", ""p_glycerol_sn1"", ""p_glycerol_sn2"", ""sn1_fragment"", ""sn1_ketene_loss"", ""sn1_loss"", ""sn2_fragment"", ""sn2_ketene_loss"", ""sn2_loss""]"
291,PG 18:0_18:3,PE 20:0_18:3,0.6169711287365806,0.8203241797509739,PE 20:0_18:3,0.8203241797509739,False,False,"[""PE 20:0_18:3"", ""PG 16:1_20:2"", ""PG 14:0_22:3"", ""PG 18:2_18:3"", ""PG 16:0_20:3""]","[0.6169711287365806, 0.5977456208592532, 0.5929275894295168, 0.59266883977825, 0.586344479881506]","[0.8203241797509739, 0.7975919469549679, 0.7656730643230525, 0.7586820557032117, 0.7461286233078382]","[""PE 20:0_18:3"", ""PE 20:1_18:3"", ""PG 18:1_18:3"", ""PG 20:2_18:3"", ""PG 20:1_18:3""]",0.5977456208592532,0.6169711287365806,12,0.08955223880597014,"observed channels, physical fragment envelopes only",full library molecular channel occupancy inverse square-root weight,"[""p_glycerol"", ""p_glycerol_sn1"", ""p_glycerol_sn2"", ""sn1_fragment"", ""sn1_ketene_loss"", ""sn1_loss"", ""sn2_fragment"", ""sn2_ketene_loss"", ""sn2_loss""]"
292,PG 18:1_18:2,PG 16:1_20:2,0.6250586943098835,0.7611010040461008,PG 16:1_20:2,0.7611010040461008,False,False,"[""PG 16:1_20:2"", ""PG 14:0_22:3"", ""PG 18:2_18:2"", ""PG 16:0_20:3"", ""PE O-20:1_18:2""]","[0.6250586943098835, 0.6199860510430422, 0.6163580375187567, 0.613112203145582, 0.611342660037549]","[0.7611010040461008, 0.7577874993142749, 0.7562706354591856, 0.5037718857284125, 0.4923846376329617]","[""PG 16:1_20:2"", ""PG 14:0_22:3"", ""PG 16:0_20:3"", ""PE O-20:1_18:2"", ""PE 20:0_18:2""]",0.6250586943098835,0.611342660037549,7,0.04697986577181208,"observed channels, physical fragment envelopes only",full library molecular channel occupancy inverse square-root weight,"[""p_glycerol"", ""p_glycerol_sn1"", ""p_glycerol_sn2"", ""sn1_fragment"", ""sn1_ketene_loss"", ""sn1_loss"", ""sn2_fragment"", ""sn2_ketene_loss"", ""sn2_loss""]"
293,PG 14:0_22:2,PG 16:1_20:1,0.9917278075392152,0.9956999767490753,PG 16:1_20:1,0.9956999767490753,False,False,"[""PG 16:1_20:1"", ""PG 16:0_20:2"", ""PG 18:1_18:1"", ""PG 18:0_18:2"", ""PE O-18:1_22:6""]","[0.9917278075392152, 0.9752028605620794, 0.6546620259548184, 0.6312166128343041, 0.20767037382265985]","[0.9956999767490753, 0.9903442924467831, 0.8328222396929886, 0.7607820487996556, 0.1785415740368875]","[""PG 16:1_20:1"", ""PG 16:0_20:2"", ""PG 18:1_18:1"", ""PG 18:0_18:2"", ""PE O-18:1_22:6""]",0.9917278075392152,0.20767037382265985,9,0.05555555555555555,"observed channels, physical fragment envelopes only",full library molecular channel occupancy inverse square-root weight,"[""p_glycerol"", ""p_glycerol_sn1"", ""p_glycerol_sn2"", ""sn1_fragment"", ""sn1_ketene_loss"", ""sn1_loss"", ""sn2_fragment"", ""sn2_ketene_loss"", ""sn2_loss""]"
294,PG 16:0_20:2,PG 16:1_20:1,0.9793705984668861,0.9930135420910292,PG 16:1_20:1,0.9930135420910292,False,False,"[""PG 16:1_20:1"", ""PG 14:0_22:2"", ""PG 18:1_18:1"", ""PG 18:0_18:2"", ""PE O-18:1_22:6""]","[0.9793705984668861, 0.9752028605620794, 0.6463131745045759, 0.6231729678112207, 0.2050192417263294]","[0.9930135420910292, 0.9903442924467831, 0.8305036206486248, 0.758672034728143, 0.17804198476539324]","[""PG 16:1_20:1"", ""PG 14:0_22:2"", ""PG 18:1_18:1"", ""PG 18:0_18:2"", ""PE O-18:1_22:6""]",0.9793705984668861,0.2050192417263294,58,0.47540983606557374,"observed channels, physical fragment envelopes only",full library molecular channel occupancy inverse square-root weight,"[""p_glycerol"", ""p_glycerol_sn1"", ""p_glycerol_sn2"", ""sn1_fragment"", ""sn1_ketene_loss"", ""sn1_loss"", ""sn2_fragment"", ""sn2_ketene_loss"", ""sn2_loss""]"
295,PG 16:1_20:1,PG 14:0_22:2,0.9917278075392152,0.9956999767490753,PG 14:0_22:2,0.9956999767490753,False,False,"[""PG 14:0_22:2"", ""PG 16:0_20:2"", ""PG 18:1_18:1"", ""PG 18:0_18:2"", ""PE O-18:1_22:6""]","[0.9917278075392152, 0.9793705984668861, 0.6572314961051091, 0.6336685217484433, 0.2084967165888811]","[0.9956999767490753, 0.9930135420910292, 0.8349495672740068, 0.7626926563681783, 0.17900791626149348]","[""PG 14:0_22:2"", ""PG 16:0_20:2"", ""PG 18:1_18:1"", ""PG 18:0_18:2"", ""PE O-18:1_22:6""]",0.9917278075392152,0.2084967165888811,9,0.05555555555555555,"observed channels, physical fragment envelopes only",full library molecular channel occupancy inverse square-root weight,"[""p_glycerol"", ""p_glycerol_sn1"", ""p_glycerol_sn2"", ""sn1_fragment"", ""sn1_ketene_loss"", ""sn1_loss"", ""sn2_fragment"", ""sn2_ketene_loss"", ""sn2_loss""]"
296,PG 18:0_18:2,PG 16:1_20:1,0.6336685217484433,0.7626926563681783,PG 16:1_20:1,0.7626926563681783,False,False,"[""PG 16:1_20:1"", ""PG 14:0_22:2"", ""PG 16:0_20:2"", ""PE O-20:1_18:2"", ""PE 20:0_18:2""]","[0.6336685217484433, 0.6312166128343041, 0.6231729678112207, 0.620998086606104, 0.6131723737481565]","[0.7626926563681783, 0.7607820487996556, 0.758672034728143, 0.6406454399649325, 0.52136530034799]","[""PG 16:1_20:1"", ""PG 14:0_22:2"", ""PG 16:0_20:2"", ""PG 18:1_18:1"", ""PE O-20:1_18:2""]",0.6336685217484433,0.620998086606104,9,0.05389221556886228,"observed channels, physical fragment envelopes only",full library molecular channel occupancy inverse square-root weight,"[""p_glycerol"", ""p_glycerol_sn1"", ""p_glycerol_sn2"", ""sn1_fragment"", ""sn1_ketene_loss"", ""sn1_loss"", ""sn2_fragment"", ""sn2_ketene_loss"", ""sn2_loss""]"
297,PG 18:1_18:1,PE 20:0_18:1,0.6787772204713428,0.8349495672740068,PG 16:1_20:1,0.39428599525135744,False,False,"[""PE 20:0_18:1"", ""PG 16:1_20:1"", ""PG 14:0_22:2"", ""PG 16:0_20:2"", ""PA 18:1_24:6""]","[0.6787772204713428, 0.6572314961051091, 0.6546620259548184, 0.6463131745045759, 0.6300845921554318]","[0.8349495672740068, 0.8328222396929886, 0.8305036206486248, 0.6406454399649325, 0.39428599525135744]","[""PG 16:1_20:1"", ""PG 14:0_22:2"", ""PG 16:0_20:2"", ""PG 18:0_18:2"", ""PE 20:0_18:1""]",0.6572314961051091,0.6787772204713428,16,0.14285714285714285,"observed channels, physical fragment envelopes only",full library molecular channel occupancy inverse square-root weight,"[""p_glycerol"", ""p_glycerol_sn1"", ""p_glycerol_sn2"", ""sn1_fragment"", ""sn1_ketene_loss"", ""sn1_loss"", ""sn2_fragment"", ""sn2_ketene_loss"", ""sn2_loss""]"
298,PG 14:0_22:1,PG 16:0_20:1,0.9631691174321931,0.9789214701027102,PG 16:0_20:1,0.9789214701027102,False,False,"[""PG 16:0_20:1"", ""PG 18:0_18:1"", ""PG 20:0_16:1"", ""PE O-18:0_22:6"", ""PE O-18:1_22:6""]","[0.9631691174321931, 0.6334015613035412, 0.3976085254659385, 0.27290647823528963, 0.22413946013262132]","[0.9789214701027102, 0.7742230942015104, 0.36574932481018485, 0.22147199103062049, 0.19532890886957646]","[""PG 16:0_20:1"", ""PG 18:0_18:1"", ""PG 20:0_16:1"", ""PE O-18:0_22:6"", ""PE O-18:1_22:6""]",0.9631691174321931,0.27290647823528963,10,0.06172839506172839,"observed channels, physical fragment envelopes only",full library molecular channel occupancy inverse square-root weight,"[""p_glycerol"", ""p_glycerol_sn1"", ""p_glycerol_sn2"", ""sn1_fragment"", ""sn1_ketene_loss"", ""sn1_loss"", ""sn2_fragment"", ""sn2_ketene_loss"", ""sn2_loss""]"
299,PG 16:0_20:1,PG 14:0_22:1,0.9631691174321931,0.9789214701027102,PG 14:0_22:1,0.9789214701027102,False,False,"[""PG 14:0_22:1"", ""PG 18:0_18:1"", ""PG 20:0_16:1"", ""PE O-18:0_22:6"", ""PE O-18:0_20:1""]","[0.9631691174321931, 0.6152300933858121, 0.38924399930750486, 0.26504693300854765, 0.22039361420476375]","[0.9789214701027102, 0.7643190198419997, 0.362494524903988, 0.2185999697177749, 0.19279591606292343]","[""PG 14:0_22:1"", ""PG 18:0_18:1"", ""PG 20:0_16:1"", ""PE O-18:0_22:6"", ""PE O-18:1_22:6""]",0.9631691174321931,0.26504693300854765,10,0.06172839506172839,"observed channels, physical fragment envelopes only",full library molecular channel occupancy inverse square-root weight,"[""p_glycerol"", ""p_glycerol_sn1"", ""p_glycerol_sn2"", ""sn1_fragment"", ""sn1_ketene_loss"", ""sn1_loss"", ""sn2_fragment"", ""sn2_ketene_loss"", ""sn2_loss""]"
300,PG 20:0_16:1,PE 22:0_16:1,0.6836826674572545,0.6966961230277487,PE 22:0_16:1,0.6966961230277487,False,False,"[""PE 22:0_16:1"", ""PC O-16:1_16:1"", ""PE 16:1_22:1"", ""PC 16:1_16:1"", ""PC 18:0_16:1""]","[0.6836826674572545, 0.5733976898716558, 0.5548242823601205, 0.5505042540938595, 0.52790072742608]","[0.6966961230277487, 0.6758461743904584, 0.5945284582024223, 0.5833839248374464, 0.4814063248349985]","[""PE 22:0_16:1"", ""PE 16:1_22:1"", ""PE 16:1_22:2"", ""PC O-16:1_16:1"", ""PC O-16:0_16:1""]",0.44033730416599437,0.6836826674572545,11,0.08661417322834646,"observed channels, physical fragment envelopes only",full library molecular channel occupancy inverse square-root weight,"[""p_glycerol"", ""p_glycerol_sn1"", ""p_glycerol_sn2"", ""sn1_fragment"", ""sn1_ketene_loss"", ""sn1_loss"", ""sn2_fragment"", ""sn2_ketene_loss"", ""sn2_loss""]"
301,PG 18:0_18:1,PG 14:0_22:1,0.6334015613035412,0.7742230942015104,PG 14:0_22:1,0.7742230942015104,False,False,"[""PG 14:0_22:1"", ""PG 16:0_20:1"", ""PE 20:0_18:1"", ""PA 18:1_24:6"", ""PG 18:1_18:1""]","[0.6334015613035412, 0.6152300933858121, 0.5979274681099437, 0.5453406451027061, 0.5416728295874426]","[0.7742230942015104, 0.7643190198419997, 0.4045645260252374, 0.365951942040016, 0.3048766169876292]","[""PG 14:0_22:1"", ""PG 16:0_20:1"", ""PE 20:0_18:1"", ""PG 18:1_18:1"", ""PA 18:1_24:6""]",0.6334015613035412,0.5979274681099437,10,0.06622516556291391,"observed channels, physical fragment envelopes only",full library molecular channel occupancy inverse square-root weight,"[""p_glycerol"", ""p_glycerol_sn1"", ""p_glycerol_sn2"", ""sn1_fragment"", ""sn1_ketene_loss"", ""sn1_loss"", ""sn2_fragment"", ""sn2_ketene_loss"", ""sn2_loss""]"
302,PG 14:0_22:0,PG 16:0_20:0,0.9098349737758341,0.9326504968496866,PG 16:0_20:0,0.9326504968496866,False,False,"[""PG 16:0_20:0"", ""PG 18:0_18:0"", ""PE O-18:0_22:6"", ""PE O-18:0_22:5"", ""PE O-20:1_20:4""]","[0.9098349737758341, 0.39302363954752423, 0.29359661225224537, 0.18442536331477008, 0.14338101751184043]","[0.9326504968496866, 0.5575587450056583, 0.24318340586075657, 0.17396611326683165, 0.1444860452700872]","[""PG 16:0_20:0"", ""PG 18:0_18:0"", ""PE O-18:0_22:6"", ""PE O-18:0_22:5"", ""PE O-20:1_20:4""]",0.9098349737758341,0.29359661225224537,10,0.06329113924050633,"observed channels, physical fragment envelopes only",full library molecular channel occupancy inverse square-root weight,"[""p_glycerol"", ""p_glycerol_sn1"", ""p_glycerol_sn2"", ""sn1_fragment"", ""sn1_ketene_loss"", ""sn1_loss"", ""sn2_fragment"", ""sn2_ketene_loss"", ""sn2_loss""]"
303,PG 16:0_20:0,PG 14:0_22:0,0.9098349737758341,0.9326504968496866,PG 14:0_22:0,0.9326504968496866,False,False,"[""PG 14:0_22:0"", ""PG 18:0_18:0"", ""PA 20:0_20:0"", ""PA 20:0_22:6"", ""PA 20:0_20:5""]","[0.9098349737758341, 0.3619688325902661, 0.30768266103001785, 0.2794685823881215, 0.2776627085442439]","[0.9326504968496866, 0.5300527611642745, 0.23107977301383334, 0.2182585165958975, 0.20978074124794582]","[""PG 14:0_22:0"", ""PG 18:0_18:0"", ""PE O-18:0_22:6"", ""PA 20:0_20:0"", ""PA 20:0_22:5""]",0.9098349737758341,0.30768266103001785,10,0.06329113924050633,"observed channels, physical fragment envelopes only",full library molecular channel occupancy inverse square-root weight,"[""p_glycerol"", ""p_glycerol_sn1"", ""p_glycerol_sn2"", ""sn1_fragment"", ""sn1_ketene_loss"", ""sn1_loss"", ""sn2_fragment"", ""sn2_ketene_loss"", ""sn2_loss""]"
304,PG 18:0_18:0,PC O-16:1_18:0,0.7773785213594855,0.6079888779980923,PA 18:0_22:5,0.18518672193552,False,False,"[""PC O-16:1_18:0"", ""PA 18:0_22:5"", ""PA 18:0_24:6"", ""PE 18:0_20:0"", ""PA 18:0_24:5""]","[0.7773785213594855, 0.7641696679354056, 0.756514139107664, 0.7562162034179577, 0.720426666145136]","[0.6079888779980923, 0.5575587450056583, 0.5300527611642745, 0.49406407998656043, 0.4632758232616803]","[""PA 18:0_22:5"", ""PG 14:0_22:0"", ""PG 16:0_20:0"", ""PA 18:0_22:4"", ""PE 18:0_20:0""]",0.5523251683037421,0.7773785213594855,13,0.16049382716049382,"observed channels, physical fragment envelopes only",full library molecular channel occupancy inverse square-root weight,"[""p_glycerol"", ""p_glycerol_sn1"", ""p_glycerol_sn2"", ""sn1_fragment"", ""sn1_ketene_loss"", ""sn1_loss"", ""sn2_fragment"", ""sn2_ketene_loss"", ""sn2_loss""]"
305,PG 16:1_22:6,PE 16:1_22:6,0.9234151866260574,0.8630897906579624,PE 16:1_22:6,0.8630897906579624,False,False,"[""PE 16:1_22:6"", ""PE O-18:3_22:6"", ""PE O-18:2_22:6"", ""PE 18:0_22:6"", ""PE 17:0_22:6""]","[0.9234151866260574, 0.7038600776687332, 0.676751025682472, 0.6714611226641498, 0.6535537999543244]","[0.8630897906579624, 0.7083155885956212, 0.7071565884258836, 0.6899695297224995, 0.6884825492655615]","[""PE 16:1_22:6"", ""PE 18:0_22:6"", ""PE O-18:3_22:6"", ""PE 18:1_22:6"", ""PE O-18:2_22:6""]",0.5917988894435513,0.9234151866260574,27,0.23478260869565218,"observed channels, physical fragment envelopes only",full library molecular channel occupancy inverse square-root weight,"[""p_glycerol"", ""p_glycerol_sn1"", ""p_glycerol_sn2"", ""sn1_fragment"", ""sn1_ketene_loss"", ""sn1_loss"", ""sn2_fragment"", ""sn2_fragment_co2"", ""sn2_ketene_loss"", ""sn2_loss""]"
306,PG 18:2_20:5,PE 18:2_20:5,0.8063714245001088,0.6488491070095219,PE 18:2_20:5,0.6488491070095219,False,False,"[""PE 18:2_20:5"", ""PE O-20:1_18:2"", ""PE 20:0_18:2"", ""PE O-20:0_18:2"", ""PG 18:2_18:2""]","[0.8063714245001088, 0.6261658652171558, 0.6182747232910204, 0.6159869474239575, 0.5938851171248243]","[0.6488491070095219, 0.5378398485313513, 0.5214845705076585, 0.5169480535837, 0.5153155958904728]","[""PE 18:2_20:5"", ""PE 20:0_20:5"", ""PE 20:1_20:5"", ""PE 20:2_20:5"", ""PE 18:0_20:5""]",0.5938851171248243,0.8063714245001088,31,0.2246376811594203,"observed channels, physical fragment envelopes only",full library molecular channel occupancy inverse square-root weight,"[""p_glycerol"", ""p_glycerol_sn1"", ""p_glycerol_sn2"", ""sn1_fragment"", ""sn1_ketene_loss"", ""sn1_loss"", ""sn2_fragment"", ""sn2_fragment_co2"", ""sn2_ketene_loss"", ""sn2_loss""]"
307,PG 18:3_20:4,PE 18:3_20:4,0.8883052404094474,0.8099387418713766,PE 18:3_20:4,0.8099387418713766,False,False,"[""PE 18:3_20:4"", ""PE 20:4_20:4"", ""PE O-18:2_20:4"", ""PE O-20:3_20:4"", ""PE O-20:2_20:4""]","[0.8883052404094474, 0.7053025183164486, 0.6902673842493489, 0.6886454027604569, 0.6753049261745506]","[0.8099387418713766, 0.6809036480789026, 0.6620349699525806, 0.6312508366089442, 0.6207412687186586]","[""PE 18:3_20:4"", ""PE 20:0_18:3"", ""PE 20:1_18:3"", ""PG 20:2_18:3"", ""PG 20:1_18:3""]",0.5181201414861074,0.8883052404094474,30,0.23076923076923078,"observed channels, physical fragment envelopes only",full library molecular channel occupancy inverse square-root weight,"[""p_glycerol"", ""p_glycerol_sn1"", ""p_glycerol_sn2"", ""sn1_fragment"", ""sn1_ketene_loss"", ""sn1_loss"", ""sn2_fragment"", ""sn2_fragment_co2"", ""sn2_ketene_loss"", ""sn2_loss""]"
308,PG 16:0_22:6,PE 16:0_22:6,0.7991402204412678,0.7249106503702025,PE 16:0_22:6,0.7249106503702025,False,False,"[""PE 16:0_22:6"", ""PE O-18:3_22:6"", ""PE O-18:2_22:6"", ""PE 18:0_22:6"", ""PE 17:0_22:6""]","[0.7991402204412678, 0.6756929502335147, 0.6502646893262541, 0.6434452528268865, 0.6276830794553713]","[0.7249106503702025, 0.6838449248468674, 0.6829765103032305, 0.6664513885298867, 0.6650696416993823]","[""PE 16:0_22:6"", ""PE 18:0_22:6"", ""PE O-18:3_22:6"", ""PE 18:1_22:6"", ""PE O-18:2_22:6""]",0.5917988894435513,0.7991402204412678,30,0.2542372881355932,"observed channels, physical fragment envelopes only",full library molecular channel occupancy inverse square-root weight,"[""p_glycerol"", ""p_glycerol_sn1"", ""p_glycerol_sn2"", ""sn1_fragment"", ""sn1_ketene_loss"", ""sn1_loss"", ""sn2_fragment"", ""sn2_fragment_co2"", ""sn2_ketene_loss"", ""sn2_loss""]"
309,PG 16:1_22:5,PE 16:1_22:5,0.8657216005624766,0.7462369115341585,PE 16:1_22:5,0.7462369115341585,False,False,"[""PE 16:1_22:5"", ""PE O-16:1_22:5"", ""PE O-18:3_22:5"", ""PE O-18:2_22:5"", ""PE 18:2_22:5""]","[0.8657216005624766, 0.7694292462455312, 0.7643625916490934, 0.7573162051600887, 0.7485887508450342]","[0.7462369115341585, 0.6857033963035358, 0.6421220624046374, 0.6369349080777484, 0.6334146818677648]","[""PE 16:1_22:5"", ""PA 22:5_22:6"", ""PE O-16:1_22:5"", ""PE O-18:3_22:5"", ""PE O-18:2_22:5""]",0.5656108464454129,0.8657216005624766,24,0.2,"observed channels, physical fragment envelopes only",full library molecular channel occupancy inverse square-root weight,"[""p_glycerol"", ""p_glycerol_sn1"", ""p_glycerol_sn2"", ""sn1_fragment"", ""sn1_ketene_loss"", ""sn1_loss"", ""sn2_fragment"", ""sn2_fragment_co2"", ""sn2_ketene_loss"", ""sn2_loss""]"
310,PG 18:1_20:5,PE 18:1_20:5,0.7719148366250568,0.6425405272436249,PE 18:1_20:5,0.6425405272436249,False,False,"[""PE 18:1_20:5"", ""PE 20:0_18:1"", ""PA 18:1_24:6"", ""PG 18:1_18:1"", ""PG 17:0_18:1""]","[0.7719148366250568, 0.5939158940898379, 0.5391966675603634, 0.4946346415739397, 0.4460153942285731]","[0.6425405272436249, 0.567081114622902, 0.5502274459507659, 0.5451965129042283, 0.5440404250372807]","[""PE 18:1_20:5"", ""PE 20:0_20:5"", ""PE 20:1_20:5"", ""PE 20:2_20:5"", ""PE 18:0_20:5""]",0.4946346415739397,0.7719148366250568,32,0.2222222222222222,"observed channels, physical fragment envelopes only",full library molecular channel occupancy inverse square-root weight,"[""p_glycerol"", ""p_glycerol_sn1"", ""p_glycerol_sn2"", ""sn1_fragment"", ""sn1_ketene_loss"", ""sn1_loss"", ""sn2_fragment"", ""sn2_fragment_co2"", ""sn2_ketene_loss"", ""sn2_loss""]"
311,PG 18:2_20:4,PE 18:2_20:4,0.8407820040675111,0.6748548580734883,PE 18:2_20:4,0.6748548580734883,False,False,"[""PE 18:2_20:4"", ""PE 20:4_20:4"", ""PE O-18:2_20:4"", ""PE O-20:3_20:4"", ""PE O-20:2_20:4""]","[0.8407820040675111, 0.6915566331677265, 0.676797551698648, 0.6751594601622031, 0.6621356607549294]","[0.6748548580734883, 0.5573026035764802, 0.5421338239509735, 0.532569207098149, 0.5288840583456823]","[""PE 18:2_20:4"", ""PE 20:4_20:4"", ""PE O-20:3_20:4"", ""PE O-20:2_20:4"", ""PE 20:2_20:4""]",0.5181201414861074,0.8407820040675111,33,0.22448979591836735,"observed channels, physical fragment envelopes only",full library molecular channel occupancy inverse square-root weight,"[""p_glycerol"", ""p_glycerol_sn1"", ""p_glycerol_sn2"", ""sn1_fragment"", ""sn1_ketene_loss"", ""sn1_loss"", ""sn2_fragment"", ""sn2_fragment_co2"", ""sn2_ketene_loss"", ""sn2_loss""]"
312,PG 16:0_22:5,PE 16:0_22:5,0.7094802302243001,0.6546772652683805,PA 22:5_22:5,0.6375757990964614,False,False,"[""PE 16:0_22:5"", ""PA 22:5_22:5"", ""PE O-16:1_22:5"", ""PE O-18:3_22:5"", ""PE O-18:2_22:5""]","[0.7094802302243001, 0.653274615708874, 0.6490825919623119, 0.6451076211897698, 0.63922193407627]","[0.6546772652683805, 0.6375757990964614, 0.6060681412900215, 0.6012824004354702, 0.5979819174453521]","[""PA 22:5_22:5"", ""PE 16:0_22:5"", ""PE O-16:1_22:5"", ""PE O-18:3_22:5"", ""PE O-18:2_22:5""]",0.5656108464454129,0.7094802302243001,27,0.23275862068965517,"observed channels, physical fragment envelopes only",full library molecular channel occupancy inverse square-root weight,"[""p_glycerol"", ""p_glycerol_sn1"", ""p_glycerol_sn2"", ""sn1_fragment"", ""sn1_ketene_loss"", ""sn1_loss"", ""sn2_fragment"", ""sn2_fragment_co2"", ""sn2_ketene_loss"", ""sn2_loss""]"
313,PG 16:1_22:4,PE 16:1_22:4,0.7237928267837014,0.6237593051285627,PA 22:4_22:6,0.609664426054981,False,False,"[""PE 16:1_22:4"", ""PA 22:4_22:6"", ""PE O-16:1_22:4"", ""PE O-18:3_22:4"", ""PE O-18:2_22:4""]","[0.7237928267837014, 0.6941666499233543, 0.6813039870655552, 0.6807016289098669, 0.6791798169118456]","[0.6237593051285627, 0.609664426054981, 0.6065940455389546, 0.5954526617877159, 0.5657837142069321]","[""PA 22:4_22:6"", ""PE 16:1_22:4"", ""PG 18:2_20:3"", ""PG 16:0_22:5"", ""PG 18:1_20:4""]",0.48427831607409344,0.7237928267837014,23,0.18110236220472442,"observed channels, physical fragment envelopes only",full library molecular channel occupancy inverse square-root weight,"[""p_glycerol"", ""p_glycerol_sn1"", ""p_glycerol_sn2"", ""sn1_fragment"", ""sn1_ketene_loss"", ""sn1_loss"", ""sn2_fragment"", ""sn2_fragment_co2"", ""sn2_ketene_loss"", ""sn2_loss""]"
314,PG 18:0_20:5,PE 18:0_20:5,0.6681402735052042,0.7021630980097018,PE 18:0_20:5,0.7021630980097018,False,False,"[""PE 18:0_20:5"", ""PE 20:0_20:5"", ""PE 17:0_20:5"", ""PE O-18:1_20:5"", ""PE 20:1_20:5""]","[0.6681402735052042, 0.5136854479603018, 0.48995303076916086, 0.48554896265223674, 0.4822138180186565]","[0.7021630980097018, 0.6930437617580312, 0.6722039671931211, 0.6662081250530189, 0.6619685314629933]","[""PE 18:0_20:5"", ""PE 20:0_20:5"", ""PE 20:1_20:5"", ""PE 20:2_20:5"", ""PE 20:3_20:5""]",0.4803771680033805,0.6681402735052042,32,0.2302158273381295,"observed channels, physical fragment envelopes only",full library molecular channel occupancy inverse square-root weight,"[""p_glycerol"", ""p_glycerol_sn1"", ""p_glycerol_sn2"", ""sn1_fragment"", ""sn1_ketene_loss"", ""sn1_loss"", ""sn2_fragment"", ""sn2_fragment_co2"", ""sn2_ketene_loss"", ""sn2_loss""]"
315,PG 18:1_20:4,PE 18:1_20:4,0.7322783707576139,0.6157541252624328,PE 18:1_20:4,0.6157541252624328,False,False,"[""PE 18:1_20:4"", ""PE 20:4_20:4"", ""PE O-18:2_20:4"", ""PE O-20:3_20:4"", ""PE O-20:2_20:4""]","[0.7322783707576139, 0.5961398966486514, 0.5834331606043538, 0.5820660118819708, 0.5707857935600734]","[0.6157541252624328, 0.5742078509678945, 0.5657837142069321, 0.5559131997898881, 0.5487427642601193]","[""PE 18:1_20:4"", ""PG 18:2_20:3"", ""PG 16:1_22:4"", ""PE 20:4_20:4"", ""PG 16:0_22:5""]",0.45198311701610416,0.7322783707576139,34,0.2222222222222222,"observed channels, physical fragment envelopes only",full library molecular channel occupancy inverse square-root weight,"[""p_glycerol"", ""p_glycerol_sn1"", ""p_glycerol_sn2"", ""sn1_fragment"", ""sn1_ketene_loss"", ""sn1_loss"", ""sn2_fragment"", ""sn2_fragment_co2"", ""sn2_ketene_loss"", ""sn2_loss""]"
316,PG 18:2_20:3,PE 18:2_20:3,0.7413210205947467,0.6065940455389546,PG 16:1_22:4,0.5866230008316872,False,False,"[""PE 18:2_20:3"", ""PE 20:3_20:3"", ""PE O-18:3_20:3"", ""PE O-18:2_20:3"", ""PE O-20:3_20:3""]","[0.7413210205947467, 0.7005395377627208, 0.6971661003802074, 0.6950398133646475, 0.6949251425441912]","[0.6065940455389546, 0.5882852398537308, 0.5866230008316872, 0.5742078509678945, 0.5284031160602232]","[""PG 16:1_22:4"", ""PG 16:0_22:5"", ""PE 18:2_20:3"", ""PG 18:1_20:4"", ""PE 20:3_20:3""]",0.4368637462082297,0.7413210205947467,22,0.16176470588235295,"observed channels, physical fragment envelopes only",full library molecular channel occupancy inverse square-root weight,"[""p_glycerol"", ""p_glycerol_sn1"", ""p_glycerol_sn2"", ""sn1_fragment"", ""sn1_ketene_loss"", ""sn1_loss"", ""sn2_fragment"", ""sn2_ketene_loss"", ""sn2_loss""]"
317,PG 20:2_18:3,PE 20:2_20:2,0.635118910943005,0.8365896693643696,PE 20:0_18:3,0.3086822395500266,False,False,"[""PE 20:2_20:2"", ""PE O-20:2_20:2"", ""PE O-18:2_20:2"", ""PE O-20:1_20:2"", ""PE O-18:1_20:2""]","[0.635118910943005, 0.6317587166623417, 0.6284409382331677, 0.6269972943463712, 0.6174298500610091]","[0.8365896693643696, 0.8149025888905423, 0.7785142839204353, 0.7586820557032117, 0.757092986380409]","[""PE 20:0_18:3"", ""PE 20:1_18:3"", ""PG 20:1_18:3"", ""PG 18:0_18:3"", ""PG 18:1_18:3""]",0.5323674785833435,0.635118910943005,11,0.11702127659574468,"observed channels, physical fragment envelopes only",full library molecular channel occupancy inverse square-root weight,"[""p_glycerol"", ""p_glycerol_sn1"", ""p_glycerol_sn2"", ""sn1_fragment"", ""sn1_ketene_loss"", ""sn1_loss"", ""sn2_fragment"", ""sn2_ketene_loss"", ""sn2_loss""]"
318,PG 14:0_24:4,PG 18:2_20:2,0.7637798928749672,0.700087397511403,PG 18:2_20:2,0.700087397511403,False,False,"[""PG 18:2_20:2"", ""PG 16:1_22:3"", ""PG 16:0_22:4"", ""PG 18:1_20:3"", ""PG 18:0_20:4""]","[0.7637798928749672, 0.7381249717589871, 0.6629458089285069, 0.6247401178278315, 0.6200148987730101]","[0.700087397511403, 0.6755371483850523, 0.6619658937802632, 0.6468992271769893, 0.642741182318427]","[""PG 18:2_20:2"", ""PG 16:1_22:3"", ""PE O-16:1_24:4"", ""PE 16:0_24:4"", ""PG 16:0_22:4""]",0.7637798928749672,0.5412607987524525,7,0.04242424242424243,"observed channels, physical fragment envelopes only",full library molecular channel occupancy inverse square-root weight,"[""p_glycerol"", ""p_glycerol_sn1"", ""p_glycerol_sn2"", ""sn1_fragment"", ""sn1_ketene_loss"", ""sn1_loss"", ""sn2_fragment"", ""sn2_fragment_co2"", ""sn2_ketene_loss"", ""sn2_loss""]"
319,PG 16:0_22:4,PG 18:2_20:2,0.7623938636553828,0.8735013798769844,PG 18:2_20:2,0.8735013798769844,False,False,"[""PG 18:2_20:2"", ""PG 16:1_22:3"", ""PG 14:0_24:4"", ""PG 18:1_20:3"", ""PG 18:0_20:4""]","[0.7623938636553828, 0.7434741563539573, 0.6629458089285069, 0.6235736173524118, 0.6188078198639069]","[0.8735013798769844, 0.846392227888572, 0.7979400381456205, 0.7687817794272898, 0.642741182318427]","[""PG 18:2_20:2"", ""PG 16:1_22:3"", ""PG 18:1_20:3"", ""PG 18:0_20:4"", ""PG 14:0_24:4""]",0.7623938636553828,0.5750576839694932,7,0.04142011834319527,"observed channels, physical fragment envelopes only",full library molecular channel occupancy inverse square-root weight,"[""p_glycerol"", ""p_glycerol_sn1"", ""p_glycerol_sn2"", ""sn1_fragment"", ""sn1_ketene_loss"", ""sn1_loss"", ""sn2_fragment"", ""sn2_fragment_co2"", ""sn2_ketene_loss"", ""sn2_loss""]"
320,PG 16:1_22:3,PG 18:2_20:2,0.8489350701121507,0.9182610822031387,PG 18:2_20:2,0.9182610822031387,False,False,"[""PG 18:2_20:2"", ""PG 16:0_22:4"", ""PG 14:0_24:4"", ""PG 18:1_20:3"", ""PG 18:0_20:4""]","[0.8489350701121507, 0.7434741563539573, 0.7381249717589871, 0.6943264417746013, 0.6889818691774441]","[0.9182610822031387, 0.846392227888572, 0.8387514182842049, 0.8080135969176583, 0.6755371483850523]","[""PG 18:2_20:2"", ""PG 16:0_22:4"", ""PG 18:1_20:3"", ""PG 18:0_20:4"", ""PG 14:0_24:4""]",0.8489350701121507,0.4160782209858149,7,0.041666666666666664,"observed channels, physical fragment envelopes only",full library molecular channel occupancy inverse square-root weight,"[""p_glycerol"", ""p_glycerol_sn1"", ""p_glycerol_sn2"", ""sn1_fragment"", ""sn1_ketene_loss"", ""sn1_loss"", ""sn2_fragment"", ""sn2_ketene_loss"", ""sn2_loss""]"
321,PG 18:0_20:4,PG 18:2_20:2,0.712930238556926,0.8373795501514028,PG 18:2_20:2,0.8373795501514028,False,False,"[""PG 18:2_20:2"", ""PG 16:1_22:3"", ""PG 14:0_24:4"", ""PG 16:0_22:4"", ""PE 18:0_20:4""]","[0.712930238556926, 0.6889818691774441, 0.6200148987730101, 0.6188078198639069, 0.614887900613406]","[0.8373795501514028, 0.8080135969176583, 0.7689850758862077, 0.7687817794272898, 0.6163154143689945]","[""PG 18:2_20:2"", ""PG 16:1_22:3"", ""PG 18:1_20:3"", ""PG 16:0_22:4"", ""PG 14:0_24:4""]",0.712930238556926,0.614887900613406,28,0.16766467065868262,"observed channels, physical fragment envelopes only",full library molecular channel occupancy inverse square-root weight,"[""p_glycerol"", ""p_glycerol_sn1"", ""p_glycerol_sn2"", ""sn1_fragment"", ""sn1_ketene_loss"", ""sn1_loss"", ""sn2_fragment"", ""sn2_fragment_co2"", ""sn2_ketene_loss"", ""sn2_loss""]"
322,PG 18:1_20:3,PG 18:2_20:2,0.7232937501766656,0.8711733547405197,PG 18:2_20:2,0.8711733547405197,False,False,"[""PG 18:2_20:2"", ""PG 16:1_22:3"", ""PG 14:0_24:4"", ""PG 16:0_22:4"", ""PE 18:1_20:3""]","[0.7232937501766656, 0.6943264417746013, 0.6247401178278315, 0.6235736173524118, 0.6138097858242426]","[0.8711733547405197, 0.8387514182842049, 0.7979400381456205, 0.7689850758862077, 0.6395965421737745]","[""PG 18:2_20:2"", ""PG 16:1_22:3"", ""PG 16:0_22:4"", ""PG 18:0_20:4"", ""PG 14:0_24:4""]",0.7232937501766656,0.6138097858242426,62,0.49206349206349204,"observed channels, physical fragment envelopes only",full library molecular channel occupancy inverse square-root weight,"[""p_glycerol"", ""p_glycerol_sn1"", ""p_glycerol_sn2"", ""sn1_fragment"", ""sn1_ketene_loss"", ""sn1_loss"", ""sn2_fragment"", ""sn2_ketene_loss"", ""sn2_loss""]"
323,PG 18:2_20:2,PG 16:1_22:3,0.8489350701121507,0.9182610822031387,PG 16:1_22:3,0.9182610822031387,False,False,"[""PG 16:1_22:3"", ""PG 14:0_24:4"", ""PG 16:0_22:4"", ""PG 18:1_20:3"", ""PG 18:0_20:4""]","[0.8489350701121507, 0.7637798928749672, 0.7623938636553828, 0.7232937501766656, 0.712930238556926]","[0.9182610822031387, 0.8735013798769844, 0.8711733547405197, 0.8373795501514028, 0.700087397511403]","[""PG 16:1_22:3"", ""PG 16:0_22:4"", ""PG 18:1_20:3"", ""PG 18:0_20:4"", ""PG 14:0_24:4""]",0.8489350701121507,0.3241993663170596,7,0.041666666666666664,"observed channels, physical fragment envelopes only",full library molecular channel occupancy inverse square-root weight,"[""p_glycerol"", ""p_glycerol_sn1"", ""p_glycerol_sn2"", ""sn1_fragment"", ""sn1_ketene_loss"", ""sn1_loss"", ""sn2_fragment"", ""sn2_ketene_loss"", ""sn2_loss""]"
324,PG 20:1_18:3,PE 20:1_18:3,0.7775930923942956,0.8512493044372207,PE 20:1_18:3,0.8512493044372207,False,False,"[""PE 20:1_18:3"", ""PE 20:0_18:3"", ""PE O-18:0_20:1"", ""PE 17:0_20:1"", ""PE 18:0_20:1""]","[0.7775930923942956, 0.5646141199871605, 0.5510614954904539, 0.550876136880271, 0.549380073634916]","[0.8512493044372207, 0.8236869803056386, 0.7785142839204353, 0.7461286233078382, 0.7447248167076186]","[""PE 20:1_18:3"", ""PE 20:0_18:3"", ""PG 20:2_18:3"", ""PG 18:0_18:3"", ""PG 18:1_18:3""]",0.5364480800593442,0.7775930923942956,21,0.1826086956521739,"observed channels, physical fragment envelopes only",full library molecular channel occupancy inverse square-root weight,"[""p_glycerol"", ""p_glycerol_sn1"", ""p_glycerol_sn2"", ""sn1_fragment"", ""sn1_ketene_loss"", ""sn1_loss"", ""sn2_fragment"", ""sn2_ketene_loss"", ""sn2_loss""]"
325,PG 17:0_18:0,PG 17:0_17:0,0.5724491710343195,0.4852294257111706,PG 17:0_17:0,0.4852294257111706,False,False,"[""PG 17:0_17:0"", ""PG 18:0_18:0"", ""PE 17:0_20:0"", ""PC O-16:1_18:0"", ""PA 18:0_22:5""]","[0.5724491710343195, 0.5523251683037421, 0.5188917295091152, 0.5083807106479006, 0.5047343935860982]","[0.4852294257111706, 0.48171595589798305, 0.2926916808053139, 0.27712820072202815, 0.2503288986566813]","[""PG 17:0_17:0"", ""PE 17:0_20:0"", ""PC 17:0_17:0"", ""PG 18:0_18:0"", ""PA 18:0_22:5""]",0.5724491710343195,0.5188917295091152,45,0.42452830188679247,"observed channels, physical fragment envelopes only",full library molecular channel occupancy inverse square-root weight,"[""p_glycerol"", ""p_glycerol_sn1"", ""p_glycerol_sn2"", ""sn1_fragment"", ""sn1_ketene_loss"", ""sn1_loss"", ""sn2_fragment"", ""sn2_ketene_loss"", ""sn2_loss""]"
326,PG 17:0_18:1,PE 20:0_18:1,0.6128588447228698,0.4988044290248937,PG 18:0_17:1,0.26736451059463084,False,False,"[""PE 20:0_18:1"", ""PA 18:1_24:6"", ""PG 18:1_18:1"", ""PA 18:1_24:5"", ""PA 24:0_18:1""]","[0.6128588447228698, 0.5585285333903012, 0.510055230893496, 0.45736729820876376, 0.4522114150740164]","[0.4988044290248937, 0.26736451059463084, 0.20851006889957252, 0.20355939330497605, 0.20125667184946097]","[""PG 18:0_17:1"", ""PE 20:0_18:1"", ""PG 18:0_18:1"", ""PG 18:1_18:1"", ""PA 18:1_24:6""]",0.510055230893496,0.6128588447228698,25,0.17123287671232876,"observed channels, physical fragment envelopes only",full library molecular channel occupancy inverse square-root weight,"[""p_glycerol"", ""p_glycerol_sn1"", ""p_glycerol_sn2"", ""sn1_fragment"", ""sn1_ketene_loss"", ""sn1_loss"", ""sn2_fragment"", ""sn2_ketene_loss"", ""sn2_loss""]"
327,PG 17:0_18:2,PG 17:1_18:1,0.6317309648146852,0.9434506681676779,PG 17:1_18:1,0.9434506681676779,False,False,"[""PG 17:1_18:1"", ""PE O-20:1_18:2"", ""PE 20:0_18:2"", ""PE O-20:0_18:2"", ""PG 18:2_18:2""]","[0.6317309648146852, 0.5807932108840653, 0.5734752857201522, 0.5713518684542007, 0.5507683752434777]","[0.9434506681676779, 0.2331613622196309, 0.22789093924152592, 0.22452050296166862, 0.2237586813409418]","[""PG 17:1_18:1"", ""PE O-20:1_18:2"", ""PE 20:0_18:2"", ""PE O-20:0_18:2"", ""PE 20:1_18:2""]",0.6317309648146852,0.5807932108840653,63,0.5163934426229508,"observed channels, physical fragment envelopes only",full library molecular channel occupancy inverse square-root weight,"[""p_glycerol"", ""p_glycerol_sn1"", ""p_glycerol_sn2"", ""sn1_fragment"", ""sn1_ketene_loss"", ""sn1_loss"", ""sn2_fragment"", ""sn2_ketene_loss"", ""sn2_loss""]"
328,PG 17:0_20:0,PE 17:0_20:0,0.4714442284083667,0.3403251048831646,PE 17:0_20:0,0.3403251048831646,False,False,"[""PE 17:0_20:0"", ""PA 20:0_20:0"", ""PA 20:0_20:5"", ""PA 20:0_22:6"", ""PG 17:0_17:0""]","[0.4714442284083667, 0.37238600069726474, 0.334756135450518, 0.3344503753210598, 0.32667661965937045]","[0.3403251048831646, 0.2602762206880043, 0.2575286070594461, 0.21257782649690807, 0.19208268301908507]","[""PE 17:0_20:0"", ""PG 17:0_17:0"", ""PS 14:0_22:0"", ""PA 20:0_20:0"", ""PA 20:0_22:6""]",0.32667661965937045,0.4714442284083667,28,0.2222222222222222,"observed channels, physical fragment envelopes only",full library molecular channel occupancy inverse square-root weight,"[""p_glycerol"", ""p_glycerol_sn1"", ""p_glycerol_sn2"", ""sn1_fragment"", ""sn1_ketene_loss"", ""sn1_loss"", ""sn2_fragment"", ""sn2_ketene_loss"", ""sn2_loss""]"
329,PG 17:0_20:1,PG 20:0_17:1,0.46725613989147036,0.4848487595561545,PG 20:0_17:1,0.4848487595561545,False,False,"[""PG 20:0_17:1"", ""PE 17:0_20:1"", ""PS 14:0_22:1"", ""PE O-18:0_20:1"", ""PE 18:0_20:1""]","[0.46725613989147036, 0.31915555288184805, 0.30570375064985894, 0.27155300506506136, 0.2707244601593537]","[0.4848487595561545, 0.34270355396241153, 0.219566636061289, 0.19695981087800293, 0.1467501987621698]","[""PG 20:0_17:1"", ""PS 14:0_22:1"", ""PS 14:0_22:0"", ""PE 17:0_20:1"", ""PG 17:0_20:0""]",0.46725613989147036,0.31915555288184805,59,0.49166666666666664,"observed channels, physical fragment envelopes only",full library molecular channel occupancy inverse square-root weight,"[""p_glycerol"", ""p_glycerol_sn1"", ""p_glycerol_sn2"", ""sn1_fragment"", ""sn1_ketene_loss"", ""sn1_loss"", ""sn2_fragment"", ""sn2_ketene_loss"", ""sn2_loss""]"
330,PG 17:0_20:2,PG 17:1_20:1,0.9589290658014563,0.9875408820795119,PG 17:1_20:1,0.9875408820795119,False,False,"[""PG 17:1_20:1"", ""PS 14:0_22:2"", ""PS 14:0_22:1"", ""PS 16:1_20:1"", ""PE 17:0_20:2""]","[0.9589290658014563, 0.3777550476737976, 0.3551865080681803, 0.3206265128343652, 0.25920042403236854]","[0.9875408820795119, 0.4130175899818783, 0.37327318721362945, 0.2973672847127568, 0.16321930551285996]","[""PG 17:1_20:1"", ""PS 14:0_22:2"", ""PS 16:1_20:1"", ""PS 14:0_22:1"", ""PS 16:0_20:2""]",0.9589290658014563,0.3777550476737976,62,0.5081967213114754,"observed channels, physical fragment envelopes only",full library molecular channel occupancy inverse square-root weight,"[""p_glycerol"", ""p_glycerol_sn1"", ""p_glycerol_sn2"", ""sn1_fragment"", ""sn1_ketene_loss"", ""sn1_loss"", ""sn2_fragment"", ""sn2_ketene_loss"", ""sn2_loss""]"
331,PG 17:0_20:3,PG 17:1_20:2,0.9156445847794333,0.9788510700280812,PG 17:1_20:2,0.9788510700280812,False,False,"[""PG 17:1_20:2"", ""PS 14:0_22:2"", ""PE 17:0_20:3"", ""PS 14:0_22:3"", ""PE 20:3_20:3""]","[0.9156445847794333, 0.3718005502336878, 0.36876907119433733, 0.3622553442112871, 0.34702252497006914]","[0.9788510700280812, 0.40733567584297475, 0.36932932090462245, 0.35770065932067835, 0.3316714645981106]","[""PG 17:1_20:2"", ""PS 14:0_22:3"", ""PS 16:1_20:2"", ""PS 16:0_20:3"", ""PS 14:0_22:2""]",0.9156445847794333,0.3718005502336878,60,0.48,"observed channels, physical fragment envelopes only",full library molecular channel occupancy inverse square-root weight,"[""p_glycerol"", ""p_glycerol_sn1"", ""p_glycerol_sn2"", ""sn1_fragment"", ""sn1_ketene_loss"", ""sn1_loss"", ""sn2_fragment"", ""sn2_ketene_loss"", ""sn2_loss""]"
332,PG 17:0_20:4,PG 17:1_20:3,0.7722623339465168,0.9330170029537416,PG 17:1_20:3,0.9330170029537416,False,False,"[""PG 17:1_20:3"", ""PE 17:0_20:4"", ""PE 20:4_20:4"", ""PE O-18:2_20:4"", ""PE O-20:3_20:4""]","[0.7722623339465168, 0.536220969387383, 0.49348413212038905, 0.48291318727292265, 0.4817914981662439]","[0.9330170029537416, 0.33912241858033104, 0.3342632080531949, 0.32869738865472364, 0.3209459020714398]","[""PG 17:1_20:3"", ""PS 16:0_20:4"", ""PS 14:0_22:3"", ""PS 14:0_22:4"", ""PS 16:1_20:3""]",0.7722623339465168,0.536220969387383,60,0.46511627906976744,"observed channels, physical fragment envelopes only",full library molecular channel occupancy inverse square-root weight,"[""p_glycerol"", ""p_glycerol_sn1"", ""p_glycerol_sn2"", ""sn1_fragment"", ""sn1_ketene_loss"", ""sn1_loss"", ""sn2_fragment"", ""sn2_fragment_co2"", ""sn2_ketene_loss"", ""sn2_loss""]"
333,PG 17:0_20:5,PE 17:0_20:5,0.7108936868389557,0.8598208538444184,PG 17:1_20:4,0.4125737833977435,False,False,"[""PE 17:0_20:5"", ""PE 20:0_20:5"", ""PE 20:2_20:5"", ""PE O-18:1_20:5"", ""PE 20:1_20:5""]","[0.7108936868389557, 0.5128950006776538, 0.48035358234075715, 0.48033808375310516, 0.4800946685062597]","[0.8598208538444184, 0.4125737833977435, 0.3684335571318289, 0.3570879102227898, 0.354068043971879]","[""PG 17:1_20:4"", ""PE 17:0_20:5"", ""PE 20:0_20:5"", ""PE 20:1_20:5"", ""PE 20:2_20:5""]",0.4768023849688775,0.7108936868389557,44,0.352,"observed channels, physical fragment envelopes only",full library molecular channel occupancy inverse square-root weight,"[""p_glycerol"", ""p_glycerol_sn1"", ""p_glycerol_sn2"", ""sn1_fragment"", ""sn1_ketene_loss"", ""sn1_loss"", ""sn2_fragment"", ""sn2_fragment_co2"", ""sn2_ketene_loss"", ""sn2_loss""]"
334,PG 18:0_17:1,PE 20:0_17:1,0.7298783595909382,0.7702689191072432,PE 20:0_17:1,0.7702689191072432,False,False,"[""PE 20:0_17:1"", ""PC O-16:1_17:1"", ""PG 20:0_17:1"", ""PE 17:1_22:1"", ""PC 17:1_17:1""]","[0.7298783595909382, 0.6776211151965797, 0.6124923505467804, 0.5593137259266797, 0.5513214196443942]","[0.7702689191072432, 0.6768354282938309, 0.6691656895444223, 0.5865495239041354, 0.5443018208390584]","[""PE 20:0_17:1"", ""PG 20:0_17:1"", ""PE 17:1_22:1"", ""PE 17:1_20:1"", ""PC 14:0_17:1""]",0.6124923505467804,0.7298783595909382,11,0.07971014492753623,"observed channels, physical fragment envelopes only",full library molecular channel occupancy inverse square-root weight,"[""p_glycerol"", ""p_glycerol_sn1"", ""p_glycerol_sn2"", ""sn1_fragment"", ""sn1_ketene_loss"", ""sn1_loss"", ""sn2_fragment"", ""sn2_ketene_loss"", ""sn2_loss""]"
335,PG 17:1_18:1,PG 17:0_18:2,0.6317309648146852,0.9434506681676779,PG 17:0_18:2,0.9434506681676779,False,False,"[""PG 17:0_18:2"", ""PE 20:0_18:1"", ""PA 18:1_24:6"", ""PG 17:0_18:1"", ""PG 18:1_18:1""]","[0.6317309648146852, 0.4158021390296367, 0.3828543074979225, 0.37671038439594084, 0.3463843785471967]","[0.9434506681676779, 0.11050841802060642, 0.10502767332169546, 0.0932837749059432, 0.0810133425144417]","[""PG 17:0_18:2"", ""PG 17:0_18:1"", ""PG 18:0_17:1"", ""PE 20:0_18:1"", ""PS 16:1_18:1""]",0.6317309648146852,0.4158021390296367,63,0.5163934426229508,"observed channels, physical fragment envelopes only",full library molecular channel occupancy inverse square-root weight,"[""p_glycerol"", ""p_glycerol_sn1"", ""p_glycerol_sn2"", ""sn1_fragment"", ""sn1_ketene_loss"", ""sn1_loss"", ""sn2_fragment"", ""sn2_ketene_loss"", ""sn2_loss""]"
336,PG 17:1_18:2,PE O-20:1_18:2,0.5482473057003903,0.09776002980021438,PE O-20:1_18:2,0.09776002980021438,False,False,"[""PE O-20:1_18:2"", ""PE 20:0_18:2"", ""PE O-20:0_18:2"", ""PG 18:2_18:2"", ""PE 20:1_18:2""]","[0.5482473057003903, 0.5413391404647964, 0.5393350277036718, 0.520094215295429, 0.5138380118923462]","[0.09776002980021438, 0.09555032760703777, 0.09413708536759707, 0.09381787459454945, 0.08530394226633708]","[""PE O-20:1_18:2"", ""PE 20:0_18:2"", ""PE O-20:0_18:2"", ""PE 20:1_18:2"", ""PE 18:2_20:3""]",0.520094215295429,0.5482473057003903,13,0.12380952380952381,"observed channels, physical fragment envelopes only",full library molecular channel occupancy inverse square-root weight,"[""p_glycerol"", ""p_glycerol_sn1"", ""p_glycerol_sn2"", ""sn1_fragment"", ""sn1_ketene_loss"", ""sn1_loss"", ""sn2_fragment"", ""sn2_ketene_loss"", ""sn2_loss""]"
337,PG 20:0_17:1,PE 20:0_17:1,0.8238355577935433,0.8289266400365557,PE 20:0_17:1,0.8289266400365557,False,False,"[""PE 20:0_17:1"", ""PC O-16:1_17:1"", ""PG 18:0_17:1"", ""PE 17:1_22:1"", ""PC 17:1_17:1""]","[0.8238355577935433, 0.6399840785006208, 0.6124923505467804, 0.5276415079579431, 0.5200698338881237]","[0.8289266400365557, 0.6854194516910033, 0.6768354282938309, 0.6044524620263785, 0.5573317456346363]","[""PE 20:0_17:1"", ""PE 17:1_22:1"", ""PG 18:0_17:1"", ""PE 17:1_20:1"", ""PC 14:0_17:1""]",0.6124923505467804,0.8238355577935433,27,0.2288135593220339,"observed channels, physical fragment envelopes only",full library molecular channel occupancy inverse square-root weight,"[""p_glycerol"", ""p_glycerol_sn1"", ""p_glycerol_sn2"", ""sn1_fragment"", ""sn1_ketene_loss"", ""sn1_loss"", ""sn2_fragment"", ""sn2_ketene_loss"", ""sn2_loss""]"
338,PG 17:1_20:1,PG 17:0_20:2,0.9589290658014563,0.9875408820795119,PG 17:0_20:2,0.9875408820795119,False,False,"[""PG 17:0_20:2"", ""PS 14:0_22:2"", ""PS 14:0_22:1"", ""PS 16:1_20:1"", ""PG 17:0_20:1""]","[0.9589290658014563, 0.3906064558451058, 0.36727004682924513, 0.34935183167190564, 0.13576881935295715]","[0.9875408820795119, 0.4170703303568553, 0.38201999157692845, 0.30028514022815833, 0.15722634534531885]","[""PG 17:0_20:2"", ""PS 14:0_22:2"", ""PS 16:1_20:1"", ""PS 14:0_22:1"", ""PS 16:0_20:2""]",0.9589290658014563,0.3906064558451058,62,0.5081967213114754,"observed channels, physical fragment envelopes only",full library molecular channel occupancy inverse square-root weight,"[""p_glycerol"", ""p_glycerol_sn1"", ""p_glycerol_sn2"", ""sn1_fragment"", ""sn1_ketene_loss"", ""sn1_loss"", ""sn2_fragment"", ""sn2_ketene_loss"", ""sn2_loss""]"
339,PG 17:1_20:2,PG 17:0_20:3,0.9156445847794333,0.9788510700280812,PG 17:0_20:3,0.9788510700280812,False,False,"[""PG 17:0_20:3"", ""PS 14:0_22:2"", ""PS 14:0_22:3"", ""PS 16:1_20:2"", ""PS 16:1_20:1""]","[0.9156445847794333, 0.39584227510161785, 0.3856799183064428, 0.34781895096657905, 0.3354286427841876]","[0.9788510700280812, 0.41338401932143304, 0.3798390850226313, 0.3555035888369839, 0.33659624084708845]","[""PG 17:0_20:3"", ""PS 14:0_22:3"", ""PS 16:1_20:2"", ""PS 16:0_20:3"", ""PS 14:0_22:2""]",0.9156445847794333,0.39584227510161785,60,0.48,"observed channels, physical fragment envelopes only",full library molecular channel occupancy inverse square-root weight,"[""p_glycerol"", ""p_glycerol_sn1"", ""p_glycerol_sn2"", ""sn1_fragment"", ""sn1_ketene_loss"", ""sn1_loss"", ""sn2_fragment"", ""sn2_ketene_loss"", ""sn2_loss""]"
340,PG 17:1_20:3,PG 17:0_20:4,0.7722623339465168,0.9330170029537416,PG 17:0_20:4,0.9330170029537416,False,False,"[""PG 17:0_20:4"", ""PS 16:1_20:3"", ""PE 17:1_20:3"", ""PS 14:0_22:3"", ""PE 20:3_20:3""]","[0.7722623339465168, 0.39887828968139516, 0.39659503191755, 0.3687906039951825, 0.3679604137797084]","[0.9330170029537416, 0.3444146888712283, 0.34061889157285924, 0.3386798050534976, 0.33696498557097915]","[""PG 17:0_20:4"", ""PS 14:0_22:3"", ""PS 16:1_20:3"", ""PS 14:0_22:4"", ""PS 16:0_20:4""]",0.7722623339465168,0.39887828968139516,60,0.46511627906976744,"observed channels, physical fragment envelopes only",full library molecular channel occupancy inverse square-root weight,"[""p_glycerol"", ""p_glycerol_sn1"", ""p_glycerol_sn2"", ""sn1_fragment"", ""sn1_ketene_loss"", ""sn1_loss"", ""sn2_fragment"", ""sn2_ketene_loss"", ""sn2_loss""]"
341,PG 17:1_20:4,PE 17:1_20:4,0.7051431660870244,0.8598208538444184,PG 17:0_20:5,0.3062001448306739,False,False,"[""PE 17:1_20:4"", ""PE 20:4_20:4"", ""PE O-18:2_20:4"", ""PE O-20:3_20:4"", ""PE O-20:2_20:4""]","[0.7051431660870244, 0.6273996934405859, 0.6140030441515878, 0.6124978164855663, 0.6007049490468112]","[0.8598208538444184, 0.3062001448306739, 0.29797910238866004, 0.2872241478092885, 0.27804993637128117]","[""PG 17:0_20:5"", ""PE 17:1_20:4"", ""PS 16:1_20:4"", ""PS 16:0_20:4"", ""PS 14:0_22:4""]",0.4768023849688775,0.7051431660870244,29,0.20863309352517986,"observed channels, physical fragment envelopes only",full library molecular channel occupancy inverse square-root weight,"[""p_glycerol"", ""p_glycerol_sn1"", ""p_glycerol_sn2"", ""sn1_fragment"", ""sn1_ketene_loss"", ""sn1_loss"", ""sn2_fragment"", ""sn2_fragment_co2"", ""sn2_ketene_loss"", ""sn2_loss""]"
342,PG 17:0_17:0,PE 17:0_20:0,0.8460604600250419,0.8080143208829804,PE 17:0_20:0,0.8080143208829804,False,False,"[""PE 17:0_20:0"", ""PC 17:0_17:0"", ""PC O-16:1_17:0"", ""PC O-16:0_17:0"", ""PG 17:0_18:0""]","[0.8460604600250419, 0.778848365646638, 0.6978043265842433, 0.6374616781626634, 0.5724491710343195]","[0.8080143208829804, 0.4909522710481246, 0.4852294257111706, 0.4245325261226647, 0.4083300647171838]","[""PE 17:0_20:0"", ""PC 17:0_17:0"", ""PG 17:0_18:0"", ""PG 14:0_20:0"", ""PC O-16:1_17:0""]",0.5724491710343195,0.8460604600250419,9,0.08571428571428572,"observed channels, physical fragment envelopes only",full library molecular channel occupancy inverse square-root weight,"[""p_glycerol"", ""p_glycerol_sn1"", ""p_glycerol_sn2"", ""sn1_fragment"", ""sn1_ketene_loss"", ""sn1_loss"", ""sn2_fragment"", ""sn2_ketene_loss"", ""sn2_loss""]"
343,PC 14:0_18:0,PC 14:0_18:1,0.35029453455577125,0.6182807055917421,PC 16:0_16:0,0.2853178235858329,False,False,"[""PC 14:0_18:1"", ""PC 14:0_20:0"", ""PG 18:0_18:0"", ""PC 16:0_16:0"", ""PC 14:0_17:1""]","[0.35029453455577125, 0.32061494976377325, 0.31235494482894344, 0.3052802403444414, 0.29887992732314506]","[0.6182807055917421, 0.2853178235858329, 0.23109002018393687, 0.1945425095232372, 0.14149310766148837]","[""PC 16:0_16:0"", ""PC 14:0_18:1"", ""PC 14:0_17:1"", ""PC 14:0_20:0"", ""PC 14:0_20:1""]",0.35029453455577125,0.31235494482894344,84,0.6363636363636364,"observed channels, physical fragment envelopes only",full library molecular channel occupancy inverse square-root weight,"[""[M-CH3]-"", ""[M-CH3]-sn1_fatty_acid"", ""[M-CH3]-sn1_ketene"", ""[M-CH3]-sn2_fatty_acid"", ""[M-CH3]-sn2_ketene"", ""ch3hac_loss"", ""ch3x_loss"", ""sn1_fatty_acid"", ""sn1_fatty_acid_minus_CO2"", ""sn1_fragment"", ""sn1_ketene_loss"", ""sn1_loss"", ""sn2_fatty_acid"", ""sn2_fatty_acid_minus_CO2"", ""sn2_fragment"", ""sn2_ketene_loss"", ""sn2_loss""]"
344,PC 14:0_18:1,PE 20:0_18:1,0.5253398948051303,0.7604352690385279,PC 16:0_16:1,0.2033024940432302,False,False,"[""PE 20:0_18:1"", ""PA 18:1_24:6"", ""PC 16:0_16:1"", ""PC 18:0_14:1"", ""PG 18:1_18:1""]","[0.5253398948051303, 0.47567710312099926, 0.4683547013624626, 0.43886441291473727, 0.4365244576122878]","[0.7604352690385279, 0.4360864428416749, 0.2853178235858329, 0.20519915614309914, 0.2033024940432302]","[""PC 16:0_16:1"", ""PC 18:0_14:1"", ""PC 14:0_18:0"", ""PC 14:0_17:1"", ""PE 20:0_18:1""]",0.4683547013624626,0.5253398948051303,22,0.14012738853503184,"observed channels, physical fragment envelopes only",full library molecular channel occupancy inverse square-root weight,"[""[M-CH3]-"", ""[M-CH3]-sn1_fatty_acid"", ""[M-CH3]-sn1_ketene"", ""[M-CH3]-sn2_fatty_acid"", ""[M-CH3]-sn2_ketene"", ""ch3hac_loss"", ""ch3x_loss"", ""sn1_fatty_acid"", ""sn1_fatty_acid_minus_CO2"", ""sn1_fragment"", ""sn1_ketene_loss"", ""sn1_loss"", ""sn2_fatty_acid"", ""sn2_fatty_acid_minus_CO2"", ""sn2_fragment"", ""sn2_ketene_loss"", ""sn2_loss""]"
345,PC 16:0_16:0,PA 16:0_24:4,0.7161784380540721,0.6182807055917421,PC 14:0_18:0,0.4586021852118378,False,False,"[""PA 16:0_24:4"", ""PA 16:0_24:5"", ""PA 16:0_24:1"", ""PG 16:0_18:0"", ""PC 16:0_18:0""]","[0.7161784380540721, 0.7091394528902606, 0.6175363953253018, 0.48100844471649806, 0.4585814546017812]","[0.6182807055917421, 0.4586021852118378, 0.4323085790895172, 0.33751408164405416, 0.3268709045819692]","[""PC 14:0_18:0"", ""PA 16:0_24:4"", ""PA 16:0_24:5"", ""PE 16:0_22:2"", ""PE 16:0_22:1""]",0.4585814546017812,0.7161784380540721,17,0.15178571428571427,"observed channels, physical fragment envelopes only",full library molecular channel occupancy inverse square-root weight,"[""[M-CH3]-"", ""[M-CH3]-sn1_fatty_acid"", ""[M-CH3]-sn1_ketene"", ""ch3hac_loss"", ""ch3x_loss"", ""sn1_fatty_acid"", ""sn1_fragment"", ""sn1_ketene_loss"", ""sn1_loss"", ""sn2_fragment"", ""sn2_ketene_loss"", ""sn2_loss""]"
346,PC 16:0_16:1,PC 18:0_14:1,0.5002719085144944,0.7604352690385279,PC 14:0_18:1,0.45730666834964084,False,False,"[""PC 18:0_14:1"", ""PC 14:0_18:1"", ""PC 16:0_16:0"", ""PE 22:0_16:1"", ""PG 20:0_16:1""]","[0.5002719085144944, 0.4683547013624626, 0.456277153218874, 0.4184531292302051, 0.3979019187211283]","[0.7604352690385279, 0.45730666834964084, 0.33333849873935073, 0.2959689001222176, 0.2871115206399073]","[""PC 14:0_18:1"", ""PC 18:0_14:1"", ""PG 20:0_16:1"", ""PE 22:0_16:1"", ""PE 16:1_22:1""]",0.5002719085144944,0.4184531292302051,10,0.06060606060606061,"observed channels, physical fragment envelopes only",full library molecular channel occupancy inverse square-root weight,"[""[M-CH3]-"", ""[M-CH3]-sn1_fatty_acid"", ""[M-CH3]-sn1_ketene"", ""[M-CH3]-sn2_fatty_acid"", ""[M-CH3]-sn2_ketene"", ""ch3hac_loss"", ""ch3x_loss"", ""sn1_fatty_acid"", ""sn1_fatty_acid_minus_CO2"", ""sn1_fragment"", ""sn1_ketene_loss"", ""sn1_loss"", ""sn2_fatty_acid"", ""sn2_fatty_acid_minus_CO2"", ""sn2_fragment"", ""sn2_ketene_loss"", ""sn2_loss""]"
347,PC 14:0_17:1,PE 20:0_17:1,0.6078651616533075,0.6349158448455706,PE 20:0_17:1,0.6349158448455706,False,False,"[""PE 20:0_17:1"", ""PC O-16:1_17:1"", ""PG 18:0_17:1"", ""PG 20:0_17:1"", ""PE 17:1_22:1""]","[0.6078651616533075, 0.5643438529464383, 0.5404144401205683, 0.5096328016308496, 0.46581379340716067]","[0.6349158448455706, 0.5573317456346363, 0.5515788024096939, 0.5443018208390584, 0.48348017720142206]","[""PE 20:0_17:1"", ""PG 20:0_17:1"", ""PE 17:1_22:1"", ""PG 18:0_17:1"", ""PE 17:1_20:1""]",0.5643438529464383,0.6078651616533075,12,0.08888888888888889,"observed channels, physical fragment envelopes only",full library molecular channel occupancy inverse square-root weight,"[""[M-CH3]-"", ""[M-CH3]-sn1_fatty_acid"", ""[M-CH3]-sn1_ketene"", ""[M-CH3]-sn2_fatty_acid"", ""[M-CH3]-sn2_ketene"", ""ch3hac_loss"", ""ch3x_loss"", ""sn1_fatty_acid"", ""sn1_fatty_acid_minus_CO2"", ""sn1_fragment"", ""sn1_ketene_loss"", ""sn1_loss"", ""sn2_fatty_acid"", ""sn2_fatty_acid_minus_CO2"", ""sn2_fragment"", ""sn2_ketene_loss"", ""sn2_loss""]"
348,PC O-16:0_16:1,PE 22:0_16:1,0.5127098678117242,0.4814063248349985,PG 20:0_16:1,0.4274342379113627,False,False,"[""PE 22:0_16:1"", ""PG 20:0_16:1"", ""PC O-16:1_16:1"", ""PE 16:1_22:1"", ""PC 16:1_16:1""]","[0.5127098678117242, 0.4875281528839262, 0.4832764718002379, 0.4160759675953535, 0.41283627618524643]","[0.4814063248349985, 0.4274342379113627, 0.41968903736045027, 0.4146425080765507, 0.3647527805523526]","[""PG 20:0_16:1"", ""PE 22:0_16:1"", ""PC O-16:1_16:1"", ""PE 16:1_22:1"", ""PE 16:1_22:2""]",0.4832764718002379,0.5127098678117242,8,0.10256410256410256,"observed channels, physical fragment envelopes only",full library molecular channel occupancy inverse square-root weight,"[""ch3hac_loss"", ""ch3x_loss"", ""sn2_fragment"", ""sn2_ketene_loss"", ""sn2_loss""]"
349,PC O-16:1_16:1,PE 22:0_16:1,0.6025974263171823,0.5833839248374464,PG 20:0_16:1,0.517619852829686,False,False,"[""PE 22:0_16:1"", ""PG 20:0_16:1"", ""PE 16:1_22:1"", ""PC 16:1_16:1"", ""PC O-16:0_16:1""]","[0.6025974263171823, 0.5733976898716558, 0.48902181988332927, 0.4852147416956563, 0.4832764718002379]","[0.5833839248374464, 0.517619852829686, 0.5021291124847364, 0.44171296030537865, 0.41968903736045027]","[""PG 20:0_16:1"", ""PE 22:0_16:1"", ""PE 16:1_22:1"", ""PE 16:1_22:2"", ""PC O-16:0_16:1""]",0.4852147416956563,0.6025974263171823,8,0.10256410256410256,"observed channels, physical fragment envelopes only",full library molecular channel occupancy inverse square-root weight,"[""ch3hac_loss"", ""ch3x_loss"", ""sn2_fragment"", ""sn2_ketene_loss"", ""sn2_loss""]"
350,PC O-16:1_18:0,PG 18:0_18:0,0.7773785213594855,0.18518672193552,PG 18:0_18:0,0.18518672193552,False,False,"[""PG 18:0_18:0"", ""PE 18:0_20:0"", ""PA 18:0_22:5"", ""PA 18:0_24:6"", ""PA 18:0_24:5""]","[0.7773785213594855, 0.698471401348432, 0.696496847026458, 0.6892214454237496, 0.6525149286194717]","[0.18518672193552, 0.16204442852632472, 0.1308825074032457, 0.1263133413878818, 0.11621293233059117]","[""PG 18:0_18:0"", ""PA 18:0_22:5"", ""PA 18:0_22:4"", ""PE 18:0_20:0"", ""PA 18:0_24:5""]",0.28845519731177827,0.7773785213594855,13,0.16049382716049382,"observed channels, physical fragment envelopes only",full library molecular channel occupancy inverse square-root weight,"[""ch3x_loss"", ""sn2_fragment"", ""sn2_ketene_loss"", ""sn2_loss""]"
351,PC O-16:1_18:1,PE 20:0_18:1,0.5463444179295057,0.20164632997892254,PC O-16:1_18:2,0.08092760505931447,False,False,"[""PE 20:0_18:1"", ""PA 18:1_24:6"", ""PG 18:1_18:1"", ""PG 17:0_18:1"", ""PA 18:1_24:5""]","[0.5463444179295057, 0.4947370362438496, 0.45399808958689447, 0.40990734569747656, 0.4045442813839367]","[0.20164632997892254, 0.0829407022091708, 0.08092760505931447, 0.06300260407622026, 0.06140204915864328]","[""PC O-16:1_18:2"", ""PC O-16:1_18:0"", ""PE 20:0_18:1"", ""PG 18:0_18:1"", ""PG 18:1_18:1""]",0.3926841754132712,0.5463444179295057,16,0.1797752808988764,"observed channels, physical fragment envelopes only",full library molecular channel occupancy inverse square-root weight,"[""ch3x_loss"", ""sn2_fragment"", ""sn2_ketene_loss"", ""sn2_loss""]"
352,PC O-16:1_18:2,PE O-20:1_18:2,0.3829831521482647,0.20164632997892254,PC O-16:1_18:1,0.1474275055371929,False,False,"[""PE O-20:1_18:2"", ""PE 20:0_18:2"", ""PE O-20:0_18:2"", ""PG 18:2_18:2"", ""PE 20:1_18:2""]","[0.3829831521482647, 0.37815667613844417, 0.37675739913211215, 0.36277715037150227, 0.3589445261328603]","[0.20164632997892254, 0.1474275055371929, 0.14409460349269465, 0.1419639059319847, 0.14148116549877676]","[""PC O-16:1_18:1"", ""PE O-20:1_18:2"", ""PE 20:0_18:2"", ""PE O-20:0_18:2"", ""PE 20:1_18:2""]",0.2545622445674314,0.3829831521482647,12,0.21052631578947367,"observed channels, physical fragment envelopes only",full library molecular channel occupancy inverse square-root weight,"[""ch3x_loss"", ""sn2_fragment"", ""sn2_ketene_loss"", ""sn2_loss""]"
353,PC O-16:1_17:0,PG 17:0_17:0,0.6978043265842433,0.7821692819462192,PC O-16:0_17:1,0.4083300647171838,False,False,"[""PG 17:0_17:0"", ""PE 17:0_20:0"", ""PC 17:0_17:0"", ""PC O-16:0_17:1"", ""PC O-16:0_17:0""]","[0.6978043265842433, 0.6345647496380726, 0.5841541540945672, 0.5421983305165253, 0.5299579747544342]","[0.7821692819462192, 0.4083300647171838, 0.40796238015790726, 0.26235627119252547, 0.2478793482228677]","[""PC O-16:0_17:1"", ""PG 17:0_17:0"", ""PE 17:0_20:0"", ""PC O-16:0_17:0"", ""PC 17:0_17:0""]",0.5841541540945672,0.6978043265842433,9,0.1125,"observed channels, physical fragment envelopes only",full library molecular channel occupancy inverse square-root weight,"[""ch3hac_loss"", ""ch3x_loss"", ""sn2_fragment"", ""sn2_ketene_loss"", ""sn2_loss""]"
354,PC O-16:0_17:1,PC O-16:1_17:1,0.5572439566497587,0.7821692819462192,PC O-16:1_17:0,0.36131895843106254,False,False,"[""PC O-16:1_17:1"", ""PE 20:0_17:1"", ""PC O-16:1_17:0"", ""PG 18:0_17:1"", ""PG 20:0_17:1""]","[0.5572439566497587, 0.5542073352623871, 0.5421983305165253, 0.4925654380959025, 0.46464828168349154]","[0.7821692819462192, 0.4516814556373956, 0.396490795721448, 0.39239517748568925, 0.3870929260022312]","[""PC O-16:1_17:0"", ""PE 20:0_17:1"", ""PG 20:0_17:1"", ""PE 17:1_22:1"", ""PG 18:0_17:1""]",0.5572439566497587,0.5542073352623871,22,0.44,"observed channels, physical fragment envelopes only",full library molecular channel occupancy inverse square-root weight,"[""ch3hac_loss"", ""ch3x_loss"", ""sn2_fragment"", ""sn2_ketene_loss"", ""sn2_loss""]"
355,PC O-16:0_17:0,PG 17:0_17:0,0.6374616781626634,0.3688807799132459,PG 17:0_17:0,0.3688807799132459,False,False,"[""PG 17:0_17:0"", ""PE 17:0_20:0"", ""PC 17:0_17:0"", ""PC O-16:1_17:0"", ""PG 17:0_18:0""]","[0.6374616781626634, 0.5796908403396389, 0.533639416736349, 0.5299579747544342, 0.3909571534276188]","[0.3688807799132459, 0.368548656315933, 0.26235627119252547, 0.2239314144542189, 0.21991613647093988]","[""PG 17:0_17:0"", ""PE 17:0_20:0"", ""PC O-16:1_17:0"", ""PC 17:0_17:0"", ""PG 17:0_18:0""]",0.533639416736349,0.6374616781626634,9,0.11688311688311688,"observed channels, physical fragment envelopes only",full library molecular channel occupancy inverse square-root weight,"[""ch3hac_loss"", ""sn2_fragment"", ""sn2_ketene_loss"", ""sn2_loss""]"
356,PC O-16:1_17:1,PE 20:0_17:1,0.7624217861725603,0.6141450053625985,PE 20:0_17:1,0.6141450053625985,False,False,"[""PE 20:0_17:1"", ""PG 18:0_17:1"", ""PG 20:0_17:1"", ""PE 17:1_22:1"", ""PC 17:1_17:1""]","[0.7624217861725603, 0.6776211151965797, 0.6399840785006208, 0.5842524506410715, 0.5759013237933047]","[0.6141450053625985, 0.5408119274189817, 0.5335343610849568, 0.526324866479624, 0.46766340552416746]","[""PE 20:0_17:1"", ""PG 20:0_17:1"", ""PE 17:1_22:1"", ""PG 18:0_17:1"", ""PE 17:1_20:1""]",0.5759013237933047,0.7624217861725603,18,0.225,"observed channels, physical fragment envelopes only",full library molecular channel occupancy inverse square-root weight,"[""ch3hac_loss"", ""sn2_fragment"", ""sn2_ketene_loss"", ""sn2_loss""]"
357,PC 14:0_18:2,PE O-20:1_18:2,0.5375980922793574,0.8464077840026697,PC 16:1_16:1,0.23907148720674895,False,False,"[""PE O-20:1_18:2"", ""PE 20:0_18:2"", ""PE O-20:0_18:2"", ""PC 16:1_16:1"", ""PG 18:2_18:2""]","[0.5375980922793574, 0.5308231712853965, 0.5288589276483303, 0.5235942532057797, 0.5092347178787305]","[0.8464077840026697, 0.23907148720674895, 0.23366681339218467, 0.23021160138357058, 0.22945905542658754]","[""PC 16:1_16:1"", ""PE O-20:1_18:2"", ""PE 20:0_18:2"", ""PE O-20:0_18:2"", ""PE 20:1_18:2""]",0.5235942532057797,0.5375980922793574,12,0.11009174311926606,"observed channels, physical fragment envelopes only",full library molecular channel occupancy inverse square-root weight,"[""[M-CH3]-"", ""[M-CH3]-sn1_fatty_acid"", ""[M-CH3]-sn1_ketene"", ""[M-CH3]-sn2_fatty_acid"", ""[M-CH3]-sn2_ketene"", ""sn1_fatty_acid"", ""sn1_fatty_acid_minus_CO2"", ""sn2_fatty_acid"", ""sn2_fatty_acid_minus_CO2""]"
358,PC 14:0_20:0,PC 16:0_18:0,0.6497545485858924,0.8763281772894154,PC 16:0_18:0,0.8763281772894154,False,False,"[""PC 16:0_18:0"", ""PC 17:0_17:0"", ""PC 14:0_18:0"", ""PA 20:0_20:0"", ""PC 14:0_18:1""]","[0.6497545485858924, 0.4636765188993185, 0.32061494976377325, 0.2740685964320726, 0.26608706840327667]","[0.8763281772894154, 0.7606409872859026, 0.1945425095232372, 0.19368929975790042, 0.1831181664586358]","[""PC 16:0_18:0"", ""PC 17:0_17:0"", ""PC 14:0_18:0"", ""PC 14:0_20:1"", ""PC 14:0_17:1""]",0.6497545485858924,0.2740685964320726,6,0.0375,"observed channels, physical fragment envelopes only",full library molecular channel occupancy inverse square-root weight,"[""[M-CH3]-"", ""[M-CH3]-sn1_fatty_acid"", ""[M-CH3]-sn1_ketene"", ""[M-CH3]-sn2_fatty_acid"", ""[M-CH3]-sn2_ketene"", ""sn1_fatty_acid"", ""sn1_fatty_acid_minus_CO2"", ""sn2_fatty_acid"", ""sn2_fatty_acid_minus_CO2""]"
359,PC 14:0_20:1,PE O-18:0_20:1,0.6068571073545016,0.8428272308478801,PC 16:0_18:1,0.25568537774154304,False,False,"[""PE O-18:0_20:1"", ""PE 17:0_20:1"", ""PE 18:0_20:1"", ""PE O-20:1_20:1"", ""PE O-18:1_20:1""]","[0.6068571073545016, 0.6066522497250976, 0.6050054651572758, 0.5962080401932601, 0.5720356229103333]","[0.8428272308478801, 0.7797962555447213, 0.7505165112871799, 0.4739664064425035, 0.2656353282366589]","[""PC 16:0_18:1"", ""PC 18:0_16:1"", ""PC 17:0_17:1"", ""PC 20:0_14:1"", ""PE 17:0_20:1""]",0.4777580009686474,0.6068571073545016,12,0.13043478260869565,"observed channels, physical fragment envelopes only",full library molecular channel occupancy inverse square-root weight,"[""[M-CH3]-"", ""[M-CH3]-sn1_fatty_acid"", ""[M-CH3]-sn1_ketene"", ""[M-CH3]-sn2_fatty_acid"", ""[M-CH3]-sn2_ketene"", ""sn1_fatty_acid"", ""sn1_fatty_acid_minus_CO2"", ""sn2_fatty_acid"", ""sn2_fatty_acid_minus_CO2""]"
360,PC 14:0_20:2,PC 14:1_20:1,0.6039971833588734,0.9076892361094671,PC 16:1_18:1,0.7759496037070549,False,False,"[""PC 14:1_20:1"", ""PC 16:1_18:1"", ""PE 20:2_20:2"", ""PE O-20:2_20:2"", ""PE O-18:2_20:2""]","[0.6039971833588734, 0.5959839912112094, 0.5823025466869668, 0.5791823822197902, 0.5761406658190859]","[0.9076892361094671, 0.8857471050534619, 0.832871541179315, 0.7759496037070549, 0.21114249921566028]","[""PC 16:1_18:1"", ""PC 16:0_18:2"", ""PC 17:1_17:1"", ""PC 14:1_20:1"", ""PE 20:2_20:2""]",0.6039971833588734,0.5823025466869668,51,0.4811320754716981,"observed channels, physical fragment envelopes only",full library molecular channel occupancy inverse square-root weight,"[""[M-CH3]-"", ""[M-CH3]-sn1_fatty_acid"", ""[M-CH3]-sn1_ketene"", ""[M-CH3]-sn2_fatty_acid"", ""[M-CH3]-sn2_ketene"", ""sn1_fatty_acid"", ""sn1_fatty_acid_minus_CO2"", ""sn2_fatty_acid"", ""sn2_fatty_acid_minus_CO2""]"
361,PC 14:0_20:3,PE 20:3_20:3,0.7441651283707638,0.9492396734539257,PC 16:1_18:2,0.21287468013724253,False,False,"[""PE 20:3_20:3"", ""PE O-18:3_20:3"", ""PE O-18:2_20:3"", ""PE O-20:3_20:3"", ""PE O-20:2_20:3""]","[0.7441651283707638, 0.7404105611390718, 0.7381524004485976, 0.7380306611727789, 0.7372913765113982]","[0.9492396734539257, 0.21287468013724253, 0.21202073359274431, 0.2115829189765696, 0.210844060777295]","[""PC 16:1_18:2"", ""PE 20:3_20:3"", ""PE O-18:2_20:3"", ""PE O-18:3_20:3"", ""PE O-20:3_20:3""]",0.49342468200591766,0.7441651283707638,10,0.09803921568627451,"observed channels, physical fragment envelopes only",full library molecular channel occupancy inverse square-root weight,"[""[M-CH3]-"", ""[M-CH3]-sn1_fatty_acid"", ""[M-CH3]-sn1_ketene"", ""[M-CH3]-sn2_fatty_acid"", ""[M-CH3]-sn2_ketene"", ""sn1_fatty_acid"", ""sn1_fatty_acid_minus_CO2"", ""sn2_fatty_acid"", ""sn2_fatty_acid_minus_CO2""]"
362,PC 14:0_20:4,PE 20:4_20:4,0.7728249883047787,0.17004249901148466,PE 20:4_20:4,0.17004249901148466,False,False,"[""PE 20:4_20:4"", ""PE O-18:2_20:4"", ""PE O-20:3_20:4"", ""PE O-20:2_20:4"", ""PE O-18:1_20:4""]","[0.7728249883047787, 0.7560236423477377, 0.7540325460607316, 0.7396744835411958, 0.7359563754641643]","[0.17004249901148466, 0.16527484408569712, 0.16238574564132083, 0.16135858401786515, 0.16074434949406222]","[""PE 20:4_20:4"", ""PE O-20:3_20:4"", ""PE O-20:2_20:4"", ""PE 20:2_20:4"", ""PE 20:3_20:4""]",0.12082198299565577,0.7728249883047787,21,0.2,"observed channels, physical fragment envelopes only",full library molecular channel occupancy inverse square-root weight,"[""[M-CH3]-"", ""[M-CH3]-sn1_fatty_acid"", ""[M-CH3]-sn1_ketene"", ""[M-CH3]-sn2_fatty_acid"", ""[M-CH3]-sn2_ketene"", ""sn1_fatty_acid"", ""sn1_fatty_acid_minus_CO2"", ""sn2_fatty_acid"", ""sn2_fatty_acid_minus_CO2""]"
363,PC 14:1_17:1,PE 20:0_17:1,0.34951448932644835,0.6164275486834017,PC 18:0_14:1,0.26648684201760275,False,False,"[""PE 20:0_17:1"", ""PC O-16:1_17:1"", ""PG 18:0_17:1"", ""PC 14:0_17:1"", ""PG 20:0_17:1""]","[0.34951448932644835, 0.32449031419482544, 0.3106408222660513, 0.30298501340358774, 0.29303218862786]","[0.6164275486834017, 0.61239399674632, 0.4017069294038594, 0.26648684201760275, 0.2626626970240663]","[""PC 18:0_14:1"", ""PC 20:0_14:1"", ""PC 14:1_20:1"", ""PE 20:0_17:1"", ""PS 18:0_18:2""]",0.32449031419482544,0.34951448932644835,14,0.10526315789473684,"observed channels, physical fragment envelopes only",full library molecular channel occupancy inverse square-root weight,"[""[M-CH3]-"", ""[M-CH3]-sn1_fatty_acid"", ""[M-CH3]-sn1_ketene"", ""[M-CH3]-sn2_fatty_acid"", ""[M-CH3]-sn2_ketene"", ""sn1_fatty_acid"", ""sn1_fatty_acid_minus_CO2"", ""sn2_fatty_acid"", ""sn2_fatty_acid_minus_CO2""]"
364,PC 18:0_14:1,PC 16:0_16:1,0.5002719085144944,0.7277102650437183,PC 20:0_14:1,0.45730666834964084,False,False,"[""PC 16:0_16:1"", ""PC 14:0_18:1"", ""PC 20:0_14:1"", ""PG 18:0_18:0"", ""PC O-16:1_18:0""]","[0.5002719085144944, 0.43886441291473727, 0.430119296961445, 0.29350103632297353, 0.2710502383059913]","[0.7277102650437183, 0.6164275486834017, 0.4771988840519449, 0.45730666834964084, 0.4360864428416749]","[""PC 20:0_14:1"", ""PC 14:1_17:1"", ""PC 14:1_20:1"", ""PC 16:0_16:1"", ""PC 14:0_18:1""]",0.5002719085144944,0.29350103632297353,10,0.06060606060606061,"observed channels, physical fragment envelopes only",full library molecular channel occupancy inverse square-root weight,"[""[M-CH3]-"", ""[M-CH3]-sn1_fatty_acid"", ""[M-CH3]-sn1_ketene"", ""[M-CH3]-sn2_fatty_acid"", ""[M-CH3]-sn2_ketene"", ""sn1_fatty_acid"", ""sn1_fatty_acid_minus_CO2"", ""sn2_fatty_acid"", ""sn2_fatty_acid_minus_CO2""]"
365,PC 20:0_14:1,PC 14:0_20:1,0.4777580009686474,0.7277102650437183,PC 18:0_14:1,0.4739664064425035,False,False,"[""PC 14:0_20:1"", ""PC 17:0_17:1"", ""PC 18:0_16:1"", ""PC 16:0_18:1"", ""PC 18:0_14:1""]","[0.4777580009686474, 0.46668930465421943, 0.46597434917524494, 0.4583518718587923, 0.430119296961445]","[0.7277102650437183, 0.61239399674632, 0.5102283120641659, 0.4804069202554294, 0.4739664064425035]","[""PC 18:0_14:1"", ""PC 14:1_17:1"", ""PC 14:1_20:1"", ""PC 16:0_18:1"", ""PC 14:0_20:1""]",0.4777580009686474,0.2984140441999523,50,0.4854368932038835,"observed channels, physical fragment envelopes only",full library molecular channel occupancy inverse square-root weight,"[""[M-CH3]-"", ""[M-CH3]-sn1_fatty_acid"", ""[M-CH3]-sn1_ketene"", ""[M-CH3]-sn2_fatty_acid"", ""[M-CH3]-sn2_ketene"", ""sn1_fatty_acid"", ""sn1_fatty_acid_minus_CO2"", ""sn2_fatty_acid"", ""sn2_fatty_acid_minus_CO2""]"
366,PC 14:1_20:1,PC 16:1_18:1,0.689890635825462,0.7929644021718169,PC 16:1_18:1,0.7929644021718169,False,False,"[""PC 16:1_18:1"", ""PC 17:1_17:1"", ""PC 14:0_20:2"", ""PC 16:0_18:2"", ""PE O-18:0_20:1""]","[0.689890635825462, 0.6041895403943798, 0.6039971833588734, 0.5936957400686123, 0.3638506469263987]","[0.7929644021718169, 0.7759496037070549, 0.7738766868919534, 0.7276683270636937, 0.5102283120641659]","[""PC 16:1_18:1"", ""PC 14:0_20:2"", ""PC 16:0_18:2"", ""PC 17:1_17:1"", ""PC 20:0_14:1""]",0.689890635825462,0.3638506469263987,5,0.03048780487804878,"observed channels, physical fragment envelopes only",full library molecular channel occupancy inverse square-root weight,"[""[M-CH3]-"", ""[M-CH3]-sn1_fatty_acid"", ""[M-CH3]-sn1_ketene"", ""[M-CH3]-sn2_fatty_acid"", ""[M-CH3]-sn2_ketene"", ""sn1_fatty_acid"", ""sn1_fatty_acid_minus_CO2"", ""sn2_fatty_acid"", ""sn2_fatty_acid_minus_CO2""]"
367,PC 16:0_18:0,PC 14:0_20:0,0.6497545485858924,0.8763281772894154,PC 14:0_20:0,0.8763281772894154,False,False,"[""PC 14:0_20:0"", ""PC 17:0_17:0"", ""PC 16:0_16:0"", ""PG 16:0_18:0"", ""PA 16:0_24:4""]","[0.6497545485858924, 0.4798362291785451, 0.4585814546017812, 0.4156021750008976, 0.40198718076224066]","[0.8763281772894154, 0.8056991435503483, 0.170679721864097, 0.16587153073465946, 0.15636144171518176]","[""PC 14:0_20:0"", ""PC 17:0_17:0"", ""PC 16:0_16:0"", ""PA 16:0_24:4"", ""PA 16:0_24:5""]",0.6497545485858924,0.4156021750008976,6,0.0375,"observed channels, physical fragment envelopes only",full library molecular channel occupancy inverse square-root weight,"[""[M-CH3]-"", ""[M-CH3]-sn1_fatty_acid"", ""[M-CH3]-sn1_ketene"", ""[M-CH3]-sn2_fatty_acid"", ""[M-CH3]-sn2_ketene"", ""sn1_fatty_acid"", ""sn1_fatty_acid_minus_CO2"", ""sn2_fatty_acid"", ""sn2_fatty_acid_minus_CO2""]"
368,PC 16:0_18:1,PE 20:0_18:1,0.5870930826144041,0.8428272308478801,PC 14:0_20:1,0.22972843888236982,False,False,"[""PE 20:0_18:1"", ""PA 18:1_24:6"", ""PG 18:1_18:1"", ""PC 14:0_20:1"", ""PC 18:0_16:1""]","[0.5870930826144041, 0.5315847217044123, 0.4878115632091764, 0.4629268911552125, 0.4608441071260583]","[0.8428272308478801, 0.7929821931506879, 0.7627422310766762, 0.4804069202554294, 0.22972843888236982]","[""PC 14:0_20:1"", ""PC 18:0_16:1"", ""PC 17:0_17:1"", ""PC 20:0_14:1"", ""PE 20:0_18:1""]",0.4629268911552125,0.5870930826144041,35,0.3333333333333333,"observed channels, physical fragment envelopes only",full library molecular channel occupancy inverse square-root weight,"[""[M-CH3]-"", ""[M-CH3]-sn1_fatty_acid"", ""[M-CH3]-sn1_ketene"", ""[M-CH3]-sn2_fatty_acid"", ""[M-CH3]-sn2_ketene"", ""sn1_fatty_acid"", ""sn2_fatty_acid""]"
369,PC 16:0_18:2,PC 16:1_18:1,0.5958430934398321,0.907061444374602,PC 16:1_18:1,0.907061444374602,False,False,"[""PC 16:1_18:1"", ""PC 14:1_20:1"", ""PE O-20:1_18:2"", ""PE 20:0_18:2"", ""PE O-20:0_18:2""]","[0.5958430934398321, 0.5936957400686123, 0.5423008100259082, 0.5354667106198013, 0.533485198310076]","[0.907061444374602, 0.8857471050534619, 0.8321207584485173, 0.7738766868919534, 0.2539873761371858]","[""PC 16:1_18:1"", ""PC 14:0_20:2"", ""PC 17:1_17:1"", ""PC 14:1_20:1"", ""PE O-20:1_18:2""]",0.5958430934398321,0.5423008100259082,56,0.45528455284552843,"observed channels, physical fragment envelopes only",full library molecular channel occupancy inverse square-root weight,"[""[M-CH3]-"", ""[M-CH3]-sn1_fatty_acid"", ""[M-CH3]-sn1_ketene"", ""[M-CH3]-sn2_fatty_acid"", ""[M-CH3]-sn2_ketene"", ""sn1_fatty_acid"", ""sn1_fatty_acid_minus_CO2"", ""sn2_fatty_acid"", ""sn2_fatty_acid_minus_CO2""]"
370,PC 16:1_16:1,PE 22:0_16:1,0.578950326736389,0.8464077840026697,PC 14:0_18:2,0.32519356482827644,False,False,"[""PE 22:0_16:1"", ""PG 20:0_16:1"", ""PC 14:0_18:2"", ""PC O-16:1_16:1"", ""PE 16:1_22:1""]","[0.578950326736389, 0.5505042540938595, 0.5235942532057797, 0.4852147416956563, 0.4698316441589055]","[0.8464077840026697, 0.3662481549574018, 0.32519356482827644, 0.3154615773419827, 0.2775052857597384]","[""PC 14:0_18:2"", ""PG 20:0_16:1"", ""PE 22:0_16:1"", ""PE 16:1_22:1"", ""PE 16:1_22:2""]",0.5235942532057797,0.578950326736389,8,0.08163265306122448,"observed channels, physical fragment envelopes only",full library molecular channel occupancy inverse square-root weight,"[""[M-CH3]-"", ""[M-CH3]-sn1_fatty_acid"", ""[M-CH3]-sn1_ketene"", ""sn1_fatty_acid"", ""sn1_fatty_acid_minus_CO2""]"
371,PC 18:0_16:1,PE 22:0_16:1,0.5551788116519699,0.7929821931506879,PC 16:0_18:1,0.3951329904934278,False,False,"[""PE 22:0_16:1"", ""PG 20:0_16:1"", ""PC 14:0_20:1"", ""PC 17:0_17:1"", ""PC 20:0_14:1""]","[0.5551788116519699, 0.52790072742608, 0.4706304658347319, 0.46686270052199286, 0.46597434917524494]","[0.7929821931506879, 0.7797962555447213, 0.7056967946064899, 0.4450171984225534, 0.4444784525888086]","[""PC 16:0_18:1"", ""PC 14:0_20:1"", ""PC 17:0_17:1"", ""PG 20:0_16:1"", ""PC 20:0_14:1""]",0.4706304658347319,0.5551788116519699,8,0.06015037593984962,"observed channels, physical fragment envelopes only",full library molecular channel occupancy inverse square-root weight,"[""[M-CH3]-"", ""[M-CH3]-sn1_fatty_acid"", ""[M-CH3]-sn1_ketene"", ""[M-CH3]-sn2_fatty_acid"", ""[M-CH3]-sn2_ketene"", ""sn1_fatty_acid"", ""sn1_fatty_acid_minus_CO2"", ""sn2_fatty_acid"", ""sn2_fatty_acid_minus_CO2""]"
372,PC 16:1_18:1,PC 14:1_20:1,0.689890635825462,0.9076892361094671,PC 14:0_20:2,0.7929644021718169,False,False,"[""PC 14:1_20:1"", ""PC 17:1_17:1"", ""PC 14:0_20:2"", ""PC 16:0_18:2"", ""PE 20:0_18:1""]","[0.689890635825462, 0.6042813392668938, 0.5959839912112094, 0.5958430934398321, 0.3542547133569306]","[0.9076892361094671, 0.907061444374602, 0.8526138690289294, 0.7929644021718169, 0.20375956274780282]","[""PC 14:0_20:2"", ""PC 16:0_18:2"", ""PC 17:1_17:1"", ""PC 14:1_20:1"", ""PG 20:0_16:1""]",0.689890635825462,0.3542547133569306,5,0.03048780487804878,"observed channels, physical fragment envelopes only",full library molecular channel occupancy inverse square-root weight,"[""[M-CH3]-"", ""[M-CH3]-sn1_fatty_acid"", ""[M-CH3]-sn1_ketene"", ""[M-CH3]-sn2_fatty_acid"", ""[M-CH3]-sn2_ketene"", ""sn1_fatty_acid"", ""sn1_fatty_acid_minus_CO2"", ""sn2_fatty_acid"", ""sn2_fatty_acid_minus_CO2""]"
373,PC 16:1_18:2,PC 14:0_20:3,0.49342468200591766,0.9492396734539257,PC 14:0_20:3,0.9492396734539257,False,False,"[""PC 14:0_20:3"", ""PE O-20:1_18:2"", ""PE 20:0_18:2"", ""PE O-20:0_18:2"", ""PG 18:2_18:2""]","[0.49342468200591766, 0.41221771963862136, 0.407039371205585, 0.4055167313524196, 0.390469346331421]","[0.9492396734539257, 0.13076389362379562, 0.11610591348687527, 0.11263124048773746, 0.11155843290972733]","[""PC 14:0_20:3"", ""PG 20:0_16:1"", ""PE 22:0_16:1"", ""PE 16:1_22:1"", ""PE O-20:1_18:2""]",0.49342468200591766,0.41221771963862136,6,0.03592814371257485,"observed channels, physical fragment envelopes only",full library molecular channel occupancy inverse square-root weight,"[""[M-CH3]-"", ""[M-CH3]-sn1_fatty_acid"", ""[M-CH3]-sn1_ketene"", ""[M-CH3]-sn2_fatty_acid"", ""[M-CH3]-sn2_ketene"", ""sn1_fatty_acid"", ""sn1_fatty_acid_minus_CO2"", ""sn2_fatty_acid"", ""sn2_fatty_acid_minus_CO2""]"
374,PC 17:0_17:0,PG 17:0_17:0,0.778848365646638,0.8056991435503483,PC 16:0_18:0,0.4909522710481246,False,False,"[""PG 17:0_17:0"", ""PE 17:0_20:0"", ""PC O-16:1_17:0"", ""PC O-16:0_17:0"", ""PC 16:0_18:0""]","[0.778848365646638, 0.7082641236386505, 0.5841541540945672, 0.533639416736349, 0.4798362291785451]","[0.8056991435503483, 0.7606409872859026, 0.4909522710481246, 0.49051023677049244, 0.2926916808053139]","[""PC 16:0_18:0"", ""PC 14:0_20:0"", ""PG 17:0_17:0"", ""PE 17:0_20:0"", ""PG 17:0_18:0""]",0.5841541540945672,0.778848365646638,13,0.14772727272727273,"observed channels, physical fragment envelopes only",full library molecular channel occupancy inverse square-root weight,"[""[M-CH3]-"", ""[M-CH3]-sn1_fatty_acid"", ""[M-CH3]-sn1_ketene"", ""sn1_fatty_acid"", ""sn1_fatty_acid_minus_CO2""]"
375,PC 17:0_17:1,PE 20:0_17:1,0.5912129988761714,0.7627422310766762,PC 16:0_18:1,0.5071419580121594,False,False,"[""PE 20:0_17:1"", ""PC O-16:1_17:1"", ""PG 18:0_17:1"", ""PC 17:1_17:1"", ""PG 20:0_17:1""]","[0.5912129988761714, 0.5488825069087917, 0.5254552735857387, 0.4993252660423041, 0.49566989874946665]","[0.7627422310766762, 0.7505165112871799, 0.7056967946064899, 0.5071419580121594, 0.4451705478278654]","[""PC 16:0_18:1"", ""PC 14:0_20:1"", ""PC 18:0_16:1"", ""PE 20:0_17:1"", ""PG 20:0_17:1""]",0.5488825069087917,0.5912129988761714,12,0.10714285714285714,"observed channels, physical fragment envelopes only",full library molecular channel occupancy inverse square-root weight,"[""[M-CH3]-"", ""[M-CH3]-sn1_fatty_acid"", ""[M-CH3]-sn1_ketene"", ""[M-CH3]-sn2_fatty_acid"", ""[M-CH3]-sn2_ketene"", ""sn1_fatty_acid"", ""sn1_fatty_acid_minus_CO2"", ""sn2_fatty_acid"", ""sn2_fatty_acid_minus_CO2""]"
376,PC 17:1_17:1,PE 20:0_17:1,0.6203139004790527,0.8526138690289294,PC 16:1_18:1,0.44170662106707415,False,False,"[""PE 20:0_17:1"", ""PC 16:1_18:1"", ""PC 14:1_20:1"", ""PC O-16:1_17:1"", ""PG 18:0_17:1""]","[0.6203139004790527, 0.6042813392668938, 0.6041895403943798, 0.5759013237933047, 0.5513214196443942]","[0.8526138690289294, 0.832871541179315, 0.8321207584485173, 0.7276683270636937, 0.44170662106707415]","[""PC 16:1_18:1"", ""PC 14:0_20:2"", ""PC 16:0_18:2"", ""PC 14:1_20:1"", ""PE 20:0_17:1""]",0.6042813392668938,0.6203139004790527,12,0.12903225806451613,"observed channels, physical fragment envelopes only",full library molecular channel occupancy inverse square-root weight,"[""[M-CH3]-"", ""[M-CH3]-sn1_fatty_acid"", ""[M-CH3]-sn1_ketene"", ""sn1_fatty_acid"", ""sn1_fatty_acid_minus_CO2""]"
