identity_id,lipid_name,q_full,q_deleted,absolute_necessity_loss,relative_necessity_loss,full_diagnostic_abundance,redistribution_total,top_replacement_identity,top_replacement_gain,top_replacement_fraction,top5_replacement_identities,top5_replacement_gains,unique_top_replacement,top_tie_identities,source_eligible,numerical_edge_tolerance,residual_absorption,delta_residual_absorption,removed_vs_positive_replacement_signal_cosine,removed_signal_projection_fraction,deletion_residual_norm,delta_residual_norm,residual_direction_nonzero,delta_residual_direction_nonzero,diagnostic_scope,absorption_interpretation,eligible_block_count,replacement_rank_stability,unique_top_by_block,eligible_blocks
0,PA 16:0_24:0,0.012247866282484934,0.012247866282484934,0.0,0.0,0.0,0.0,,0.0,0.0,[],[],,[],False,1.5404566511278972e-11,,,0.0,0.0,0.11067007853293016,3.775376906463036e-17,True,False,global foreground mean NNLS; not mean pixelwise NNLS,"raw postfit residual direction, constrained by NNLS KKT; not absorbed signal fraction",0,"{""n"": 0, ""median"": null, ""q25"": null, ""q75"": null, ""IQR"": null}","[null, null, null, null, null, null, null, null, null, null, null, null, null, null, null, null, null, null, null, null, null, null, null, null, null, null, null, null, null, null, null, null, null, null, null, null, null, null, null, null, null, null, null, null, null, null, null, null, null, null, null, null, null, null, null, null, null, null, null, null, null, null, null, null]",[]
1,PA 16:0_24:1,0.012247866282484934,0.012247866282484934,0.0,0.0,0.0,0.0,,0.0,0.0,[],[],,[],False,1.5404566511278972e-11,,,0.0,0.0,0.11067007853293016,3.775376906463036e-17,True,False,global foreground mean NNLS; not mean pixelwise NNLS,"raw postfit residual direction, constrained by NNLS KKT; not absorbed signal fraction",0,"{""n"": 0, ""median"": null, ""q25"": null, ""q75"": null, ""IQR"": null}","[null, null, null, null, null, null, null, null, null, null, null, null, null, null, null, null, null, null, null, null, null, null, null, null, null, null, null, null, null, null, null, null, null, null, null, null, null, null, null, null, null, null, null, null, null, null, null, null, null, null, null, null, null, null, null, null, null, null, null, null, null, null, null, null]",[]
2,PA 16:0_24:4,0.012247866282484934,0.012247866282484934,0.0,0.0,0.0,0.0,,0.0,0.0,[],[],,[],False,1.5404566511278972e-11,,,0.0,0.0,0.11067007853293016,3.775376906463036e-17,True,False,global foreground mean NNLS; not mean pixelwise NNLS,"raw postfit residual direction, constrained by NNLS KKT; not absorbed signal fraction",0,"{""n"": 0, ""median"": null, ""q25"": null, ""q75"": null, ""IQR"": null}","[null, null, null, null, null, null, null, null, null, null, null, null, null, null, null, null, null, null, null, null, null, null, null, null, null, null, null, null, null, null, null, null, null, null, null, null, null, null, null, null, null, null, null, null, null, null, null, null, null, null, null, null, null, null, null, null, null, null, null, null, null, null, null, null]",[]
3,PA 16:0_24:5,0.012247866282484934,0.012247866282484934,0.0,0.0,0.0,0.0,,0.0,0.0,[],[],,[],False,1.5404566511278972e-11,,,0.0,0.0,0.11067007853293016,3.775376906463036e-17,True,False,global foreground mean NNLS; not mean pixelwise NNLS,"raw postfit residual direction, constrained by NNLS KKT; not absorbed signal fraction",0,"{""n"": 0, ""median"": null, ""q25"": null, ""q75"": null, ""IQR"": null}","[null, null, null, null, null, null, null, null, null, null, null, null, null, null, null, null, null, null, null, null, null, null, null, null, null, null, null, null, null, null, null, null, null, null, null, null, null, null, null, null, null, null, null, null, null, null, null, null, null, null, null, null, null, null, null, null, null, null, null, null, null, null, null, null]",[]
4,PA 24:0_16:1,0.012247866282484934,0.012247866282484934,0.0,0.0,0.0,0.0,,0.0,0.0,[],[],,[],False,1.5404566511278972e-11,,,0.0,0.0,0.11067007853293016,3.775376906463036e-17,True,False,global foreground mean NNLS; not mean pixelwise NNLS,"raw postfit residual direction, constrained by NNLS KKT; not absorbed signal fraction",0,"{""n"": 0, ""median"": null, ""q25"": null, ""q75"": null, ""IQR"": null}","[null, null, null, null, null, null, null, null, null, null, null, null, null, null, null, null, null, null, null, null, null, null, null, null, null, null, null, null, null, null, null, null, null, null, null, null, null, null, null, null, null, null, null, null, null, null, null, null, null, null, null, null, null, null, null, null, null, null, null, null, null, null, null, null]",[]
5,PA 18:0_22:0,0.012247866282484934,0.012247866282484934,0.0,0.0,0.0,0.0,,0.0,0.0,[],[],,[],False,1.5404566511278972e-11,,,0.0,0.0,0.11067007853293016,3.775376906463036e-17,True,False,global foreground mean NNLS; not mean pixelwise NNLS,"raw postfit residual direction, constrained by NNLS KKT; not absorbed signal fraction",0,"{""n"": 0, ""median"": null, ""q25"": null, ""q75"": null, ""IQR"": null}","[null, null, null, null, null, null, null, null, null, null, null, null, null, null, null, null, null, null, null, null, null, null, null, null, null, null, null, null, null, null, null, null, null, null, null, null, null, null, null, null, null, null, null, null, null, null, null, null, null, null, null, null, null, null, null, null, null, null, null, null, null, null, null, null]",[]
6,PA 18:0_22:1,0.012247866282484934,0.012247866282484934,0.0,0.0,0.0,0.0,,0.0,0.0,[],[],,[],False,1.5404566511278972e-11,,,0.0,0.0,0.11067007853293016,3.775376906463036e-17,True,False,global foreground mean NNLS; not mean pixelwise NNLS,"raw postfit residual direction, constrained by NNLS KKT; not absorbed signal fraction",0,"{""n"": 0, ""median"": null, ""q25"": null, ""q75"": null, ""IQR"": null}","[null, null, null, null, null, null, null, null, null, null, null, null, null, null, null, null, null, null, null, null, null, null, null, null, null, null, null, null, null, null, null, null, null, null, null, null, null, null, null, null, null, null, null, null, null, null, null, null, null, null, null, null, null, null, null, null, null, null, null, null, null, null, null, null]",[]
7,PA 18:0_22:2,0.012247866282484934,0.012247866282484934,0.0,0.0,0.0,0.0,,0.0,0.0,[],[],,[],False,1.5404566511278972e-11,,,0.0,0.0,0.11067007853293016,3.775376906463036e-17,True,False,global foreground mean NNLS; not mean pixelwise NNLS,"raw postfit residual direction, constrained by NNLS KKT; not absorbed signal fraction",0,"{""n"": 0, ""median"": null, ""q25"": null, ""q75"": null, ""IQR"": null}","[null, null, null, null, null, null, null, null, null, null, null, null, null, null, null, null, null, null, null, null, null, null, null, null, null, null, null, null, null, null, null, null, null, null, null, null, null, null, null, null, null, null, null, null, null, null, null, null, null, null, null, null, null, null, null, null, null, null, null, null, null, null, null, null]",[]
8,PA 18:0_22:3,0.012247866282484934,0.012247866282484934,0.0,0.0,0.0,0.0,,0.0,0.0,[],[],,[],False,1.5404566511278972e-11,,,0.0,0.0,0.11067007853293016,3.775376906463036e-17,True,False,global foreground mean NNLS; not mean pixelwise NNLS,"raw postfit residual direction, constrained by NNLS KKT; not absorbed signal fraction",0,"{""n"": 0, ""median"": null, ""q25"": null, ""q75"": null, ""IQR"": null}","[null, null, null, null, null, null, null, null, null, null, null, null, null, null, null, null, null, null, null, null, null, null, null, null, null, null, null, null, null, null, null, null, null, null, null, null, null, null, null, null, null, null, null, null, null, null, null, null, null, null, null, null, null, null, null, null, null, null, null, null, null, null, null, null]",[]
9,PA 18:0_22:4,0.012247866282484934,0.012247866282484934,0.0,0.0,0.0,0.0,,0.0,0.0,[],[],,[],False,1.5404566511278972e-11,,,0.0,0.0,0.11067007853293016,3.775376906463036e-17,True,False,global foreground mean NNLS; not mean pixelwise NNLS,"raw postfit residual direction, constrained by NNLS KKT; not absorbed signal fraction",0,"{""n"": 0, ""median"": null, ""q25"": null, ""q75"": null, ""IQR"": null}","[null, null, null, null, null, null, null, null, null, null, null, null, null, null, null, null, null, null, null, null, null, null, null, null, null, null, null, null, null, null, null, null, null, null, null, null, null, null, null, null, null, null, null, null, null, null, null, null, null, null, null, null, null, null, null, null, null, null, null, null, null, null, null, null]",[]
10,PA 18:0_22:5,0.012247866282484934,0.012247866282484934,0.0,0.0,0.0,0.0,,0.0,0.0,[],[],,[],False,1.5404566511278972e-11,,,0.0,0.0,0.11067007853293016,3.775376906463036e-17,True,False,global foreground mean NNLS; not mean pixelwise NNLS,"raw postfit residual direction, constrained by NNLS KKT; not absorbed signal fraction",0,"{""n"": 0, ""median"": null, ""q25"": null, ""q75"": null, ""IQR"": null}","[null, null, null, null, null, null, null, null, null, null, null, null, null, null, null, null, null, null, null, null, null, null, null, null, null, null, null, null, null, null, null, null, null, null, null, null, null, null, null, null, null, null, null, null, null, null, null, null, null, null, null, null, null, null, null, null, null, null, null, null, null, null, null, null]",[]
11,PA 18:0_24:0,0.012247866282484934,0.012247866282484934,0.0,0.0,0.0,0.0,,0.0,0.0,[],[],,[],False,1.5404566511278972e-11,,,0.0,0.0,0.11067007853293016,3.775376906463036e-17,True,False,global foreground mean NNLS; not mean pixelwise NNLS,"raw postfit residual direction, constrained by NNLS KKT; not absorbed signal fraction",0,"{""n"": 0, ""median"": null, ""q25"": null, ""q75"": null, ""IQR"": null}","[null, null, null, null, null, null, null, null, null, null, null, null, null, null, null, null, null, null, null, null, null, null, null, null, null, null, null, null, null, null, null, null, null, null, null, null, null, null, null, null, null, null, null, null, null, null, null, null, null, null, null, null, null, null, null, null, null, null, null, null, null, null, null, null]",[]
12,PA 18:0_24:1,0.012247866282484934,0.012247866282484934,0.0,0.0,0.0,0.0,,0.0,0.0,[],[],,[],False,1.5404566511278972e-11,,,0.0,0.0,0.11067007853293016,3.775376906463036e-17,True,False,global foreground mean NNLS; not mean pixelwise NNLS,"raw postfit residual direction, constrained by NNLS KKT; not absorbed signal fraction",0,"{""n"": 0, ""median"": null, ""q25"": null, ""q75"": null, ""IQR"": null}","[null, null, null, null, null, null, null, null, null, null, null, null, null, null, null, null, null, null, null, null, null, null, null, null, null, null, null, null, null, null, null, null, null, null, null, null, null, null, null, null, null, null, null, null, null, null, null, null, null, null, null, null, null, null, null, null, null, null, null, null, null, null, null, null]",[]
13,PA 18:0_24:4,0.012247866282484934,0.012247866282484934,0.0,0.0,0.0,0.0,,0.0,0.0,[],[],,[],False,1.5404566511278972e-11,,,0.0,0.0,0.11067007853293016,3.775376906463036e-17,True,False,global foreground mean NNLS; not mean pixelwise NNLS,"raw postfit residual direction, constrained by NNLS KKT; not absorbed signal fraction",0,"{""n"": 0, ""median"": null, ""q25"": null, ""q75"": null, ""IQR"": null}","[null, null, null, null, null, null, null, null, null, null, null, null, null, null, null, null, null, null, null, null, null, null, null, null, null, null, null, null, null, null, null, null, null, null, null, null, null, null, null, null, null, null, null, null, null, null, null, null, null, null, null, null, null, null, null, null, null, null, null, null, null, null, null, null]",[]
14,PA 18:0_24:5,0.012247866282484934,0.012247866282484934,0.0,0.0,0.0,0.0,,0.0,0.0,[],[],,[],False,1.5404566511278972e-11,,,0.0,0.0,0.11067007853293016,3.775376906463036e-17,True,False,global foreground mean NNLS; not mean pixelwise NNLS,"raw postfit residual direction, constrained by NNLS KKT; not absorbed signal fraction",0,"{""n"": 0, ""median"": null, ""q25"": null, ""q75"": null, ""IQR"": null}","[null, null, null, null, null, null, null, null, null, null, null, null, null, null, null, null, null, null, null, null, null, null, null, null, null, null, null, null, null, null, null, null, null, null, null, null, null, null, null, null, null, null, null, null, null, null, null, null, null, null, null, null, null, null, null, null, null, null, null, null, null, null, null, null]",[]
15,PA 18:0_24:6,0.012247866282484934,0.012247866282484934,0.0,0.0,0.0,0.0,,0.0,0.0,[],[],,[],False,1.5404566511278972e-11,,,0.0,0.0,0.11067007853293016,3.775376906463036e-17,True,False,global foreground mean NNLS; not mean pixelwise NNLS,"raw postfit residual direction, constrained by NNLS KKT; not absorbed signal fraction",0,"{""n"": 0, ""median"": null, ""q25"": null, ""q75"": null, ""IQR"": null}","[null, null, null, null, null, null, null, null, null, null, null, null, null, null, null, null, null, null, null, null, null, null, null, null, null, null, null, null, null, null, null, null, null, null, null, null, null, null, null, null, null, null, null, null, null, null, null, null, null, null, null, null, null, null, null, null, null, null, null, null, null, null, null, null]",[]
16,PA 22:0_18:1,0.012247866282484934,0.012247866282484934,0.0,0.0,0.0,0.0,,0.0,0.0,[],[],,[],False,1.5404566511278972e-11,,,0.0,0.0,0.11067007853293016,3.775376906463036e-17,True,False,global foreground mean NNLS; not mean pixelwise NNLS,"raw postfit residual direction, constrained by NNLS KKT; not absorbed signal fraction",0,"{""n"": 0, ""median"": null, ""q25"": null, ""q75"": null, ""IQR"": null}","[null, null, null, null, null, null, null, null, null, null, null, null, null, null, null, null, null, null, null, null, null, null, null, null, null, null, null, null, null, null, null, null, null, null, null, null, null, null, null, null, null, null, null, null, null, null, null, null, null, null, null, null, null, null, null, null, null, null, null, null, null, null, null, null]",[]
17,PA 18:1_22:1,0.012247866282484934,0.012247866282484934,0.0,0.0,0.0,0.0,,0.0,0.0,[],[],,[],False,1.5404566511278972e-11,,,0.0,0.0,0.11067007853293016,3.775376906463036e-17,True,False,global foreground mean NNLS; not mean pixelwise NNLS,"raw postfit residual direction, constrained by NNLS KKT; not absorbed signal fraction",0,"{""n"": 0, ""median"": null, ""q25"": null, ""q75"": null, ""IQR"": null}","[null, null, null, null, null, null, null, null, null, null, null, null, null, null, null, null, null, null, null, null, null, null, null, null, null, null, null, null, null, null, null, null, null, null, null, null, null, null, null, null, null, null, null, null, null, null, null, null, null, null, null, null, null, null, null, null, null, null, null, null, null, null, null, null]",[]
18,PA 18:1_22:2,0.012247866282484934,0.012247866282484934,0.0,0.0,0.0,0.0,,0.0,0.0,[],[],,[],False,1.5404566511278972e-11,,,0.0,0.0,0.11067007853293016,3.775376906463036e-17,True,False,global foreground mean NNLS; not mean pixelwise NNLS,"raw postfit residual direction, constrained by NNLS KKT; not absorbed signal fraction",0,"{""n"": 0, ""median"": null, ""q25"": null, ""q75"": null, ""IQR"": null}","[null, null, null, null, null, null, null, null, null, null, null, null, null, null, null, null, null, null, null, null, null, null, null, null, null, null, null, null, null, null, null, null, null, null, null, null, null, null, null, null, null, null, null, null, null, null, null, null, null, null, null, null, null, null, null, null, null, null, null, null, null, null, null, null]",[]
19,PA 18:1_22:3,0.012247866282484934,0.012247866282484934,0.0,0.0,0.0,0.0,,0.0,0.0,[],[],,[],False,1.5404566511278972e-11,,,0.0,0.0,0.11067007853293016,3.775376906463036e-17,True,False,global foreground mean NNLS; not mean pixelwise NNLS,"raw postfit residual direction, constrained by NNLS KKT; not absorbed signal fraction",0,"{""n"": 0, ""median"": null, ""q25"": null, ""q75"": null, ""IQR"": null}","[null, null, null, null, null, null, null, null, null, null, null, null, null, null, null, null, null, null, null, null, null, null, null, null, null, null, null, null, null, null, null, null, null, null, null, null, null, null, null, null, null, null, null, null, null, null, null, null, null, null, null, null, null, null, null, null, null, null, null, null, null, null, null, null]",[]
20,PA 18:1_22:4,0.012247866282484934,0.012247866282484934,0.0,0.0,0.0,0.0,,0.0,0.0,[],[],,[],False,1.5404566511278972e-11,,,0.0,0.0,0.11067007853293016,3.775376906463036e-17,True,False,global foreground mean NNLS; not mean pixelwise NNLS,"raw postfit residual direction, constrained by NNLS KKT; not absorbed signal fraction",0,"{""n"": 0, ""median"": null, ""q25"": null, ""q75"": null, ""IQR"": null}","[null, null, null, null, null, null, null, null, null, null, null, null, null, null, null, null, null, null, null, null, null, null, null, null, null, null, null, null, null, null, null, null, null, null, null, null, null, null, null, null, null, null, null, null, null, null, null, null, null, null, null, null, null, null, null, null, null, null, null, null, null, null, null, null]",[]
21,PA 24:0_18:1,0.012247866282484934,0.012247866282484934,0.0,0.0,0.0,0.0,,0.0,0.0,[],[],,[],False,1.5404566511278972e-11,,,0.0,0.0,0.11067007853293016,3.775376906463036e-17,True,False,global foreground mean NNLS; not mean pixelwise NNLS,"raw postfit residual direction, constrained by NNLS KKT; not absorbed signal fraction",0,"{""n"": 0, ""median"": null, ""q25"": null, ""q75"": null, ""IQR"": null}","[null, null, null, null, null, null, null, null, null, null, null, null, null, null, null, null, null, null, null, null, null, null, null, null, null, null, null, null, null, null, null, null, null, null, null, null, null, null, null, null, null, null, null, null, null, null, null, null, null, null, null, null, null, null, null, null, null, null, null, null, null, null, null, null]",[]
22,PA 18:1_24:1,0.012247866282484934,0.012247866282484934,0.0,0.0,0.0,0.0,,0.0,0.0,[],[],,[],False,1.5404566511278972e-11,,,0.0,0.0,0.11067007853293016,3.775376906463036e-17,True,False,global foreground mean NNLS; not mean pixelwise NNLS,"raw postfit residual direction, constrained by NNLS KKT; not absorbed signal fraction",0,"{""n"": 0, ""median"": null, ""q25"": null, ""q75"": null, ""IQR"": null}","[null, null, null, null, null, null, null, null, null, null, null, null, null, null, null, null, null, null, null, null, null, null, null, null, null, null, null, null, null, null, null, null, null, null, null, null, null, null, null, null, null, null, null, null, null, null, null, null, null, null, null, null, null, null, null, null, null, null, null, null, null, null, null, null]",[]
23,PA 18:1_24:4,0.012247866282484934,0.012247866282484934,0.0,0.0,0.0,0.0,,0.0,0.0,[],[],,[],False,1.5404566511278972e-11,,,0.0,0.0,0.11067007853293016,3.775376906463036e-17,True,False,global foreground mean NNLS; not mean pixelwise NNLS,"raw postfit residual direction, constrained by NNLS KKT; not absorbed signal fraction",0,"{""n"": 0, ""median"": null, ""q25"": null, ""q75"": null, ""IQR"": null}","[null, null, null, null, null, null, null, null, null, null, null, null, null, null, null, null, null, null, null, null, null, null, null, null, null, null, null, null, null, null, null, null, null, null, null, null, null, null, null, null, null, null, null, null, null, null, null, null, null, null, null, null, null, null, null, null, null, null, null, null, null, null, null, null]",[]
24,PA 18:1_24:5,0.012247866282484934,0.012247866282484934,0.0,0.0,0.0,0.0,,0.0,0.0,[],[],,[],False,1.5404566511278972e-11,,,0.0,0.0,0.11067007853293016,3.775376906463036e-17,True,False,global foreground mean NNLS; not mean pixelwise NNLS,"raw postfit residual direction, constrained by NNLS KKT; not absorbed signal fraction",0,"{""n"": 0, ""median"": null, ""q25"": null, ""q75"": null, ""IQR"": null}","[null, null, null, null, null, null, null, null, null, null, null, null, null, null, null, null, null, null, null, null, null, null, null, null, null, null, null, null, null, null, null, null, null, null, null, null, null, null, null, null, null, null, null, null, null, null, null, null, null, null, null, null, null, null, null, null, null, null, null, null, null, null, null, null]",[]
25,PA 18:1_24:6,0.012247866282484934,0.012247866282484934,0.0,0.0,0.0,0.0,,0.0,0.0,[],[],,[],False,1.5404566511278972e-11,,,0.0,0.0,0.11067007853293016,3.775376906463036e-17,True,False,global foreground mean NNLS; not mean pixelwise NNLS,"raw postfit residual direction, constrained by NNLS KKT; not absorbed signal fraction",0,"{""n"": 0, ""median"": null, ""q25"": null, ""q75"": null, ""IQR"": null}","[null, null, null, null, null, null, null, null, null, null, null, null, null, null, null, null, null, null, null, null, null, null, null, null, null, null, null, null, null, null, null, null, null, null, null, null, null, null, null, null, null, null, null, null, null, null, null, null, null, null, null, null, null, null, null, null, null, null, null, null, null, null, null, null]",[]
26,PA 22:0_18:2,0.012247866282484934,0.012247866282484934,0.0,0.0,0.0,0.0,,0.0,0.0,[],[],,[],False,1.5404566511278972e-11,,,0.0,0.0,0.11067007853293016,3.775376906463036e-17,True,False,global foreground mean NNLS; not mean pixelwise NNLS,"raw postfit residual direction, constrained by NNLS KKT; not absorbed signal fraction",0,"{""n"": 0, ""median"": null, ""q25"": null, ""q75"": null, ""IQR"": null}","[null, null, null, null, null, null, null, null, null, null, null, null, null, null, null, null, null, null, null, null, null, null, null, null, null, null, null, null, null, null, null, null, null, null, null, null, null, null, null, null, null, null, null, null, null, null, null, null, null, null, null, null, null, null, null, null, null, null, null, null, null, null, null, null]",[]
27,PA 22:1_18:2,0.012247866282484934,0.012247866282484934,0.0,0.0,0.0,0.0,,0.0,0.0,[],[],,[],False,1.5404566511278972e-11,,,0.0,0.0,0.11067007853293016,3.775376906463036e-17,True,False,global foreground mean NNLS; not mean pixelwise NNLS,"raw postfit residual direction, constrained by NNLS KKT; not absorbed signal fraction",0,"{""n"": 0, ""median"": null, ""q25"": null, ""q75"": null, ""IQR"": null}","[null, null, null, null, null, null, null, null, null, null, null, null, null, null, null, null, null, null, null, null, null, null, null, null, null, null, null, null, null, null, null, null, null, null, null, null, null, null, null, null, null, null, null, null, null, null, null, null, null, null, null, null, null, null, null, null, null, null, null, null, null, null, null, null]",[]
28,PA 18:2_22:2,0.012247866282484934,0.012247866282484934,0.0,0.0,0.0,0.0,,0.0,0.0,[],[],,[],False,1.5404566511278972e-11,,,0.0,0.0,0.11067007853293016,3.775376906463036e-17,True,False,global foreground mean NNLS; not mean pixelwise NNLS,"raw postfit residual direction, constrained by NNLS KKT; not absorbed signal fraction",0,"{""n"": 0, ""median"": null, ""q25"": null, ""q75"": null, ""IQR"": null}","[null, null, null, null, null, null, null, null, null, null, null, null, null, null, null, null, null, null, null, null, null, null, null, null, null, null, null, null, null, null, null, null, null, null, null, null, null, null, null, null, null, null, null, null, null, null, null, null, null, null, null, null, null, null, null, null, null, null, null, null, null, null, null, null]",[]
29,PA 18:2_22:3,0.012247866282484934,0.012247866282484934,0.0,0.0,0.0,0.0,,0.0,0.0,[],[],,[],False,1.5404566511278972e-11,,,0.0,0.0,0.11067007853293016,3.775376906463036e-17,True,False,global foreground mean NNLS; not mean pixelwise NNLS,"raw postfit residual direction, constrained by NNLS KKT; not absorbed signal fraction",0,"{""n"": 0, ""median"": null, ""q25"": null, ""q75"": null, ""IQR"": null}","[null, null, null, null, null, null, null, null, null, null, null, null, null, null, null, null, null, null, null, null, null, null, null, null, null, null, null, null, null, null, null, null, null, null, null, null, null, null, null, null, null, null, null, null, null, null, null, null, null, null, null, null, null, null, null, null, null, null, null, null, null, null, null, null]",[]
30,PA 24:0_18:2,0.012247866282484934,0.012247866282484934,0.0,0.0,0.0,0.0,,0.0,0.0,[],[],,[],False,1.5404566511278972e-11,,,0.0,0.0,0.11067007853293016,3.775376906463036e-17,True,False,global foreground mean NNLS; not mean pixelwise NNLS,"raw postfit residual direction, constrained by NNLS KKT; not absorbed signal fraction",0,"{""n"": 0, ""median"": null, ""q25"": null, ""q75"": null, ""IQR"": null}","[null, null, null, null, null, null, null, null, null, null, null, null, null, null, null, null, null, null, null, null, null, null, null, null, null, null, null, null, null, null, null, null, null, null, null, null, null, null, null, null, null, null, null, null, null, null, null, null, null, null, null, null, null, null, null, null, null, null, null, null, null, null, null, null]",[]
31,PA 24:1_18:2,0.012247866282484934,0.012247866282484934,0.0,0.0,0.0,0.0,,0.0,0.0,[],[],,[],False,1.5404566511278972e-11,,,0.0,0.0,0.11067007853293016,3.775376906463036e-17,True,False,global foreground mean NNLS; not mean pixelwise NNLS,"raw postfit residual direction, constrained by NNLS KKT; not absorbed signal fraction",0,"{""n"": 0, ""median"": null, ""q25"": null, ""q75"": null, ""IQR"": null}","[null, null, null, null, null, null, null, null, null, null, null, null, null, null, null, null, null, null, null, null, null, null, null, null, null, null, null, null, null, null, null, null, null, null, null, null, null, null, null, null, null, null, null, null, null, null, null, null, null, null, null, null, null, null, null, null, null, null, null, null, null, null, null, null]",[]
32,PA 18:2_24:4,0.012247866282484934,0.012247866282484934,0.0,0.0,0.0,0.0,,0.0,0.0,[],[],,[],False,1.5404566511278972e-11,,,0.0,0.0,0.11067007853293016,3.775376906463036e-17,True,False,global foreground mean NNLS; not mean pixelwise NNLS,"raw postfit residual direction, constrained by NNLS KKT; not absorbed signal fraction",0,"{""n"": 0, ""median"": null, ""q25"": null, ""q75"": null, ""IQR"": null}","[null, null, null, null, null, null, null, null, null, null, null, null, null, null, null, null, null, null, null, null, null, null, null, null, null, null, null, null, null, null, null, null, null, null, null, null, null, null, null, null, null, null, null, null, null, null, null, null, null, null, null, null, null, null, null, null, null, null, null, null, null, null, null, null]",[]
33,PA 18:2_24:5,0.012247866282484934,0.012247866282484934,0.0,0.0,0.0,0.0,,0.0,0.0,[],[],,[],False,1.5404566511278972e-11,,,0.0,0.0,0.11067007853293016,3.775376906463036e-17,True,False,global foreground mean NNLS; not mean pixelwise NNLS,"raw postfit residual direction, constrained by NNLS KKT; not absorbed signal fraction",0,"{""n"": 0, ""median"": null, ""q25"": null, ""q75"": null, ""IQR"": null}","[null, null, null, null, null, null, null, null, null, null, null, null, null, null, null, null, null, null, null, null, null, null, null, null, null, null, null, null, null, null, null, null, null, null, null, null, null, null, null, null, null, null, null, null, null, null, null, null, null, null, null, null, null, null, null, null, null, null, null, null, null, null, null, null]",[]
34,PA 18:2_24:6,0.012247866282484934,0.012247866282484934,0.0,0.0,0.0,0.0,,0.0,0.0,[],[],,[],False,1.5404566511278972e-11,,,0.0,0.0,0.11067007853293016,3.775376906463036e-17,True,False,global foreground mean NNLS; not mean pixelwise NNLS,"raw postfit residual direction, constrained by NNLS KKT; not absorbed signal fraction",0,"{""n"": 0, ""median"": null, ""q25"": null, ""q75"": null, ""IQR"": null}","[null, null, null, null, null, null, null, null, null, null, null, null, null, null, null, null, null, null, null, null, null, null, null, null, null, null, null, null, null, null, null, null, null, null, null, null, null, null, null, null, null, null, null, null, null, null, null, null, null, null, null, null, null, null, null, null, null, null, null, null, null, null, null, null]",[]
35,PA 20:0_20:0,0.012247866282484934,0.012247866282484934,0.0,0.0,0.0,0.0,,0.0,0.0,[],[],,[],False,1.5404566511278972e-11,,,0.0,0.0,0.11067007853293016,3.775376906463036e-17,True,False,global foreground mean NNLS; not mean pixelwise NNLS,"raw postfit residual direction, constrained by NNLS KKT; not absorbed signal fraction",0,"{""n"": 0, ""median"": null, ""q25"": null, ""q75"": null, ""IQR"": null}","[null, null, null, null, null, null, null, null, null, null, null, null, null, null, null, null, null, null, null, null, null, null, null, null, null, null, null, null, null, null, null, null, null, null, null, null, null, null, null, null, null, null, null, null, null, null, null, null, null, null, null, null, null, null, null, null, null, null, null, null, null, null, null, null]",[]
36,PA 20:0_20:1,0.012247866282484934,0.012247866282484934,0.0,0.0,0.0,0.0,,0.0,0.0,[],[],,[],False,1.5404566511278972e-11,,,0.0,0.0,0.11067007853293016,3.775376906463036e-17,True,False,global foreground mean NNLS; not mean pixelwise NNLS,"raw postfit residual direction, constrained by NNLS KKT; not absorbed signal fraction",0,"{""n"": 0, ""median"": null, ""q25"": null, ""q75"": null, ""IQR"": null}","[null, null, null, null, null, null, null, null, null, null, null, null, null, null, null, null, null, null, null, null, null, null, null, null, null, null, null, null, null, null, null, null, null, null, null, null, null, null, null, null, null, null, null, null, null, null, null, null, null, null, null, null, null, null, null, null, null, null, null, null, null, null, null, null]",[]
37,PA 20:0_20:2,0.012247866282484934,0.012247866282484934,0.0,0.0,0.0,0.0,,0.0,0.0,[],[],,[],False,1.5404566511278972e-11,,,0.0,0.0,0.11067007853293016,3.775376906463036e-17,True,False,global foreground mean NNLS; not mean pixelwise NNLS,"raw postfit residual direction, constrained by NNLS KKT; not absorbed signal fraction",0,"{""n"": 0, ""median"": null, ""q25"": null, ""q75"": null, ""IQR"": null}","[null, null, null, null, null, null, null, null, null, null, null, null, null, null, null, null, null, null, null, null, null, null, null, null, null, null, null, null, null, null, null, null, null, null, null, null, null, null, null, null, null, null, null, null, null, null, null, null, null, null, null, null, null, null, null, null, null, null, null, null, null, null, null, null]",[]
38,PA 20:0_20:3,0.012247866282484934,0.012247866282484934,0.0,0.0,0.0,0.0,,0.0,0.0,[],[],,[],False,1.5404566511278972e-11,,,0.0,0.0,0.11067007853293016,3.775376906463036e-17,True,False,global foreground mean NNLS; not mean pixelwise NNLS,"raw postfit residual direction, constrained by NNLS KKT; not absorbed signal fraction",0,"{""n"": 0, ""median"": null, ""q25"": null, ""q75"": null, ""IQR"": null}","[null, null, null, null, null, null, null, null, null, null, null, null, null, null, null, null, null, null, null, null, null, null, null, null, null, null, null, null, null, null, null, null, null, null, null, null, null, null, null, null, null, null, null, null, null, null, null, null, null, null, null, null, null, null, null, null, null, null, null, null, null, null, null, null]",[]
39,PA 20:0_20:4,0.012247866282484934,0.012247866282484934,0.0,0.0,0.0,0.0,,0.0,0.0,[],[],,[],False,1.5404566511278972e-11,,,0.0,0.0,0.11067007853293016,3.775376906463036e-17,True,False,global foreground mean NNLS; not mean pixelwise NNLS,"raw postfit residual direction, constrained by NNLS KKT; not absorbed signal fraction",0,"{""n"": 0, ""median"": null, ""q25"": null, ""q75"": null, ""IQR"": null}","[null, null, null, null, null, null, null, null, null, null, null, null, null, null, null, null, null, null, null, null, null, null, null, null, null, null, null, null, null, null, null, null, null, null, null, null, null, null, null, null, null, null, null, null, null, null, null, null, null, null, null, null, null, null, null, null, null, null, null, null, null, null, null, null]",[]
40,PA 20:0_20:5,0.012247866282484934,0.012247866282484934,0.0,0.0,0.0,0.0,,0.0,0.0,[],[],,[],False,1.5404566511278972e-11,,,0.0,0.0,0.11067007853293016,3.775376906463036e-17,True,False,global foreground mean NNLS; not mean pixelwise NNLS,"raw postfit residual direction, constrained by NNLS KKT; not absorbed signal fraction",0,"{""n"": 0, ""median"": null, ""q25"": null, ""q75"": null, ""IQR"": null}","[null, null, null, null, null, null, null, null, null, null, null, null, null, null, null, null, null, null, null, null, null, null, null, null, null, null, null, null, null, null, null, null, null, null, null, null, null, null, null, null, null, null, null, null, null, null, null, null, null, null, null, null, null, null, null, null, null, null, null, null, null, null, null, null]",[]
41,PA 20:0_22:1,0.012247866282484934,0.012247866282484934,0.0,0.0,0.0,0.0,,0.0,0.0,[],[],,[],False,1.5404566511278972e-11,,,0.0,0.0,0.11067007853293016,3.775376906463036e-17,True,False,global foreground mean NNLS; not mean pixelwise NNLS,"raw postfit residual direction, constrained by NNLS KKT; not absorbed signal fraction",0,"{""n"": 0, ""median"": null, ""q25"": null, ""q75"": null, ""IQR"": null}","[null, null, null, null, null, null, null, null, null, null, null, null, null, null, null, null, null, null, null, null, null, null, null, null, null, null, null, null, null, null, null, null, null, null, null, null, null, null, null, null, null, null, null, null, null, null, null, null, null, null, null, null, null, null, null, null, null, null, null, null, null, null, null, null]",[]
42,PA 20:0_22:2,0.012247866282484934,0.012247866282484934,0.0,0.0,0.0,0.0,,0.0,0.0,[],[],,[],False,1.5404566511278972e-11,,,0.0,0.0,0.11067007853293016,3.775376906463036e-17,True,False,global foreground mean NNLS; not mean pixelwise NNLS,"raw postfit residual direction, constrained by NNLS KKT; not absorbed signal fraction",0,"{""n"": 0, ""median"": null, ""q25"": null, ""q75"": null, ""IQR"": null}","[null, null, null, null, null, null, null, null, null, null, null, null, null, null, null, null, null, null, null, null, null, null, null, null, null, null, null, null, null, null, null, null, null, null, null, null, null, null, null, null, null, null, null, null, null, null, null, null, null, null, null, null, null, null, null, null, null, null, null, null, null, null, null, null]",[]
43,PA 20:0_22:3,0.012247866282484934,0.012247866282484934,0.0,0.0,0.0,0.0,,0.0,0.0,[],[],,[],False,1.5404566511278972e-11,,,0.0,0.0,0.11067007853293016,3.775376906463036e-17,True,False,global foreground mean NNLS; not mean pixelwise NNLS,"raw postfit residual direction, constrained by NNLS KKT; not absorbed signal fraction",0,"{""n"": 0, ""median"": null, ""q25"": null, ""q75"": null, ""IQR"": null}","[null, null, null, null, null, null, null, null, null, null, null, null, null, null, null, null, null, null, null, null, null, null, null, null, null, null, null, null, null, null, null, null, null, null, null, null, null, null, null, null, null, null, null, null, null, null, null, null, null, null, null, null, null, null, null, null, null, null, null, null, null, null, null, null]",[]
44,PA 20:0_22:4,0.012247866282484934,0.012247866282484934,0.0,0.0,0.0,0.0,,0.0,0.0,[],[],,[],False,1.5404566511278972e-11,,,0.0,0.0,0.11067007853293016,3.775376906463036e-17,True,False,global foreground mean NNLS; not mean pixelwise NNLS,"raw postfit residual direction, constrained by NNLS KKT; not absorbed signal fraction",0,"{""n"": 0, ""median"": null, ""q25"": null, ""q75"": null, ""IQR"": null}","[null, null, null, null, null, null, null, null, null, null, null, null, null, null, null, null, null, null, null, null, null, null, null, null, null, null, null, null, null, null, null, null, null, null, null, null, null, null, null, null, null, null, null, null, null, null, null, null, null, null, null, null, null, null, null, null, null, null, null, null, null, null, null, null]",[]
45,PA 20:0_22:5,0.012247866282484934,0.012247866282484934,0.0,0.0,0.0,0.0,,0.0,0.0,[],[],,[],False,1.5404566511278972e-11,,,0.0,0.0,0.11067007853293016,3.775376906463036e-17,True,False,global foreground mean NNLS; not mean pixelwise NNLS,"raw postfit residual direction, constrained by NNLS KKT; not absorbed signal fraction",0,"{""n"": 0, ""median"": null, ""q25"": null, ""q75"": null, ""IQR"": null}","[null, null, null, null, null, null, null, null, null, null, null, null, null, null, null, null, null, null, null, null, null, null, null, null, null, null, null, null, null, null, null, null, null, null, null, null, null, null, null, null, null, null, null, null, null, null, null, null, null, null, null, null, null, null, null, null, null, null, null, null, null, null, null, null]",[]
46,PA 20:0_22:6,0.012247866282484934,0.012247866282484934,0.0,0.0,0.0,0.0,,0.0,0.0,[],[],,[],False,1.5404566511278972e-11,,,0.0,0.0,0.11067007853293016,3.775376906463036e-17,True,False,global foreground mean NNLS; not mean pixelwise NNLS,"raw postfit residual direction, constrained by NNLS KKT; not absorbed signal fraction",0,"{""n"": 0, ""median"": null, ""q25"": null, ""q75"": null, ""IQR"": null}","[null, null, null, null, null, null, null, null, null, null, null, null, null, null, null, null, null, null, null, null, null, null, null, null, null, null, null, null, null, null, null, null, null, null, null, null, null, null, null, null, null, null, null, null, null, null, null, null, null, null, null, null, null, null, null, null, null, null, null, null, null, null, null, null]",[]
47,PA 20:1_20:1,0.012247866282484934,0.012247866282484934,0.0,0.0,0.0,0.0,,0.0,0.0,[],[],,[],False,1.5404566511278972e-11,,,0.0,0.0,0.11067007853293016,3.775376906463036e-17,True,False,global foreground mean NNLS; not mean pixelwise NNLS,"raw postfit residual direction, constrained by NNLS KKT; not absorbed signal fraction",3,"{""n"": 3, ""median"": 0.8037212713836115, ""q25"": 0.8012541959307625, ""q75"": 0.8323537117154352, ""IQR"": 0.031099515784672627, ""minimum"": 0.7987871204779136, ""maximum"": 0.8609861520472588}","[null, null, null, null, null, null, null, null, null, ""PE 18:1_20:1"", null, ""PE O-18:1_20:1"", ""PE 18:1_20:1"", null, null, null, null, null, null, null, null, null, null, null, null, null, null, null, null, null, null, null, null, null, null, null, null, null, null, null, null, null, null, null, null, null, null, null, null, null, null, null, null, null, null, null, null, null, null, null, null, null, null, null]","[9, 11, 12]"
48,PA 20:1_20:2,0.012247866282484934,0.012247866282484934,0.0,0.0,0.0,0.0,,0.0,0.0,[],[],,[],False,1.5404566511278972e-11,,,0.0,0.0,0.11067007853293016,3.775376906463036e-17,True,False,global foreground mean NNLS; not mean pixelwise NNLS,"raw postfit residual direction, constrained by NNLS KKT; not absorbed signal fraction",0,"{""n"": 0, ""median"": null, ""q25"": null, ""q75"": null, ""IQR"": null}","[null, null, null, null, null, null, null, null, null, null, null, null, null, null, null, null, null, null, null, null, null, null, null, null, null, null, null, null, null, null, null, null, null, null, null, null, null, null, null, null, null, null, null, null, null, null, null, null, null, null, null, null, null, null, null, null, null, null, null, null, null, null, null, null]",[]
49,PA 20:1_20:3,0.012247866282484934,0.012247866282484934,0.0,0.0,0.0,0.0,,0.0,0.0,[],[],,[],False,1.5404566511278972e-11,,,0.0,0.0,0.11067007853293016,3.775376906463036e-17,True,False,global foreground mean NNLS; not mean pixelwise NNLS,"raw postfit residual direction, constrained by NNLS KKT; not absorbed signal fraction",0,"{""n"": 0, ""median"": null, ""q25"": null, ""q75"": null, ""IQR"": null}","[null, null, null, null, null, null, null, null, null, null, null, null, null, null, null, null, null, null, null, null, null, null, null, null, null, null, null, null, null, null, null, null, null, null, null, null, null, null, null, null, null, null, null, null, null, null, null, null, null, null, null, null, null, null, null, null, null, null, null, null, null, null, null, null]",[]
50,PA 20:1_20:4,0.012247866282484934,0.012247866282484934,0.0,0.0,0.0,0.0,,0.0,0.0,[],[],,[],False,1.5404566511278972e-11,,,0.0,0.0,0.11067007853293016,3.775376906463036e-17,True,False,global foreground mean NNLS; not mean pixelwise NNLS,"raw postfit residual direction, constrained by NNLS KKT; not absorbed signal fraction",0,"{""n"": 0, ""median"": null, ""q25"": null, ""q75"": null, ""IQR"": null}","[null, null, null, null, null, null, null, null, null, null, null, null, null, null, null, null, null, null, null, null, null, null, null, null, null, null, null, null, null, null, null, null, null, null, null, null, null, null, null, null, null, null, null, null, null, null, null, null, null, null, null, null, null, null, null, null, null, null, null, null, null, null, null, null]",[]
51,PA 22:0_20:1,0.012247866282484934,0.012247866282484934,0.0,0.0,0.0,0.0,,0.0,0.0,[],[],,[],False,1.5404566511278972e-11,,,0.0,0.0,0.11067007853293016,3.775376906463036e-17,True,False,global foreground mean NNLS; not mean pixelwise NNLS,"raw postfit residual direction, constrained by NNLS KKT; not absorbed signal fraction",0,"{""n"": 0, ""median"": null, ""q25"": null, ""q75"": null, ""IQR"": null}","[null, null, null, null, null, null, null, null, null, null, null, null, null, null, null, null, null, null, null, null, null, null, null, null, null, null, null, null, null, null, null, null, null, null, null, null, null, null, null, null, null, null, null, null, null, null, null, null, null, null, null, null, null, null, null, null, null, null, null, null, null, null, null, null]",[]
52,PA 20:1_22:1,0.012247866282484934,0.012247866282484934,0.0,0.0,0.0,0.0,,0.0,0.0,[],[],,[],False,1.5404566511278972e-11,,,0.0,0.0,0.11067007853293016,3.775376906463036e-17,True,False,global foreground mean NNLS; not mean pixelwise NNLS,"raw postfit residual direction, constrained by NNLS KKT; not absorbed signal fraction",0,"{""n"": 0, ""median"": null, ""q25"": null, ""q75"": null, ""IQR"": null}","[null, null, null, null, null, null, null, null, null, null, null, null, null, null, null, null, null, null, null, null, null, null, null, null, null, null, null, null, null, null, null, null, null, null, null, null, null, null, null, null, null, null, null, null, null, null, null, null, null, null, null, null, null, null, null, null, null, null, null, null, null, null, null, null]",[]
53,PA 20:1_22:2,0.012247866282484934,0.012247866282484934,0.0,0.0,0.0,0.0,,0.0,0.0,[],[],,[],False,1.5404566511278972e-11,,,0.0,0.0,0.11067007853293016,3.775376906463036e-17,True,False,global foreground mean NNLS; not mean pixelwise NNLS,"raw postfit residual direction, constrained by NNLS KKT; not absorbed signal fraction",0,"{""n"": 0, ""median"": null, ""q25"": null, ""q75"": null, ""IQR"": null}","[null, null, null, null, null, null, null, null, null, null, null, null, null, null, null, null, null, null, null, null, null, null, null, null, null, null, null, null, null, null, null, null, null, null, null, null, null, null, null, null, null, null, null, null, null, null, null, null, null, null, null, null, null, null, null, null, null, null, null, null, null, null, null, null]",[]
54,PA 20:1_22:3,0.012247866282484934,0.012247866282484934,0.0,0.0,0.0,0.0,,0.0,0.0,[],[],,[],False,1.5404566511278972e-11,,,0.0,0.0,0.11067007853293016,3.775376906463036e-17,True,False,global foreground mean NNLS; not mean pixelwise NNLS,"raw postfit residual direction, constrained by NNLS KKT; not absorbed signal fraction",0,"{""n"": 0, ""median"": null, ""q25"": null, ""q75"": null, ""IQR"": null}","[null, null, null, null, null, null, null, null, null, null, null, null, null, null, null, null, null, null, null, null, null, null, null, null, null, null, null, null, null, null, null, null, null, null, null, null, null, null, null, null, null, null, null, null, null, null, null, null, null, null, null, null, null, null, null, null, null, null, null, null, null, null, null, null]",[]
55,PA 20:1_22:4,0.012247866282484934,0.012247866282484934,0.0,0.0,0.0,0.0,,0.0,0.0,[],[],,[],False,1.5404566511278972e-11,,,0.0,0.0,0.11067007853293016,3.775376906463036e-17,True,False,global foreground mean NNLS; not mean pixelwise NNLS,"raw postfit residual direction, constrained by NNLS KKT; not absorbed signal fraction",0,"{""n"": 0, ""median"": null, ""q25"": null, ""q75"": null, ""IQR"": null}","[null, null, null, null, null, null, null, null, null, null, null, null, null, null, null, null, null, null, null, null, null, null, null, null, null, null, null, null, null, null, null, null, null, null, null, null, null, null, null, null, null, null, null, null, null, null, null, null, null, null, null, null, null, null, null, null, null, null, null, null, null, null, null, null]",[]
56,PA 20:1_22:5,0.012247866282484934,0.012247866282484934,0.0,0.0,0.0,0.0,,0.0,0.0,[],[],,[],False,1.5404566511278972e-11,,,0.0,0.0,0.11067007853293016,3.775376906463036e-17,True,False,global foreground mean NNLS; not mean pixelwise NNLS,"raw postfit residual direction, constrained by NNLS KKT; not absorbed signal fraction",0,"{""n"": 0, ""median"": null, ""q25"": null, ""q75"": null, ""IQR"": null}","[null, null, null, null, null, null, null, null, null, null, null, null, null, null, null, null, null, null, null, null, null, null, null, null, null, null, null, null, null, null, null, null, null, null, null, null, null, null, null, null, null, null, null, null, null, null, null, null, null, null, null, null, null, null, null, null, null, null, null, null, null, null, null, null]",[]
57,PA 20:1_22:6,0.012247866282484934,0.012247866282484934,0.0,0.0,0.0,0.0,,0.0,0.0,[],[],,[],False,1.5404566511278972e-11,,,0.0,0.0,0.11067007853293016,3.775376906463036e-17,True,False,global foreground mean NNLS; not mean pixelwise NNLS,"raw postfit residual direction, constrained by NNLS KKT; not absorbed signal fraction",0,"{""n"": 0, ""median"": null, ""q25"": null, ""q75"": null, ""IQR"": null}","[null, null, null, null, null, null, null, null, null, null, null, null, null, null, null, null, null, null, null, null, null, null, null, null, null, null, null, null, null, null, null, null, null, null, null, null, null, null, null, null, null, null, null, null, null, null, null, null, null, null, null, null, null, null, null, null, null, null, null, null, null, null, null, null]",[]
58,PA 20:2_20:2,0.012247866282484934,0.012247866282484934,0.0,0.0,0.0,0.0,,0.0,0.0,[],[],,[],False,1.5404566511278972e-11,,,0.0,0.0,0.11067007853293016,3.775376906463036e-17,True,False,global foreground mean NNLS; not mean pixelwise NNLS,"raw postfit residual direction, constrained by NNLS KKT; not absorbed signal fraction",0,"{""n"": 0, ""median"": null, ""q25"": null, ""q75"": null, ""IQR"": null}","[null, null, null, null, null, null, null, null, null, null, null, null, null, null, null, null, null, null, null, null, null, null, null, null, null, null, null, null, null, null, null, null, null, null, null, null, null, null, null, null, null, null, null, null, null, null, null, null, null, null, null, null, null, null, null, null, null, null, null, null, null, null, null, null]",[]
59,PA 20:2_20:3,0.012247866282484934,0.012247866282484934,0.0,0.0,0.0,0.0,,0.0,0.0,[],[],,[],False,1.5404566511278972e-11,,,0.0,0.0,0.11067007853293016,3.775376906463036e-17,True,False,global foreground mean NNLS; not mean pixelwise NNLS,"raw postfit residual direction, constrained by NNLS KKT; not absorbed signal fraction",0,"{""n"": 0, ""median"": null, ""q25"": null, ""q75"": null, ""IQR"": null}","[null, null, null, null, null, null, null, null, null, null, null, null, null, null, null, null, null, null, null, null, null, null, null, null, null, null, null, null, null, null, null, null, null, null, null, null, null, null, null, null, null, null, null, null, null, null, null, null, null, null, null, null, null, null, null, null, null, null, null, null, null, null, null, null]",[]
60,PA 22:1_20:2,0.012247866282484934,0.012247866282484934,0.0,0.0,0.0,0.0,,0.0,0.0,[],[],,[],False,1.5404566511278972e-11,,,0.0,0.0,0.11067007853293016,3.775376906463036e-17,True,False,global foreground mean NNLS; not mean pixelwise NNLS,"raw postfit residual direction, constrained by NNLS KKT; not absorbed signal fraction",0,"{""n"": 0, ""median"": null, ""q25"": null, ""q75"": null, ""IQR"": null}","[null, null, null, null, null, null, null, null, null, null, null, null, null, null, null, null, null, null, null, null, null, null, null, null, null, null, null, null, null, null, null, null, null, null, null, null, null, null, null, null, null, null, null, null, null, null, null, null, null, null, null, null, null, null, null, null, null, null, null, null, null, null, null, null]",[]
61,PA 20:2_22:4,0.012247866282484934,0.012247866282484934,0.0,0.0,0.0,0.0,,0.0,0.0,[],[],,[],False,1.5404566511278972e-11,,,0.0,0.0,0.11067007853293016,3.775376906463036e-17,True,False,global foreground mean NNLS; not mean pixelwise NNLS,"raw postfit residual direction, constrained by NNLS KKT; not absorbed signal fraction",0,"{""n"": 0, ""median"": null, ""q25"": null, ""q75"": null, ""IQR"": null}","[null, null, null, null, null, null, null, null, null, null, null, null, null, null, null, null, null, null, null, null, null, null, null, null, null, null, null, null, null, null, null, null, null, null, null, null, null, null, null, null, null, null, null, null, null, null, null, null, null, null, null, null, null, null, null, null, null, null, null, null, null, null, null, null]",[]
62,PA 20:2_22:6,0.012247866282484934,0.012247866282484934,0.0,0.0,0.0,0.0,,0.0,0.0,[],[],,[],False,1.5404566511278972e-11,,,0.0,0.0,0.11067007853293016,3.775376906463036e-17,True,False,global foreground mean NNLS; not mean pixelwise NNLS,"raw postfit residual direction, constrained by NNLS KKT; not absorbed signal fraction",0,"{""n"": 0, ""median"": null, ""q25"": null, ""q75"": null, ""IQR"": null}","[null, null, null, null, null, null, null, null, null, null, null, null, null, null, null, null, null, null, null, null, null, null, null, null, null, null, null, null, null, null, null, null, null, null, null, null, null, null, null, null, null, null, null, null, null, null, null, null, null, null, null, null, null, null, null, null, null, null, null, null, null, null, null, null]",[]
63,PA 22:0_20:3,0.012247866282484934,0.012247866282484934,0.0,0.0,0.0,0.0,,0.0,0.0,[],[],,[],False,1.5404566511278972e-11,,,0.0,0.0,0.11067007853293016,3.775376906463036e-17,True,False,global foreground mean NNLS; not mean pixelwise NNLS,"raw postfit residual direction, constrained by NNLS KKT; not absorbed signal fraction",0,"{""n"": 0, ""median"": null, ""q25"": null, ""q75"": null, ""IQR"": null}","[null, null, null, null, null, null, null, null, null, null, null, null, null, null, null, null, null, null, null, null, null, null, null, null, null, null, null, null, null, null, null, null, null, null, null, null, null, null, null, null, null, null, null, null, null, null, null, null, null, null, null, null, null, null, null, null, null, null, null, null, null, null, null, null]",[]
64,PA 22:1_20:3,0.012247866282484934,0.012247866282484934,0.0,0.0,0.0,0.0,,0.0,0.0,[],[],,[],False,1.5404566511278972e-11,,,0.0,0.0,0.11067007853293016,3.775376906463036e-17,True,False,global foreground mean NNLS; not mean pixelwise NNLS,"raw postfit residual direction, constrained by NNLS KKT; not absorbed signal fraction",0,"{""n"": 0, ""median"": null, ""q25"": null, ""q75"": null, ""IQR"": null}","[null, null, null, null, null, null, null, null, null, null, null, null, null, null, null, null, null, null, null, null, null, null, null, null, null, null, null, null, null, null, null, null, null, null, null, null, null, null, null, null, null, null, null, null, null, null, null, null, null, null, null, null, null, null, null, null, null, null, null, null, null, null, null, null]",[]
65,PA 20:3_22:3,0.012247866282484934,0.012247866282484934,0.0,0.0,0.0,0.0,,0.0,0.0,[],[],,[],False,1.5404566511278972e-11,,,0.0,0.0,0.11067007853293016,3.775376906463036e-17,True,False,global foreground mean NNLS; not mean pixelwise NNLS,"raw postfit residual direction, constrained by NNLS KKT; not absorbed signal fraction",0,"{""n"": 0, ""median"": null, ""q25"": null, ""q75"": null, ""IQR"": null}","[null, null, null, null, null, null, null, null, null, null, null, null, null, null, null, null, null, null, null, null, null, null, null, null, null, null, null, null, null, null, null, null, null, null, null, null, null, null, null, null, null, null, null, null, null, null, null, null, null, null, null, null, null, null, null, null, null, null, null, null, null, null, null, null]",[]
66,PA 20:3_22:4,0.012247866282484934,0.012247866282484934,0.0,0.0,0.0,0.0,,0.0,0.0,[],[],,[],False,1.5404566511278972e-11,,,0.0,0.0,0.11067007853293016,3.775376906463036e-17,True,False,global foreground mean NNLS; not mean pixelwise NNLS,"raw postfit residual direction, constrained by NNLS KKT; not absorbed signal fraction",0,"{""n"": 0, ""median"": null, ""q25"": null, ""q75"": null, ""IQR"": null}","[null, null, null, null, null, null, null, null, null, null, null, null, null, null, null, null, null, null, null, null, null, null, null, null, null, null, null, null, null, null, null, null, null, null, null, null, null, null, null, null, null, null, null, null, null, null, null, null, null, null, null, null, null, null, null, null, null, null, null, null, null, null, null, null]",[]
67,PA 20:3_22:6,0.012247866282484934,0.012247866282484934,0.0,0.0,0.0,0.0,,0.0,0.0,[],[],,[],False,1.5404566511278972e-11,,,0.0,0.0,0.11067007853293016,3.775376906463036e-17,True,False,global foreground mean NNLS; not mean pixelwise NNLS,"raw postfit residual direction, constrained by NNLS KKT; not absorbed signal fraction",0,"{""n"": 0, ""median"": null, ""q25"": null, ""q75"": null, ""IQR"": null}","[null, null, null, null, null, null, null, null, null, null, null, null, null, null, null, null, null, null, null, null, null, null, null, null, null, null, null, null, null, null, null, null, null, null, null, null, null, null, null, null, null, null, null, null, null, null, null, null, null, null, null, null, null, null, null, null, null, null, null, null, null, null, null, null]",[]
68,PA 22:0_20:4,0.012247866282484934,0.012247866282484934,0.0,0.0,0.0,0.0,,0.0,0.0,[],[],,[],False,1.5404566511278972e-11,,,0.0,0.0,0.11067007853293016,3.775376906463036e-17,True,False,global foreground mean NNLS; not mean pixelwise NNLS,"raw postfit residual direction, constrained by NNLS KKT; not absorbed signal fraction",0,"{""n"": 0, ""median"": null, ""q25"": null, ""q75"": null, ""IQR"": null}","[null, null, null, null, null, null, null, null, null, null, null, null, null, null, null, null, null, null, null, null, null, null, null, null, null, null, null, null, null, null, null, null, null, null, null, null, null, null, null, null, null, null, null, null, null, null, null, null, null, null, null, null, null, null, null, null, null, null, null, null, null, null, null, null]",[]
69,PA 22:1_20:4,0.012247866282484934,0.012247866282484934,0.0,0.0,0.0,0.0,,0.0,0.0,[],[],,[],False,1.5404566511278972e-11,,,0.0,0.0,0.11067007853293016,3.775376906463036e-17,True,False,global foreground mean NNLS; not mean pixelwise NNLS,"raw postfit residual direction, constrained by NNLS KKT; not absorbed signal fraction",0,"{""n"": 0, ""median"": null, ""q25"": null, ""q75"": null, ""IQR"": null}","[null, null, null, null, null, null, null, null, null, null, null, null, null, null, null, null, null, null, null, null, null, null, null, null, null, null, null, null, null, null, null, null, null, null, null, null, null, null, null, null, null, null, null, null, null, null, null, null, null, null, null, null, null, null, null, null, null, null, null, null, null, null, null, null]",[]
70,PA 22:2_20:4,0.012247866282484934,0.012247866282484934,0.0,0.0,0.0,0.0,,0.0,0.0,[],[],,[],False,1.5404566511278972e-11,,,0.0,0.0,0.11067007853293016,3.775376906463036e-17,True,False,global foreground mean NNLS; not mean pixelwise NNLS,"raw postfit residual direction, constrained by NNLS KKT; not absorbed signal fraction",0,"{""n"": 0, ""median"": null, ""q25"": null, ""q75"": null, ""IQR"": null}","[null, null, null, null, null, null, null, null, null, null, null, null, null, null, null, null, null, null, null, null, null, null, null, null, null, null, null, null, null, null, null, null, null, null, null, null, null, null, null, null, null, null, null, null, null, null, null, null, null, null, null, null, null, null, null, null, null, null, null, null, null, null, null, null]",[]
71,PA 22:3_20:4,0.012247866282484934,0.012247866282484934,0.0,0.0,0.0,0.0,,0.0,0.0,[],[],,[],False,1.5404566511278972e-11,,,0.0,0.0,0.11067007853293016,3.775376906463036e-17,True,False,global foreground mean NNLS; not mean pixelwise NNLS,"raw postfit residual direction, constrained by NNLS KKT; not absorbed signal fraction",0,"{""n"": 0, ""median"": null, ""q25"": null, ""q75"": null, ""IQR"": null}","[null, null, null, null, null, null, null, null, null, null, null, null, null, null, null, null, null, null, null, null, null, null, null, null, null, null, null, null, null, null, null, null, null, null, null, null, null, null, null, null, null, null, null, null, null, null, null, null, null, null, null, null, null, null, null, null, null, null, null, null, null, null, null, null]",[]
72,PA 20:4_22:4,0.012247866282484934,0.012247866282484934,0.0,0.0,0.0,0.0,,0.0,0.0,[],[],,[],False,1.5404566511278972e-11,,,0.0,0.0,0.11067007853293016,3.775376906463036e-17,True,False,global foreground mean NNLS; not mean pixelwise NNLS,"raw postfit residual direction, constrained by NNLS KKT; not absorbed signal fraction",0,"{""n"": 0, ""median"": null, ""q25"": null, ""q75"": null, ""IQR"": null}","[null, null, null, null, null, null, null, null, null, null, null, null, null, null, null, null, null, null, null, null, null, null, null, null, null, null, null, null, null, null, null, null, null, null, null, null, null, null, null, null, null, null, null, null, null, null, null, null, null, null, null, null, null, null, null, null, null, null, null, null, null, null, null, null]",[]
73,PA 20:4_22:5,0.012247866282484934,0.012247866282484934,0.0,0.0,0.0,0.0,,0.0,0.0,[],[],,[],False,1.5404566511278972e-11,,,0.0,0.0,0.11067007853293016,3.775376906463036e-17,True,False,global foreground mean NNLS; not mean pixelwise NNLS,"raw postfit residual direction, constrained by NNLS KKT; not absorbed signal fraction",0,"{""n"": 0, ""median"": null, ""q25"": null, ""q75"": null, ""IQR"": null}","[null, null, null, null, null, null, null, null, null, null, null, null, null, null, null, null, null, null, null, null, null, null, null, null, null, null, null, null, null, null, null, null, null, null, null, null, null, null, null, null, null, null, null, null, null, null, null, null, null, null, null, null, null, null, null, null, null, null, null, null, null, null, null, null]",[]
74,PA 20:4_22:6,0.012247866282484934,0.012247866282484934,0.0,0.0,0.0,0.0,,0.0,0.0,[],[],,[],False,1.5404566511278972e-11,,,0.0,0.0,0.11067007853293016,3.775376906463036e-17,True,False,global foreground mean NNLS; not mean pixelwise NNLS,"raw postfit residual direction, constrained by NNLS KKT; not absorbed signal fraction",0,"{""n"": 0, ""median"": null, ""q25"": null, ""q75"": null, ""IQR"": null}","[null, null, null, null, null, null, null, null, null, null, null, null, null, null, null, null, null, null, null, null, null, null, null, null, null, null, null, null, null, null, null, null, null, null, null, null, null, null, null, null, null, null, null, null, null, null, null, null, null, null, null, null, null, null, null, null, null, null, null, null, null, null, null, null]",[]
75,PA 22:1_20:5,0.012247866282484934,0.012247866282484934,0.0,0.0,0.0,0.0,,0.0,0.0,[],[],,[],False,1.5404566511278972e-11,,,0.0,0.0,0.11067007853293016,3.775376906463036e-17,True,False,global foreground mean NNLS; not mean pixelwise NNLS,"raw postfit residual direction, constrained by NNLS KKT; not absorbed signal fraction",0,"{""n"": 0, ""median"": null, ""q25"": null, ""q75"": null, ""IQR"": null}","[null, null, null, null, null, null, null, null, null, null, null, null, null, null, null, null, null, null, null, null, null, null, null, null, null, null, null, null, null, null, null, null, null, null, null, null, null, null, null, null, null, null, null, null, null, null, null, null, null, null, null, null, null, null, null, null, null, null, null, null, null, null, null, null]",[]
76,PA 22:3_22:6,0.012247866282484934,0.012247866282484934,0.0,0.0,0.0,0.0,,0.0,0.0,[],[],,[],False,1.5404566511278972e-11,,,0.0,0.0,0.11067007853293016,3.775376906463036e-17,True,False,global foreground mean NNLS; not mean pixelwise NNLS,"raw postfit residual direction, constrained by NNLS KKT; not absorbed signal fraction",0,"{""n"": 0, ""median"": null, ""q25"": null, ""q75"": null, ""IQR"": null}","[null, null, null, null, null, null, null, null, null, null, null, null, null, null, null, null, null, null, null, null, null, null, null, null, null, null, null, null, null, null, null, null, null, null, null, null, null, null, null, null, null, null, null, null, null, null, null, null, null, null, null, null, null, null, null, null, null, null, null, null, null, null, null, null]",[]
77,PA 22:4_22:5,0.012247866282484934,0.012247866282484934,0.0,0.0,0.0,0.0,,0.0,0.0,[],[],,[],False,1.5404566511278972e-11,,,0.0,0.0,0.11067007853293016,3.775376906463036e-17,True,False,global foreground mean NNLS; not mean pixelwise NNLS,"raw postfit residual direction, constrained by NNLS KKT; not absorbed signal fraction",0,"{""n"": 0, ""median"": null, ""q25"": null, ""q75"": null, ""IQR"": null}","[null, null, null, null, null, null, null, null, null, null, null, null, null, null, null, null, null, null, null, null, null, null, null, null, null, null, null, null, null, null, null, null, null, null, null, null, null, null, null, null, null, null, null, null, null, null, null, null, null, null, null, null, null, null, null, null, null, null, null, null, null, null, null, null]",[]
78,PA 22:4_22:6,0.012247866282484934,0.012247866282484934,0.0,0.0,0.0,0.0,,0.0,0.0,[],[],,[],False,1.5404566511278972e-11,,,0.0,0.0,0.11067007853293016,3.775376906463036e-17,True,False,global foreground mean NNLS; not mean pixelwise NNLS,"raw postfit residual direction, constrained by NNLS KKT; not absorbed signal fraction",0,"{""n"": 0, ""median"": null, ""q25"": null, ""q75"": null, ""IQR"": null}","[null, null, null, null, null, null, null, null, null, null, null, null, null, null, null, null, null, null, null, null, null, null, null, null, null, null, null, null, null, null, null, null, null, null, null, null, null, null, null, null, null, null, null, null, null, null, null, null, null, null, null, null, null, null, null, null, null, null, null, null, null, null, null, null]",[]
79,PA 22:5_22:5,0.012247866282484934,0.012247866282484934,0.0,0.0,0.0,0.0,,0.0,0.0,[],[],,[],False,1.5404566511278972e-11,,,0.0,0.0,0.11067007853293016,3.775376906463036e-17,True,False,global foreground mean NNLS; not mean pixelwise NNLS,"raw postfit residual direction, constrained by NNLS KKT; not absorbed signal fraction",0,"{""n"": 0, ""median"": null, ""q25"": null, ""q75"": null, ""IQR"": null}","[null, null, null, null, null, null, null, null, null, null, null, null, null, null, null, null, null, null, null, null, null, null, null, null, null, null, null, null, null, null, null, null, null, null, null, null, null, null, null, null, null, null, null, null, null, null, null, null, null, null, null, null, null, null, null, null, null, null, null, null, null, null, null, null]",[]
80,PA 22:5_22:6,0.012247866282484934,0.012247866282484934,0.0,0.0,0.0,0.0,,0.0,0.0,[],[],,[],False,1.5404566511278972e-11,,,0.0,0.0,0.11067007853293016,3.775376906463036e-17,True,False,global foreground mean NNLS; not mean pixelwise NNLS,"raw postfit residual direction, constrained by NNLS KKT; not absorbed signal fraction",0,"{""n"": 0, ""median"": null, ""q25"": null, ""q75"": null, ""IQR"": null}","[null, null, null, null, null, null, null, null, null, null, null, null, null, null, null, null, null, null, null, null, null, null, null, null, null, null, null, null, null, null, null, null, null, null, null, null, null, null, null, null, null, null, null, null, null, null, null, null, null, null, null, null, null, null, null, null, null, null, null, null, null, null, null, null]",[]
81,PA 22:6_22:6,0.012247866282484934,0.012247866282484934,0.0,0.0,0.0,0.0,,0.0,0.0,[],[],,[],False,1.5404566511278972e-11,,,0.0,0.0,0.11067007853293016,3.775376906463036e-17,True,False,global foreground mean NNLS; not mean pixelwise NNLS,"raw postfit residual direction, constrained by NNLS KKT; not absorbed signal fraction",0,"{""n"": 0, ""median"": null, ""q25"": null, ""q75"": null, ""IQR"": null}","[null, null, null, null, null, null, null, null, null, null, null, null, null, null, null, null, null, null, null, null, null, null, null, null, null, null, null, null, null, null, null, null, null, null, null, null, null, null, null, null, null, null, null, null, null, null, null, null, null, null, null, null, null, null, null, null, null, null, null, null, null, null, null, null]",[]
82,PS 14:0_20:0,0.012247866282484934,0.012247866282484934,0.0,0.0,0.0,0.0,,0.0,0.0,[],[],,[],False,1.5404566511278972e-11,,,0.0,0.0,0.11067007853293016,3.775376906463036e-17,True,False,global foreground mean NNLS; not mean pixelwise NNLS,"raw postfit residual direction, constrained by NNLS KKT; not absorbed signal fraction",0,"{""n"": 0, ""median"": null, ""q25"": null, ""q75"": null, ""IQR"": null}","[null, null, null, null, null, null, null, null, null, null, null, null, null, null, null, null, null, null, null, null, null, null, null, null, null, null, null, null, null, null, null, null, null, null, null, null, null, null, null, null, null, null, null, null, null, null, null, null, null, null, null, null, null, null, null, null, null, null, null, null, null, null, null, null]",[]
83,PS 14:0_20:1,0.012247866282484934,0.012247866282484934,0.0,0.0,0.0,0.0,,0.0,0.0,[],[],,[],False,1.5404566511278972e-11,,,0.0,0.0,0.11067007853293016,3.775376906463036e-17,True,False,global foreground mean NNLS; not mean pixelwise NNLS,"raw postfit residual direction, constrained by NNLS KKT; not absorbed signal fraction",0,"{""n"": 0, ""median"": null, ""q25"": null, ""q75"": null, ""IQR"": null}","[null, null, null, null, null, null, null, null, null, null, null, null, null, null, null, null, null, null, null, null, null, null, null, null, null, null, null, null, null, null, null, null, null, null, null, null, null, null, null, null, null, null, null, null, null, null, null, null, null, null, null, null, null, null, null, null, null, null, null, null, null, null, null, null]",[]
84,PS 14:0_22:0,0.012247866282484934,0.012296165204081074,4.829892159614012e-05,0.003943455984759284,0.007362203531482737,0.009596230560807559,PG 17:0_20:1,0.0021112527822142006,0.22000855113015563,"[""PG 17:0_20:1"", ""PS 14:0_22:2"", ""PC 14:0_20:1"", ""PE O-18:3_22:0"", ""PE 18:1_20:4""]","[0.0021112527822142006, 0.0016460126835890609, 0.0012373751125435584, 0.0007287225361431687, 0.0003755943671348502]",PG 17:0_20:1,"[""PG 17:0_20:1""]",True,1.5404566511278972e-11,3.715429500336535e-17,1.4898581727536502e-15,0.23446089860811684,0.11664432307305028,0.11088807512118277,0.006949742556104887,True,True,global foreground mean NNLS; not mean pixelwise NNLS,"raw postfit residual direction, constrained by NNLS KKT; not absorbed signal fraction",64,"{""n"": 2016, ""median"": 0.7904087041214484, ""q25"": 0.7032375355307923, ""q75"": 0.8489884455366302, ""IQR"": 0.14575091000583795, ""minimum"": 0.3969044371070871, ""maximum"": 1.0}","[""PG 14:0_22:4"", ""PG 14:0_22:4"", ""PG 14:0_22:4"", ""PG 14:0_22:2"", ""PG 14:0_22:4"", ""PG 17:0_20:1"", ""PG 17:0_20:1"", ""PG 17:0_20:1"", ""PG 17:0_20:1"", ""PG 17:0_20:1"", ""PG 17:0_20:1"", ""PG 17:0_20:1"", ""PG 17:0_20:1"", ""PG 17:0_20:1"", ""PG 17:0_20:1"", ""PG 17:0_20:1"", ""PG 17:0_20:1"", ""PG 17:0_20:1"", ""PG 17:0_20:1"", ""PG 17:0_20:1"", ""PG 14:0_22:2"", ""PG 14:0_24:4"", ""PG 14:0_24:4"", ""PG 17:0_20:1"", ""PG 17:0_20:1"", ""PG 17:0_20:1"", ""PG 17:0_20:1"", ""PG 17:0_20:1"", ""PG 17:0_20:1"", ""PG 17:0_20:1"", ""PG 17:0_20:1"", ""PG 17:0_20:1"", ""PG 17:0_20:1"", ""PG 17:0_20:1"", ""PG 17:0_20:1"", ""PG 17:0_20:1"", ""PG 17:0_20:1"", ""PG 17:0_20:1"", ""PG 17:0_20:1"", ""PG 17:0_20:1"", ""PG 17:0_20:1"", ""PG 17:0_20:1"", ""PG 17:0_20:1"", ""PG 17:0_20:1"", ""PG 17:0_20:1"", ""PG 17:0_20:1"", ""PG 17:0_20:1"", ""PG 14:0_22:2"", ""PG 14:0_22:4"", ""PG 14:0_22:4"", ""PG 17:0_20:1"", ""PG 17:0_20:1"", ""PG 14:0_22:2"", ""PG 17:0_20:1"", ""PG 17:0_20:1"", ""PG 17:0_20:1"", ""PG 17:0_20:1"", ""PG 17:0_20:1"", ""PG 17:0_20:1"", ""PG 17:0_20:1"", ""PG 17:0_20:1"", ""PG 14:0_22:2"", ""PG 17:0_20:1"", ""PG 17:0_20:1""]","[0, 1, 2, 3, 4, 5, 6, 7, 8, 9, 10, 11, 12, 13, 14, 15, 16, 17, 18, 19, 20, 21, 22, 23, 24, 25, 26, 27, 28, 29, 30, 31, 32, 33, 34, 35, 36, 37, 38, 39, 40, 41, 42, 43, 44, 45, 46, 47, 48, 49, 50, 51, 52, 53, 54, 55, 56, 57, 58, 59, 60, 61, 62, 63]"
85,PS 14:0_22:1,0.012247866282484934,0.012437955126141065,0.00019008884365613078,0.015520159941037831,0.01863988861487247,0.04548250086493493,PS 16:0_20:1,0.008288655589133744,0.18223834290830973,"[""PS 16:0_20:1"", ""PS 14:0_22:2"", ""PG 17:1_20:1"", ""PG 17:0_20:1"", ""PS 14:0_20:1""]","[0.008288655589133744, 0.0059027685646863524, 0.005184799252279772, 0.005020228226383213, 0.003641601108993545]",PS 16:0_20:1,"[""PS 16:0_20:1""]",True,1.5404566511278972e-11,1.6915507367118875e-16,2.5807156419835606e-15,0.5419663229481149,0.5269022777021191,0.11152558059091675,0.013107646277901121,True,True,global foreground mean NNLS; not mean pixelwise NNLS,"raw postfit residual direction, constrained by NNLS KKT; not absorbed signal fraction",64,"{""n"": 2016, ""median"": 0.7389049583642417, ""q25"": 0.6511421575855816, ""q75"": 0.8183744377470278, ""IQR"": 0.1672322801614462, ""minimum"": 0.24592936832399503, ""maximum"": 0.9999952072757389}","[""PG 14:0_22:4"", ""PG 14:0_22:4"", ""PG 14:0_22:4"", ""PG 14:0_22:2"", ""PG 14:0_22:4"", ""PG 14:0_22:4"", ""PG 14:0_22:4"", ""PG 14:0_22:4"", ""PG 17:1_20:1"", ""PG 17:1_20:1"", ""PG 14:0_22:4"", ""PG 17:1_20:1"", ""PG 17:1_20:1"", ""PS 16:0_20:1"", ""PS 16:0_20:1"", ""PS 16:0_20:1"", ""PS 16:0_20:1"", ""PS 16:0_20:1"", ""PS 16:0_20:1"", ""PG 14:0_22:2"", ""PG 14:0_22:2"", ""PS 16:0_20:1"", ""PS 16:0_20:1"", ""PG 14:0_22:2"", ""PG 14:0_22:2"", ""PS 16:0_20:1"", ""PS 16:0_20:1"", ""PS 16:0_20:1"", ""PS 16:0_20:1"", ""PS 16:0_20:1"", ""PS 16:0_20:1"", ""PS 16:0_20:1"", ""PS 16:0_20:1"", ""PS 16:0_20:1"", ""PS 16:0_20:1"", ""PS 16:0_20:1"", ""PS 16:0_20:1"", ""PS 16:0_20:1"", ""PS 16:0_20:1"", ""PS 16:0_20:1"", ""PS 16:0_20:1"", ""PS 16:0_20:1"", ""PS 16:0_20:1"", ""PS 16:0_20:1"", ""PS 16:0_20:1"", ""PS 16:0_20:1"", ""PS 16:0_20:1"", ""PS 16:0_20:1"", ""PS 16:0_20:1"", ""PS 16:0_20:1"", ""PS 16:0_20:1"", ""PS 16:0_20:1"", ""PS 16:0_20:1"", ""PS 16:0_20:1"", ""PS 16:0_20:1"", ""PS 16:0_20:1"", ""PS 16:0_20:1"", ""PS 16:0_20:1"", ""PS 16:0_20:1"", ""PS 16:0_20:1"", ""PS 16:0_20:1"", ""PG 14:0_22:2"", ""PS 16:0_20:1"", ""PS 16:0_20:1""]","[0, 1, 2, 3, 4, 5, 6, 7, 8, 9, 10, 11, 12, 13, 14, 15, 16, 17, 18, 19, 20, 21, 22, 23, 24, 25, 26, 27, 28, 29, 30, 31, 32, 33, 34, 35, 36, 37, 38, 39, 40, 41, 42, 43, 44, 45, 46, 47, 48, 49, 50, 51, 52, 53, 54, 55, 56, 57, 58, 59, 60, 61, 62, 63]"
86,PS 14:0_22:2,0.012247866282484934,0.012248328834513609,4.62552028674193e-07,3.7765927384257924e-05,0.001420610582495182,0.002784458389499898,PS 16:1_20:1,0.0012848683873859842,0.46144283993244006,"[""PS 16:1_20:1"", ""PG 16:0_22:4"", ""PS 14:0_22:1"", ""PC 14:0_20:1"", ""PE 16:0_22:6""]","[0.0012848683873859842, 0.00028019682915137595, 0.00019192220846468017, 0.00011755178564868719, 0.0001058660180484651]",PS 16:1_20:1,"[""PS 16:1_20:1""]",True,1.5404566511278972e-11,-1.0384311797245868e-16,-3.0288905376181056e-15,0.7973113578157134,0.8012450889727146,0.1106721682922749,0.0006801117766089765,True,True,global foreground mean NNLS; not mean pixelwise NNLS,"raw postfit residual direction, constrained by NNLS KKT; not absorbed signal fraction",37,"{""n"": 666, ""median"": 0.6929693961778104, ""q25"": 0.6127888857971044, ""q75"": 0.7912042520914657, ""IQR"": 0.17841536629436128, ""minimum"": 0.40696259104109483, ""maximum"": 0.9999999999999999}","[""PG 14:0_22:4"", ""PG 14:0_22:4"", ""PG 14:0_22:4"", ""PS 16:1_20:1"", null, null, null, null, null, null, null, null, null, null, null, null, null, null, null, ""PS 16:1_20:1"", ""PG 14:0_22:2"", ""PS 16:1_20:1"", ""PS 16:1_20:1"", ""PS 16:1_20:1"", ""PS 16:1_20:1"", null, null, null, null, null, null, null, ""PS 16:1_20:1"", ""PS 16:1_20:1"", ""PS 16:1_20:1"", ""PS 16:1_20:1"", ""PS 16:1_20:1"", null, null, null, null, null, ""PS 16:1_20:1"", ""PS 16:1_20:1"", ""PS 16:1_20:1"", ""PS 16:1_20:1"", ""PS 16:1_20:1"", ""PS 16:1_20:1"", ""PS 16:1_20:1"", ""PS 16:1_20:1"", ""PS 16:1_20:1"", ""PS 16:1_20:1"", ""PG 14:0_22:2"", ""PS 16:1_20:1"", ""PS 16:1_20:1"", ""PS 16:1_20:1"", ""PS 16:1_20:1"", ""PS 16:1_20:1"", ""PS 16:1_20:1"", ""PS 16:1_20:1"", ""PS 16:1_20:1"", ""PS 16:1_20:1"", ""PS 16:1_20:1"", ""PS 16:1_20:1""]","[0, 1, 2, 3, 19, 20, 21, 22, 23, 24, 32, 33, 34, 35, 36, 42, 43, 44, 45, 46, 47, 48, 49, 50, 51, 52, 53, 54, 55, 56, 57, 58, 59, 60, 61, 62, 63]"
87,PS 14:0_22:3,0.012247866282484934,0.012247866282484934,0.0,0.0,0.0,0.0,,0.0,0.0,[],[],,[],False,1.5404566511278972e-11,,,0.0,0.0,0.11067007853293016,3.775376906463036e-17,True,False,global foreground mean NNLS; not mean pixelwise NNLS,"raw postfit residual direction, constrained by NNLS KKT; not absorbed signal fraction",0,"{""n"": 0, ""median"": null, ""q25"": null, ""q75"": null, ""IQR"": null}","[null, null, null, null, null, null, null, null, null, null, null, null, null, null, null, null, null, null, null, null, null, null, null, null, null, null, null, null, null, null, null, null, null, null, null, null, null, null, null, null, null, null, null, null, null, null, null, null, null, null, null, null, null, null, null, null, null, null, null, null, null, null, null, null]",[]
88,PS 14:0_22:4,0.012247866282484934,0.012247866282484934,0.0,0.0,0.0,0.0,,0.0,0.0,[],[],,[],False,1.5404566511278972e-11,,,0.0,0.0,0.11067007853293016,3.775376906463036e-17,True,False,global foreground mean NNLS; not mean pixelwise NNLS,"raw postfit residual direction, constrained by NNLS KKT; not absorbed signal fraction",0,"{""n"": 0, ""median"": null, ""q25"": null, ""q75"": null, ""IQR"": null}","[null, null, null, null, null, null, null, null, null, null, null, null, null, null, null, null, null, null, null, null, null, null, null, null, null, null, null, null, null, null, null, null, null, null, null, null, null, null, null, null, null, null, null, null, null, null, null, null, null, null, null, null, null, null, null, null, null, null, null, null, null, null, null, null]",[]
89,PS 16:0_18:0,0.012247866282484934,0.012247866282484934,0.0,0.0,0.0,0.0,,0.0,0.0,[],[],,[],False,1.5404566511278972e-11,,,0.0,0.0,0.11067007853293016,3.775376906463036e-17,True,False,global foreground mean NNLS; not mean pixelwise NNLS,"raw postfit residual direction, constrained by NNLS KKT; not absorbed signal fraction",0,"{""n"": 0, ""median"": null, ""q25"": null, ""q75"": null, ""IQR"": null}","[null, null, null, null, null, null, null, null, null, null, null, null, null, null, null, null, null, null, null, null, null, null, null, null, null, null, null, null, null, null, null, null, null, null, null, null, null, null, null, null, null, null, null, null, null, null, null, null, null, null, null, null, null, null, null, null, null, null, null, null, null, null, null, null]",[]
90,PS 16:0_18:1,0.012247866282484934,0.012274936623302386,2.7070340817451216e-05,0.0022102087164319354,0.007685937109117935,0.019237042438105915,PS 16:0_20:1,0.005664143509554534,0.29443941434782156,"[""PS 16:0_20:1"", ""PS 14:0_20:1"", ""PS 18:1_18:1"", ""PC 16:0_18:1"", ""PG 16:1_22:3""]","[0.005664143509554534, 0.0027012196129269517, 0.001480382479448511, 0.0013794057572652611, 0.0013600181215464686]",PS 16:0_20:1,"[""PS 16:0_20:1""]",True,1.5404566511278972e-11,-3.9265912035378515e-16,-6.633425810152612e-15,0.6277618664945726,0.6674803015147979,0.11079231301540005,0.004190328494805944,True,True,global foreground mean NNLS; not mean pixelwise NNLS,"raw postfit residual direction, constrained by NNLS KKT; not absorbed signal fraction",60,"{""n"": 1770, ""median"": 0.7335556255982196, ""q25"": 0.6620594743399819, ""q75"": 0.8123485743647054, ""IQR"": 0.1502891000247235, ""minimum"": 0.3752977597157042, ""maximum"": 0.9999980264563394}","[""PG 16:1_20:3"", ""PS 16:0_20:1"", ""PS 16:0_20:1"", ""PS 16:0_20:1"", ""PS 16:0_20:1"", ""PS 16:0_20:1"", ""PS 16:0_20:1"", ""PS 16:0_20:1"", ""PS 16:0_20:1"", null, null, null, null, ""PS 16:0_20:1"", ""PS 16:0_20:1"", ""PS 16:0_20:1"", ""PS 16:0_20:1"", ""PS 16:0_20:1"", ""PS 16:0_20:1"", ""PS 16:0_20:1"", ""PS 16:0_20:1"", ""PG 16:1_20:1"", ""PG 16:1_20:1"", ""PS 16:0_20:1"", ""PS 16:0_20:1"", ""PS 16:0_20:1"", ""PS 16:0_20:1"", ""PS 16:0_20:1"", ""PS 16:0_20:1"", ""PS 16:0_20:1"", ""PS 16:0_20:1"", ""PS 16:0_20:1"", ""PS 16:0_20:1"", ""PS 16:0_20:1"", ""PS 16:0_20:1"", ""PS 16:0_20:1"", ""PS 16:0_20:1"", ""PS 16:0_20:1"", ""PS 16:0_20:1"", ""PS 16:0_20:1"", ""PS 16:0_20:1"", ""PS 16:0_20:1"", ""PS 16:0_20:1"", ""PS 16:0_20:1"", ""PS 16:0_20:1"", ""PS 16:0_20:1"", ""PS 16:0_20:1"", ""PS 16:0_20:1"", ""PS 14:0_20:1"", ""PS 16:0_20:1"", ""PS 16:0_20:1"", ""PS 16:0_20:1"", ""PS 16:0_20:1"", ""PS 16:0_20:1"", ""PS 16:0_20:1"", ""PS 16:0_20:1"", ""PS 16:0_20:1"", ""PS 16:0_20:1"", ""PS 16:0_20:1"", ""PS 16:0_20:1"", ""PS 16:0_20:1"", ""PS 16:0_20:1"", ""PS 14:0_20:1"", ""PS 14:0_20:1""]","[0, 1, 2, 3, 4, 5, 6, 7, 8, 13, 14, 15, 16, 17, 18, 19, 20, 21, 22, 23, 24, 25, 26, 27, 28, 29, 30, 31, 32, 33, 34, 35, 36, 37, 38, 39, 40, 41, 42, 43, 44, 45, 46, 47, 48, 49, 50, 51, 52, 53, 54, 55, 56, 57, 58, 59, 60, 61, 62, 63]"
91,PS 16:0_18:2,0.012247866282484934,0.012247866282484934,0.0,0.0,0.0,0.0,,0.0,0.0,[],[],,[],False,1.5404566511278972e-11,,,0.0,0.0,0.11067007853293016,3.775376906463036e-17,True,False,global foreground mean NNLS; not mean pixelwise NNLS,"raw postfit residual direction, constrained by NNLS KKT; not absorbed signal fraction",0,"{""n"": 0, ""median"": null, ""q25"": null, ""q75"": null, ""IQR"": null}","[null, null, null, null, null, null, null, null, null, null, null, null, null, null, null, null, null, null, null, null, null, null, null, null, null, null, null, null, null, null, null, null, null, null, null, null, null, null, null, null, null, null, null, null, null, null, null, null, null, null, null, null, null, null, null, null, null, null, null, null, null, null, null, null]",[]
92,PS 16:0_20:0,0.012247866282484934,0.012247866282484934,0.0,0.0,0.0,0.0,,0.0,0.0,[],[],,[],False,1.5404566511278972e-11,,,0.0,0.0,0.11067007853293016,3.775376906463036e-17,True,False,global foreground mean NNLS; not mean pixelwise NNLS,"raw postfit residual direction, constrained by NNLS KKT; not absorbed signal fraction",0,"{""n"": 0, ""median"": null, ""q25"": null, ""q75"": null, ""IQR"": null}","[null, null, null, null, null, null, null, null, null, null, null, null, null, null, null, null, null, null, null, null, null, null, null, null, null, null, null, null, null, null, null, null, null, null, null, null, null, null, null, null, null, null, null, null, null, null, null, null, null, null, null, null, null, null, null, null, null, null, null, null, null, null, null, null]",[]
93,PS 16:0_20:1,0.012247866282484934,0.012301251210498245,5.3384928013310365e-05,0.004358712511851537,0.018467216906419278,0.050524632937250014,PS 16:0_20:2,0.013676954656967203,0.27069874359469065,"[""PS 16:0_20:2"", ""PS 18:0_18:1"", ""PE 18:2_22:6"", ""PE 16:0_22:6"", ""PS 20:0_16:1""]","[0.013676954656967203, 0.01058302400943481, 0.0035025409216236404, 0.0029365209275993356, 0.0027815951098881077]",PS 16:0_20:2,"[""PS 16:0_20:2""]",True,1.5404566511278972e-11,5.620869133794148e-18,0.17565871904518862,0.7290432453458245,0.9257205288571867,0.11091100581321153,0.005288870690493797,True,True,global foreground mean NNLS; not mean pixelwise NNLS,"raw postfit residual direction, constrained by NNLS KKT; not absorbed signal fraction",64,"{""n"": 2016, ""median"": 0.747895947048444, ""q25"": 0.684879852948496, ""q75"": 0.8294033406874135, ""IQR"": 0.14452348773891754, ""minimum"": 0.42547810884470716, ""maximum"": 0.9999990132281696}","[""PS 16:0_18:1"", ""PG 16:1_20:3"", ""PS 18:0_18:1"", ""PS 18:0_18:1"", ""PS 16:0_18:1"", ""PS 16:0_18:1"", ""PS 16:0_18:1"", ""PS 16:0_18:1"", ""PS 16:0_18:1"", ""PS 16:0_18:1"", ""PE 16:0_22:4"", ""PE 16:0_22:4"", ""PE 16:0_22:4"", ""PG 16:0_22:4"", ""PS 16:0_18:1"", ""PS 16:0_20:2"", ""PS 16:0_20:2"", ""PS 16:0_20:2"", ""PS 16:0_20:2"", ""PS 18:0_18:1"", ""PS 16:0_20:2"", ""PS 16:0_20:2"", ""PS 16:0_20:2"", ""PS 16:0_20:2"", ""PS 16:0_20:2"", ""PS 16:0_20:2"", ""PS 16:0_20:2"", ""PS 16:0_20:2"", ""PS 16:0_20:2"", ""PS 16:0_20:2"", ""PS 16:0_20:2"", ""PS 16:0_20:2"", ""PS 16:0_20:2"", ""PS 16:0_20:2"", ""PS 16:0_20:2"", ""PS 16:0_20:2"", ""PS 16:0_20:2"", ""PS 16:0_20:2"", ""PS 16:0_20:2"", ""PS 16:0_20:2"", ""PS 16:0_20:2"", ""PS 16:0_20:2"", ""PS 16:0_20:2"", ""PS 16:0_20:2"", ""PS 16:0_20:2"", ""PS 16:0_20:2"", ""PS 16:0_20:2"", ""PS 16:0_20:2"", ""PS 16:0_20:2"", ""PS 16:0_20:2"", ""PS 16:0_20:2"", ""PS 16:0_20:2"", ""PS 16:0_20:2"", ""PS 16:0_20:2"", ""PS 16:0_20:2"", ""PS 16:0_20:2"", ""PS 16:0_20:2"", ""PS 16:0_20:2"", ""PS 16:0_20:2"", ""PS 16:0_20:2"", ""PS 16:0_20:2"", ""PS 16:0_20:2"", ""PS 16:0_20:2"", ""PS 16:0_20:2""]","[0, 1, 2, 3, 4, 5, 6, 7, 8, 9, 10, 11, 12, 13, 14, 15, 16, 17, 18, 19, 20, 21, 22, 23, 24, 25, 26, 27, 28, 29, 30, 31, 32, 33, 34, 35, 36, 37, 38, 39, 40, 41, 42, 43, 44, 45, 46, 47, 48, 49, 50, 51, 52, 53, 54, 55, 56, 57, 58, 59, 60, 61, 62, 63]"
94,PS 16:0_20:2,0.012247866282484934,0.012247866282484934,0.0,0.0,0.0,0.0,,0.0,0.0,[],[],,[],False,1.5404566511278972e-11,,,0.0,0.0,0.11067007853293016,3.775376906463036e-17,True,False,global foreground mean NNLS; not mean pixelwise NNLS,"raw postfit residual direction, constrained by NNLS KKT; not absorbed signal fraction",3,"{""n"": 3, ""median"": 0.9580771751146772, ""q25"": 0.946931373239225, ""q75"": 0.9683675955297066, ""IQR"": 0.021436222290481588, ""minimum"": 0.9357855713637729, ""maximum"": 0.978658015944736}","[null, null, null, null, null, null, null, null, null, null, null, null, null, null, null, null, null, null, null, null, null, null, null, null, null, null, null, null, null, null, null, null, null, null, null, null, null, null, null, null, null, null, null, null, null, null, null, null, ""PS 16:0_20:1"", null, null, null, null, null, null, null, null, null, null, null, null, null, ""PS 16:0_20:1"", ""PS 16:0_20:1""]","[48, 62, 63]"
95,PS 16:0_20:3,0.012247866282484934,0.012247866282484934,0.0,0.0,0.0,0.0,,0.0,0.0,[],[],,[],False,1.5404566511278972e-11,,,0.0,0.0,0.11067007853293016,3.775376906463036e-17,True,False,global foreground mean NNLS; not mean pixelwise NNLS,"raw postfit residual direction, constrained by NNLS KKT; not absorbed signal fraction",0,"{""n"": 0, ""median"": null, ""q25"": null, ""q75"": null, ""IQR"": null}","[null, null, null, null, null, null, null, null, null, null, null, null, null, null, null, null, null, null, null, null, null, null, null, null, null, null, null, null, null, null, null, null, null, null, null, null, null, null, null, null, null, null, null, null, null, null, null, null, null, null, null, null, null, null, null, null, null, null, null, null, null, null, null, null]",[]
96,PS 16:0_20:4,0.012247866282484934,0.012247866282484934,0.0,0.0,0.0,0.0,,0.0,0.0,[],[],,[],False,1.5404566511278972e-11,,,0.0,0.0,0.11067007853293016,3.775376906463036e-17,True,False,global foreground mean NNLS; not mean pixelwise NNLS,"raw postfit residual direction, constrained by NNLS KKT; not absorbed signal fraction",0,"{""n"": 0, ""median"": null, ""q25"": null, ""q75"": null, ""IQR"": null}","[null, null, null, null, null, null, null, null, null, null, null, null, null, null, null, null, null, null, null, null, null, null, null, null, null, null, null, null, null, null, null, null, null, null, null, null, null, null, null, null, null, null, null, null, null, null, null, null, null, null, null, null, null, null, null, null, null, null, null, null, null, null, null, null]",[]
97,PS 16:0_20:5,0.012247866282484934,0.012247866282484934,0.0,0.0,0.0,0.0,,0.0,0.0,[],[],,[],False,1.5404566511278972e-11,,,0.0,0.0,0.11067007853293016,3.775376906463036e-17,True,False,global foreground mean NNLS; not mean pixelwise NNLS,"raw postfit residual direction, constrained by NNLS KKT; not absorbed signal fraction",0,"{""n"": 0, ""median"": null, ""q25"": null, ""q75"": null, ""IQR"": null}","[null, null, null, null, null, null, null, null, null, null, null, null, null, null, null, null, null, null, null, null, null, null, null, null, null, null, null, null, null, null, null, null, null, null, null, null, null, null, null, null, null, null, null, null, null, null, null, null, null, null, null, null, null, null, null, null, null, null, null, null, null, null, null, null]",[]
98,PS 18:0_16:1,0.012247866282484934,0.012247866282484934,0.0,0.0,0.0,0.0,,0.0,0.0,[],[],,[],False,1.5404566511278972e-11,,,0.0,0.0,0.11067007853293016,3.775376906463036e-17,True,False,global foreground mean NNLS; not mean pixelwise NNLS,"raw postfit residual direction, constrained by NNLS KKT; not absorbed signal fraction",0,"{""n"": 0, ""median"": null, ""q25"": null, ""q75"": null, ""IQR"": null}","[null, null, null, null, null, null, null, null, null, null, null, null, null, null, null, null, null, null, null, null, null, null, null, null, null, null, null, null, null, null, null, null, null, null, null, null, null, null, null, null, null, null, null, null, null, null, null, null, null, null, null, null, null, null, null, null, null, null, null, null, null, null, null, null]",[]
99,PS 16:1_18:1,0.012247866282484934,0.012247866282484934,0.0,0.0,0.0,0.0,,0.0,0.0,[],[],,[],False,1.5404566511278972e-11,,,0.0,0.0,0.11067007853293016,3.775376906463036e-17,True,False,global foreground mean NNLS; not mean pixelwise NNLS,"raw postfit residual direction, constrained by NNLS KKT; not absorbed signal fraction",0,"{""n"": 0, ""median"": null, ""q25"": null, ""q75"": null, ""IQR"": null}","[null, null, null, null, null, null, null, null, null, null, null, null, null, null, null, null, null, null, null, null, null, null, null, null, null, null, null, null, null, null, null, null, null, null, null, null, null, null, null, null, null, null, null, null, null, null, null, null, null, null, null, null, null, null, null, null, null, null, null, null, null, null, null, null]",[]
100,PS 20:0_16:1,0.012247866282484934,0.012263371078765198,1.5504796280263466e-05,0.0012659181543458052,0.006232868852259865,0.019244424549997967,PE 20:0_20:4,0.0036434458085602365,0.1893247469626883,"[""PE 20:0_20:4"", ""PS 18:0_18:1"", ""PS 16:0_20:1"", ""PG 16:1_22:6"", ""PG 16:1_22:3""]","[0.0036434458085602365, 0.0026167791103520813, 0.0021097124167218997, 0.0018693092309754848, 0.0018515653889707693]",PE 20:0_20:4,"[""PE 20:0_20:4""]",True,1.5404566511278972e-11,8.693973338664433e-16,1.6259123985730126e-14,0.5259250284017524,0.6227435861176018,0.11074010600846108,0.003937613018093664,True,True,global foreground mean NNLS; not mean pixelwise NNLS,"raw postfit residual direction, constrained by NNLS KKT; not absorbed signal fraction",64,"{""n"": 2016, ""median"": 0.8057419856929907, ""q25"": 0.7306372259242528, ""q75"": 0.8658659472358595, ""IQR"": 0.13522872131160668, ""minimum"": 0.4152918587012129, ""maximum"": 0.9999999999999999}","[""PE 20:0_20:4"", ""PE 20:0_20:4"", ""PE 20:0_20:4"", ""PE 20:0_20:4"", ""PE 20:0_20:4"", ""PE 20:0_20:4"", ""PE 20:0_20:4"", ""PE 20:0_20:4"", ""PE 20:0_20:4"", ""PE 20:0_20:4"", ""PE 20:0_20:4"", ""PE 20:0_20:4"", ""PG 16:1_22:3"", ""PE 20:0_20:4"", ""PE 20:0_20:4"", ""PE 20:0_20:4"", ""PE 20:0_20:4"", ""PE 20:0_20:4"", ""PE 20:0_20:4"", ""PE 20:0_20:4"", ""PE 20:0_20:4"", ""PE 20:0_20:4"", ""PE 20:0_20:4"", ""PE 20:0_20:4"", ""PE 20:0_20:4"", ""PE 20:0_20:4"", ""PE 20:0_20:4"", ""PE 20:0_20:4"", ""PE 20:0_20:4"", ""PE 20:0_20:4"", ""PE 20:0_20:4"", ""PE 20:0_20:4"", ""PE 20:0_20:4"", ""PE 20:0_20:4"", ""PE 20:0_20:4"", ""PE 20:0_20:4"", ""PE 20:0_20:4"", ""PE 20:0_20:4"", ""PE 20:0_20:4"", ""PE 20:0_20:4"", ""PE 20:0_20:4"", ""PE 20:0_20:4"", ""PE 20:0_20:4"", ""PE 20:0_20:4"", ""PE 20:0_20:4"", ""PE 20:0_20:4"", ""PE 20:0_20:4"", ""PE 20:0_20:4"", ""PS 16:0_20:1"", ""PS 18:0_18:1"", ""PS 18:0_18:1"", ""PE 20:0_20:4"", ""PS 18:0_18:1"", ""PS 18:0_18:1"", ""PS 18:0_18:1"", ""PS 18:0_18:1"", ""PE 20:0_20:4"", ""PS 18:0_18:1"", ""PS 18:0_18:1"", ""PS 18:0_18:1"", ""PS 18:0_18:1"", ""PS 18:0_18:1"", ""PS 16:0_20:1"", ""PS 16:0_20:1""]","[0, 1, 2, 3, 4, 5, 6, 7, 8, 9, 10, 11, 12, 13, 14, 15, 16, 17, 18, 19, 20, 21, 22, 23, 24, 25, 26, 27, 28, 29, 30, 31, 32, 33, 34, 35, 36, 37, 38, 39, 40, 41, 42, 43, 44, 45, 46, 47, 48, 49, 50, 51, 52, 53, 54, 55, 56, 57, 58, 59, 60, 61, 62, 63]"
101,PS 16:1_20:1,0.012247866282484934,0.012271041694138007,2.317541165307302e-05,0.001892199924187842,0.010779547452161834,0.022323362108232596,PS 14:0_22:2,0.008481173774288777,0.3799236751520102,"[""PS 14:0_22:2"", ""PS 18:0_18:2"", ""PS 16:0_20:1"", ""PE 20:1_20:4"", ""PG 16:1_22:3""]","[0.008481173774288777, 0.0020486685127657483, 0.001668900475501698, 0.001612197473608868, 0.0014643865745888652]",PS 14:0_22:2,"[""PS 14:0_22:2""]",True,1.5404566511278972e-11,-1.6638665032642154e-16,-1.4188519912209865e-15,0.8296235494447081,0.8246980817717602,0.11077473400617134,0.004814084716025872,True,True,global foreground mean NNLS; not mean pixelwise NNLS,"raw postfit residual direction, constrained by NNLS KKT; not absorbed signal fraction",64,"{""n"": 2016, ""median"": 0.6979224742996077, ""q25"": 0.635008892300576, ""q75"": 0.7853121574664542, ""IQR"": 0.15030326516587822, ""minimum"": 0.41635170338711947, ""maximum"": 1.0000000000000002}","[""PG 16:1_20:1"", ""PG 16:1_20:1"", ""PG 16:1_20:1"", ""PS 14:0_22:2"", ""PS 14:0_22:2"", ""PS 14:0_22:2"", ""PS 14:0_22:2"", ""PS 14:0_22:2"", ""PS 14:0_22:2"", ""PS 14:0_22:2"", ""PS 14:0_22:2"", ""PS 14:0_22:2"", ""PS 14:0_22:2"", ""PS 14:0_22:2"", ""PS 14:0_22:2"", ""PS 14:0_22:2"", ""PS 14:0_22:2"", ""PS 14:0_22:2"", ""PS 14:0_22:2"", ""PS 14:0_22:2"", ""PG 16:1_20:1"", ""PG 16:1_20:1"", ""PG 16:1_20:1"", ""PS 14:0_22:2"", ""PS 14:0_22:2"", ""PS 14:0_22:2"", ""PS 14:0_22:2"", ""PS 14:0_22:2"", ""PS 14:0_22:2"", ""PS 14:0_22:2"", ""PS 14:0_22:2"", ""PS 14:0_22:2"", ""PS 14:0_22:2"", ""PS 14:0_22:2"", ""PS 14:0_22:2"", ""PS 14:0_22:2"", ""PS 14:0_22:2"", ""PS 14:0_22:2"", ""PS 14:0_22:2"", ""PS 14:0_22:2"", ""PS 14:0_22:2"", ""PS 14:0_22:2"", ""PS 14:0_22:2"", ""PS 14:0_22:2"", ""PS 14:0_22:2"", ""PS 14:0_22:2"", ""PS 14:0_22:2"", ""PG 16:1_20:1"", ""PG 16:1_20:1"", ""PG 16:1_20:1"", ""PS 14:0_22:2"", ""PS 14:0_22:2"", ""PS 14:0_22:2"", ""PS 14:0_22:2"", ""PS 14:0_22:2"", ""PS 14:0_22:2"", ""PS 14:0_22:2"", ""PS 14:0_22:2"", ""PS 14:0_22:2"", ""PS 14:0_22:2"", ""PS 14:0_22:2"", ""PG 16:1_20:1"", ""PS 14:0_22:2"", ""PS 14:0_22:2""]","[0, 1, 2, 3, 4, 5, 6, 7, 8, 9, 10, 11, 12, 13, 14, 15, 16, 17, 18, 19, 20, 21, 22, 23, 24, 25, 26, 27, 28, 29, 30, 31, 32, 33, 34, 35, 36, 37, 38, 39, 40, 41, 42, 43, 44, 45, 46, 47, 48, 49, 50, 51, 52, 53, 54, 55, 56, 57, 58, 59, 60, 61, 62, 63]"
102,PS 16:1_20:2,0.012247866282484934,0.012247866282484934,0.0,0.0,0.0,0.0,,0.0,0.0,[],[],,[],False,1.5404566511278972e-11,,,0.0,0.0,0.11067007853293016,3.775376906463036e-17,True,False,global foreground mean NNLS; not mean pixelwise NNLS,"raw postfit residual direction, constrained by NNLS KKT; not absorbed signal fraction",0,"{""n"": 0, ""median"": null, ""q25"": null, ""q75"": null, ""IQR"": null}","[null, null, null, null, null, null, null, null, null, null, null, null, null, null, null, null, null, null, null, null, null, null, null, null, null, null, null, null, null, null, null, null, null, null, null, null, null, null, null, null, null, null, null, null, null, null, null, null, null, null, null, null, null, null, null, null, null, null, null, null, null, null, null, null]",[]
103,PS 16:1_20:3,0.012247866282484934,0.012247866282484934,0.0,0.0,0.0,0.0,,0.0,0.0,[],[],,[],False,1.5404566511278972e-11,,,0.0,0.0,0.11067007853293016,3.775376906463036e-17,True,False,global foreground mean NNLS; not mean pixelwise NNLS,"raw postfit residual direction, constrained by NNLS KKT; not absorbed signal fraction",0,"{""n"": 0, ""median"": null, ""q25"": null, ""q75"": null, ""IQR"": null}","[null, null, null, null, null, null, null, null, null, null, null, null, null, null, null, null, null, null, null, null, null, null, null, null, null, null, null, null, null, null, null, null, null, null, null, null, null, null, null, null, null, null, null, null, null, null, null, null, null, null, null, null, null, null, null, null, null, null, null, null, null, null, null, null]",[]
104,PS 16:1_20:4,0.012247866282484934,0.012247866282484934,0.0,0.0,0.0,0.0,,0.0,0.0,[],[],,[],False,1.5404566511278972e-11,,,0.0,0.0,0.11067007853293016,3.775376906463036e-17,True,False,global foreground mean NNLS; not mean pixelwise NNLS,"raw postfit residual direction, constrained by NNLS KKT; not absorbed signal fraction",0,"{""n"": 0, ""median"": null, ""q25"": null, ""q75"": null, ""IQR"": null}","[null, null, null, null, null, null, null, null, null, null, null, null, null, null, null, null, null, null, null, null, null, null, null, null, null, null, null, null, null, null, null, null, null, null, null, null, null, null, null, null, null, null, null, null, null, null, null, null, null, null, null, null, null, null, null, null, null, null, null, null, null, null, null, null]",[]
105,PS 18:0_18:0,0.012247866282484934,0.012247866282484934,0.0,0.0,0.0,0.0,,0.0,0.0,[],[],,[],False,1.5404566511278972e-11,,,0.0,0.0,0.11067007853293016,3.775376906463036e-17,True,False,global foreground mean NNLS; not mean pixelwise NNLS,"raw postfit residual direction, constrained by NNLS KKT; not absorbed signal fraction",0,"{""n"": 0, ""median"": null, ""q25"": null, ""q75"": null, ""IQR"": null}","[null, null, null, null, null, null, null, null, null, null, null, null, null, null, null, null, null, null, null, null, null, null, null, null, null, null, null, null, null, null, null, null, null, null, null, null, null, null, null, null, null, null, null, null, null, null, null, null, null, null, null, null, null, null, null, null, null, null, null, null, null, null, null, null]",[]
106,PS 18:0_18:1,0.012247866282484934,0.01310392566691466,0.0008560593844297252,0.06989457303138903,0.05298487117164859,0.1377904459492865,PS 16:0_20:1,0.02190743944096839,0.15899099019443183,"[""PS 16:0_20:1"", ""PE 18:0_22:6"", ""PS 18:0_18:2"", ""PS 20:0_16:1"", ""PS 18:0_16:1""]","[0.02190743944096839, 0.020993142371977358, 0.018592315008614774, 0.017218908957290186, 0.011356628212159964]",PS 16:0_20:1,"[""PS 16:0_20:1""]",True,1.5404566511278972e-11,6.487840048681334e-17,7.848434178521901e-16,0.653692328460088,0.7245451719771605,0.11447237949354709,0.02728314007449138,True,True,global foreground mean NNLS; not mean pixelwise NNLS,"raw postfit residual direction, constrained by NNLS KKT; not absorbed signal fraction",61,"{""n"": 1830, ""median"": 0.6748727401957775, ""q25"": 0.5891866113047002, ""q75"": 0.7692928873473782, ""IQR"": 0.18010627604267804, ""minimum"": 0.3044899278466673, ""maximum"": 0.9847638860169162}","[""PG 14:0_22:4"", ""PE 18:0_22:6"", ""PS 16:0_20:1"", ""PE 18:0_22:6"", ""PE 18:0_22:6"", ""PE 18:0_22:6"", ""PE 18:0_22:6"", ""PE 18:0_22:6"", ""PE 18:0_22:6"", ""PE 18:0_22:6"", ""PE 18:0_22:6"", ""PS 16:0_20:1"", ""PS 20:0_16:1"", ""PS 16:0_20:1"", ""PS 16:0_20:1"", ""PS 16:0_20:1"", ""PS 16:0_20:1"", ""PS 16:0_20:1"", ""PS 16:0_20:1"", ""PS 16:0_20:1"", ""PS 16:0_20:1"", ""PS 16:0_20:1"", ""PS 16:0_20:1"", ""PS 16:0_20:1"", ""PS 16:0_20:1"", ""PS 16:0_20:1"", ""PS 16:0_20:1"", ""PS 16:0_20:1"", ""PS 16:0_20:1"", ""PS 16:0_20:1"", ""PS 16:0_20:1"", ""PS 16:0_20:1"", ""PS 16:0_20:1"", ""PS 16:0_20:1"", ""PE 18:0_22:6"", ""PS 18:0_18:2"", ""PS 16:0_20:1"", ""PS 16:0_20:1"", ""PS 16:0_20:1"", ""PS 16:0_20:1"", ""PS 16:0_20:1"", ""PS 16:0_20:1"", ""PS 16:0_20:1"", ""PS 16:0_20:1"", ""PS 16:0_20:1"", ""PS 16:0_20:1"", ""PS 16:0_20:1"", ""PS 18:0_18:2"", null, ""PS 18:0_18:2"", ""PS 16:0_20:1"", ""PS 16:0_20:1"", ""PG 16:1_20:1"", ""PS 16:0_20:1"", ""PS 18:0_18:2"", ""PS 16:0_20:1"", ""PS 18:0_18:2"", ""PS 16:0_20:1"", ""PS 16:0_20:1"", ""PS 16:0_20:1"", ""PS 16:0_20:1"", ""PS 18:0_18:2"", null, null]","[0, 1, 2, 3, 4, 5, 6, 7, 8, 9, 10, 11, 12, 13, 14, 15, 16, 17, 18, 19, 20, 21, 22, 23, 24, 25, 26, 27, 28, 29, 30, 31, 32, 33, 34, 35, 36, 37, 38, 39, 40, 41, 42, 43, 44, 45, 46, 47, 49, 50, 51, 52, 53, 54, 55, 56, 57, 58, 59, 60, 61]"
107,PS 18:0_18:2,0.012247866282484934,0.012272906812717388,2.504053023245391e-05,0.0020444810265620424,0.009904956181459779,0.028041376198117363,PS 16:0_20:2,0.00747509543296161,0.26657377226717205,"[""PS 16:0_20:2"", ""PS 18:0_18:1"", ""PE 18:2_22:6"", ""PS 18:1_18:1"", ""PG 16:1_22:3""]","[0.00747509543296161, 0.006985925924718396, 0.0034280705564918787, 0.0013476834019396644, 0.0011789482706990398]",PS 16:0_20:2,"[""PS 16:0_20:2""]",True,1.5404566511278972e-11,-1.2282316393433004e-16,0.2782086868650666,0.6856407999291539,0.9093017908402773,0.11078315220608857,0.0033393502591664553,True,True,global foreground mean NNLS; not mean pixelwise NNLS,"raw postfit residual direction, constrained by NNLS KKT; not absorbed signal fraction",52,"{""n"": 1326, ""median"": 0.6431953134941192, ""q25"": 0.5552536589168335, ""q75"": 0.7609749215397732, ""IQR"": 0.20572126262293966, ""minimum"": 0.35848195982861114, ""maximum"": 1.0000000000000002}","[null, ""PG 16:1_20:3"", ""PS 18:0_18:1"", ""PS 18:0_18:1"", null, null, null, null, null, null, null, null, null, null, null, ""PS 18:0_18:1"", ""PS 18:0_18:1"", ""PS 18:0_18:1"", ""PS 18:0_18:1"", ""PS 18:0_18:1"", ""PG 14:0_22:2"", ""PS 18:0_18:1"", ""PS 18:0_18:1"", ""PS 18:0_18:1"", ""PS 18:0_18:1"", ""PS 18:0_18:1"", ""PS 18:0_18:1"", ""PS 18:0_18:1"", ""PG 16:1_22:4"", ""PS 18:0_18:1"", ""PS 18:0_18:1"", ""PS 18:0_18:1"", ""PS 18:0_18:1"", ""PS 18:0_18:1"", ""PS 18:0_18:1"", ""PS 18:0_18:1"", ""PS 18:0_18:1"", ""PG 16:1_22:4"", ""PS 18:0_18:1"", ""PS 18:0_18:1"", ""PS 18:0_18:1"", ""PS 18:0_18:1"", ""PS 18:0_18:1"", ""PS 16:0_20:2"", ""PS 16:0_20:2"", ""PS 16:0_20:2"", ""PS 16:0_20:2"", ""PS 16:0_20:2"", ""PS 16:0_20:2"", ""PS 16:0_20:2"", ""PS 16:0_20:2"", ""PS 16:0_20:2"", ""PS 16:0_20:2"", ""PS 16:0_20:2"", ""PS 16:0_20:2"", ""PS 16:0_20:2"", ""PS 16:0_20:2"", ""PS 16:0_20:2"", ""PS 16:0_20:2"", ""PS 16:0_20:2"", ""PS 16:0_20:2"", ""PS 16:0_20:2"", ""PS 16:0_20:2"", ""PS 16:0_20:2""]","[1, 2, 3, 15, 16, 17, 18, 19, 20, 21, 22, 23, 24, 25, 26, 27, 28, 29, 30, 31, 32, 33, 34, 35, 36, 37, 38, 39, 40, 41, 42, 43, 44, 45, 46, 47, 48, 49, 50, 51, 52, 53, 54, 55, 56, 57, 58, 59, 60, 61, 62, 63]"
108,PS 18:0_18:3,0.012247866282484934,0.012247866282484934,0.0,0.0,0.0,0.0,,0.0,0.0,[],[],,[],False,1.5404566511278972e-11,,,0.0,0.0,0.11067007853293016,3.775376906463036e-17,True,False,global foreground mean NNLS; not mean pixelwise NNLS,"raw postfit residual direction, constrained by NNLS KKT; not absorbed signal fraction",0,"{""n"": 0, ""median"": null, ""q25"": null, ""q75"": null, ""IQR"": null}","[null, null, null, null, null, null, null, null, null, null, null, null, null, null, null, null, null, null, null, null, null, null, null, null, null, null, null, null, null, null, null, null, null, null, null, null, null, null, null, null, null, null, null, null, null, null, null, null, null, null, null, null, null, null, null, null, null, null, null, null, null, null, null, null]",[]
109,PS 18:1_18:1,0.012247866282484934,0.013932155845957436,0.0016842895634725016,0.13751697842616092,0.07806380246819171,0.16587023538977635,PS 16:0_20:2,0.025946132761210973,0.15642428371843844,"[""PS 16:0_20:2"", ""PS 16:1_18:1"", ""PS 18:0_18:2"", ""PE 18:1_22:6"", ""PC 16:0_18:1""]","[0.025946132761210973, 0.021385108160289077, 0.020433670266638476, 0.014908989865575404, 0.013158381043354931]",PS 16:0_20:2,"[""PS 16:0_20:2""]",True,1.5404566511278972e-11,-1.9381329567950229e-16,0.028645763021505476,0.8166140245582483,0.7984594160405563,0.1180345536101926,0.032431890543020696,True,True,global foreground mean NNLS; not mean pixelwise NNLS,"raw postfit residual direction, constrained by NNLS KKT; not absorbed signal fraction",64,"{""n"": 2016, ""median"": 0.7102459507562129, ""q25"": 0.650469650212859, ""q75"": 0.8003390982909608, ""IQR"": 0.14986944807810187, ""minimum"": 0.4405441246092701, ""maximum"": 0.9999741579363561}","[""PS 18:0_18:2"", ""PS 18:0_18:2"", ""PS 18:0_18:2"", ""PS 18:0_18:2"", ""PS 18:0_18:2"", ""PS 18:0_18:2"", ""PS 18:0_18:2"", ""PS 18:0_18:2"", ""PS 18:0_18:2"", ""PS 18:0_18:2"", ""PS 16:1_18:1"", ""PS 16:1_18:1"", ""PS 16:1_18:1"", ""PS 18:0_18:2"", ""PS 18:0_18:2"", ""PS 18:0_18:2"", ""PS 18:0_18:2"", ""PS 18:0_18:2"", ""PS 18:0_18:2"", ""PS 18:0_18:2"", ""PS 18:0_18:2"", ""PS 18:0_18:2"", ""PS 18:0_18:2"", ""PS 18:0_18:2"", ""PS 16:0_20:2"", ""PS 16:0_20:2"", ""PS 18:0_18:2"", ""PS 18:0_18:2"", ""PS 18:0_18:2"", ""PS 18:0_18:2"", ""PS 18:0_18:2"", ""PS 18:0_18:2"", ""PS 18:0_18:2"", ""PS 18:0_18:2"", ""PS 18:0_18:2"", ""PS 18:0_18:2"", ""PS 16:0_20:2"", ""PS 18:0_18:2"", ""PS 16:0_20:2"", ""PS 18:0_18:2"", ""PS 18:0_18:2"", ""PS 18:0_18:2"", ""PS 18:0_18:2"", ""PS 16:0_20:2"", ""PS 16:0_20:2"", ""PS 16:0_20:2"", ""PS 16:0_20:2"", ""PS 16:0_20:2"", ""PS 16:0_20:2"", ""PS 16:0_20:2"", ""PS 16:0_20:2"", ""PS 16:0_20:2"", ""PS 16:0_20:2"", ""PS 16:0_20:2"", ""PS 16:0_20:2"", ""PS 16:0_20:2"", ""PS 16:0_20:2"", ""PS 16:0_20:2"", ""PS 16:0_20:2"", ""PS 16:0_20:2"", ""PS 16:0_20:2"", ""PS 16:0_20:2"", ""PS 16:0_20:2"", ""PS 16:1_18:1""]","[0, 1, 2, 3, 4, 5, 6, 7, 8, 9, 10, 11, 12, 13, 14, 15, 16, 17, 18, 19, 20, 21, 22, 23, 24, 25, 26, 27, 28, 29, 30, 31, 32, 33, 34, 35, 36, 37, 38, 39, 40, 41, 42, 43, 44, 45, 46, 47, 48, 49, 50, 51, 52, 53, 54, 55, 56, 57, 58, 59, 60, 61, 62, 63]"
110,PS 18:1_18:2,0.012247866282484934,0.012247866282484934,0.0,0.0,0.0,0.0,,0.0,0.0,[],[],,[],False,1.5404566511278972e-11,,,0.0,0.0,0.11067007853293016,3.775376906463036e-17,True,False,global foreground mean NNLS; not mean pixelwise NNLS,"raw postfit residual direction, constrained by NNLS KKT; not absorbed signal fraction",0,"{""n"": 0, ""median"": null, ""q25"": null, ""q75"": null, ""IQR"": null}","[null, null, null, null, null, null, null, null, null, null, null, null, null, null, null, null, null, null, null, null, null, null, null, null, null, null, null, null, null, null, null, null, null, null, null, null, null, null, null, null, null, null, null, null, null, null, null, null, null, null, null, null, null, null, null, null, null, null, null, null, null, null, null, null]",[]
111,PS 18:1_18:3,0.012247866282484934,0.012247866282484934,0.0,0.0,0.0,0.0,,0.0,0.0,[],[],,[],False,1.5404566511278972e-11,,,0.0,0.0,0.11067007853293016,3.775376906463036e-17,True,False,global foreground mean NNLS; not mean pixelwise NNLS,"raw postfit residual direction, constrained by NNLS KKT; not absorbed signal fraction",0,"{""n"": 0, ""median"": null, ""q25"": null, ""q75"": null, ""IQR"": null}","[null, null, null, null, null, null, null, null, null, null, null, null, null, null, null, null, null, null, null, null, null, null, null, null, null, null, null, null, null, null, null, null, null, null, null, null, null, null, null, null, null, null, null, null, null, null, null, null, null, null, null, null, null, null, null, null, null, null, null, null, null, null, null, null]",[]
112,PS 18:2_18:2,0.012247866282484934,0.012247866282484934,0.0,0.0,0.0,0.0,,0.0,0.0,[],[],,[],False,1.5404566511278972e-11,,,0.0,0.0,0.11067007853293016,3.775376906463036e-17,True,False,global foreground mean NNLS; not mean pixelwise NNLS,"raw postfit residual direction, constrained by NNLS KKT; not absorbed signal fraction",0,"{""n"": 0, ""median"": null, ""q25"": null, ""q75"": null, ""IQR"": null}","[null, null, null, null, null, null, null, null, null, null, null, null, null, null, null, null, null, null, null, null, null, null, null, null, null, null, null, null, null, null, null, null, null, null, null, null, null, null, null, null, null, null, null, null, null, null, null, null, null, null, null, null, null, null, null, null, null, null, null, null, null, null, null, null]",[]
113,PS 17:0_18:1,0.012247866282484934,0.012247866282484934,0.0,0.0,0.0,0.0,,0.0,0.0,[],[],,[],False,1.5404566511278972e-11,,,0.0,0.0,0.11067007853293016,3.775376906463036e-17,True,False,global foreground mean NNLS; not mean pixelwise NNLS,"raw postfit residual direction, constrained by NNLS KKT; not absorbed signal fraction",0,"{""n"": 0, ""median"": null, ""q25"": null, ""q75"": null, ""IQR"": null}","[null, null, null, null, null, null, null, null, null, null, null, null, null, null, null, null, null, null, null, null, null, null, null, null, null, null, null, null, null, null, null, null, null, null, null, null, null, null, null, null, null, null, null, null, null, null, null, null, null, null, null, null, null, null, null, null, null, null, null, null, null, null, null, null]",[]
114,PS 17:0_18:2,0.012247866282484934,0.012247866282484934,0.0,0.0,0.0,0.0,,0.0,0.0,[],[],,[],False,1.5404566511278972e-11,,,0.0,0.0,0.11067007853293016,3.775376906463036e-17,True,False,global foreground mean NNLS; not mean pixelwise NNLS,"raw postfit residual direction, constrained by NNLS KKT; not absorbed signal fraction",0,"{""n"": 0, ""median"": null, ""q25"": null, ""q75"": null, ""IQR"": null}","[null, null, null, null, null, null, null, null, null, null, null, null, null, null, null, null, null, null, null, null, null, null, null, null, null, null, null, null, null, null, null, null, null, null, null, null, null, null, null, null, null, null, null, null, null, null, null, null, null, null, null, null, null, null, null, null, null, null, null, null, null, null, null, null]",[]
115,PS 18:0_17:1,0.012247866282484934,0.012247866282484934,0.0,0.0,0.0,0.0,,0.0,0.0,[],[],,[],False,1.5404566511278972e-11,,,0.0,0.0,0.11067007853293016,3.775376906463036e-17,True,False,global foreground mean NNLS; not mean pixelwise NNLS,"raw postfit residual direction, constrained by NNLS KKT; not absorbed signal fraction",0,"{""n"": 0, ""median"": null, ""q25"": null, ""q75"": null, ""IQR"": null}","[null, null, null, null, null, null, null, null, null, null, null, null, null, null, null, null, null, null, null, null, null, null, null, null, null, null, null, null, null, null, null, null, null, null, null, null, null, null, null, null, null, null, null, null, null, null, null, null, null, null, null, null, null, null, null, null, null, null, null, null, null, null, null, null]",[]
116,PE 16:0_22:1,0.012247866282484934,0.012247866282484934,0.0,0.0,0.0,0.0,,0.0,0.0,[],[],,[],False,1.5404566511278972e-11,,,0.0,0.0,0.11067007853293016,3.775376906463036e-17,True,False,global foreground mean NNLS; not mean pixelwise NNLS,"raw postfit residual direction, constrained by NNLS KKT; not absorbed signal fraction",0,"{""n"": 0, ""median"": null, ""q25"": null, ""q75"": null, ""IQR"": null}","[null, null, null, null, null, null, null, null, null, null, null, null, null, null, null, null, null, null, null, null, null, null, null, null, null, null, null, null, null, null, null, null, null, null, null, null, null, null, null, null, null, null, null, null, null, null, null, null, null, null, null, null, null, null, null, null, null, null, null, null, null, null, null, null]",[]
117,PE 16:0_22:2,0.012247866282484934,0.012247866282484934,0.0,0.0,0.0,0.0,,0.0,0.0,[],[],,[],False,1.5404566511278972e-11,,,0.0,0.0,0.11067007853293016,3.775376906463036e-17,True,False,global foreground mean NNLS; not mean pixelwise NNLS,"raw postfit residual direction, constrained by NNLS KKT; not absorbed signal fraction",0,"{""n"": 0, ""median"": null, ""q25"": null, ""q75"": null, ""IQR"": null}","[null, null, null, null, null, null, null, null, null, null, null, null, null, null, null, null, null, null, null, null, null, null, null, null, null, null, null, null, null, null, null, null, null, null, null, null, null, null, null, null, null, null, null, null, null, null, null, null, null, null, null, null, null, null, null, null, null, null, null, null, null, null, null, null]",[]
118,PE 16:0_22:3,0.012247866282484934,0.012247866282484934,0.0,0.0,0.0,0.0,,0.0,0.0,[],[],,[],False,1.5404566511278972e-11,,,0.0,0.0,0.11067007853293016,3.775376906463036e-17,True,False,global foreground mean NNLS; not mean pixelwise NNLS,"raw postfit residual direction, constrained by NNLS KKT; not absorbed signal fraction",0,"{""n"": 0, ""median"": null, ""q25"": null, ""q75"": null, ""IQR"": null}","[null, null, null, null, null, null, null, null, null, null, null, null, null, null, null, null, null, null, null, null, null, null, null, null, null, null, null, null, null, null, null, null, null, null, null, null, null, null, null, null, null, null, null, null, null, null, null, null, null, null, null, null, null, null, null, null, null, null, null, null, null, null, null, null]",[]
119,PE 16:0_22:4,0.012247866282484934,0.012462419620959038,0.00021455333847410392,0.01751760947646925,0.07601930659108723,0.15825981576734344,PE 16:0_22:6,0.03393260668823743,0.21441075565200385,"[""PE 16:0_22:6"", ""PE O-18:1_22:4"", ""PE O-18:2_22:4"", ""PG 16:0_20:4"", ""PC 16:0_18:1""]","[0.03393260668823743, 0.03046577428190667, 0.028717249840177476, 0.009618868571016752, 0.00909900096130407]",PE 16:0_22:6,"[""PE 16:0_22:6""]",True,1.5404566511278972e-11,6.914950596706555e-16,-8.588957409320642e-15,0.8910266031531677,0.9710146204985609,0.11163520780183572,0.011386135858989992,True,True,global foreground mean NNLS; not mean pixelwise NNLS,"raw postfit residual direction, constrained by NNLS KKT; not absorbed signal fraction",64,"{""n"": 2016, ""median"": 0.8050985120765358, ""q25"": 0.7344060539402306, ""q75"": 0.8639298244555842, ""IQR"": 0.12952377051535358, ""minimum"": 0.4553540443707441, ""maximum"": 0.9999844947618137}","[""PE O-18:1_22:4"", ""PE O-18:1_22:4"", ""PE O-18:1_22:4"", ""PE O-18:1_22:4"", ""PE O-18:1_22:4"", ""PE 16:0_22:6"", ""PE 16:0_22:6"", ""PE 16:0_22:6"", ""PE O-18:2_22:4"", ""PE O-18:2_22:4"", ""PE O-18:2_22:4"", ""PE 16:0_22:6"", ""PE O-18:2_22:4"", ""PE O-18:2_22:4"", ""PE 16:0_22:6"", ""PE 16:0_22:6"", ""PE 16:0_22:6"", ""PE 16:0_22:6"", ""PE 16:0_22:6"", ""PE 16:0_22:6"", ""PE 16:0_22:6"", ""PE 16:0_22:6"", ""PE 16:0_22:6"", ""PE 16:0_22:6"", ""PE 16:0_22:6"", ""PE 16:0_22:6"", ""PE 16:0_22:6"", ""PE 16:0_22:6"", ""PE 16:0_22:6"", ""PE 16:0_22:6"", ""PE 16:0_22:6"", ""PE 16:0_22:6"", ""PE 16:0_22:6"", ""PE 16:0_22:6"", ""PE 16:0_22:6"", ""PE 16:0_22:6"", ""PE O-18:2_22:4"", ""PE O-18:2_22:4"", ""PE O-18:2_22:4"", ""PE O-18:2_22:4"", ""PE O-18:2_22:4"", ""PE 16:0_22:6"", ""PE 16:0_22:6"", ""PE 16:0_22:6"", ""PE 16:0_22:6"", ""PE 16:0_22:6"", ""PE 16:0_22:6"", ""PE O-18:1_22:4"", ""PE O-18:1_22:4"", ""PE O-18:1_22:4"", ""PE O-18:1_22:4"", ""PE O-18:1_22:4"", ""PE O-18:1_22:4"", ""PE O-18:1_22:4"", ""PE O-18:1_22:4"", ""PE 16:0_22:6"", ""PE O-18:2_22:4"", ""PE O-18:2_22:4"", ""PE O-18:2_22:4"", ""PE O-18:2_22:4"", ""PE 16:0_22:6"", ""PE O-18:1_22:4"", ""PE O-18:1_22:4"", ""PG 14:0_22:4""]","[0, 1, 2, 3, 4, 5, 6, 7, 8, 9, 10, 11, 12, 13, 14, 15, 16, 17, 18, 19, 20, 21, 22, 23, 24, 25, 26, 27, 28, 29, 30, 31, 32, 33, 34, 35, 36, 37, 38, 39, 40, 41, 42, 43, 44, 45, 46, 47, 48, 49, 50, 51, 52, 53, 54, 55, 56, 57, 58, 59, 60, 61, 62, 63]"
120,PE 16:0_22:5,0.012247866282484934,0.012247866282484934,0.0,0.0,0.0,0.0,,0.0,0.0,[],[],,[],False,1.5404566511278972e-11,,,0.0,0.0,0.11067007853293016,3.775376906463036e-17,True,False,global foreground mean NNLS; not mean pixelwise NNLS,"raw postfit residual direction, constrained by NNLS KKT; not absorbed signal fraction",0,"{""n"": 0, ""median"": null, ""q25"": null, ""q75"": null, ""IQR"": null}","[null, null, null, null, null, null, null, null, null, null, null, null, null, null, null, null, null, null, null, null, null, null, null, null, null, null, null, null, null, null, null, null, null, null, null, null, null, null, null, null, null, null, null, null, null, null, null, null, null, null, null, null, null, null, null, null, null, null, null, null, null, null, null, null]",[]
121,PE 16:0_22:6,0.012247866282484934,0.012305409791054564,5.7543508569629295e-05,0.00469824761617631,0.0192278657967536,0.0536540309744125,PG 16:0_20:4,0.009299067324144776,0.17331535310750776,"[""PG 16:0_20:4"", ""PC 16:0_18:1"", ""PG 16:0_22:6"", ""PE 16:0_22:4"", ""PE O-18:2_22:6""]","[0.009299067324144776, 0.004430070184533813, 0.0039345133892437455, 0.003905324536295565, 0.003662299941709579]",PG 16:0_20:4,"[""PG 16:0_20:4""]",True,1.5404566511278972e-11,-2.7952989783423183e-16,0.042282194042111455,0.7382421693426945,0.8727365603019073,0.11092975160458333,0.007153665792309028,True,True,global foreground mean NNLS; not mean pixelwise NNLS,"raw postfit residual direction, constrained by NNLS KKT; not absorbed signal fraction",58,"{""n"": 1653, ""median"": 0.7118825675534255, ""q25"": 0.6377215266017193, ""q75"": 0.8092356545420993, ""IQR"": 0.17151412794038, ""minimum"": 0.4588389682407064, ""maximum"": 1.0000000000000002}","[""PG 16:0_20:4"", ""PG 16:0_20:4"", ""PG 16:0_20:4"", ""PG 16:0_20:4"", ""PG 16:0_20:4"", ""PC 16:0_18:1"", ""PE 16:0_22:4"", ""PE 16:0_22:4"", ""PE 16:0_22:4"", ""PE 16:0_22:4"", ""PE 16:0_22:4"", null, null, ""PG 16:0_22:6"", ""PE 16:0_22:4"", ""PG 16:0_20:4"", ""PG 16:0_20:4"", ""PG 16:0_20:4"", ""PG 16:0_20:4"", ""PG 16:0_20:4"", ""PG 16:0_20:4"", ""PG 16:0_20:4"", ""PG 16:0_20:4"", ""PE 18:0_22:6"", ""PE 16:0_22:4"", ""PE 18:0_22:6"", ""PC 16:0_18:1"", ""PC 16:0_18:1"", ""PG 16:0_22:6"", ""PC 16:0_18:1"", ""PC 16:0_18:1"", ""PC 16:0_18:1"", ""PC 16:0_18:1"", ""PC 16:0_18:1"", ""PC 16:0_18:1"", ""PC 16:0_18:1"", ""PC 16:0_18:1"", null, null, null, null, ""PE 16:0_22:4"", ""PE 16:0_22:4"", ""PE 16:0_22:4"", ""PC 16:0_18:1"", ""PC 16:0_18:1"", ""PC 16:0_18:1"", ""PG 16:0_22:6"", ""PC 16:0_16:0"", ""PC 16:0_16:0"", ""PC 16:0_16:0"", ""PC 16:0_16:0"", ""PC 16:0_16:0"", ""PC 16:0_16:0"", ""PE 16:0_22:4"", ""PE 16:0_22:4"", ""PE 16:0_22:4"", ""PE 16:0_22:4"", ""PE 16:0_22:4"", ""PE 16:0_22:4"", ""PC 16:0_16:0"", ""PC 16:0_16:0"", ""PC 16:0_16:0"", ""PC 16:0_16:0""]","[0, 1, 2, 3, 4, 5, 6, 7, 8, 9, 10, 13, 14, 15, 16, 17, 18, 19, 20, 21, 22, 23, 24, 25, 26, 27, 28, 29, 30, 31, 32, 33, 34, 35, 36, 41, 42, 43, 44, 45, 46, 47, 48, 49, 50, 51, 52, 53, 54, 55, 56, 57, 58, 59, 60, 61, 62, 63]"
122,PE 16:0_24:4,0.012247866282484934,0.012247866282484934,0.0,0.0,0.0,0.0,,0.0,0.0,[],[],,[],False,1.5404566511278972e-11,,,0.0,0.0,0.11067007853293016,3.775376906463036e-17,True,False,global foreground mean NNLS; not mean pixelwise NNLS,"raw postfit residual direction, constrained by NNLS KKT; not absorbed signal fraction",0,"{""n"": 0, ""median"": null, ""q25"": null, ""q75"": null, ""IQR"": null}","[null, null, null, null, null, null, null, null, null, null, null, null, null, null, null, null, null, null, null, null, null, null, null, null, null, null, null, null, null, null, null, null, null, null, null, null, null, null, null, null, null, null, null, null, null, null, null, null, null, null, null, null, null, null, null, null, null, null, null, null, null, null, null, null]",[]
123,PE 16:0_24:5,0.012247866282484934,0.012247866282484934,0.0,0.0,0.0,0.0,,0.0,0.0,[],[],,[],False,1.5404566511278972e-11,,,0.0,0.0,0.11067007853293016,3.775376906463036e-17,True,False,global foreground mean NNLS; not mean pixelwise NNLS,"raw postfit residual direction, constrained by NNLS KKT; not absorbed signal fraction",0,"{""n"": 0, ""median"": null, ""q25"": null, ""q75"": null, ""IQR"": null}","[null, null, null, null, null, null, null, null, null, null, null, null, null, null, null, null, null, null, null, null, null, null, null, null, null, null, null, null, null, null, null, null, null, null, null, null, null, null, null, null, null, null, null, null, null, null, null, null, null, null, null, null, null, null, null, null, null, null, null, null, null, null, null, null]",[]
124,PE 16:0_24:6,0.012247866282484934,0.012247866282484934,0.0,0.0,0.0,0.0,,0.0,0.0,[],[],,[],False,1.5404566511278972e-11,,,0.0,0.0,0.11067007853293016,3.775376906463036e-17,True,False,global foreground mean NNLS; not mean pixelwise NNLS,"raw postfit residual direction, constrained by NNLS KKT; not absorbed signal fraction",0,"{""n"": 0, ""median"": null, ""q25"": null, ""q75"": null, ""IQR"": null}","[null, null, null, null, null, null, null, null, null, null, null, null, null, null, null, null, null, null, null, null, null, null, null, null, null, null, null, null, null, null, null, null, null, null, null, null, null, null, null, null, null, null, null, null, null, null, null, null, null, null, null, null, null, null, null, null, null, null, null, null, null, null, null, null]",[]
125,PE 22:0_16:1,0.012247866282484934,0.012247866282484934,0.0,0.0,0.0,0.0,,0.0,0.0,[],[],,[],False,1.5404566511278972e-11,,,0.0,0.0,0.11067007853293016,3.775376906463036e-17,True,False,global foreground mean NNLS; not mean pixelwise NNLS,"raw postfit residual direction, constrained by NNLS KKT; not absorbed signal fraction",0,"{""n"": 0, ""median"": null, ""q25"": null, ""q75"": null, ""IQR"": null}","[null, null, null, null, null, null, null, null, null, null, null, null, null, null, null, null, null, null, null, null, null, null, null, null, null, null, null, null, null, null, null, null, null, null, null, null, null, null, null, null, null, null, null, null, null, null, null, null, null, null, null, null, null, null, null, null, null, null, null, null, null, null, null, null]",[]
126,PE 16:1_22:1,0.012247866282484934,0.012247866282484934,0.0,0.0,0.0,0.0,,0.0,0.0,[],[],,[],False,1.5404566511278972e-11,,,0.0,0.0,0.11067007853293016,3.775376906463036e-17,True,False,global foreground mean NNLS; not mean pixelwise NNLS,"raw postfit residual direction, constrained by NNLS KKT; not absorbed signal fraction",0,"{""n"": 0, ""median"": null, ""q25"": null, ""q75"": null, ""IQR"": null}","[null, null, null, null, null, null, null, null, null, null, null, null, null, null, null, null, null, null, null, null, null, null, null, null, null, null, null, null, null, null, null, null, null, null, null, null, null, null, null, null, null, null, null, null, null, null, null, null, null, null, null, null, null, null, null, null, null, null, null, null, null, null, null, null]",[]
127,PE 16:1_22:2,0.012247866282484934,0.012247866282484934,0.0,0.0,0.0,0.0,,0.0,0.0,[],[],,[],False,1.5404566511278972e-11,,,0.0,0.0,0.11067007853293016,3.775376906463036e-17,True,False,global foreground mean NNLS; not mean pixelwise NNLS,"raw postfit residual direction, constrained by NNLS KKT; not absorbed signal fraction",0,"{""n"": 0, ""median"": null, ""q25"": null, ""q75"": null, ""IQR"": null}","[null, null, null, null, null, null, null, null, null, null, null, null, null, null, null, null, null, null, null, null, null, null, null, null, null, null, null, null, null, null, null, null, null, null, null, null, null, null, null, null, null, null, null, null, null, null, null, null, null, null, null, null, null, null, null, null, null, null, null, null, null, null, null, null]",[]
128,PE 16:1_22:3,0.012247866282484934,0.012247866282484934,0.0,0.0,0.0,0.0,,0.0,0.0,[],[],,[],False,1.5404566511278972e-11,,,0.0,0.0,0.11067007853293016,3.775376906463036e-17,True,False,global foreground mean NNLS; not mean pixelwise NNLS,"raw postfit residual direction, constrained by NNLS KKT; not absorbed signal fraction",0,"{""n"": 0, ""median"": null, ""q25"": null, ""q75"": null, ""IQR"": null}","[null, null, null, null, null, null, null, null, null, null, null, null, null, null, null, null, null, null, null, null, null, null, null, null, null, null, null, null, null, null, null, null, null, null, null, null, null, null, null, null, null, null, null, null, null, null, null, null, null, null, null, null, null, null, null, null, null, null, null, null, null, null, null, null]",[]
129,PE 16:1_22:4,0.012247866282484934,0.012247866282484934,0.0,0.0,0.0,0.0,,0.0,0.0,[],[],,[],False,1.5404566511278972e-11,,,0.0,0.0,0.11067007853293016,3.775376906463036e-17,True,False,global foreground mean NNLS; not mean pixelwise NNLS,"raw postfit residual direction, constrained by NNLS KKT; not absorbed signal fraction",0,"{""n"": 0, ""median"": null, ""q25"": null, ""q75"": null, ""IQR"": null}","[null, null, null, null, null, null, null, null, null, null, null, null, null, null, null, null, null, null, null, null, null, null, null, null, null, null, null, null, null, null, null, null, null, null, null, null, null, null, null, null, null, null, null, null, null, null, null, null, null, null, null, null, null, null, null, null, null, null, null, null, null, null, null, null]",[]
130,PE 16:1_22:5,0.012247866282484934,0.012247866282484934,0.0,0.0,0.0,0.0,,0.0,0.0,[],[],,[],False,1.5404566511278972e-11,,,0.0,0.0,0.11067007853293016,3.775376906463036e-17,True,False,global foreground mean NNLS; not mean pixelwise NNLS,"raw postfit residual direction, constrained by NNLS KKT; not absorbed signal fraction",0,"{""n"": 0, ""median"": null, ""q25"": null, ""q75"": null, ""IQR"": null}","[null, null, null, null, null, null, null, null, null, null, null, null, null, null, null, null, null, null, null, null, null, null, null, null, null, null, null, null, null, null, null, null, null, null, null, null, null, null, null, null, null, null, null, null, null, null, null, null, null, null, null, null, null, null, null, null, null, null, null, null, null, null, null, null]",[]
131,PE 16:1_22:6,0.012247866282484934,0.012247866282484934,0.0,0.0,0.0,0.0,,0.0,0.0,[],[],,[],False,1.5404566511278972e-11,,,0.0,0.0,0.11067007853293016,3.775376906463036e-17,True,False,global foreground mean NNLS; not mean pixelwise NNLS,"raw postfit residual direction, constrained by NNLS KKT; not absorbed signal fraction",0,"{""n"": 0, ""median"": null, ""q25"": null, ""q75"": null, ""IQR"": null}","[null, null, null, null, null, null, null, null, null, null, null, null, null, null, null, null, null, null, null, null, null, null, null, null, null, null, null, null, null, null, null, null, null, null, null, null, null, null, null, null, null, null, null, null, null, null, null, null, null, null, null, null, null, null, null, null, null, null, null, null, null, null, null, null]",[]
132,PE 18:0_20:0,0.012247866282484934,0.012247866282484934,0.0,0.0,0.0,0.0,,0.0,0.0,[],[],,[],False,1.5404566511278972e-11,,,0.0,0.0,0.11067007853293016,3.775376906463036e-17,True,False,global foreground mean NNLS; not mean pixelwise NNLS,"raw postfit residual direction, constrained by NNLS KKT; not absorbed signal fraction",0,"{""n"": 0, ""median"": null, ""q25"": null, ""q75"": null, ""IQR"": null}","[null, null, null, null, null, null, null, null, null, null, null, null, null, null, null, null, null, null, null, null, null, null, null, null, null, null, null, null, null, null, null, null, null, null, null, null, null, null, null, null, null, null, null, null, null, null, null, null, null, null, null, null, null, null, null, null, null, null, null, null, null, null, null, null]",[]
133,PE 18:0_20:1,0.012247866282484934,0.012247866282484934,0.0,0.0,0.0,0.0,,0.0,0.0,[],[],,[],False,1.5404566511278972e-11,,,0.0,0.0,0.11067007853293016,3.775376906463036e-17,True,False,global foreground mean NNLS; not mean pixelwise NNLS,"raw postfit residual direction, constrained by NNLS KKT; not absorbed signal fraction",0,"{""n"": 0, ""median"": null, ""q25"": null, ""q75"": null, ""IQR"": null}","[null, null, null, null, null, null, null, null, null, null, null, null, null, null, null, null, null, null, null, null, null, null, null, null, null, null, null, null, null, null, null, null, null, null, null, null, null, null, null, null, null, null, null, null, null, null, null, null, null, null, null, null, null, null, null, null, null, null, null, null, null, null, null, null]",[]
134,PE 18:0_20:2,0.012247866282484934,0.012247866282484934,0.0,0.0,0.0,0.0,,0.0,0.0,[],[],,[],False,1.5404566511278972e-11,,,0.0,0.0,0.11067007853293016,3.775376906463036e-17,True,False,global foreground mean NNLS; not mean pixelwise NNLS,"raw postfit residual direction, constrained by NNLS KKT; not absorbed signal fraction",0,"{""n"": 0, ""median"": null, ""q25"": null, ""q75"": null, ""IQR"": null}","[null, null, null, null, null, null, null, null, null, null, null, null, null, null, null, null, null, null, null, null, null, null, null, null, null, null, null, null, null, null, null, null, null, null, null, null, null, null, null, null, null, null, null, null, null, null, null, null, null, null, null, null, null, null, null, null, null, null, null, null, null, null, null, null]",[]
135,PE 18:0_20:3,0.012247866282484934,0.012247866282484934,0.0,0.0,0.0,0.0,,0.0,0.0,[],[],,[],False,1.5404566511278972e-11,,,0.0,0.0,0.11067007853293016,3.775376906463036e-17,True,False,global foreground mean NNLS; not mean pixelwise NNLS,"raw postfit residual direction, constrained by NNLS KKT; not absorbed signal fraction",0,"{""n"": 0, ""median"": null, ""q25"": null, ""q75"": null, ""IQR"": null}","[null, null, null, null, null, null, null, null, null, null, null, null, null, null, null, null, null, null, null, null, null, null, null, null, null, null, null, null, null, null, null, null, null, null, null, null, null, null, null, null, null, null, null, null, null, null, null, null, null, null, null, null, null, null, null, null, null, null, null, null, null, null, null, null]",[]
136,PE 18:0_20:4,0.012247866282484934,0.012247866282484934,0.0,0.0,0.0,0.0,,0.0,0.0,[],[],,[],False,1.5404566511278972e-11,,,0.0,0.0,0.11067007853293016,3.775376906463036e-17,True,False,global foreground mean NNLS; not mean pixelwise NNLS,"raw postfit residual direction, constrained by NNLS KKT; not absorbed signal fraction",18,"{""n"": 153, ""median"": 0.8759859091305863, ""q25"": 0.8254396977284189, ""q75"": 0.9236778093460875, ""IQR"": 0.0982381116176686, ""minimum"": 0.718113052547784, ""maximum"": 0.9999999999999999}","[null, null, null, null, null, null, null, null, null, null, null, null, null, null, null, ""PE 18:0_22:6"", ""PE 18:0_22:6"", ""PE 18:0_22:6"", ""PE 18:0_22:6"", ""PE 18:0_22:6"", ""PE 18:0_22:6"", ""PE 18:0_22:6"", ""PE 18:0_22:6"", ""PE 18:0_22:6"", ""PE 18:0_22:6"", ""PE 18:0_22:6"", ""PE 18:0_22:6"", ""PE 18:0_22:6"", ""PE 18:0_22:6"", ""PE 18:0_22:6"", ""PE 18:0_22:6"", ""PE 18:0_22:6"", ""PE 18:0_22:6"", null, null, null, null, null, null, null, null, null, null, null, null, null, null, null, null, null, null, null, null, null, null, null, null, null, null, null, null, null, null, null]","[15, 16, 17, 18, 19, 20, 21, 22, 23, 24, 25, 26, 27, 28, 29, 30, 31, 32]"
137,PE 18:0_20:5,0.012247866282484934,0.012247866282484934,0.0,0.0,0.0,0.0,,0.0,0.0,[],[],,[],False,1.5404566511278972e-11,,,0.0,0.0,0.11067007853293016,3.775376906463036e-17,True,False,global foreground mean NNLS; not mean pixelwise NNLS,"raw postfit residual direction, constrained by NNLS KKT; not absorbed signal fraction",0,"{""n"": 0, ""median"": null, ""q25"": null, ""q75"": null, ""IQR"": null}","[null, null, null, null, null, null, null, null, null, null, null, null, null, null, null, null, null, null, null, null, null, null, null, null, null, null, null, null, null, null, null, null, null, null, null, null, null, null, null, null, null, null, null, null, null, null, null, null, null, null, null, null, null, null, null, null, null, null, null, null, null, null, null, null]",[]
138,PE 18:0_22:3,0.012247866282484934,0.012247866282484934,0.0,0.0,0.0,0.0,,0.0,0.0,[],[],,[],False,1.5404566511278972e-11,,,0.0,0.0,0.11067007853293016,3.775376906463036e-17,True,False,global foreground mean NNLS; not mean pixelwise NNLS,"raw postfit residual direction, constrained by NNLS KKT; not absorbed signal fraction",0,"{""n"": 0, ""median"": null, ""q25"": null, ""q75"": null, ""IQR"": null}","[null, null, null, null, null, null, null, null, null, null, null, null, null, null, null, null, null, null, null, null, null, null, null, null, null, null, null, null, null, null, null, null, null, null, null, null, null, null, null, null, null, null, null, null, null, null, null, null, null, null, null, null, null, null, null, null, null, null, null, null, null, null, null, null]",[]
139,PE 18:0_22:4,0.012247866282484934,0.012247866282484934,0.0,0.0,0.0,0.0,,0.0,0.0,[],[],,[],False,1.5404566511278972e-11,,,0.0,0.0,0.11067007853293016,3.775376906463036e-17,True,False,global foreground mean NNLS; not mean pixelwise NNLS,"raw postfit residual direction, constrained by NNLS KKT; not absorbed signal fraction",0,"{""n"": 0, ""median"": null, ""q25"": null, ""q75"": null, ""IQR"": null}","[null, null, null, null, null, null, null, null, null, null, null, null, null, null, null, null, null, null, null, null, null, null, null, null, null, null, null, null, null, null, null, null, null, null, null, null, null, null, null, null, null, null, null, null, null, null, null, null, null, null, null, null, null, null, null, null, null, null, null, null, null, null, null, null]",[]
140,PE 18:0_22:5,0.012247866282484934,0.012247866282484934,0.0,0.0,0.0,0.0,,0.0,0.0,[],[],,[],False,1.5404566511278972e-11,,,0.0,0.0,0.11067007853293016,3.775376906463036e-17,True,False,global foreground mean NNLS; not mean pixelwise NNLS,"raw postfit residual direction, constrained by NNLS KKT; not absorbed signal fraction",0,"{""n"": 0, ""median"": null, ""q25"": null, ""q75"": null, ""IQR"": null}","[null, null, null, null, null, null, null, null, null, null, null, null, null, null, null, null, null, null, null, null, null, null, null, null, null, null, null, null, null, null, null, null, null, null, null, null, null, null, null, null, null, null, null, null, null, null, null, null, null, null, null, null, null, null, null, null, null, null, null, null, null, null, null, null]",[]
141,PE 18:0_22:6,0.012247866282484934,0.022994052728182127,0.010746186445697192,0.8773925349093162,0.30486172829748076,0.7491218819156467,PE 18:0_20:4,0.17195668277027343,0.22954433306676086,"[""PE 18:0_20:4"", ""PE 18:0_22:4"", ""PE 20:2_20:4"", ""PE 18:1_22:6"", ""PE 16:0_22:6""]","[0.17195668277027343, 0.07488277619496271, 0.06407797718486186, 0.061544140184099885, 0.05791208028659618]",PE 18:0_20:4,"[""PE 18:0_20:4""]",True,1.5404566511278972e-11,-9.437923285043384e-17,0.015227100954890509,0.7249729279410856,0.8839190963351511,0.15163790003881655,0.09419657748517125,True,True,global foreground mean NNLS; not mean pixelwise NNLS,"raw postfit residual direction, constrained by NNLS KKT; not absorbed signal fraction",64,"{""n"": 2016, ""median"": 0.8718976297173238, ""q25"": 0.8260189841424079, ""q75"": 0.9182958534578609, ""IQR"": 0.09227686931545298, ""minimum"": 0.6436472091595973, ""maximum"": 0.9999806703684312}","[""PE 18:0_20:4"", ""PE 18:0_20:4"", ""PE 18:0_20:4"", ""PE 18:0_20:4"", ""PE 18:0_20:4"", ""PE 18:0_20:4"", ""PE 18:0_20:4"", ""PE 18:0_20:4"", ""PE 18:0_20:4"", ""PE 18:0_20:4"", ""PE 18:0_20:4"", ""PE 18:0_20:4"", ""PE 18:0_20:4"", ""PE 18:0_20:4"", ""PE 18:0_20:4"", ""PE 18:0_20:4"", ""PE 18:0_20:4"", ""PE 18:0_20:4"", ""PE 18:0_20:4"", ""PE 18:0_20:4"", ""PE 18:0_20:4"", ""PE 18:0_20:4"", ""PE 18:0_20:4"", ""PE 18:0_20:4"", ""PE 18:0_20:4"", ""PE 18:0_20:4"", ""PE 18:0_20:4"", ""PE 18:0_20:4"", ""PE 18:0_20:4"", ""PE 18:0_20:4"", ""PE 18:0_20:4"", ""PE 18:0_20:4"", ""PE 18:0_20:4"", ""PE 18:0_20:4"", ""PE 18:0_20:4"", ""PE 18:0_20:4"", ""PE 18:0_20:4"", ""PE 18:0_20:4"", ""PE 18:0_20:4"", ""PE 18:0_20:4"", ""PE 18:0_20:4"", ""PE 18:0_20:4"", ""PE 18:0_20:4"", ""PE 18:0_20:4"", ""PE 18:0_20:4"", ""PE 18:0_20:4"", ""PE 18:0_20:4"", ""PE 18:0_20:4"", ""PE 18:0_20:4"", ""PE 18:0_20:4"", ""PE 18:0_20:4"", ""PE 18:0_20:4"", ""PE 18:0_20:4"", ""PE 18:0_20:4"", ""PE 18:0_20:4"", ""PE 18:0_20:4"", ""PE 18:0_20:4"", ""PE 18:0_20:4"", ""PE 18:0_20:4"", ""PE 18:0_20:4"", ""PE 18:0_20:4"", ""PE 18:0_20:4"", ""PE 18:0_20:4"", ""PE 18:0_20:4""]","[0, 1, 2, 3, 4, 5, 6, 7, 8, 9, 10, 11, 12, 13, 14, 15, 16, 17, 18, 19, 20, 21, 22, 23, 24, 25, 26, 27, 28, 29, 30, 31, 32, 33, 34, 35, 36, 37, 38, 39, 40, 41, 42, 43, 44, 45, 46, 47, 48, 49, 50, 51, 52, 53, 54, 55, 56, 57, 58, 59, 60, 61, 62, 63]"
142,PE 20:0_18:1,0.012247866282484934,0.012247866282484934,0.0,0.0,0.0,0.0,,0.0,0.0,[],[],,[],False,1.5404566511278972e-11,,,0.0,0.0,0.11067007853293016,3.775376906463036e-17,True,False,global foreground mean NNLS; not mean pixelwise NNLS,"raw postfit residual direction, constrained by NNLS KKT; not absorbed signal fraction",0,"{""n"": 0, ""median"": null, ""q25"": null, ""q75"": null, ""IQR"": null}","[null, null, null, null, null, null, null, null, null, null, null, null, null, null, null, null, null, null, null, null, null, null, null, null, null, null, null, null, null, null, null, null, null, null, null, null, null, null, null, null, null, null, null, null, null, null, null, null, null, null, null, null, null, null, null, null, null, null, null, null, null, null, null, null]",[]
143,PE 18:1_20:1,0.012247866282484934,0.012247866282484934,0.0,0.0,0.0,0.0,,0.0,0.0,[],[],,[],False,1.5404566511278972e-11,,,0.0,0.0,0.11067007853293016,3.775376906463036e-17,True,False,global foreground mean NNLS; not mean pixelwise NNLS,"raw postfit residual direction, constrained by NNLS KKT; not absorbed signal fraction",4,"{""n"": 6, ""median"": 0.9425614382930969, ""q25"": 0.9394818635561721, ""q75"": 0.951195952965237, ""IQR"": 0.01171408940906482, ""minimum"": 0.9290820977050656, ""maximum"": 0.9844943060377804}","[null, null, null, null, null, null, null, null, null, ""PE O-18:1_20:1"", ""PE O-18:1_20:1"", ""PE O-18:1_20:1"", ""PE O-18:1_20:1"", null, null, null, null, null, null, null, null, null, null, null, null, null, null, null, null, null, null, null, null, null, null, null, null, null, null, null, null, null, null, null, null, null, null, null, null, null, null, null, null, null, null, null, null, null, null, null, null, null, null, null]","[9, 10, 11, 12]"
144,PE 18:1_20:2,0.012247866282484934,0.012247866282484934,0.0,0.0,0.0,0.0,,0.0,0.0,[],[],,[],False,1.5404566511278972e-11,,,0.0,0.0,0.11067007853293016,3.775376906463036e-17,True,False,global foreground mean NNLS; not mean pixelwise NNLS,"raw postfit residual direction, constrained by NNLS KKT; not absorbed signal fraction",0,"{""n"": 0, ""median"": null, ""q25"": null, ""q75"": null, ""IQR"": null}","[null, null, null, null, null, null, null, null, null, null, null, null, null, null, null, null, null, null, null, null, null, null, null, null, null, null, null, null, null, null, null, null, null, null, null, null, null, null, null, null, null, null, null, null, null, null, null, null, null, null, null, null, null, null, null, null, null, null, null, null, null, null, null, null]",[]
145,PE 18:1_20:3,0.012247866282484934,0.012291693436902618,4.3827154417683256e-05,0.0035783501716360132,0.014144948929494973,0.0512064690436053,PE 20:3_20:4,0.02492499574163515,0.4867548223237831,"[""PE 20:3_20:4"", ""PC 16:0_18:1"", ""PE 18:1_20:4"", ""PE O-18:1_22:6"", ""PE O-18:0_22:5""]","[0.02492499574163515, 0.004093797688332741, 0.0034997552497870524, 0.0025422662611895644, 0.0018166196909123649]",PE 20:3_20:4,"[""PE 20:3_20:4""]",True,1.5404566511278972e-11,1.1480809479358117e-15,0.0345549248994431,0.41568766097969584,0.8833865352591975,0.11086790986080065,0.005393985968038143,True,True,global foreground mean NNLS; not mean pixelwise NNLS,"raw postfit residual direction, constrained by NNLS KKT; not absorbed signal fraction",55,"{""n"": 1485, ""median"": 0.7612294261963192, ""q25"": 0.6800232451185224, ""q75"": 0.8355964761716687, ""IQR"": 0.15557323105314624, ""minimum"": 0.40980775574538264, ""maximum"": 0.9998834952904139}","[""PE 20:3_20:4"", ""PE 20:3_20:4"", ""PE 20:3_20:4"", ""PE 20:3_20:4"", ""PE 20:3_20:4"", ""PE 20:3_20:4"", ""PE 20:3_20:4"", ""PE O-18:0_20:3"", ""PE O-18:0_20:3"", ""PE O-18:0_20:3"", ""PE O-18:0_20:3"", ""PE O-18:0_20:3"", ""PE O-18:0_20:3"", ""PE 20:3_20:4"", ""PE 20:3_20:4"", ""PE 20:3_20:4"", ""PE 20:3_20:4"", ""PE 20:3_20:4"", ""PE 20:3_20:4"", ""PE 20:3_20:4"", ""PE 20:3_20:4"", ""PE 20:3_20:4"", ""PE 20:3_20:4"", ""PE 20:3_20:4"", ""PE 20:3_20:4"", ""PE 20:3_20:4"", ""PE 20:3_20:4"", ""PE 20:3_20:4"", ""PE 20:3_20:4"", ""PE 20:3_20:4"", ""PE 20:3_20:4"", ""PE 20:3_20:4"", ""PE 20:3_20:4"", ""PE 20:3_20:4"", ""PE 20:3_20:4"", ""PE 20:3_20:4"", ""PE 20:3_20:4"", ""PE O-18:0_20:3"", ""PE O-18:0_20:3"", ""PE 20:3_20:4"", ""PE O-18:0_20:3"", ""PE 20:3_20:4"", ""PE O-18:0_20:3"", ""PE 20:3_20:4"", ""PE 20:3_20:4"", ""PE 20:3_20:4"", ""PE 20:3_20:4"", null, null, null, ""PE 20:3_20:4"", ""PE 20:3_20:4"", null, ""PE O-18:0_20:3"", ""PE O-18:0_20:3"", null, ""PE O-18:0_20:3"", ""PE O-18:0_20:3"", null, ""PE O-18:0_20:3"", ""PE 20:3_20:4"", null, null, null]","[0, 1, 2, 3, 4, 5, 6, 7, 8, 9, 10, 11, 12, 13, 14, 15, 16, 17, 18, 19, 20, 21, 22, 23, 24, 25, 26, 27, 28, 29, 30, 31, 32, 33, 34, 35, 36, 37, 38, 39, 40, 41, 42, 43, 44, 45, 46, 50, 51, 53, 54, 56, 57, 59, 60]"
146,PE 18:1_20:4,0.012247866282484934,0.012369895500408713,0.00012202921792377891,0.009963304227800358,0.04685941602746643,0.08343180411130835,PE 18:1_22:6,0.016970560121206024,0.20340636645423354,"[""PE 18:1_22:6"", ""PE O-20:3_20:4"", ""PC 16:0_18:1"", ""PE O-18:1_20:4"", ""PE 20:1_20:4""]","[0.016970560121206024, 0.010937599181272736, 0.007078482839623722, 0.006363604982711948, 0.005358303310255731]",PE 18:1_22:6,"[""PE 18:1_22:6""]",True,1.5404566511278972e-11,-4.3282289733840645e-16,-2.3816262336849707e-14,0.9158422423657028,0.9460191819240302,0.11122003192055248,0.01085738032511866,True,True,global foreground mean NNLS; not mean pixelwise NNLS,"raw postfit residual direction, constrained by NNLS KKT; not absorbed signal fraction",64,"{""n"": 2016, ""median"": 0.7789987489741341, ""q25"": 0.7136499836475507, ""q75"": 0.8465273552880581, ""IQR"": 0.1328773716405074, ""minimum"": 0.39490339719861967, ""maximum"": 0.9999905245766639}","[""PE 18:1_22:6"", ""PE 18:1_22:6"", ""PE 18:1_22:6"", ""PG 14:0_22:4"", ""PG 14:0_22:4"", ""PE 18:1_22:6"", ""PE 18:1_22:6"", ""PE 18:1_22:6"", ""PE 18:1_22:6"", ""PE 18:1_22:6"", ""PE 18:1_22:6"", ""PE O-18:1_20:4"", ""PE 18:1_22:6"", ""PE 18:1_22:6"", ""PE 18:1_22:6"", ""PE 18:1_22:6"", ""PE 18:1_22:6"", ""PE 18:1_22:6"", ""PE 18:1_22:6"", ""PE 18:1_22:6"", ""PE 18:1_22:6"", ""PE 18:1_22:6"", ""PE 18:1_22:6"", ""PE 18:1_22:6"", ""PE 18:1_22:6"", ""PE 18:1_22:6"", ""PE 18:1_22:6"", ""PE 18:1_22:6"", ""PE 18:1_22:6"", ""PE 18:1_22:6"", ""PE 18:1_22:6"", ""PE 18:1_22:6"", ""PE 18:1_22:6"", ""PE 18:1_22:6"", ""PE 18:1_22:6"", ""PE 18:1_22:6"", ""PE 18:1_22:6"", ""PE 18:1_22:6"", ""PE 18:1_22:6"", ""PE 18:1_22:6"", ""PE 18:1_22:6"", ""PE 18:1_22:6"", ""PE 18:1_22:6"", ""PE 18:1_22:6"", ""PE 18:1_22:6"", ""PE 18:1_22:6"", ""PE 18:1_22:6"", ""PE 18:1_22:6"", ""PE 18:1_22:6"", ""PE 18:1_22:6"", ""PE 18:1_22:6"", ""PE 18:1_22:6"", ""PE 18:1_22:6"", ""PE O-20:3_20:4"", ""PE 18:1_22:6"", ""PE 18:1_22:6"", ""PE 18:1_22:6"", ""PE 18:1_22:6"", ""PE 18:1_22:6"", ""PE 18:1_22:6"", ""PE 18:1_22:6"", ""PE 18:1_22:6"", ""PE 20:4_20:4"", ""PE 20:4_20:4""]","[0, 1, 2, 3, 4, 5, 6, 7, 8, 9, 10, 11, 12, 13, 14, 15, 16, 17, 18, 19, 20, 21, 22, 23, 24, 25, 26, 27, 28, 29, 30, 31, 32, 33, 34, 35, 36, 37, 38, 39, 40, 41, 42, 43, 44, 45, 46, 47, 48, 49, 50, 51, 52, 53, 54, 55, 56, 57, 58, 59, 60, 61, 62, 63]"
147,PE 18:1_20:5,0.012247866282484934,0.012247866282484934,0.0,0.0,0.0,0.0,,0.0,0.0,[],[],,[],False,1.5404566511278972e-11,,,0.0,0.0,0.11067007853293016,3.775376906463036e-17,True,False,global foreground mean NNLS; not mean pixelwise NNLS,"raw postfit residual direction, constrained by NNLS KKT; not absorbed signal fraction",6,"{""n"": 15, ""median"": 0.6583164714124373, ""q25"": 0.5488382205734832, ""q75"": 0.786325865746629, ""IQR"": 0.2374876451731458, ""minimum"": 0.41693475320777634, ""maximum"": 0.9138163062490646}","[null, null, null, null, null, null, null, null, null, null, null, ""PE 20:1_20:5"", ""PE 20:1_20:5"", ""PE 20:1_20:5"", ""PE 20:1_20:5"", null, null, null, null, null, null, null, null, ""PE 20:1_20:5"", null, ""PE 20:1_20:5"", null, null, null, null, null, null, null, null, null, null, null, null, null, null, null, null, null, null, null, null, null, null, null, null, null, null, null, null, null, null, null, null, null, null, null, null, null, null]","[11, 12, 13, 14, 23, 25]"
148,PE 18:1_22:2,0.012247866282484934,0.012247866282484934,0.0,0.0,0.0,0.0,,0.0,0.0,[],[],,[],False,1.5404566511278972e-11,,,0.0,0.0,0.11067007853293016,3.775376906463036e-17,True,False,global foreground mean NNLS; not mean pixelwise NNLS,"raw postfit residual direction, constrained by NNLS KKT; not absorbed signal fraction",0,"{""n"": 0, ""median"": null, ""q25"": null, ""q75"": null, ""IQR"": null}","[null, null, null, null, null, null, null, null, null, null, null, null, null, null, null, null, null, null, null, null, null, null, null, null, null, null, null, null, null, null, null, null, null, null, null, null, null, null, null, null, null, null, null, null, null, null, null, null, null, null, null, null, null, null, null, null, null, null, null, null, null, null, null, null]",[]
149,PE 18:1_22:3,0.012247866282484934,0.012247866282484934,0.0,0.0,0.0,0.0,,0.0,0.0,[],[],,[],False,1.5404566511278972e-11,,,0.0,0.0,0.11067007853293016,3.775376906463036e-17,True,False,global foreground mean NNLS; not mean pixelwise NNLS,"raw postfit residual direction, constrained by NNLS KKT; not absorbed signal fraction",0,"{""n"": 0, ""median"": null, ""q25"": null, ""q75"": null, ""IQR"": null}","[null, null, null, null, null, null, null, null, null, null, null, null, null, null, null, null, null, null, null, null, null, null, null, null, null, null, null, null, null, null, null, null, null, null, null, null, null, null, null, null, null, null, null, null, null, null, null, null, null, null, null, null, null, null, null, null, null, null, null, null, null, null, null, null]",[]
150,PE 18:1_22:4,0.012247866282484934,0.012247866282484934,0.0,0.0,0.0,0.0,,0.0,0.0,[],[],,[],False,1.5404566511278972e-11,,,0.0,0.0,0.11067007853293016,3.775376906463036e-17,True,False,global foreground mean NNLS; not mean pixelwise NNLS,"raw postfit residual direction, constrained by NNLS KKT; not absorbed signal fraction",0,"{""n"": 0, ""median"": null, ""q25"": null, ""q75"": null, ""IQR"": null}","[null, null, null, null, null, null, null, null, null, null, null, null, null, null, null, null, null, null, null, null, null, null, null, null, null, null, null, null, null, null, null, null, null, null, null, null, null, null, null, null, null, null, null, null, null, null, null, null, null, null, null, null, null, null, null, null, null, null, null, null, null, null, null, null]",[]
151,PE 18:1_22:5,0.012247866282484934,0.012247866282484934,0.0,0.0,0.0,0.0,,0.0,0.0,[],[],,[],False,1.5404566511278972e-11,,,0.0,0.0,0.11067007853293016,3.775376906463036e-17,True,False,global foreground mean NNLS; not mean pixelwise NNLS,"raw postfit residual direction, constrained by NNLS KKT; not absorbed signal fraction",0,"{""n"": 0, ""median"": null, ""q25"": null, ""q75"": null, ""IQR"": null}","[null, null, null, null, null, null, null, null, null, null, null, null, null, null, null, null, null, null, null, null, null, null, null, null, null, null, null, null, null, null, null, null, null, null, null, null, null, null, null, null, null, null, null, null, null, null, null, null, null, null, null, null, null, null, null, null, null, null, null, null, null, null, null, null]",[]
152,PE 18:1_22:6,0.012247866282484934,0.012271574654683183,2.3708372198248673e-05,0.00193571448687492,0.015835830882798194,0.03771668656187217,PE 18:1_20:4,0.009901093876284135,0.26251229306104124,"[""PE 18:1_20:4"", ""PE O-18:3_22:6"", ""PE O-18:1_22:6"", ""PE O-18:2_22:6"", ""PC 16:0_18:1""]","[0.009901093876284135, 0.003316181063879811, 0.0030390913177093665, 0.002960756774292927, 0.0026888576075270315]",PE 18:1_20:4,"[""PE 18:1_20:4""]",True,1.5404566511278972e-11,9.474045880640578e-16,1.1209901048443165e-14,0.7747752818958175,0.9108770982874794,0.11077713958521941,0.004845585040900753,True,True,global foreground mean NNLS; not mean pixelwise NNLS,"raw postfit residual direction, constrained by NNLS KKT; not absorbed signal fraction",62,"{""n"": 1891, ""median"": 0.7263417337949553, ""q25"": 0.6646324690250287, ""q75"": 0.7990010957817406, ""IQR"": 0.1343686267567119, ""minimum"": 0.40207693064252703, ""maximum"": 0.9999990414551477}","[""PG 14:0_22:4"", ""PG 14:0_22:4"", ""PG 14:0_22:4"", ""PG 14:0_22:4"", ""PG 14:0_22:4"", ""PG 14:0_22:4"", ""PG 14:0_22:4"", ""PE 18:1_20:4"", ""PE 18:1_20:4"", ""PE 18:1_20:4"", ""PE 18:1_20:4"", ""PE 18:1_20:4"", ""PE 18:1_20:4"", ""PE 18:1_20:4"", ""PE 18:1_20:4"", ""PE 18:1_20:4"", ""PE 18:1_20:4"", ""PE 18:1_20:4"", ""PE 18:1_20:4"", ""PE 18:1_20:4"", ""PE 18:1_20:4"", ""PE 18:1_20:4"", ""PE 18:1_20:4"", ""PE 18:1_20:4"", ""PE 18:1_20:4"", ""PE 18:1_20:4"", ""PE 18:1_20:4"", ""PE 18:1_20:4"", ""PE 18:1_20:4"", ""PE 18:1_20:4"", ""PE 18:1_20:4"", ""PE 18:1_20:4"", ""PE 18:1_20:4"", ""PE 18:1_20:4"", ""PE 18:1_20:4"", ""PE 18:1_20:4"", ""PE 18:1_20:4"", ""PE 18:1_20:4"", ""PE 18:1_20:4"", ""PE 18:1_20:4"", ""PE 18:1_20:4"", ""PE 18:1_20:4"", ""PE 18:1_20:4"", ""PE 18:1_20:4"", ""PE 18:1_20:4"", ""PE 18:1_20:4"", ""PE 18:1_20:4"", ""PE 18:1_20:4"", ""PG 14:0_22:4"", ""PE 18:1_20:4"", ""PE 18:1_20:4"", ""PE 18:1_20:4"", ""PE 18:1_20:4"", ""PE 18:1_20:4"", ""PE 18:1_20:4"", ""PE 18:1_20:4"", ""PE 18:1_20:4"", ""PE 18:1_20:4"", ""PE 18:1_20:4"", ""PE 18:1_20:4"", ""PE 18:1_20:4"", ""PE 18:1_20:4"", null, null]","[0, 1, 2, 3, 4, 5, 6, 7, 8, 9, 10, 11, 12, 13, 14, 15, 16, 17, 18, 19, 20, 21, 22, 23, 24, 25, 26, 27, 28, 29, 30, 31, 32, 33, 34, 35, 36, 37, 38, 39, 40, 41, 42, 43, 44, 45, 46, 47, 48, 49, 50, 51, 52, 53, 54, 55, 56, 57, 58, 59, 60, 61]"
153,PE 20:0_18:2,0.012247866282484934,0.012247866282484934,0.0,0.0,0.0,0.0,,0.0,0.0,[],[],,[],False,1.5404566511278972e-11,,,0.0,0.0,0.11067007853293016,3.775376906463036e-17,True,False,global foreground mean NNLS; not mean pixelwise NNLS,"raw postfit residual direction, constrained by NNLS KKT; not absorbed signal fraction",0,"{""n"": 0, ""median"": null, ""q25"": null, ""q75"": null, ""IQR"": null}","[null, null, null, null, null, null, null, null, null, null, null, null, null, null, null, null, null, null, null, null, null, null, null, null, null, null, null, null, null, null, null, null, null, null, null, null, null, null, null, null, null, null, null, null, null, null, null, null, null, null, null, null, null, null, null, null, null, null, null, null, null, null, null, null]",[]
154,PE 20:1_18:2,0.012247866282484934,0.012247866282484934,0.0,0.0,0.0,0.0,,0.0,0.0,[],[],,[],False,1.5404566511278972e-11,,,0.0,0.0,0.11067007853293016,3.775376906463036e-17,True,False,global foreground mean NNLS; not mean pixelwise NNLS,"raw postfit residual direction, constrained by NNLS KKT; not absorbed signal fraction",0,"{""n"": 0, ""median"": null, ""q25"": null, ""q75"": null, ""IQR"": null}","[null, null, null, null, null, null, null, null, null, null, null, null, null, null, null, null, null, null, null, null, null, null, null, null, null, null, null, null, null, null, null, null, null, null, null, null, null, null, null, null, null, null, null, null, null, null, null, null, null, null, null, null, null, null, null, null, null, null, null, null, null, null, null, null]",[]
155,PE 18:2_20:2,0.012247866282484934,0.012247866282484934,0.0,0.0,0.0,0.0,,0.0,0.0,[],[],,[],False,1.5404566511278972e-11,,,0.0,0.0,0.11067007853293016,3.775376906463036e-17,True,False,global foreground mean NNLS; not mean pixelwise NNLS,"raw postfit residual direction, constrained by NNLS KKT; not absorbed signal fraction",0,"{""n"": 0, ""median"": null, ""q25"": null, ""q75"": null, ""IQR"": null}","[null, null, null, null, null, null, null, null, null, null, null, null, null, null, null, null, null, null, null, null, null, null, null, null, null, null, null, null, null, null, null, null, null, null, null, null, null, null, null, null, null, null, null, null, null, null, null, null, null, null, null, null, null, null, null, null, null, null, null, null, null, null, null, null]",[]
156,PE 18:2_20:3,0.012247866282484934,0.012247866282484934,0.0,0.0,0.0,0.0,,0.0,0.0,[],[],,[],False,1.5404566511278972e-11,,,0.0,0.0,0.11067007853293016,3.775376906463036e-17,True,False,global foreground mean NNLS; not mean pixelwise NNLS,"raw postfit residual direction, constrained by NNLS KKT; not absorbed signal fraction",0,"{""n"": 0, ""median"": null, ""q25"": null, ""q75"": null, ""IQR"": null}","[null, null, null, null, null, null, null, null, null, null, null, null, null, null, null, null, null, null, null, null, null, null, null, null, null, null, null, null, null, null, null, null, null, null, null, null, null, null, null, null, null, null, null, null, null, null, null, null, null, null, null, null, null, null, null, null, null, null, null, null, null, null, null, null]",[]
157,PE 18:2_20:4,0.012247866282484934,0.012247866282484934,0.0,0.0,0.0,0.0,,0.0,0.0,[],[],,[],False,1.5404566511278972e-11,,,0.0,0.0,0.11067007853293016,3.775376906463036e-17,True,False,global foreground mean NNLS; not mean pixelwise NNLS,"raw postfit residual direction, constrained by NNLS KKT; not absorbed signal fraction",0,"{""n"": 0, ""median"": null, ""q25"": null, ""q75"": null, ""IQR"": null}","[null, null, null, null, null, null, null, null, null, null, null, null, null, null, null, null, null, null, null, null, null, null, null, null, null, null, null, null, null, null, null, null, null, null, null, null, null, null, null, null, null, null, null, null, null, null, null, null, null, null, null, null, null, null, null, null, null, null, null, null, null, null, null, null]",[]
158,PE 18:2_20:5,0.012247866282484934,0.012247866282484934,0.0,0.0,0.0,0.0,,0.0,0.0,[],[],,[],False,1.5404566511278972e-11,,,0.0,0.0,0.11067007853293016,3.775376906463036e-17,True,False,global foreground mean NNLS; not mean pixelwise NNLS,"raw postfit residual direction, constrained by NNLS KKT; not absorbed signal fraction",0,"{""n"": 0, ""median"": null, ""q25"": null, ""q75"": null, ""IQR"": null}","[null, null, null, null, null, null, null, null, null, null, null, null, null, null, null, null, null, null, null, null, null, null, null, null, null, null, null, null, null, null, null, null, null, null, null, null, null, null, null, null, null, null, null, null, null, null, null, null, null, null, null, null, null, null, null, null, null, null, null, null, null, null, null, null]",[]
159,PE 22:1_18:2,0.012247866282484934,0.012247866282484934,0.0,0.0,0.0,0.0,,0.0,0.0,[],[],,[],False,1.5404566511278972e-11,,,0.0,0.0,0.11067007853293016,3.775376906463036e-17,True,False,global foreground mean NNLS; not mean pixelwise NNLS,"raw postfit residual direction, constrained by NNLS KKT; not absorbed signal fraction",0,"{""n"": 0, ""median"": null, ""q25"": null, ""q75"": null, ""IQR"": null}","[null, null, null, null, null, null, null, null, null, null, null, null, null, null, null, null, null, null, null, null, null, null, null, null, null, null, null, null, null, null, null, null, null, null, null, null, null, null, null, null, null, null, null, null, null, null, null, null, null, null, null, null, null, null, null, null, null, null, null, null, null, null, null, null]",[]
160,PE 18:2_22:2,0.012247866282484934,0.012247866282484934,0.0,0.0,0.0,0.0,,0.0,0.0,[],[],,[],False,1.5404566511278972e-11,,,0.0,0.0,0.11067007853293016,3.775376906463036e-17,True,False,global foreground mean NNLS; not mean pixelwise NNLS,"raw postfit residual direction, constrained by NNLS KKT; not absorbed signal fraction",0,"{""n"": 0, ""median"": null, ""q25"": null, ""q75"": null, ""IQR"": null}","[null, null, null, null, null, null, null, null, null, null, null, null, null, null, null, null, null, null, null, null, null, null, null, null, null, null, null, null, null, null, null, null, null, null, null, null, null, null, null, null, null, null, null, null, null, null, null, null, null, null, null, null, null, null, null, null, null, null, null, null, null, null, null, null]",[]
161,PE 18:2_22:3,0.012247866282484934,0.012247866282484934,0.0,0.0,0.0,0.0,,0.0,0.0,[],[],,[],False,1.5404566511278972e-11,,,0.0,0.0,0.11067007853293016,3.775376906463036e-17,True,False,global foreground mean NNLS; not mean pixelwise NNLS,"raw postfit residual direction, constrained by NNLS KKT; not absorbed signal fraction",0,"{""n"": 0, ""median"": null, ""q25"": null, ""q75"": null, ""IQR"": null}","[null, null, null, null, null, null, null, null, null, null, null, null, null, null, null, null, null, null, null, null, null, null, null, null, null, null, null, null, null, null, null, null, null, null, null, null, null, null, null, null, null, null, null, null, null, null, null, null, null, null, null, null, null, null, null, null, null, null, null, null, null, null, null, null]",[]
162,PE 18:2_22:4,0.012247866282484934,0.012247866282484934,0.0,0.0,0.0,0.0,,0.0,0.0,[],[],,[],False,1.5404566511278972e-11,,,0.0,0.0,0.11067007853293016,3.775376906463036e-17,True,False,global foreground mean NNLS; not mean pixelwise NNLS,"raw postfit residual direction, constrained by NNLS KKT; not absorbed signal fraction",0,"{""n"": 0, ""median"": null, ""q25"": null, ""q75"": null, ""IQR"": null}","[null, null, null, null, null, null, null, null, null, null, null, null, null, null, null, null, null, null, null, null, null, null, null, null, null, null, null, null, null, null, null, null, null, null, null, null, null, null, null, null, null, null, null, null, null, null, null, null, null, null, null, null, null, null, null, null, null, null, null, null, null, null, null, null]",[]
163,PE 18:2_22:5,0.012247866282484934,0.012247866282484934,0.0,0.0,0.0,0.0,,0.0,0.0,[],[],,[],False,1.5404566511278972e-11,,,0.0,0.0,0.11067007853293016,3.775376906463036e-17,True,False,global foreground mean NNLS; not mean pixelwise NNLS,"raw postfit residual direction, constrained by NNLS KKT; not absorbed signal fraction",0,"{""n"": 0, ""median"": null, ""q25"": null, ""q75"": null, ""IQR"": null}","[null, null, null, null, null, null, null, null, null, null, null, null, null, null, null, null, null, null, null, null, null, null, null, null, null, null, null, null, null, null, null, null, null, null, null, null, null, null, null, null, null, null, null, null, null, null, null, null, null, null, null, null, null, null, null, null, null, null, null, null, null, null, null, null]",[]
164,PE 18:2_22:6,0.012247866282484934,0.012384597122127241,0.0001367308396423069,0.01116364568959046,0.024969459031400625,0.04966866874266464,PE 18:2_20:4,0.010674098287966899,0.2149060677074903,"[""PE 18:2_20:4"", ""PE 18:1_22:6"", ""PE O-18:2_22:6"", ""PE O-18:3_22:6"", ""PS 18:0_18:2""]","[0.010674098287966899, 0.00842115781127729, 0.0035765636076532763, 0.0032054537404822784, 0.002886132004392944]",PE 18:2_20:4,"[""PE 18:2_20:4""]",True,1.5404566511278972e-11,1.2528823758163445e-15,0.2712460172916434,0.8255275305977617,0.8390694461918302,0.1112861048025639,0.008246343103082813,True,True,global foreground mean NNLS; not mean pixelwise NNLS,"raw postfit residual direction, constrained by NNLS KKT; not absorbed signal fraction",64,"{""n"": 2016, ""median"": 0.7699643218053394, ""q25"": 0.6978236731211418, ""q75"": 0.8399180582434778, ""IQR"": 0.14209438512233596, ""minimum"": 0.5079005423359987, ""maximum"": 0.9999965180573546}","[""PE 18:2_20:4"", ""PE 18:2_20:4"", ""PE 18:2_20:4"", ""PE 18:2_20:4"", ""PE 18:2_20:4"", ""PE 18:2_20:4"", ""PE 18:2_20:4"", ""PE O-20:1_18:2"", ""PE O-20:1_18:2"", ""PE O-20:1_18:2"", ""PE O-20:1_18:2"", ""PE O-20:1_18:2"", ""PE O-20:1_18:2"", ""PE 18:2_20:4"", ""PE 18:2_20:4"", ""PE 18:2_20:4"", ""PE 18:2_20:4"", ""PE 18:2_20:4"", ""PE 18:2_20:4"", ""PE 18:2_20:4"", ""PE 18:2_20:4"", ""PE 18:2_20:4"", ""PE 18:2_20:4"", ""PE 18:2_20:4"", ""PE 18:2_20:4"", ""PE 18:2_20:4"", ""PE 18:2_20:4"", ""PE 18:2_20:4"", ""PE 18:2_20:4"", ""PE 18:2_20:4"", ""PE 18:2_20:4"", ""PE 18:2_20:4"", ""PE 18:2_20:4"", ""PE 18:2_20:4"", ""PE 18:2_20:4"", ""PE 18:2_20:4"", ""PE 18:1_22:6"", ""PE 18:1_22:6"", ""PE 18:1_22:6"", ""PE 18:1_22:6"", ""PE 18:1_22:6"", ""PE 18:1_22:6"", ""PE 18:1_22:6"", ""PE 18:1_22:6"", ""PE 18:2_20:4"", ""PE 18:2_20:4"", ""PE 18:2_20:4"", ""PE 18:1_22:6"", ""PE 18:1_22:6"", ""PE 18:1_22:6"", ""PE 18:1_22:6"", ""PE 18:1_22:6"", ""PE 18:1_22:6"", ""PE 18:1_22:6"", ""PE 18:1_22:6"", ""PE 16:0_22:6"", ""PE 18:1_20:3"", ""PE O-18:1_22:4"", ""PE 18:1_22:6"", ""PE 16:0_22:6"", ""PE 18:1_22:6"", ""PE 18:1_22:6"", ""PE 18:1_22:6"", ""PE 20:4_20:4""]","[0, 1, 2, 3, 4, 5, 6, 7, 8, 9, 10, 11, 12, 13, 14, 15, 16, 17, 18, 19, 20, 21, 22, 23, 24, 25, 26, 27, 28, 29, 30, 31, 32, 33, 34, 35, 36, 37, 38, 39, 40, 41, 42, 43, 44, 45, 46, 47, 48, 49, 50, 51, 52, 53, 54, 55, 56, 57, 58, 59, 60, 61, 62, 63]"
165,PE 20:0_18:3,0.012247866282484934,0.012247866282484934,0.0,0.0,0.0,0.0,,0.0,0.0,[],[],,[],False,1.5404566511278972e-11,,,0.0,0.0,0.11067007853293016,3.775376906463036e-17,True,False,global foreground mean NNLS; not mean pixelwise NNLS,"raw postfit residual direction, constrained by NNLS KKT; not absorbed signal fraction",0,"{""n"": 0, ""median"": null, ""q25"": null, ""q75"": null, ""IQR"": null}","[null, null, null, null, null, null, null, null, null, null, null, null, null, null, null, null, null, null, null, null, null, null, null, null, null, null, null, null, null, null, null, null, null, null, null, null, null, null, null, null, null, null, null, null, null, null, null, null, null, null, null, null, null, null, null, null, null, null, null, null, null, null, null, null]",[]
166,PE 20:1_18:3,0.012247866282484934,0.012586964574906469,0.0003390982924215344,0.02768631568739248,0.020363665434946165,0.029574378515989215,PE 20:1_20:4,0.004835412676909002,0.16350006050444185,"[""PE 20:1_20:4"", ""PE 16:0_22:4"", ""PG 16:1_22:3"", ""PE O-18:1_20:1"", ""PC 14:0_20:1""]","[0.004835412676909002, 0.004183853607099261, 0.003865010139362088, 0.0038085254316855845, 0.003309382068855747]",PE 20:1_20:4,"[""PE 20:1_20:4""]",True,1.5404566511278972e-11,8.291575432124544e-16,3.2500639028433055e-15,0.30923030285667097,0.1948371372317832,0.11219164217938193,0.018105820275386063,True,True,global foreground mean NNLS; not mean pixelwise NNLS,"raw postfit residual direction, constrained by NNLS KKT; not absorbed signal fraction",64,"{""n"": 2016, ""median"": 0.64259900096021, ""q25"": 0.5375522451198961, ""q75"": 0.7933911297535958, ""IQR"": 0.25583888463369975, ""minimum"": 0.27441463087338036, ""maximum"": 0.99999161166091}","[""PG 16:1_20:1"", ""PG 16:1_20:1"", ""PG 16:1_20:1"", ""PC 14:0_20:1"", ""PE 20:1_20:4"", ""PE 20:1_20:4"", ""PE 16:0_22:4"", ""PE 16:0_22:4"", ""PE 16:0_22:4"", ""PE 16:0_22:4"", ""PE 16:0_22:4"", ""PE 16:0_22:4"", ""PE 16:0_22:4"", ""PE 18:0_20:4"", ""PE 18:0_20:4"", ""PE 18:0_20:4"", ""PE 18:0_20:4"", ""PE 18:0_20:4"", ""PE 18:0_20:4"", ""PE 18:0_20:4"", ""PE 18:0_20:4"", ""PE 18:0_20:4"", ""PE 18:0_20:4"", ""PE 18:0_20:4"", ""PE 18:0_20:4"", ""PE 18:0_20:4"", ""PE 18:0_20:4"", ""PE 18:0_20:4"", ""PE 18:0_20:4"", ""PE 18:0_20:4"", ""PE 18:0_20:4"", ""PE 18:0_20:4"", ""PE 18:0_20:4"", ""PE 18:0_20:4"", ""PE 20:1_20:4"", ""PE 18:0_20:4"", ""PE 18:0_20:4"", ""PE 16:0_22:4"", ""PE 16:0_22:4"", ""PE 16:0_22:4"", ""PE 20:1_20:4"", ""PE 16:0_22:4"", ""PE 16:0_22:4"", ""PE 16:0_22:4"", ""PE 20:1_20:4"", ""PE 20:1_20:4"", ""PE 20:1_20:4"", ""PG 16:1_20:1"", ""PG 16:1_20:1"", ""PG 16:1_20:1"", ""PE 18:1_20:3"", ""PE 18:1_20:3"", ""PG 16:1_20:1"", ""PE 18:1_20:3"", ""PE 16:0_22:4"", ""PE 16:0_22:4"", ""PE 16:0_22:4"", ""PE 16:0_22:4"", ""PE 16:0_22:4"", ""PE 16:0_22:4"", ""PE 18:1_20:3"", ""PG 16:1_20:1"", ""PC 14:0_20:1"", ""PC 14:0_20:1""]","[0, 1, 2, 3, 4, 5, 6, 7, 8, 9, 10, 11, 12, 13, 14, 15, 16, 17, 18, 19, 20, 21, 22, 23, 24, 25, 26, 27, 28, 29, 30, 31, 32, 33, 34, 35, 36, 37, 38, 39, 40, 41, 42, 43, 44, 45, 46, 47, 48, 49, 50, 51, 52, 53, 54, 55, 56, 57, 58, 59, 60, 61, 62, 63]"
167,PE 18:3_20:4,0.012247866282484934,0.012247866282484934,0.0,0.0,0.0,0.0,,0.0,0.0,[],[],,[],False,1.5404566511278972e-11,,,0.0,0.0,0.11067007853293016,3.775376906463036e-17,True,False,global foreground mean NNLS; not mean pixelwise NNLS,"raw postfit residual direction, constrained by NNLS KKT; not absorbed signal fraction",0,"{""n"": 0, ""median"": null, ""q25"": null, ""q75"": null, ""IQR"": null}","[null, null, null, null, null, null, null, null, null, null, null, null, null, null, null, null, null, null, null, null, null, null, null, null, null, null, null, null, null, null, null, null, null, null, null, null, null, null, null, null, null, null, null, null, null, null, null, null, null, null, null, null, null, null, null, null, null, null, null, null, null, null, null, null]",[]
168,PE 18:3_22:4,0.012247866282484934,0.012247866282484934,0.0,0.0,0.0,0.0,,0.0,0.0,[],[],,[],False,1.5404566511278972e-11,,,0.0,0.0,0.11067007853293016,3.775376906463036e-17,True,False,global foreground mean NNLS; not mean pixelwise NNLS,"raw postfit residual direction, constrained by NNLS KKT; not absorbed signal fraction",0,"{""n"": 0, ""median"": null, ""q25"": null, ""q75"": null, ""IQR"": null}","[null, null, null, null, null, null, null, null, null, null, null, null, null, null, null, null, null, null, null, null, null, null, null, null, null, null, null, null, null, null, null, null, null, null, null, null, null, null, null, null, null, null, null, null, null, null, null, null, null, null, null, null, null, null, null, null, null, null, null, null, null, null, null, null]",[]
169,PE 18:3_22:5,0.012247866282484934,0.012247866282484934,0.0,0.0,0.0,0.0,,0.0,0.0,[],[],,[],False,1.5404566511278972e-11,,,0.0,0.0,0.11067007853293016,3.775376906463036e-17,True,False,global foreground mean NNLS; not mean pixelwise NNLS,"raw postfit residual direction, constrained by NNLS KKT; not absorbed signal fraction",0,"{""n"": 0, ""median"": null, ""q25"": null, ""q75"": null, ""IQR"": null}","[null, null, null, null, null, null, null, null, null, null, null, null, null, null, null, null, null, null, null, null, null, null, null, null, null, null, null, null, null, null, null, null, null, null, null, null, null, null, null, null, null, null, null, null, null, null, null, null, null, null, null, null, null, null, null, null, null, null, null, null, null, null, null, null]",[]
170,PE 20:0_20:3,0.012247866282484934,0.012247866282484934,0.0,0.0,0.0,0.0,,0.0,0.0,[],[],,[],False,1.5404566511278972e-11,,,0.0,0.0,0.11067007853293016,3.775376906463036e-17,True,False,global foreground mean NNLS; not mean pixelwise NNLS,"raw postfit residual direction, constrained by NNLS KKT; not absorbed signal fraction",0,"{""n"": 0, ""median"": null, ""q25"": null, ""q75"": null, ""IQR"": null}","[null, null, null, null, null, null, null, null, null, null, null, null, null, null, null, null, null, null, null, null, null, null, null, null, null, null, null, null, null, null, null, null, null, null, null, null, null, null, null, null, null, null, null, null, null, null, null, null, null, null, null, null, null, null, null, null, null, null, null, null, null, null, null, null]",[]
171,PE 20:0_20:4,0.012247866282484934,0.01226943583241114,2.1569549926206064e-05,0.0017610863334857369,0.013323756683994608,0.023394604462429337,PE 20:1_20:4,0.0031109757504107333,0.13297834358660945,"[""PE 20:1_20:4"", ""PS 20:0_16:1"", ""PE O-20:3_20:4"", ""PE 18:1_20:4"", ""PE O-20:2_20:4""]","[0.0031109757504107333, 0.00240986543086178, 0.0022757239578736037, 0.002080169161341343, 0.001865935703020842]",PE 20:1_20:4,"[""PE 20:1_20:4""]",True,1.5404566511278972e-11,9.18122889286139e-16,1.4496508243129625e-14,0.8968977878735755,0.8793804870391325,0.11076748544772123,0.0046337434993281275,True,True,global foreground mean NNLS; not mean pixelwise NNLS,"raw postfit residual direction, constrained by NNLS KKT; not absorbed signal fraction",48,"{""n"": 1128, ""median"": 0.7875899217662218, ""q25"": 0.7328968740159542, ""q75"": 0.8521007704007003, ""IQR"": 0.11920389638474616, ""minimum"": 0.5139375019066698, ""maximum"": 1.0}","[""PE O-20:3_20:4"", ""PE O-20:3_20:4"", ""PE O-20:3_20:4"", ""PE O-20:3_20:4"", ""PE 20:1_20:4"", ""PE 20:1_20:4"", ""PE 20:1_20:4"", ""PE 20:1_20:4"", ""PE 20:1_20:4"", ""PE 20:1_20:4"", ""PE 20:1_20:4"", ""PE O-18:1_20:4"", ""PE 20:1_20:4"", ""PE 20:1_20:4"", ""PE 20:1_20:4"", ""PE 20:1_20:4"", ""PE 20:1_20:4"", ""PE 20:1_20:4"", ""PE 20:1_20:4"", ""PE O-20:3_20:4"", ""PE 20:3_20:4"", ""PS 20:0_16:1"", ""PE O-20:3_20:4"", ""PS 20:0_16:1"", ""PE O-20:3_20:4"", ""PE 20:1_20:4"", ""PE 20:1_20:4"", ""PE 20:1_20:4"", ""PS 20:0_16:1"", ""PE 20:1_20:4"", ""PE 20:1_20:4"", ""PE 20:1_20:4"", ""PE 20:1_20:4"", ""PE 20:1_20:4"", ""PE 20:1_20:4"", ""PE 20:1_20:4"", ""PE 20:1_20:4"", ""PE 20:1_20:4"", ""PE 20:1_20:4"", ""PE 20:1_20:4"", ""PE 20:1_20:4"", ""PE 20:1_20:4"", ""PE 20:1_20:4"", ""PE 20:1_20:4"", ""PE 20:1_20:4"", ""PE 20:1_20:4"", ""PE 20:1_20:4"", ""PE O-20:3_20:4"", null, null, null, null, null, null, null, null, null, null, null, null, null, null, null, null]","[0, 1, 2, 3, 4, 5, 6, 7, 8, 9, 10, 11, 12, 13, 14, 15, 16, 17, 18, 19, 20, 21, 22, 23, 24, 25, 26, 27, 28, 29, 30, 31, 32, 33, 34, 35, 36, 37, 38, 39, 40, 41, 42, 43, 44, 45, 46, 47]"
172,PE 20:0_20:5,0.012247866282484934,0.012247866282484934,0.0,0.0,0.0,0.0,,0.0,0.0,[],[],,[],False,1.5404566511278972e-11,,,0.0,0.0,0.11067007853293016,3.775376906463036e-17,True,False,global foreground mean NNLS; not mean pixelwise NNLS,"raw postfit residual direction, constrained by NNLS KKT; not absorbed signal fraction",0,"{""n"": 0, ""median"": null, ""q25"": null, ""q75"": null, ""IQR"": null}","[null, null, null, null, null, null, null, null, null, null, null, null, null, null, null, null, null, null, null, null, null, null, null, null, null, null, null, null, null, null, null, null, null, null, null, null, null, null, null, null, null, null, null, null, null, null, null, null, null, null, null, null, null, null, null, null, null, null, null, null, null, null, null, null]",[]
173,PE 20:1_20:2,0.012247866282484934,0.012247866282484934,0.0,0.0,0.0,0.0,,0.0,0.0,[],[],,[],False,1.5404566511278972e-11,,,0.0,0.0,0.11067007853293016,3.775376906463036e-17,True,False,global foreground mean NNLS; not mean pixelwise NNLS,"raw postfit residual direction, constrained by NNLS KKT; not absorbed signal fraction",0,"{""n"": 0, ""median"": null, ""q25"": null, ""q75"": null, ""IQR"": null}","[null, null, null, null, null, null, null, null, null, null, null, null, null, null, null, null, null, null, null, null, null, null, null, null, null, null, null, null, null, null, null, null, null, null, null, null, null, null, null, null, null, null, null, null, null, null, null, null, null, null, null, null, null, null, null, null, null, null, null, null, null, null, null, null]",[]
174,PE 20:1_20:3,0.012247866282484934,0.012247866282484934,0.0,0.0,0.0,0.0,,0.0,0.0,[],[],,[],False,1.5404566511278972e-11,,,0.0,0.0,0.11067007853293016,3.775376906463036e-17,True,False,global foreground mean NNLS; not mean pixelwise NNLS,"raw postfit residual direction, constrained by NNLS KKT; not absorbed signal fraction",0,"{""n"": 0, ""median"": null, ""q25"": null, ""q75"": null, ""IQR"": null}","[null, null, null, null, null, null, null, null, null, null, null, null, null, null, null, null, null, null, null, null, null, null, null, null, null, null, null, null, null, null, null, null, null, null, null, null, null, null, null, null, null, null, null, null, null, null, null, null, null, null, null, null, null, null, null, null, null, null, null, null, null, null, null, null]",[]
175,PE 20:1_20:4,0.012247866282484934,0.012248575493676082,7.092111911476823e-07,5.790487704001024e-05,0.0032729774544072274,0.005364727800509312,PE O-20:3_20:4,0.0010525161422026558,0.19619190034330183,"[""PE O-20:3_20:4"", ""PC 14:0_20:1"", ""PE O-18:1_20:1"", ""PE 18:1_20:4"", ""PE 20:0_20:4""]","[0.0010525161422026558, 0.0005045329200317663, 0.0004972424502293207, 0.00046078325845668594, 0.0004221666687555022]",PE O-20:3_20:4,"[""PE O-20:3_20:4""]",True,1.5404566511278972e-11,1.1814484838941923e-15,1.1484851196579787e-13,0.9479181101910669,0.9342029512346732,0.11067328265519231,0.000842146775302881,True,True,global foreground mean NNLS; not mean pixelwise NNLS,"raw postfit residual direction, constrained by NNLS KKT; not absorbed signal fraction",39,"{""n"": 741, ""median"": 0.798241239207475, ""q25"": 0.7246012018278716, ""q75"": 0.8601087249754807, ""IQR"": 0.13550752314760917, ""minimum"": 0.5777118265889688, ""maximum"": 1.0}","[null, null, null, null, ""PE O-20:3_20:4"", ""PE O-20:3_20:4"", ""PE O-20:3_20:4"", ""PE O-20:3_20:4"", ""PE O-20:3_20:4"", ""PE O-20:3_20:4"", ""PE O-20:3_20:4"", ""PE O-18:1_20:4"", ""PE O-20:3_20:4"", ""PE O-20:3_20:4"", ""PE O-20:3_20:4"", ""PC 14:0_20:1"", ""PC 14:0_20:1"", ""PC 14:0_20:1"", null, null, null, null, null, null, null, ""PE 20:1_20:5"", ""PC 14:0_20:1"", null, null, ""PC 14:0_20:1"", ""PC 14:0_20:1"", ""PC 14:0_20:1"", ""PC 14:0_20:1"", ""PE O-20:3_20:4"", ""PE O-20:3_20:4"", ""PE O-20:3_20:4"", ""PE O-20:3_20:4"", ""PE O-20:3_20:4"", ""PE O-20:3_20:4"", ""PE O-20:3_20:4"", ""PE O-20:3_20:4"", ""PE O-20:3_20:4"", ""PE O-20:3_20:4"", ""PE O-20:3_20:4"", ""PE O-20:3_20:4"", null, ""PC 14:0_20:1"", null, null, null, null, ""PE O-20:3_20:4"", null, null, null, ""PE O-20:3_20:4"", ""PE O-20:3_20:4"", ""PE O-20:3_20:4"", ""PE O-20:3_20:4"", ""PE O-20:3_20:4"", null, null, null, null]","[4, 5, 6, 7, 8, 9, 10, 11, 12, 13, 14, 15, 16, 17, 25, 26, 29, 30, 31, 32, 33, 34, 35, 36, 37, 38, 39, 40, 41, 42, 43, 44, 46, 51, 55, 56, 57, 58, 59]"
176,PE 20:1_20:5,0.012247866282484934,0.012283320202942729,3.545392045779458e-05,0.0028947017902702585,0.00927015861991747,0.027622804181804544,PE 18:1_20:5,0.0064540265774557576,0.23364849327909476,"[""PE 18:1_20:5"", ""PE 20:1_20:4"", ""PE 18:0_22:6"", ""PE 20:2_20:4"", ""PC 14:0_20:1""]","[0.0064540265774557576, 0.00414435197780492, 0.0033034049921227826, 0.0030307922275162533, 0.0018063519127379836]",PE 18:1_20:5,"[""PE 18:1_20:5""]",True,1.5404566511278972e-11,2.817376412540562e-16,0.31166613742224675,0.5564360634834552,0.7040466754568914,0.11083014122044026,0.004266221259019674,True,True,global foreground mean NNLS; not mean pixelwise NNLS,"raw postfit residual direction, constrained by NNLS KKT; not absorbed signal fraction",64,"{""n"": 2016, ""median"": 0.6280988833678338, ""q25"": 0.5364444361709282, ""q75"": 0.7247433840895536, ""IQR"": 0.18829894791862545, ""minimum"": 0.2642272139530452, ""maximum"": 1.0000000000000002}","[""PG 16:1_20:1"", ""PG 16:1_20:1"", ""PG 16:1_20:1"", ""PE 18:1_20:5"", ""PE 18:1_20:5"", ""PE 18:1_20:5"", ""PE 18:1_20:5"", ""PE 16:0_22:4"", ""PE 16:0_22:4"", ""PE 16:0_22:4"", ""PE 16:0_22:4"", ""PE 18:1_20:5"", ""PE 18:1_20:5"", ""PE 18:1_20:5"", ""PE 18:1_20:5"", ""PE 18:1_20:5"", ""PE 18:1_20:5"", ""PE 18:1_20:5"", ""PE 18:1_20:5"", ""PE 18:1_20:5"", ""PE 18:1_20:5"", ""PG 16:1_20:1"", ""PG 16:1_20:1"", ""PE 18:1_20:5"", ""PE 18:1_20:5"", ""PE 18:1_20:5"", ""PE 18:1_20:5"", ""PE 18:1_20:5"", ""PE 18:1_20:5"", ""PE 18:1_20:5"", ""PE 18:1_20:5"", ""PE 18:1_20:5"", ""PE 18:1_20:5"", ""PE 18:1_20:5"", ""PE 18:1_20:5"", ""PE 18:1_20:5"", ""PE 18:1_20:5"", ""PE 18:1_20:5"", ""PE 20:1_20:4"", ""PE 18:1_20:5"", ""PE 18:1_20:5"", ""PE 18:1_20:5"", ""PE 16:0_22:4"", ""PE 16:0_22:4"", ""PE 18:1_20:5"", ""PE 20:1_20:4"", ""PE 20:1_20:4"", ""PG 16:1_20:1"", ""PG 16:1_20:1"", ""PG 16:1_20:1"", ""PE O-18:0_20:5"", ""PE 20:1_20:4"", ""PG 16:1_20:1"", ""PE O-18:0_20:5"", ""PE O-18:0_20:5"", ""PE O-18:0_20:5"", ""PE O-18:1_22:4"", ""PE O-18:1_22:4"", ""PE O-18:1_22:4"", ""PE O-18:1_22:4"", ""PE O-18:0_20:5"", ""PG 16:1_20:1"", ""PE O-18:1_20:5"", ""PC 14:0_20:1""]","[0, 1, 2, 3, 4, 5, 6, 7, 8, 9, 10, 11, 12, 13, 14, 15, 16, 17, 18, 19, 20, 21, 22, 23, 24, 25, 26, 27, 28, 29, 30, 31, 32, 33, 34, 35, 36, 37, 38, 39, 40, 41, 42, 43, 44, 45, 46, 47, 48, 49, 50, 51, 52, 53, 54, 55, 56, 57, 58, 59, 60, 61, 62, 63]"
177,PE 20:2_20:2,0.012247866282484934,0.012247866282484934,0.0,0.0,0.0,0.0,,0.0,0.0,[],[],,[],False,1.5404566511278972e-11,,,0.0,0.0,0.11067007853293016,3.775376906463036e-17,True,False,global foreground mean NNLS; not mean pixelwise NNLS,"raw postfit residual direction, constrained by NNLS KKT; not absorbed signal fraction",0,"{""n"": 0, ""median"": null, ""q25"": null, ""q75"": null, ""IQR"": null}","[null, null, null, null, null, null, null, null, null, null, null, null, null, null, null, null, null, null, null, null, null, null, null, null, null, null, null, null, null, null, null, null, null, null, null, null, null, null, null, null, null, null, null, null, null, null, null, null, null, null, null, null, null, null, null, null, null, null, null, null, null, null, null, null]",[]
178,PE 20:2_20:3,0.012247866282484934,0.012247866282484934,0.0,0.0,0.0,0.0,,0.0,0.0,[],[],,[],False,1.5404566511278972e-11,,,0.0,0.0,0.11067007853293016,3.775376906463036e-17,True,False,global foreground mean NNLS; not mean pixelwise NNLS,"raw postfit residual direction, constrained by NNLS KKT; not absorbed signal fraction",0,"{""n"": 0, ""median"": null, ""q25"": null, ""q75"": null, ""IQR"": null}","[null, null, null, null, null, null, null, null, null, null, null, null, null, null, null, null, null, null, null, null, null, null, null, null, null, null, null, null, null, null, null, null, null, null, null, null, null, null, null, null, null, null, null, null, null, null, null, null, null, null, null, null, null, null, null, null, null, null, null, null, null, null, null, null]",[]
179,PE 20:2_20:4,0.012247866282484934,0.012525609925559131,0.00027774364307419676,0.0226769003388539,0.05632754780734537,0.1123167754766483,PE 20:3_20:4,0.017732009694724292,0.15787498901491404,"[""PE 20:3_20:4"", ""PG 18:2_20:2"", ""PE 18:0_22:6"", ""PE 16:0_22:4"", ""PE 18:1_20:4""]","[0.017732009694724292, 0.01649667480390726, 0.012755464275977402, 0.010194409189325612, 0.009365211266858443]",PE 20:3_20:4,"[""PE 20:3_20:4""]",True,1.5404566511278972e-11,9.90060485417553e-16,0.01398171082390724,0.8847043281917074,0.9296757447470434,0.11191787134126138,0.013330899372919343,True,True,global foreground mean NNLS; not mean pixelwise NNLS,"raw postfit residual direction, constrained by NNLS KKT; not absorbed signal fraction",64,"{""n"": 2016, ""median"": 0.7699819851166417, ""q25"": 0.6956028284331215, ""q75"": 0.8338786365258224, ""IQR"": 0.1382758080927009, ""minimum"": 0.44461825100297037, ""maximum"": 0.9999836722253667}","[""PE 20:3_20:4"", ""PE 20:3_20:4"", ""PE 20:3_20:4"", ""PE 20:3_20:4"", ""PG 18:2_20:2"", ""PG 18:2_20:2"", ""PG 18:2_20:2"", ""PG 18:2_20:2"", ""PE O-20:3_20:4"", ""PE O-20:3_20:4"", ""PG 18:2_20:2"", ""PE O-18:1_20:4"", ""PE O-20:3_20:4"", ""PG 18:2_20:2"", ""PG 18:2_20:2"", ""PE 18:0_22:6"", ""PE 18:0_22:6"", ""PE 18:0_22:6"", ""PE 20:3_20:4"", ""PE 20:3_20:4"", ""PE 20:3_20:4"", ""PE 20:3_20:4"", ""PE 18:0_22:6"", ""PG 18:2_20:2"", ""PG 18:2_20:2"", ""PG 18:2_20:2"", ""PG 18:2_20:2"", ""PG 18:2_20:2"", ""PG 18:2_20:2"", ""PG 18:2_20:2"", ""PE 18:0_22:6"", ""PE 18:0_22:6"", ""PE 18:0_22:6"", ""PG 18:2_20:2"", ""PG 18:2_20:2"", ""PG 18:2_20:2"", ""PG 18:2_20:2"", ""PG 18:2_20:2"", ""PG 18:2_20:2"", ""PG 18:2_20:2"", ""PG 18:2_20:2"", ""PG 18:2_20:2"", ""PG 18:2_20:2"", ""PG 18:2_20:2"", ""PE 20:3_20:4"", ""PE 20:3_20:4"", ""PE 20:3_20:4"", ""PG 18:2_20:2"", ""PE 20:4_20:4"", ""PE O-20:3_20:4"", ""PE 18:0_22:6"", ""PE 18:0_22:6"", ""PE O-20:3_20:4"", ""PE 20:3_20:4"", ""PE 20:3_20:4"", ""PE 20:3_20:4"", ""PE 20:3_20:4"", ""PE 20:3_20:4"", ""PE 20:3_20:4"", ""PE 20:3_20:4"", ""PE O-20:3_20:4"", ""PG 18:2_20:2"", ""PE 20:4_20:4"", ""PE 20:4_20:4""]","[0, 1, 2, 3, 4, 5, 6, 7, 8, 9, 10, 11, 12, 13, 14, 15, 16, 17, 18, 19, 20, 21, 22, 23, 24, 25, 26, 27, 28, 29, 30, 31, 32, 33, 34, 35, 36, 37, 38, 39, 40, 41, 42, 43, 44, 45, 46, 47, 48, 49, 50, 51, 52, 53, 54, 55, 56, 57, 58, 59, 60, 61, 62, 63]"
180,PE 20:2_20:5,0.012247866282484934,0.012247866282484934,0.0,0.0,0.0,0.0,,0.0,0.0,[],[],,[],False,1.5404566511278972e-11,,,0.0,0.0,0.11067007853293016,3.775376906463036e-17,True,False,global foreground mean NNLS; not mean pixelwise NNLS,"raw postfit residual direction, constrained by NNLS KKT; not absorbed signal fraction",0,"{""n"": 0, ""median"": null, ""q25"": null, ""q75"": null, ""IQR"": null}","[null, null, null, null, null, null, null, null, null, null, null, null, null, null, null, null, null, null, null, null, null, null, null, null, null, null, null, null, null, null, null, null, null, null, null, null, null, null, null, null, null, null, null, null, null, null, null, null, null, null, null, null, null, null, null, null, null, null, null, null, null, null, null, null]",[]
181,PE 20:3_20:3,0.012247866282484934,0.012247866282484934,0.0,0.0,0.0,0.0,,0.0,0.0,[],[],,[],False,1.5404566511278972e-11,,,0.0,0.0,0.11067007853293016,3.775376906463036e-17,True,False,global foreground mean NNLS; not mean pixelwise NNLS,"raw postfit residual direction, constrained by NNLS KKT; not absorbed signal fraction",0,"{""n"": 0, ""median"": null, ""q25"": null, ""q75"": null, ""IQR"": null}","[null, null, null, null, null, null, null, null, null, null, null, null, null, null, null, null, null, null, null, null, null, null, null, null, null, null, null, null, null, null, null, null, null, null, null, null, null, null, null, null, null, null, null, null, null, null, null, null, null, null, null, null, null, null, null, null, null, null, null, null, null, null, null, null]",[]
182,PE 20:3_20:4,0.012247866282484934,0.012247866282484934,0.0,0.0,0.0,0.0,,0.0,0.0,[],[],,[],False,1.5404566511278972e-11,,,0.0,0.0,0.11067007853293016,3.775376906463036e-17,True,False,global foreground mean NNLS; not mean pixelwise NNLS,"raw postfit residual direction, constrained by NNLS KKT; not absorbed signal fraction",17,"{""n"": 136, ""median"": 0.7774410752390216, ""q25"": 0.7285150041035123, ""q75"": 0.8492137219521652, ""IQR"": 0.12069871784865283, ""minimum"": 0.6244291649630638, ""maximum"": 0.9999989163861913}","[null, null, null, null, null, null, null, null, null, null, null, null, null, null, null, null, null, null, null, null, null, null, null, null, null, null, null, null, null, null, null, null, null, null, null, null, null, null, null, null, null, null, null, null, null, ""PE 18:1_20:3"", ""PE 18:1_20:3"", ""PE 18:1_20:3"", ""PE 20:4_20:4"", ""PE O-20:3_20:4"", ""PE 18:1_20:3"", ""PE 18:1_20:3"", ""PE O-20:3_20:4"", ""PE O-20:3_20:4"", ""PE O-20:3_20:4"", ""PE O-20:3_20:4"", null, ""PE O-20:3_20:4"", null, ""PE O-20:3_20:4"", ""PE O-20:3_20:4"", ""PE O-20:3_20:4"", ""PE 20:4_20:4"", ""PE 20:4_20:4""]","[45, 46, 47, 48, 49, 50, 51, 52, 53, 54, 55, 57, 59, 60, 61, 62, 63]"
183,PE 20:3_20:5,0.012247866282484934,0.012247866282484934,0.0,0.0,0.0,0.0,,0.0,0.0,[],[],,[],False,1.5404566511278972e-11,,,0.0,0.0,0.11067007853293016,3.775376906463036e-17,True,False,global foreground mean NNLS; not mean pixelwise NNLS,"raw postfit residual direction, constrained by NNLS KKT; not absorbed signal fraction",0,"{""n"": 0, ""median"": null, ""q25"": null, ""q75"": null, ""IQR"": null}","[null, null, null, null, null, null, null, null, null, null, null, null, null, null, null, null, null, null, null, null, null, null, null, null, null, null, null, null, null, null, null, null, null, null, null, null, null, null, null, null, null, null, null, null, null, null, null, null, null, null, null, null, null, null, null, null, null, null, null, null, null, null, null, null]",[]
184,PE 20:4_20:4,0.012247866282484934,0.012247866282484934,0.0,0.0,0.0,0.0,,0.0,0.0,[],[],,[],False,1.5404566511278972e-11,,,0.0,0.0,0.11067007853293016,3.775376906463036e-17,True,False,global foreground mean NNLS; not mean pixelwise NNLS,"raw postfit residual direction, constrained by NNLS KKT; not absorbed signal fraction",0,"{""n"": 0, ""median"": null, ""q25"": null, ""q75"": null, ""IQR"": null}","[null, null, null, null, null, null, null, null, null, null, null, null, null, null, null, null, null, null, null, null, null, null, null, null, null, null, null, null, null, null, null, null, null, null, null, null, null, null, null, null, null, null, null, null, null, null, null, null, null, null, null, null, null, null, null, null, null, null, null, null, null, null, null, null]",[]
185,PE 20:4_20:5,0.012247866282484934,0.012247866282484934,0.0,0.0,0.0,0.0,,0.0,0.0,[],[],,[],False,1.5404566511278972e-11,,,0.0,0.0,0.11067007853293016,3.775376906463036e-17,True,False,global foreground mean NNLS; not mean pixelwise NNLS,"raw postfit residual direction, constrained by NNLS KKT; not absorbed signal fraction",0,"{""n"": 0, ""median"": null, ""q25"": null, ""q75"": null, ""IQR"": null}","[null, null, null, null, null, null, null, null, null, null, null, null, null, null, null, null, null, null, null, null, null, null, null, null, null, null, null, null, null, null, null, null, null, null, null, null, null, null, null, null, null, null, null, null, null, null, null, null, null, null, null, null, null, null, null, null, null, null, null, null, null, null, null, null]",[]
186,PE 17:0_20:0,0.012247866282484934,0.012247866282484934,0.0,0.0,0.0,0.0,,0.0,0.0,[],[],,[],False,1.5404566511278972e-11,,,0.0,0.0,0.11067007853293016,3.775376906463036e-17,True,False,global foreground mean NNLS; not mean pixelwise NNLS,"raw postfit residual direction, constrained by NNLS KKT; not absorbed signal fraction",0,"{""n"": 0, ""median"": null, ""q25"": null, ""q75"": null, ""IQR"": null}","[null, null, null, null, null, null, null, null, null, null, null, null, null, null, null, null, null, null, null, null, null, null, null, null, null, null, null, null, null, null, null, null, null, null, null, null, null, null, null, null, null, null, null, null, null, null, null, null, null, null, null, null, null, null, null, null, null, null, null, null, null, null, null, null]",[]
187,PE 17:0_20:1,0.012247866282484934,0.012247866282484934,0.0,0.0,0.0,0.0,,0.0,0.0,[],[],,[],False,1.5404566511278972e-11,,,0.0,0.0,0.11067007853293016,3.775376906463036e-17,True,False,global foreground mean NNLS; not mean pixelwise NNLS,"raw postfit residual direction, constrained by NNLS KKT; not absorbed signal fraction",0,"{""n"": 0, ""median"": null, ""q25"": null, ""q75"": null, ""IQR"": null}","[null, null, null, null, null, null, null, null, null, null, null, null, null, null, null, null, null, null, null, null, null, null, null, null, null, null, null, null, null, null, null, null, null, null, null, null, null, null, null, null, null, null, null, null, null, null, null, null, null, null, null, null, null, null, null, null, null, null, null, null, null, null, null, null]",[]
188,PE 17:0_20:2,0.012247866282484934,0.012247866282484934,0.0,0.0,0.0,0.0,,0.0,0.0,[],[],,[],False,1.5404566511278972e-11,,,0.0,0.0,0.11067007853293016,3.775376906463036e-17,True,False,global foreground mean NNLS; not mean pixelwise NNLS,"raw postfit residual direction, constrained by NNLS KKT; not absorbed signal fraction",0,"{""n"": 0, ""median"": null, ""q25"": null, ""q75"": null, ""IQR"": null}","[null, null, null, null, null, null, null, null, null, null, null, null, null, null, null, null, null, null, null, null, null, null, null, null, null, null, null, null, null, null, null, null, null, null, null, null, null, null, null, null, null, null, null, null, null, null, null, null, null, null, null, null, null, null, null, null, null, null, null, null, null, null, null, null]",[]
189,PE 17:0_20:3,0.012247866282484934,0.012247866282484934,0.0,0.0,0.0,0.0,,0.0,0.0,[],[],,[],False,1.5404566511278972e-11,,,0.0,0.0,0.11067007853293016,3.775376906463036e-17,True,False,global foreground mean NNLS; not mean pixelwise NNLS,"raw postfit residual direction, constrained by NNLS KKT; not absorbed signal fraction",0,"{""n"": 0, ""median"": null, ""q25"": null, ""q75"": null, ""IQR"": null}","[null, null, null, null, null, null, null, null, null, null, null, null, null, null, null, null, null, null, null, null, null, null, null, null, null, null, null, null, null, null, null, null, null, null, null, null, null, null, null, null, null, null, null, null, null, null, null, null, null, null, null, null, null, null, null, null, null, null, null, null, null, null, null, null]",[]
190,PE 17:0_20:4,0.012247866282484934,0.012247866282484934,0.0,0.0,0.0,0.0,,0.0,0.0,[],[],,[],False,1.5404566511278972e-11,,,0.0,0.0,0.11067007853293016,3.775376906463036e-17,True,False,global foreground mean NNLS; not mean pixelwise NNLS,"raw postfit residual direction, constrained by NNLS KKT; not absorbed signal fraction",0,"{""n"": 0, ""median"": null, ""q25"": null, ""q75"": null, ""IQR"": null}","[null, null, null, null, null, null, null, null, null, null, null, null, null, null, null, null, null, null, null, null, null, null, null, null, null, null, null, null, null, null, null, null, null, null, null, null, null, null, null, null, null, null, null, null, null, null, null, null, null, null, null, null, null, null, null, null, null, null, null, null, null, null, null, null]",[]
191,PE 17:0_20:5,0.012247866282484934,0.012247866282484934,0.0,0.0,0.0,0.0,,0.0,0.0,[],[],,[],False,1.5404566511278972e-11,,,0.0,0.0,0.11067007853293016,3.775376906463036e-17,True,False,global foreground mean NNLS; not mean pixelwise NNLS,"raw postfit residual direction, constrained by NNLS KKT; not absorbed signal fraction",0,"{""n"": 0, ""median"": null, ""q25"": null, ""q75"": null, ""IQR"": null}","[null, null, null, null, null, null, null, null, null, null, null, null, null, null, null, null, null, null, null, null, null, null, null, null, null, null, null, null, null, null, null, null, null, null, null, null, null, null, null, null, null, null, null, null, null, null, null, null, null, null, null, null, null, null, null, null, null, null, null, null, null, null, null, null]",[]
192,PE 17:0_22:1,0.012247866282484934,0.012247866282484934,0.0,0.0,0.0,0.0,,0.0,0.0,[],[],,[],False,1.5404566511278972e-11,,,0.0,0.0,0.11067007853293016,3.775376906463036e-17,True,False,global foreground mean NNLS; not mean pixelwise NNLS,"raw postfit residual direction, constrained by NNLS KKT; not absorbed signal fraction",0,"{""n"": 0, ""median"": null, ""q25"": null, ""q75"": null, ""IQR"": null}","[null, null, null, null, null, null, null, null, null, null, null, null, null, null, null, null, null, null, null, null, null, null, null, null, null, null, null, null, null, null, null, null, null, null, null, null, null, null, null, null, null, null, null, null, null, null, null, null, null, null, null, null, null, null, null, null, null, null, null, null, null, null, null, null]",[]
193,PE 17:0_22:2,0.012247866282484934,0.012247866282484934,0.0,0.0,0.0,0.0,,0.0,0.0,[],[],,[],False,1.5404566511278972e-11,,,0.0,0.0,0.11067007853293016,3.775376906463036e-17,True,False,global foreground mean NNLS; not mean pixelwise NNLS,"raw postfit residual direction, constrained by NNLS KKT; not absorbed signal fraction",0,"{""n"": 0, ""median"": null, ""q25"": null, ""q75"": null, ""IQR"": null}","[null, null, null, null, null, null, null, null, null, null, null, null, null, null, null, null, null, null, null, null, null, null, null, null, null, null, null, null, null, null, null, null, null, null, null, null, null, null, null, null, null, null, null, null, null, null, null, null, null, null, null, null, null, null, null, null, null, null, null, null, null, null, null, null]",[]
194,PE 17:0_22:3,0.012247866282484934,0.012247866282484934,0.0,0.0,0.0,0.0,,0.0,0.0,[],[],,[],False,1.5404566511278972e-11,,,0.0,0.0,0.11067007853293016,3.775376906463036e-17,True,False,global foreground mean NNLS; not mean pixelwise NNLS,"raw postfit residual direction, constrained by NNLS KKT; not absorbed signal fraction",0,"{""n"": 0, ""median"": null, ""q25"": null, ""q75"": null, ""IQR"": null}","[null, null, null, null, null, null, null, null, null, null, null, null, null, null, null, null, null, null, null, null, null, null, null, null, null, null, null, null, null, null, null, null, null, null, null, null, null, null, null, null, null, null, null, null, null, null, null, null, null, null, null, null, null, null, null, null, null, null, null, null, null, null, null, null]",[]
195,PE 17:0_22:4,0.012247866282484934,0.012247866282484934,0.0,0.0,0.0,0.0,,0.0,0.0,[],[],,[],False,1.5404566511278972e-11,,,0.0,0.0,0.11067007853293016,3.775376906463036e-17,True,False,global foreground mean NNLS; not mean pixelwise NNLS,"raw postfit residual direction, constrained by NNLS KKT; not absorbed signal fraction",0,"{""n"": 0, ""median"": null, ""q25"": null, ""q75"": null, ""IQR"": null}","[null, null, null, null, null, null, null, null, null, null, null, null, null, null, null, null, null, null, null, null, null, null, null, null, null, null, null, null, null, null, null, null, null, null, null, null, null, null, null, null, null, null, null, null, null, null, null, null, null, null, null, null, null, null, null, null, null, null, null, null, null, null, null, null]",[]
196,PE 17:0_22:5,0.012247866282484934,0.012247866282484934,0.0,0.0,0.0,0.0,,0.0,0.0,[],[],,[],False,1.5404566511278972e-11,,,0.0,0.0,0.11067007853293016,3.775376906463036e-17,True,False,global foreground mean NNLS; not mean pixelwise NNLS,"raw postfit residual direction, constrained by NNLS KKT; not absorbed signal fraction",0,"{""n"": 0, ""median"": null, ""q25"": null, ""q75"": null, ""IQR"": null}","[null, null, null, null, null, null, null, null, null, null, null, null, null, null, null, null, null, null, null, null, null, null, null, null, null, null, null, null, null, null, null, null, null, null, null, null, null, null, null, null, null, null, null, null, null, null, null, null, null, null, null, null, null, null, null, null, null, null, null, null, null, null, null, null]",[]
197,PE 17:0_22:6,0.012247866282484934,0.012247866282484934,0.0,0.0,0.0,0.0,,0.0,0.0,[],[],,[],False,1.5404566511278972e-11,,,0.0,0.0,0.11067007853293016,3.775376906463036e-17,True,False,global foreground mean NNLS; not mean pixelwise NNLS,"raw postfit residual direction, constrained by NNLS KKT; not absorbed signal fraction",0,"{""n"": 0, ""median"": null, ""q25"": null, ""q75"": null, ""IQR"": null}","[null, null, null, null, null, null, null, null, null, null, null, null, null, null, null, null, null, null, null, null, null, null, null, null, null, null, null, null, null, null, null, null, null, null, null, null, null, null, null, null, null, null, null, null, null, null, null, null, null, null, null, null, null, null, null, null, null, null, null, null, null, null, null, null]",[]
198,PE 20:0_17:1,0.012247866282484934,0.012247866282484934,0.0,0.0,0.0,0.0,,0.0,0.0,[],[],,[],False,1.5404566511278972e-11,,,0.0,0.0,0.11067007853293016,3.775376906463036e-17,True,False,global foreground mean NNLS; not mean pixelwise NNLS,"raw postfit residual direction, constrained by NNLS KKT; not absorbed signal fraction",0,"{""n"": 0, ""median"": null, ""q25"": null, ""q75"": null, ""IQR"": null}","[null, null, null, null, null, null, null, null, null, null, null, null, null, null, null, null, null, null, null, null, null, null, null, null, null, null, null, null, null, null, null, null, null, null, null, null, null, null, null, null, null, null, null, null, null, null, null, null, null, null, null, null, null, null, null, null, null, null, null, null, null, null, null, null]",[]
199,PE 17:1_20:1,0.012247866282484934,0.012247866282484934,0.0,0.0,0.0,0.0,,0.0,0.0,[],[],,[],False,1.5404566511278972e-11,,,0.0,0.0,0.11067007853293016,3.775376906463036e-17,True,False,global foreground mean NNLS; not mean pixelwise NNLS,"raw postfit residual direction, constrained by NNLS KKT; not absorbed signal fraction",0,"{""n"": 0, ""median"": null, ""q25"": null, ""q75"": null, ""IQR"": null}","[null, null, null, null, null, null, null, null, null, null, null, null, null, null, null, null, null, null, null, null, null, null, null, null, null, null, null, null, null, null, null, null, null, null, null, null, null, null, null, null, null, null, null, null, null, null, null, null, null, null, null, null, null, null, null, null, null, null, null, null, null, null, null, null]",[]
200,PE 17:1_20:2,0.012247866282484934,0.012247866282484934,0.0,0.0,0.0,0.0,,0.0,0.0,[],[],,[],False,1.5404566511278972e-11,,,0.0,0.0,0.11067007853293016,3.775376906463036e-17,True,False,global foreground mean NNLS; not mean pixelwise NNLS,"raw postfit residual direction, constrained by NNLS KKT; not absorbed signal fraction",0,"{""n"": 0, ""median"": null, ""q25"": null, ""q75"": null, ""IQR"": null}","[null, null, null, null, null, null, null, null, null, null, null, null, null, null, null, null, null, null, null, null, null, null, null, null, null, null, null, null, null, null, null, null, null, null, null, null, null, null, null, null, null, null, null, null, null, null, null, null, null, null, null, null, null, null, null, null, null, null, null, null, null, null, null, null]",[]
201,PE 17:1_20:3,0.012247866282484934,0.012247866282484934,0.0,0.0,0.0,0.0,,0.0,0.0,[],[],,[],False,1.5404566511278972e-11,,,0.0,0.0,0.11067007853293016,3.775376906463036e-17,True,False,global foreground mean NNLS; not mean pixelwise NNLS,"raw postfit residual direction, constrained by NNLS KKT; not absorbed signal fraction",0,"{""n"": 0, ""median"": null, ""q25"": null, ""q75"": null, ""IQR"": null}","[null, null, null, null, null, null, null, null, null, null, null, null, null, null, null, null, null, null, null, null, null, null, null, null, null, null, null, null, null, null, null, null, null, null, null, null, null, null, null, null, null, null, null, null, null, null, null, null, null, null, null, null, null, null, null, null, null, null, null, null, null, null, null, null]",[]
202,PE 17:1_20:4,0.012247866282484934,0.012247866282484934,0.0,0.0,0.0,0.0,,0.0,0.0,[],[],,[],False,1.5404566511278972e-11,,,0.0,0.0,0.11067007853293016,3.775376906463036e-17,True,False,global foreground mean NNLS; not mean pixelwise NNLS,"raw postfit residual direction, constrained by NNLS KKT; not absorbed signal fraction",0,"{""n"": 0, ""median"": null, ""q25"": null, ""q75"": null, ""IQR"": null}","[null, null, null, null, null, null, null, null, null, null, null, null, null, null, null, null, null, null, null, null, null, null, null, null, null, null, null, null, null, null, null, null, null, null, null, null, null, null, null, null, null, null, null, null, null, null, null, null, null, null, null, null, null, null, null, null, null, null, null, null, null, null, null, null]",[]
203,PE 17:1_22:1,0.012247866282484934,0.012247866282484934,0.0,0.0,0.0,0.0,,0.0,0.0,[],[],,[],False,1.5404566511278972e-11,,,0.0,0.0,0.11067007853293016,3.775376906463036e-17,True,False,global foreground mean NNLS; not mean pixelwise NNLS,"raw postfit residual direction, constrained by NNLS KKT; not absorbed signal fraction",0,"{""n"": 0, ""median"": null, ""q25"": null, ""q75"": null, ""IQR"": null}","[null, null, null, null, null, null, null, null, null, null, null, null, null, null, null, null, null, null, null, null, null, null, null, null, null, null, null, null, null, null, null, null, null, null, null, null, null, null, null, null, null, null, null, null, null, null, null, null, null, null, null, null, null, null, null, null, null, null, null, null, null, null, null, null]",[]
204,PE 17:1_22:3,0.012247866282484934,0.012247866282484934,0.0,0.0,0.0,0.0,,0.0,0.0,[],[],,[],False,1.5404566511278972e-11,,,0.0,0.0,0.11067007853293016,3.775376906463036e-17,True,False,global foreground mean NNLS; not mean pixelwise NNLS,"raw postfit residual direction, constrained by NNLS KKT; not absorbed signal fraction",0,"{""n"": 0, ""median"": null, ""q25"": null, ""q75"": null, ""IQR"": null}","[null, null, null, null, null, null, null, null, null, null, null, null, null, null, null, null, null, null, null, null, null, null, null, null, null, null, null, null, null, null, null, null, null, null, null, null, null, null, null, null, null, null, null, null, null, null, null, null, null, null, null, null, null, null, null, null, null, null, null, null, null, null, null, null]",[]
205,PE 17:1_22:4,0.012247866282484934,0.012247866282484934,0.0,0.0,0.0,0.0,,0.0,0.0,[],[],,[],False,1.5404566511278972e-11,,,0.0,0.0,0.11067007853293016,3.775376906463036e-17,True,False,global foreground mean NNLS; not mean pixelwise NNLS,"raw postfit residual direction, constrained by NNLS KKT; not absorbed signal fraction",0,"{""n"": 0, ""median"": null, ""q25"": null, ""q75"": null, ""IQR"": null}","[null, null, null, null, null, null, null, null, null, null, null, null, null, null, null, null, null, null, null, null, null, null, null, null, null, null, null, null, null, null, null, null, null, null, null, null, null, null, null, null, null, null, null, null, null, null, null, null, null, null, null, null, null, null, null, null, null, null, null, null, null, null, null, null]",[]
206,PE 17:1_22:5,0.012247866282484934,0.012247866282484934,0.0,0.0,0.0,0.0,,0.0,0.0,[],[],,[],False,1.5404566511278972e-11,,,0.0,0.0,0.11067007853293016,3.775376906463036e-17,True,False,global foreground mean NNLS; not mean pixelwise NNLS,"raw postfit residual direction, constrained by NNLS KKT; not absorbed signal fraction",0,"{""n"": 0, ""median"": null, ""q25"": null, ""q75"": null, ""IQR"": null}","[null, null, null, null, null, null, null, null, null, null, null, null, null, null, null, null, null, null, null, null, null, null, null, null, null, null, null, null, null, null, null, null, null, null, null, null, null, null, null, null, null, null, null, null, null, null, null, null, null, null, null, null, null, null, null, null, null, null, null, null, null, null, null, null]",[]
207,PE 17:1_22:6,0.012247866282484934,0.012247866282484934,0.0,0.0,0.0,0.0,,0.0,0.0,[],[],,[],False,1.5404566511278972e-11,,,0.0,0.0,0.11067007853293016,3.775376906463036e-17,True,False,global foreground mean NNLS; not mean pixelwise NNLS,"raw postfit residual direction, constrained by NNLS KKT; not absorbed signal fraction",0,"{""n"": 0, ""median"": null, ""q25"": null, ""q75"": null, ""IQR"": null}","[null, null, null, null, null, null, null, null, null, null, null, null, null, null, null, null, null, null, null, null, null, null, null, null, null, null, null, null, null, null, null, null, null, null, null, null, null, null, null, null, null, null, null, null, null, null, null, null, null, null, null, null, null, null, null, null, null, null, null, null, null, null, null, null]",[]
208,PE O-16:0_22:1,0.012247866282484934,0.012247866282484934,0.0,0.0,0.0,0.0,,0.0,0.0,[],[],,[],False,1.5404566511278972e-11,,,0.0,0.0,0.11067007853293016,3.775376906463036e-17,True,False,global foreground mean NNLS; not mean pixelwise NNLS,"raw postfit residual direction, constrained by NNLS KKT; not absorbed signal fraction",0,"{""n"": 0, ""median"": null, ""q25"": null, ""q75"": null, ""IQR"": null}","[null, null, null, null, null, null, null, null, null, null, null, null, null, null, null, null, null, null, null, null, null, null, null, null, null, null, null, null, null, null, null, null, null, null, null, null, null, null, null, null, null, null, null, null, null, null, null, null, null, null, null, null, null, null, null, null, null, null, null, null, null, null, null, null]",[]
209,PE O-16:0_22:2,0.012247866282484934,0.012247866282484934,0.0,0.0,0.0,0.0,,0.0,0.0,[],[],,[],False,1.5404566511278972e-11,,,0.0,0.0,0.11067007853293016,3.775376906463036e-17,True,False,global foreground mean NNLS; not mean pixelwise NNLS,"raw postfit residual direction, constrained by NNLS KKT; not absorbed signal fraction",0,"{""n"": 0, ""median"": null, ""q25"": null, ""q75"": null, ""IQR"": null}","[null, null, null, null, null, null, null, null, null, null, null, null, null, null, null, null, null, null, null, null, null, null, null, null, null, null, null, null, null, null, null, null, null, null, null, null, null, null, null, null, null, null, null, null, null, null, null, null, null, null, null, null, null, null, null, null, null, null, null, null, null, null, null, null]",[]
210,PE O-16:0_22:3,0.012247866282484934,0.012247901137741239,3.4855256304464066e-08,2.8458227333411545e-06,0.0004996670513346241,0.002436204893639905,PG 16:1_22:3,0.0011583408904796675,0.4754694044939441,"[""PG 16:1_22:3"", ""PE 16:0_22:4"", ""PE 18:1_22:6"", ""PG 16:0_22:6"", ""PE O-18:3_22:6""]","[0.0011583408904796675, 0.0007629960338522979, 8.414285899415938e-05, 4.328668388429817e-05, 4.133050685599469e-05]",PG 16:1_22:3,"[""PG 16:1_22:3""]",True,1.5404566511278972e-11,-5.09427963679501e-17,-9.554864393616611e-15,0.3161577794395143,0.9040672071094455,0.11067023600653085,0.00018669562474946718,True,True,global foreground mean NNLS; not mean pixelwise NNLS,"raw postfit residual direction, constrained by NNLS KKT; not absorbed signal fraction",30,"{""n"": 435, ""median"": 0.4917979830204687, ""q25"": 0.4035792898631445, ""q75"": 0.6338540165480262, ""IQR"": 0.2302747266848817, ""minimum"": 0.15892601727541442, ""maximum"": 0.9999971243654433}","[null, null, null, null, null, null, ""PG 16:1_22:3"", ""PE O-16:0_22:4"", ""PG 16:1_22:3"", ""PE O-16:0_22:4"", ""PG 16:1_22:3"", ""PG 16:1_22:3"", ""PG 16:1_22:3"", null, null, null, null, null, null, null, null, null, null, null, null, null, null, null, null, null, null, null, null, null, null, null, null, ""PG 16:1_22:3"", ""PG 16:1_22:3"", ""PG 16:1_22:3"", ""PG 16:1_22:3"", ""PE O-16:0_22:4"", ""PE O-16:0_22:4"", ""PG 14:0_22:3"", ""PG 14:0_22:3"", ""PG 16:1_22:3"", ""PE O-16:1_22:3"", null, null, ""PG 14:0_22:2"", ""PE O-18:0_22:3"", ""PE O-18:0_22:3"", ""PE O-18:0_22:3"", ""PE O-18:0_22:3"", ""PE O-18:0_22:3"", ""PE O-16:0_22:4"", ""PE O-18:2_22:3"", ""PE O-16:0_22:4"", ""PE O-16:0_22:4"", ""PE O-18:2_22:3"", ""PE O-18:0_22:3"", ""PE O-18:0_22:3"", null, null]","[6, 7, 8, 9, 10, 11, 12, 37, 38, 39, 40, 41, 42, 43, 44, 45, 46, 49, 50, 51, 52, 53, 54, 55, 56, 57, 58, 59, 60, 61]"
211,PE O-16:0_22:4,0.012247866282484934,0.012247866282484934,0.0,0.0,0.0,0.0,,0.0,0.0,[],[],,[],False,1.5404566511278972e-11,,,0.0,0.0,0.11067007853293016,3.775376906463036e-17,True,False,global foreground mean NNLS; not mean pixelwise NNLS,"raw postfit residual direction, constrained by NNLS KKT; not absorbed signal fraction",10,"{""n"": 45, ""median"": 0.8220111199113981, ""q25"": 0.75095934173337, ""q75"": 0.8753850139570474, ""IQR"": 0.1244256722236774, ""minimum"": 0.6268648301823883, ""maximum"": 0.9999684763928857}","[null, null, null, null, null, null, null, ""PE O-18:1_22:4"", ""PE O-18:2_22:4"", ""PE O-18:2_22:4"", ""PE O-18:2_22:4"", ""PE O-18:2_22:4"", null, null, null, null, null, null, null, null, null, null, null, null, null, null, null, null, null, null, null, null, null, null, null, null, null, null, ""PE O-18:2_22:4"", null, null, ""PE O-18:1_22:4"", ""PE O-18:1_22:4"", null, null, null, null, null, null, null, null, null, null, null, null, null, null, ""PE O-18:2_22:4"", ""PE O-18:2_22:4"", null, null, null, null, null]","[7, 8, 9, 10, 11, 38, 41, 42, 57, 58]"
212,PE O-16:0_22:5,0.012247866282484934,0.012247866282484934,0.0,0.0,0.0,0.0,,0.0,0.0,[],[],,[],False,1.5404566511278972e-11,,,0.0,0.0,0.11067007853293016,3.775376906463036e-17,True,False,global foreground mean NNLS; not mean pixelwise NNLS,"raw postfit residual direction, constrained by NNLS KKT; not absorbed signal fraction",0,"{""n"": 0, ""median"": null, ""q25"": null, ""q75"": null, ""IQR"": null}","[null, null, null, null, null, null, null, null, null, null, null, null, null, null, null, null, null, null, null, null, null, null, null, null, null, null, null, null, null, null, null, null, null, null, null, null, null, null, null, null, null, null, null, null, null, null, null, null, null, null, null, null, null, null, null, null, null, null, null, null, null, null, null, null]",[]
213,PE O-16:0_22:6,0.012247866282484934,0.012247866282484934,0.0,0.0,0.0,0.0,,0.0,0.0,[],[],,[],False,1.5404566511278972e-11,,,0.0,0.0,0.11067007853293016,3.775376906463036e-17,True,False,global foreground mean NNLS; not mean pixelwise NNLS,"raw postfit residual direction, constrained by NNLS KKT; not absorbed signal fraction",0,"{""n"": 0, ""median"": null, ""q25"": null, ""q75"": null, ""IQR"": null}","[null, null, null, null, null, null, null, null, null, null, null, null, null, null, null, null, null, null, null, null, null, null, null, null, null, null, null, null, null, null, null, null, null, null, null, null, null, null, null, null, null, null, null, null, null, null, null, null, null, null, null, null, null, null, null, null, null, null, null, null, null, null, null, null]",[]
214,PE O-16:1_22:0,0.012247866282484934,0.012247866282484934,0.0,0.0,0.0,0.0,,0.0,0.0,[],[],,[],False,1.5404566511278972e-11,,,0.0,0.0,0.11067007853293016,3.775376906463036e-17,True,False,global foreground mean NNLS; not mean pixelwise NNLS,"raw postfit residual direction, constrained by NNLS KKT; not absorbed signal fraction",0,"{""n"": 0, ""median"": null, ""q25"": null, ""q75"": null, ""IQR"": null}","[null, null, null, null, null, null, null, null, null, null, null, null, null, null, null, null, null, null, null, null, null, null, null, null, null, null, null, null, null, null, null, null, null, null, null, null, null, null, null, null, null, null, null, null, null, null, null, null, null, null, null, null, null, null, null, null, null, null, null, null, null, null, null, null]",[]
215,PE O-16:1_22:1,0.012247866282484934,0.012249743105979467,1.8768234945325951e-06,0.00015323677211134403,0.001437912121240235,0.002630510962191704,PE O-18:1_20:1,0.0006292775544863054,0.23922255534824985,"[""PE O-18:1_20:1"", ""PS 14:0_22:1"", ""PE O-20:3_20:4"", ""PC 16:0_18:1"", ""PG 14:0_22:1""]","[0.0006292775544863054, 0.00024656404411220467, 0.00023622504106191738, 0.00018518864541811758, 0.0001362820661697864]",PE O-18:1_20:1,"[""PE O-18:1_20:1""]",True,1.5404566511278972e-11,3.134705608806957e-17,1.0387185061566475e-15,0.1420522916444603,0.09230251236321195,0.11067855757092004,0.0013699720780115795,True,True,global foreground mean NNLS; not mean pixelwise NNLS,"raw postfit residual direction, constrained by NNLS KKT; not absorbed signal fraction",52,"{""n"": 1326, ""median"": 0.6920938523672803, ""q25"": 0.6257626229006572, ""q75"": 0.8758130916642388, ""IQR"": 0.2500504687635816, ""minimum"": 0.4765410892616883, ""maximum"": 1.0000000000000002}","[null, null, null, ""PS 14:0_22:1"", ""PS 14:0_22:1"", ""PE O-18:1_20:1"", ""PE O-18:1_20:1"", ""PE O-18:1_20:1"", ""PE O-18:1_20:1"", ""PE O-18:1_20:1"", ""PE O-18:1_20:1"", ""PE O-18:1_20:1"", ""PE O-18:1_20:1"", ""PE O-18:1_20:1"", ""PE O-18:1_20:1"", ""PS 14:0_22:1"", ""PS 14:0_22:1"", ""PS 14:0_22:1"", ""PS 14:0_22:1"", ""PS 14:0_22:1"", ""PG 16:1_20:1"", null, null, ""PS 14:0_22:1"", ""PS 14:0_22:1"", ""PS 14:0_22:1"", ""PS 14:0_22:1"", ""PS 14:0_22:1"", ""PS 14:0_22:1"", ""PS 14:0_22:1"", ""PS 14:0_22:1"", ""PS 14:0_22:1"", ""PS 14:0_22:1"", ""PS 14:0_22:1"", ""PE O-18:1_20:1"", ""PE O-18:1_20:1"", ""PE O-18:1_20:1"", ""PE O-18:1_20:1"", ""PE O-18:1_20:1"", ""PE O-18:1_20:1"", ""PE O-18:1_20:1"", ""PE O-18:1_20:1"", ""PE O-18:1_20:1"", ""PE O-18:1_20:1"", ""PS 14:0_22:1"", ""PS 14:0_22:1"", ""PS 14:0_22:1"", null, null, null, ""PE O-18:1_20:1"", ""PE O-18:1_20:1"", null, ""PE O-18:1_20:1"", ""PE O-18:1_20:1"", ""PE O-18:1_20:1"", ""PE O-18:1_20:1"", ""PE O-18:1_20:1"", ""PE O-18:1_22:1"", ""PE O-18:1_20:1"", ""PE O-18:1_20:1"", null, null, null]","[3, 4, 5, 6, 7, 8, 9, 10, 11, 12, 13, 14, 15, 16, 17, 18, 19, 20, 23, 24, 25, 26, 27, 28, 29, 30, 31, 32, 33, 34, 35, 36, 37, 38, 39, 40, 41, 42, 43, 44, 45, 46, 50, 51, 53, 54, 55, 56, 57, 58, 59, 60]"
216,PE O-16:1_22:2,0.012247866282484934,0.012251204880615514,3.3385981305800866e-06,0.00027258610220801187,0.0023327761458114883,0.0035576678599237663,PE O-16:0_22:2,0.001424483197250182,0.40039802840963007,"[""PE O-16:0_22:2"", ""PG 16:1_22:3"", ""PE 16:0_22:4"", ""PS 14:0_22:2"", ""PE 20:1_20:4""]","[0.001424483197250182, 0.0005768005638715349, 0.00037846541701118397, 0.00022666057079789577, 0.0001437038584402423]",PE O-16:0_22:2,"[""PE O-16:0_22:2""]",True,1.5404566511278972e-11,0.0,0.7618491952422697,0.8399614763180515,0.5982385916273536,0.11068516106784827,0.0010399284986375228,True,True,global foreground mean NNLS; not mean pixelwise NNLS,"raw postfit residual direction, constrained by NNLS KKT; not absorbed signal fraction",52,"{""n"": 1326, ""median"": 0.6302956670766915, ""q25"": 0.557071213929883, ""q75"": 0.7296662104038542, ""IQR"": 0.17259499647397114, ""minimum"": 0.3695295327303275, ""maximum"": 1.0}","[null, null, null, ""PG 14:0_22:2"", ""PE O-16:0_22:2"", ""PE O-16:0_22:2"", ""PE O-16:0_22:2"", ""PE O-18:2_22:2"", ""PE O-18:2_22:2"", ""PE O-18:2_22:2"", ""PE O-18:2_22:2"", ""PE O-18:2_22:2"", ""PE O-18:2_22:2"", ""PE O-16:0_22:2"", ""PE O-16:0_22:2"", ""PE O-16:0_22:2"", ""PE O-16:0_22:2"", ""PE O-16:0_22:2"", ""PE O-16:0_22:2"", ""PE O-16:0_22:2"", ""PG 14:0_22:2"", null, null, ""PE O-16:0_22:2"", ""PE O-16:0_22:2"", ""PE O-16:0_22:2"", ""PE O-16:0_22:2"", ""PE O-16:0_22:2"", ""PE O-16:0_22:2"", ""PE O-16:0_22:2"", ""PE O-16:0_22:2"", ""PE O-16:0_22:2"", ""PE O-16:0_22:2"", ""PE O-16:0_22:2"", ""PE O-16:0_22:2"", ""PE O-16:0_22:2"", ""PE O-16:0_22:2"", ""PE O-16:0_22:2"", ""PE O-16:0_22:2"", ""PE O-16:0_22:2"", ""PE O-16:0_22:2"", ""PE O-16:0_22:2"", ""PE O-16:0_22:2"", ""PE O-16:0_22:2"", ""PE O-16:0_22:2"", ""PE O-16:0_22:2"", ""PE O-16:0_22:2"", null, null, null, ""PE O-16:0_22:2"", ""PE O-16:0_22:2"", null, ""PE O-16:0_22:2"", ""PE O-16:0_22:2"", ""PE O-16:0_22:2"", ""PE O-18:2_22:2"", ""PE O-18:2_22:2"", ""PE O-18:2_22:2"", ""PE O-18:2_22:2"", ""PE O-16:0_22:2"", null, null, null]","[3, 4, 5, 6, 7, 8, 9, 10, 11, 12, 13, 14, 15, 16, 17, 18, 19, 20, 23, 24, 25, 26, 27, 28, 29, 30, 31, 32, 33, 34, 35, 36, 37, 38, 39, 40, 41, 42, 43, 44, 45, 46, 50, 51, 53, 54, 55, 56, 57, 58, 59, 60]"
217,PE O-16:1_22:3,0.012247866282484934,0.012247866282484934,0.0,0.0,0.0,0.0,,0.0,0.0,[],[],,[],False,1.5404566511278972e-11,,,0.0,0.0,0.11067007853293016,3.775376906463036e-17,True,False,global foreground mean NNLS; not mean pixelwise NNLS,"raw postfit residual direction, constrained by NNLS KKT; not absorbed signal fraction",0,"{""n"": 0, ""median"": null, ""q25"": null, ""q75"": null, ""IQR"": null}","[null, null, null, null, null, null, null, null, null, null, null, null, null, null, null, null, null, null, null, null, null, null, null, null, null, null, null, null, null, null, null, null, null, null, null, null, null, null, null, null, null, null, null, null, null, null, null, null, null, null, null, null, null, null, null, null, null, null, null, null, null, null, null, null]",[]
218,PE O-16:1_22:4,0.012247866282484934,0.012247866282484934,0.0,0.0,0.0,0.0,,0.0,0.0,[],[],,[],False,1.5404566511278972e-11,,,0.0,0.0,0.11067007853293016,3.775376906463036e-17,True,False,global foreground mean NNLS; not mean pixelwise NNLS,"raw postfit residual direction, constrained by NNLS KKT; not absorbed signal fraction",0,"{""n"": 0, ""median"": null, ""q25"": null, ""q75"": null, ""IQR"": null}","[null, null, null, null, null, null, null, null, null, null, null, null, null, null, null, null, null, null, null, null, null, null, null, null, null, null, null, null, null, null, null, null, null, null, null, null, null, null, null, null, null, null, null, null, null, null, null, null, null, null, null, null, null, null, null, null, null, null, null, null, null, null, null, null]",[]
219,PE O-16:1_22:5,0.012247866282484934,0.012247866282484934,0.0,0.0,0.0,0.0,,0.0,0.0,[],[],,[],False,1.5404566511278972e-11,,,0.0,0.0,0.11067007853293016,3.775376906463036e-17,True,False,global foreground mean NNLS; not mean pixelwise NNLS,"raw postfit residual direction, constrained by NNLS KKT; not absorbed signal fraction",0,"{""n"": 0, ""median"": null, ""q25"": null, ""q75"": null, ""IQR"": null}","[null, null, null, null, null, null, null, null, null, null, null, null, null, null, null, null, null, null, null, null, null, null, null, null, null, null, null, null, null, null, null, null, null, null, null, null, null, null, null, null, null, null, null, null, null, null, null, null, null, null, null, null, null, null, null, null, null, null, null, null, null, null, null, null]",[]
220,PE O-16:1_24:0,0.012247866282484934,0.012248894009276166,1.027726791232031e-06,8.391068023152909e-05,0.0010253414228698849,0.0004005348098631979,PE O-16:1_24:1,0.0001121770922025314,0.28006827162107845,"[""PE O-16:1_24:1"", ""PE O-16:1_24:6"", ""PE O-16:1_22:1"", ""PE O-16:1_22:2"", ""PE O-16:1_24:5""]","[0.0001121770922025314, 5.379251486977094e-05, 4.186709864944854e-05, 3.4744021741041006e-05, 3.0060348787948874e-05]",PE O-16:1_24:1,"[""PE O-16:1_24:1""]",True,1.5404566511278972e-11,-3.55115677466026e-18,4.4700794896512644e-17,0.14437071606579788,0.022448586264462958,0.1106747216363166,0.0010137686083282525,True,True,global foreground mean NNLS; not mean pixelwise NNLS,"raw postfit residual direction, constrained by NNLS KKT; not absorbed signal fraction",64,"{""n"": 2016, ""median"": 0.673596146987044, ""q25"": 0.5763967875709253, ""q75"": 0.8063799126275288, ""IQR"": 0.22998312505660357, ""minimum"": 0.2717836753542289, ""maximum"": 1.0000000000000002}","[""PE O-16:1_24:1"", ""PE O-16:1_24:1"", ""PE O-16:1_24:1"", ""PE O-16:1_24:1"", ""PE O-16:1_24:1"", ""PE O-16:1_24:1"", ""PE O-16:1_24:1"", ""PE O-16:1_24:1"", ""PE O-16:1_24:1"", ""PE O-16:1_24:1"", ""PE O-16:1_24:1"", ""PE O-16:1_24:1"", ""PE O-16:1_24:1"", ""PE O-16:1_24:1"", ""PE O-16:1_24:1"", ""PE O-16:1_24:1"", ""PE O-16:1_24:1"", ""PE O-16:1_24:1"", ""PE O-16:1_24:1"", ""PE O-16:1_24:1"", ""PG 16:1_20:1"", ""PE O-16:1_24:1"", ""PE O-16:1_24:1"", ""PE O-16:1_24:1"", ""PE O-16:1_24:1"", ""PE O-16:1_24:1"", ""PE O-16:1_24:1"", ""PE O-16:1_24:1"", ""PE O-16:1_24:1"", ""PE O-16:1_24:1"", ""PE O-16:1_24:1"", ""PE O-16:1_24:1"", ""PE O-16:1_24:1"", ""PE O-16:1_24:1"", ""PE O-16:1_24:1"", ""PE O-16:1_24:1"", ""PE O-16:1_24:1"", ""PE O-16:1_24:1"", ""PE O-16:1_24:1"", ""PE O-16:1_24:1"", ""PE O-16:1_24:1"", ""PE O-16:1_24:1"", ""PE O-16:1_24:1"", ""PE O-16:1_24:1"", ""PE O-16:1_24:1"", ""PE O-16:1_24:1"", ""PE O-16:1_24:1"", ""PE O-16:1_24:1"", ""PE O-16:1_24:1"", ""PE O-16:1_24:1"", ""PE O-16:1_24:1"", ""PE O-16:1_24:1"", ""PE O-16:1_24:1"", ""PE O-16:1_24:1"", ""PE O-16:1_24:1"", ""PE O-16:1_24:1"", ""PE O-16:1_24:1"", ""PE O-16:1_24:1"", ""PE O-16:1_24:1"", ""PE O-16:1_24:1"", ""PE O-16:1_24:1"", ""PE O-16:1_24:1"", ""PE O-16:1_24:1"", ""PE O-16:1_24:1""]","[0, 1, 2, 3, 4, 5, 6, 7, 8, 9, 10, 11, 12, 13, 14, 15, 16, 17, 18, 19, 20, 21, 22, 23, 24, 25, 26, 27, 28, 29, 30, 31, 32, 33, 34, 35, 36, 37, 38, 39, 40, 41, 42, 43, 44, 45, 46, 47, 48, 49, 50, 51, 52, 53, 54, 55, 56, 57, 58, 59, 60, 61, 62, 63]"
221,PE O-16:1_24:1,0.012247866282484934,0.012248798927900598,9.326454156639852e-07,7.614758310364373e-05,0.0009782141761207307,0.0004386340847530402,PE O-16:1_24:0,0.00010670324093862396,0.24326253796587077,"[""PE O-16:1_24:0"", ""PE O-16:1_24:6"", ""PE O-16:1_22:1"", ""PE O-16:1_22:2"", ""PE O-16:1_24:5""]","[0.00010670324093862396, 6.10814171380738e-05, 4.429465727290565e-05, 3.774558863988602e-05, 3.3619613256308614e-05]",PE O-16:1_24:0,"[""PE O-16:1_24:0""]",True,1.5404566511278972e-11,-8.388109765298093e-18,1.2542325302719595e-16,0.15218947993355336,0.02535262805641911,0.11067429208222024,0.0009657356862341754,True,True,global foreground mean NNLS; not mean pixelwise NNLS,"raw postfit residual direction, constrained by NNLS KKT; not absorbed signal fraction",64,"{""n"": 2016, ""median"": 0.6705572626183165, ""q25"": 0.5833743818260111, ""q75"": 0.8067412869048818, ""IQR"": 0.2233669050788707, ""minimum"": 0.2673788644695538, ""maximum"": 1.0000000000000002}","[""PE O-16:1_24:0"", ""PE O-16:1_24:0"", ""PE O-16:1_24:0"", ""PE O-16:1_24:0"", ""PE O-16:1_24:0"", ""PE O-16:1_24:0"", ""PE O-16:1_24:0"", ""PE O-16:1_24:0"", ""PE O-16:1_24:0"", ""PE O-16:1_24:0"", ""PE O-16:1_24:0"", ""PE O-16:1_24:0"", ""PE O-16:1_24:0"", ""PE O-16:1_24:0"", ""PE O-16:1_24:0"", ""PE O-16:1_24:0"", ""PE O-16:1_24:0"", ""PE O-16:1_24:0"", ""PE O-16:1_24:0"", ""PE O-16:1_24:0"", ""PG 16:1_20:1"", ""PE O-16:1_24:0"", ""PE O-16:1_24:0"", ""PE O-16:1_24:0"", ""PE O-16:1_24:0"", ""PE O-16:1_24:0"", ""PE O-16:1_24:0"", ""PE O-16:1_24:0"", ""PE O-16:1_24:0"", ""PE O-16:1_24:0"", ""PE O-16:1_24:0"", ""PE O-16:1_24:0"", ""PE O-16:1_24:0"", ""PE O-16:1_24:0"", ""PE O-16:1_24:0"", ""PE O-16:1_24:0"", ""PE O-16:1_24:0"", ""PE O-16:1_24:0"", ""PE O-16:1_24:0"", ""PE O-16:1_24:0"", ""PE O-16:1_24:0"", ""PE O-16:1_24:0"", ""PE O-16:1_24:0"", ""PE O-16:1_24:0"", ""PE O-16:1_24:0"", ""PE O-16:1_24:0"", ""PE O-16:1_24:0"", ""PE O-16:1_24:0"", ""PE O-16:1_24:0"", ""PE O-16:1_24:0"", ""PE O-16:1_24:0"", ""PE O-16:1_24:0"", ""PE O-16:1_24:0"", ""PE O-16:1_24:0"", ""PE O-16:1_24:0"", ""PE O-16:1_24:0"", ""PE O-16:1_24:0"", ""PE O-16:1_24:0"", ""PE O-16:1_24:0"", ""PE O-16:1_24:0"", ""PE O-16:1_24:0"", ""PE O-16:1_24:0"", ""PE O-16:1_24:0"", ""PE O-16:1_24:0""]","[0, 1, 2, 3, 4, 5, 6, 7, 8, 9, 10, 11, 12, 13, 14, 15, 16, 17, 18, 19, 20, 21, 22, 23, 24, 25, 26, 27, 28, 29, 30, 31, 32, 33, 34, 35, 36, 37, 38, 39, 40, 41, 42, 43, 44, 45, 46, 47, 48, 49, 50, 51, 52, 53, 54, 55, 56, 57, 58, 59, 60, 61, 62, 63]"
222,PE O-16:1_24:4,0.012247866282484934,0.012249178722457083,1.3124399721488322e-06,0.00010715662155117834,0.0011501498539059516,0.0002897734643862432,PE O-16:1_24:5,6.0861240637943e-05,0.21003041309120618,"[""PE O-16:1_24:5"", ""PE O-16:1_24:1"", ""PE O-16:1_24:0"", ""PE O-16:1_24:6"", ""PE O-16:1_22:1""]","[6.0861240637943e-05, 3.877530861453476e-05, 3.370325916912144e-05, 3.246059409994263e-05, 2.334390967062604e-05]",PE O-16:1_24:5,"[""PE O-16:1_24:5""]",True,1.5404566511278972e-11,4.898090350140484e-18,-5.688829309035073e-16,0.08451484057168042,0.007868451252081625,0.11067600788995366,0.0011456177251385848,True,True,global foreground mean NNLS; not mean pixelwise NNLS,"raw postfit residual direction, constrained by NNLS KKT; not absorbed signal fraction",64,"{""n"": 2016, ""median"": 0.5826813684321678, ""q25"": 0.504777421784043, ""q75"": 0.7891387771067188, ""IQR"": 0.2843613553226758, ""minimum"": 0.28683016885726115, ""maximum"": 0.9999999999999999}","[""PG 16:1_20:3"", ""PG 16:1_20:3"", ""PG 16:1_20:3"", ""PG 14:0_24:4"", ""PG 14:0_24:4"", ""PG 14:0_24:4"", ""PE O-16:1_24:5"", ""PE O-16:1_24:5"", ""PE O-16:1_24:5"", ""PE O-16:1_24:5"", ""PE O-16:1_24:5"", ""PE O-16:1_24:5"", ""PE O-16:1_24:5"", ""PE O-16:1_24:5"", ""PG 14:0_24:4"", ""PG 14:0_24:4"", ""PG 14:0_24:4"", ""PG 14:0_24:4"", ""PG 14:0_24:4"", ""PG 14:0_24:4"", ""PG 16:1_20:1"", ""PG 14:0_24:4"", ""PG 14:0_24:4"", ""PG 14:0_24:4"", ""PG 14:0_24:4"", ""PG 14:0_24:4"", ""PG 14:0_24:4"", ""PG 14:0_24:4"", ""PG 14:0_24:4"", ""PG 14:0_24:4"", ""PG 14:0_24:4"", ""PG 14:0_24:4"", ""PG 14:0_24:4"", ""PG 14:0_24:4"", ""PG 14:0_24:4"", ""PG 14:0_24:4"", ""PG 14:0_24:4"", ""PE O-16:1_24:5"", ""PE O-16:1_24:5"", ""PE O-16:1_24:5"", ""PE O-16:1_24:5"", ""PE O-16:1_24:5"", ""PE O-16:1_24:5"", ""PE O-16:1_24:5"", ""PE O-16:1_24:5"", ""PE O-16:1_24:5"", ""PE O-16:1_24:5"", ""PG 14:0_24:4"", ""PE O-16:1_24:5"", ""PE O-16:1_24:5"", ""PE O-16:1_24:5"", ""PE O-16:1_24:5"", ""PE O-16:1_24:5"", ""PE O-16:1_24:5"", ""PE O-16:1_24:5"", ""PE O-16:1_24:5"", ""PE O-16:1_24:5"", ""PE O-16:1_24:5"", ""PE O-16:1_24:5"", ""PE O-16:1_24:5"", ""PE O-16:1_24:5"", ""PE O-16:1_24:5"", ""PE O-16:1_24:5"", ""PG 14:0_24:4""]","[0, 1, 2, 3, 4, 5, 6, 7, 8, 9, 10, 11, 12, 13, 14, 15, 16, 17, 18, 19, 20, 21, 22, 23, 24, 25, 26, 27, 28, 29, 30, 31, 32, 33, 34, 35, 36, 37, 38, 39, 40, 41, 42, 43, 44, 45, 46, 47, 48, 49, 50, 51, 52, 53, 54, 55, 56, 57, 58, 59, 60, 61, 62, 63]"
223,PE O-16:1_24:5,0.012247866282484934,0.01224877825936018,9.119768752448992e-07,7.446006138021053e-05,0.0009617237692602522,0.0003897351879612591,PE O-20:2_20:4,0.00010204880918791327,0.26184140431326886,"[""PE O-20:2_20:4"", ""PE O-16:1_24:6"", ""PE O-16:1_24:4"", ""PE O-16:1_24:1"", ""PE O-16:1_24:0""]","[0.00010204880918791327, 6.621689110703887e-05, 5.057655648914479e-05, 3.3438253194921844e-05, 2.843926162003239e-05]",PE O-20:2_20:4,"[""PE O-20:2_20:4""]",True,1.5404566511278972e-11,-5.662285004221821e-16,-1.0393324120143567e-13,0.08907315020116141,0.014105156472002533,0.1106741987066551,0.0009549748034612447,True,True,global foreground mean NNLS; not mean pixelwise NNLS,"raw postfit residual direction, constrained by NNLS KKT; not absorbed signal fraction",64,"{""n"": 2016, ""median"": 0.7439759161016971, ""q25"": 0.6733428188784604, ""q75"": 0.815462408801266, ""IQR"": 0.1421195899228056, ""minimum"": 0.34819074592105226, ""maximum"": 1.0}","[""PE O-16:1_24:6"", ""PE O-20:2_20:4"", ""PE O-20:2_20:4"", ""PE O-20:2_20:4"", ""PE O-20:2_20:4"", ""PE O-20:2_20:4"", ""PE O-20:2_20:4"", ""PE O-20:2_20:4"", ""PE O-20:2_20:4"", ""PE O-20:2_20:4"", ""PE O-20:2_20:4"", ""PE O-20:2_20:4"", ""PE O-20:2_20:4"", ""PE O-20:2_20:4"", ""PE O-20:2_20:4"", ""PE O-20:2_20:4"", ""PE O-20:2_20:4"", ""PE O-20:2_20:4"", ""PE O-20:2_20:4"", ""PE O-20:2_20:4"", ""PG 16:1_20:1"", ""PE O-20:2_20:4"", ""PE O-20:2_20:4"", ""PE O-20:2_20:4"", ""PE O-20:2_20:4"", ""PE O-20:2_20:4"", ""PE O-20:2_20:4"", ""PE O-20:2_20:4"", ""PE O-20:2_20:4"", ""PE O-20:2_20:4"", ""PE O-20:2_20:4"", ""PE O-20:2_20:4"", ""PE O-20:2_20:4"", ""PE O-20:2_20:4"", ""PE O-20:2_20:4"", ""PE O-20:2_20:4"", ""PE O-20:2_20:4"", ""PE O-20:2_20:4"", ""PE O-20:2_20:4"", ""PE O-20:2_20:4"", ""PE O-20:2_20:4"", ""PE O-20:2_20:4"", ""PE O-20:2_20:4"", ""PE O-20:2_20:4"", ""PE O-20:2_20:4"", ""PE O-20:2_20:4"", ""PE O-20:2_20:4"", ""PE O-20:2_20:4"", ""PE O-20:2_20:4"", ""PE O-20:2_20:4"", ""PE O-20:2_20:4"", ""PE O-20:2_20:4"", ""PE O-20:2_20:4"", ""PE O-20:2_20:4"", ""PE O-20:2_20:4"", ""PE O-20:2_20:4"", ""PE O-20:2_20:4"", ""PE O-20:2_20:4"", ""PE O-20:2_20:4"", ""PE O-20:2_20:4"", ""PE O-20:2_20:4"", ""PE O-20:2_20:4"", ""PE O-20:2_20:4"", ""PE O-20:2_20:4""]","[0, 1, 2, 3, 4, 5, 6, 7, 8, 9, 10, 11, 12, 13, 14, 15, 16, 17, 18, 19, 20, 21, 22, 23, 24, 25, 26, 27, 28, 29, 30, 31, 32, 33, 34, 35, 36, 37, 38, 39, 40, 41, 42, 43, 44, 45, 46, 47, 48, 49, 50, 51, 52, 53, 54, 55, 56, 57, 58, 59, 60, 61, 62, 63]"
224,PE O-16:1_24:6,0.012247866282484934,0.012259191382185609,1.132509970067433e-05,0.0009246589927214614,0.0037331729028154893,0.005672682750781848,PE 16:0_24:6,0.001468996717009872,0.258959786980586,"[""PE 16:0_24:6"", ""PE O-18:1_22:6"", ""PE O-20:3_20:4"", ""PG 16:0_22:4"", ""PE O-16:1_24:1""]","[0.001468996717009872, 0.0008986814233922155, 0.0005551253140932341, 0.0004420229292582435, 0.00022896861882853049]",PE 16:0_24:6,"[""PE 16:0_24:6""]",True,1.5404566511278972e-11,-5.483620453764052e-17,0.8482646459708759,0.6888101897413531,0.39721604162771124,0.11072123275228474,0.0023424755140820245,True,True,global foreground mean NNLS; not mean pixelwise NNLS,"raw postfit residual direction, constrained by NNLS KKT; not absorbed signal fraction",64,"{""n"": 2016, ""median"": 0.7659158444304106, ""q25"": 0.6801318132153316, ""q75"": 0.8463200924307003, ""IQR"": 0.16618827921536872, ""minimum"": 0.3656629566094867, ""maximum"": 0.9999911640677981}","[""PE 16:0_24:6"", ""PG 16:1_20:1"", ""PE 16:0_24:6"", ""PE 16:0_24:6"", ""PE 16:0_24:6"", ""PE 16:0_24:6"", ""PE 16:0_24:6"", ""PE 16:0_24:6"", ""PE 16:0_24:6"", ""PE 16:0_24:6"", ""PE 16:0_24:6"", ""PE O-18:1_22:6"", ""PE O-18:1_22:6"", ""PE 16:0_24:6"", ""PE 16:0_24:6"", ""PE 16:0_24:6"", ""PE 16:0_24:6"", ""PE 16:0_24:6"", ""PE 16:0_24:6"", ""PE 16:0_24:6"", ""PG 16:1_20:1"", ""PE 16:0_24:6"", ""PE 16:0_24:6"", ""PE 16:0_24:6"", ""PE 16:0_24:6"", ""PE O-18:1_22:6"", ""PE 16:0_24:6"", ""PE 16:0_24:6"", ""PE 16:0_24:6"", ""PE 16:0_24:6"", ""PE 16:0_24:6"", ""PE 16:0_24:6"", ""PE 16:0_24:6"", ""PE 16:0_24:6"", ""PE 16:0_24:6"", ""PE 16:0_24:6"", ""PE 16:0_24:6"", ""PE 16:0_24:6"", ""PE O-18:1_22:6"", ""PE 16:0_24:6"", ""PE 16:0_24:6"", ""PE 16:0_24:6"", ""PE 16:0_24:6"", ""PE 16:0_24:6"", ""PE 16:0_24:6"", ""PE 16:0_24:6"", ""PE 16:0_24:6"", ""PE 16:0_24:6"", ""PE 16:0_24:6"", ""PE 16:0_24:6"", ""PE 16:0_24:6"", ""PE 16:0_24:6"", ""PE 16:0_24:6"", ""PE 16:0_24:6"", ""PE 16:0_24:6"", ""PE 16:0_24:6"", ""PE 16:0_24:6"", ""PE 16:0_24:6"", ""PE 16:0_24:6"", ""PE 16:0_24:6"", ""PE 16:0_24:6"", ""PE 16:0_24:6"", ""PE 16:0_24:6"", ""PE 16:0_24:6""]","[0, 1, 2, 3, 4, 5, 6, 7, 8, 9, 10, 11, 12, 13, 14, 15, 16, 17, 18, 19, 20, 21, 22, 23, 24, 25, 26, 27, 28, 29, 30, 31, 32, 33, 34, 35, 36, 37, 38, 39, 40, 41, 42, 43, 44, 45, 46, 47, 48, 49, 50, 51, 52, 53, 54, 55, 56, 57, 58, 59, 60, 61, 62, 63]"
225,PE O-18:0_20:1,0.012247866282484934,0.012247866282484934,0.0,0.0,0.0,0.0,,0.0,0.0,[],[],,[],False,1.5404566511278972e-11,,,0.0,0.0,0.11067007853293016,3.775376906463036e-17,True,False,global foreground mean NNLS; not mean pixelwise NNLS,"raw postfit residual direction, constrained by NNLS KKT; not absorbed signal fraction",0,"{""n"": 0, ""median"": null, ""q25"": null, ""q75"": null, ""IQR"": null}","[null, null, null, null, null, null, null, null, null, null, null, null, null, null, null, null, null, null, null, null, null, null, null, null, null, null, null, null, null, null, null, null, null, null, null, null, null, null, null, null, null, null, null, null, null, null, null, null, null, null, null, null, null, null, null, null, null, null, null, null, null, null, null, null]",[]
226,PE O-18:0_20:2,0.012247866282484934,0.012247866282484934,0.0,0.0,0.0,0.0,,0.0,0.0,[],[],,[],False,1.5404566511278972e-11,,,0.0,0.0,0.11067007853293016,3.775376906463036e-17,True,False,global foreground mean NNLS; not mean pixelwise NNLS,"raw postfit residual direction, constrained by NNLS KKT; not absorbed signal fraction",0,"{""n"": 0, ""median"": null, ""q25"": null, ""q75"": null, ""IQR"": null}","[null, null, null, null, null, null, null, null, null, null, null, null, null, null, null, null, null, null, null, null, null, null, null, null, null, null, null, null, null, null, null, null, null, null, null, null, null, null, null, null, null, null, null, null, null, null, null, null, null, null, null, null, null, null, null, null, null, null, null, null, null, null, null, null]",[]
227,PE O-18:0_20:3,0.012247866282484934,0.012247866282484934,0.0,0.0,0.0,0.0,,0.0,0.0,[],[],,[],False,1.5404566511278972e-11,,,0.0,0.0,0.11067007853293016,3.775376906463036e-17,True,False,global foreground mean NNLS; not mean pixelwise NNLS,"raw postfit residual direction, constrained by NNLS KKT; not absorbed signal fraction",7,"{""n"": 21, ""median"": 0.8218568480238166, ""q25"": 0.7794337705238317, ""q75"": 0.9124461484231176, ""IQR"": 0.13301237789928588, ""minimum"": 0.611418688481762, ""maximum"": 0.9840176427857653}","[null, null, null, null, null, null, null, null, null, null, null, null, null, null, null, null, null, null, null, null, null, null, null, null, null, null, null, null, null, null, null, null, null, null, null, null, null, null, null, null, null, null, null, null, null, null, null, null, null, null, null, null, null, ""PE 18:1_20:3"", ""PE 18:1_20:3"", ""PE 20:3_20:4"", ""PE 18:1_20:3"", ""PE 18:1_20:3"", ""PE 18:1_20:3"", ""PE 18:1_20:3"", null, null, null, null]","[53, 54, 55, 56, 57, 58, 59]"
228,PE O-18:0_20:4,0.012247866282484934,0.01226886845721402,2.1002174729086234e-05,0.0017147619220341782,0.009170046542607098,0.016292516487406768,PE O-20:3_20:4,0.002736193269242699,0.16794172166035165,"[""PE O-20:3_20:4"", ""PE O-18:1_20:4"", ""PE O-18:0_22:5"", ""PE O-16:0_22:4"", ""PE 18:1_20:4""]","[0.002736193269242699, 0.0025654221302651853, 0.0019520177146370062, 0.0017606233752326414, 0.0012627669048789827]",PE O-20:3_20:4,"[""PE O-20:3_20:4""]",True,1.5404566511278972e-11,4.365589304918426e-16,3.1986796688378783e-15,0.8285812799697887,0.8759549827477439,0.11076492430916035,0.0043343618970438395,True,True,global foreground mean NNLS; not mean pixelwise NNLS,"raw postfit residual direction, constrained by NNLS KKT; not absorbed signal fraction",64,"{""n"": 2016, ""median"": 0.6375837674713258, ""q25"": 0.5321344867194393, ""q75"": 0.757388486901698, ""IQR"": 0.22525400018225872, ""minimum"": 0.2887068546735361, ""maximum"": 0.9999988793013116}","[""PE O-18:1_20:4"", ""PE O-20:3_20:4"", ""PE O-20:3_20:4"", ""PE O-20:3_20:4"", ""PE O-20:3_20:4"", ""PE O-16:0_22:4"", ""PE O-16:0_22:4"", ""PE O-16:0_22:4"", ""PE O-16:0_22:4"", ""PE O-16:0_22:4"", ""PE O-16:0_22:4"", ""PE O-16:0_22:4"", ""PE O-16:0_22:4"", ""PE O-16:0_22:4"", ""PE O-16:0_22:4"", ""PE O-20:3_20:4"", ""PE O-20:3_20:4"", ""PE O-20:3_20:4"", ""PE O-20:3_20:4"", ""PE O-20:3_20:4"", ""PE O-18:0_22:5"", ""PE O-20:3_20:4"", ""PE O-20:3_20:4"", ""PE O-16:0_22:4"", ""PE O-18:1_20:4"", ""PE O-16:0_22:4"", ""PE O-18:1_20:4"", ""PE O-18:1_20:4"", ""PE O-18:1_20:4"", ""PE O-18:1_20:4"", ""PE O-18:1_20:4"", ""PE O-18:1_20:4"", ""PE O-18:1_20:4"", ""PE O-20:3_20:4"", ""PE O-18:1_20:4"", ""PE O-18:1_20:4"", ""PE O-18:1_20:4"", ""PE O-16:0_22:4"", ""PE O-16:0_22:4"", ""PE O-16:0_22:4"", ""PE O-16:0_22:4"", ""PE O-16:0_22:4"", ""PE O-16:0_22:4"", ""PE O-16:0_22:4"", ""PE O-16:0_22:4"", ""PE O-16:0_22:4"", ""PE O-16:0_22:4"", ""PE O-20:3_20:4"", ""PE O-18:1_20:4"", ""PE O-18:1_20:4"", ""PE O-18:1_20:4"", ""PE O-16:0_22:4"", ""PE O-16:0_22:4"", ""PE O-16:0_22:4"", ""PE O-16:0_22:4"", ""PE O-16:0_22:4"", ""PE O-16:0_22:4"", ""PE O-16:0_22:4"", ""PE O-16:0_22:4"", ""PE O-16:0_22:4"", ""PE O-16:0_22:4"", ""PE O-18:1_20:4"", ""PE O-18:1_20:4"", ""PE 20:4_20:4""]","[0, 1, 2, 3, 4, 5, 6, 7, 8, 9, 10, 11, 12, 13, 14, 15, 16, 17, 18, 19, 20, 21, 22, 23, 24, 25, 26, 27, 28, 29, 30, 31, 32, 33, 34, 35, 36, 37, 38, 39, 40, 41, 42, 43, 44, 45, 46, 47, 48, 49, 50, 51, 52, 53, 54, 55, 56, 57, 58, 59, 60, 61, 62, 63]"
229,PE O-18:0_20:5,0.012247866282484934,0.012247866282484934,0.0,0.0,0.0,0.0,,0.0,0.0,[],[],,[],False,1.5404566511278972e-11,,,0.0,0.0,0.11067007853293016,3.775376906463036e-17,True,False,global foreground mean NNLS; not mean pixelwise NNLS,"raw postfit residual direction, constrained by NNLS KKT; not absorbed signal fraction",2,"{""n"": 1, ""median"": 0.69317109277999, ""q25"": 0.69317109277999, ""q75"": 0.69317109277999, ""IQR"": 0.0, ""minimum"": 0.69317109277999, ""maximum"": 0.69317109277999}","[null, null, null, null, null, null, null, null, null, null, null, ""PE O-18:1_20:4"", ""PE O-18:1_20:4"", null, null, null, null, null, null, null, null, null, null, null, null, null, null, null, null, null, null, null, null, null, null, null, null, null, null, null, null, null, null, null, null, null, null, null, null, null, null, null, null, null, null, null, null, null, null, null, null, null, null, null]","[11, 12]"
230,PE O-18:0_22:1,0.012247866282484934,0.012247866282484934,0.0,0.0,0.0,0.0,,0.0,0.0,[],[],,[],False,1.5404566511278972e-11,,,0.0,0.0,0.11067007853293016,3.775376906463036e-17,True,False,global foreground mean NNLS; not mean pixelwise NNLS,"raw postfit residual direction, constrained by NNLS KKT; not absorbed signal fraction",0,"{""n"": 0, ""median"": null, ""q25"": null, ""q75"": null, ""IQR"": null}","[null, null, null, null, null, null, null, null, null, null, null, null, null, null, null, null, null, null, null, null, null, null, null, null, null, null, null, null, null, null, null, null, null, null, null, null, null, null, null, null, null, null, null, null, null, null, null, null, null, null, null, null, null, null, null, null, null, null, null, null, null, null, null, null]",[]
231,PE O-18:0_22:2,0.012247866282484934,0.012247866282484934,0.0,0.0,0.0,0.0,,0.0,0.0,[],[],,[],False,1.5404566511278972e-11,,,0.0,0.0,0.11067007853293016,3.775376906463036e-17,True,False,global foreground mean NNLS; not mean pixelwise NNLS,"raw postfit residual direction, constrained by NNLS KKT; not absorbed signal fraction",0,"{""n"": 0, ""median"": null, ""q25"": null, ""q75"": null, ""IQR"": null}","[null, null, null, null, null, null, null, null, null, null, null, null, null, null, null, null, null, null, null, null, null, null, null, null, null, null, null, null, null, null, null, null, null, null, null, null, null, null, null, null, null, null, null, null, null, null, null, null, null, null, null, null, null, null, null, null, null, null, null, null, null, null, null, null]",[]
232,PE O-18:0_22:3,0.012247866282484934,0.012247866282484934,0.0,0.0,0.0,0.0,,0.0,0.0,[],[],,[],False,1.5404566511278972e-11,,,0.0,0.0,0.11067007853293016,3.775376906463036e-17,True,False,global foreground mean NNLS; not mean pixelwise NNLS,"raw postfit residual direction, constrained by NNLS KKT; not absorbed signal fraction",0,"{""n"": 0, ""median"": null, ""q25"": null, ""q75"": null, ""IQR"": null}","[null, null, null, null, null, null, null, null, null, null, null, null, null, null, null, null, null, null, null, null, null, null, null, null, null, null, null, null, null, null, null, null, null, null, null, null, null, null, null, null, null, null, null, null, null, null, null, null, null, null, null, null, null, null, null, null, null, null, null, null, null, null, null, null]",[]
233,PE O-18:0_22:4,0.012247866282484934,0.012247866282484934,0.0,0.0,0.0,0.0,,0.0,0.0,[],[],,[],False,1.5404566511278972e-11,,,0.0,0.0,0.11067007853293016,3.775376906463036e-17,True,False,global foreground mean NNLS; not mean pixelwise NNLS,"raw postfit residual direction, constrained by NNLS KKT; not absorbed signal fraction",0,"{""n"": 0, ""median"": null, ""q25"": null, ""q75"": null, ""IQR"": null}","[null, null, null, null, null, null, null, null, null, null, null, null, null, null, null, null, null, null, null, null, null, null, null, null, null, null, null, null, null, null, null, null, null, null, null, null, null, null, null, null, null, null, null, null, null, null, null, null, null, null, null, null, null, null, null, null, null, null, null, null, null, null, null, null]",[]
234,PE O-18:0_22:5,0.012247866282484934,0.012248739587401355,8.73304916420431e-07,7.130261681563248e-05,0.0026782460117125047,0.007072546730674489,PE O-18:2_22:5,0.0023549665103983278,0.33297291622713227,"[""PE O-18:2_22:5"", ""PE O-20:1_20:4"", ""PE 18:1_22:6"", ""PG 16:0_22:4"", ""PE O-18:0_20:4""]","[0.0023549665103983278, 0.0023260897097294626, 0.0004815698145176246, 0.0003148590662773003, 0.0002811804803704767]",PE O-18:2_22:5,"[""PE O-18:2_22:5""]",True,1.5404566511278972e-11,1.371489882327699e-16,3.4950579077581394e-15,0.6480850841187699,0.8906197426453171,0.11067402399570263,0.000934507847171139,True,True,global foreground mean NNLS; not mean pixelwise NNLS,"raw postfit residual direction, constrained by NNLS KKT; not absorbed signal fraction",43,"{""n"": 903, ""median"": 0.820732720590935, ""q25"": 0.7337616351658329, ""q75"": 0.9138544126183252, ""IQR"": 0.1800927774524923, ""minimum"": 0.19310951411553773, ""maximum"": 1.0}","[null, null, null, null, ""PE O-18:2_22:5"", ""PE O-18:2_22:5"", ""PE O-18:2_22:5"", ""PE O-18:1_22:4"", ""PE O-18:1_22:4"", ""PE O-20:1_20:4"", ""PE O-20:1_20:4"", ""PE O-20:1_20:4"", ""PE O-20:1_20:4"", ""PE O-18:2_22:5"", ""PE O-18:2_22:5"", ""PE O-18:2_22:5"", ""PE O-18:2_22:5"", ""PE O-18:2_22:5"", ""PE O-18:2_22:5"", ""PE O-18:2_22:5"", ""PE O-18:2_22:5"", ""PE O-20:1_20:4"", ""PE O-18:2_22:5"", ""PE O-18:2_22:5"", ""PE O-18:2_22:5"", ""PE O-18:2_22:5"", ""PE O-18:2_22:5"", ""PE O-18:2_22:5"", ""PE O-18:2_22:5"", ""PE O-18:2_22:5"", ""PE O-18:2_22:5"", ""PE O-18:2_22:5"", ""PE O-18:2_22:5"", ""PE O-18:2_22:5"", ""PE O-18:2_22:5"", ""PE O-18:2_22:5"", ""PE O-18:2_22:5"", ""PE O-18:2_22:5"", ""PE O-18:2_22:5"", ""PE O-18:2_22:5"", ""PE O-18:2_22:5"", ""PE O-18:2_22:5"", ""PE O-18:2_22:5"", ""PE O-18:2_22:5"", ""PE O-18:2_22:5"", ""PE O-20:1_20:4"", ""PE O-20:1_20:4"", null, null, null, null, null, null, null, null, null, null, null, null, null, null, null, null, null]","[4, 5, 6, 7, 8, 9, 10, 11, 12, 13, 14, 15, 16, 17, 18, 19, 20, 21, 22, 23, 24, 25, 26, 27, 28, 29, 30, 31, 32, 33, 34, 35, 36, 37, 38, 39, 40, 41, 42, 43, 44, 45, 46]"
235,PE O-18:0_22:6,0.012247866282484934,0.012247866282484934,0.0,0.0,0.0,0.0,,0.0,0.0,[],[],,[],False,1.5404566511278972e-11,,,0.0,0.0,0.11067007853293016,3.775376906463036e-17,True,False,global foreground mean NNLS; not mean pixelwise NNLS,"raw postfit residual direction, constrained by NNLS KKT; not absorbed signal fraction",0,"{""n"": 0, ""median"": null, ""q25"": null, ""q75"": null, ""IQR"": null}","[null, null, null, null, null, null, null, null, null, null, null, null, null, null, null, null, null, null, null, null, null, null, null, null, null, null, null, null, null, null, null, null, null, null, null, null, null, null, null, null, null, null, null, null, null, null, null, null, null, null, null, null, null, null, null, null, null, null, null, null, null, null, null, null]",[]
236,PE O-18:1_20:1,0.012247866282484934,0.012247966474226222,1.0019174128718389e-07,8.18034251584562e-06,0.0005728819703805609,0.0015985280916065384,PE 20:1_20:4,0.00040133071757520247,0.2510626616018978,"[""PE 20:1_20:4"", ""PC 14:0_20:1"", ""PS 16:1_20:1"", ""PE O-18:1_22:6"", ""PE O-16:1_22:1""]","[0.00040133071757520247, 0.0003372120751812067, 0.00011353900455865484, 8.52437901017189e-05, 8.431753948851461e-05]",PE 20:1_20:4,"[""PE 20:1_20:4""]",True,1.5404566511278972e-11,1.5772631421314737e-15,4.413776419352565e-13,0.5455463696410651,0.6966811149605735,0.11067053119157884,0.0003165307904273954,True,True,global foreground mean NNLS; not mean pixelwise NNLS,"raw postfit residual direction, constrained by NNLS KKT; not absorbed signal fraction",30,"{""n"": 435, ""median"": 0.7731812983778854, ""q25"": 0.6509169279638455, ""q75"": 0.8722937753447093, ""IQR"": 0.22137684738086383, ""minimum"": 0.44363570727877305, ""maximum"": 0.9999999999999999}","[null, null, null, null, null, ""PE 20:1_20:4"", ""PE 20:1_20:4"", ""PG 16:0_20:1"", ""PG 16:0_20:1"", ""PG 16:0_20:1"", ""PG 16:0_20:1"", ""PG 16:0_20:1"", ""PG 16:0_20:1"", ""PE 20:1_20:4"", ""PE 20:1_20:4"", null, null, null, null, null, null, null, null, null, null, null, null, null, null, null, null, null, null, null, ""PE 20:1_20:4"", ""PE 20:1_20:4"", ""PE 20:1_20:4"", ""PE 20:1_20:4"", ""PE 20:1_20:4"", ""PE 20:1_20:4"", ""PE 20:1_20:4"", ""PE 20:1_20:4"", ""PE 20:1_20:4"", ""PE 20:1_20:4"", null, null, null, null, null, null, ""PC 14:0_20:1"", ""PE 20:1_20:4"", null, ""PC 14:0_20:1"", ""PC 14:0_20:1"", ""PE 20:1_20:4"", ""PG 16:0_20:1"", ""PG 16:0_20:1"", ""PG 16:0_20:1"", ""PG 16:0_20:1"", ""PC 14:0_20:1"", null, null, null]","[5, 6, 7, 8, 9, 10, 11, 12, 13, 14, 34, 35, 36, 37, 38, 39, 40, 41, 42, 43, 50, 51, 53, 54, 55, 56, 57, 58, 59, 60]"
237,PE O-18:1_20:2,0.012247866282484934,0.012247866282484934,0.0,0.0,0.0,0.0,,0.0,0.0,[],[],,[],False,1.5404566511278972e-11,,,0.0,0.0,0.11067007853293016,3.775376906463036e-17,True,False,global foreground mean NNLS; not mean pixelwise NNLS,"raw postfit residual direction, constrained by NNLS KKT; not absorbed signal fraction",0,"{""n"": 0, ""median"": null, ""q25"": null, ""q75"": null, ""IQR"": null}","[null, null, null, null, null, null, null, null, null, null, null, null, null, null, null, null, null, null, null, null, null, null, null, null, null, null, null, null, null, null, null, null, null, null, null, null, null, null, null, null, null, null, null, null, null, null, null, null, null, null, null, null, null, null, null, null, null, null, null, null, null, null, null, null]",[]
238,PE O-18:1_20:3,0.012247866282484934,0.012247866282484934,0.0,0.0,0.0,0.0,,0.0,0.0,[],[],,[],False,1.5404566511278972e-11,,,0.0,0.0,0.11067007853293016,3.775376906463036e-17,True,False,global foreground mean NNLS; not mean pixelwise NNLS,"raw postfit residual direction, constrained by NNLS KKT; not absorbed signal fraction",0,"{""n"": 0, ""median"": null, ""q25"": null, ""q75"": null, ""IQR"": null}","[null, null, null, null, null, null, null, null, null, null, null, null, null, null, null, null, null, null, null, null, null, null, null, null, null, null, null, null, null, null, null, null, null, null, null, null, null, null, null, null, null, null, null, null, null, null, null, null, null, null, null, null, null, null, null, null, null, null, null, null, null, null, null, null]",[]
239,PE O-18:1_20:4,0.012247866282484934,0.012626660072263877,0.00037879378977894243,0.030927328974003358,0.0915231935913947,0.19389319312920278,PE 20:3_20:4,0.025489146683150405,0.13145972930588637,"[""PE 20:3_20:4"", ""PE O-18:1_22:4"", ""PE 18:1_20:4"", ""PE O-18:0_20:5"", ""PE O-18:1_22:6""]","[0.025489146683150405, 0.02228550740127529, 0.018130786180802494, 0.017813796874878177, 0.015601777380733123]",PE 20:3_20:4,"[""PE 20:3_20:4""]",True,1.5404566511278972e-11,1.3701066465628422e-15,0.012005260526786028,0.9095981036167757,0.9989636878129564,0.11236841225301657,0.01552559227189751,True,True,global foreground mean NNLS; not mean pixelwise NNLS,"raw postfit residual direction, constrained by NNLS KKT; not absorbed signal fraction",64,"{""n"": 2016, ""median"": 0.7969509544897218, ""q25"": 0.7164587618377256, ""q75"": 0.8607604919717715, ""IQR"": 0.1443017301340459, ""minimum"": 0.5002665235013117, ""maximum"": 0.9999719403676696}","[""PE O-18:1_22:4"", ""PE O-18:1_22:4"", ""PE O-18:1_22:4"", ""PE 20:3_20:4"", ""PE O-18:1_22:4"", ""PE O-18:1_22:4"", ""PE O-18:1_22:4"", ""PE O-18:1_22:4"", ""PE O-18:1_22:4"", ""PE O-18:1_22:4"", ""PE O-18:1_22:4"", ""PE O-18:1_22:4"", ""PE O-18:1_22:4"", ""PE O-18:1_22:4"", ""PE O-18:1_22:4"", ""PE O-18:1_22:4"", ""PE O-18:1_22:4"", ""PE O-18:1_22:4"", ""PE 20:3_20:4"", ""PE 20:3_20:4"", ""PE 20:3_20:4"", ""PE 20:3_20:4"", ""PE 20:3_20:4"", ""PE O-18:1_22:4"", ""PE O-18:1_22:4"", ""PE O-18:1_22:4"", ""PE O-18:1_22:4"", ""PE O-18:1_22:4"", ""PE O-18:1_22:4"", ""PE O-18:1_22:4"", ""PE O-18:0_20:5"", ""PE O-18:1_22:6"", ""PE O-18:0_20:5"", ""PE O-18:1_22:4"", ""PE O-18:1_22:4"", ""PE O-18:1_22:4"", ""PE O-18:1_22:4"", ""PE O-18:1_22:4"", ""PE O-18:1_22:4"", ""PE O-18:1_22:4"", ""PE O-18:1_22:4"", ""PE O-18:1_22:4"", ""PE O-18:1_22:4"", ""PE O-18:1_22:4"", ""PE O-18:1_22:4"", ""PE 20:3_20:4"", ""PE O-18:1_22:4"", ""PE 20:4_20:4"", ""PE 20:4_20:4"", ""PE O-18:1_22:4"", ""PE O-18:1_22:4"", ""PE O-18:1_22:4"", ""PE O-18:1_22:4"", ""PE O-18:1_22:4"", ""PE O-18:1_22:4"", ""PE O-18:1_22:4"", ""PE O-18:1_22:4"", ""PE 20:3_20:4"", ""PE O-18:1_22:4"", ""PE 20:3_20:4"", ""PE O-18:1_22:4"", ""PE O-18:2_20:4"", ""PE 20:4_20:4"", ""PE 20:4_20:4""]","[0, 1, 2, 3, 4, 5, 6, 7, 8, 9, 10, 11, 12, 13, 14, 15, 16, 17, 18, 19, 20, 21, 22, 23, 24, 25, 26, 27, 28, 29, 30, 31, 32, 33, 34, 35, 36, 37, 38, 39, 40, 41, 42, 43, 44, 45, 46, 47, 48, 49, 50, 51, 52, 53, 54, 55, 56, 57, 58, 59, 60, 61, 62, 63]"
240,PE O-18:1_20:5,0.012247866282484934,0.012247866282484934,0.0,0.0,0.0,0.0,,0.0,0.0,[],[],,[],False,1.5404566511278972e-11,,,0.0,0.0,0.11067007853293016,3.775376906463036e-17,True,False,global foreground mean NNLS; not mean pixelwise NNLS,"raw postfit residual direction, constrained by NNLS KKT; not absorbed signal fraction",0,"{""n"": 0, ""median"": null, ""q25"": null, ""q75"": null, ""IQR"": null}","[null, null, null, null, null, null, null, null, null, null, null, null, null, null, null, null, null, null, null, null, null, null, null, null, null, null, null, null, null, null, null, null, null, null, null, null, null, null, null, null, null, null, null, null, null, null, null, null, null, null, null, null, null, null, null, null, null, null, null, null, null, null, null, null]",[]
241,PE O-18:1_22:1,0.012247866282484934,0.012247866282484934,0.0,0.0,0.0,0.0,,0.0,0.0,[],[],,[],False,1.5404566511278972e-11,,,0.0,0.0,0.11067007853293016,3.775376906463036e-17,True,False,global foreground mean NNLS; not mean pixelwise NNLS,"raw postfit residual direction, constrained by NNLS KKT; not absorbed signal fraction",0,"{""n"": 0, ""median"": null, ""q25"": null, ""q75"": null, ""IQR"": null}","[null, null, null, null, null, null, null, null, null, null, null, null, null, null, null, null, null, null, null, null, null, null, null, null, null, null, null, null, null, null, null, null, null, null, null, null, null, null, null, null, null, null, null, null, null, null, null, null, null, null, null, null, null, null, null, null, null, null, null, null, null, null, null, null]",[]
242,PE O-18:1_22:2,0.012247866282484934,0.012247866282484934,0.0,0.0,0.0,0.0,,0.0,0.0,[],[],,[],False,1.5404566511278972e-11,,,0.0,0.0,0.11067007853293016,3.775376906463036e-17,True,False,global foreground mean NNLS; not mean pixelwise NNLS,"raw postfit residual direction, constrained by NNLS KKT; not absorbed signal fraction",0,"{""n"": 0, ""median"": null, ""q25"": null, ""q75"": null, ""IQR"": null}","[null, null, null, null, null, null, null, null, null, null, null, null, null, null, null, null, null, null, null, null, null, null, null, null, null, null, null, null, null, null, null, null, null, null, null, null, null, null, null, null, null, null, null, null, null, null, null, null, null, null, null, null, null, null, null, null, null, null, null, null, null, null, null, null]",[]
243,PE O-18:1_22:3,0.012247866282484934,0.012247866282484934,0.0,0.0,0.0,0.0,,0.0,0.0,[],[],,[],False,1.5404566511278972e-11,,,0.0,0.0,0.11067007853293016,3.775376906463036e-17,True,False,global foreground mean NNLS; not mean pixelwise NNLS,"raw postfit residual direction, constrained by NNLS KKT; not absorbed signal fraction",0,"{""n"": 0, ""median"": null, ""q25"": null, ""q75"": null, ""IQR"": null}","[null, null, null, null, null, null, null, null, null, null, null, null, null, null, null, null, null, null, null, null, null, null, null, null, null, null, null, null, null, null, null, null, null, null, null, null, null, null, null, null, null, null, null, null, null, null, null, null, null, null, null, null, null, null, null, null, null, null, null, null, null, null, null, null]",[]
244,PE O-18:1_22:4,0.012247866282484934,0.012247866282484934,0.0,0.0,0.0,0.0,,0.0,0.0,[],[],,[],False,1.5404566511278972e-11,,,0.0,0.0,0.11067007853293016,3.775376906463036e-17,True,False,global foreground mean NNLS; not mean pixelwise NNLS,"raw postfit residual direction, constrained by NNLS KKT; not absorbed signal fraction",13,"{""n"": 78, ""median"": 0.8247428540187052, ""q25"": 0.7551272733846444, ""q75"": 0.8970354404234916, ""IQR"": 0.14190816703884723, ""minimum"": 0.5619896968259441, ""maximum"": 0.999962616750763}","[null, null, null, null, null, null, ""PE 16:0_22:4"", ""PE O-18:2_22:4"", null, null, null, null, null, null, null, null, null, null, null, null, null, null, null, null, null, null, null, null, null, null, null, null, null, null, null, null, null, null, null, null, null, ""PE O-18:2_22:4"", ""PE O-18:2_22:4"", ""PE 16:0_22:4"", null, null, null, null, null, null, null, null, ""PE 16:0_22:4"", ""PE 16:0_22:4"", ""PE 16:0_22:4"", ""PE O-18:2_22:4"", ""PE O-18:2_22:4"", ""PE O-18:2_22:4"", ""PE O-18:2_22:4"", ""PE O-18:2_22:4"", null, null, null, null]","[6, 7, 41, 42, 43, 52, 53, 54, 55, 56, 57, 58, 59]"
245,PE O-18:1_22:5,0.012247866282484934,0.012247866282484934,0.0,0.0,0.0,0.0,,0.0,0.0,[],[],,[],False,1.5404566511278972e-11,,,0.0,0.0,0.11067007853293016,3.775376906463036e-17,True,False,global foreground mean NNLS; not mean pixelwise NNLS,"raw postfit residual direction, constrained by NNLS KKT; not absorbed signal fraction",2,"{""n"": 1, ""median"": 0.5918891214392275, ""q25"": 0.5918891214392275, ""q75"": 0.5918891214392275, ""IQR"": 0.0, ""minimum"": 0.5918891214392275, ""maximum"": 0.5918891214392275}","[null, null, null, null, null, null, null, null, null, null, ""PE O-18:0_22:5"", ""PE O-18:1_20:4"", null, null, null, null, null, null, null, null, null, null, null, null, null, null, null, null, null, null, null, null, null, null, null, null, null, null, null, null, null, null, null, null, null, null, null, null, null, null, null, null, null, null, null, null, null, null, null, null, null, null, null, null]","[10, 11]"
246,PE O-18:1_22:6,0.012247866282484934,0.012854548649260656,0.0006066823667757217,0.04953371899510156,0.05879989881923503,0.2076282867993131,PE O-18:1_22:4,0.049722534609291574,0.23947861524818298,"[""PE O-18:1_22:4"", ""PE O-20:3_20:4"", ""PE 16:0_22:6"", ""PE 18:1_22:6"", ""PE O-18:1_20:4""]","[0.049722534609291574, 0.04583668282773978, 0.030433713494029836, 0.013533166773046796, 0.013517593529121782]",PE O-18:1_22:4,"[""PE O-18:1_22:4""]",True,1.5404566511278972e-11,-6.158397598663993e-16,0.022338541696943753,0.5201191862344574,0.8434223741370632,0.11337790194416485,0.023541273133362812,True,True,global foreground mean NNLS; not mean pixelwise NNLS,"raw postfit residual direction, constrained by NNLS KKT; not absorbed signal fraction",64,"{""n"": 2016, ""median"": 0.803665840149741, ""q25"": 0.7225650893854783, ""q75"": 0.8728275664169387, ""IQR"": 0.15026247703146045, ""minimum"": 0.4710944182340324, ""maximum"": 0.9999881587380371}","[""PE O-18:1_22:4"", ""PE O-18:1_22:4"", ""PE O-18:1_22:4"", ""PE O-18:1_22:4"", ""PE O-18:1_22:4"", ""PE O-18:1_22:4"", ""PE O-18:1_22:4"", ""PE O-18:1_22:4"", ""PE O-18:1_22:4"", ""PE O-18:1_22:4"", ""PE O-18:1_22:4"", ""PE O-18:1_22:4"", ""PE O-18:1_22:4"", ""PE O-18:1_22:4"", ""PE O-20:3_20:4"", ""PE O-20:3_20:4"", ""PE O-20:3_20:4"", ""PE O-20:3_20:4"", ""PE O-20:3_20:4"", ""PE O-20:3_20:4"", ""PE O-20:3_20:4"", ""PE O-20:3_20:4"", ""PE O-20:3_20:4"", ""PE O-20:3_20:4"", ""PE O-18:1_22:4"", ""PE O-18:1_22:4"", ""PE O-20:3_20:4"", ""PE O-20:3_20:4"", ""PE O-20:3_20:4"", ""PE O-20:3_20:4"", ""PE O-20:3_20:4"", ""PE O-20:3_20:4"", ""PE O-20:3_20:4"", ""PE O-20:3_20:4"", ""PE O-18:1_22:4"", ""PE O-18:1_22:4"", ""PE O-18:1_22:4"", ""PE O-18:1_22:4"", ""PE O-18:1_22:4"", ""PE O-18:1_22:4"", ""PE O-18:1_22:4"", ""PE O-18:1_22:4"", ""PE O-18:1_22:4"", ""PE O-18:1_22:4"", ""PE O-18:1_22:4"", ""PE O-18:1_22:4"", ""PE O-18:1_22:4"", ""PE O-20:3_20:4"", ""PE O-20:3_20:4"", ""PE O-20:3_20:4"", ""PE O-20:3_20:4"", ""PE O-20:3_20:4"", ""PE O-20:3_20:4"", ""PE O-20:3_20:4"", ""PE O-20:3_20:4"", ""PE O-20:3_20:4"", ""PE O-18:1_22:4"", ""PE O-20:3_20:4"", ""PE O-20:3_20:4"", ""PE O-20:3_20:4"", ""PE O-20:3_20:4"", ""PE O-20:3_20:4"", ""PE O-20:3_20:4"", ""PE O-20:3_20:4""]","[0, 1, 2, 3, 4, 5, 6, 7, 8, 9, 10, 11, 12, 13, 14, 15, 16, 17, 18, 19, 20, 21, 22, 23, 24, 25, 26, 27, 28, 29, 30, 31, 32, 33, 34, 35, 36, 37, 38, 39, 40, 41, 42, 43, 44, 45, 46, 47, 48, 49, 50, 51, 52, 53, 54, 55, 56, 57, 58, 59, 60, 61, 62, 63]"
247,PE O-20:0_18:2,0.012247866282484934,0.012247866282484934,0.0,0.0,0.0,0.0,,0.0,0.0,[],[],,[],False,1.5404566511278972e-11,,,0.0,0.0,0.11067007853293016,3.775376906463036e-17,True,False,global foreground mean NNLS; not mean pixelwise NNLS,"raw postfit residual direction, constrained by NNLS KKT; not absorbed signal fraction",0,"{""n"": 0, ""median"": null, ""q25"": null, ""q75"": null, ""IQR"": null}","[null, null, null, null, null, null, null, null, null, null, null, null, null, null, null, null, null, null, null, null, null, null, null, null, null, null, null, null, null, null, null, null, null, null, null, null, null, null, null, null, null, null, null, null, null, null, null, null, null, null, null, null, null, null, null, null, null, null, null, null, null, null, null, null]",[]
248,PE O-20:1_18:2,0.012247866282484934,0.012247866282484934,0.0,0.0,0.0,0.0,,0.0,0.0,[],[],,[],False,1.5404566511278972e-11,,,0.0,0.0,0.11067007853293016,3.775376906463036e-17,True,False,global foreground mean NNLS; not mean pixelwise NNLS,"raw postfit residual direction, constrained by NNLS KKT; not absorbed signal fraction",1,"{""n"": 0, ""median"": null, ""q25"": null, ""q75"": null, ""IQR"": null}","[null, null, null, null, null, null, null, null, null, null, null, ""PE 18:2_22:6"", null, null, null, null, null, null, null, null, null, null, null, null, null, null, null, null, null, null, null, null, null, null, null, null, null, null, null, null, null, null, null, null, null, null, null, null, null, null, null, null, null, null, null, null, null, null, null, null, null, null, null, null]",[11]
249,PE O-18:2_20:2,0.012247866282484934,0.012247866282484934,0.0,0.0,0.0,0.0,,0.0,0.0,[],[],,[],False,1.5404566511278972e-11,,,0.0,0.0,0.11067007853293016,3.775376906463036e-17,True,False,global foreground mean NNLS; not mean pixelwise NNLS,"raw postfit residual direction, constrained by NNLS KKT; not absorbed signal fraction",0,"{""n"": 0, ""median"": null, ""q25"": null, ""q75"": null, ""IQR"": null}","[null, null, null, null, null, null, null, null, null, null, null, null, null, null, null, null, null, null, null, null, null, null, null, null, null, null, null, null, null, null, null, null, null, null, null, null, null, null, null, null, null, null, null, null, null, null, null, null, null, null, null, null, null, null, null, null, null, null, null, null, null, null, null, null]",[]
250,PE O-18:2_20:3,0.012247866282484934,0.012247866282484934,0.0,0.0,0.0,0.0,,0.0,0.0,[],[],,[],False,1.5404566511278972e-11,,,0.0,0.0,0.11067007853293016,3.775376906463036e-17,True,False,global foreground mean NNLS; not mean pixelwise NNLS,"raw postfit residual direction, constrained by NNLS KKT; not absorbed signal fraction",0,"{""n"": 0, ""median"": null, ""q25"": null, ""q75"": null, ""IQR"": null}","[null, null, null, null, null, null, null, null, null, null, null, null, null, null, null, null, null, null, null, null, null, null, null, null, null, null, null, null, null, null, null, null, null, null, null, null, null, null, null, null, null, null, null, null, null, null, null, null, null, null, null, null, null, null, null, null, null, null, null, null, null, null, null, null]",[]
251,PE O-18:2_20:4,0.012247866282484934,0.012247866282484934,0.0,0.0,0.0,0.0,,0.0,0.0,[],[],,[],False,1.5404566511278972e-11,,,0.0,0.0,0.11067007853293016,3.775376906463036e-17,True,False,global foreground mean NNLS; not mean pixelwise NNLS,"raw postfit residual direction, constrained by NNLS KKT; not absorbed signal fraction",0,"{""n"": 0, ""median"": null, ""q25"": null, ""q75"": null, ""IQR"": null}","[null, null, null, null, null, null, null, null, null, null, null, null, null, null, null, null, null, null, null, null, null, null, null, null, null, null, null, null, null, null, null, null, null, null, null, null, null, null, null, null, null, null, null, null, null, null, null, null, null, null, null, null, null, null, null, null, null, null, null, null, null, null, null, null]",[]
252,PE O-18:2_22:0,0.012247866282484934,0.012247866282484934,0.0,0.0,0.0,0.0,,0.0,0.0,[],[],,[],False,1.5404566511278972e-11,,,0.0,0.0,0.11067007853293016,3.775376906463036e-17,True,False,global foreground mean NNLS; not mean pixelwise NNLS,"raw postfit residual direction, constrained by NNLS KKT; not absorbed signal fraction",0,"{""n"": 0, ""median"": null, ""q25"": null, ""q75"": null, ""IQR"": null}","[null, null, null, null, null, null, null, null, null, null, null, null, null, null, null, null, null, null, null, null, null, null, null, null, null, null, null, null, null, null, null, null, null, null, null, null, null, null, null, null, null, null, null, null, null, null, null, null, null, null, null, null, null, null, null, null, null, null, null, null, null, null, null, null]",[]
253,PE O-22:1_18:2,0.012247866282484934,0.012247866282484934,0.0,0.0,0.0,0.0,,0.0,0.0,[],[],,[],False,1.5404566511278972e-11,,,0.0,0.0,0.11067007853293016,3.775376906463036e-17,True,False,global foreground mean NNLS; not mean pixelwise NNLS,"raw postfit residual direction, constrained by NNLS KKT; not absorbed signal fraction",0,"{""n"": 0, ""median"": null, ""q25"": null, ""q75"": null, ""IQR"": null}","[null, null, null, null, null, null, null, null, null, null, null, null, null, null, null, null, null, null, null, null, null, null, null, null, null, null, null, null, null, null, null, null, null, null, null, null, null, null, null, null, null, null, null, null, null, null, null, null, null, null, null, null, null, null, null, null, null, null, null, null, null, null, null, null]",[]
254,PE O-18:2_22:2,0.012247866282484934,0.012247866282484934,0.0,0.0,0.0,0.0,,0.0,0.0,[],[],,[],False,1.5404566511278972e-11,,,0.0,0.0,0.11067007853293016,3.775376906463036e-17,True,False,global foreground mean NNLS; not mean pixelwise NNLS,"raw postfit residual direction, constrained by NNLS KKT; not absorbed signal fraction",0,"{""n"": 0, ""median"": null, ""q25"": null, ""q75"": null, ""IQR"": null}","[null, null, null, null, null, null, null, null, null, null, null, null, null, null, null, null, null, null, null, null, null, null, null, null, null, null, null, null, null, null, null, null, null, null, null, null, null, null, null, null, null, null, null, null, null, null, null, null, null, null, null, null, null, null, null, null, null, null, null, null, null, null, null, null]",[]
255,PE O-18:2_22:3,0.012247866282484934,0.012247866282484934,0.0,0.0,0.0,0.0,,0.0,0.0,[],[],,[],False,1.5404566511278972e-11,,,0.0,0.0,0.11067007853293016,3.775376906463036e-17,True,False,global foreground mean NNLS; not mean pixelwise NNLS,"raw postfit residual direction, constrained by NNLS KKT; not absorbed signal fraction",0,"{""n"": 0, ""median"": null, ""q25"": null, ""q75"": null, ""IQR"": null}","[null, null, null, null, null, null, null, null, null, null, null, null, null, null, null, null, null, null, null, null, null, null, null, null, null, null, null, null, null, null, null, null, null, null, null, null, null, null, null, null, null, null, null, null, null, null, null, null, null, null, null, null, null, null, null, null, null, null, null, null, null, null, null, null]",[]
256,PE O-18:2_22:4,0.012247866282484934,0.012247866282484934,0.0,0.0,0.0,0.0,,0.0,0.0,[],[],,[],False,1.5404566511278972e-11,,,0.0,0.0,0.11067007853293016,3.775376906463036e-17,True,False,global foreground mean NNLS; not mean pixelwise NNLS,"raw postfit residual direction, constrained by NNLS KKT; not absorbed signal fraction",16,"{""n"": 120, ""median"": 0.7364576092739685, ""q25"": 0.6762980195582713, ""q75"": 0.8047536385525275, ""IQR"": 0.12845561899425617, ""minimum"": 0.574528669087226, ""maximum"": 0.9554919606456231}","[null, null, null, null, null, null, null, ""PE O-18:1_22:4"", ""PE O-18:1_22:4"", ""PE O-18:1_22:4"", ""PE O-18:1_22:4"", ""PE O-18:1_22:4"", ""PE O-18:1_22:4"", null, null, null, null, null, null, null, null, null, null, null, null, null, null, null, null, null, null, null, null, null, null, null, null, ""PE O-16:0_22:4"", ""PE O-16:0_22:4"", ""PE O-16:0_22:4"", ""PE O-18:1_22:4"", ""PE O-18:1_22:4"", ""PE O-18:1_22:4"", null, null, null, null, null, null, null, null, null, null, null, null, null, ""PE O-18:1_22:4"", ""PE O-18:1_22:4"", ""PE O-18:1_22:4"", ""PE O-18:1_22:4"", null, null, null, null]","[7, 8, 9, 10, 11, 12, 37, 38, 39, 40, 41, 42, 56, 57, 58, 59]"
257,PE O-18:2_22:5,0.012247866282484934,0.012249457008792458,1.590726307523771e-06,0.00012987783102014363,0.0034308200342116034,0.00926224002275076,PE O-18:0_22:5,0.0033486273751165236,0.361535370118868,"[""PE O-18:0_22:5"", ""PE O-18:2_22:6"", ""PE O-20:3_20:4"", ""PE 18:1_20:4"", ""PG 16:1_22:3""]","[0.0033486273751165236, 0.00135732004859343, 0.0013369039557254228, 0.0006831783829037846, 0.0004189643517470065]",PE O-18:0_22:5,"[""PE O-18:0_22:5""]",True,1.5404566511278972e-11,2.351056661655458e-17,-2.406969418394877e-15,0.623737888638273,0.8806471970587177,0.11067726509447391,0.0012612399880746672,True,True,global foreground mean NNLS; not mean pixelwise NNLS,"raw postfit residual direction, constrained by NNLS KKT; not absorbed signal fraction",53,"{""n"": 1378, ""median"": 0.6926790427833085, ""q25"": 0.6076486261201437, ""q75"": 0.8115189333638163, ""IQR"": 0.2038703072436726, ""minimum"": 0.3622999652566144, ""maximum"": 1.0}","[""PE O-18:0_22:5"", ""PE O-18:0_22:5"", ""PE O-18:0_22:5"", ""PE O-18:0_22:5"", ""PE O-18:0_22:5"", ""PE O-18:0_22:5"", ""PE O-18:0_22:5"", ""PE O-18:0_22:5"", null, null, null, null, ""PE O-18:0_22:5"", ""PE O-18:0_22:5"", ""PE O-18:0_22:5"", ""PE O-18:0_22:5"", ""PE O-18:0_22:5"", ""PE O-18:0_22:5"", ""PE O-18:0_22:5"", ""PE O-18:0_22:5"", ""PE O-18:0_22:5"", ""PG 16:0_22:5"", ""PE O-18:0_22:5"", ""PE O-18:0_22:5"", ""PE O-18:0_22:5"", ""PE O-18:0_22:5"", ""PE O-18:0_22:5"", ""PE O-18:0_22:5"", ""PE O-18:0_22:5"", ""PE O-18:0_22:5"", ""PE O-18:0_22:5"", ""PE O-18:0_22:5"", ""PE O-18:0_22:5"", ""PE O-18:0_22:5"", ""PE O-18:0_22:5"", ""PE O-18:0_22:5"", null, null, null, null, null, null, null, ""PE O-18:0_22:5"", ""PE O-18:0_22:5"", ""PE O-18:0_22:5"", ""PE O-18:0_22:5"", ""PE O-18:0_22:5"", ""PE O-18:2_22:6"", ""PE O-18:2_22:6"", ""PE O-18:0_22:5"", ""PE O-18:0_22:5"", ""PE O-18:0_22:5"", ""PE O-18:0_22:5"", ""PE O-18:0_22:5"", ""PE O-18:2_22:4"", ""PE O-18:1_22:5"", ""PE O-18:2_22:4"", ""PE O-18:2_22:4"", ""PE O-18:2_22:4"", ""PE O-18:0_22:5"", ""PE O-18:2_22:6"", ""PE O-18:2_22:6"", ""PE O-18:2_22:6""]","[0, 1, 2, 3, 4, 5, 6, 7, 12, 13, 14, 15, 16, 17, 18, 19, 20, 21, 22, 23, 24, 25, 26, 27, 28, 29, 30, 31, 32, 33, 34, 35, 43, 44, 45, 46, 47, 48, 49, 50, 51, 52, 53, 54, 55, 56, 57, 58, 59, 60, 61, 62, 63]"
258,PE O-18:2_22:6,0.012247866282484934,0.012344966944104484,9.710066161955008e-05,0.007927965522491125,0.026356817406457324,0.06942109316924362,PE O-18:2_20:4,0.018390495870426127,0.2649122194795537,"[""PE O-18:2_20:4"", ""PE O-18:2_22:4"", ""PE 16:0_22:6"", ""PE 18:1_22:6"", ""PE O-18:2_22:5""]","[0.018390495870426127, 0.007577298274691016, 0.007426575245501339, 0.007173260967000564, 0.003198195746479859]",PE O-18:2_20:4,"[""PE O-18:2_20:4""]",True,1.5404566511278972e-11,1.2619816547074972e-15,0.036072027141767035,0.6940652147966897,0.8785957599875129,0.11110790675782031,0.008742797952714113,True,True,global foreground mean NNLS; not mean pixelwise NNLS,"raw postfit residual direction, constrained by NNLS KKT; not absorbed signal fraction",64,"{""n"": 2016, ""median"": 0.7605790158548156, ""q25"": 0.6552464755353529, ""q75"": 0.8511130015695321, ""IQR"": 0.1958665260341792, ""minimum"": 0.3790935368553063, ""maximum"": 0.999996052912679}","[""PE O-18:2_20:4"", ""PE O-18:2_20:4"", ""PE O-18:2_20:4"", ""PE O-18:2_20:4"", ""PE O-18:2_20:4"", ""PE O-18:2_22:4"", ""PE O-18:2_22:4"", ""PE O-18:2_22:4"", ""PE O-18:2_22:4"", ""PE O-18:2_22:4"", ""PE O-18:2_22:4"", ""PE O-18:2_22:4"", ""PE O-18:2_22:4"", ""PE O-18:2_22:4"", ""PE O-18:2_20:4"", ""PE O-18:2_20:4"", ""PE O-18:2_20:4"", ""PE O-18:2_20:4"", ""PE O-18:2_20:4"", ""PE O-18:2_20:4"", ""PE O-18:2_20:4"", ""PE O-18:2_20:4"", ""PE O-18:2_20:4"", ""PE O-18:2_20:4"", ""PE O-18:2_20:4"", ""PE O-18:2_20:4"", ""PE O-18:2_20:4"", ""PE O-18:2_20:4"", ""PE O-18:2_20:4"", ""PE O-18:2_20:4"", ""PE O-18:2_20:4"", ""PE O-18:2_20:4"", ""PE O-18:2_20:4"", ""PE O-18:2_20:4"", ""PE O-18:2_20:4"", ""PE O-18:2_20:4"", ""PE O-18:2_20:4"", ""PE O-18:2_22:4"", ""PE O-18:2_22:4"", ""PE O-18:2_22:4"", ""PE O-18:2_22:4"", ""PE O-18:2_22:4"", ""PE O-18:2_22:4"", ""PE O-18:2_22:4"", ""PE O-18:2_22:4"", ""PE O-18:2_22:4"", ""PE O-18:2_20:4"", ""PE O-18:2_20:4"", ""PE O-18:2_20:4"", ""PE O-18:2_20:4"", ""PE O-18:2_22:4"", ""PE O-18:2_22:4"", ""PE O-18:2_22:4"", ""PE O-18:2_22:4"", ""PE O-18:2_22:4"", ""PE O-18:2_22:4"", ""PE O-18:2_22:4"", ""PE O-18:2_22:4"", ""PE O-18:2_22:4"", ""PE O-18:2_22:4"", ""PE O-18:2_22:4"", ""PE O-18:2_20:4"", ""PE O-18:2_20:4"", ""PE O-18:2_20:4""]","[0, 1, 2, 3, 4, 5, 6, 7, 8, 9, 10, 11, 12, 13, 14, 15, 16, 17, 18, 19, 20, 21, 22, 23, 24, 25, 26, 27, 28, 29, 30, 31, 32, 33, 34, 35, 36, 37, 38, 39, 40, 41, 42, 43, 44, 45, 46, 47, 48, 49, 50, 51, 52, 53, 54, 55, 56, 57, 58, 59, 60, 61, 62, 63]"
259,PE O-18:3_20:3,0.012247866282484934,0.012247866282484934,0.0,0.0,0.0,0.0,,0.0,0.0,[],[],,[],False,1.5404566511278972e-11,,,0.0,0.0,0.11067007853293016,3.775376906463036e-17,True,False,global foreground mean NNLS; not mean pixelwise NNLS,"raw postfit residual direction, constrained by NNLS KKT; not absorbed signal fraction",0,"{""n"": 0, ""median"": null, ""q25"": null, ""q75"": null, ""IQR"": null}","[null, null, null, null, null, null, null, null, null, null, null, null, null, null, null, null, null, null, null, null, null, null, null, null, null, null, null, null, null, null, null, null, null, null, null, null, null, null, null, null, null, null, null, null, null, null, null, null, null, null, null, null, null, null, null, null, null, null, null, null, null, null, null, null]",[]
260,PE O-18:3_22:0,0.012247866282484934,0.012248953590533235,1.0873080483007197e-06,8.877530364344764e-05,0.0010551728827330902,0.0006288083267121721,PE O-20:0_20:4,0.00017812700896118697,0.28327711499826386,"[""PE O-20:0_20:4"", ""PS 14:0_22:0"", ""PE O-18:3_22:6"", ""PG 14:0_22:0"", ""PE O-18:2_22:5""]","[0.00017812700896118697, 0.00011458532056988352, 8.612850851374976e-05, 6.095335797537925e-05, 2.7740527150380695e-05]",PE O-20:0_20:4,"[""PE O-20:0_20:4""]",True,1.5404566511278972e-11,1.1718941921787847e-15,9.562967963424984e-14,0.09819093127802969,0.023541033319818383,0.11067499080882387,0.0010427406428764102,True,True,global foreground mean NNLS; not mean pixelwise NNLS,"raw postfit residual direction, constrained by NNLS KKT; not absorbed signal fraction",55,"{""n"": 1485, ""median"": 0.8060139478013072, ""q25"": 0.7401315138284789, ""q75"": 0.8669348731387165, ""IQR"": 0.12680335931023767, ""minimum"": 0.5047968480883999, ""maximum"": 1.0000000000000002}","[null, null, null, ""PE O-20:0_20:4"", ""PE O-20:0_20:4"", ""PE O-20:0_20:4"", ""PE O-20:0_20:4"", ""PE O-20:0_20:4"", ""PE O-20:0_20:4"", ""PE O-20:0_20:4"", ""PE O-20:0_20:4"", ""PE O-20:0_20:4"", ""PE O-20:0_20:4"", ""PE O-20:0_20:4"", ""PE O-20:0_20:4"", ""PE O-20:0_20:4"", ""PE O-20:0_20:4"", ""PE O-20:0_20:4"", ""PE O-20:0_20:4"", ""PE O-20:0_20:4"", ""PG 16:1_20:1"", ""PE O-20:0_20:4"", ""PE O-20:0_20:4"", ""PE O-20:0_20:4"", ""PE O-20:0_20:4"", ""PE O-20:0_20:4"", ""PE O-20:0_20:4"", ""PE O-20:0_20:4"", ""PE O-20:0_20:4"", ""PE O-20:0_20:4"", ""PE O-20:0_20:4"", ""PE O-20:0_20:4"", ""PE O-20:0_20:4"", ""PE O-20:0_20:4"", ""PE O-20:0_20:4"", ""PE O-20:0_20:4"", ""PE O-20:0_20:4"", ""PE O-20:0_20:4"", ""PE O-20:0_20:4"", ""PE O-20:0_20:4"", ""PE O-20:0_20:4"", ""PE O-20:0_20:4"", ""PE O-20:0_20:4"", ""PE O-20:0_20:4"", ""PE O-20:0_20:4"", ""PE O-20:0_20:4"", ""PE O-20:0_20:4"", null, null, null, ""PE O-20:0_20:4"", ""PE O-20:0_20:4"", ""PE O-20:0_20:4"", ""PE O-20:0_20:4"", ""PE O-20:0_20:4"", ""PE O-20:0_20:4"", ""PE O-20:0_20:4"", ""PE O-20:0_20:4"", ""PE O-20:0_20:3"", ""PE O-20:0_20:4"", ""PE O-20:0_20:4"", null, null, null]","[3, 4, 5, 6, 7, 8, 9, 10, 11, 12, 13, 14, 15, 16, 17, 18, 19, 20, 21, 22, 23, 24, 25, 26, 27, 28, 29, 30, 31, 32, 33, 34, 35, 36, 37, 38, 39, 40, 41, 42, 43, 44, 45, 46, 50, 51, 52, 53, 54, 55, 56, 57, 58, 59, 60]"
261,PE O-18:3_22:3,0.012247866282484934,0.012247866282484934,0.0,0.0,0.0,0.0,,0.0,0.0,[],[],,[],False,1.5404566511278972e-11,,,0.0,0.0,0.11067007853293016,3.775376906463036e-17,True,False,global foreground mean NNLS; not mean pixelwise NNLS,"raw postfit residual direction, constrained by NNLS KKT; not absorbed signal fraction",0,"{""n"": 0, ""median"": null, ""q25"": null, ""q75"": null, ""IQR"": null}","[null, null, null, null, null, null, null, null, null, null, null, null, null, null, null, null, null, null, null, null, null, null, null, null, null, null, null, null, null, null, null, null, null, null, null, null, null, null, null, null, null, null, null, null, null, null, null, null, null, null, null, null, null, null, null, null, null, null, null, null, null, null, null, null]",[]
262,PE O-18:3_22:4,0.012247866282484934,0.012247866282484934,0.0,0.0,0.0,0.0,,0.0,0.0,[],[],,[],False,1.5404566511278972e-11,,,0.0,0.0,0.11067007853293016,3.775376906463036e-17,True,False,global foreground mean NNLS; not mean pixelwise NNLS,"raw postfit residual direction, constrained by NNLS KKT; not absorbed signal fraction",0,"{""n"": 0, ""median"": null, ""q25"": null, ""q75"": null, ""IQR"": null}","[null, null, null, null, null, null, null, null, null, null, null, null, null, null, null, null, null, null, null, null, null, null, null, null, null, null, null, null, null, null, null, null, null, null, null, null, null, null, null, null, null, null, null, null, null, null, null, null, null, null, null, null, null, null, null, null, null, null, null, null, null, null, null, null]",[]
263,PE O-18:3_22:5,0.012247866282484934,0.012247866282484934,0.0,0.0,0.0,0.0,,0.0,0.0,[],[],,[],False,1.5404566511278972e-11,,,0.0,0.0,0.11067007853293016,3.775376906463036e-17,True,False,global foreground mean NNLS; not mean pixelwise NNLS,"raw postfit residual direction, constrained by NNLS KKT; not absorbed signal fraction",0,"{""n"": 0, ""median"": null, ""q25"": null, ""q75"": null, ""IQR"": null}","[null, null, null, null, null, null, null, null, null, null, null, null, null, null, null, null, null, null, null, null, null, null, null, null, null, null, null, null, null, null, null, null, null, null, null, null, null, null, null, null, null, null, null, null, null, null, null, null, null, null, null, null, null, null, null, null, null, null, null, null, null, null, null, null]",[]
264,PE O-18:3_22:6,0.012247866282484934,0.012256200666848115,8.334384363180639e-06,0.0006804764332232098,0.0072176115989878165,0.013399259238015729,PE 18:1_22:6,0.0024711468354363317,0.18442413803301078,"[""PE 18:1_22:6"", ""PG 16:0_22:4"", ""PE 16:0_22:6"", ""PE O-18:2_22:6"", ""PE O-18:1_22:6""]","[0.0024711468354363317, 0.0015781992125022022, 0.001349775055302916, 0.0011202385601934602, 0.0007337049140291457]",PE 18:1_22:6,"[""PE 18:1_22:6""]",True,1.5404566511278972e-11,-7.834699228460882e-17,-7.539735408887848e-14,0.8487033168184952,0.8420931826252506,0.11070772631956684,0.0028869333839173917,True,True,global foreground mean NNLS; not mean pixelwise NNLS,"raw postfit residual direction, constrained by NNLS KKT; not absorbed signal fraction",64,"{""n"": 2016, ""median"": 0.7963222405729125, ""q25"": 0.7332013601092233, ""q75"": 0.854857644692532, ""IQR"": 0.12165628458330868, ""minimum"": 0.4588735327722304, ""maximum"": 1.0}","[""PG 14:0_22:4"", ""PE 18:1_22:6"", ""PE 18:1_22:6"", ""PE 18:1_22:6"", ""PE 18:1_22:6"", ""PE 18:1_22:6"", ""PE 18:1_22:6"", ""PE 18:1_22:6"", ""PE 18:1_22:6"", ""PE 18:1_22:6"", ""PE 18:1_22:6"", ""PE 18:1_22:6"", ""PE 18:1_22:6"", ""PE 18:1_22:6"", ""PE 18:1_22:6"", ""PE 18:1_22:6"", ""PE 18:1_22:6"", ""PE 18:1_22:6"", ""PE 18:1_22:6"", ""PE 18:1_22:6"", ""PE 18:1_22:6"", ""PE 18:1_22:6"", ""PE 18:1_22:6"", ""PE 18:1_22:6"", ""PE 18:1_22:6"", ""PE 18:1_22:6"", ""PE 18:1_22:6"", ""PE 18:1_22:6"", ""PE 18:1_22:6"", ""PE 18:1_22:6"", ""PE 18:1_22:6"", ""PE 18:1_22:6"", ""PE 18:1_22:6"", ""PE 18:1_22:6"", ""PE 18:1_22:6"", ""PE 18:1_22:6"", ""PE 18:1_22:6"", ""PE 18:1_22:6"", ""PE 18:1_22:6"", ""PE 18:1_22:6"", ""PE 18:1_22:6"", ""PE 18:1_22:6"", ""PE 18:1_22:6"", ""PE 18:1_22:6"", ""PE 18:1_22:6"", ""PE 18:1_22:6"", ""PE 18:1_22:6"", ""PE 18:1_22:6"", ""PE 18:1_22:6"", ""PE 18:1_22:6"", ""PE 18:1_22:6"", ""PE 18:1_22:6"", ""PE 18:1_22:6"", ""PE 18:1_22:6"", ""PE 18:1_22:6"", ""PE 18:1_22:6"", ""PE 18:1_22:6"", ""PE 18:1_22:6"", ""PE 18:1_22:6"", ""PE 18:1_22:6"", ""PE 18:1_22:6"", ""PE 18:1_22:6"", ""PE 18:1_22:6"", ""PE O-18:2_22:6""]","[0, 1, 2, 3, 4, 5, 6, 7, 8, 9, 10, 11, 12, 13, 14, 15, 16, 17, 18, 19, 20, 21, 22, 23, 24, 25, 26, 27, 28, 29, 30, 31, 32, 33, 34, 35, 36, 37, 38, 39, 40, 41, 42, 43, 44, 45, 46, 47, 48, 49, 50, 51, 52, 53, 54, 55, 56, 57, 58, 59, 60, 61, 62, 63]"
265,PE O-20:0_20:2,0.012247866282484934,0.012247866282484934,0.0,0.0,0.0,0.0,,0.0,0.0,[],[],,[],False,1.5404566511278972e-11,,,0.0,0.0,0.11067007853293016,3.775376906463036e-17,True,False,global foreground mean NNLS; not mean pixelwise NNLS,"raw postfit residual direction, constrained by NNLS KKT; not absorbed signal fraction",0,"{""n"": 0, ""median"": null, ""q25"": null, ""q75"": null, ""IQR"": null}","[null, null, null, null, null, null, null, null, null, null, null, null, null, null, null, null, null, null, null, null, null, null, null, null, null, null, null, null, null, null, null, null, null, null, null, null, null, null, null, null, null, null, null, null, null, null, null, null, null, null, null, null, null, null, null, null, null, null, null, null, null, null, null, null]",[]
266,PE O-20:0_20:3,0.012247866282484934,0.012247866282484934,0.0,0.0,0.0,0.0,,0.0,0.0,[],[],,[],False,1.5404566511278972e-11,,,0.0,0.0,0.11067007853293016,3.775376906463036e-17,True,False,global foreground mean NNLS; not mean pixelwise NNLS,"raw postfit residual direction, constrained by NNLS KKT; not absorbed signal fraction",0,"{""n"": 0, ""median"": null, ""q25"": null, ""q75"": null, ""IQR"": null}","[null, null, null, null, null, null, null, null, null, null, null, null, null, null, null, null, null, null, null, null, null, null, null, null, null, null, null, null, null, null, null, null, null, null, null, null, null, null, null, null, null, null, null, null, null, null, null, null, null, null, null, null, null, null, null, null, null, null, null, null, null, null, null, null]",[]
267,PE O-20:0_20:4,0.012247866282484934,0.01225273749546264,4.8712129777049584e-06,0.0003977193141203149,0.003955712720026316,0.004264641719858185,PE O-20:1_20:4,0.0008085204272595473,0.1895869524760093,"[""PE O-20:1_20:4"", ""PE O-20:3_20:4"", ""PE 18:1_20:4"", ""PE O-18:1_20:4"", ""PE O-20:2_20:4""]","[0.0008085204272595473, 0.0007514624195399944, 0.00043437626715256417, 0.00039530052572872565, 0.0003521274377743643]",PE O-20:1_20:4,"[""PE O-20:1_20:4""]",True,1.5404566511278972e-11,-1.1361919234127925e-16,-1.8795216002997245e-14,0.823826506065891,0.6892539053032525,0.11069208415899771,0.00220708245829267,True,True,global foreground mean NNLS; not mean pixelwise NNLS,"raw postfit residual direction, constrained by NNLS KKT; not absorbed signal fraction",64,"{""n"": 2016, ""median"": 0.6354505783147584, ""q25"": 0.5049787530710669, ""q75"": 0.7742895014805243, ""IQR"": 0.26931074840945746, ""minimum"": 0.26144764538992665, ""maximum"": 1.0}","[""PE O-20:3_20:4"", ""PE O-20:1_20:4"", ""PE O-20:1_20:4"", ""PE O-20:1_20:4"", ""PE O-20:1_20:4"", ""PE O-18:0_22:4"", ""PE O-18:0_22:4"", ""PE O-18:0_22:4"", ""PE O-18:0_22:4"", ""PE O-18:0_22:4"", ""PE O-18:0_22:4"", ""PE O-18:0_22:4"", ""PE O-18:0_22:4"", ""PE O-20:1_20:4"", ""PE O-20:1_20:4"", ""PE O-20:1_20:4"", ""PE O-20:1_20:4"", ""PE O-20:1_20:4"", ""PE O-20:1_20:4"", ""PE O-20:1_20:4"", ""PE O-20:1_20:4"", ""PE O-20:1_20:4"", ""PE O-20:1_20:4"", ""PE O-20:1_20:4"", ""PE O-20:1_20:4"", ""PE O-20:1_20:4"", ""PE O-20:1_20:4"", ""PE O-20:1_20:4"", ""PE O-20:1_20:4"", ""PE O-20:1_20:4"", ""PE O-20:1_20:4"", ""PE O-20:1_20:4"", ""PE O-20:1_20:4"", ""PE O-20:1_20:4"", ""PE O-20:1_20:4"", ""PE O-20:1_20:4"", ""PE O-20:1_20:4"", ""PE O-18:0_22:4"", ""PE O-18:0_22:4"", ""PE O-18:0_22:4"", ""PE O-18:0_22:4"", ""PE O-18:0_22:4"", ""PE O-18:0_22:4"", ""PE O-18:0_22:4"", ""PE O-18:0_22:4"", ""PE O-18:0_22:4"", ""PE O-18:0_22:4"", ""PE O-20:1_20:4"", ""PE O-20:1_20:4"", ""PE O-20:1_20:4"", ""PE 20:3_20:4"", ""PE O-18:0_22:4"", ""PE O-18:0_22:4"", ""PE O-18:0_22:4"", ""PE O-18:0_22:4"", ""PE O-18:0_22:4"", ""PE O-20:1_20:4"", ""PE O-18:0_22:4"", ""PE O-18:0_22:4"", ""PE O-18:0_22:4"", ""PE O-18:0_22:4"", ""PE O-20:1_20:4"", ""PE O-20:3_20:4"", ""PE 20:4_20:4""]","[0, 1, 2, 3, 4, 5, 6, 7, 8, 9, 10, 11, 12, 13, 14, 15, 16, 17, 18, 19, 20, 21, 22, 23, 24, 25, 26, 27, 28, 29, 30, 31, 32, 33, 34, 35, 36, 37, 38, 39, 40, 41, 42, 43, 44, 45, 46, 47, 48, 49, 50, 51, 52, 53, 54, 55, 56, 57, 58, 59, 60, 61, 62, 63]"
268,PE O-20:1_20:1,0.012247866282484934,0.012247866282484934,0.0,0.0,0.0,0.0,,0.0,0.0,[],[],,[],False,1.5404566511278972e-11,,,0.0,0.0,0.11067007853293016,3.775376906463036e-17,True,False,global foreground mean NNLS; not mean pixelwise NNLS,"raw postfit residual direction, constrained by NNLS KKT; not absorbed signal fraction",0,"{""n"": 0, ""median"": null, ""q25"": null, ""q75"": null, ""IQR"": null}","[null, null, null, null, null, null, null, null, null, null, null, null, null, null, null, null, null, null, null, null, null, null, null, null, null, null, null, null, null, null, null, null, null, null, null, null, null, null, null, null, null, null, null, null, null, null, null, null, null, null, null, null, null, null, null, null, null, null, null, null, null, null, null, null]",[]
269,PE O-20:1_20:2,0.012247866282484934,0.012247866282484934,0.0,0.0,0.0,0.0,,0.0,0.0,[],[],,[],False,1.5404566511278972e-11,,,0.0,0.0,0.11067007853293016,3.775376906463036e-17,True,False,global foreground mean NNLS; not mean pixelwise NNLS,"raw postfit residual direction, constrained by NNLS KKT; not absorbed signal fraction",0,"{""n"": 0, ""median"": null, ""q25"": null, ""q75"": null, ""IQR"": null}","[null, null, null, null, null, null, null, null, null, null, null, null, null, null, null, null, null, null, null, null, null, null, null, null, null, null, null, null, null, null, null, null, null, null, null, null, null, null, null, null, null, null, null, null, null, null, null, null, null, null, null, null, null, null, null, null, null, null, null, null, null, null, null, null]",[]
270,PE O-20:1_20:3,0.012247866282484934,0.012247866282484934,0.0,0.0,0.0,0.0,,0.0,0.0,[],[],,[],False,1.5404566511278972e-11,,,0.0,0.0,0.11067007853293016,3.775376906463036e-17,True,False,global foreground mean NNLS; not mean pixelwise NNLS,"raw postfit residual direction, constrained by NNLS KKT; not absorbed signal fraction",0,"{""n"": 0, ""median"": null, ""q25"": null, ""q75"": null, ""IQR"": null}","[null, null, null, null, null, null, null, null, null, null, null, null, null, null, null, null, null, null, null, null, null, null, null, null, null, null, null, null, null, null, null, null, null, null, null, null, null, null, null, null, null, null, null, null, null, null, null, null, null, null, null, null, null, null, null, null, null, null, null, null, null, null, null, null]",[]
271,PE O-20:1_20:4,0.012247866282484934,0.012317022942689118,6.915666020418376e-05,0.005646425148961239,0.026568412747998007,0.03838436065130177,PE O-20:3_20:4,0.006950559715207593,0.1810779076970452,"[""PE O-20:3_20:4"", ""PE O-18:0_22:5"", ""PE 18:1_20:4"", ""PE O-18:1_20:4"", ""PG 14:0_22:0""]","[0.006950559715207593, 0.006201197598788993, 0.0043212138894281535, 0.002975743794515859, 0.002481382810177348]",PE O-20:3_20:4,"[""PE O-20:3_20:4""]",True,1.5404566511278972e-11,1.250452985051381e-16,-2.48627130901611e-15,0.9226503813836943,0.9003262019645739,0.11098208388153971,0.008262950638460033,True,True,global foreground mean NNLS; not mean pixelwise NNLS,"raw postfit residual direction, constrained by NNLS KKT; not absorbed signal fraction",64,"{""n"": 2016, ""median"": 0.6736899317591298, ""q25"": 0.605736909495548, ""q75"": 0.7611913321497642, ""IQR"": 0.15545442265421616, ""minimum"": 0.3915377491095074, ""maximum"": 1.0}","[""PE O-20:3_20:4"", ""PE O-20:3_20:4"", ""PE O-18:0_22:5"", ""PE O-18:0_22:5"", ""PE O-20:3_20:4"", ""PE O-20:3_20:4"", ""PE O-18:1_22:4"", ""PE O-18:1_22:4"", ""PE O-18:1_22:4"", ""PE O-18:1_22:4"", ""PE O-18:1_22:4"", ""PE O-18:1_22:4"", ""PE O-20:3_20:4"", ""PE O-20:3_20:4"", ""PE O-20:3_20:4"", ""PE O-20:3_20:4"", ""PE O-20:3_20:4"", ""PE O-20:3_20:4"", ""PE O-18:0_22:5"", ""PE O-18:0_22:5"", ""PE 20:3_20:4"", ""PE O-18:0_22:5"", ""PE O-20:3_20:4"", ""PE O-20:3_20:4"", ""PE O-20:3_20:4"", ""PE O-20:3_20:4"", ""PE O-20:3_20:4"", ""PE O-20:3_20:4"", ""PE O-20:3_20:4"", ""PE O-20:3_20:4"", ""PE O-20:3_20:4"", ""PE O-20:3_20:4"", ""PE O-20:3_20:4"", ""PE O-20:3_20:4"", ""PE O-20:3_20:4"", ""PE O-20:3_20:4"", ""PE O-20:3_20:4"", ""PE O-20:3_20:4"", ""PE O-18:1_22:4"", ""PE O-20:3_20:4"", ""PE O-18:1_22:4"", ""PE O-18:1_22:4"", ""PE O-18:1_22:4"", ""PE O-18:1_22:4"", ""PE O-18:1_22:4"", ""PE 20:3_20:4"", ""PE 20:3_20:4"", ""PE O-20:3_20:4"", ""PE O-20:3_20:4"", ""PG 16:0_20:4"", ""PE 20:3_20:4"", ""PE 20:3_20:4"", ""PE O-20:3_20:4"", ""PE 20:3_20:4"", ""PE 20:3_20:4"", ""PE 20:3_20:4"", ""PE O-18:1_22:4"", ""PE O-18:1_22:4"", ""PE O-18:1_22:4"", ""PE O-18:1_22:4"", ""PE 20:3_20:4"", ""PE O-20:3_20:4"", ""PE O-20:3_20:4"", ""PE 20:4_20:4""]","[0, 1, 2, 3, 4, 5, 6, 7, 8, 9, 10, 11, 12, 13, 14, 15, 16, 17, 18, 19, 20, 21, 22, 23, 24, 25, 26, 27, 28, 29, 30, 31, 32, 33, 34, 35, 36, 37, 38, 39, 40, 41, 42, 43, 44, 45, 46, 47, 48, 49, 50, 51, 52, 53, 54, 55, 56, 57, 58, 59, 60, 61, 62, 63]"
272,PE O-20:2_20:2,0.012247866282484934,0.012247866282484934,0.0,0.0,0.0,0.0,,0.0,0.0,[],[],,[],False,1.5404566511278972e-11,,,0.0,0.0,0.11067007853293016,3.775376906463036e-17,True,False,global foreground mean NNLS; not mean pixelwise NNLS,"raw postfit residual direction, constrained by NNLS KKT; not absorbed signal fraction",0,"{""n"": 0, ""median"": null, ""q25"": null, ""q75"": null, ""IQR"": null}","[null, null, null, null, null, null, null, null, null, null, null, null, null, null, null, null, null, null, null, null, null, null, null, null, null, null, null, null, null, null, null, null, null, null, null, null, null, null, null, null, null, null, null, null, null, null, null, null, null, null, null, null, null, null, null, null, null, null, null, null, null, null, null, null]",[]
273,PE O-20:2_20:3,0.012247866282484934,0.012247866282484934,0.0,0.0,0.0,0.0,,0.0,0.0,[],[],,[],False,1.5404566511278972e-11,,,0.0,0.0,0.11067007853293016,3.775376906463036e-17,True,False,global foreground mean NNLS; not mean pixelwise NNLS,"raw postfit residual direction, constrained by NNLS KKT; not absorbed signal fraction",0,"{""n"": 0, ""median"": null, ""q25"": null, ""q75"": null, ""IQR"": null}","[null, null, null, null, null, null, null, null, null, null, null, null, null, null, null, null, null, null, null, null, null, null, null, null, null, null, null, null, null, null, null, null, null, null, null, null, null, null, null, null, null, null, null, null, null, null, null, null, null, null, null, null, null, null, null, null, null, null, null, null, null, null, null, null]",[]
274,PE O-20:2_20:4,0.012247866282484934,0.012256761916815283,8.895634330348748e-06,0.0007263007387942872,0.01065410616632296,0.015758182960787806,PE O-20:3_20:4,0.002997667482959907,0.19022925994887765,"[""PE O-20:3_20:4"", ""PE O-18:1_20:4"", ""PE 18:1_20:4"", ""PE O-20:1_20:4"", ""PG 14:0_22:0""]","[0.002997667482959907, 0.0017677260836706787, 0.0014119771201057396, 0.00117307559383387, 0.0010229951955751746]",PE O-20:3_20:4,"[""PE O-20:3_20:4""]",True,1.5404566511278972e-11,3.251325736449003e-16,6.781818531763663e-16,0.9455882173484776,0.9243021931740316,0.11071026111799795,0.002982555000390235,True,True,global foreground mean NNLS; not mean pixelwise NNLS,"raw postfit residual direction, constrained by NNLS KKT; not absorbed signal fraction",63,"{""n"": 1953, ""median"": 0.7595916978318435, ""q25"": 0.6994999983701307, ""q75"": 0.8343390182903092, ""IQR"": 0.13483901992017855, ""minimum"": 0.5333718901296096, ""maximum"": 0.9999999999999999}","[null, ""PE O-20:3_20:4"", ""PE O-20:3_20:4"", ""PE O-20:3_20:4"", ""PE O-20:3_20:4"", ""PE O-20:3_20:4"", ""PE O-20:3_20:4"", ""PE O-20:3_20:4"", ""PE O-20:3_20:4"", ""PE O-20:1_20:4"", ""PE O-20:1_20:4"", ""PE O-20:1_20:4"", ""PE O-18:1_22:5"", ""PE O-20:3_20:4"", ""PE O-20:3_20:4"", ""PE O-20:3_20:4"", ""PE O-20:3_20:4"", ""PE O-20:3_20:4"", ""PE O-20:3_20:4"", ""PE O-20:3_20:4"", ""PE 20:3_20:4"", ""PE O-20:3_20:4"", ""PE O-20:3_20:4"", ""PE O-20:3_20:4"", ""PE O-20:3_20:4"", ""PE O-20:3_20:4"", ""PE O-20:3_20:4"", ""PE O-20:3_20:4"", ""PE O-20:3_20:4"", ""PE O-20:3_20:4"", ""PE O-20:3_20:4"", ""PE O-20:3_20:4"", ""PE O-20:3_20:4"", ""PE O-20:3_20:4"", ""PE O-20:3_20:4"", ""PE O-20:3_20:4"", ""PE O-20:3_20:4"", ""PE O-20:3_20:4"", ""PE O-20:3_20:4"", ""PE O-20:3_20:4"", ""PE O-20:3_20:4"", ""PE O-20:3_20:4"", ""PE O-20:3_20:4"", ""PE O-20:3_20:4"", ""PE O-20:3_20:4"", ""PE 20:3_20:4"", ""PE 20:3_20:4"", ""PE O-20:3_20:4"", ""PE O-20:3_20:4"", ""PE O-20:3_20:4"", ""PE 20:3_20:4"", ""PE 20:3_20:4"", ""PE O-20:3_20:4"", ""PE 20:3_20:4"", ""PE 20:3_20:4"", ""PE 20:3_20:4"", ""PE O-20:3_20:4"", ""PE 20:3_20:4"", ""PE O-18:2_22:4"", ""PE 20:3_20:4"", ""PE 20:3_20:4"", ""PE O-20:3_20:4"", ""PE O-20:3_20:4"", ""PE 20:4_20:4""]","[1, 2, 3, 4, 5, 6, 7, 8, 9, 10, 11, 12, 13, 14, 15, 16, 17, 18, 19, 20, 21, 22, 23, 24, 25, 26, 27, 28, 29, 30, 31, 32, 33, 34, 35, 36, 37, 38, 39, 40, 41, 42, 43, 44, 45, 46, 47, 48, 49, 50, 51, 52, 53, 54, 55, 56, 57, 58, 59, 60, 61, 62, 63]"
275,PE O-20:3_20:3,0.012247866282484934,0.012247866282484934,0.0,0.0,0.0,0.0,,0.0,0.0,[],[],,[],False,1.5404566511278972e-11,,,0.0,0.0,0.11067007853293016,3.775376906463036e-17,True,False,global foreground mean NNLS; not mean pixelwise NNLS,"raw postfit residual direction, constrained by NNLS KKT; not absorbed signal fraction",0,"{""n"": 0, ""median"": null, ""q25"": null, ""q75"": null, ""IQR"": null}","[null, null, null, null, null, null, null, null, null, null, null, null, null, null, null, null, null, null, null, null, null, null, null, null, null, null, null, null, null, null, null, null, null, null, null, null, null, null, null, null, null, null, null, null, null, null, null, null, null, null, null, null, null, null, null, null, null, null, null, null, null, null, null, null]",[]
276,PE O-20:3_20:4,0.012247866282484934,0.012273076825977464,2.5210543492529963e-05,0.002058362077852201,0.023811273778976887,0.03579749566977504,PE 18:1_20:4,0.004968767207597501,0.13880208976892164,"[""PE 18:1_20:4"", ""PE O-18:1_22:6"", ""PE 20:1_20:4"", ""PE O-20:1_20:4"", ""PE 20:3_20:4""]","[0.004968767207597501, 0.004323847201032821, 0.0042151657351727784, 0.004142019226761436, 0.003927989074663533]",PE 18:1_20:4,"[""PE 18:1_20:4""]",True,1.5404566511278972e-11,1.18222593128249e-15,1.650327207551163e-14,0.9490037325995605,0.9724346131213715,0.1107839195279598,0.004873015227503957,True,True,global foreground mean NNLS; not mean pixelwise NNLS,"raw postfit residual direction, constrained by NNLS KKT; not absorbed signal fraction",61,"{""n"": 1830, ""median"": 0.7184561693506581, ""q25"": 0.6515446618692705, ""q75"": 0.8070273573749425, ""IQR"": 0.15548269550567195, ""minimum"": 0.47688656004038577, ""maximum"": 1.0}","[""PE 20:3_20:4"", ""PE 18:1_20:4"", ""PE 20:3_20:4"", ""PE 20:3_20:4"", ""PE 18:1_20:4"", ""PE 20:1_20:4"", ""PE O-18:1_22:6"", ""PE 20:1_20:4"", ""PE 20:1_20:4"", null, null, null, ""PE 20:1_20:4"", ""PE 20:1_20:4"", ""PE 20:1_20:4"", ""PE O-20:1_20:4"", ""PE O-20:1_20:4"", ""PE O-20:1_20:4"", ""PE 20:3_20:4"", ""PE 20:3_20:4"", ""PE 20:3_20:4"", ""PE 20:3_20:4"", ""PE 20:3_20:4"", ""PE O-20:1_20:4"", ""PE O-20:1_20:4"", ""PE O-20:1_20:4"", ""PE O-20:1_20:4"", ""PE O-20:1_20:4"", ""PE O-20:1_20:4"", ""PE O-20:1_20:4"", ""PE O-20:1_20:4"", ""PE O-20:1_20:4"", ""PE O-20:1_20:4"", ""PE O-20:1_20:4"", ""PE 20:1_20:4"", ""PE 20:1_20:4"", ""PE 20:1_20:4"", ""PE 20:1_20:4"", ""PE 20:1_20:4"", ""PE 20:1_20:4"", ""PE 20:1_20:4"", ""PE 20:1_20:4"", ""PE O-18:2_22:4"", ""PE 16:0_22:4"", ""PE 18:1_20:4"", ""PE 20:3_20:4"", ""PE 20:3_20:4"", ""PG 16:0_20:4"", ""PE 20:4_20:4"", ""PE 18:1_20:4"", ""PE 20:3_20:4"", ""PE 20:3_20:4"", ""PE 18:1_20:4"", ""PE 20:3_20:4"", ""PE 20:3_20:4"", ""PE 20:3_20:4"", ""PE 20:1_20:4"", ""PE 20:3_20:4"", ""PE O-18:2_22:4"", ""PE 20:3_20:4"", ""PE 20:3_20:4"", ""PE O-18:2_20:4"", ""PE 20:4_20:4"", ""PE 20:4_20:4""]","[0, 1, 2, 3, 4, 5, 6, 7, 8, 12, 13, 14, 15, 16, 17, 18, 19, 20, 21, 22, 23, 24, 25, 26, 27, 28, 29, 30, 31, 32, 33, 34, 35, 36, 37, 38, 39, 40, 41, 42, 43, 44, 45, 46, 47, 48, 49, 50, 51, 52, 53, 54, 55, 56, 57, 58, 59, 60, 61, 62, 63]"
277,PG 14:0_20:0,0.012247866282484934,0.0122504011130162,2.5348305312655056e-06,0.00020696098998757684,0.0016964810771569678,0.0038360103942465477,PE O-18:1_20:4,0.001575225313160275,0.4106415652867469,"[""PE O-18:1_20:4"", ""PE 18:1_22:6"", ""PC 14:0_20:1"", ""PS 20:0_16:1"", ""PE 20:0_20:4""]","[0.001575225313160275, 0.00034302989622762847, 0.00032237019367903005, 0.00025233279100130186, 0.000247196663696771]",PE O-18:1_20:4,"[""PE O-18:1_20:4""]",True,1.5404566511278972e-11,2.4685143684833985e-16,-3.18784827623166e-15,0.104722577064845,0.12048471403768382,0.11068153013496063,0.001592115112441785,True,True,global foreground mean NNLS; not mean pixelwise NNLS,"raw postfit residual direction, constrained by NNLS KKT; not absorbed signal fraction",61,"{""n"": 1830, ""median"": 0.7790153579363129, ""q25"": 0.7127243654472228, ""q75"": 0.8461896651228864, ""IQR"": 0.13346529967566356, ""minimum"": 0.47673562950855414, ""maximum"": 1.0}","[""PG 14:0_22:4"", ""PG 14:0_22:4"", ""PG 14:0_22:4"", ""PE O-18:1_20:4"", ""PE O-18:1_20:4"", ""PE O-18:1_20:4"", ""PE O-18:1_20:4"", ""PE O-18:1_20:4"", ""PE O-18:1_20:4"", ""PE O-18:1_20:4"", ""PE O-18:1_20:4"", ""PE O-18:0_20:5"", ""PE O-18:0_20:5"", ""PE O-18:1_20:4"", ""PE O-18:1_20:4"", ""PE O-18:1_20:4"", ""PE O-18:1_20:4"", ""PE O-18:1_20:4"", ""PE O-18:1_20:4"", ""PE O-18:1_20:4"", ""PG 14:0_22:2"", ""PE O-18:1_20:4"", ""PE O-18:1_20:4"", ""PE O-18:1_20:4"", ""PE O-18:1_20:4"", ""PE O-18:1_20:4"", ""PE O-18:1_20:4"", ""PE O-18:1_20:4"", ""PE O-18:1_20:4"", ""PE O-18:1_20:4"", ""PE O-18:1_20:4"", ""PE O-18:1_20:4"", ""PE O-18:1_20:4"", ""PE O-18:1_20:4"", ""PE O-18:1_20:4"", ""PE O-18:1_20:4"", ""PE O-18:1_20:4"", ""PE O-18:1_20:4"", ""PE O-18:1_20:4"", ""PE O-18:1_20:4"", ""PE O-18:1_20:4"", ""PE O-18:1_20:4"", ""PE O-18:1_20:4"", ""PE O-18:1_20:4"", ""PE O-18:1_20:4"", ""PE O-18:1_20:4"", ""PE O-18:1_20:4"", ""PE O-18:1_20:4"", null, ""PE O-18:1_20:4"", ""PE O-18:1_20:4"", ""PE O-18:1_20:4"", ""PE O-18:1_20:4"", ""PE O-18:1_20:4"", ""PE O-18:1_20:4"", ""PE O-18:1_20:4"", ""PE O-18:1_20:4"", ""PE O-18:1_20:4"", ""PE O-18:1_20:4"", ""PE O-18:1_20:4"", ""PE O-18:1_20:4"", ""PE O-18:1_20:4"", null, null]","[0, 1, 2, 3, 4, 5, 6, 7, 8, 9, 10, 11, 12, 13, 14, 15, 16, 17, 18, 19, 20, 21, 22, 23, 24, 25, 26, 27, 28, 29, 30, 31, 32, 33, 34, 35, 36, 37, 38, 39, 40, 41, 42, 43, 44, 45, 46, 47, 49, 50, 51, 52, 53, 54, 55, 56, 57, 58, 59, 60, 61]"
278,PG 16:0_18:0,0.012247866282484934,0.012247866282484934,0.0,0.0,0.0,0.0,,0.0,0.0,[],[],,[],False,1.5404566511278972e-11,,,0.0,0.0,0.11067007853293016,3.775376906463036e-17,True,False,global foreground mean NNLS; not mean pixelwise NNLS,"raw postfit residual direction, constrained by NNLS KKT; not absorbed signal fraction",0,"{""n"": 0, ""median"": null, ""q25"": null, ""q75"": null, ""IQR"": null}","[null, null, null, null, null, null, null, null, null, null, null, null, null, null, null, null, null, null, null, null, null, null, null, null, null, null, null, null, null, null, null, null, null, null, null, null, null, null, null, null, null, null, null, null, null, null, null, null, null, null, null, null, null, null, null, null, null, null, null, null, null, null, null, null]",[]
279,PG 14:0_22:5,0.012247866282484934,0.012247866282484934,0.0,0.0,0.0,0.0,,0.0,0.0,[],[],,[],False,1.5404566511278972e-11,,,0.0,0.0,0.11067007853293016,3.775376906463036e-17,True,False,global foreground mean NNLS; not mean pixelwise NNLS,"raw postfit residual direction, constrained by NNLS KKT; not absorbed signal fraction",0,"{""n"": 0, ""median"": null, ""q25"": null, ""q75"": null, ""IQR"": null}","[null, null, null, null, null, null, null, null, null, null, null, null, null, null, null, null, null, null, null, null, null, null, null, null, null, null, null, null, null, null, null, null, null, null, null, null, null, null, null, null, null, null, null, null, null, null, null, null, null, null, null, null, null, null, null, null, null, null, null, null, null, null, null, null]",[]
280,PG 16:0_20:5,0.012247866282484934,0.012247866282484934,0.0,0.0,0.0,0.0,,0.0,0.0,[],[],,[],False,1.5404566511278972e-11,,,0.0,0.0,0.11067007853293016,3.775376906463036e-17,True,False,global foreground mean NNLS; not mean pixelwise NNLS,"raw postfit residual direction, constrained by NNLS KKT; not absorbed signal fraction",0,"{""n"": 0, ""median"": null, ""q25"": null, ""q75"": null, ""IQR"": null}","[null, null, null, null, null, null, null, null, null, null, null, null, null, null, null, null, null, null, null, null, null, null, null, null, null, null, null, null, null, null, null, null, null, null, null, null, null, null, null, null, null, null, null, null, null, null, null, null, null, null, null, null, null, null, null, null, null, null, null, null, null, null, null, null]",[]
281,PG 16:1_20:4,0.012247866282484934,0.012247866282484934,0.0,0.0,0.0,0.0,,0.0,0.0,[],[],,[],False,1.5404566511278972e-11,,,0.0,0.0,0.11067007853293016,3.775376906463036e-17,True,False,global foreground mean NNLS; not mean pixelwise NNLS,"raw postfit residual direction, constrained by NNLS KKT; not absorbed signal fraction",0,"{""n"": 0, ""median"": null, ""q25"": null, ""q75"": null, ""IQR"": null}","[null, null, null, null, null, null, null, null, null, null, null, null, null, null, null, null, null, null, null, null, null, null, null, null, null, null, null, null, null, null, null, null, null, null, null, null, null, null, null, null, null, null, null, null, null, null, null, null, null, null, null, null, null, null, null, null, null, null, null, null, null, null, null, null]",[]
282,PG 18:2_18:3,0.012247866282484934,0.012247866282484934,0.0,0.0,0.0,0.0,,0.0,0.0,[],[],,[],False,1.5404566511278972e-11,,,0.0,0.0,0.11067007853293016,3.775376906463036e-17,True,False,global foreground mean NNLS; not mean pixelwise NNLS,"raw postfit residual direction, constrained by NNLS KKT; not absorbed signal fraction",0,"{""n"": 0, ""median"": null, ""q25"": null, ""q75"": null, ""IQR"": null}","[null, null, null, null, null, null, null, null, null, null, null, null, null, null, null, null, null, null, null, null, null, null, null, null, null, null, null, null, null, null, null, null, null, null, null, null, null, null, null, null, null, null, null, null, null, null, null, null, null, null, null, null, null, null, null, null, null, null, null, null, null, null, null, null]",[]
283,PG 14:0_22:4,0.012247866282484934,0.012247866282484934,0.0,0.0,0.0,0.0,,0.0,0.0,[],[],,[],False,1.5404566511278972e-11,,,0.0,0.0,0.11067007853293016,3.775376906463036e-17,True,False,global foreground mean NNLS; not mean pixelwise NNLS,"raw postfit residual direction, constrained by NNLS KKT; not absorbed signal fraction",4,"{""n"": 6, ""median"": 0.7684739085090297, ""q25"": 0.7082350997913857, ""q75"": 0.8287127172266737, ""IQR"": 0.12047761743528806, ""minimum"": 0.6607568022824652, ""maximum"": 1.0}","[""PG 16:1_20:3"", ""PG 16:1_20:3"", ""PG 16:1_20:3"", null, null, null, null, null, null, null, null, null, null, null, null, null, null, null, null, null, null, null, null, null, null, null, null, null, null, null, null, null, null, null, null, null, null, null, null, null, null, null, null, null, null, null, null, null, ""PG 16:0_20:4"", null, null, null, null, null, null, null, null, null, null, null, null, null, null, null]","[0, 1, 2, 48]"
284,PG 16:0_20:4,0.012247866282484934,0.012247866282484934,0.0,0.0,0.0,0.0,,0.0,0.0,[],[],,[],False,1.5404566511278972e-11,,,0.0,0.0,0.11067007853293016,3.775376906463036e-17,True,False,global foreground mean NNLS; not mean pixelwise NNLS,"raw postfit residual direction, constrained by NNLS KKT; not absorbed signal fraction",4,"{""n"": 6, ""median"": 0.852630654558415, ""q25"": 0.7331569807397058, ""q75"": 0.9349239518222305, ""IQR"": 0.20176697108252473, ""minimum"": 0.6966884127544857, ""maximum"": 0.9435910290531371}","[null, null, null, null, null, null, null, null, null, null, null, null, null, null, null, null, null, null, null, null, null, null, null, null, null, null, null, null, null, null, null, null, null, null, null, null, null, null, null, null, null, null, null, null, null, null, null, null, ""PG 14:0_22:4"", null, null, null, null, null, null, null, null, null, null, null, null, ""PG 16:1_20:3"", ""PG 14:0_22:4"", ""PG 14:0_22:4""]","[48, 61, 62, 63]"
285,PG 16:1_20:3,0.012247866282484934,0.012252636059213274,4.7697767283395864e-06,0.0003894373614097314,0.008701777568095299,0.015019043221798228,PG 14:0_22:4,0.008567950771967382,0.5704724758339879,"[""PG 14:0_22:4"", ""PE 18:1_20:3"", ""PG 16:1_22:3"", ""PE 16:0_22:6"", ""PC 16:0_18:1""]","[0.008567950771967382, 0.0015195364104832031, 0.0010553987613437282, 0.0008468951667921915, 0.0005922633237197827]",PG 14:0_22:4,"[""PG 14:0_22:4""]",True,1.5404566511278972e-11,-1.1949654175420385e-16,0.3705187260117899,0.9362709449938106,0.9658898387562992,0.11069162596697762,0.0006786947669070302,True,True,global foreground mean NNLS; not mean pixelwise NNLS,"raw postfit residual direction, constrained by NNLS KKT; not absorbed signal fraction",60,"{""n"": 1770, ""median"": 0.6910693517058466, ""q25"": 0.6031754134775875, ""q75"": 0.7860337241181546, ""IQR"": 0.18285831064056712, ""minimum"": 0.18026266122517326, ""maximum"": 1.0}","[""PG 14:0_22:4"", ""PG 14:0_22:4"", ""PG 14:0_22:4"", ""PG 14:0_22:4"", ""PG 14:0_22:4"", ""PG 14:0_22:4"", ""PG 14:0_22:4"", ""PG 14:0_22:4"", ""PG 14:0_22:4"", ""PG 14:0_22:4"", ""PG 14:0_22:4"", ""PG 14:0_22:4"", ""PG 14:0_22:4"", ""PG 14:0_22:4"", ""PG 14:0_22:4"", ""PG 14:0_22:4"", ""PG 14:0_22:4"", ""PG 14:0_22:4"", ""PG 14:0_22:4"", ""PG 14:0_22:4"", ""PG 14:0_22:4"", ""PG 14:0_22:4"", ""PG 14:0_22:4"", ""PG 14:0_22:4"", ""PG 14:0_22:4"", ""PG 14:0_22:4"", ""PG 14:0_22:4"", ""PG 14:0_22:4"", ""PG 14:0_22:4"", ""PG 14:0_22:4"", ""PG 14:0_22:4"", ""PG 14:0_22:4"", ""PG 14:0_22:4"", ""PG 14:0_22:4"", ""PG 14:0_22:4"", ""PG 14:0_22:4"", ""PG 14:0_22:4"", ""PG 14:0_22:4"", ""PG 14:0_22:4"", ""PG 14:0_22:4"", ""PG 14:0_22:4"", ""PG 14:0_22:4"", ""PG 14:0_22:4"", ""PG 14:0_22:4"", ""PG 14:0_22:4"", ""PG 14:0_22:4"", ""PG 14:0_22:4"", ""PG 16:0_20:4"", null, ""PG 14:0_22:4"", ""PG 16:0_20:4"", ""PG 14:0_22:4"", ""PG 14:0_22:4"", ""PG 14:0_22:4"", ""PG 14:0_22:4"", ""PG 14:0_22:4"", ""PG 14:0_22:4"", ""PG 14:0_22:4"", ""PG 14:0_22:4"", ""PG 14:0_22:4"", ""PG 16:0_20:4"", null, null, null]","[0, 1, 2, 3, 4, 5, 6, 7, 8, 9, 10, 11, 12, 13, 14, 15, 16, 17, 18, 19, 20, 21, 22, 23, 24, 25, 26, 27, 28, 29, 30, 31, 32, 33, 34, 35, 36, 37, 38, 39, 40, 41, 42, 43, 44, 45, 46, 47, 49, 50, 51, 52, 53, 54, 55, 56, 57, 58, 59, 60]"
286,PG 18:1_18:3,0.012247866282484934,0.012247866282484934,0.0,0.0,0.0,0.0,,0.0,0.0,[],[],,[],False,1.5404566511278972e-11,,,0.0,0.0,0.11067007853293016,3.775376906463036e-17,True,False,global foreground mean NNLS; not mean pixelwise NNLS,"raw postfit residual direction, constrained by NNLS KKT; not absorbed signal fraction",0,"{""n"": 0, ""median"": null, ""q25"": null, ""q75"": null, ""IQR"": null}","[null, null, null, null, null, null, null, null, null, null, null, null, null, null, null, null, null, null, null, null, null, null, null, null, null, null, null, null, null, null, null, null, null, null, null, null, null, null, null, null, null, null, null, null, null, null, null, null, null, null, null, null, null, null, null, null, null, null, null, null, null, null, null, null]",[]
287,PG 18:2_18:2,0.012247866282484934,0.012247866282484934,0.0,0.0,0.0,0.0,,0.0,0.0,[],[],,[],False,1.5404566511278972e-11,,,0.0,0.0,0.11067007853293016,3.775376906463036e-17,True,False,global foreground mean NNLS; not mean pixelwise NNLS,"raw postfit residual direction, constrained by NNLS KKT; not absorbed signal fraction",0,"{""n"": 0, ""median"": null, ""q25"": null, ""q75"": null, ""IQR"": null}","[null, null, null, null, null, null, null, null, null, null, null, null, null, null, null, null, null, null, null, null, null, null, null, null, null, null, null, null, null, null, null, null, null, null, null, null, null, null, null, null, null, null, null, null, null, null, null, null, null, null, null, null, null, null, null, null, null, null, null, null, null, null, null, null]",[]
288,PG 14:0_22:3,0.012247866282484934,0.012249048464667156,1.1821821822213113e-06,9.652148013857482e-05,0.00167854764418334,0.0029979427387613854,PG 16:1_20:2,0.0011934158596280569,0.39807827007497953,"[""PG 16:1_20:2"", ""PE O-18:2_22:6"", ""PG 16:1_22:3"", ""PE 16:0_22:4"", ""PE O-18:3_22:6""]","[0.0011934158596280569, 0.00027118264844366163, 0.00027105209527709083, 0.00019217504330212853, 0.000143999671200443]",PG 16:1_20:2,"[""PG 16:1_20:2""]",True,1.5404566511278972e-11,1.5673972459197643e-17,0.9055991293075842,0.8875941622434244,0.7550388525185544,0.11067541942394955,0.00045228519778194053,True,True,global foreground mean NNLS; not mean pixelwise NNLS,"raw postfit residual direction, constrained by NNLS KKT; not absorbed signal fraction",62,"{""n"": 1891, ""median"": 0.6821922989809855, ""q25"": 0.5891594112920149, ""q75"": 0.7987376994911871, ""IQR"": 0.20957828819917224, ""minimum"": 0.285756314793464, ""maximum"": 0.9999990414551477}","[""PG 16:0_20:3"", ""PG 14:0_22:4"", ""PG 16:0_20:3"", ""PG 16:0_20:3"", ""PG 16:1_20:2"", ""PG 16:1_20:2"", ""PG 16:1_20:2"", ""PG 16:1_20:2"", ""PG 16:1_20:2"", ""PG 16:1_20:2"", ""PG 16:1_20:2"", null, null, ""PG 16:1_20:2"", ""PG 16:1_20:2"", ""PG 16:1_20:2"", ""PG 16:1_20:2"", ""PG 16:1_20:2"", ""PG 16:1_20:2"", ""PG 16:1_20:2"", ""PG 16:1_20:2"", ""PG 16:1_20:2"", ""PG 16:1_20:2"", ""PG 16:1_20:2"", ""PG 16:1_20:2"", ""PG 16:1_20:2"", ""PG 16:1_20:2"", ""PG 16:1_20:2"", ""PG 16:1_20:2"", ""PG 16:1_20:2"", ""PG 16:1_20:2"", ""PG 16:1_20:2"", ""PG 16:1_20:2"", ""PG 16:1_20:2"", ""PG 16:1_20:2"", ""PG 16:1_20:2"", ""PG 16:1_20:2"", ""PG 16:1_20:2"", ""PG 16:1_20:2"", ""PG 16:1_20:2"", ""PE O-18:1_22:4"", ""PE O-18:1_22:4"", ""PE O-18:1_22:4"", ""PG 16:1_20:2"", ""PG 16:1_20:2"", ""PG 16:0_20:3"", ""PG 16:0_20:3"", ""PG 16:1_20:2"", ""PG 16:0_20:3"", ""PG 16:0_20:3"", ""PG 16:0_20:3"", ""PG 16:0_20:3"", ""PG 16:0_20:3"", ""PG 16:0_20:3"", ""PG 16:0_20:3"", ""PG 16:0_20:3"", ""PG 16:0_20:3"", ""PG 16:0_20:3"", ""PG 16:0_20:3"", ""PG 16:0_20:3"", ""PG 16:0_20:3"", ""PG 16:1_20:2"", ""PG 16:1_20:2"", ""PG 16:1_20:2""]","[0, 1, 2, 3, 4, 5, 6, 7, 8, 9, 10, 13, 14, 15, 16, 17, 18, 19, 20, 21, 22, 23, 24, 25, 26, 27, 28, 29, 30, 31, 32, 33, 34, 35, 36, 37, 38, 39, 40, 41, 42, 43, 44, 45, 46, 47, 48, 49, 50, 51, 52, 53, 54, 55, 56, 57, 58, 59, 60, 61, 62, 63]"
289,PG 16:0_20:3,0.012247866282484934,0.012247866282484934,0.0,0.0,0.0,0.0,,0.0,0.0,[],[],,[],False,1.5404566511278972e-11,,,0.0,0.0,0.11067007853293016,3.775376906463036e-17,True,False,global foreground mean NNLS; not mean pixelwise NNLS,"raw postfit residual direction, constrained by NNLS KKT; not absorbed signal fraction",0,"{""n"": 0, ""median"": null, ""q25"": null, ""q75"": null, ""IQR"": null}","[null, null, null, null, null, null, null, null, null, null, null, null, null, null, null, null, null, null, null, null, null, null, null, null, null, null, null, null, null, null, null, null, null, null, null, null, null, null, null, null, null, null, null, null, null, null, null, null, null, null, null, null, null, null, null, null, null, null, null, null, null, null, null, null]",[]
290,PG 16:1_20:2,0.012247866282484934,0.012247866282484934,0.0,0.0,0.0,0.0,,0.0,0.0,[],[],,[],False,1.5404566511278972e-11,,,0.0,0.0,0.11067007853293016,3.775376906463036e-17,True,False,global foreground mean NNLS; not mean pixelwise NNLS,"raw postfit residual direction, constrained by NNLS KKT; not absorbed signal fraction",2,"{""n"": 1, ""median"": 0.8108447081483472, ""q25"": 0.8108447081483472, ""q75"": 0.8108447081483472, ""IQR"": 0.0, ""minimum"": 0.8108447081483472, ""maximum"": 0.8108447081483472}","[null, null, null, null, null, null, null, null, null, null, null, ""PG 14:0_22:3"", ""PG 14:0_22:3"", null, null, null, null, null, null, null, null, null, null, null, null, null, null, null, null, null, null, null, null, null, null, null, null, null, null, null, null, null, null, null, null, null, null, null, null, null, null, null, null, null, null, null, null, null, null, null, null, null, null, null]","[11, 12]"
291,PG 18:0_18:3,0.012247866282484934,0.012247866282484934,0.0,0.0,0.0,0.0,,0.0,0.0,[],[],,[],False,1.5404566511278972e-11,,,0.0,0.0,0.11067007853293016,3.775376906463036e-17,True,False,global foreground mean NNLS; not mean pixelwise NNLS,"raw postfit residual direction, constrained by NNLS KKT; not absorbed signal fraction",0,"{""n"": 0, ""median"": null, ""q25"": null, ""q75"": null, ""IQR"": null}","[null, null, null, null, null, null, null, null, null, null, null, null, null, null, null, null, null, null, null, null, null, null, null, null, null, null, null, null, null, null, null, null, null, null, null, null, null, null, null, null, null, null, null, null, null, null, null, null, null, null, null, null, null, null, null, null, null, null, null, null, null, null, null, null]",[]
292,PG 18:1_18:2,0.012247866282484934,0.012247866282484934,0.0,0.0,0.0,0.0,,0.0,0.0,[],[],,[],False,1.5404566511278972e-11,,,0.0,0.0,0.11067007853293016,3.775376906463036e-17,True,False,global foreground mean NNLS; not mean pixelwise NNLS,"raw postfit residual direction, constrained by NNLS KKT; not absorbed signal fraction",0,"{""n"": 0, ""median"": null, ""q25"": null, ""q75"": null, ""IQR"": null}","[null, null, null, null, null, null, null, null, null, null, null, null, null, null, null, null, null, null, null, null, null, null, null, null, null, null, null, null, null, null, null, null, null, null, null, null, null, null, null, null, null, null, null, null, null, null, null, null, null, null, null, null, null, null, null, null, null, null, null, null, null, null, null, null]",[]
293,PG 14:0_22:2,0.012247866282484934,0.012247866282484934,0.0,0.0,0.0,0.0,,0.0,0.0,[],[],,[],False,1.5404566511278972e-11,,,0.0,0.0,0.11067007853293016,3.775376906463036e-17,True,False,global foreground mean NNLS; not mean pixelwise NNLS,"raw postfit residual direction, constrained by NNLS KKT; not absorbed signal fraction",13,"{""n"": 78, ""median"": 0.7072612627747676, ""q25"": 0.6517037635977909, ""q75"": 0.7641468733526355, ""IQR"": 0.11244310975484462, ""minimum"": 0.5026850815152192, ""maximum"": 0.9629447917322282}","[""PG 16:1_20:1"", ""PG 16:1_20:1"", ""PG 16:1_20:1"", null, null, null, null, null, null, null, null, null, null, null, null, null, null, null, null, null, ""PG 16:1_20:1"", ""PG 16:1_20:1"", ""PG 16:1_20:1"", null, null, null, null, null, null, null, null, null, null, null, null, null, null, null, null, null, null, null, null, null, null, null, null, ""PG 16:1_20:1"", ""PG 16:1_20:1"", ""PG 16:1_20:1"", null, null, ""PG 16:1_20:1"", null, null, null, null, null, null, null, null, ""PG 16:1_20:1"", ""PG 16:1_20:1"", ""PG 16:1_20:1""]","[0, 1, 2, 20, 21, 22, 47, 48, 49, 52, 61, 62, 63]"
294,PG 16:0_20:2,0.012247866282484934,0.012247866282484934,0.0,0.0,0.0,0.0,,0.0,0.0,[],[],,[],False,1.5404566511278972e-11,,,0.0,0.0,0.11067007853293016,3.775376906463036e-17,True,False,global foreground mean NNLS; not mean pixelwise NNLS,"raw postfit residual direction, constrained by NNLS KKT; not absorbed signal fraction",0,"{""n"": 0, ""median"": null, ""q25"": null, ""q75"": null, ""IQR"": null}","[null, null, null, null, null, null, null, null, null, null, null, null, null, null, null, null, null, null, null, null, null, null, null, null, null, null, null, null, null, null, null, null, null, null, null, null, null, null, null, null, null, null, null, null, null, null, null, null, null, null, null, null, null, null, null, null, null, null, null, null, null, null, null, null]",[]
295,PG 16:1_20:1,0.012247866282484934,0.012257532901903508,9.666619418573913e-06,0.0007892492614495977,0.0193658453341335,0.024218004480170262,PG 14:0_22:2,0.019131764800137414,0.789981057894863,"[""PG 14:0_22:2"", ""PE O-18:1_20:1"", ""PE 20:1_20:4"", ""PS 16:1_20:1"", ""PG 16:1_22:3""]","[0.019131764800137414, 0.0008855802631813388, 0.0008412150804091279, 0.0007090414283754745, 0.00041381684986832503]",PG 14:0_22:2,"[""PG 14:0_22:2""]",True,1.5404566511278972e-11,-2.0369110974496902e-16,0.2649678981170639,0.9911008662827991,0.9874655834856364,0.11071374305795788,0.0008774987544529482,True,True,global foreground mean NNLS; not mean pixelwise NNLS,"raw postfit residual direction, constrained by NNLS KKT; not absorbed signal fraction",60,"{""n"": 1770, ""median"": 0.7381499883406359, ""q25"": 0.6248095049381538, ""q75"": 0.8308279767456604, ""IQR"": 0.20601847180750665, ""minimum"": 0.4249386424906005, ""maximum"": 1.0}","[""PG 14:0_22:2"", ""PG 14:0_22:2"", ""PG 14:0_22:2"", ""PG 14:0_22:2"", ""PG 14:0_22:2"", ""PG 14:0_22:2"", ""PG 14:0_22:2"", ""PG 14:0_22:2"", ""PG 14:0_22:2"", ""PG 14:0_22:2"", ""PG 14:0_22:2"", ""PG 14:0_22:2"", ""PG 14:0_22:2"", ""PG 14:0_22:2"", ""PG 14:0_22:2"", ""PG 14:0_22:2"", ""PG 14:0_22:2"", ""PG 14:0_22:2"", ""PG 14:0_22:2"", ""PG 14:0_22:2"", ""PG 14:0_22:2"", ""PG 14:0_22:2"", null, ""PG 14:0_22:2"", ""PG 14:0_22:2"", ""PG 14:0_22:2"", ""PG 14:0_22:2"", ""PG 14:0_22:2"", ""PG 14:0_22:2"", ""PG 14:0_22:2"", ""PG 14:0_22:2"", ""PG 14:0_22:2"", ""PG 14:0_22:2"", ""PG 14:0_22:2"", ""PG 14:0_22:2"", ""PG 14:0_22:2"", ""PG 14:0_22:2"", ""PG 14:0_22:2"", ""PG 14:0_22:2"", ""PG 14:0_22:2"", ""PG 14:0_22:2"", ""PG 14:0_22:2"", ""PG 14:0_22:2"", ""PG 14:0_22:2"", ""PG 14:0_22:2"", ""PG 14:0_22:2"", ""PG 14:0_22:2"", ""PG 14:0_22:2"", null, ""PG 14:0_22:2"", ""PG 14:0_22:2"", ""PG 14:0_22:2"", ""PG 14:0_22:2"", ""PG 14:0_22:2"", ""PG 14:0_22:2"", ""PG 14:0_22:2"", ""PG 14:0_22:2"", ""PG 14:0_22:2"", ""PG 14:0_22:2"", ""PG 14:0_22:2"", ""PG 14:0_22:2"", ""PG 14:0_22:2"", null, null]","[0, 1, 2, 3, 4, 5, 6, 7, 8, 9, 10, 11, 12, 13, 14, 15, 16, 17, 18, 19, 20, 21, 23, 24, 25, 26, 27, 28, 29, 30, 31, 32, 33, 34, 35, 36, 37, 38, 39, 40, 41, 42, 43, 44, 45, 46, 47, 49, 50, 51, 52, 53, 54, 55, 56, 57, 58, 59, 60, 61]"
296,PG 18:0_18:2,0.012247866282484934,0.012247866282484934,0.0,0.0,0.0,0.0,,0.0,0.0,[],[],,[],False,1.5404566511278972e-11,,,0.0,0.0,0.11067007853293016,3.775376906463036e-17,True,False,global foreground mean NNLS; not mean pixelwise NNLS,"raw postfit residual direction, constrained by NNLS KKT; not absorbed signal fraction",0,"{""n"": 0, ""median"": null, ""q25"": null, ""q75"": null, ""IQR"": null}","[null, null, null, null, null, null, null, null, null, null, null, null, null, null, null, null, null, null, null, null, null, null, null, null, null, null, null, null, null, null, null, null, null, null, null, null, null, null, null, null, null, null, null, null, null, null, null, null, null, null, null, null, null, null, null, null, null, null, null, null, null, null, null, null]",[]
297,PG 18:1_18:1,0.012247866282484934,0.012247866282484934,0.0,0.0,0.0,0.0,,0.0,0.0,[],[],,[],False,1.5404566511278972e-11,,,0.0,0.0,0.11067007853293016,3.775376906463036e-17,True,False,global foreground mean NNLS; not mean pixelwise NNLS,"raw postfit residual direction, constrained by NNLS KKT; not absorbed signal fraction",0,"{""n"": 0, ""median"": null, ""q25"": null, ""q75"": null, ""IQR"": null}","[null, null, null, null, null, null, null, null, null, null, null, null, null, null, null, null, null, null, null, null, null, null, null, null, null, null, null, null, null, null, null, null, null, null, null, null, null, null, null, null, null, null, null, null, null, null, null, null, null, null, null, null, null, null, null, null, null, null, null, null, null, null, null, null]",[]
298,PG 14:0_22:1,0.012247866282484934,0.01229236579780573,4.449951532079638e-05,0.00363324633783761,0.0252082773711892,0.04122703759637186,PG 16:0_20:1,0.024327769219905516,0.5900925857805598,"[""PG 16:0_20:1"", ""PE O-16:1_22:1"", ""PE O-20:2_20:4"", ""PS 14:0_22:2"", ""PE O-20:3_20:4""]","[0.024327769219905516, 0.001897953677344196, 0.0018200476442606726, 0.0017381534881953562, 0.0016003581637988387]",PG 16:0_20:1,"[""PG 16:0_20:1""]",True,1.5404566511278972e-11,5.476215906471362e-17,0.22601016476381688,0.942002363559504,0.9584575135599418,0.11087094208044651,0.0031463903442367517,True,True,global foreground mean NNLS; not mean pixelwise NNLS,"raw postfit residual direction, constrained by NNLS KKT; not absorbed signal fraction",64,"{""n"": 2016, ""median"": 0.7441997001311647, ""q25"": 0.661639420332237, ""q75"": 0.8199706620489393, ""IQR"": 0.15833124171670232, ""minimum"": 0.29500339678645543, ""maximum"": 0.9999881587380371}","[""PG 16:0_20:1"", ""PG 16:0_20:1"", ""PG 16:0_20:1"", ""PG 16:0_20:1"", ""PG 16:0_20:1"", ""PG 16:0_20:1"", ""PG 16:0_20:1"", ""PG 16:0_20:1"", ""PG 16:0_20:1"", ""PG 16:0_20:1"", ""PG 16:0_20:1"", ""PG 16:0_20:1"", ""PG 16:0_20:1"", ""PG 16:0_20:1"", ""PG 16:0_20:1"", ""PG 16:0_20:1"", ""PG 16:0_20:1"", ""PG 16:0_20:1"", ""PG 16:0_20:1"", ""PG 16:0_20:1"", ""PG 16:0_20:1"", ""PG 16:0_20:1"", ""PG 16:0_20:1"", ""PG 16:0_20:1"", ""PG 16:0_20:1"", ""PG 16:0_20:1"", ""PG 16:0_20:1"", ""PG 16:0_20:1"", ""PG 16:0_20:1"", ""PG 16:0_20:1"", ""PG 16:0_20:1"", ""PG 16:0_20:1"", ""PG 16:0_20:1"", ""PG 16:0_20:1"", ""PG 16:0_20:1"", ""PG 16:0_20:1"", ""PG 16:0_20:1"", ""PG 16:0_20:1"", ""PG 16:0_20:1"", ""PG 16:0_20:1"", ""PG 16:0_20:1"", ""PG 16:0_20:1"", ""PG 16:0_20:1"", ""PG 16:0_20:1"", ""PG 16:0_20:1"", ""PG 16:0_20:1"", ""PG 16:0_20:1"", ""PG 16:0_20:1"", ""PG 16:0_20:1"", ""PG 16:0_20:1"", ""PG 16:0_20:1"", ""PG 16:0_20:1"", ""PG 16:0_20:1"", ""PG 16:0_20:1"", ""PG 16:0_20:1"", ""PG 16:0_20:1"", ""PG 16:0_20:1"", ""PG 16:0_20:1"", ""PG 16:0_20:1"", ""PG 16:0_20:1"", ""PG 16:0_20:1"", ""PG 16:0_20:1"", ""PG 16:0_20:1"", ""PG 16:0_20:1""]","[0, 1, 2, 3, 4, 5, 6, 7, 8, 9, 10, 11, 12, 13, 14, 15, 16, 17, 18, 19, 20, 21, 22, 23, 24, 25, 26, 27, 28, 29, 30, 31, 32, 33, 34, 35, 36, 37, 38, 39, 40, 41, 42, 43, 44, 45, 46, 47, 48, 49, 50, 51, 52, 53, 54, 55, 56, 57, 58, 59, 60, 61, 62, 63]"
299,PG 16:0_20:1,0.012247866282484934,0.012247866282484934,0.0,0.0,0.0,0.0,,0.0,0.0,[],[],,[],False,1.5404566511278972e-11,,,0.0,0.0,0.11067007853293016,3.775376906463036e-17,True,False,global foreground mean NNLS; not mean pixelwise NNLS,"raw postfit residual direction, constrained by NNLS KKT; not absorbed signal fraction",0,"{""n"": 0, ""median"": null, ""q25"": null, ""q75"": null, ""IQR"": null}","[null, null, null, null, null, null, null, null, null, null, null, null, null, null, null, null, null, null, null, null, null, null, null, null, null, null, null, null, null, null, null, null, null, null, null, null, null, null, null, null, null, null, null, null, null, null, null, null, null, null, null, null, null, null, null, null, null, null, null, null, null, null, null, null]",[]
300,PG 20:0_16:1,0.012247866282484934,0.012247866282484934,0.0,0.0,0.0,0.0,,0.0,0.0,[],[],,[],False,1.5404566511278972e-11,,,0.0,0.0,0.11067007853293016,3.775376906463036e-17,True,False,global foreground mean NNLS; not mean pixelwise NNLS,"raw postfit residual direction, constrained by NNLS KKT; not absorbed signal fraction",0,"{""n"": 0, ""median"": null, ""q25"": null, ""q75"": null, ""IQR"": null}","[null, null, null, null, null, null, null, null, null, null, null, null, null, null, null, null, null, null, null, null, null, null, null, null, null, null, null, null, null, null, null, null, null, null, null, null, null, null, null, null, null, null, null, null, null, null, null, null, null, null, null, null, null, null, null, null, null, null, null, null, null, null, null, null]",[]
301,PG 18:0_18:1,0.012247866282484934,0.012247866282484934,0.0,0.0,0.0,0.0,,0.0,0.0,[],[],,[],False,1.5404566511278972e-11,,,0.0,0.0,0.11067007853293016,3.775376906463036e-17,True,False,global foreground mean NNLS; not mean pixelwise NNLS,"raw postfit residual direction, constrained by NNLS KKT; not absorbed signal fraction",0,"{""n"": 0, ""median"": null, ""q25"": null, ""q75"": null, ""IQR"": null}","[null, null, null, null, null, null, null, null, null, null, null, null, null, null, null, null, null, null, null, null, null, null, null, null, null, null, null, null, null, null, null, null, null, null, null, null, null, null, null, null, null, null, null, null, null, null, null, null, null, null, null, null, null, null, null, null, null, null, null, null, null, null, null, null]",[]
302,PG 14:0_22:0,0.012247866282484934,0.012289254470931823,4.1388188446888144e-05,0.003379216223375668,0.008292925524258568,0.018259984243626008,PE O-20:2_20:4,0.0045811550944459736,0.25088494234567743,"[""PE O-20:2_20:4"", ""PG 16:0_20:0"", ""PE O-18:0_22:5"", ""PE O-20:1_20:4"", ""PC 14:0_20:1""]","[0.0045811550944459736, 0.003899127084600699, 0.0021490471957139557, 0.001815987761015457, 0.0009118308960212318]",PE O-20:2_20:4,"[""PE O-20:2_20:4""]",True,1.5404566511278972e-11,2.445048697294338e-16,-2.3959462679758682e-15,0.5521212862720195,0.5741968009053382,0.11085690989258103,0.0041744529802133145,True,True,global foreground mean NNLS; not mean pixelwise NNLS,"raw postfit residual direction, constrained by NNLS KKT; not absorbed signal fraction",64,"{""n"": 2016, ""median"": 0.74280907330094, ""q25"": 0.6544467716098858, ""q75"": 0.8157669122251417, ""IQR"": 0.1613201406152559, ""minimum"": 0.30159966075596856, ""maximum"": 0.9999987961959793}","[""PE O-20:2_20:4"", ""PE O-20:2_20:4"", ""PE O-20:2_20:4"", ""PE O-20:2_20:4"", ""PE O-20:2_20:4"", ""PE O-20:2_20:4"", ""PE O-20:2_20:4"", ""PG 16:0_20:0"", ""PG 16:0_20:0"", ""PG 16:0_20:0"", ""PG 16:0_20:0"", ""PG 16:0_20:0"", ""PG 16:0_20:0"", ""PG 16:0_20:0"", ""PG 16:0_20:0"", ""PE O-20:2_20:4"", ""PE O-20:2_20:4"", ""PE O-20:2_20:4"", ""PE O-20:2_20:4"", ""PE O-20:2_20:4"", ""PE O-20:2_20:4"", ""PE O-20:2_20:4"", ""PE O-20:2_20:4"", ""PE O-20:2_20:4"", ""PE O-20:2_20:4"", ""PE O-20:2_20:4"", ""PE O-20:2_20:4"", ""PE O-20:2_20:4"", ""PE O-20:2_20:4"", ""PE O-20:2_20:4"", ""PE O-20:2_20:4"", ""PE O-20:2_20:4"", ""PE O-20:2_20:4"", ""PE O-20:2_20:4"", ""PE O-20:2_20:4"", ""PE O-20:2_20:4"", ""PE O-20:2_20:4"", ""PG 16:0_20:0"", ""PG 16:0_20:0"", ""PE O-20:2_20:4"", ""PE O-20:2_20:4"", ""PE O-20:2_20:4"", ""PE O-20:2_20:4"", ""PE O-20:2_20:4"", ""PE O-20:2_20:4"", ""PE O-20:2_20:4"", ""PE O-20:2_20:4"", ""PE O-20:2_20:4"", ""PE O-20:2_20:4"", ""PE O-20:2_20:4"", ""PE O-20:2_20:4"", ""PE O-20:2_20:4"", ""PE O-20:2_20:4"", ""PG 16:0_20:0"", ""PG 16:0_20:0"", ""PG 16:0_20:0"", ""PG 16:0_20:0"", ""PG 16:0_20:0"", ""PG 16:0_20:0"", ""PG 16:0_20:0"", ""PG 16:0_20:0"", ""PE O-20:2_20:4"", ""PE O-20:2_20:4"", ""PE O-20:2_20:4""]","[0, 1, 2, 3, 4, 5, 6, 7, 8, 9, 10, 11, 12, 13, 14, 15, 16, 17, 18, 19, 20, 21, 22, 23, 24, 25, 26, 27, 28, 29, 30, 31, 32, 33, 34, 35, 36, 37, 38, 39, 40, 41, 42, 43, 44, 45, 46, 47, 48, 49, 50, 51, 52, 53, 54, 55, 56, 57, 58, 59, 60, 61, 62, 63]"
303,PG 16:0_20:0,0.012247866282484934,0.012247866282484934,0.0,0.0,0.0,0.0,,0.0,0.0,[],[],,[],False,1.5404566511278972e-11,,,0.0,0.0,0.11067007853293016,3.775376906463036e-17,True,False,global foreground mean NNLS; not mean pixelwise NNLS,"raw postfit residual direction, constrained by NNLS KKT; not absorbed signal fraction",0,"{""n"": 0, ""median"": null, ""q25"": null, ""q75"": null, ""IQR"": null}","[null, null, null, null, null, null, null, null, null, null, null, null, null, null, null, null, null, null, null, null, null, null, null, null, null, null, null, null, null, null, null, null, null, null, null, null, null, null, null, null, null, null, null, null, null, null, null, null, null, null, null, null, null, null, null, null, null, null, null, null, null, null, null, null]",[]
304,PG 18:0_18:0,0.012247866282484934,0.012247866282484934,0.0,0.0,0.0,0.0,,0.0,0.0,[],[],,[],False,1.5404566511278972e-11,,,0.0,0.0,0.11067007853293016,3.775376906463036e-17,True,False,global foreground mean NNLS; not mean pixelwise NNLS,"raw postfit residual direction, constrained by NNLS KKT; not absorbed signal fraction",0,"{""n"": 0, ""median"": null, ""q25"": null, ""q75"": null, ""IQR"": null}","[null, null, null, null, null, null, null, null, null, null, null, null, null, null, null, null, null, null, null, null, null, null, null, null, null, null, null, null, null, null, null, null, null, null, null, null, null, null, null, null, null, null, null, null, null, null, null, null, null, null, null, null, null, null, null, null, null, null, null, null, null, null, null, null]",[]
305,PG 16:1_22:6,0.012247866282484934,0.012282334202613533,3.4467920128598145e-05,0.002814197945243312,0.011945766656723828,0.02427539133281268,PE 16:1_22:6,0.004199680865914061,0.1730015721750452,"[""PE 16:1_22:6"", ""PG 16:1_22:3"", ""PS 20:0_16:1"", ""PE 16:0_22:4"", ""PC O-16:1_16:1""]","[0.004199680865914061, 0.003872982835234192, 0.0017628754504266262, 0.0016689002054094682, 0.0013775729595247189]",PE 16:1_22:6,"[""PE 16:1_22:6""]",True,1.5404566511278972e-11,-7.750541853720814e-16,0.20329941460849044,0.8070050027588989,0.7867681229363294,0.11082569288126978,0.005078903334593862,True,True,global foreground mean NNLS; not mean pixelwise NNLS,"raw postfit residual direction, constrained by NNLS KKT; not absorbed signal fraction",64,"{""n"": 2016, ""median"": 0.7417935906598321, ""q25"": 0.6732104829052583, ""q75"": 0.8163530346498116, ""IQR"": 0.14314255174455326, ""minimum"": 0.3907951638413948, ""maximum"": 0.9999964656271192}","[""PE 16:1_22:6"", ""PE 16:1_22:6"", ""PE 16:1_22:6"", ""PE 16:1_22:6"", ""PE 16:1_22:6"", ""PE 16:1_22:6"", ""PG 16:1_22:3"", ""PG 16:1_22:3"", ""PG 16:1_22:3"", ""PG 16:1_22:3"", ""PG 16:1_22:3"", ""PG 16:1_22:3"", ""PG 16:1_22:3"", ""PG 16:1_22:4"", ""PG 16:1_22:3"", ""PE 16:1_22:6"", ""PE 16:1_22:6"", ""PE 16:1_22:6"", ""PE 16:1_22:6"", ""PE 16:1_22:6"", ""PE 16:1_22:6"", ""PE 16:1_22:6"", ""PE 16:1_22:6"", ""PE 16:1_22:6"", ""PE 16:1_22:6"", ""PE 16:1_22:6"", ""PE 16:1_22:6"", ""PE 16:1_22:6"", ""PE 16:1_22:6"", ""PE 16:1_22:6"", ""PE 16:1_22:6"", ""PE 16:1_22:6"", ""PE 16:1_22:6"", ""PG 16:1_22:3"", ""PG 16:1_22:3"", ""PG 16:1_22:3"", ""PE 16:1_22:6"", ""PG 16:1_22:3"", ""PG 16:1_22:3"", ""PG 16:1_22:3"", ""PG 16:1_22:3"", ""PE 16:1_22:6"", ""PE 16:1_22:6"", ""PE 16:1_22:6"", ""PE 16:1_22:6"", ""PE 16:1_22:6"", ""PE 16:1_22:6"", ""PE 16:1_22:6"", ""PE 16:1_22:6"", ""PE 16:1_22:6"", ""PE 16:1_22:6"", ""PE 16:1_22:6"", ""PE 16:1_22:6"", ""PE 16:1_22:6"", ""PE 16:1_22:6"", ""PE 16:1_22:6"", ""PS 20:0_16:1"", ""PS 20:0_16:1"", ""PS 20:0_16:1"", ""PS 20:0_16:1"", ""PE 16:1_22:6"", ""PE 16:1_22:6"", ""PE 16:1_22:6"", ""PE 16:1_22:6""]","[0, 1, 2, 3, 4, 5, 6, 7, 8, 9, 10, 11, 12, 13, 14, 15, 16, 17, 18, 19, 20, 21, 22, 23, 24, 25, 26, 27, 28, 29, 30, 31, 32, 33, 34, 35, 36, 37, 38, 39, 40, 41, 42, 43, 44, 45, 46, 47, 48, 49, 50, 51, 52, 53, 54, 55, 56, 57, 58, 59, 60, 61, 62, 63]"
306,PG 18:2_20:5,0.012247866282484934,0.012247866282484934,0.0,0.0,0.0,0.0,,0.0,0.0,[],[],,[],False,1.5404566511278972e-11,,,0.0,0.0,0.11067007853293016,3.775376906463036e-17,True,False,global foreground mean NNLS; not mean pixelwise NNLS,"raw postfit residual direction, constrained by NNLS KKT; not absorbed signal fraction",0,"{""n"": 0, ""median"": null, ""q25"": null, ""q75"": null, ""IQR"": null}","[null, null, null, null, null, null, null, null, null, null, null, null, null, null, null, null, null, null, null, null, null, null, null, null, null, null, null, null, null, null, null, null, null, null, null, null, null, null, null, null, null, null, null, null, null, null, null, null, null, null, null, null, null, null, null, null, null, null, null, null, null, null, null, null]",[]
307,PG 18:3_20:4,0.012247866282484934,0.012247866282484934,0.0,0.0,0.0,0.0,,0.0,0.0,[],[],,[],False,1.5404566511278972e-11,,,0.0,0.0,0.11067007853293016,3.775376906463036e-17,True,False,global foreground mean NNLS; not mean pixelwise NNLS,"raw postfit residual direction, constrained by NNLS KKT; not absorbed signal fraction",0,"{""n"": 0, ""median"": null, ""q25"": null, ""q75"": null, ""IQR"": null}","[null, null, null, null, null, null, null, null, null, null, null, null, null, null, null, null, null, null, null, null, null, null, null, null, null, null, null, null, null, null, null, null, null, null, null, null, null, null, null, null, null, null, null, null, null, null, null, null, null, null, null, null, null, null, null, null, null, null, null, null, null, null, null, null]",[]
308,PG 16:0_22:6,0.012247866282484934,0.012319838894410054,7.197261192511996e-05,0.0058763388054103825,0.014807598717369988,0.022604606006537548,PE 16:0_22:6,0.006721449012544182,0.29734864701038816,"[""PE 16:0_22:6"", ""PG 16:1_22:6"", ""PG 16:0_22:5"", ""PG 16:0_22:4"", ""PC 16:0_18:1""]","[0.006721449012544182, 0.002329626456267501, 0.0018390242074982708, 0.0015508396703341892, 0.001451120860291845]",PE 16:0_22:6,"[""PE 16:0_22:6""]",True,1.5404566511278972e-11,1.191701784089623e-15,-4.578783501670801e-15,0.7893292195516676,0.680222221017821,0.11099476967141314,0.008423742303500185,True,True,global foreground mean NNLS; not mean pixelwise NNLS,"raw postfit residual direction, constrained by NNLS KKT; not absorbed signal fraction",64,"{""n"": 2016, ""median"": 0.7225787737932605, ""q25"": 0.652430569377773, ""q75"": 0.8075288022008298, ""IQR"": 0.1550982328230568, ""minimum"": 0.4494411038313203, ""maximum"": 0.9999125855023056}","[""PE 16:0_22:6"", ""PE 16:0_22:6"", ""PE 16:0_22:6"", ""PE 16:0_22:6"", ""PE 16:0_22:6"", ""PE 16:0_22:6"", ""PE 16:0_22:4"", ""PE 16:0_22:4"", ""PE 16:0_22:4"", ""PE 16:0_22:4"", ""PE 16:0_22:4"", ""PE 16:0_22:4"", ""PE 16:0_22:4"", ""PE 16:0_22:6"", ""PE 16:0_22:6"", ""PE 16:0_22:6"", ""PE 16:0_22:6"", ""PE 16:0_22:6"", ""PE 16:0_22:6"", ""PE 16:0_22:6"", ""PE 16:0_22:6"", ""PE 16:0_22:6"", ""PE 16:0_22:6"", ""PE 16:0_22:6"", ""PE 16:0_22:6"", ""PE 16:0_22:6"", ""PE 16:0_22:6"", ""PE 16:0_22:6"", ""PE 16:0_22:6"", ""PE 16:0_22:6"", ""PE 16:0_22:6"", ""PE 16:0_22:6"", ""PE 16:0_22:6"", ""PE 16:0_22:6"", ""PE 16:0_22:6"", ""PE 16:0_22:6"", ""PE 16:0_22:6"", ""PG 16:0_22:4"", ""PE 16:0_22:4"", ""PE 16:0_22:4"", ""PE 16:0_22:6"", ""PE 16:0_22:4"", ""PE 16:0_22:4"", ""PE 16:0_22:4"", ""PE 16:0_22:6"", ""PE 16:0_22:6"", ""PE 16:0_22:6"", ""PE 16:0_22:6"", ""PE 16:0_22:6"", ""PE 16:0_22:6"", ""PE 16:0_22:6"", ""PE 16:0_22:6"", ""PE 16:0_22:6"", ""PE 16:0_22:6"", ""PE 16:0_22:4"", ""PE 16:0_22:4"", ""PE 16:0_22:4"", ""PE 16:0_22:4"", ""PE 16:0_22:4"", ""PE 16:0_22:4"", ""PE 16:0_22:6"", ""PE 16:0_22:6"", ""PE 16:0_22:6"", ""PE 16:0_22:6""]","[0, 1, 2, 3, 4, 5, 6, 7, 8, 9, 10, 11, 12, 13, 14, 15, 16, 17, 18, 19, 20, 21, 22, 23, 24, 25, 26, 27, 28, 29, 30, 31, 32, 33, 34, 35, 36, 37, 38, 39, 40, 41, 42, 43, 44, 45, 46, 47, 48, 49, 50, 51, 52, 53, 54, 55, 56, 57, 58, 59, 60, 61, 62, 63]"
309,PG 16:1_22:5,0.012247866282484934,0.012247866282484934,0.0,0.0,0.0,0.0,,0.0,0.0,[],[],,[],False,1.5404566511278972e-11,,,0.0,0.0,0.11067007853293016,3.775376906463036e-17,True,False,global foreground mean NNLS; not mean pixelwise NNLS,"raw postfit residual direction, constrained by NNLS KKT; not absorbed signal fraction",0,"{""n"": 0, ""median"": null, ""q25"": null, ""q75"": null, ""IQR"": null}","[null, null, null, null, null, null, null, null, null, null, null, null, null, null, null, null, null, null, null, null, null, null, null, null, null, null, null, null, null, null, null, null, null, null, null, null, null, null, null, null, null, null, null, null, null, null, null, null, null, null, null, null, null, null, null, null, null, null, null, null, null, null, null, null]",[]
310,PG 18:1_20:5,0.012247866282484934,0.012247866282484934,0.0,0.0,0.0,0.0,,0.0,0.0,[],[],,[],False,1.5404566511278972e-11,,,0.0,0.0,0.11067007853293016,3.775376906463036e-17,True,False,global foreground mean NNLS; not mean pixelwise NNLS,"raw postfit residual direction, constrained by NNLS KKT; not absorbed signal fraction",0,"{""n"": 0, ""median"": null, ""q25"": null, ""q75"": null, ""IQR"": null}","[null, null, null, null, null, null, null, null, null, null, null, null, null, null, null, null, null, null, null, null, null, null, null, null, null, null, null, null, null, null, null, null, null, null, null, null, null, null, null, null, null, null, null, null, null, null, null, null, null, null, null, null, null, null, null, null, null, null, null, null, null, null, null, null]",[]
311,PG 18:2_20:4,0.012247866282484934,0.012247866282484934,0.0,0.0,0.0,0.0,,0.0,0.0,[],[],,[],False,1.5404566511278972e-11,,,0.0,0.0,0.11067007853293016,3.775376906463036e-17,True,False,global foreground mean NNLS; not mean pixelwise NNLS,"raw postfit residual direction, constrained by NNLS KKT; not absorbed signal fraction",0,"{""n"": 0, ""median"": null, ""q25"": null, ""q75"": null, ""IQR"": null}","[null, null, null, null, null, null, null, null, null, null, null, null, null, null, null, null, null, null, null, null, null, null, null, null, null, null, null, null, null, null, null, null, null, null, null, null, null, null, null, null, null, null, null, null, null, null, null, null, null, null, null, null, null, null, null, null, null, null, null, null, null, null, null, null]",[]
312,PG 16:0_22:5,0.012247866282484934,0.012247866282484934,0.0,0.0,0.0,0.0,,0.0,0.0,[],[],,[],False,1.5404566511278972e-11,,,0.0,0.0,0.11067007853293016,3.775376906463036e-17,True,False,global foreground mean NNLS; not mean pixelwise NNLS,"raw postfit residual direction, constrained by NNLS KKT; not absorbed signal fraction",0,"{""n"": 0, ""median"": null, ""q25"": null, ""q75"": null, ""IQR"": null}","[null, null, null, null, null, null, null, null, null, null, null, null, null, null, null, null, null, null, null, null, null, null, null, null, null, null, null, null, null, null, null, null, null, null, null, null, null, null, null, null, null, null, null, null, null, null, null, null, null, null, null, null, null, null, null, null, null, null, null, null, null, null, null, null]",[]
313,PG 16:1_22:4,0.012247866282484934,0.012247960008027766,9.372554283203216e-08,7.65239762279345e-06,0.0005206474715803618,0.00134386362708465,PE 16:0_22:4,0.0004641767471539049,0.3454046507795405,"[""PE 16:0_22:4"", ""PG 18:1_20:4"", ""PG 16:1_22:3"", ""PG 16:1_22:6"", ""PC 14:0_20:1""]","[0.0004641767471539049, 0.0003081490637031715, 0.00015533443261201026, 0.00011251508319930041, 7.176256250860692e-05]",PE 16:0_22:4,"[""PE 16:0_22:4""]",True,1.5404566511278972e-11,-2.351200335625705e-17,1.2019308649333044e-13,0.7333963921009046,0.8867951716683419,0.11067050197784306,0.0001906708943861838,True,True,global foreground mean NNLS; not mean pixelwise NNLS,"raw postfit residual direction, constrained by NNLS KKT; not absorbed signal fraction",19,"{""n"": 171, ""median"": 0.5984038252168555, ""q25"": 0.5104691457452213, ""q75"": 0.7715739451916548, ""IQR"": 0.2611047994464335, ""minimum"": 0.35817024870587966, ""maximum"": 0.9999986431073926}","[null, null, null, ""PG 18:1_20:4"", null, null, null, null, null, null, null, null, null, null, ""PG 18:1_20:4"", ""PG 18:1_20:4"", ""PG 18:1_20:4"", ""PG 18:1_20:4"", ""PE 16:0_22:4"", ""PE 16:0_22:4"", ""PG 16:0_22:5"", ""PG 16:0_22:5"", ""PG 16:0_22:5"", ""PE 16:0_22:4"", ""PE 16:0_22:4"", null, null, null, ""PG 18:1_20:4"", null, null, null, null, null, null, null, null, ""PG 18:1_20:4"", null, null, null, ""PG 18:1_20:4"", ""PG 18:1_20:4"", ""PG 18:1_20:4"", ""PE 16:0_22:4"", ""PE 16:0_22:4"", null, null, null, null, null, null, null, null, null, null, null, null, null, null, null, null, null, null]","[3, 14, 15, 16, 17, 18, 19, 20, 21, 22, 23, 24, 28, 37, 41, 42, 43, 44, 45]"
314,PG 18:0_20:5,0.012247866282484934,0.012247866282484934,0.0,0.0,0.0,0.0,,0.0,0.0,[],[],,[],False,1.5404566511278972e-11,,,0.0,0.0,0.11067007853293016,3.775376906463036e-17,True,False,global foreground mean NNLS; not mean pixelwise NNLS,"raw postfit residual direction, constrained by NNLS KKT; not absorbed signal fraction",0,"{""n"": 0, ""median"": null, ""q25"": null, ""q75"": null, ""IQR"": null}","[null, null, null, null, null, null, null, null, null, null, null, null, null, null, null, null, null, null, null, null, null, null, null, null, null, null, null, null, null, null, null, null, null, null, null, null, null, null, null, null, null, null, null, null, null, null, null, null, null, null, null, null, null, null, null, null, null, null, null, null, null, null, null, null]",[]
315,PG 18:1_20:4,0.012247866282484934,0.012247866282484934,0.0,0.0,0.0,0.0,,0.0,0.0,[],[],,[],False,1.5404566511278972e-11,,,0.0,0.0,0.11067007853293016,3.775376906463036e-17,True,False,global foreground mean NNLS; not mean pixelwise NNLS,"raw postfit residual direction, constrained by NNLS KKT; not absorbed signal fraction",30,"{""n"": 435, ""median"": 0.8547421152358143, ""q25"": 0.7716200159525468, ""q75"": 0.9023753852945464, ""IQR"": 0.1307553693419996, ""minimum"": 0.5054015586888169, ""maximum"": 0.9999976485711148}","[""PG 16:1_22:4"", ""PG 14:0_22:4"", ""PG 16:1_22:4"", null, ""PG 16:1_22:4"", ""PG 16:1_22:4"", ""PG 16:1_22:4"", ""PG 16:1_22:4"", ""PG 16:1_22:4"", ""PG 16:1_22:4"", ""PG 16:1_22:4"", ""PG 16:1_22:4"", ""PG 16:1_22:4"", ""PG 16:1_22:4"", null, null, null, null, null, null, null, null, null, null, null, ""PG 16:1_22:4"", ""PG 16:1_22:4"", ""PG 16:1_22:4"", ""PG 16:1_22:4"", ""PG 16:1_22:4"", ""PG 16:1_22:4"", ""PG 16:1_22:4"", ""PG 16:1_22:4"", ""PG 16:1_22:4"", ""PG 16:1_22:4"", ""PG 16:1_22:4"", ""PG 16:1_22:4"", ""PG 16:1_22:4"", ""PG 16:1_22:4"", ""PG 16:1_22:4"", ""PG 16:1_22:4"", null, null, ""PG 16:1_22:4"", null, null, null, null, null, null, null, null, null, null, null, null, null, null, null, null, null, null, null, null]","[0, 1, 2, 4, 5, 6, 7, 8, 9, 10, 11, 12, 13, 25, 26, 27, 28, 29, 30, 31, 32, 33, 34, 35, 36, 37, 38, 39, 40, 43]"
316,PG 18:2_20:3,0.012247866282484934,0.012247866282484934,0.0,0.0,0.0,0.0,,0.0,0.0,[],[],,[],False,1.5404566511278972e-11,,,0.0,0.0,0.11067007853293016,3.775376906463036e-17,True,False,global foreground mean NNLS; not mean pixelwise NNLS,"raw postfit residual direction, constrained by NNLS KKT; not absorbed signal fraction",0,"{""n"": 0, ""median"": null, ""q25"": null, ""q75"": null, ""IQR"": null}","[null, null, null, null, null, null, null, null, null, null, null, null, null, null, null, null, null, null, null, null, null, null, null, null, null, null, null, null, null, null, null, null, null, null, null, null, null, null, null, null, null, null, null, null, null, null, null, null, null, null, null, null, null, null, null, null, null, null, null, null, null, null, null, null]",[]
317,PG 20:2_18:3,0.012247866282484934,0.012247866282484934,0.0,0.0,0.0,0.0,,0.0,0.0,[],[],,[],False,1.5404566511278972e-11,,,0.0,0.0,0.11067007853293016,3.775376906463036e-17,True,False,global foreground mean NNLS; not mean pixelwise NNLS,"raw postfit residual direction, constrained by NNLS KKT; not absorbed signal fraction",0,"{""n"": 0, ""median"": null, ""q25"": null, ""q75"": null, ""IQR"": null}","[null, null, null, null, null, null, null, null, null, null, null, null, null, null, null, null, null, null, null, null, null, null, null, null, null, null, null, null, null, null, null, null, null, null, null, null, null, null, null, null, null, null, null, null, null, null, null, null, null, null, null, null, null, null, null, null, null, null, null, null, null, null, null, null]",[]
318,PG 14:0_24:4,0.012247866282484934,0.012247866282484934,0.0,0.0,0.0,0.0,,0.0,0.0,[],[],,[],False,1.5404566511278972e-11,,,0.0,0.0,0.11067007853293016,3.775376906463036e-17,True,False,global foreground mean NNLS; not mean pixelwise NNLS,"raw postfit residual direction, constrained by NNLS KKT; not absorbed signal fraction",0,"{""n"": 0, ""median"": null, ""q25"": null, ""q75"": null, ""IQR"": null}","[null, null, null, null, null, null, null, null, null, null, null, null, null, null, null, null, null, null, null, null, null, null, null, null, null, null, null, null, null, null, null, null, null, null, null, null, null, null, null, null, null, null, null, null, null, null, null, null, null, null, null, null, null, null, null, null, null, null, null, null, null, null, null, null]",[]
319,PG 16:0_22:4,0.012247866282484934,0.012269122180517383,2.125589803244829e-05,0.0017354776367137364,0.016634855036841912,0.030696190711315057,PG 16:1_22:3,0.010270347237095663,0.33458051304637243,"[""PG 16:1_22:3"", ""PE 16:0_22:4"", ""PG 14:0_24:4"", ""PG 16:1_20:2"", ""PE O-18:2_22:6""]","[0.010270347237095663, 0.009555147363147595, 0.0034278528793404987, 0.0010836492820966688, 0.0007832955256545197]",PG 16:1_22:3,"[""PG 16:1_22:3""]",True,1.5404566511278972e-11,-5.872929369784249e-17,-6.045483569724595e-16,0.93000101713822,0.9344115594602334,0.11076606962656654,0.00394549873695583,True,True,global foreground mean NNLS; not mean pixelwise NNLS,"raw postfit residual direction, constrained by NNLS KKT; not absorbed signal fraction",64,"{""n"": 2016, ""median"": 0.6936118192523377, ""q25"": 0.6198727500464158, ""q75"": 0.7793816639513204, ""IQR"": 0.15950891390490451, ""minimum"": 0.37553637981146265, ""maximum"": 0.9999981858028183}","[""PE 16:0_22:4"", ""PE 16:0_22:4"", ""PE 16:0_22:4"", ""PE 16:0_22:4"", ""PE 16:0_22:4"", ""PE 16:0_22:4"", ""PG 16:1_22:3"", ""PG 16:1_22:3"", ""PG 16:1_22:3"", ""PG 16:1_22:3"", ""PG 16:1_22:3"", ""PG 16:1_22:3"", ""PG 16:1_22:3"", ""PG 16:1_22:3"", ""PG 16:1_22:3"", ""PE 16:0_22:4"", ""PE 16:0_22:4"", ""PE 16:0_22:4"", ""PE 16:0_22:4"", ""PE 16:0_22:4"", ""PE 16:0_22:4"", ""PE 16:0_22:4"", ""PE 16:0_22:4"", ""PE 16:0_22:4"", ""PE 16:0_22:4"", ""PE 16:0_22:4"", ""PE 16:0_22:4"", ""PE 16:0_22:4"", ""PE 16:0_22:4"", ""PE 16:0_22:4"", ""PE 16:0_22:4"", ""PE 16:0_22:4"", ""PE 16:0_22:4"", ""PE 16:0_22:4"", ""PE 16:0_22:4"", ""PE 16:0_22:4"", ""PE 16:0_22:4"", ""PG 16:1_22:3"", ""PG 16:1_22:3"", ""PG 16:1_22:3"", ""PG 16:1_22:3"", ""PG 16:1_22:3"", ""PG 16:1_22:3"", ""PG 16:1_22:3"", ""PG 16:1_22:3"", ""PG 16:1_22:3"", ""PG 16:1_22:3"", ""PE 16:0_22:4"", ""PE 16:0_22:4"", ""PE 16:0_22:4"", ""PG 16:1_22:3"", ""PG 16:1_22:3"", ""PG 16:1_22:3"", ""PG 16:1_22:3"", ""PG 16:1_22:3"", ""PG 16:1_22:3"", ""PG 16:1_22:3"", ""PG 16:1_22:3"", ""PG 16:1_22:3"", ""PG 16:1_22:3"", ""PG 16:1_22:3"", ""PG 16:1_22:3"", ""PE 16:0_22:4"", ""PE 16:0_22:4""]","[0, 1, 2, 3, 4, 5, 6, 7, 8, 9, 10, 11, 12, 13, 14, 15, 16, 17, 18, 19, 20, 21, 22, 23, 24, 25, 26, 27, 28, 29, 30, 31, 32, 33, 34, 35, 36, 37, 38, 39, 40, 41, 42, 43, 44, 45, 46, 47, 48, 49, 50, 51, 52, 53, 54, 55, 56, 57, 58, 59, 60, 61, 62, 63]"
320,PG 16:1_22:3,0.012247866282484934,0.012247911243097062,4.4960612127428745e-08,3.6708934508906086e-06,0.001421405176586994,0.0029453094376648134,PG 16:0_22:4,0.0015673162600220725,0.5321397607487308,"[""PG 16:0_22:4"", ""PE O-16:0_22:3"", ""PG 16:1_22:6"", ""PE 16:0_22:6"", ""PS 20:0_16:1""]","[0.0015673162600220725, 0.0005252464697321373, 0.0002703438601263618, 0.0001305672929035502, 6.163985628863076e-05]",PG 16:0_22:4,"[""PG 16:0_22:4""]",True,1.5404566511278972e-11,-3.1741267719521296e-16,-5.744378920194717e-14,0.8051596177817069,0.9853223144570974,0.11067028166177703,0.00021203917591947736,True,True,global foreground mean NNLS; not mean pixelwise NNLS,"raw postfit residual direction, constrained by NNLS KKT; not absorbed signal fraction",31,"{""n"": 465, ""median"": 0.8106200654936186, ""q25"": 0.7285397686472341, ""q75"": 0.8715693888621054, ""IQR"": 0.1430296202148713, ""minimum"": 0.5157497588765099, ""maximum"": 0.9999979018066493}","[null, ""PG 16:0_22:4"", ""PG 16:0_22:4"", ""PG 16:0_22:4"", ""PG 16:0_22:4"", ""PG 16:0_22:4"", null, null, null, null, null, null, null, ""PG 16:0_22:4"", ""PG 16:0_22:4"", ""PG 16:0_22:4"", ""PG 16:0_22:4"", ""PG 16:0_22:4"", ""PG 16:0_22:4"", ""PG 16:0_22:4"", ""PG 16:0_22:4"", ""PG 16:0_22:4"", ""PG 16:0_22:4"", ""PG 16:0_22:4"", ""PG 16:0_22:4"", ""PG 16:0_22:4"", ""PG 16:0_22:4"", ""PG 16:0_22:4"", ""PG 16:0_22:4"", ""PG 16:0_22:4"", ""PG 16:0_22:4"", ""PG 16:0_22:4"", ""PG 16:0_22:4"", ""PG 16:0_22:4"", ""PG 16:0_22:4"", ""PG 16:0_22:4"", ""PG 16:0_22:4"", ""PG 16:0_22:4"", null, null, null, null, null, null, null, null, null, ""PG 16:0_22:4"", null, null, null, null, null, null, null, null, null, null, null, null, null, null, null, null]","[1, 2, 3, 4, 5, 13, 14, 15, 16, 17, 18, 19, 20, 21, 22, 23, 24, 25, 26, 27, 28, 29, 30, 31, 32, 33, 34, 35, 36, 37, 47]"
321,PG 18:0_20:4,0.012247866282484934,0.012247866282484934,0.0,0.0,0.0,0.0,,0.0,0.0,[],[],,[],False,1.5404566511278972e-11,,,0.0,0.0,0.11067007853293016,3.775376906463036e-17,True,False,global foreground mean NNLS; not mean pixelwise NNLS,"raw postfit residual direction, constrained by NNLS KKT; not absorbed signal fraction",0,"{""n"": 0, ""median"": null, ""q25"": null, ""q75"": null, ""IQR"": null}","[null, null, null, null, null, null, null, null, null, null, null, null, null, null, null, null, null, null, null, null, null, null, null, null, null, null, null, null, null, null, null, null, null, null, null, null, null, null, null, null, null, null, null, null, null, null, null, null, null, null, null, null, null, null, null, null, null, null, null, null, null, null, null, null]",[]
322,PG 18:1_20:3,0.012247866282484934,0.012247866282484934,0.0,0.0,0.0,0.0,,0.0,0.0,[],[],,[],False,1.5404566511278972e-11,,,0.0,0.0,0.11067007853293016,3.775376906463036e-17,True,False,global foreground mean NNLS; not mean pixelwise NNLS,"raw postfit residual direction, constrained by NNLS KKT; not absorbed signal fraction",0,"{""n"": 0, ""median"": null, ""q25"": null, ""q75"": null, ""IQR"": null}","[null, null, null, null, null, null, null, null, null, null, null, null, null, null, null, null, null, null, null, null, null, null, null, null, null, null, null, null, null, null, null, null, null, null, null, null, null, null, null, null, null, null, null, null, null, null, null, null, null, null, null, null, null, null, null, null, null, null, null, null, null, null, null, null]",[]
323,PG 18:2_20:2,0.012247866282484934,0.012247866282484934,0.0,0.0,0.0,0.0,,0.0,0.0,[],[],,[],False,1.5404566511278972e-11,,,0.0,0.0,0.11067007853293016,3.775376906463036e-17,True,False,global foreground mean NNLS; not mean pixelwise NNLS,"raw postfit residual direction, constrained by NNLS KKT; not absorbed signal fraction",0,"{""n"": 0, ""median"": null, ""q25"": null, ""q75"": null, ""IQR"": null}","[null, null, null, null, null, null, null, null, null, null, null, null, null, null, null, null, null, null, null, null, null, null, null, null, null, null, null, null, null, null, null, null, null, null, null, null, null, null, null, null, null, null, null, null, null, null, null, null, null, null, null, null, null, null, null, null, null, null, null, null, null, null, null, null]",[]
324,PG 20:1_18:3,0.012247866282484934,0.012247866282484934,0.0,0.0,0.0,0.0,,0.0,0.0,[],[],,[],False,1.5404566511278972e-11,,,0.0,0.0,0.11067007853293016,3.775376906463036e-17,True,False,global foreground mean NNLS; not mean pixelwise NNLS,"raw postfit residual direction, constrained by NNLS KKT; not absorbed signal fraction",0,"{""n"": 0, ""median"": null, ""q25"": null, ""q75"": null, ""IQR"": null}","[null, null, null, null, null, null, null, null, null, null, null, null, null, null, null, null, null, null, null, null, null, null, null, null, null, null, null, null, null, null, null, null, null, null, null, null, null, null, null, null, null, null, null, null, null, null, null, null, null, null, null, null, null, null, null, null, null, null, null, null, null, null, null, null]",[]
325,PG 17:0_18:0,0.012247866282484934,0.012247866282484934,0.0,0.0,0.0,0.0,,0.0,0.0,[],[],,[],False,1.5404566511278972e-11,,,0.0,0.0,0.11067007853293016,3.775376906463036e-17,True,False,global foreground mean NNLS; not mean pixelwise NNLS,"raw postfit residual direction, constrained by NNLS KKT; not absorbed signal fraction",0,"{""n"": 0, ""median"": null, ""q25"": null, ""q75"": null, ""IQR"": null}","[null, null, null, null, null, null, null, null, null, null, null, null, null, null, null, null, null, null, null, null, null, null, null, null, null, null, null, null, null, null, null, null, null, null, null, null, null, null, null, null, null, null, null, null, null, null, null, null, null, null, null, null, null, null, null, null, null, null, null, null, null, null, null, null]",[]
326,PG 17:0_18:1,0.012247866282484934,0.012247866282484934,0.0,0.0,0.0,0.0,,0.0,0.0,[],[],,[],False,1.5404566511278972e-11,,,0.0,0.0,0.11067007853293016,3.775376906463036e-17,True,False,global foreground mean NNLS; not mean pixelwise NNLS,"raw postfit residual direction, constrained by NNLS KKT; not absorbed signal fraction",0,"{""n"": 0, ""median"": null, ""q25"": null, ""q75"": null, ""IQR"": null}","[null, null, null, null, null, null, null, null, null, null, null, null, null, null, null, null, null, null, null, null, null, null, null, null, null, null, null, null, null, null, null, null, null, null, null, null, null, null, null, null, null, null, null, null, null, null, null, null, null, null, null, null, null, null, null, null, null, null, null, null, null, null, null, null]",[]
327,PG 17:0_18:2,0.012247866282484934,0.012247866282484934,0.0,0.0,0.0,0.0,,0.0,0.0,[],[],,[],False,1.5404566511278972e-11,,,0.0,0.0,0.11067007853293016,3.775376906463036e-17,True,False,global foreground mean NNLS; not mean pixelwise NNLS,"raw postfit residual direction, constrained by NNLS KKT; not absorbed signal fraction",0,"{""n"": 0, ""median"": null, ""q25"": null, ""q75"": null, ""IQR"": null}","[null, null, null, null, null, null, null, null, null, null, null, null, null, null, null, null, null, null, null, null, null, null, null, null, null, null, null, null, null, null, null, null, null, null, null, null, null, null, null, null, null, null, null, null, null, null, null, null, null, null, null, null, null, null, null, null, null, null, null, null, null, null, null, null]",[]
328,PG 17:0_20:0,0.012247866282484934,0.012247866282484934,0.0,0.0,0.0,0.0,,0.0,0.0,[],[],,[],False,1.5404566511278972e-11,,,0.0,0.0,0.11067007853293016,3.775376906463036e-17,True,False,global foreground mean NNLS; not mean pixelwise NNLS,"raw postfit residual direction, constrained by NNLS KKT; not absorbed signal fraction",0,"{""n"": 0, ""median"": null, ""q25"": null, ""q75"": null, ""IQR"": null}","[null, null, null, null, null, null, null, null, null, null, null, null, null, null, null, null, null, null, null, null, null, null, null, null, null, null, null, null, null, null, null, null, null, null, null, null, null, null, null, null, null, null, null, null, null, null, null, null, null, null, null, null, null, null, null, null, null, null, null, null, null, null, null, null]",[]
329,PG 17:0_20:1,0.012247866282484934,0.012250686308411037,2.820025926102143e-06,0.00023024630256656835,0.0019391605664338502,0.0030913644511454614,PS 14:0_22:1,0.0007376108445180732,0.23860365089148847,"[""PS 14:0_22:1"", ""PS 14:0_22:0"", ""PE O-18:1_20:1"", ""PE 20:1_20:4"", ""PS 16:1_20:1""]","[0.0007376108445180732, 0.0004756121903372315, 0.00045470641531652307, 0.0003432982081475926, 0.00031431297721690003]",PS 14:0_22:1,"[""PS 14:0_22:1""]",True,1.5404566511278972e-11,-2.3215519661254803e-16,-5.584699759352725e-15,0.41937054221826947,0.2795735976679851,0.110682818487835,0.0016792932817398009,True,True,global foreground mean NNLS; not mean pixelwise NNLS,"raw postfit residual direction, constrained by NNLS KKT; not absorbed signal fraction",62,"{""n"": 1891, ""median"": 0.7347683558663612, ""q25"": 0.6421399351829964, ""q75"": 0.8108549826367808, ""IQR"": 0.1687150474537844, ""minimum"": 0.38640741570351117, ""maximum"": 1.0000000000000002}","[""PG 16:1_20:1"", ""PG 16:1_20:3"", ""PG 16:1_20:3"", ""PS 14:0_22:1"", ""PE 20:1_20:4"", ""PS 14:0_22:1"", ""PS 14:0_22:1"", ""PS 14:0_22:1"", ""PS 14:0_22:1"", ""PS 14:0_22:1"", ""PS 14:0_22:1"", ""PS 14:0_22:1"", ""PS 14:0_22:1"", ""PS 14:0_22:1"", ""PS 14:0_22:1"", ""PE 20:1_20:4"", ""PE 20:1_20:4"", ""PE 20:1_20:4"", ""PS 14:0_22:1"", ""PS 14:0_22:1"", ""PG 16:1_20:1"", null, null, ""PS 14:0_22:1"", ""PS 14:0_22:1"", ""PE 20:1_20:4"", ""PE 20:1_20:4"", ""PS 14:0_22:1"", ""PS 14:0_22:1"", ""PE 20:1_20:4"", ""PE 20:1_20:4"", ""PE 20:1_20:4"", ""PE 20:1_20:4"", ""PE 20:1_20:4"", ""PS 14:0_22:1"", ""PS 14:0_22:1"", ""PS 14:0_22:1"", ""PS 14:0_22:1"", ""PS 14:0_22:1"", ""PS 14:0_22:1"", ""PS 14:0_22:1"", ""PS 14:0_22:1"", ""PS 14:0_22:1"", ""PS 14:0_22:1"", ""PS 14:0_22:1"", ""PS 14:0_22:1"", ""PS 14:0_22:1"", ""PG 16:1_20:1"", ""PS 14:0_22:1"", ""PG 16:1_20:1"", ""PS 14:0_22:1"", ""PS 14:0_22:1"", ""PG 16:1_20:1"", ""PS 14:0_22:1"", ""PS 14:0_22:1"", ""PS 14:0_22:1"", ""PS 14:0_22:1"", ""PS 14:0_22:1"", ""PS 14:0_22:1"", ""PS 14:0_22:1"", ""PS 14:0_22:1"", ""PG 16:1_20:1"", ""PS 14:0_22:1"", ""PS 14:0_22:1""]","[0, 1, 2, 3, 4, 5, 6, 7, 8, 9, 10, 11, 12, 13, 14, 15, 16, 17, 18, 19, 20, 23, 24, 25, 26, 27, 28, 29, 30, 31, 32, 33, 34, 35, 36, 37, 38, 39, 40, 41, 42, 43, 44, 45, 46, 47, 48, 49, 50, 51, 52, 53, 54, 55, 56, 57, 58, 59, 60, 61, 62, 63]"
330,PG 17:0_20:2,0.012247866282484934,0.012247866282484934,0.0,0.0,0.0,0.0,,0.0,0.0,[],[],,[],False,1.5404566511278972e-11,,,0.0,0.0,0.11067007853293016,3.775376906463036e-17,True,False,global foreground mean NNLS; not mean pixelwise NNLS,"raw postfit residual direction, constrained by NNLS KKT; not absorbed signal fraction",0,"{""n"": 0, ""median"": null, ""q25"": null, ""q75"": null, ""IQR"": null}","[null, null, null, null, null, null, null, null, null, null, null, null, null, null, null, null, null, null, null, null, null, null, null, null, null, null, null, null, null, null, null, null, null, null, null, null, null, null, null, null, null, null, null, null, null, null, null, null, null, null, null, null, null, null, null, null, null, null, null, null, null, null, null, null]",[]
331,PG 17:0_20:3,0.012247866282484934,0.012247866282484934,0.0,0.0,0.0,0.0,,0.0,0.0,[],[],,[],False,1.5404566511278972e-11,,,0.0,0.0,0.11067007853293016,3.775376906463036e-17,True,False,global foreground mean NNLS; not mean pixelwise NNLS,"raw postfit residual direction, constrained by NNLS KKT; not absorbed signal fraction",5,"{""n"": 10, ""median"": 0.789119247717395, ""q25"": 0.7562437619145598, ""q75"": 0.835487393172555, ""IQR"": 0.07924363125799527, ""minimum"": 0.6741065485069351, ""maximum"": 0.9831671495969151}","[null, null, null, null, null, null, null, null, null, null, null, null, null, null, null, null, null, null, null, null, null, null, null, null, null, null, null, null, null, null, null, null, null, null, null, null, null, null, null, null, null, null, null, null, null, null, null, null, null, null, null, null, null, null, null, ""PS 14:0_22:2"", ""PS 14:0_22:2"", ""PS 14:0_22:2"", ""PS 14:0_22:2"", ""PS 14:0_22:2"", null, null, null, null]","[55, 56, 57, 58, 59]"
332,PG 17:0_20:4,0.012247866282484934,0.012247866282484934,0.0,0.0,0.0,0.0,,0.0,0.0,[],[],,[],False,1.5404566511278972e-11,,,0.0,0.0,0.11067007853293016,3.775376906463036e-17,True,False,global foreground mean NNLS; not mean pixelwise NNLS,"raw postfit residual direction, constrained by NNLS KKT; not absorbed signal fraction",0,"{""n"": 0, ""median"": null, ""q25"": null, ""q75"": null, ""IQR"": null}","[null, null, null, null, null, null, null, null, null, null, null, null, null, null, null, null, null, null, null, null, null, null, null, null, null, null, null, null, null, null, null, null, null, null, null, null, null, null, null, null, null, null, null, null, null, null, null, null, null, null, null, null, null, null, null, null, null, null, null, null, null, null, null, null]",[]
333,PG 17:0_20:5,0.012247866282484934,0.012247866282484934,0.0,0.0,0.0,0.0,,0.0,0.0,[],[],,[],False,1.5404566511278972e-11,,,0.0,0.0,0.11067007853293016,3.775376906463036e-17,True,False,global foreground mean NNLS; not mean pixelwise NNLS,"raw postfit residual direction, constrained by NNLS KKT; not absorbed signal fraction",0,"{""n"": 0, ""median"": null, ""q25"": null, ""q75"": null, ""IQR"": null}","[null, null, null, null, null, null, null, null, null, null, null, null, null, null, null, null, null, null, null, null, null, null, null, null, null, null, null, null, null, null, null, null, null, null, null, null, null, null, null, null, null, null, null, null, null, null, null, null, null, null, null, null, null, null, null, null, null, null, null, null, null, null, null, null]",[]
334,PG 18:0_17:1,0.012247866282484934,0.012247866282484934,0.0,0.0,0.0,0.0,,0.0,0.0,[],[],,[],False,1.5404566511278972e-11,,,0.0,0.0,0.11067007853293016,3.775376906463036e-17,True,False,global foreground mean NNLS; not mean pixelwise NNLS,"raw postfit residual direction, constrained by NNLS KKT; not absorbed signal fraction",0,"{""n"": 0, ""median"": null, ""q25"": null, ""q75"": null, ""IQR"": null}","[null, null, null, null, null, null, null, null, null, null, null, null, null, null, null, null, null, null, null, null, null, null, null, null, null, null, null, null, null, null, null, null, null, null, null, null, null, null, null, null, null, null, null, null, null, null, null, null, null, null, null, null, null, null, null, null, null, null, null, null, null, null, null, null]",[]
335,PG 17:1_18:1,0.012247866282484934,0.012247866282484934,0.0,0.0,0.0,0.0,,0.0,0.0,[],[],,[],False,1.5404566511278972e-11,,,0.0,0.0,0.11067007853293016,3.775376906463036e-17,True,False,global foreground mean NNLS; not mean pixelwise NNLS,"raw postfit residual direction, constrained by NNLS KKT; not absorbed signal fraction",0,"{""n"": 0, ""median"": null, ""q25"": null, ""q75"": null, ""IQR"": null}","[null, null, null, null, null, null, null, null, null, null, null, null, null, null, null, null, null, null, null, null, null, null, null, null, null, null, null, null, null, null, null, null, null, null, null, null, null, null, null, null, null, null, null, null, null, null, null, null, null, null, null, null, null, null, null, null, null, null, null, null, null, null, null, null]",[]
336,PG 17:1_18:2,0.012247866282484934,0.012247866282484934,0.0,0.0,0.0,0.0,,0.0,0.0,[],[],,[],False,1.5404566511278972e-11,,,0.0,0.0,0.11067007853293016,3.775376906463036e-17,True,False,global foreground mean NNLS; not mean pixelwise NNLS,"raw postfit residual direction, constrained by NNLS KKT; not absorbed signal fraction",0,"{""n"": 0, ""median"": null, ""q25"": null, ""q75"": null, ""IQR"": null}","[null, null, null, null, null, null, null, null, null, null, null, null, null, null, null, null, null, null, null, null, null, null, null, null, null, null, null, null, null, null, null, null, null, null, null, null, null, null, null, null, null, null, null, null, null, null, null, null, null, null, null, null, null, null, null, null, null, null, null, null, null, null, null, null]",[]
337,PG 20:0_17:1,0.012247866282484934,0.012247866282484934,0.0,0.0,0.0,0.0,,0.0,0.0,[],[],,[],False,1.5404566511278972e-11,,,0.0,0.0,0.11067007853293016,3.775376906463036e-17,True,False,global foreground mean NNLS; not mean pixelwise NNLS,"raw postfit residual direction, constrained by NNLS KKT; not absorbed signal fraction",0,"{""n"": 0, ""median"": null, ""q25"": null, ""q75"": null, ""IQR"": null}","[null, null, null, null, null, null, null, null, null, null, null, null, null, null, null, null, null, null, null, null, null, null, null, null, null, null, null, null, null, null, null, null, null, null, null, null, null, null, null, null, null, null, null, null, null, null, null, null, null, null, null, null, null, null, null, null, null, null, null, null, null, null, null, null]",[]
338,PG 17:1_20:1,0.012247866282484934,0.012247866282484934,0.0,0.0,0.0,0.0,,0.0,0.0,[],[],,[],False,1.5404566511278972e-11,,,0.0,0.0,0.11067007853293016,3.775376906463036e-17,True,False,global foreground mean NNLS; not mean pixelwise NNLS,"raw postfit residual direction, constrained by NNLS KKT; not absorbed signal fraction",12,"{""n"": 66, ""median"": 0.8005431971701007, ""q25"": 0.6925351905607637, ""q75"": 0.8636930049230864, ""IQR"": 0.1711578143623227, ""minimum"": 0.5382007870265342, ""maximum"": 0.9650629634958026}","[null, null, null, null, ""PS 14:0_22:1"", ""PS 14:0_22:1"", ""PS 14:0_22:1"", ""PS 14:0_22:1"", ""PS 14:0_22:1"", ""PS 14:0_22:1"", ""PS 14:0_22:1"", ""PS 14:0_22:1"", ""PS 14:0_22:1"", ""PS 14:0_22:1"", ""PS 14:0_22:1"", ""PS 14:0_22:1"", null, null, null, null, null, null, null, null, null, null, null, null, null, null, null, null, null, null, null, null, null, null, null, null, null, null, null, null, null, null, null, null, null, null, null, null, null, null, null, null, null, null, null, null, null, null, null, null]","[4, 5, 6, 7, 8, 9, 10, 11, 12, 13, 14, 15]"
339,PG 17:1_20:2,0.012247866282484934,0.012247866282484934,0.0,0.0,0.0,0.0,,0.0,0.0,[],[],,[],False,1.5404566511278972e-11,,,0.0,0.0,0.11067007853293016,3.775376906463036e-17,True,False,global foreground mean NNLS; not mean pixelwise NNLS,"raw postfit residual direction, constrained by NNLS KKT; not absorbed signal fraction",0,"{""n"": 0, ""median"": null, ""q25"": null, ""q75"": null, ""IQR"": null}","[null, null, null, null, null, null, null, null, null, null, null, null, null, null, null, null, null, null, null, null, null, null, null, null, null, null, null, null, null, null, null, null, null, null, null, null, null, null, null, null, null, null, null, null, null, null, null, null, null, null, null, null, null, null, null, null, null, null, null, null, null, null, null, null]",[]
340,PG 17:1_20:3,0.012247866282484934,0.012247866282484934,0.0,0.0,0.0,0.0,,0.0,0.0,[],[],,[],False,1.5404566511278972e-11,,,0.0,0.0,0.11067007853293016,3.775376906463036e-17,True,False,global foreground mean NNLS; not mean pixelwise NNLS,"raw postfit residual direction, constrained by NNLS KKT; not absorbed signal fraction",0,"{""n"": 0, ""median"": null, ""q25"": null, ""q75"": null, ""IQR"": null}","[null, null, null, null, null, null, null, null, null, null, null, null, null, null, null, null, null, null, null, null, null, null, null, null, null, null, null, null, null, null, null, null, null, null, null, null, null, null, null, null, null, null, null, null, null, null, null, null, null, null, null, null, null, null, null, null, null, null, null, null, null, null, null, null]",[]
341,PG 17:1_20:4,0.012247866282484934,0.012247866282484934,0.0,0.0,0.0,0.0,,0.0,0.0,[],[],,[],False,1.5404566511278972e-11,,,0.0,0.0,0.11067007853293016,3.775376906463036e-17,True,False,global foreground mean NNLS; not mean pixelwise NNLS,"raw postfit residual direction, constrained by NNLS KKT; not absorbed signal fraction",0,"{""n"": 0, ""median"": null, ""q25"": null, ""q75"": null, ""IQR"": null}","[null, null, null, null, null, null, null, null, null, null, null, null, null, null, null, null, null, null, null, null, null, null, null, null, null, null, null, null, null, null, null, null, null, null, null, null, null, null, null, null, null, null, null, null, null, null, null, null, null, null, null, null, null, null, null, null, null, null, null, null, null, null, null, null]",[]
342,PG 17:0_17:0,0.012247866282484934,0.012247866282484934,0.0,0.0,0.0,0.0,,0.0,0.0,[],[],,[],False,1.5404566511278972e-11,,,0.0,0.0,0.11067007853293016,3.775376906463036e-17,True,False,global foreground mean NNLS; not mean pixelwise NNLS,"raw postfit residual direction, constrained by NNLS KKT; not absorbed signal fraction",0,"{""n"": 0, ""median"": null, ""q25"": null, ""q75"": null, ""IQR"": null}","[null, null, null, null, null, null, null, null, null, null, null, null, null, null, null, null, null, null, null, null, null, null, null, null, null, null, null, null, null, null, null, null, null, null, null, null, null, null, null, null, null, null, null, null, null, null, null, null, null, null, null, null, null, null, null, null, null, null, null, null, null, null, null, null]",[]
343,PC 14:0_18:0,0.012247866282484934,0.012332023885953947,8.415760346901224e-05,0.006871205279444522,0.009353859344310917,0.011573542842495971,PC 14:0_20:1,0.002593370655141959,0.22407750938593238,"[""PC 14:0_20:1"", ""PC 16:0_16:0"", ""PE 18:0_22:6"", ""PE 18:1_20:4"", ""PS 14:0_22:2""]","[0.002593370655141959, 0.0015411953941704517, 0.0014424024570950933, 0.0013061702848970735, 0.0006207122109919108]",PC 14:0_20:1,"[""PC 14:0_20:1""]",True,1.5404566511278972e-11,-1.1081255182925296e-16,-1.4352784486230922e-16,0.2216930948445407,0.10604151421035972,0.11104964604155186,0.008498193817881037,True,True,global foreground mean NNLS; not mean pixelwise NNLS,"raw postfit residual direction, constrained by NNLS KKT; not absorbed signal fraction",64,"{""n"": 2016, ""median"": 0.594684407552083, ""q25"": 0.4957819527608027, ""q75"": 0.7289219864499605, ""IQR"": 0.2331400336891578, ""minimum"": 0.18925021199742786, ""maximum"": 1.0}","[""PG 14:0_22:4"", ""PG 14:0_22:4"", ""PG 14:0_22:4"", ""PG 14:0_22:4"", ""PG 14:0_22:4"", ""PC 14:0_20:1"", ""PC 14:0_20:1"", ""PC 14:0_20:1"", ""PC 14:0_20:1"", ""PC 14:0_20:1"", ""PC 14:0_20:1"", ""PC 14:0_20:1"", ""PC 14:0_20:1"", ""PC 14:0_20:1"", ""PC 14:0_20:1"", ""PC 14:0_20:1"", ""PC 16:0_16:0"", ""PC 16:0_16:0"", ""PC 16:0_16:0"", ""PC 16:0_16:0"", ""PG 14:0_22:2"", ""PG 14:0_22:4"", ""PG 14:0_22:4"", ""PC 16:0_16:0"", ""PE 18:0_20:4"", ""PC 14:0_20:1"", ""PC 14:0_20:1"", ""PE 18:0_20:4"", ""PC 14:0_20:1"", ""PC 14:0_20:1"", ""PC 14:0_20:1"", ""PC 14:0_20:1"", ""PC 14:0_20:1"", ""PC 14:0_20:1"", ""PC 14:0_20:1"", ""PC 14:0_20:1"", ""PC 14:0_20:1"", ""PC 14:0_20:1"", ""PC 14:0_20:1"", ""PC 14:0_20:1"", ""PC 14:0_20:1"", ""PC 14:0_20:1"", ""PC 14:0_20:1"", ""PC 14:0_20:1"", ""PC 14:0_20:1"", ""PC 16:0_16:0"", ""PC 16:0_16:0"", ""PC 16:0_16:0"", ""PC 16:0_16:0"", ""PC 16:0_16:0"", ""PC 16:0_16:0"", ""PC 16:0_16:0"", ""PG 14:0_22:2"", ""PC 16:0_16:0"", ""PC 16:0_16:0"", ""PC 16:0_16:0"", ""PC 14:0_20:1"", ""PC 16:0_16:0"", ""PC 16:0_16:0"", ""PC 14:0_20:1"", ""PC 16:0_16:0"", ""PC 16:0_16:0"", ""PC 16:0_16:0"", ""PC 16:0_16:0""]","[0, 1, 2, 3, 4, 5, 6, 7, 8, 9, 10, 11, 12, 13, 14, 15, 16, 17, 18, 19, 20, 21, 22, 23, 24, 25, 26, 27, 28, 29, 30, 31, 32, 33, 34, 35, 36, 37, 38, 39, 40, 41, 42, 43, 44, 45, 46, 47, 48, 49, 50, 51, 52, 53, 54, 55, 56, 57, 58, 59, 60, 61, 62, 63]"
344,PC 14:0_18:1,0.012247866282484934,0.012247866282484934,0.0,0.0,0.0,0.0,,0.0,0.0,[],[],,[],False,1.5404566511278972e-11,,,0.0,0.0,0.11067007853293016,3.775376906463036e-17,True,False,global foreground mean NNLS; not mean pixelwise NNLS,"raw postfit residual direction, constrained by NNLS KKT; not absorbed signal fraction",0,"{""n"": 0, ""median"": null, ""q25"": null, ""q75"": null, ""IQR"": null}","[null, null, null, null, null, null, null, null, null, null, null, null, null, null, null, null, null, null, null, null, null, null, null, null, null, null, null, null, null, null, null, null, null, null, null, null, null, null, null, null, null, null, null, null, null, null, null, null, null, null, null, null, null, null, null, null, null, null, null, null, null, null, null, null]",[]
345,PC 16:0_16:0,0.012247866282484934,0.012247866282484934,0.0,0.0,0.0,0.0,,0.0,0.0,[],[],,[],False,1.5404566511278972e-11,,,0.0,0.0,0.11067007853293016,3.775376906463036e-17,True,False,global foreground mean NNLS; not mean pixelwise NNLS,"raw postfit residual direction, constrained by NNLS KKT; not absorbed signal fraction",0,"{""n"": 0, ""median"": null, ""q25"": null, ""q75"": null, ""IQR"": null}","[null, null, null, null, null, null, null, null, null, null, null, null, null, null, null, null, null, null, null, null, null, null, null, null, null, null, null, null, null, null, null, null, null, null, null, null, null, null, null, null, null, null, null, null, null, null, null, null, null, null, null, null, null, null, null, null, null, null, null, null, null, null, null, null]",[]
346,PC 16:0_16:1,0.012247866282484934,0.012247866282484934,0.0,0.0,0.0,0.0,,0.0,0.0,[],[],,[],False,1.5404566511278972e-11,,,0.0,0.0,0.11067007853293016,3.775376906463036e-17,True,False,global foreground mean NNLS; not mean pixelwise NNLS,"raw postfit residual direction, constrained by NNLS KKT; not absorbed signal fraction",0,"{""n"": 0, ""median"": null, ""q25"": null, ""q75"": null, ""IQR"": null}","[null, null, null, null, null, null, null, null, null, null, null, null, null, null, null, null, null, null, null, null, null, null, null, null, null, null, null, null, null, null, null, null, null, null, null, null, null, null, null, null, null, null, null, null, null, null, null, null, null, null, null, null, null, null, null, null, null, null, null, null, null, null, null, null]",[]
347,PC 14:0_17:1,0.012247866282484934,0.012247866282484934,0.0,0.0,0.0,0.0,,0.0,0.0,[],[],,[],False,1.5404566511278972e-11,,,0.0,0.0,0.11067007853293016,3.775376906463036e-17,True,False,global foreground mean NNLS; not mean pixelwise NNLS,"raw postfit residual direction, constrained by NNLS KKT; not absorbed signal fraction",0,"{""n"": 0, ""median"": null, ""q25"": null, ""q75"": null, ""IQR"": null}","[null, null, null, null, null, null, null, null, null, null, null, null, null, null, null, null, null, null, null, null, null, null, null, null, null, null, null, null, null, null, null, null, null, null, null, null, null, null, null, null, null, null, null, null, null, null, null, null, null, null, null, null, null, null, null, null, null, null, null, null, null, null, null, null]",[]
348,PC O-16:0_16:1,0.012247866282484934,0.012247866282484934,0.0,0.0,0.0,0.0,,0.0,0.0,[],[],,[],False,1.5404566511278972e-11,,,0.0,0.0,0.11067007853293016,3.775376906463036e-17,True,False,global foreground mean NNLS; not mean pixelwise NNLS,"raw postfit residual direction, constrained by NNLS KKT; not absorbed signal fraction",0,"{""n"": 0, ""median"": null, ""q25"": null, ""q75"": null, ""IQR"": null}","[null, null, null, null, null, null, null, null, null, null, null, null, null, null, null, null, null, null, null, null, null, null, null, null, null, null, null, null, null, null, null, null, null, null, null, null, null, null, null, null, null, null, null, null, null, null, null, null, null, null, null, null, null, null, null, null, null, null, null, null, null, null, null, null]",[]
349,PC O-16:1_16:1,0.012247866282484934,0.012273438508907913,2.5572226422979072e-05,0.002087892358643787,0.00565013344097011,0.008881848567954752,PG 16:1_22:6,0.002769299982458534,0.31179319946280454,"[""PG 16:1_22:6"", ""PG 16:1_22:3"", ""PE 16:0_22:4"", ""PS 20:0_16:1"", ""PC 16:0_18:1""]","[0.002769299982458534, 0.002048123842894093, 0.0011280186400733638, 0.0005399994421561713, 0.000516604552670618]",PG 16:1_22:6,"[""PG 16:1_22:6""]",True,1.5404566511278972e-11,-2.6619264503927034e-16,-3.983563204151483e-14,0.2639184108496486,0.19581251643761152,0.1107855518960298,0.005056898893885624,True,True,global foreground mean NNLS; not mean pixelwise NNLS,"raw postfit residual direction, constrained by NNLS KKT; not absorbed signal fraction",64,"{""n"": 2016, ""median"": 0.7817784913970971, ""q25"": 0.7152145183937115, ""q75"": 0.8387228294247888, ""IQR"": 0.12350831103107729, ""minimum"": 0.43520985307534915, ""maximum"": 1.0000000000000002}","[""PG 16:1_20:3"", ""PG 16:1_20:3"", ""PG 16:1_22:4"", ""PG 16:1_22:6"", ""PG 16:1_22:6"", ""PG 16:1_22:6"", ""PG 16:1_22:3"", ""PG 16:1_22:6"", ""PG 16:1_22:6"", ""PG 16:1_22:6"", ""PG 16:1_22:6"", ""PG 16:1_22:3"", ""PG 16:1_22:3"", ""PG 16:1_22:6"", ""PG 16:1_22:6"", ""PG 16:1_22:6"", ""PG 16:1_22:6"", ""PG 16:1_22:6"", ""PG 16:1_22:6"", ""PG 16:1_22:6"", ""PG 16:1_20:1"", ""PG 16:1_22:6"", ""PG 16:1_22:6"", ""PG 16:1_22:6"", ""PG 16:1_22:6"", ""PG 16:1_22:6"", ""PG 16:1_22:6"", ""PG 16:1_22:6"", ""PG 16:1_22:6"", ""PG 16:1_22:6"", ""PG 16:1_22:6"", ""PG 16:1_22:6"", ""PG 16:1_22:6"", ""PG 16:1_22:6"", ""PG 16:1_22:6"", ""PG 16:1_22:6"", ""PG 16:1_22:6"", ""PG 16:1_22:6"", ""PG 16:1_22:3"", ""PG 16:1_22:6"", ""PG 16:1_22:6"", ""PG 16:1_22:6"", ""PG 16:1_22:6"", ""PG 16:1_22:6"", ""PG 16:1_22:6"", ""PG 16:1_22:6"", ""PG 16:1_22:6"", ""PG 16:1_22:6"", ""PG 16:1_22:6"", ""PG 16:1_22:6"", ""PG 16:1_22:6"", ""PG 16:1_22:6"", ""PG 16:1_22:6"", ""PG 16:1_22:6"", ""PG 16:1_22:6"", ""PG 16:1_22:6"", ""PG 16:1_22:6"", ""PG 16:1_22:6"", ""PG 16:1_22:6"", ""PG 16:1_22:6"", ""PG 16:1_22:6"", ""PG 16:1_22:6"", ""PG 16:1_22:6"", ""PG 16:1_22:6""]","[0, 1, 2, 3, 4, 5, 6, 7, 8, 9, 10, 11, 12, 13, 14, 15, 16, 17, 18, 19, 20, 21, 22, 23, 24, 25, 26, 27, 28, 29, 30, 31, 32, 33, 34, 35, 36, 37, 38, 39, 40, 41, 42, 43, 44, 45, 46, 47, 48, 49, 50, 51, 52, 53, 54, 55, 56, 57, 58, 59, 60, 61, 62, 63]"
350,PC O-16:1_18:0,0.012247866282484934,0.012247866282484934,0.0,0.0,0.0,0.0,,0.0,0.0,[],[],,[],False,1.5404566511278972e-11,,,0.0,0.0,0.11067007853293016,3.775376906463036e-17,True,False,global foreground mean NNLS; not mean pixelwise NNLS,"raw postfit residual direction, constrained by NNLS KKT; not absorbed signal fraction",0,"{""n"": 0, ""median"": null, ""q25"": null, ""q75"": null, ""IQR"": null}","[null, null, null, null, null, null, null, null, null, null, null, null, null, null, null, null, null, null, null, null, null, null, null, null, null, null, null, null, null, null, null, null, null, null, null, null, null, null, null, null, null, null, null, null, null, null, null, null, null, null, null, null, null, null, null, null, null, null, null, null, null, null, null, null]",[]
351,PC O-16:1_18:1,0.012247866282484934,0.012247866282484934,0.0,0.0,0.0,0.0,,0.0,0.0,[],[],,[],False,1.5404566511278972e-11,,,0.0,0.0,0.11067007853293016,3.775376906463036e-17,True,False,global foreground mean NNLS; not mean pixelwise NNLS,"raw postfit residual direction, constrained by NNLS KKT; not absorbed signal fraction",0,"{""n"": 0, ""median"": null, ""q25"": null, ""q75"": null, ""IQR"": null}","[null, null, null, null, null, null, null, null, null, null, null, null, null, null, null, null, null, null, null, null, null, null, null, null, null, null, null, null, null, null, null, null, null, null, null, null, null, null, null, null, null, null, null, null, null, null, null, null, null, null, null, null, null, null, null, null, null, null, null, null, null, null, null, null]",[]
352,PC O-16:1_18:2,0.012247866282484934,0.012247866282484934,0.0,0.0,0.0,0.0,,0.0,0.0,[],[],,[],False,1.5404566511278972e-11,,,0.0,0.0,0.11067007853293016,3.775376906463036e-17,True,False,global foreground mean NNLS; not mean pixelwise NNLS,"raw postfit residual direction, constrained by NNLS KKT; not absorbed signal fraction",0,"{""n"": 0, ""median"": null, ""q25"": null, ""q75"": null, ""IQR"": null}","[null, null, null, null, null, null, null, null, null, null, null, null, null, null, null, null, null, null, null, null, null, null, null, null, null, null, null, null, null, null, null, null, null, null, null, null, null, null, null, null, null, null, null, null, null, null, null, null, null, null, null, null, null, null, null, null, null, null, null, null, null, null, null, null]",[]
353,PC O-16:1_17:0,0.012247866282484934,0.012247866282484934,0.0,0.0,0.0,0.0,,0.0,0.0,[],[],,[],False,1.5404566511278972e-11,,,0.0,0.0,0.11067007853293016,3.775376906463036e-17,True,False,global foreground mean NNLS; not mean pixelwise NNLS,"raw postfit residual direction, constrained by NNLS KKT; not absorbed signal fraction",0,"{""n"": 0, ""median"": null, ""q25"": null, ""q75"": null, ""IQR"": null}","[null, null, null, null, null, null, null, null, null, null, null, null, null, null, null, null, null, null, null, null, null, null, null, null, null, null, null, null, null, null, null, null, null, null, null, null, null, null, null, null, null, null, null, null, null, null, null, null, null, null, null, null, null, null, null, null, null, null, null, null, null, null, null, null]",[]
354,PC O-16:0_17:1,0.012247866282484934,0.012247866282484934,0.0,0.0,0.0,0.0,,0.0,0.0,[],[],,[],False,1.5404566511278972e-11,,,0.0,0.0,0.11067007853293016,3.775376906463036e-17,True,False,global foreground mean NNLS; not mean pixelwise NNLS,"raw postfit residual direction, constrained by NNLS KKT; not absorbed signal fraction",0,"{""n"": 0, ""median"": null, ""q25"": null, ""q75"": null, ""IQR"": null}","[null, null, null, null, null, null, null, null, null, null, null, null, null, null, null, null, null, null, null, null, null, null, null, null, null, null, null, null, null, null, null, null, null, null, null, null, null, null, null, null, null, null, null, null, null, null, null, null, null, null, null, null, null, null, null, null, null, null, null, null, null, null, null, null]",[]
355,PC O-16:0_17:0,0.012247866282484934,0.012247866282484934,0.0,0.0,0.0,0.0,,0.0,0.0,[],[],,[],False,1.5404566511278972e-11,,,0.0,0.0,0.11067007853293016,3.775376906463036e-17,True,False,global foreground mean NNLS; not mean pixelwise NNLS,"raw postfit residual direction, constrained by NNLS KKT; not absorbed signal fraction",0,"{""n"": 0, ""median"": null, ""q25"": null, ""q75"": null, ""IQR"": null}","[null, null, null, null, null, null, null, null, null, null, null, null, null, null, null, null, null, null, null, null, null, null, null, null, null, null, null, null, null, null, null, null, null, null, null, null, null, null, null, null, null, null, null, null, null, null, null, null, null, null, null, null, null, null, null, null, null, null, null, null, null, null, null, null]",[]
356,PC O-16:1_17:1,0.012247866282484934,0.012247866282484934,0.0,0.0,0.0,0.0,,0.0,0.0,[],[],,[],False,1.5404566511278972e-11,,,0.0,0.0,0.11067007853293016,3.775376906463036e-17,True,False,global foreground mean NNLS; not mean pixelwise NNLS,"raw postfit residual direction, constrained by NNLS KKT; not absorbed signal fraction",0,"{""n"": 0, ""median"": null, ""q25"": null, ""q75"": null, ""IQR"": null}","[null, null, null, null, null, null, null, null, null, null, null, null, null, null, null, null, null, null, null, null, null, null, null, null, null, null, null, null, null, null, null, null, null, null, null, null, null, null, null, null, null, null, null, null, null, null, null, null, null, null, null, null, null, null, null, null, null, null, null, null, null, null, null, null]",[]
357,PC 14:0_18:2,0.012247866282484934,0.012247866282484934,0.0,0.0,0.0,0.0,,0.0,0.0,[],[],,[],False,1.5404566511278972e-11,,,0.0,0.0,0.11067007853293016,3.775376906463036e-17,True,False,global foreground mean NNLS; not mean pixelwise NNLS,"raw postfit residual direction, constrained by NNLS KKT; not absorbed signal fraction",0,"{""n"": 0, ""median"": null, ""q25"": null, ""q75"": null, ""IQR"": null}","[null, null, null, null, null, null, null, null, null, null, null, null, null, null, null, null, null, null, null, null, null, null, null, null, null, null, null, null, null, null, null, null, null, null, null, null, null, null, null, null, null, null, null, null, null, null, null, null, null, null, null, null, null, null, null, null, null, null, null, null, null, null, null, null]",[]
358,PC 14:0_20:0,0.012247866282484934,0.012247866282484934,0.0,0.0,0.0,0.0,,0.0,0.0,[],[],,[],False,1.5404566511278972e-11,,,0.0,0.0,0.11067007853293016,3.775376906463036e-17,True,False,global foreground mean NNLS; not mean pixelwise NNLS,"raw postfit residual direction, constrained by NNLS KKT; not absorbed signal fraction",0,"{""n"": 0, ""median"": null, ""q25"": null, ""q75"": null, ""IQR"": null}","[null, null, null, null, null, null, null, null, null, null, null, null, null, null, null, null, null, null, null, null, null, null, null, null, null, null, null, null, null, null, null, null, null, null, null, null, null, null, null, null, null, null, null, null, null, null, null, null, null, null, null, null, null, null, null, null, null, null, null, null, null, null, null, null]",[]
359,PC 14:0_20:1,0.012247866282484934,0.012291858299866247,4.3992017381313045e-05,0.0035918107173191494,0.014344184369183194,0.048859383655111395,PG 14:0_22:4,0.008817283963867285,0.1804624476216537,"[""PG 14:0_22:4"", ""PC 16:0_18:1"", ""PE 20:1_20:4"", ""PE O-18:1_20:1"", ""PC 20:0_14:1""]","[0.008817283963867285, 0.007677370512385179, 0.0070494417416562, 0.006015331384591575, 0.0025991446476176273]",PG 14:0_22:4,"[""PG 14:0_22:4""]",True,1.5404566511278972e-11,-1.3690822386138632e-17,0.040237294113601614,0.6040288117048723,0.8062029634399814,0.11086865336904864,0.00624965287192485,True,True,global foreground mean NNLS; not mean pixelwise NNLS,"raw postfit residual direction, constrained by NNLS KKT; not absorbed signal fraction",63,"{""n"": 1953, ""median"": 0.7288113663311255, ""q25"": 0.6543028005306916, ""q75"": 0.8111846036497814, ""IQR"": 0.15688180311908984, ""minimum"": 0.33913112798784467, ""maximum"": 0.9999173053963397}","[null, ""PG 14:0_22:4"", ""PG 14:0_22:4"", ""PG 14:0_22:4"", ""PG 14:0_22:4"", ""PG 14:0_22:4"", ""PG 14:0_22:4"", ""PG 14:0_22:4"", ""PG 14:0_22:4"", ""PG 14:0_22:4"", ""PG 14:0_22:4"", ""PC 16:0_18:1"", ""PC 16:0_18:1"", ""PG 14:0_22:4"", ""PG 14:0_22:4"", ""PG 14:0_22:4"", ""PG 14:0_22:4"", ""PG 14:0_22:4"", ""PE 20:1_20:4"", ""PE 20:1_20:4"", ""PG 16:1_20:1"", ""PG 16:1_20:1"", ""PG 16:1_20:1"", ""PG 14:0_22:4"", ""PG 14:0_22:4"", ""PG 14:0_22:4"", ""PG 14:0_22:4"", ""PG 14:0_22:4"", ""PG 14:0_22:4"", ""PG 14:0_22:4"", ""PG 14:0_22:4"", ""PG 14:0_22:4"", ""PG 14:0_22:4"", ""PG 14:0_22:4"", ""PG 14:0_22:4"", ""PG 14:0_22:4"", ""PG 14:0_22:4"", ""PC 16:0_18:1"", ""PC 16:0_18:1"", ""PC 16:0_18:1"", ""PC 16:0_18:1"", ""PC 16:0_18:1"", ""PC 16:0_18:1"", ""PC 16:0_18:1"", ""PE 20:1_20:4"", ""PE 20:1_20:4"", ""PE 20:1_20:4"", ""PG 16:1_20:1"", ""PG 14:0_22:4"", ""PG 14:0_22:4"", ""PC 16:0_18:1"", ""PC 16:0_18:1"", ""PG 16:1_20:1"", ""PC 16:0_18:1"", ""PC 16:0_18:1"", ""PC 16:0_18:1"", ""PC 16:0_18:1"", ""PC 16:0_18:1"", ""PC 16:0_18:1"", ""PC 16:0_18:1"", ""PC 16:0_18:1"", ""PG 16:1_20:1"", ""PC 16:0_18:1"", ""PC 16:0_18:1""]","[1, 2, 3, 4, 5, 6, 7, 8, 9, 10, 11, 12, 13, 14, 15, 16, 17, 18, 19, 20, 21, 22, 23, 24, 25, 26, 27, 28, 29, 30, 31, 32, 33, 34, 35, 36, 37, 38, 39, 40, 41, 42, 43, 44, 45, 46, 47, 48, 49, 50, 51, 52, 53, 54, 55, 56, 57, 58, 59, 60, 61, 62, 63]"
360,PC 14:0_20:2,0.012247866282484934,0.012247866282484934,0.0,0.0,0.0,0.0,,0.0,0.0,[],[],,[],False,1.5404566511278972e-11,,,0.0,0.0,0.11067007853293016,3.775376906463036e-17,True,False,global foreground mean NNLS; not mean pixelwise NNLS,"raw postfit residual direction, constrained by NNLS KKT; not absorbed signal fraction",0,"{""n"": 0, ""median"": null, ""q25"": null, ""q75"": null, ""IQR"": null}","[null, null, null, null, null, null, null, null, null, null, null, null, null, null, null, null, null, null, null, null, null, null, null, null, null, null, null, null, null, null, null, null, null, null, null, null, null, null, null, null, null, null, null, null, null, null, null, null, null, null, null, null, null, null, null, null, null, null, null, null, null, null, null, null]",[]
361,PC 14:0_20:3,0.012247866282484934,0.012247866282484934,0.0,0.0,0.0,0.0,,0.0,0.0,[],[],,[],False,1.5404566511278972e-11,,,0.0,0.0,0.11067007853293016,3.775376906463036e-17,True,False,global foreground mean NNLS; not mean pixelwise NNLS,"raw postfit residual direction, constrained by NNLS KKT; not absorbed signal fraction",0,"{""n"": 0, ""median"": null, ""q25"": null, ""q75"": null, ""IQR"": null}","[null, null, null, null, null, null, null, null, null, null, null, null, null, null, null, null, null, null, null, null, null, null, null, null, null, null, null, null, null, null, null, null, null, null, null, null, null, null, null, null, null, null, null, null, null, null, null, null, null, null, null, null, null, null, null, null, null, null, null, null, null, null, null, null]",[]
362,PC 14:0_20:4,0.012247866282484934,0.012247866282484934,0.0,0.0,0.0,0.0,,0.0,0.0,[],[],,[],False,1.5404566511278972e-11,,,0.0,0.0,0.11067007853293016,3.775376906463036e-17,True,False,global foreground mean NNLS; not mean pixelwise NNLS,"raw postfit residual direction, constrained by NNLS KKT; not absorbed signal fraction",0,"{""n"": 0, ""median"": null, ""q25"": null, ""q75"": null, ""IQR"": null}","[null, null, null, null, null, null, null, null, null, null, null, null, null, null, null, null, null, null, null, null, null, null, null, null, null, null, null, null, null, null, null, null, null, null, null, null, null, null, null, null, null, null, null, null, null, null, null, null, null, null, null, null, null, null, null, null, null, null, null, null, null, null, null, null]",[]
363,PC 14:1_17:1,0.012247866282484934,0.012248772513469003,9.062309840688482e-07,7.39909273250977e-05,0.0012036674672572336,0.0031691761481344102,PC 20:0_14:1,0.0005392657328085818,0.17015959587979046,"[""PC 20:0_14:1"", ""PC 17:0_17:1"", ""PS 16:0_20:1"", ""PE 18:1_22:6"", ""PE 18:1_20:4""]","[0.0005392657328085818, 0.0004887805393445754, 0.00031059113161895427, 0.00025504542707812175, 0.00024282043483903754]",PC 20:0_14:1,"[""PC 20:0_14:1""]",True,1.5404566511278972e-11,-1.577211244812648e-16,-1.3005721628900825e-14,0.3596263725057051,0.37766756393586715,0.11067417274806714,0.0009519616505246354,True,True,global foreground mean NNLS; not mean pixelwise NNLS,"raw postfit residual direction, constrained by NNLS KKT; not absorbed signal fraction",46,"{""n"": 1035, ""median"": 0.8117453616507979, ""q25"": 0.7686092930534507, ""q75"": 0.8631710434222792, ""IQR"": 0.09456175036882852, ""minimum"": 0.5579332144836183, ""maximum"": 1.0000000000000002}","[null, null, null, ""PC 20:0_14:1"", ""PC 20:0_14:1"", ""PC 20:0_14:1"", ""PC 20:0_14:1"", ""PC 20:0_14:1"", ""PC 20:0_14:1"", ""PC 20:0_14:1"", ""PC 20:0_14:1"", ""PC 20:0_14:1"", ""PC 20:0_14:1"", ""PC 20:0_14:1"", ""PC 20:0_14:1"", null, ""PC 20:0_14:1"", ""PC 20:0_14:1"", null, null, null, null, null, null, null, ""PC 20:0_14:1"", ""PC 20:0_14:1"", ""PC 20:0_14:1"", ""PC 20:0_14:1"", ""PC 20:0_14:1"", ""PC 20:0_14:1"", ""PC 20:0_14:1"", ""PC 20:0_14:1"", ""PC 20:0_14:1"", ""PC 20:0_14:1"", ""PC 20:0_14:1"", ""PC 20:0_14:1"", ""PC 20:0_14:1"", ""PC 20:0_14:1"", ""PC 20:0_14:1"", ""PC 20:0_14:1"", ""PC 20:0_14:1"", ""PC 20:0_14:1"", ""PC 20:0_14:1"", ""PC 20:0_14:1"", ""PC 20:0_14:1"", ""PC 20:0_14:1"", null, null, null, ""PC 20:0_14:1"", ""PC 20:0_14:1"", ""PC 20:0_14:1"", null, ""PC 20:0_14:1"", ""PC 20:0_14:1"", ""PC 17:0_17:1"", ""PC 17:0_17:1"", ""PC 20:0_14:1"", ""PC 20:0_14:1"", ""PC 20:0_14:1"", null, null, null]","[3, 4, 5, 6, 7, 8, 9, 10, 11, 12, 13, 14, 16, 17, 25, 26, 27, 28, 29, 30, 31, 32, 33, 34, 35, 36, 37, 38, 39, 40, 41, 42, 43, 44, 45, 46, 50, 51, 52, 54, 55, 56, 57, 58, 59, 60]"
364,PC 18:0_14:1,0.012247866282484934,0.012247866282484934,0.0,0.0,0.0,0.0,,0.0,0.0,[],[],,[],False,1.5404566511278972e-11,,,0.0,0.0,0.11067007853293016,3.775376906463036e-17,True,False,global foreground mean NNLS; not mean pixelwise NNLS,"raw postfit residual direction, constrained by NNLS KKT; not absorbed signal fraction",0,"{""n"": 0, ""median"": null, ""q25"": null, ""q75"": null, ""IQR"": null}","[null, null, null, null, null, null, null, null, null, null, null, null, null, null, null, null, null, null, null, null, null, null, null, null, null, null, null, null, null, null, null, null, null, null, null, null, null, null, null, null, null, null, null, null, null, null, null, null, null, null, null, null, null, null, null, null, null, null, null, null, null, null, null, null]",[]
365,PC 20:0_14:1,0.012247866282484934,0.01227481458103825,2.6948298553316347e-05,0.002200244347021777,0.007956638624688811,0.022973052248164004,PC 16:0_18:1,0.004638453632455516,0.20190846136365317,"[""PC 16:0_18:1"", ""PE 20:0_20:4"", ""PC 14:0_20:1"", ""PC 14:1_17:1"", ""PG 16:0_22:4""]","[0.004638453632455516, 0.003708476786535018, 0.0023833795100825644, 0.002240990313024066, 0.0015805028666398512]",PC 16:0_18:1,"[""PC 16:0_18:1""]",True,1.5404566511278972e-11,-1.0075319201754772e-16,-4.9441959487432334e-15,0.5092796541593079,0.5963325310642626,0.1107917622435813,0.005049171344547962,True,True,global foreground mean NNLS; not mean pixelwise NNLS,"raw postfit residual direction, constrained by NNLS KKT; not absorbed signal fraction",64,"{""n"": 2016, ""median"": 0.7162719501569677, ""q25"": 0.6466512311653168, ""q75"": 0.8025598533209987, ""IQR"": 0.1559086221556819, ""minimum"": 0.43167850516023765, ""maximum"": 0.9999988393524515}","[""PC 16:0_18:1"", ""PC 16:0_18:1"", ""PC 16:0_18:1"", ""PC 16:0_18:1"", ""PC 16:0_18:1"", ""PC 16:0_18:1"", ""PC 16:0_18:1"", ""PC 16:0_18:1"", ""PC 16:0_18:1"", ""PC 16:0_18:1"", ""PC 16:0_18:1"", ""PC 16:0_18:1"", ""PC 16:0_18:1"", ""PC 16:0_18:1"", ""PC 16:0_18:1"", ""PC 16:0_18:1"", ""PC 16:0_18:1"", ""PC 16:0_18:1"", ""PC 16:0_18:1"", ""PC 16:0_18:1"", ""PG 14:0_22:2"", ""PC 16:0_18:1"", ""PC 16:0_18:1"", ""PC 16:0_18:1"", ""PC 16:0_18:1"", ""PC 16:0_18:1"", ""PC 16:0_18:1"", ""PC 16:0_18:1"", ""PC 16:0_18:1"", ""PC 16:0_18:1"", ""PC 16:0_18:1"", ""PC 16:0_18:1"", ""PC 16:0_18:1"", ""PC 16:0_18:1"", ""PC 16:0_18:1"", ""PC 16:0_18:1"", ""PC 16:0_18:1"", ""PC 16:0_18:1"", ""PC 16:0_18:1"", ""PC 16:0_18:1"", ""PC 16:0_18:1"", ""PC 16:0_18:1"", ""PC 16:0_18:1"", ""PC 16:0_18:1"", ""PC 16:0_18:1"", ""PC 16:0_18:1"", ""PC 16:0_18:1"", ""PC 16:0_18:1"", ""PC 16:0_18:1"", ""PC 16:0_18:1"", ""PC 16:0_18:1"", ""PC 16:0_18:1"", ""PC 16:0_18:1"", ""PC 16:0_18:1"", ""PC 16:0_18:1"", ""PC 16:0_18:1"", ""PC 16:0_18:1"", ""PC 16:0_18:1"", ""PC 16:0_18:1"", ""PC 16:0_18:1"", ""PC 16:0_18:1"", ""PC 16:0_18:1"", ""PC 16:0_18:1"", ""PC 16:0_18:1""]","[0, 1, 2, 3, 4, 5, 6, 7, 8, 9, 10, 11, 12, 13, 14, 15, 16, 17, 18, 19, 20, 21, 22, 23, 24, 25, 26, 27, 28, 29, 30, 31, 32, 33, 34, 35, 36, 37, 38, 39, 40, 41, 42, 43, 44, 45, 46, 47, 48, 49, 50, 51, 52, 53, 54, 55, 56, 57, 58, 59, 60, 61, 62, 63]"
366,PC 14:1_20:1,0.012247866282484934,0.012247866282484934,0.0,0.0,0.0,0.0,,0.0,0.0,[],[],,[],False,1.5404566511278972e-11,,,0.0,0.0,0.11067007853293016,3.775376906463036e-17,True,False,global foreground mean NNLS; not mean pixelwise NNLS,"raw postfit residual direction, constrained by NNLS KKT; not absorbed signal fraction",8,"{""n"": 28, ""median"": 0.8020174674225264, ""q25"": 0.7532195192059759, ""q75"": 0.8944608574039676, ""IQR"": 0.14124133819799178, ""minimum"": 0.6500202849501071, ""maximum"": 0.9583738862695129}","[null, null, null, null, null, null, null, ""PC 20:0_14:1"", ""PC 20:0_14:1"", ""PC 20:0_14:1"", ""PC 20:0_14:1"", ""PC 20:0_14:1"", ""PC 20:0_14:1"", ""PC 20:0_14:1"", null, null, null, null, null, null, null, null, null, null, null, null, null, null, null, null, null, null, null, null, null, null, null, null, null, null, null, null, null, null, null, null, null, null, null, null, null, null, null, null, null, null, ""PC 20:0_14:1"", null, null, null, null, null, null, null]","[7, 8, 9, 10, 11, 12, 13, 56]"
367,PC 16:0_18:0,0.012247866282484934,0.012247866282484934,0.0,0.0,0.0,0.0,,0.0,0.0,[],[],,[],False,1.5404566511278972e-11,,,0.0,0.0,0.11067007853293016,3.775376906463036e-17,True,False,global foreground mean NNLS; not mean pixelwise NNLS,"raw postfit residual direction, constrained by NNLS KKT; not absorbed signal fraction",0,"{""n"": 0, ""median"": null, ""q25"": null, ""q75"": null, ""IQR"": null}","[null, null, null, null, null, null, null, null, null, null, null, null, null, null, null, null, null, null, null, null, null, null, null, null, null, null, null, null, null, null, null, null, null, null, null, null, null, null, null, null, null, null, null, null, null, null, null, null, null, null, null, null, null, null, null, null, null, null, null, null, null, null, null, null]",[]
368,PC 16:0_18:1,0.012247866282484934,0.012297492588976465,4.96263064915306e-05,0.00405183281258115,0.016385868813513144,0.048029440231299014,PE 18:1_20:4,0.007983695835207624,0.16622504440180252,"[""PE 18:1_20:4"", ""PC 14:0_20:1"", ""PE 16:0_22:6"", ""PE 18:1_22:6"", ""PC 20:0_14:1""]","[0.007983695835207624, 0.005650283809399657, 0.005588961859540685, 0.005312434614766808, 0.0038483296375455816]",PE 18:1_20:4,"[""PE 18:1_20:4""]",True,1.5404566511278972e-11,1.4743592876443668e-15,1.6194291990427008e-14,0.6552906701984155,0.8134891211826393,0.11089406020602036,0.007009628300523488,True,True,global foreground mean NNLS; not mean pixelwise NNLS,"raw postfit residual direction, constrained by NNLS KKT; not absorbed signal fraction",64,"{""n"": 2016, ""median"": 0.779225961094065, ""q25"": 0.7021360758511974, ""q75"": 0.8600484039902784, ""IQR"": 0.15791232813908096, ""minimum"": 0.432155916885676, ""maximum"": 0.9999999999999999}","[""PG 16:0_20:4"", ""PG 16:0_20:4"", ""PG 16:0_20:4"", ""PG 16:0_20:4"", ""PE 18:1_20:4"", ""PE 18:1_20:4"", ""PE 18:1_20:4"", ""PE 16:0_22:4"", ""PE 16:0_22:4"", ""PE 16:0_22:4"", ""PE 16:0_22:4"", ""PE 16:0_22:4"", ""PE 16:0_22:4"", ""PC 14:0_20:1"", ""PC 14:0_20:1"", ""PG 16:0_20:4"", ""PG 16:0_20:4"", ""PG 16:0_20:4"", ""PG 16:0_20:4"", ""PG 16:0_20:4"", ""PG 16:0_20:4"", ""PG 16:0_20:4"", ""PG 16:0_20:4"", ""PC 14:0_20:1"", ""PC 14:0_20:1"", ""PC 14:0_20:1"", ""PE 18:1_20:4"", ""PE 18:1_20:4"", ""PE 18:1_20:4"", ""PE 18:1_20:4"", ""PE 18:1_20:4"", ""PE 18:1_20:4"", ""PE 18:1_20:4"", ""PE 18:1_20:4"", ""PE 18:1_20:4"", ""PE 18:1_20:4"", ""PE 18:1_20:4"", ""PE 18:1_20:4"", ""PE 16:0_22:4"", ""PE 18:1_20:4"", ""PE 18:1_20:4"", ""PE 16:0_22:4"", ""PE 16:0_22:4"", ""PE 16:0_22:4"", ""PE 18:1_20:4"", ""PE 18:1_20:4"", ""PE 18:1_20:4"", ""PE 18:1_20:4"", ""PE 18:1_20:4"", ""PE 18:1_20:4"", ""PE 18:1_20:4"", ""PE 18:1_20:4"", ""PE 18:1_20:4"", ""PE 16:0_22:4"", ""PE 16:0_22:4"", ""PE 16:0_22:4"", ""PE 16:0_22:4"", ""PE 16:0_22:4"", ""PE 16:0_22:4"", ""PE 16:0_22:4"", ""PE 18:1_20:4"", ""PE 18:1_20:4"", ""PE 18:1_20:4"", ""PE 18:1_20:4""]","[0, 1, 2, 3, 4, 5, 6, 7, 8, 9, 10, 11, 12, 13, 14, 15, 16, 17, 18, 19, 20, 21, 22, 23, 24, 25, 26, 27, 28, 29, 30, 31, 32, 33, 34, 35, 36, 37, 38, 39, 40, 41, 42, 43, 44, 45, 46, 47, 48, 49, 50, 51, 52, 53, 54, 55, 56, 57, 58, 59, 60, 61, 62, 63]"
369,PC 16:0_18:2,0.012247866282484934,0.012247866282484934,0.0,0.0,0.0,0.0,,0.0,0.0,[],[],,[],False,1.5404566511278972e-11,,,0.0,0.0,0.11067007853293016,3.775376906463036e-17,True,False,global foreground mean NNLS; not mean pixelwise NNLS,"raw postfit residual direction, constrained by NNLS KKT; not absorbed signal fraction",0,"{""n"": 0, ""median"": null, ""q25"": null, ""q75"": null, ""IQR"": null}","[null, null, null, null, null, null, null, null, null, null, null, null, null, null, null, null, null, null, null, null, null, null, null, null, null, null, null, null, null, null, null, null, null, null, null, null, null, null, null, null, null, null, null, null, null, null, null, null, null, null, null, null, null, null, null, null, null, null, null, null, null, null, null, null]",[]
370,PC 16:1_16:1,0.012247866282484934,0.012247866282484934,0.0,0.0,0.0,0.0,,0.0,0.0,[],[],,[],False,1.5404566511278972e-11,,,0.0,0.0,0.11067007853293016,3.775376906463036e-17,True,False,global foreground mean NNLS; not mean pixelwise NNLS,"raw postfit residual direction, constrained by NNLS KKT; not absorbed signal fraction",0,"{""n"": 0, ""median"": null, ""q25"": null, ""q75"": null, ""IQR"": null}","[null, null, null, null, null, null, null, null, null, null, null, null, null, null, null, null, null, null, null, null, null, null, null, null, null, null, null, null, null, null, null, null, null, null, null, null, null, null, null, null, null, null, null, null, null, null, null, null, null, null, null, null, null, null, null, null, null, null, null, null, null, null, null, null]",[]
371,PC 18:0_16:1,0.012247866282484934,0.012247866282484934,0.0,0.0,0.0,0.0,,0.0,0.0,[],[],,[],False,1.5404566511278972e-11,,,0.0,0.0,0.11067007853293016,3.775376906463036e-17,True,False,global foreground mean NNLS; not mean pixelwise NNLS,"raw postfit residual direction, constrained by NNLS KKT; not absorbed signal fraction",0,"{""n"": 0, ""median"": null, ""q25"": null, ""q75"": null, ""IQR"": null}","[null, null, null, null, null, null, null, null, null, null, null, null, null, null, null, null, null, null, null, null, null, null, null, null, null, null, null, null, null, null, null, null, null, null, null, null, null, null, null, null, null, null, null, null, null, null, null, null, null, null, null, null, null, null, null, null, null, null, null, null, null, null, null, null]",[]
372,PC 16:1_18:1,0.012247866282484934,0.012247866282484934,0.0,0.0,0.0,0.0,,0.0,0.0,[],[],,[],False,1.5404566511278972e-11,,,0.0,0.0,0.11067007853293016,3.775376906463036e-17,True,False,global foreground mean NNLS; not mean pixelwise NNLS,"raw postfit residual direction, constrained by NNLS KKT; not absorbed signal fraction",0,"{""n"": 0, ""median"": null, ""q25"": null, ""q75"": null, ""IQR"": null}","[null, null, null, null, null, null, null, null, null, null, null, null, null, null, null, null, null, null, null, null, null, null, null, null, null, null, null, null, null, null, null, null, null, null, null, null, null, null, null, null, null, null, null, null, null, null, null, null, null, null, null, null, null, null, null, null, null, null, null, null, null, null, null, null]",[]
373,PC 16:1_18:2,0.012247866282484934,0.012247866282484934,0.0,0.0,0.0,0.0,,0.0,0.0,[],[],,[],False,1.5404566511278972e-11,,,0.0,0.0,0.11067007853293016,3.775376906463036e-17,True,False,global foreground mean NNLS; not mean pixelwise NNLS,"raw postfit residual direction, constrained by NNLS KKT; not absorbed signal fraction",0,"{""n"": 0, ""median"": null, ""q25"": null, ""q75"": null, ""IQR"": null}","[null, null, null, null, null, null, null, null, null, null, null, null, null, null, null, null, null, null, null, null, null, null, null, null, null, null, null, null, null, null, null, null, null, null, null, null, null, null, null, null, null, null, null, null, null, null, null, null, null, null, null, null, null, null, null, null, null, null, null, null, null, null, null, null]",[]
374,PC 17:0_17:0,0.012247866282484934,0.012247866282484934,0.0,0.0,0.0,0.0,,0.0,0.0,[],[],,[],False,1.5404566511278972e-11,,,0.0,0.0,0.11067007853293016,3.775376906463036e-17,True,False,global foreground mean NNLS; not mean pixelwise NNLS,"raw postfit residual direction, constrained by NNLS KKT; not absorbed signal fraction",1,"{""n"": 0, ""median"": null, ""q25"": null, ""q75"": null, ""IQR"": null}","[null, null, null, null, null, null, null, null, null, null, null, null, null, null, null, null, null, null, null, null, null, null, null, null, null, null, null, null, null, null, null, null, null, null, null, null, null, null, null, null, null, null, null, null, null, null, null, null, null, null, null, null, null, null, null, ""PC 17:0_17:1"", null, null, null, null, null, null, null, null]",[55]
375,PC 17:0_17:1,0.012247866282484934,0.012305261963212485,5.739568072755073e-05,0.0046861779349226945,0.011319124122005557,0.029470133211645412,PC 16:0_18:1,0.006491055853455531,0.22025878901254062,"[""PC 16:0_18:1"", ""PC 14:0_20:1"", ""PC 14:1_17:1"", ""PC 17:0_17:0"", ""PC 17:1_17:1""]","[0.006491055853455531, 0.003441088627558323, 0.00313918247065649, 0.0019182478628748858, 0.001462411118937989]",PC 16:0_18:1,"[""PC 16:0_18:1""]",True,1.5404566511278972e-11,4.624014887750348e-16,5.590022547668515e-15,0.5688605030663373,0.6131540098954605,0.1109290852897133,0.006687579413741667,True,True,global foreground mean NNLS; not mean pixelwise NNLS,"raw postfit residual direction, constrained by NNLS KKT; not absorbed signal fraction",64,"{""n"": 2016, ""median"": 0.682111951628571, ""q25"": 0.5979774667940401, ""q75"": 0.78872151060422, ""IQR"": 0.19074404381017995, ""minimum"": 0.35276162018914653, ""maximum"": 0.9999945819309565}","[""PC 16:0_18:1"", ""PC 16:0_18:1"", ""PC 16:0_18:1"", ""PC 16:0_18:1"", ""PC 16:0_18:1"", ""PC 16:0_18:1"", ""PC 16:0_18:1"", ""PC 16:0_18:1"", ""PC 16:0_18:1"", ""PC 16:0_18:1"", ""PC 16:0_18:1"", ""PC 16:0_18:1"", ""PC 16:0_18:1"", ""PC 16:0_18:1"", ""PC 16:0_18:1"", ""PC 16:0_18:1"", ""PC 16:0_18:1"", ""PC 16:0_18:1"", ""PC 16:0_18:1"", ""PC 16:0_18:1"", ""PG 14:0_22:2"", ""PC 16:0_18:1"", ""PC 16:0_18:1"", ""PC 16:0_18:1"", ""PC 16:0_18:1"", ""PC 16:0_18:1"", ""PC 16:0_18:1"", ""PC 16:0_18:1"", ""PC 16:0_18:1"", ""PC 16:0_18:1"", ""PC 16:0_18:1"", ""PC 16:0_18:1"", ""PC 16:0_18:1"", ""PC 16:0_18:1"", ""PC 16:0_18:1"", ""PC 16:0_18:1"", ""PC 16:0_18:1"", ""PC 16:0_18:1"", ""PC 16:0_18:1"", ""PC 16:0_18:1"", ""PC 16:0_18:1"", ""PC 16:0_18:1"", ""PC 16:0_18:1"", ""PC 16:0_18:1"", ""PC 16:0_18:1"", ""PC 16:0_18:1"", ""PC 16:0_18:1"", ""PC 16:0_18:1"", ""PC 16:0_18:1"", ""PC 16:0_18:1"", ""PC 16:0_18:1"", ""PC 16:0_18:1"", ""PC 16:0_18:1"", ""PC 16:0_18:1"", ""PC 16:0_18:1"", ""PC 16:0_18:1"", ""PC 16:0_18:1"", ""PC 16:0_18:1"", ""PC 16:0_18:1"", ""PC 16:0_18:1"", ""PC 16:0_18:1"", ""PC 16:0_18:1"", ""PC 16:0_18:1"", ""PC 16:0_18:1""]","[0, 1, 2, 3, 4, 5, 6, 7, 8, 9, 10, 11, 12, 13, 14, 15, 16, 17, 18, 19, 20, 21, 22, 23, 24, 25, 26, 27, 28, 29, 30, 31, 32, 33, 34, 35, 36, 37, 38, 39, 40, 41, 42, 43, 44, 45, 46, 47, 48, 49, 50, 51, 52, 53, 54, 55, 56, 57, 58, 59, 60, 61, 62, 63]"
376,PC 17:1_17:1,0.012247866282484934,0.012247866282484934,0.0,0.0,0.0,0.0,,0.0,0.0,[],[],,[],False,1.5404566511278972e-11,,,0.0,0.0,0.11067007853293018,4.113727308542625e-17,True,False,global foreground mean NNLS; not mean pixelwise NNLS,"raw postfit residual direction, constrained by NNLS KKT; not absorbed signal fraction",0,"{""n"": 0, ""median"": null, ""q25"": null, ""q75"": null, ""IQR"": null}","[null, null, null, null, null, null, null, null, null, null, null, null, null, null, null, null, null, null, null, null, null, null, null, null, null, null, null, null, null, null, null, null, null, null, null, null, null, null, null, null, null, null, null, null, null, null, null, null, null, null, null, null, null, null, null, null, null, null, null, null, null, null, null, null]",[]
