case_id,identity_id,lipid_name,q_full,q_deleted,absolute_necessity_loss,relative_necessity_loss,full_diagnostic_abundance,redistribution_total,top_replacement_identity,top_replacement_gain,top_replacement_fraction,top5_replacement_identities,top5_replacement_gains,unique_top_replacement,top_tie_identities,source_eligible,numerical_edge_tolerance,residual_absorption,delta_residual_absorption,removed_vs_positive_replacement_signal_cosine,removed_signal_projection_fraction,deletion_residual_norm,delta_residual_norm,residual_direction_nonzero,delta_residual_direction_nonzero,diagnostic_scope,absorption_interpretation,synthetic_truth,production_reported,production_identity_status,production_X_hat,production_rho,nearest_neighbor_cosine_full,nearest_neighbor_cosine_reduced,nearest_neighbor_identity_reduced,nearest_neighbor_identity,shared_fragment_count,shared_fragment_fraction,common_fragment_support,specific_fragment_support,common_fragment_count,specific_fragment_count,fragment_channel_count,specific_fragment_observed_fraction,observation_rule_status,positive_B_fraction,diagnostic_attribution_mean,diagnostic_attribution_max,specific_support_attribution,specific_support_B_weighted_attribution,specific_predicted_signal,attribution_scope,support_unit,diagnostic_label
V58_MILD_CAL_R1_K125,0,PA 16:0_24:0,0.0003499725961376945,0.00036457922596489834,1.4606629827203861e-05,0.041736495790431774,0.024497720445645122,0.4076107887256827,PA 20:0_20:0,0.030956335266460636,0.07594581920454992,"[""PA 20:0_20:0"", ""PA 18:0_22:0"", ""PE O-18:0_22:2"", ""PG 14:0_22:1"", ""PE 16:0_22:3""]","[0.030956335266460636, 0.024888453454834113, 0.019393807672207407, 0.017050410369748175, 0.015065640900546148]",PA 20:0_20:0,"[""PA 20:0_20:0""]",True,1.5404566511278972e-11,-5.5225073649627645e-15,0.007084646091828172,0.2984286848600804,1.3006501787197964,0.01909395783919348,0.0030572039811700125,True,True,frozen synthetic foreground mean NNLS; production labels only for comparison,"raw postfit residual direction, constrained by NNLS KKT; not absorbed signal fraction",True,True,TP,0.019785041137137572,4.85505181597886e-05,0.4417017387684144,0.5665676826346914,PA 18:0_22:0,PA 18:0_22:0,8,0.06451612903225806,0.2899492006426512,0.0,58,0,58,,FROZEN_CHANNEL_DETECTION_THRESHOLD_NOT_AVAILABLE,,0.3592187317837658,0.7988787285992143,,,0.0,candidate spectral contributions; arithmetic channel mean; all aliases,sum of unchanged b values on specified channels; no normalization,LIBRARY_SHARING_SUPPORT_NOT_VERIFIED_IDENTITY_DIAGNOSTIC
V58_MILD_CAL_R1_K125,1,PA 16:0_24:1,0.0003499725961376945,0.0003499725961376945,0.0,0.0,0.0,0.0,,0.0,0.0,[],[],,[],False,1.5404566511278972e-11,,,0.0,0.0,0.01870755452050573,9.443403339052787e-17,True,False,frozen synthetic foreground mean NNLS; production labels only for comparison,"raw postfit residual direction, constrained by NNLS KKT; not absorbed signal fraction",False,True,FP,0.002410689151713639,0.0,0.6654546085137296,0.4706267953423388,PA 18:1_24:1,PA 16:0_24:5,32,0.34408602150537637,0.2984439327049544,0.0,56,0,56,,FROZEN_CHANNEL_DETECTION_THRESHOLD_NOT_AVAILABLE,,0.0,0.0,,,0.0,candidate spectral contributions; arithmetic channel mean; all aliases,sum of unchanged b values on specified channels; no normalization,LIBRARY_SHARING_SUPPORT_NOT_VERIFIED_IDENTITY_DIAGNOSTIC
V58_MILD_CAL_R1_K125,2,PA 16:0_24:4,0.0003499725961376945,0.0003499725961376945,0.0,0.0,0.0,0.0,,0.0,0.0,[],[],,[],False,1.5404566511278972e-11,,,0.0,0.0,0.01870755452050573,9.443403339052787e-17,True,False,frozen synthetic foreground mean NNLS; production labels only for comparison,"raw postfit residual direction, constrained by NNLS KKT; not absorbed signal fraction",False,False,UNREPORTED_NONTRUTH,0.0,,0.9158818220879426,0.7345368690682221,PA 16:0_24:5,PA 16:0_24:5,55,0.6179775280898876,0.28836505012197317,0.0,75,0,75,,FROZEN_CHANNEL_DETECTION_THRESHOLD_NOT_AVAILABLE,,0.0,0.0,,,0.0,candidate spectral contributions; arithmetic channel mean; all aliases,sum of unchanged b values on specified channels; no normalization,LIBRARY_SHARING_SUPPORT_NOT_VERIFIED_IDENTITY_DIAGNOSTIC
V58_MILD_CAL_R1_K125,3,PA 16:0_24:5,0.0003499725961376945,0.0003499725961376945,0.0,0.0,0.0,0.0,,0.0,0.0,[],[],,[],False,1.5404566511278972e-11,,,0.0,0.0,0.01870755452050573,9.443403339052787e-17,True,False,frozen synthetic foreground mean NNLS; production labels only for comparison,"raw postfit residual direction, constrained by NNLS KKT; not absorbed signal fraction",False,False,UNREPORTED_NONTRUTH,3.618004725306385e-09,,0.9158818220879426,0.7345368690682221,PA 16:0_24:4,PA 16:0_24:4,55,0.6179775280898876,0.3037545959314051,0.0,69,0,69,,FROZEN_CHANNEL_DETECTION_THRESHOLD_NOT_AVAILABLE,,0.0,0.0,,,0.0,candidate spectral contributions; arithmetic channel mean; all aliases,sum of unchanged b values on specified channels; no normalization,LIBRARY_SHARING_SUPPORT_NOT_VERIFIED_IDENTITY_DIAGNOSTIC
V58_MILD_CAL_R1_K125,4,PA 24:0_16:1,0.0003499725961376945,0.0003499725961376945,0.0,0.0,0.0,0.0,,0.0,0.0,[],[],,[],False,1.5404566511278972e-11,,,0.0,0.0,0.01870755452050573,9.443403339052787e-17,True,False,frozen synthetic foreground mean NNLS; production labels only for comparison,"raw postfit residual direction, constrained by NNLS KKT; not absorbed signal fraction",False,True,FP,0.0015329015353781658,0.0,0.6635490102196412,0.8182998644473404,PE O-16:1_24:0,PE O-16:1_24:0,6,0.07792207792207792,0.3121132256664747,0.0,55,0,55,,FROZEN_CHANNEL_DETECTION_THRESHOLD_NOT_AVAILABLE,,0.0,0.0,,,0.0,candidate spectral contributions; arithmetic channel mean; all aliases,sum of unchanged b values on specified channels; no normalization,LIBRARY_SHARING_SUPPORT_NOT_VERIFIED_IDENTITY_DIAGNOSTIC
V58_MILD_CAL_R1_K125,5,PA 18:0_22:0,0.0003499725961376945,0.00035183261538981956,1.8600192521250804e-06,0.005314756833356492,0.015123166756421766,0.16317197855162674,PE O-16:0_22:2,0.01319547137623643,0.0808684891442962,"[""PE O-16:0_22:2"", ""PE O-18:1_22:2"", ""PE O-18:0_20:3"", ""PA 16:0_24:0"", ""PE O-18:2_22:0""]","[0.01319547137623643, 0.008086201061596694, 0.007134303631750194, 0.006545061678765816, 0.006386419385464061]",PE O-16:0_22:2,"[""PE O-16:0_22:2""]",True,1.5404566511278972e-11,8.546622718750556e-15,2.1202449640618894e-13,0.39073848215490586,1.163598331950821,0.018757201694011277,0.0010326136160650813,True,True,frozen synthetic foreground mean NNLS; production labels only for comparison,"raw postfit residual direction, constrained by NNLS KKT; not absorbed signal fraction",False,True,FP,0.00524853044261201,6.1824595780249055e-06,0.6213615504468611,0.5788300756477466,PE O-16:1_22:0,PE O-16:1_22:0,20,0.24390243902439024,0.5462938356940623,0.0,74,0,74,,FROZEN_CHANNEL_DETECTION_THRESHOLD_NOT_AVAILABLE,,0.08805895483397956,0.38813557407216687,,,0.0,candidate spectral contributions; arithmetic channel mean; all aliases,sum of unchanged b values on specified channels; no normalization,LIBRARY_SHARING_SUPPORT_NOT_VERIFIED_IDENTITY_DIAGNOSTIC
V58_MILD_CAL_R1_K125,6,PA 18:0_22:1,0.0003499725961376945,0.00035814040880586634,8.167812668171857e-06,0.023338434880255162,0.029877617408545627,0.2943318141530479,PA 20:0_20:1,0.02863437935156564,0.09728604919541227,"[""PA 20:0_20:1"", ""PE O-18:0_22:2"", ""PE 18:0_22:3"", ""PE 18:2_22:6"", ""PE O-16:0_22:1""]","[0.02863437935156564, 0.01731788343958851, 0.01335194609570236, 0.011704011701297753, 0.011046195317841227]",PA 20:0_20:1,"[""PA 20:0_20:1""]",True,1.5404566511278972e-11,-5.777398719589612e-16,8.241375510153702e-15,0.4256649790853355,1.256439561637066,0.018924597982675,0.0018591153277976715,True,True,frozen synthetic foreground mean NNLS; production labels only for comparison,"raw postfit residual direction, constrained by NNLS KKT; not absorbed signal fraction",True,True,TP,0.013005088059975233,2.7148736016660327e-05,0.7758194401934169,0.5598728338941221,PA 18:0_22:5,PA 18:0_22:5,43,0.4056603773584906,0.6510263202352216,0.0,75,0,75,,FROZEN_CHANNEL_DETECTION_THRESHOLD_NOT_AVAILABLE,,0.13214489154047773,0.7985693996450544,,,0.0,candidate spectral contributions; arithmetic channel mean; all aliases,sum of unchanged b values on specified channels; no normalization,LIBRARY_SHARING_SUPPORT_NOT_VERIFIED_IDENTITY_DIAGNOSTIC
V58_MILD_CAL_R1_K125,7,PA 18:0_22:2,0.0003499725961376945,0.0003499725961376945,0.0,0.0,0.0,0.0,,0.0,0.0,[],[],,[],False,1.5404566511278972e-11,,,0.0,0.0,0.01870755452050573,9.443403339052787e-17,True,False,frozen synthetic foreground mean NNLS; production labels only for comparison,"raw postfit residual direction, constrained by NNLS KKT; not absorbed signal fraction",False,False,UNREPORTED_NONTRUTH,0.0007029704002463926,,0.7712444249831438,0.5992875297593774,PA 18:0_22:5,PA 18:0_22:5,43,0.4056603773584906,0.8681055488700687,0.0,75,0,75,,FROZEN_CHANNEL_DETECTION_THRESHOLD_NOT_AVAILABLE,,0.0,0.0,,,0.0,candidate spectral contributions; arithmetic channel mean; all aliases,sum of unchanged b values on specified channels; no normalization,LIBRARY_SHARING_SUPPORT_NOT_VERIFIED_IDENTITY_DIAGNOSTIC
V58_MILD_CAL_R1_K125,8,PA 18:0_22:3,0.0003499725961376945,0.0003499725961376945,0.0,0.0,0.0,0.0,,0.0,0.0,[],[],,[],False,1.5404566511278972e-11,,,0.0,0.0,0.01870755452050573,9.443403339052787e-17,True,False,frozen synthetic foreground mean NNLS; production labels only for comparison,"raw postfit residual direction, constrained by NNLS KKT; not absorbed signal fraction",True,True,TP,0.0059759572448099445,0.0,0.7822770296793283,0.6759221677178359,PA 18:0_22:5,PA 18:0_22:5,50,0.49019607843137253,1.0190738441207041,0.0,78,0,78,,FROZEN_CHANNEL_DETECTION_THRESHOLD_NOT_AVAILABLE,,0.0,0.0,,,0.0,candidate spectral contributions; arithmetic channel mean; all aliases,sum of unchanged b values on specified channels; no normalization,LIBRARY_SHARING_SUPPORT_NOT_VERIFIED_IDENTITY_DIAGNOSTIC
V58_MILD_CAL_R1_K125,9,PA 18:0_22:4,0.0003499725961376945,0.0003499725961376945,0.0,0.0,0.0,0.0,,0.0,0.0,[],[],,[],False,1.5404566511278972e-11,,,0.0,0.0,0.01870755452050573,9.443403339052787e-17,True,False,frozen synthetic foreground mean NNLS; production labels only for comparison,"raw postfit residual direction, constrained by NNLS KKT; not absorbed signal fraction",False,True,FP,0.0018274968432823746,0.0,0.8645836872619046,0.7759334448548885,PA 18:0_22:5,PA 18:0_22:5,63,0.6774193548387096,1.037597422212235,0.0,82,0,82,,FROZEN_CHANNEL_DETECTION_THRESHOLD_NOT_AVAILABLE,,0.0,0.0,,,0.0,candidate spectral contributions; arithmetic channel mean; all aliases,sum of unchanged b values on specified channels; no normalization,LIBRARY_SHARING_SUPPORT_NOT_VERIFIED_IDENTITY_DIAGNOSTIC
V58_MILD_CAL_R1_K125,10,PA 18:0_22:5,0.0003499725961376945,0.0003499725961376945,0.0,0.0,0.0,0.0,,0.0,0.0,[],[],,[],False,1.5404566511278972e-11,,,0.0,0.0,0.01870755452050573,9.443403339052787e-17,True,False,frozen synthetic foreground mean NNLS; production labels only for comparison,"raw postfit residual direction, constrained by NNLS KKT; not absorbed signal fraction",True,True,TP,0.009276636792376248,0.0,0.9345818694558994,0.7759334448548885,PA 18:0_22:4,PA 18:0_24:6,43,0.3805309734513274,0.9279564565374588,0.0,74,0,74,,FROZEN_CHANNEL_DETECTION_THRESHOLD_NOT_AVAILABLE,,0.0,0.0,,,0.0,candidate spectral contributions; arithmetic channel mean; all aliases,sum of unchanged b values on specified channels; no normalization,LIBRARY_SHARING_SUPPORT_NOT_VERIFIED_IDENTITY_DIAGNOSTIC
V58_MILD_CAL_R1_K125,11,PA 18:0_24:0,0.0003499725961376945,0.0003611541328339581,1.118153669626363e-05,0.03194974917383125,0.007150278916613715,0.11059573218813783,PE O-16:0_22:2,0.014353071434278006,0.12977961400654928,"[""PE O-16:0_22:2"", ""PE 17:0_22:1"", ""PE O-18:0_20:1"", ""PE O-18:0_20:3"", ""PA 18:0_22:0""]","[0.014353071434278006, 0.01402185624815665, 0.008987805812116792, 0.004372133227594279, 0.004257789727836043]",PE O-16:0_22:2,"[""PE O-16:0_22:2""]",True,1.5404566511278972e-11,2.0707764363721486e-15,2.992618442546932e-14,0.2421880369263364,1.0863326335177363,0.019004055694350045,0.0032737412198531007,True,True,frozen synthetic foreground mean NNLS; production labels only for comparison,"raw postfit residual direction, constrained by NNLS KKT; not absorbed signal fraction",True,True,TP,0.006996494721217055,3.7165958667292124e-05,0.6313329245217805,0.764023983866589,PE O-16:1_24:0,PA 18:0_22:5,43,0.43,0.5171817418638663,0.0,69,0,69,,FROZEN_CHANNEL_DETECTION_THRESHOLD_NOT_AVAILABLE,,0.09530406728719192,0.310846682847723,,,0.0,candidate spectral contributions; arithmetic channel mean; all aliases,sum of unchanged b values on specified channels; no normalization,LIBRARY_SHARING_SUPPORT_NOT_VERIFIED_IDENTITY_DIAGNOSTIC
V58_MILD_CAL_R1_K125,12,PA 18:0_24:1,0.0003499725961376945,0.0003499725961376945,0.0,0.0,0.0,0.0,,0.0,0.0,[],[],,[],False,1.5404566511278972e-11,,,0.0,0.0,0.01870755452050573,9.443403339052787e-17,True,False,frozen synthetic foreground mean NNLS; production labels only for comparison,"raw postfit residual direction, constrained by NNLS KKT; not absorbed signal fraction",False,False,UNREPORTED_NONTRUTH,3.219429926511942e-07,,0.830530449311374,0.8275204663016247,PA 18:1_24:1,PA 18:0_22:5,43,0.4387755102040816,0.5256764739261697,0.0,67,0,67,,FROZEN_CHANNEL_DETECTION_THRESHOLD_NOT_AVAILABLE,,0.0,0.0,,,0.0,candidate spectral contributions; arithmetic channel mean; all aliases,sum of unchanged b values on specified channels; no normalization,LIBRARY_SHARING_SUPPORT_NOT_VERIFIED_IDENTITY_DIAGNOSTIC
V58_MILD_CAL_R1_K125,13,PA 18:0_24:4,0.0003499725961376945,0.0003499725961376945,0.0,0.0,0.0,0.0,,0.0,0.0,[],[],,[],False,1.5404566511278972e-11,,,0.0,0.0,0.01870755452050573,9.443403339052787e-17,True,False,frozen synthetic foreground mean NNLS; production labels only for comparison,"raw postfit residual direction, constrained by NNLS KKT; not absorbed signal fraction",True,True,TP,0.003908110176574131,0.0,0.8327498506144144,0.8008324499905212,PE O-16:1_24:4,PA 18:0_22:5,43,0.36752136752136755,0.5155975913431885,0.0,86,0,86,,FROZEN_CHANNEL_DETECTION_THRESHOLD_NOT_AVAILABLE,,0.0,0.0,,,0.0,candidate spectral contributions; arithmetic channel mean; all aliases,sum of unchanged b values on specified channels; no normalization,LIBRARY_SHARING_SUPPORT_NOT_VERIFIED_IDENTITY_DIAGNOSTIC
V58_MILD_CAL_R1_K125,14,PA 18:0_24:5,0.0003499725961376945,0.0003499725961376945,0.0,0.0,0.0,0.0,,0.0,0.0,[],[],,[],False,1.5404566511278972e-11,,,0.0,0.0,0.01870755452050573,9.443403339052787e-17,True,False,frozen synthetic foreground mean NNLS; production labels only for comparison,"raw postfit residual direction, constrained by NNLS KKT; not absorbed signal fraction",False,False,UNREPORTED_NONTRUTH,0.0002549315583451683,,0.9196802830260686,0.7024339213008317,PE O-16:1_24:5,PA 18:0_22:5,43,0.38738738738738737,0.5309871371526202,0.0,80,0,80,,FROZEN_CHANNEL_DETECTION_THRESHOLD_NOT_AVAILABLE,,0.0,0.0,,,0.0,candidate spectral contributions; arithmetic channel mean; all aliases,sum of unchanged b values on specified channels; no normalization,LIBRARY_SHARING_SUPPORT_NOT_VERIFIED_IDENTITY_DIAGNOSTIC
V58_MILD_CAL_R1_K125,15,PA 18:0_24:6,0.0003499725961376945,0.0003499725961376945,0.0,0.0,0.0,0.0,,0.0,0.0,[],[],,[],False,1.5404566511278972e-11,,,0.0,0.0,0.01870755452050573,9.443403339052787e-17,True,False,frozen synthetic foreground mean NNLS; production labels only for comparison,"raw postfit residual direction, constrained by NNLS KKT; not absorbed signal fraction",False,False,UNREPORTED_NONTRUTH,0.0,,0.9345818694558994,0.7713333153766767,PE O-16:1_24:6,PA 18:0_22:5,43,0.3805309734513274,0.619586282907731,0.0,82,0,82,,FROZEN_CHANNEL_DETECTION_THRESHOLD_NOT_AVAILABLE,,0.0,0.0,,,0.0,candidate spectral contributions; arithmetic channel mean; all aliases,sum of unchanged b values on specified channels; no normalization,LIBRARY_SHARING_SUPPORT_NOT_VERIFIED_IDENTITY_DIAGNOSTIC
V58_MILD_CAL_R1_K125,16,PA 22:0_18:1,0.0003499725961376945,0.0003503534384520497,3.8084231435522083e-07,0.0010882060980488162,0.005494806110339923,0.04715064429013292,PA 22:0_20:3,0.004601097503515416,0.09758291901815415,"[""PA 22:0_20:3"", ""PA 20:0_20:1"", ""PA 18:2_22:3"", ""PG 18:1_20:4"", ""PA 20:1_20:3""]","[0.004601097503515416, 0.00458677339188202, 0.0025158081698200717, 0.002496383878039689, 0.002448713981653843]",PA 22:0_20:3,"[""PA 22:0_20:3""]",True,1.5404566511278972e-11,-1.7302700290893733e-15,-7.304310014194918e-14,0.4604007271328952,1.260578961692461,0.018717730590326644,0.000606425032632314,True,True,frozen synthetic foreground mean NNLS; production labels only for comparison,"raw postfit residual direction, constrained by NNLS KKT; not absorbed signal fraction",True,True,TP,0.004838775823892059,1.2658698082906799e-06,0.6113032030767287,0.6085671738395478,PA 22:0_18:2,PA 22:0_18:2,62,0.7380952380952381,0.6807454488472254,0.0,73,0,73,,FROZEN_CHANNEL_DETECTION_THRESHOLD_NOT_AVAILABLE,,0.06703988006316905,0.5222662393106063,,,0.0,candidate spectral contributions; arithmetic channel mean; all aliases,sum of unchanged b values on specified channels; no normalization,LIBRARY_SHARING_SUPPORT_NOT_VERIFIED_IDENTITY_DIAGNOSTIC
V58_MILD_CAL_R1_K125,17,PA 18:1_22:1,0.0003499725961376945,0.0003499725961376945,0.0,0.0,0.0,0.0,,0.0,0.0,[],[],,[],False,1.5404566511278972e-11,,,0.0,0.0,0.01870755452050573,9.443403339052787e-17,True,False,frozen synthetic foreground mean NNLS; production labels only for comparison,"raw postfit residual direction, constrained by NNLS KKT; not absorbed signal fraction",False,False,UNREPORTED_NONTRUTH,0.00012338958721052023,,0.6587714299907945,0.8162413662462789,PA 20:1_20:1,PA 20:1_20:1,8,0.07272727272727272,0.7854779333883847,0.0,74,0,74,,FROZEN_CHANNEL_DETECTION_THRESHOLD_NOT_AVAILABLE,,0.0,0.0,,,0.0,candidate spectral contributions; arithmetic channel mean; all aliases,sum of unchanged b values on specified channels; no normalization,LIBRARY_SHARING_SUPPORT_NOT_VERIFIED_IDENTITY_DIAGNOSTIC
V58_MILD_CAL_R1_K125,18,PA 18:1_22:2,0.0003499725961376945,0.0003503006266440191,3.280305063246402e-07,0.0009373034032021046,0.013546132858164887,0.07337437449016766,PA 20:1_20:2,0.011615127690737179,0.15829951221097405,"[""PA 20:1_20:2"", ""PA 18:1_22:3"", ""PG 17:0_20:3"", ""PG 17:1_20:1"", ""PA 20:3_22:4""]","[0.011615127690737179, 0.009663440787749476, 0.006310670926680591, 0.0062421079094610345, 0.004443807314049555]",PA 20:1_20:2,"[""PA 20:1_20:2""]",True,1.5404566511278972e-11,-6.609287509650361e-15,-1.8091878462388774e-13,0.5807664451464116,1.2000698997629176,0.018716319794340425,0.00041095325701993434,True,True,frozen synthetic foreground mean NNLS; production labels only for comparison,"raw postfit residual direction, constrained by NNLS KKT; not absorbed signal fraction",True,True,TP,0.030656200653489875,1.090330298137343e-06,0.719622376836395,0.6482811438952457,PA 20:1_20:2,PE 18:1_22:2,21,0.17355371900826447,1.0025571620232319,0.0,74,0,74,,FROZEN_CHANNEL_DETECTION_THRESHOLD_NOT_AVAILABLE,,0.03011078419863549,0.18491088195756736,,,0.0,candidate spectral contributions; arithmetic channel mean; all aliases,sum of unchanged b values on specified channels; no normalization,LIBRARY_SHARING_SUPPORT_NOT_VERIFIED_IDENTITY_DIAGNOSTIC
V58_MILD_CAL_R1_K125,19,PA 18:1_22:3,0.0003499725961376945,0.0003525223039909819,2.5497078532873974e-06,0.00728544998705779,0.025095624208334815,0.11963067237504559,PA 18:1_22:2,0.016089516766820126,0.13449324029747603,"[""PA 18:1_22:2"", ""PA 20:1_20:3"", ""PA 18:2_22:3"", ""PA 20:2_20:2"", ""PG 14:0_22:3""]","[0.016089516766820126, 0.011916519461951077, 0.011612604391407603, 0.011558503453655234, 0.008117311313383474]",PA 18:1_22:2,"[""PA 18:1_22:2""]",True,1.5404566511278972e-11,2.2737229217557604e-16,6.574601319741113e-14,0.6963528375538383,1.272526134966432,0.018775577327767627,0.0012040321108926033,True,True,frozen synthetic foreground mean NNLS; production labels only for comparison,"raw postfit residual direction, constrained by NNLS KKT; not absorbed signal fraction",False,True,FP,0.006067068297408468,8.474893859679513e-06,0.8037028044316032,0.7251268719898705,PE 18:1_22:3,PE 18:1_22:3,21,0.1693548387096774,1.1535254572738673,0.0,77,0,77,,FROZEN_CHANNEL_DETECTION_THRESHOLD_NOT_AVAILABLE,,0.06205696195738814,0.33368235741163577,,,0.0,candidate spectral contributions; arithmetic channel mean; all aliases,sum of unchanged b values on specified channels; no normalization,LIBRARY_SHARING_SUPPORT_NOT_VERIFIED_IDENTITY_DIAGNOSTIC
V58_MILD_CAL_R1_K125,20,PA 18:1_22:4,0.0003499725961376945,0.0003499725961376945,0.0,0.0,0.0,0.0,,0.0,0.0,[],[],,[],False,1.5404566511278972e-11,,,0.0,0.0,0.01870755452050573,9.443403339052787e-17,True,False,frozen synthetic foreground mean NNLS; production labels only for comparison,"raw postfit residual direction, constrained by NNLS KKT; not absorbed signal fraction",False,True,FP,0.012337072358770306,0.0,0.7251473075116469,0.6740286583435952,PE 18:1_22:4,PA 18:1_24:6,42,0.3442622950819672,1.1771332667886918,0.0,83,0,83,,FROZEN_CHANNEL_DETECTION_THRESHOLD_NOT_AVAILABLE,,0.0,0.0,,,0.0,candidate spectral contributions; arithmetic channel mean; all aliases,sum of unchanged b values on specified channels; no normalization,LIBRARY_SHARING_SUPPORT_NOT_VERIFIED_IDENTITY_DIAGNOSTIC
V58_MILD_CAL_R1_K125,21,PA 24:0_18:1,0.0003499725961376945,0.0003499725961376945,0.0,0.0,0.0,0.0,,0.0,0.0,[],[],,[],False,1.5404566511278972e-11,,,0.0,0.0,0.01870755452050573,9.443403339052787e-17,True,False,frozen synthetic foreground mean NNLS; production labels only for comparison,"raw postfit residual direction, constrained by NNLS KKT; not absorbed signal fraction",False,False,UNREPORTED_NONTRUTH,0.00022681505849797199,,0.6602623564184668,0.7673821945777389,PE O-16:1_24:0,PA 18:1_24:6,42,0.3925233644859813,0.6516333550170295,0.0,68,0,68,,FROZEN_CHANNEL_DETECTION_THRESHOLD_NOT_AVAILABLE,,0.0,0.0,,,0.0,candidate spectral contributions; arithmetic channel mean; all aliases,sum of unchanged b values on specified channels; no normalization,LIBRARY_SHARING_SUPPORT_NOT_VERIFIED_IDENTITY_DIAGNOSTIC
V58_MILD_CAL_R1_K125,22,PA 18:1_24:1,0.0003499725961376945,0.0003499725961376945,0.0,0.0,0.0,0.0,,0.0,0.0,[],[],,[],False,1.5404566511278972e-11,,,0.0,0.0,0.01870755452050573,9.443403339052787e-17,True,False,frozen synthetic foreground mean NNLS; production labels only for comparison,"raw postfit residual direction, constrained by NNLS KKT; not absorbed signal fraction",False,False,UNREPORTED_NONTRUTH,0.00014008223236894074,,0.6708976555148793,0.9368513598429483,PE O-16:1_24:1,PE O-16:1_24:1,18,0.24,0.6601280870793328,0.0,66,0,66,,FROZEN_CHANNEL_DETECTION_THRESHOLD_NOT_AVAILABLE,,0.0,0.0,,,0.0,candidate spectral contributions; arithmetic channel mean; all aliases,sum of unchanged b values on specified channels; no normalization,LIBRARY_SHARING_SUPPORT_NOT_VERIFIED_IDENTITY_DIAGNOSTIC
V58_MILD_CAL_R1_K125,23,PA 18:1_24:4,0.0003499725961376945,0.0003499725961376945,0.0,0.0,0.0,0.0,,0.0,0.0,[],[],,[],False,1.5404566511278972e-11,,,0.0,0.0,0.01870755452050573,9.443403339052787e-17,True,False,frozen synthetic foreground mean NNLS; production labels only for comparison,"raw postfit residual direction, constrained by NNLS KKT; not absorbed signal fraction",False,False,UNREPORTED_NONTRUTH,1.3811404735472297e-05,,0.7660750464750594,0.9219787591660465,PE O-16:1_24:4,PE O-16:1_24:4,26,0.2765957446808511,0.6500492044963516,0.0,85,0,85,,FROZEN_CHANNEL_DETECTION_THRESHOLD_NOT_AVAILABLE,,0.0,0.0,,,0.0,candidate spectral contributions; arithmetic channel mean; all aliases,sum of unchanged b values on specified channels; no normalization,LIBRARY_SHARING_SUPPORT_NOT_VERIFIED_IDENTITY_DIAGNOSTIC
V58_MILD_CAL_R1_K125,24,PA 18:1_24:5,0.0003499725961376945,0.0003499725961376945,0.0,0.0,0.0,0.0,,0.0,0.0,[],[],,[],False,1.5404566511278972e-11,,,0.0,0.0,0.01870755452050573,9.443403339052787e-17,True,False,frozen synthetic foreground mean NNLS; production labels only for comparison,"raw postfit residual direction, constrained by NNLS KKT; not absorbed signal fraction",True,True,TP,0.004036435633417792,0.0,0.8214327677645353,0.8278212414653647,PE O-16:1_24:5,PA 18:1_24:6,65,0.6842105263157895,0.6654387503057834,0.0,79,0,79,,FROZEN_CHANNEL_DETECTION_THRESHOLD_NOT_AVAILABLE,,0.0,0.0,,,0.0,candidate spectral contributions; arithmetic channel mean; all aliases,sum of unchanged b values on specified channels; no normalization,LIBRARY_SHARING_SUPPORT_NOT_VERIFIED_IDENTITY_DIAGNOSTIC
V58_MILD_CAL_R1_K125,25,PA 18:1_24:6,0.0003499725961376945,0.0003499725961376945,0.0,0.0,0.0,0.0,,0.0,0.0,[],[],,[],False,1.5404566511278972e-11,,,0.0,0.0,0.01870755452050573,9.443403339052787e-17,True,False,frozen synthetic foreground mean NNLS; production labels only for comparison,"raw postfit residual direction, constrained by NNLS KKT; not absorbed signal fraction",False,False,UNREPORTED_NONTRUTH,3.8197650117396386e-05,,0.8214327677645353,0.7360380396741001,PE O-16:1_24:6,PA 18:1_24:5,65,0.6842105263157895,0.7540378960608942,0.0,81,0,81,,FROZEN_CHANNEL_DETECTION_THRESHOLD_NOT_AVAILABLE,,0.0,0.0,,,0.0,candidate spectral contributions; arithmetic channel mean; all aliases,sum of unchanged b values on specified channels; no normalization,LIBRARY_SHARING_SUPPORT_NOT_VERIFIED_IDENTITY_DIAGNOSTIC
V58_MILD_CAL_R1_K125,26,PA 22:0_18:2,0.0003499725961376945,0.0003499725961376945,0.0,0.0,0.0,0.0,,0.0,0.0,[],[],,[],False,1.5404566511278972e-11,,,0.0,0.0,0.01870755452050573,9.443403339052787e-17,True,False,frozen synthetic foreground mean NNLS; production labels only for comparison,"raw postfit residual direction, constrained by NNLS KKT; not absorbed signal fraction",False,False,UNREPORTED_NONTRUTH,0.000128438422286808,,0.6134161506702326,0.6085671738395478,PA 22:0_18:1,PE O-16:1_22:0,14,0.16091954022988506,0.844852472410575,0.0,73,0,73,,FROZEN_CHANNEL_DETECTION_THRESHOLD_NOT_AVAILABLE,,0.0,0.0,,,0.0,candidate spectral contributions; arithmetic channel mean; all aliases,sum of unchanged b values on specified channels; no normalization,LIBRARY_SHARING_SUPPORT_NOT_VERIFIED_IDENTITY_DIAGNOSTIC
V58_MILD_CAL_R1_K125,27,PA 22:1_18:2,0.0003499725961376945,0.0003499725961376945,0.0,0.0,0.0,0.0,,0.0,0.0,[],[],,[],False,1.5404566511278972e-11,,,0.0,0.0,0.01870755452050573,9.443403339052787e-17,True,False,frozen synthetic foreground mean NNLS; production labels only for comparison,"raw postfit residual direction, constrained by NNLS KKT; not absorbed signal fraction",False,False,UNREPORTED_NONTRUTH,0.0003821592329839301,,0.6072322116946923,0.6000176837844275,PA 20:1_20:2,PA 18:2_24:6,45,0.4090909090909091,0.9495849569517343,0.0,74,0,74,,FROZEN_CHANNEL_DETECTION_THRESHOLD_NOT_AVAILABLE,,0.0,0.0,,,0.0,candidate spectral contributions; arithmetic channel mean; all aliases,sum of unchanged b values on specified channels; no normalization,LIBRARY_SHARING_SUPPORT_NOT_VERIFIED_IDENTITY_DIAGNOSTIC
V58_MILD_CAL_R1_K125,28,PA 18:2_22:2,0.0003499725961376945,0.0003501807196721519,2.0812353445742553e-07,0.0005946852300997173,0.00825613108827855,0.0522072828767559,PA 20:1_20:3,0.007359844729064131,0.14097352559598464,"[""PA 20:1_20:3"", ""PA 18:1_22:2"", ""PA 18:2_22:3"", ""PA 20:2_20:2"", ""PG 17:1_20:2""]","[0.007359844729064131, 0.006966070119659154, 0.00577562418770535, 0.005388266789731927, 0.0026487321808042787]",PA 20:1_20:3,"[""PA 20:1_20:3""]",True,1.5404566511278972e-11,-2.2789584729381374e-15,-7.399337294160941e-14,0.6448567535386135,1.5456493245715477,0.018713116246957696,0.00045620243540759974,True,True,frozen synthetic foreground mean NNLS; production labels only for comparison,"raw postfit residual direction, constrained by NNLS KKT; not absorbed signal fraction",True,True,TP,0.012436147005554185,6.917752800400272e-07,0.7219248592415819,0.8527237866006904,PA 20:2_20:2,PA 20:2_20:2,8,0.07339449541284404,1.1666641855865811,0.0,74,0,74,,FROZEN_CHANNEL_DETECTION_THRESHOLD_NOT_AVAILABLE,,0.016376971643031292,0.11433401047850317,,,0.0,candidate spectral contributions; arithmetic channel mean; all aliases,sum of unchanged b values on specified channels; no normalization,LIBRARY_SHARING_SUPPORT_NOT_VERIFIED_IDENTITY_DIAGNOSTIC
V58_MILD_CAL_R1_K125,29,PA 18:2_22:3,0.0003499725961376945,0.00035005589953806637,8.330340037188914e-08,0.00023802835151437286,0.004567775329978828,0.0361017924470458,PA 18:2_22:2,0.0043153487053447185,0.11953281022140246,"[""PA 18:2_22:2"", ""PA 20:1_20:2"", ""PA 18:1_22:3"", ""PA 20:2_20:3"", ""PG 17:0_20:3""]","[0.0043153487053447185, 0.004041599202069857, 0.0033995959081464106, 0.0033534714633643783, 0.002761471819769764]",PA 18:2_22:2,"[""PA 18:2_22:2""]",True,1.5404566511278972e-11,1.8200329983907016e-15,2.0649701487195287e-13,0.5204689180222851,1.5316114343207674,0.018709780852219148,0.00028010328219793665,True,True,frozen synthetic foreground mean NNLS; production labels only for comparison,"raw postfit residual direction, constrained by NNLS KKT; not absorbed signal fraction",True,True,TP,0.007107591770200264,2.76889556343824e-07,0.72288923622664,0.7079830843017301,PA 20:2_20:3,PE 18:2_22:3,20,0.16129032258064516,1.3176324808372168,0.0,77,0,77,,FROZEN_CHANNEL_DETECTION_THRESHOLD_NOT_AVAILABLE,,0.012599391008335188,0.10330784136532611,,,0.0,candidate spectral contributions; arithmetic channel mean; all aliases,sum of unchanged b values on specified channels; no normalization,LIBRARY_SHARING_SUPPORT_NOT_VERIFIED_IDENTITY_DIAGNOSTIC
V58_MILD_CAL_R1_K125,30,PA 24:0_18:2,0.0003499725961376945,0.0003499725961376945,0.0,0.0,0.0,0.0,,0.0,0.0,[],[],,[],False,1.5404566511278972e-11,,,0.0,0.0,0.01870755452050573,9.443403339052787e-17,True,False,frozen synthetic foreground mean NNLS; production labels only for comparison,"raw postfit residual direction, constrained by NNLS KKT; not absorbed signal fraction",False,False,UNREPORTED_NONTRUTH,0.0002707371012962894,,0.5485397926471909,0.7692055144368604,PE O-16:1_24:0,PA 18:2_24:6,42,0.3925233644859813,0.815740378580379,0.0,68,0,68,,FROZEN_CHANNEL_DETECTION_THRESHOLD_NOT_AVAILABLE,,0.0,0.0,,,0.0,candidate spectral contributions; arithmetic channel mean; all aliases,sum of unchanged b values on specified channels; no normalization,LIBRARY_SHARING_SUPPORT_NOT_VERIFIED_IDENTITY_DIAGNOSTIC
V58_MILD_CAL_R1_K125,31,PA 24:1_18:2,0.0003499725961376945,0.0003499725961376945,0.0,0.0,0.0,0.0,,0.0,0.0,[],[],,[],False,1.5404566511278972e-11,,,0.0,0.0,0.01870755452050573,9.443403339052787e-17,True,False,frozen synthetic foreground mean NNLS; production labels only for comparison,"raw postfit residual direction, constrained by NNLS KKT; not absorbed signal fraction",False,False,UNREPORTED_NONTRUTH,0.0005304399625663235,,0.6386711849874247,0.8239691455184818,PA 18:1_24:1,PA 18:2_24:6,42,0.4,0.8242351106426822,0.0,66,0,66,,FROZEN_CHANNEL_DETECTION_THRESHOLD_NOT_AVAILABLE,,0.0,0.0,,,0.0,candidate spectral contributions; arithmetic channel mean; all aliases,sum of unchanged b values on specified channels; no normalization,LIBRARY_SHARING_SUPPORT_NOT_VERIFIED_IDENTITY_DIAGNOSTIC
V58_MILD_CAL_R1_K125,32,PA 18:2_24:4,0.0003499725961376945,0.0003499725961376945,0.0,0.0,0.0,0.0,,0.0,0.0,[],[],,[],False,1.5404566511278972e-11,,,0.0,0.0,0.01870755452050573,9.443403339052787e-17,True,False,frozen synthetic foreground mean NNLS; production labels only for comparison,"raw postfit residual direction, constrained by NNLS KKT; not absorbed signal fraction",False,False,UNREPORTED_NONTRUTH,0.00035914161373249174,,0.6430180714358021,0.8073264938743845,PE O-16:1_24:4,PA 18:1_24:4,74,0.7708333333333334,0.8141562280597011,0.0,85,0,85,,FROZEN_CHANNEL_DETECTION_THRESHOLD_NOT_AVAILABLE,,0.0,0.0,,,0.0,candidate spectral contributions; arithmetic channel mean; all aliases,sum of unchanged b values on specified channels; no normalization,LIBRARY_SHARING_SUPPORT_NOT_VERIFIED_IDENTITY_DIAGNOSTIC
V58_MILD_CAL_R1_K125,33,PA 18:2_24:5,0.0003499725961376945,0.00035030377819443386,3.3118205673937466e-07,0.0009463085380055433,0.0026883087078747874,0.03924137640983207,PA 20:1_20:3,0.005466347588222181,0.13930060788370477,"[""PA 20:1_20:3"", ""PA 18:2_22:3"", ""PA 18:1_22:2"", ""PG 14:0_22:3"", ""PA 20:2_22:4""]","[0.005466347588222181, 0.004231843256480181, 0.0037447401419360062, 0.0024255097118731674, 0.0019612208143199757]",PA 20:1_20:3,"[""PA 20:1_20:3""]",True,1.5404566511278972e-11,1.84072723599768e-15,7.67202897759841e-14,0.36146831030864524,1.852385801450001,0.01871640398672869,0.0005651317991757342,True,True,frozen synthetic foreground mean NNLS; production labels only for comparison,"raw postfit residual direction, constrained by NNLS KKT; not absorbed signal fraction",False,False,UNREPORTED_NONTRUTH,2.5556059117674908e-05,,0.8030418146788154,0.7287620188917996,PE O-16:1_24:5,PA 18:2_24:6,65,0.6842105263157895,0.8295457738691329,0.0,79,0,79,,FROZEN_CHANNEL_DETECTION_THRESHOLD_NOT_AVAILABLE,,0.08814402952902672,0.9803185456958645,,,0.0,candidate spectral contributions; arithmetic channel mean; all aliases,sum of unchanged b values on specified channels; no normalization,LIBRARY_SHARING_SUPPORT_NOT_VERIFIED_IDENTITY_DIAGNOSTIC
V58_MILD_CAL_R1_K125,34,PA 18:2_24:6,0.0003499725961376945,0.0003499725961376945,0.0,0.0,0.0,0.0,,0.0,0.0,[],[],,[],False,1.5404566511278972e-11,,,0.0,0.0,0.01870755452050573,9.443403339052787e-17,True,False,frozen synthetic foreground mean NNLS; production labels only for comparison,"raw postfit residual direction, constrained by NNLS KKT; not absorbed signal fraction",False,False,UNREPORTED_NONTRUTH,0.0,,0.8030418146788154,0.7093321803775429,PE O-16:1_24:6,PA 18:2_24:5,65,0.6842105263157895,0.9181449196242437,0.0,81,0,81,,FROZEN_CHANNEL_DETECTION_THRESHOLD_NOT_AVAILABLE,,0.0,0.0,,,0.0,candidate spectral contributions; arithmetic channel mean; all aliases,sum of unchanged b values on specified channels; no normalization,LIBRARY_SHARING_SUPPORT_NOT_VERIFIED_IDENTITY_DIAGNOSTIC
V58_MILD_CAL_R1_K125,35,PA 20:0_20:0,0.0003499725961376945,0.0003499725961376945,0.0,0.0,0.0,0.0,,0.0,0.0,[],[],,[],False,1.5404566511278972e-11,,,0.0,0.0,0.01870755452050573,9.443403339052787e-17,True,False,frozen synthetic foreground mean NNLS; production labels only for comparison,"raw postfit residual direction, constrained by NNLS KKT; not absorbed signal fraction",True,True,TP,0.014122314394394892,0.0,0.89717321742634,0.7579947501177712,PA 20:0_22:6,PA 20:0_22:6,45,0.5357142857142857,0.299768305320103,0.0,45,0,45,,FROZEN_CHANNEL_DETECTION_THRESHOLD_NOT_AVAILABLE,,0.0,0.0,,,0.0,candidate spectral contributions; arithmetic channel mean; all aliases,sum of unchanged b values on specified channels; no normalization,LIBRARY_SHARING_SUPPORT_NOT_VERIFIED_IDENTITY_DIAGNOSTIC
V58_MILD_CAL_R1_K125,36,PA 20:0_20:1,0.0003499725961376945,0.0003501887255301332,2.161293924386981e-07,0.0006175609010715297,0.005938343205265074,0.05956406291235565,PG 16:0_20:3,0.004432150528737236,0.07440980873290033,"[""PG 16:0_20:3"", ""PG 20:1_18:3"", ""PA 20:0_22:6"", ""PA 18:0_22:1"", ""PE O-18:1_22:2""]","[0.004432150528737236, 0.0036072443680275177, 0.003493305965949642, 0.002707999138583734, 0.0024696923456384995]",PG 16:0_20:3,"[""PG 16:0_20:3""]",True,1.5404566511278972e-11,2.4990720077505144e-15,6.242355901245202e-14,0.48304007522983106,1.3915582613658761,0.018713330156071455,0.00042329302979504104,True,True,frozen synthetic foreground mean NNLS; production labels only for comparison,"raw postfit residual direction, constrained by NNLS KKT; not absorbed signal fraction",True,True,TP,0.014147961316347437,7.183856999576672e-07,0.696037839080538,0.6322055750342923,PE 17:0_20:1,PE 17:0_20:1,27,0.27835051546391754,0.5135377708573733,0.0,60,0,60,,FROZEN_CHANNEL_DETECTION_THRESHOLD_NOT_AVAILABLE,,0.024315883860234134,0.13417000749633914,,,0.0,candidate spectral contributions; arithmetic channel mean; all aliases,sum of unchanged b values on specified channels; no normalization,LIBRARY_SHARING_SUPPORT_NOT_VERIFIED_IDENTITY_DIAGNOSTIC
V58_MILD_CAL_R1_K125,37,PA 20:0_20:2,0.0003499725961376945,0.0003499725961376945,0.0,0.0,0.0,0.0,,0.0,0.0,[],[],,[],False,1.5404566511278972e-11,,,0.0,0.0,0.01870755452050573,9.443403339052787e-17,True,False,frozen synthetic foreground mean NNLS; production labels only for comparison,"raw postfit residual direction, constrained by NNLS KKT; not absorbed signal fraction",False,False,UNREPORTED_NONTRUTH,7.418604805942441e-05,,0.6350781738054386,0.6813815468336907,PA 20:1_20:1,PA 20:0_22:6,47,0.42342342342342343,0.7272322549128004,0.0,74,0,74,,FROZEN_CHANNEL_DETECTION_THRESHOLD_NOT_AVAILABLE,,0.0,0.0,,,0.0,candidate spectral contributions; arithmetic channel mean; all aliases,sum of unchanged b values on specified channels; no normalization,LIBRARY_SHARING_SUPPORT_NOT_VERIFIED_IDENTITY_DIAGNOSTIC
V58_MILD_CAL_R1_K125,38,PA 20:0_20:3,0.0003499725961376945,0.0003499725961376945,0.0,0.0,0.0,0.0,,0.0,0.0,[],[],,[],False,1.5404566511278972e-11,,,0.0,0.0,0.01870755452050573,9.443403339052787e-17,True,False,frozen synthetic foreground mean NNLS; production labels only for comparison,"raw postfit residual direction, constrained by NNLS KKT; not absorbed signal fraction",False,False,UNREPORTED_NONTRUTH,0.0007972760472885376,,0.720392040156877,0.5944301201005425,PA 20:0_22:5,PA 20:0_22:6,46,0.38333333333333336,0.8722855646636373,0.0,82,0,82,,FROZEN_CHANNEL_DETECTION_THRESHOLD_NOT_AVAILABLE,,0.0,0.0,,,0.0,candidate spectral contributions; arithmetic channel mean; all aliases,sum of unchanged b values on specified channels; no normalization,LIBRARY_SHARING_SUPPORT_NOT_VERIFIED_IDENTITY_DIAGNOSTIC
V58_MILD_CAL_R1_K125,39,PA 20:0_20:4,0.0003499725961376945,0.0003499725961376945,0.0,0.0,0.0,0.0,,0.0,0.0,[],[],,[],False,1.5404566511278972e-11,,,0.0,0.0,0.01870755452050573,9.443403339052787e-17,True,False,frozen synthetic foreground mean NNLS; production labels only for comparison,"raw postfit residual direction, constrained by NNLS KKT; not absorbed signal fraction",False,True,FP,0.004274410202972739,0.0,0.8619613493802234,0.7357146727510001,PA 20:0_22:5,PA 20:0_22:6,45,0.3515625,0.9193781158411832,0.0,89,0,89,,FROZEN_CHANNEL_DETECTION_THRESHOLD_NOT_AVAILABLE,,0.0,0.0,,,0.0,candidate spectral contributions; arithmetic channel mean; all aliases,sum of unchanged b values on specified channels; no normalization,LIBRARY_SHARING_SUPPORT_NOT_VERIFIED_IDENTITY_DIAGNOSTIC
V58_MILD_CAL_R1_K125,40,PA 20:0_20:5,0.0003499725961376945,0.0003499725961376945,0.0,0.0,0.0,0.0,,0.0,0.0,[],[],,[],False,1.5404566511278972e-11,,,0.0,0.0,0.01870755452050573,9.443403339052787e-17,True,False,frozen synthetic foreground mean NNLS; production labels only for comparison,"raw postfit residual direction, constrained by NNLS KKT; not absorbed signal fraction",False,False,UNREPORTED_NONTRUTH,9.931789967015338e-05,,0.9175683799764222,0.730817583635113,PA 20:0_22:5,PA 20:0_22:6,45,0.3629032258064516,0.8295118754938962,0.0,85,0,85,,FROZEN_CHANNEL_DETECTION_THRESHOLD_NOT_AVAILABLE,,0.0,0.0,,,0.0,candidate spectral contributions; arithmetic channel mean; all aliases,sum of unchanged b values on specified channels; no normalization,LIBRARY_SHARING_SUPPORT_NOT_VERIFIED_IDENTITY_DIAGNOSTIC
V58_MILD_CAL_R1_K125,41,PA 20:0_22:1,0.0003499725961376945,0.0003499725961376945,0.0,0.0,0.0,0.0,,0.0,0.0,[],[],,[],False,1.5404566511278972e-11,,,0.0,0.0,0.01870755452050573,9.443403339052787e-17,True,False,frozen synthetic foreground mean NNLS; production labels only for comparison,"raw postfit residual direction, constrained by NNLS KKT; not absorbed signal fraction",False,False,UNREPORTED_NONTRUTH,1.9520170822699143e-08,,0.7258338497281522,0.7340588527565544,PE O-18:1_22:1,PE O-18:1_22:1,23,0.27380952380952384,0.4535037406121332,0.0,77,0,77,,FROZEN_CHANNEL_DETECTION_THRESHOLD_NOT_AVAILABLE,,0.0,0.0,,,0.0,candidate spectral contributions; arithmetic channel mean; all aliases,sum of unchanged b values on specified channels; no normalization,LIBRARY_SHARING_SUPPORT_NOT_VERIFIED_IDENTITY_DIAGNOSTIC
V58_MILD_CAL_R1_K125,42,PA 20:0_22:2,0.0003499725961376945,0.0003499725961376945,0.0,0.0,0.0,0.0,,0.0,0.0,[],[],,[],False,1.5404566511278972e-11,,,0.0,0.0,0.01870755452050573,9.443403339052787e-17,True,False,frozen synthetic foreground mean NNLS; production labels only for comparison,"raw postfit residual direction, constrained by NNLS KKT; not absorbed signal fraction",False,False,UNREPORTED_NONTRUTH,0.00023936122415493835,,0.6532726122088435,0.644798329917378,PE O-18:2_22:2,PE O-18:2_22:2,18,0.2,0.6705829692469802,0.0,77,0,77,,FROZEN_CHANNEL_DETECTION_THRESHOLD_NOT_AVAILABLE,,0.0,0.0,,,0.0,candidate spectral contributions; arithmetic channel mean; all aliases,sum of unchanged b values on specified channels; no normalization,LIBRARY_SHARING_SUPPORT_NOT_VERIFIED_IDENTITY_DIAGNOSTIC
V58_MILD_CAL_R1_K125,43,PA 20:0_22:3,0.0003499725961376945,0.0003499725961376945,0.0,0.0,0.0,0.0,,0.0,0.0,[],[],,[],False,1.5404566511278972e-11,,,0.0,0.0,0.01870755452050573,9.443403339052787e-17,True,False,frozen synthetic foreground mean NNLS; production labels only for comparison,"raw postfit residual direction, constrained by NNLS KKT; not absorbed signal fraction",False,False,UNREPORTED_NONTRUTH,0.0005240867318844484,,0.654560398611832,0.6480794206883438,PE O-18:2_22:3,PA 22:3_22:6,44,0.3697478991596639,0.8215512644976157,0.0,80,0,80,,FROZEN_CHANNEL_DETECTION_THRESHOLD_NOT_AVAILABLE,,0.0,0.0,,,0.0,candidate spectral contributions; arithmetic channel mean; all aliases,sum of unchanged b values on specified channels; no normalization,LIBRARY_SHARING_SUPPORT_NOT_VERIFIED_IDENTITY_DIAGNOSTIC
V58_MILD_CAL_R1_K125,44,PA 20:0_22:4,0.0003499725961376945,0.0003499725961376945,0.0,0.0,0.0,0.0,,0.0,0.0,[],[],,[],False,1.5404566511278972e-11,,,0.0,0.0,0.01870755452050573,9.443403339052787e-17,True,False,frozen synthetic foreground mean NNLS; production labels only for comparison,"raw postfit residual direction, constrained by NNLS KKT; not absorbed signal fraction",False,False,UNREPORTED_NONTRUTH,0.0007652116170746293,,0.8117687728292199,0.7355085187509894,PA 20:0_22:5,PA 20:0_22:5,67,0.6633663366336634,0.8451590740124404,0.0,86,0,86,,FROZEN_CHANNEL_DETECTION_THRESHOLD_NOT_AVAILABLE,,0.0,0.0,,,0.0,candidate spectral contributions; arithmetic channel mean; all aliases,sum of unchanged b values on specified channels; no normalization,LIBRARY_SHARING_SUPPORT_NOT_VERIFIED_IDENTITY_DIAGNOSTIC
V58_MILD_CAL_R1_K125,45,PA 20:0_22:5,0.0003499725961376945,0.0003499725961376945,0.0,0.0,0.0,0.0,,0.0,0.0,[],[],,[],False,1.5404566511278972e-11,,,0.0,0.0,0.01870755452050573,9.443403339052787e-17,True,False,frozen synthetic foreground mean NNLS; production labels only for comparison,"raw postfit residual direction, constrained by NNLS KKT; not absorbed signal fraction",False,True,FP,0.0019930758600626643,0.0,0.9226231981720068,0.820949664304886,PA 20:0_22:6,PA 20:0_22:6,68,0.6938775510204082,0.7583376399326983,0.0,82,0,82,,FROZEN_CHANNEL_DETECTION_THRESHOLD_NOT_AVAILABLE,,0.0,0.0,,,0.0,candidate spectral contributions; arithmetic channel mean; all aliases,sum of unchanged b values on specified channels; no normalization,LIBRARY_SHARING_SUPPORT_NOT_VERIFIED_IDENTITY_DIAGNOSTIC
V58_MILD_CAL_R1_K125,46,PA 20:0_22:6,0.0003499725961376945,0.00035516172136445206,5.189125226757573e-06,0.01482723295823057,0.028752948738898443,0.21110734916214696,PA 20:0_20:0,0.015726425782371312,0.07449492329240368,"[""PA 20:0_20:0"", ""PA 20:0_22:3"", ""PE 16:0_22:3"", ""PA 20:2_22:6"", ""PA 20:1_20:3""]","[0.015726425782371312, 0.011971808030887642, 0.010865728741172087, 0.00937467516616823, 0.009205959188994828]",PA 20:0_20:0,"[""PA 20:0_20:0""]",True,1.5404566511278972e-11,-1.307314104541138e-15,0.01328170074665774,0.5416704778882959,1.2336686844785776,0.01884573483216963,0.001630755627170106,True,True,frozen synthetic foreground mean NNLS; production labels only for comparison,"raw postfit residual direction, constrained by NNLS KKT; not absorbed signal fraction",False,False,UNREPORTED_NONTRUTH,0.00010662969090258022,,0.9226231981720068,0.820949664304886,PA 20:0_22:5,PA 20:0_22:5,68,0.6938775510204082,0.9041663272905566,0.0,84,0,84,,FROZEN_CHANNEL_DETECTION_THRESHOLD_NOT_AVAILABLE,,0.1255900450968809,0.849444976830265,,,0.0,candidate spectral contributions; arithmetic channel mean; all aliases,sum of unchanged b values on specified channels; no normalization,LIBRARY_SHARING_SUPPORT_NOT_VERIFIED_IDENTITY_DIAGNOSTIC
V58_MILD_CAL_R1_K125,47,PA 20:1_20:1,0.0003499725961376945,0.0003499776428546131,5.046716918606815e-09,1.4420320219017653e-05,0.00018935438727392536,0.001139520685386827,PA 18:1_22:1,0.0001487675144338581,0.13055271063623042,"[""PA 18:1_22:1"", ""PA 20:1_22:2"", ""PE 17:0_20:3"", ""PA 20:1_20:2"", ""PE O-16:0_22:2""]","[0.0001487675144338581, 8.775724469984453e-05, 7.942448909969112e-05, 7.881633855370135e-05, 5.540652998187873e-05]",PA 18:1_22:1,"[""PA 18:1_22:1""]",True,1.5404566511278972e-11,2.5239356709602233e-15,0.6344925776708203,0.5927937377755036,1.1554724990333851,0.018707689404483207,2.37459350139569e-05,True,True,frozen synthetic foreground mean NNLS; production labels only for comparison,"raw postfit residual direction, constrained by NNLS KKT; not absorbed signal fraction",False,False,UNREPORTED_NONTRUTH,0.0,,0.6587714299907945,0.8162413662462789,PA 18:1_22:1,PA 18:1_22:1,8,0.07272727272727272,0.5102242762912849,0.0,44,0,44,,FROZEN_CHANNEL_DETECTION_THRESHOLD_NOT_AVAILABLE,,0.000272395759672529,0.0010639310607203684,,,0.0,candidate spectral contributions; arithmetic channel mean; all aliases,sum of unchanged b values on specified channels; no normalization,LIBRARY_SHARING_SUPPORT_NOT_VERIFIED_IDENTITY_DIAGNOSTIC
V58_MILD_CAL_R1_K125,48,PA 20:1_20:2,0.0003499725961376945,0.0003529230256504229,2.950429512728434e-06,0.008430458661217999,0.02702666103485895,0.16196013789936714,PA 18:1_22:2,0.031187184900674902,0.19256086901988373,"[""PA 18:1_22:2"", ""PA 20:1_20:4"", ""PA 20:1_20:3"", ""PA 20:2_20:2"", ""PA 18:2_22:3""]","[0.031187184900674902, 0.012807390677104048, 0.012371417904040395, 0.009997906241659615, 0.008870399737705894]",PA 18:1_22:2,"[""PA 18:1_22:2""]",True,1.5404566511278972e-11,6.781224818869635e-17,5.0000223259371425e-14,0.6045445676654532,1.4255265769247492,0.018786245650752643,0.0015227551508687303,True,True,frozen synthetic foreground mean NNLS; production labels only for comparison,"raw postfit residual direction, constrained by NNLS KKT; not absorbed signal fraction",True,True,TP,0.008674950928167856,9.806839998786968e-06,0.6127851647635488,0.6482811438952457,PA 18:1_22:2,PE 20:1_20:2,15,0.17647058823529413,0.723918760346712,0.0,58,0,58,,FROZEN_CHANNEL_DETECTION_THRESHOLD_NOT_AVAILABLE,,0.04433881850958817,0.14406725893545175,,,0.0,candidate spectral contributions; arithmetic channel mean; all aliases,sum of unchanged b values on specified channels; no normalization,LIBRARY_SHARING_SUPPORT_NOT_VERIFIED_IDENTITY_DIAGNOSTIC
V58_MILD_CAL_R1_K125,49,PA 20:1_20:3,0.0003499725961376945,0.0003502349039317994,2.623077941049331e-07,0.0007495095223176282,0.011284296579514652,0.06529462893784077,PA 20:1_20:2,0.00824725946832517,0.126308390174789,"[""PA 20:1_20:2"", ""PA 18:1_22:3"", ""PG 17:0_20:3"", ""PG 17:1_20:1"", ""PA 18:2_22:2""]","[0.00824725946832517, 0.006700303165970239, 0.006157558938077453, 0.00553009058705331, 0.00398220832116581]",PA 20:1_20:2,"[""PA 20:1_20:2""]",True,1.5404566511278972e-11,-3.955054857106129e-15,-6.063927391984642e-14,0.6194576780012514,1.3190533063861278,0.01871456395248896,0.0004068432876307099,True,True,frozen synthetic foreground mean NNLS; production labels only for comparison,"raw postfit residual direction, constrained by NNLS KKT; not absorbed signal fraction",True,True,TP,0.023725510577107783,8.718766390187077e-07,0.6701440227751094,0.7308885668484053,PA 20:2_20:2,PE 20:1_20:3,19,0.17757009345794392,0.9180413902988064,0.0,73,0,73,,FROZEN_CHANNEL_DETECTION_THRESHOLD_NOT_AVAILABLE,,0.02686568262676738,0.1399830085888361,,,0.0,candidate spectral contributions; arithmetic channel mean; all aliases,sum of unchanged b values on specified channels; no normalization,LIBRARY_SHARING_SUPPORT_NOT_VERIFIED_IDENTITY_DIAGNOSTIC
V58_MILD_CAL_R1_K125,50,PA 20:1_20:4,0.0003499725961376945,0.0003499725961376945,0.0,0.0,0.0,0.0,,0.0,0.0,[],[],,[],False,1.5404566511278972e-11,,,0.0,0.0,0.01870755452050573,9.443403339052787e-17,True,False,frozen synthetic foreground mean NNLS; production labels only for comparison,"raw postfit residual direction, constrained by NNLS KKT; not absorbed signal fraction",True,True,TP,0.02491774139321967,0.0,0.7773054907212876,0.6763648199281618,PA 20:2_20:3,PA 20:1_22:6,44,0.352,1.1298340868123653,0.0,88,0,88,,FROZEN_CHANNEL_DETECTION_THRESHOLD_NOT_AVAILABLE,,0.0,0.0,,,0.0,candidate spectral contributions; arithmetic channel mean; all aliases,sum of unchanged b values on specified channels; no normalization,LIBRARY_SHARING_SUPPORT_NOT_VERIFIED_IDENTITY_DIAGNOSTIC
V58_MILD_CAL_R1_K125,51,PA 22:0_20:1,0.0003499725961376945,0.0003499725961376945,0.0,0.0,0.0,0.0,,0.0,0.0,[],[],,[],False,1.5404566511278972e-11,,,0.0,0.0,0.01870755452050573,9.443403339052787e-17,True,False,frozen synthetic foreground mean NNLS; production labels only for comparison,"raw postfit residual direction, constrained by NNLS KKT; not absorbed signal fraction",False,True,FP,0.0012199467666765148,0.0,0.7558192242044345,0.5580968160741888,PA 20:1_22:6,PA 20:1_22:6,44,0.39285714285714285,0.5592272270421559,0.0,75,0,75,,FROZEN_CHANNEL_DETECTION_THRESHOLD_NOT_AVAILABLE,,0.0,0.0,,,0.0,candidate spectral contributions; arithmetic channel mean; all aliases,sum of unchanged b values on specified channels; no normalization,LIBRARY_SHARING_SUPPORT_NOT_VERIFIED_IDENTITY_DIAGNOSTIC
V58_MILD_CAL_R1_K125,52,PA 20:1_22:1,0.0003499725961376945,0.00034997374243207654,1.1462943820604414e-09,3.275383248390271e-06,6.256542837246533e-05,0.000701099691714542,PE 17:0_22:2,5.3557967954965396e-05,0.07639137274129704,"[""PE 17:0_22:2"", ""PE 17:1_22:1"", ""PA 20:1_20:3"", ""PE 18:2_20:4"", ""PA 22:1_20:2""]","[5.3557967954965396e-05, 5.0065143804785966e-05, 3.859426373873688e-05, 3.84317676350894e-05, 3.395748503763748e-05]",PE 17:0_22:2,"[""PE 17:0_22:2""]",True,1.5404566511278972e-11,-3.176127045793858e-15,1.215436976479114e-12,0.3601190883651436,1.1324834590304893,0.01870758515768609,2.8634642419894344e-05,True,True,frozen synthetic foreground mean NNLS; production labels only for comparison,"raw postfit residual direction, constrained by NNLS KKT; not absorbed signal fraction",False,False,UNREPORTED_NONTRUTH,2.8781733127600516e-05,,0.7105340183815244,0.6096248939398703,PE O-18:1_22:1,PE O-18:1_22:1,19,0.21839080459770116,0.6639597115833151,0.0,76,0,76,,FROZEN_CHANNEL_DETECTION_THRESHOLD_NOT_AVAILABLE,,0.00021698951857913125,0.0023193369853060078,,,0.0,candidate spectral contributions; arithmetic channel mean; all aliases,sum of unchanged b values on specified channels; no normalization,LIBRARY_SHARING_SUPPORT_NOT_VERIFIED_IDENTITY_DIAGNOSTIC
V58_MILD_CAL_R1_K125,53,PA 20:1_22:2,0.0003499725961376945,0.0003569813739231821,7.008777785487625e-06,0.02002664735127838,0.025294082351763097,0.2099628891500755,PA 18:1_22:2,0.02065122764531372,0.098356560670369,"[""PA 18:1_22:2"", ""PA 20:1_20:3"", ""PG 14:0_22:3"", ""PA 20:1_20:4"", ""PA 20:0_22:3""]","[0.02065122764531372, 0.016628222206659146, 0.01041654790945402, 0.010275753172376554, 0.009859961900048118]",PA 18:1_22:2,"[""PA 18:1_22:2""]",True,1.5404566511278972e-11,-3.49824533289308e-15,3.659547784211969e-15,0.546891864071161,1.5619052150125092,0.018893950723000784,0.002409018663288637,True,True,frozen synthetic foreground mean NNLS; production labels only for comparison,"raw postfit residual direction, constrained by NNLS KKT; not absorbed signal fraction",True,True,TP,0.021354780881223175,2.329625636972671e-05,0.8163714081476525,0.7650313053422219,PE O-18:2_22:2,PE O-18:2_22:2,24,0.2891566265060241,0.8810389402181622,0.0,76,0,76,,FROZEN_CHANNEL_DETECTION_THRESHOLD_NOT_AVAILABLE,,0.050241065984542865,0.32683400329155704,,,0.0,candidate spectral contributions; arithmetic channel mean; all aliases,sum of unchanged b values on specified channels; no normalization,LIBRARY_SHARING_SUPPORT_NOT_VERIFIED_IDENTITY_DIAGNOSTIC
V58_MILD_CAL_R1_K125,54,PA 20:1_22:3,0.0003499725961376945,0.0003502141869863947,2.4159084870020676e-07,0.0006903136150547078,0.002682616040277104,0.013068514275409216,PA 20:1_22:2,0.001916635769996275,0.1466605713134593,"[""PA 20:1_22:2"", ""PA 22:0_20:4"", ""PE O-16:1_22:3"", ""PA 20:1_20:3"", ""PA 20:1_20:2""]","[0.001916635769996275, 0.0018268987317851615, 0.0008538336926321999, 0.0006023902753118943, 0.0005694666827466485]",PA 20:1_22:2,"[""PA 20:1_22:2""]",True,1.5404566511278972e-11,3.1616842702419213e-15,7.760365450071199e-13,0.6589550002702221,1.2084177787542743,0.018714010446357964,0.00018085071961088198,True,True,frozen synthetic foreground mean NNLS; production labels only for comparison,"raw postfit residual direction, constrained by NNLS KKT; not absorbed signal fraction",False,False,UNREPORTED_NONTRUTH,0.00011666560690455906,,0.8136488404196743,0.7993452854565576,PE O-18:2_22:3,PE O-18:2_22:3,24,0.27906976744186046,1.0320072354687977,0.0,79,0,79,,FROZEN_CHANNEL_DETECTION_THRESHOLD_NOT_AVAILABLE,,0.004557200222445804,0.02142144400196835,,,0.0,candidate spectral contributions; arithmetic channel mean; all aliases,sum of unchanged b values on specified channels; no normalization,LIBRARY_SHARING_SUPPORT_NOT_VERIFIED_IDENTITY_DIAGNOSTIC
V58_MILD_CAL_R1_K125,55,PA 20:1_22:4,0.0003499725961376945,0.0003662810570259075,1.630846088821299e-05,0.046599250974488526,0.03515662777254409,0.33955800273925935,PA 20:0_20:1,0.024720421214084735,0.07280176292294402,"[""PA 20:0_20:1"", ""PA 20:1_20:3"", ""PA 20:2_22:4"", ""PA 22:1_20:4"", ""PE O-18:1_20:2""]","[0.024720421214084735, 0.02229480467032304, 0.019125871599418764, 0.01899101759232745, 0.017002592742036065]",PA 20:0_20:1,"[""PA 20:0_20:1""]",True,1.5404566511278972e-11,8.046484505164941e-16,1.2399478536153873e-14,0.5554639531134239,1.7287876596882843,0.019138470603104824,0.003356128675742579,True,True,frozen synthetic foreground mean NNLS; production labels only for comparison,"raw postfit residual direction, constrained by NNLS KKT; not absorbed signal fraction",True,True,TP,0.015728717200456117,5.420718097728402e-05,0.7254488195902485,0.7086813975780202,PE O-16:1_22:4,PA 22:4_22:6,52,0.46017699115044247,1.055615044983622,0.0,85,0,85,,FROZEN_CHANNEL_DETECTION_THRESHOLD_NOT_AVAILABLE,,0.10043617364733105,0.35856390629363594,,,0.0,candidate spectral contributions; arithmetic channel mean; all aliases,sum of unchanged b values on specified channels; no normalization,LIBRARY_SHARING_SUPPORT_NOT_VERIFIED_IDENTITY_DIAGNOSTIC
V58_MILD_CAL_R1_K125,56,PA 20:1_22:5,0.0003499725961376945,0.0003499725961376945,0.0,0.0,0.0,0.0,,0.0,0.0,[],[],,[],False,1.5404566511278972e-11,,,0.0,0.0,0.01870755452050573,9.443403339052787e-17,True,False,frozen synthetic foreground mean NNLS; production labels only for comparison,"raw postfit residual direction, constrained by NNLS KKT; not absorbed signal fraction",False,True,FP,0.0017160778806742329,9.009363879083474e-19,0.8753112951157082,0.7662033599008952,PA 20:1_22:6,PA 20:1_22:6,66,0.6947368421052632,0.9681876455987297,0.0,80,0,80,,FROZEN_CHANNEL_DETECTION_THRESHOLD_NOT_AVAILABLE,,0.0,0.0,,,0.0,candidate spectral contributions; arithmetic channel mean; all aliases,sum of unchanged b values on specified channels; no normalization,LIBRARY_SHARING_SUPPORT_NOT_VERIFIED_IDENTITY_DIAGNOSTIC
V58_MILD_CAL_R1_K125,57,PA 20:1_22:6,0.0003499725961376945,0.0003539915649131417,4.018968775447234e-06,0.011483667030838978,0.021550644284592798,0.1380485395379667,PA 20:1_20:3,0.01850245525163295,0.13402862003049512,"[""PA 20:1_20:3"", ""PA 18:2_22:3"", ""PG 14:0_22:3"", ""PA 20:0_20:1"", ""PA 20:2_22:6""]","[0.01850245525163295, 0.008802234865816109, 0.006833781599137327, 0.0064993514934799665, 0.006498741492695174]",PA 20:1_20:3,"[""PA 20:1_20:3""]",True,1.5404566511278972e-11,1.8866910182359845e-15,2.813848694148136e-14,0.5911151546214332,1.2893080965438988,0.018814663560987262,0.0015804907323904611,True,True,frozen synthetic foreground mean NNLS; production labels only for comparison,"raw postfit residual direction, constrained by NNLS KKT; not absorbed signal fraction",False,True,FP,0.011711613850962945,1.3358524096542611e-05,0.8753112951157082,0.7662033599008952,PA 20:1_22:5,PA 20:1_22:5,66,0.6947368421052632,1.113936133697991,0.0,81,0,81,,FROZEN_CHANNEL_DETECTION_THRESHOLD_NOT_AVAILABLE,,0.04871896911694561,0.3771588074836272,,,0.0,candidate spectral contributions; arithmetic channel mean; all aliases,sum of unchanged b values on specified channels; no normalization,LIBRARY_SHARING_SUPPORT_NOT_VERIFIED_IDENTITY_DIAGNOSTIC
V58_MILD_CAL_R1_K125,58,PA 20:2_20:2,0.0003499725961376945,0.00035049781315132884,5.252170136343568e-07,0.001500737537538442,0.011748733358201797,0.07479587153776904,PA 18:2_22:2,0.009806448117078306,0.13110948392379274,"[""PA 18:2_22:2"", ""PA 20:1_20:2"", ""PA 18:1_22:3"", ""PG 17:0_20:3"", ""PG 17:1_20:1""]","[0.009806448117078306, 0.00860060544955011, 0.008441641057056342, 0.005497857620982146, 0.005322488785096249]",PA 18:2_22:2,"[""PA 18:2_22:2""]",True,1.5404566511278972e-11,-9.088997122860677e-16,1.0158810676302228e-14,0.6663485582365829,1.588992790086913,0.018721586822471235,0.00065702766070591,True,True,frozen synthetic foreground mean NNLS; production labels only for comparison,"raw postfit residual direction, constrained by NNLS KKT; not absorbed signal fraction",True,True,TP,0.011399022448677751,1.7457523371189477e-06,0.7219248592415819,0.8527237866006904,PA 18:2_22:2,PA 18:2_22:2,8,0.07339449541284404,0.6832503662485085,0.0,43,0,43,,FROZEN_CHANNEL_DETECTION_THRESHOLD_NOT_AVAILABLE,,0.027927827509820532,0.18571319200183695,,,0.0,candidate spectral contributions; arithmetic channel mean; all aliases,sum of unchanged b values on specified channels; no normalization,LIBRARY_SHARING_SUPPORT_NOT_VERIFIED_IDENTITY_DIAGNOSTIC
V58_MILD_CAL_R1_K125,59,PA 20:2_20:3,0.0003499725961376945,0.0003552507050796911,5.278108941996645e-06,0.015081492051561987,0.024525581207881314,0.1855085124264796,PA 20:1_20:4,0.02468128936912379,0.13304666748795363,"[""PA 20:1_20:4"", ""PA 20:3_22:4"", ""PA 20:2_20:2"", ""PA 20:2_22:6"", ""PA 18:2_22:3""]","[0.02468128936912379, 0.014452036021659715, 0.014016076686026514, 0.013499832525067649, 0.013370280966847257]",PA 20:1_20:4,"[""PA 20:1_20:4""]",True,1.5404566511278972e-11,5.716364855952339e-16,0.01005010011811633,0.6272682721375854,1.7680321755463795,0.01884809552924887,0.0019145137911591819,True,True,frozen synthetic foreground mean NNLS; production labels only for comparison,"raw postfit residual direction, constrained by NNLS KKT; not absorbed signal fraction",False,True,FP,0.00338662627155709,1.7543740552697457e-05,0.5477421589411424,0.7079830843017301,PA 18:2_22:3,PE 20:2_20:3,14,0.16470588235294117,0.8773729962006028,0.0,58,0,58,,FROZEN_CHANNEL_DETECTION_THRESHOLD_NOT_AVAILABLE,,0.0874024484447237,0.45383631610357683,,,0.0,candidate spectral contributions; arithmetic channel mean; all aliases,sum of unchanged b values on specified channels; no normalization,LIBRARY_SHARING_SUPPORT_NOT_VERIFIED_IDENTITY_DIAGNOSTIC
V58_MILD_CAL_R1_K125,60,PA 22:1_20:2,0.0003499725961376945,0.0003500448251812304,7.222904353592317e-08,0.0002063848544904935,0.0025665003509984102,0.02691341524132914,PA 20:1_22:2,0.0024000215142303237,0.0891756580359818,"[""PA 20:1_22:2"", ""PA 20:1_20:2"", ""PE O-16:0_22:4"", ""PG 17:1_20:2"", ""PG 17:0_20:2""]","[0.0024000215142303237, 0.0015407381673791971, 0.0015192608771087968, 0.0014518106320002598, 0.0013295234283118365]",PA 20:1_22:2,"[""PA 20:1_22:2""]",True,1.5404566511278972e-11,-5.622324656235086e-15,-1.587028159179736e-13,0.4820753706213952,1.594560431429754,0.018709484898874966,0.00015108955546294333,True,True,frozen synthetic foreground mean NNLS; production labels only for comparison,"raw postfit residual direction, constrained by NNLS KKT; not absorbed signal fraction",False,True,FP,0.0020848501682926963,2.4007984944727786e-07,0.7098522799956806,0.5141646873611689,PE O-20:2_20:2,PA 20:2_22:6,43,0.3805309734513274,0.8369858015405387,0.0,75,0,75,,FROZEN_CHANNEL_DETECTION_THRESHOLD_NOT_AVAILABLE,,0.01166203844079607,0.13141054276720182,,,0.0,candidate spectral contributions; arithmetic channel mean; all aliases,sum of unchanged b values on specified channels; no normalization,LIBRARY_SHARING_SUPPORT_NOT_VERIFIED_IDENTITY_DIAGNOSTIC
V58_MILD_CAL_R1_K125,61,PA 20:2_22:4,0.0003499725961376945,0.00035055821278003144,5.856166423369598e-07,0.0016733214175238774,0.014810880559543823,0.12268358231019998,PA 20:1_20:2,0.01163748143942548,0.094857691796982,"[""PA 20:1_20:2"", ""PA 22:2_20:4"", ""PA 18:1_22:3"", ""PA 20:3_22:4"", ""PA 20:2_20:2""]","[0.01163748143942548, 0.011287495700469233, 0.010306051128938318, 0.009768976524911892, 0.009374530990396762]",PA 20:1_20:2,"[""PA 20:1_20:2""]",True,1.5404566511278972e-11,-3.026562132864863e-15,-1.4166781899872163e-14,0.6026990197183479,1.7883502500424546,0.01872319985419244,0.0005201736484001443,True,True,frozen synthetic foreground mean NNLS; production labels only for comparison,"raw postfit residual direction, constrained by NNLS KKT; not absorbed signal fraction",True,True,TP,0.017798171911182478,1.9465127661081986e-06,0.6566445114812518,0.5942547533059361,PA 22:4_22:6,PA 22:4_22:6,51,0.45132743362831856,1.2286411349408457,0.0,84,0,84,,FROZEN_CHANNEL_DETECTION_THRESHOLD_NOT_AVAILABLE,,0.05306995395415144,0.2663783128284155,,,0.0,candidate spectral contributions; arithmetic channel mean; all aliases,sum of unchanged b values on specified channels; no normalization,LIBRARY_SHARING_SUPPORT_NOT_VERIFIED_IDENTITY_DIAGNOSTIC
V58_MILD_CAL_R1_K125,62,PA 20:2_22:6,0.0003499725961376945,0.0003499828823507094,1.0286213014925986e-08,2.939148121611059e-05,0.0008033458945091849,0.010367561381500204,PG 16:0_20:3,0.0013024217381038157,0.1256246951479084,"[""PG 16:0_20:3"", ""PE O-16:0_22:4"", ""PE O-16:1_22:3"", ""PA 20:2_20:3"", ""PG 17:0_20:2""]","[0.0013024217381038157, 0.0008140642811039316, 0.0006827350890205516, 0.000480950974256239, 0.00048091623703714476]",PG 16:0_20:3,"[""PG 16:0_20:3""]",True,1.5404566511278972e-11,-6.070367578628497e-15,-1.3204553026696769e-12,0.34088082129218283,1.3681430511398829,0.018707829439855113,0.00010142096930706693,True,True,frozen synthetic foreground mean NNLS; production labels only for comparison,"raw postfit residual direction, constrained by NNLS KKT; not absorbed signal fraction",True,True,TP,0.012885181348788329,3.419002040045556e-08,0.885293413969735,0.7803276020059754,PE 20:2_20:2,PE 20:2_20:2,10,0.1,1.2871087330183522,0.0,81,0,81,,FROZEN_CHANNEL_DETECTION_THRESHOLD_NOT_AVAILABLE,,0.002556670487450908,0.02834688366668825,,,0.0,candidate spectral contributions; arithmetic channel mean; all aliases,sum of unchanged b values on specified channels; no normalization,LIBRARY_SHARING_SUPPORT_NOT_VERIFIED_IDENTITY_DIAGNOSTIC
V58_MILD_CAL_R1_K125,63,PA 22:0_20:3,0.0003499725961376945,0.00035001868091617057,4.6084778476088335e-08,0.00013168110547225666,0.00194288336762896,0.019643428756455507,PA 22:0_18:1,0.001598735428970076,0.08138779887718374,"[""PA 22:0_18:1"", ""PG 17:0_20:3"", ""PG 17:1_20:1"", ""PA 20:1_22:2"", ""PA 18:0_22:0""]","[0.001598735428970076, 0.0015049033571568268, 0.0014170718678710036, 0.0010344763737230485, 0.0008616473494230878]",PA 22:0_18:1,"[""PA 22:0_18:1""]",True,1.5404566511278972e-11,-9.142910451153955e-16,-1.167264642856213e-13,0.542335716144271,1.6550823315293202,0.018708786195693473,0.00021444781339194157,True,True,frozen synthetic foreground mean NNLS; production labels only for comparison,"raw postfit residual direction, constrained by NNLS KKT; not absorbed signal fraction",False,True,FP,0.001056442320628412,1.5317974788045981e-07,0.6042594408732284,0.5572660331709265,PA 22:0_20:4,PA 20:3_22:6,45,0.391304347826087,0.7744803913218453,0.0,76,0,76,,FROZEN_CHANNEL_DETECTION_THRESHOLD_NOT_AVAILABLE,,0.021718524183498355,0.2129635266397143,,,0.0,candidate spectral contributions; arithmetic channel mean; all aliases,sum of unchanged b values on specified channels; no normalization,LIBRARY_SHARING_SUPPORT_NOT_VERIFIED_IDENTITY_DIAGNOSTIC
V58_MILD_CAL_R1_K125,64,PA 22:1_20:3,0.0003499725961376945,0.0003499725961376945,0.0,0.0,0.0,0.0,,0.0,0.0,[],[],,[],False,1.5404566511278972e-11,,,0.0,0.0,0.01870755452050573,9.443403339052787e-17,True,False,frozen synthetic foreground mean NNLS; production labels only for comparison,"raw postfit residual direction, constrained by NNLS KKT; not absorbed signal fraction",False,False,UNREPORTED_NONTRUTH,0.0,,0.6924512425111987,0.5662684952202159,PE 20:3_20:3,PA 20:3_22:6,45,0.3879310344827586,0.8792128758630042,0.0,77,0,77,,FROZEN_CHANNEL_DETECTION_THRESHOLD_NOT_AVAILABLE,,0.0,0.0,,,0.0,candidate spectral contributions; arithmetic channel mean; all aliases,sum of unchanged b values on specified channels; no normalization,LIBRARY_SHARING_SUPPORT_NOT_VERIFIED_IDENTITY_DIAGNOSTIC
V58_MILD_CAL_R1_K125,65,PA 20:3_22:3,0.0003499725961376945,0.00036200655656092864,1.2033960423234158e-05,0.03438543623602471,0.02610670356198859,0.26999517626387254,PA 22:2_20:4,0.020811736289102916,0.07708188189512706,"[""PA 22:2_20:4"", ""PA 18:1_22:3"", ""PA 20:1_20:3"", ""PA 18:2_22:3"", ""PA 20:3_22:4""]","[0.020811736289102916, 0.01942846201886272, 0.016654792438769904, 0.015664787684857972, 0.011375935398437415]",PA 22:2_20:4,"[""PA 22:2_20:4""]",True,1.5404566511278972e-11,5.171287564380718e-16,1.8897345752580285e-14,0.641000378959375,2.329856282879739,0.019026469892256124,0.003052256984262237,True,True,frozen synthetic foreground mean NNLS; production labels only for comparison,"raw postfit residual direction, constrained by NNLS KKT; not absorbed signal fraction",True,True,TP,0.03086197250755665,3.9999303122907696e-05,0.620434407568295,0.5443211396252624,PA 22:3_22:6,PA 22:3_22:6,44,0.3697478991596639,1.247260399748487,0.0,80,0,80,,FROZEN_CHANNEL_DETECTION_THRESHOLD_NOT_AVAILABLE,,0.1024528438599269,0.5094215878182456,,,0.0,candidate spectral contributions; arithmetic channel mean; all aliases,sum of unchanged b values on specified channels; no normalization,LIBRARY_SHARING_SUPPORT_NOT_VERIFIED_IDENTITY_DIAGNOSTIC
V58_MILD_CAL_R1_K125,66,PA 20:3_22:4,0.0003499725961376945,0.0003499725961376945,0.0,0.0,0.0,0.0,,0.0,0.0,[],[],,[],False,1.5404566511278972e-11,,,0.0,0.0,0.01870755452050573,9.443403339052787e-17,True,False,frozen synthetic foreground mean NNLS; production labels only for comparison,"raw postfit residual direction, constrained by NNLS KKT; not absorbed signal fraction",False,True,FP,0.002078998008342995,0.0,0.7085761670640803,0.5443139953085329,PA 20:3_22:6,PA 20:3_22:6,54,0.46551724137931033,1.2708682092633115,0.0,86,0,86,,FROZEN_CHANNEL_DETECTION_THRESHOLD_NOT_AVAILABLE,,0.0,0.0,,,0.0,candidate spectral contributions; arithmetic channel mean; all aliases,sum of unchanged b values on specified channels; no normalization,LIBRARY_SHARING_SUPPORT_NOT_VERIFIED_IDENTITY_DIAGNOSTIC
V58_MILD_CAL_R1_K125,67,PA 20:3_22:6,0.0003499725961376945,0.0003499725961376945,0.0,0.0,0.0,0.0,,0.0,0.0,[],[],,[],False,1.5404566511278972e-11,,,0.0,0.0,0.01870755452050573,9.443403339052787e-17,True,False,frozen synthetic foreground mean NNLS; production labels only for comparison,"raw postfit residual direction, constrained by NNLS KKT; not absorbed signal fraction",True,True,TP,0.002882598390597184,0.0,0.8481348950149971,0.7200064388406265,PE 20:3_20:3,PE 20:3_20:3,14,0.1414141414141414,1.3297359297521583,0.0,84,0,84,,FROZEN_CHANNEL_DETECTION_THRESHOLD_NOT_AVAILABLE,,0.0,0.0,,,0.0,candidate spectral contributions; arithmetic channel mean; all aliases,sum of unchanged b values on specified channels; no normalization,LIBRARY_SHARING_SUPPORT_NOT_VERIFIED_IDENTITY_DIAGNOSTIC
V58_MILD_CAL_R1_K125,68,PA 22:0_20:4,0.0003499725961376945,0.0003499725961376945,0.0,0.0,0.0,0.0,,0.0,0.0,[],[],,[],False,1.5404566511278972e-11,,,0.0,0.0,0.01870755452050573,9.443403339052787e-17,True,False,frozen synthetic foreground mean NNLS; production labels only for comparison,"raw postfit residual direction, constrained by NNLS KKT; not absorbed signal fraction",False,False,UNREPORTED_NONTRUTH,0.0009126566906726699,,0.6086104523982675,0.6083212897993254,PA 22:0_18:1,PA 22:0_18:2,39,0.3333333333333333,0.8215729424993913,0.0,83,0,83,,FROZEN_CHANNEL_DETECTION_THRESHOLD_NOT_AVAILABLE,,0.0,0.0,,,0.0,candidate spectral contributions; arithmetic channel mean; all aliases,sum of unchanged b values on specified channels; no normalization,LIBRARY_SHARING_SUPPORT_NOT_VERIFIED_IDENTITY_DIAGNOSTIC
V58_MILD_CAL_R1_K125,69,PA 22:1_20:4,0.0003499725961376945,0.0003499725961376945,0.0,0.0,0.0,0.0,,0.0,0.0,[],[],,[],False,1.5404566511278972e-11,,,0.0,0.0,0.01870755452050573,9.443403339052787e-17,True,False,frozen synthetic foreground mean NNLS; production labels only for comparison,"raw postfit residual direction, constrained by NNLS KKT; not absorbed signal fraction",True,True,TP,0.009521711621383629,0.0,0.6692801651120974,0.593865695155452,PA 22:1_20:5,PA 22:1_20:5,65,0.6565656565656566,0.9263054270405504,0.0,84,0,84,,FROZEN_CHANNEL_DETECTION_THRESHOLD_NOT_AVAILABLE,,0.0,0.0,,,0.0,candidate spectral contributions; arithmetic channel mean; all aliases,sum of unchanged b values on specified channels; no normalization,LIBRARY_SHARING_SUPPORT_NOT_VERIFIED_IDENTITY_DIAGNOSTIC
V58_MILD_CAL_R1_K125,70,PA 22:2_20:4,0.0003499725961376945,0.0003539493341675126,3.976738029818131e-06,0.011362998309989134,0.019687470569506604,0.16601349270901072,PA 20:1_20:4,0.022880603014557976,0.13782375541321443,"[""PA 20:1_20:4"", ""PA 18:1_22:2"", ""PA 20:2_22:4"", ""PA 18:2_22:2"", ""PA 20:3_22:3""]","[0.022880603014557976, 0.01997109637080946, 0.01476062893605182, 0.012370846595981122, 0.010982727431783745]",PA 20:1_20:4,"[""PA 20:1_20:4""]",True,1.5404566511278972e-11,3.1101553520434673e-15,0.011340918955820307,0.6199998522841164,1.9766410089553639,0.01881354124473945,0.0016966046007714825,True,True,frozen synthetic foreground mean NNLS; production labels only for comparison,"raw postfit residual direction, constrained by NNLS KKT; not absorbed signal fraction",True,True,TP,0.0098220734511435,1.3218154647409334e-05,0.5657478505677721,0.5219758393778829,PE O-18:2_22:2,PE O-18:2_22:2,8,0.07476635514018691,1.1433846556753977,0.0,84,0,84,,FROZEN_CHANNEL_DETECTION_THRESHOLD_NOT_AVAILABLE,,0.059038734417772236,0.39009742942213654,,,0.0,candidate spectral contributions; arithmetic channel mean; all aliases,sum of unchanged b values on specified channels; no normalization,LIBRARY_SHARING_SUPPORT_NOT_VERIFIED_IDENTITY_DIAGNOSTIC
V58_MILD_CAL_R1_K125,71,PA 22:3_20:4,0.0003499725961376945,0.0003674236408128354,1.74510446751409e-05,0.049864031692386755,0.02328398448809267,0.2664581633780231,PA 20:3_22:4,0.031130270884696186,0.11682986360757494,"[""PA 20:3_22:4"", ""PA 22:2_20:4"", ""PA 18:2_22:3"", ""PA 20:2_20:2"", ""PA 20:1_20:4""]","[0.031130270884696186, 0.021536288958937302, 0.01800658254191195, 0.013880729065064228, 0.013179228393847942]",PA 20:3_22:4,"[""PA 20:3_22:4""]",True,1.5404566511278972e-11,-9.163085512504062e-16,0.003996132210088946,0.5927596291238412,2.5297678734502673,0.01916829780686943,0.0037331643035354075,True,True,frozen synthetic foreground mean NNLS; production labels only for comparison,"raw postfit residual direction, constrained by NNLS KKT; not absorbed signal fraction",True,True,TP,0.025265279678898966,5.8004979343681166e-05,0.7294436013766444,0.555096642278138,PA 22:3_22:6,PA 22:3_22:6,43,0.33858267716535434,1.294352950926033,0.0,87,0,87,,FROZEN_CHANNEL_DETECTION_THRESHOLD_NOT_AVAILABLE,,0.062144344831293795,0.4161968683127293,,,0.0,candidate spectral contributions; arithmetic channel mean; all aliases,sum of unchanged b values on specified channels; no normalization,LIBRARY_SHARING_SUPPORT_NOT_VERIFIED_IDENTITY_DIAGNOSTIC
V58_MILD_CAL_R1_K125,72,PA 20:4_22:4,0.0003499725961376945,0.0003526860413289188,2.713445191224325e-06,0.007753307582984097,0.007179984860016172,0.183226173447668,PA 20:3_22:4,0.014089436881423965,0.07689642050714557,"[""PA 20:3_22:4"", ""PA 18:1_22:3"", ""PA 22:2_20:4"", ""PA 20:2_22:6"", ""PA 20:1_20:2""]","[0.014089436881423965, 0.012730636763667081, 0.011232233470409723, 0.011130945845116551, 0.010932734336654426]",PA 20:3_22:4,"[""PA 20:3_22:4""]",True,1.5404566511278972e-11,1.7824735893842697e-15,0.010820380772462966,0.47045631349888384,3.94500036919008,0.018779937202475384,0.0013787147075363898,True,True,frozen synthetic foreground mean NNLS; production labels only for comparison,"raw postfit residual direction, constrained by NNLS KKT; not absorbed signal fraction",False,False,UNREPORTED_NONTRUTH,0.0009213556586619583,,0.6353761253943794,0.5272672448860588,PA 22:4_22:6,PA 20:4_22:6,61,0.49193548387096775,1.3179607604408574,0.0,93,0,93,,FROZEN_CHANNEL_DETECTION_THRESHOLD_NOT_AVAILABLE,,0.039864328849363286,0.281809706991111,,,0.0,candidate spectral contributions; arithmetic channel mean; all aliases,sum of unchanged b values on specified channels; no normalization,LIBRARY_SHARING_SUPPORT_NOT_VERIFIED_IDENTITY_DIAGNOSTIC
V58_MILD_CAL_R1_K125,73,PA 20:4_22:5,0.0003499725961376945,0.00035180952629165323,1.836930153958753e-06,0.005248782816090097,0.005257291618879769,0.1167861876535283,PE O-16:1_22:4,0.00967213067260804,0.0828191318413416,"[""PE O-16:1_22:4"", ""PA 18:1_22:3"", ""PA 20:1_20:2"", ""PE O-16:0_22:3"", ""PA 22:2_20:4""]","[0.00967213067260804, 0.008298660896695901, 0.008027282232735196, 0.006028904979424158, 0.005309307291092989]",PE O-16:1_22:4,"[""PE O-16:1_22:4""]",True,1.5404566511278972e-11,-1.6121442082500129e-15,3.268319980972726e-14,0.38151884636226296,2.754395460682516,0.01875658621102607,0.0009356421603673777,True,True,frozen synthetic foreground mean NNLS; production labels only for comparison,"raw postfit residual direction, constrained by NNLS KKT; not absorbed signal fraction",False,True,FP,0.0010567713267999768,6.1057144497455745e-06,0.7982095715711487,0.671124126575591,PA 20:4_22:6,PA 20:4_22:6,76,0.7169811320754716,1.2312858357242533,0.0,90,0,90,,FROZEN_CHANNEL_DETECTION_THRESHOLD_NOT_AVAILABLE,,0.042834954237077276,0.5634021009914005,,,0.0,candidate spectral contributions; arithmetic channel mean; all aliases,sum of unchanged b values on specified channels; no normalization,LIBRARY_SHARING_SUPPORT_NOT_VERIFIED_IDENTITY_DIAGNOSTIC
V58_MILD_CAL_R1_K125,74,PA 20:4_22:6,0.0003499725961376945,0.0003499725961376945,0.0,0.0,0.0,0.0,,0.0,0.0,[],[],,[],False,1.5404566511278972e-11,,,0.0,0.0,0.01870755452050573,9.443403339052787e-17,True,False,frozen synthetic foreground mean NNLS; production labels only for comparison,"raw postfit residual direction, constrained by NNLS KKT; not absorbed signal fraction",False,True,FP,0.0015148573435186548,0.0,0.7982095715711487,0.6902677977020777,PE 20:4_20:4,PA 20:4_22:5,76,0.7169811320754716,1.3771145230821114,0.0,92,0,92,,FROZEN_CHANNEL_DETECTION_THRESHOLD_NOT_AVAILABLE,,0.0,0.0,,,0.0,candidate spectral contributions; arithmetic channel mean; all aliases,sum of unchanged b values on specified channels; no normalization,LIBRARY_SHARING_SUPPORT_NOT_VERIFIED_IDENTITY_DIAGNOSTIC
V58_MILD_CAL_R1_K125,75,PA 22:1_20:5,0.0003499725961376945,0.0003499725961376945,0.0,0.0,0.0,0.0,,0.0,0.0,[],[],,[],False,1.5404566511278972e-11,,,0.0,0.0,0.01870755452050573,9.443403339052787e-17,True,False,frozen synthetic foreground mean NNLS; production labels only for comparison,"raw postfit residual direction, constrained by NNLS KKT; not absorbed signal fraction",False,False,UNREPORTED_NONTRUTH,3.449297873458103e-06,,0.8114512981458241,0.7486150580971512,PE O-18:1_22:1,PE O-18:1_22:1,7,0.06796116504854369,0.8364391866932632,0.0,80,0,80,,FROZEN_CHANNEL_DETECTION_THRESHOLD_NOT_AVAILABLE,,0.0,0.0,,,0.0,candidate spectral contributions; arithmetic channel mean; all aliases,sum of unchanged b values on specified channels; no normalization,LIBRARY_SHARING_SUPPORT_NOT_VERIFIED_IDENTITY_DIAGNOSTIC
V58_MILD_CAL_R1_K125,76,PA 22:3_22:6,0.0003499725961376945,0.0003505235527017098,5.50956564015321e-07,0.0015742848683622812,0.005854670824673534,0.07061303810928884,PG 14:0_22:3,0.0068791515346389095,0.0974204158146336,"[""PG 14:0_22:3"", ""PE O-16:1_22:4"", ""PG 17:0_20:3"", ""PE O-16:0_22:3"", ""PG 17:1_20:1""]","[0.0068791515346389095, 0.006208506293177214, 0.005232314759926488, 0.004929258615597305, 0.004528350530824173]",PG 14:0_22:3,"[""PG 14:0_22:3""]",True,1.5404566511278972e-11,-1.3692488326604783e-15,-6.470063549324688e-14,0.54890764357375,2.121454617824259,0.01872227423957116,0.0006032170316437239,True,True,frozen synthetic foreground mean NNLS; production labels only for comparison,"raw postfit residual direction, constrained by NNLS KKT; not absorbed signal fraction",False,True,FP,0.0030613328024529595,1.8313072202780209e-06,0.8510618154620099,0.7867774424352917,PE O-18:2_22:3,PE O-18:2_22:3,9,0.08571428571428572,1.2792876717385437,0.0,83,0,83,,FROZEN_CHANNEL_DETECTION_THRESHOLD_NOT_AVAILABLE,,0.0194931373604881,0.2034386776500833,,,0.0,candidate spectral contributions; arithmetic channel mean; all aliases,sum of unchanged b values on specified channels; no normalization,LIBRARY_SHARING_SUPPORT_NOT_VERIFIED_IDENTITY_DIAGNOSTIC
V58_MILD_CAL_R1_K125,77,PA 22:4_22:5,0.0003499725961376945,0.0003516463447299653,1.6737485922707954e-06,0.004782513276638827,0.005511157539104779,0.07205693138617841,PA 20:2_22:4,0.00808211468916915,0.11216290415896417,"[""PA 20:2_22:4"", ""PA 22:3_22:6"", ""PE O-16:0_22:4"", ""PE O-16:1_22:3"", ""PA 20:1_20:3""]","[0.00808211468916915, 0.006109829900273908, 0.00597570225366045, 0.005190416454042071, 0.0038091941391619998]",PA 20:2_22:4,"[""PA 20:2_22:4""]",True,1.5404566511278972e-11,-4.930363589911991e-15,-3.7240841931403433e-14,0.5870433122496891,2.6386243246134566,0.01875223572617317,0.0011623467530346365,True,True,frozen synthetic foreground mean NNLS; production labels only for comparison,"raw postfit residual direction, constrained by NNLS KKT; not absorbed signal fraction",True,True,TP,0.007131076544066699,5.563320381585912e-06,0.8242771566115765,0.6905912851569463,PA 22:4_22:6,PA 22:4_22:6,64,0.7901234567901234,0.8357556225428056,0.0,65,0,65,,FROZEN_CHANNEL_DETECTION_THRESHOLD_NOT_AVAILABLE,,0.05465014861444353,0.4056084834548164,,,0.0,candidate spectral contributions; arithmetic channel mean; all aliases,sum of unchanged b values on specified channels; no normalization,LIBRARY_SHARING_SUPPORT_NOT_VERIFIED_IDENTITY_DIAGNOSTIC
V58_MILD_CAL_R1_K125,78,PA 22:4_22:6,0.0003499725961376945,0.0003499725961376945,0.0,0.0,0.0,0.0,,0.0,0.0,[],[],,[],False,1.5404566511278972e-11,,,0.0,0.0,0.01870755452050573,9.443403339052787e-17,True,False,frozen synthetic foreground mean NNLS; production labels only for comparison,"raw postfit residual direction, constrained by NNLS KKT; not absorbed signal fraction",True,True,TP,0.0039049994928708077,0.0,0.8242771566115765,0.7545029181527262,PE O-16:1_22:4,PA 22:4_22:5,64,0.7901234567901234,1.1759525412552243,0.0,80,0,80,,FROZEN_CHANNEL_DETECTION_THRESHOLD_NOT_AVAILABLE,,0.0,0.0,,,0.0,candidate spectral contributions; arithmetic channel mean; all aliases,sum of unchanged b values on specified channels; no normalization,LIBRARY_SHARING_SUPPORT_NOT_VERIFIED_IDENTITY_DIAGNOSTIC
V58_MILD_CAL_R1_K125,79,PA 22:5_22:5,0.0003499725961376945,0.0003499725961376945,0.0,0.0,0.0,0.0,,0.0,0.0,[],[],,[],False,1.5404566511278972e-11,,,0.0,0.0,0.01870755452050573,9.443403339052787e-17,True,False,frozen synthetic foreground mean NNLS; production labels only for comparison,"raw postfit residual direction, constrained by NNLS KKT; not absorbed signal fraction",False,False,UNREPORTED_NONTRUTH,0.00020475586661082877,,0.8877391609823165,0.8041251448262831,PA 22:5_22:6,PA 22:5_22:6,46,0.7419354838709677,0.6116760252031727,0.0,46,0,46,,FROZEN_CHANNEL_DETECTION_THRESHOLD_NOT_AVAILABLE,,0.0,0.0,,,0.0,candidate spectral contributions; arithmetic channel mean; all aliases,sum of unchanged b values on specified channels; no normalization,LIBRARY_SHARING_SUPPORT_NOT_VERIFIED_IDENTITY_DIAGNOSTIC
V58_MILD_CAL_R1_K125,80,PA 22:5_22:6,0.0003499725961376945,0.0003499725961376945,0.0,0.0,0.0,0.0,,0.0,0.0,[],[],,[],False,1.5404566511278972e-11,,,0.0,0.0,0.01870755452050573,9.443403339052787e-17,True,False,frozen synthetic foreground mean NNLS; production labels only for comparison,"raw postfit residual direction, constrained by NNLS KKT; not absorbed signal fraction",False,False,UNREPORTED_NONTRUTH,6.223250648040669e-07,,0.8877391609823165,0.8041251448262831,PA 22:5_22:5,PA 22:5_22:5,46,0.7419354838709677,0.9525409905896939,0.0,62,0,62,,FROZEN_CHANNEL_DETECTION_THRESHOLD_NOT_AVAILABLE,,0.0,0.0,,,0.0,candidate spectral contributions; arithmetic channel mean; all aliases,sum of unchanged b values on specified channels; no normalization,LIBRARY_SHARING_SUPPORT_NOT_VERIFIED_IDENTITY_DIAGNOSTIC
V58_MILD_CAL_R1_K125,81,PA 22:6_22:6,0.0003499725961376945,0.0003499725961376945,0.0,0.0,0.0,0.0,,0.0,0.0,[],[],,[],False,1.5404566511278972e-11,,,0.0,0.0,0.01870755452050573,9.443403339052787e-17,True,False,frozen synthetic foreground mean NNLS; production labels only for comparison,"raw postfit residual direction, constrained by NNLS KKT; not absorbed signal fraction",False,True,FP,0.0015046741059478676,0.0,0.6634502896009449,0.6533520442338415,PE 18:0_22:6,PE O-18:3_22:6,20,0.2857142857142857,0.7575047125610309,0.0,48,0,48,,FROZEN_CHANNEL_DETECTION_THRESHOLD_NOT_AVAILABLE,,0.0,0.0,,,0.0,candidate spectral contributions; arithmetic channel mean; all aliases,sum of unchanged b values on specified channels; no normalization,LIBRARY_SHARING_SUPPORT_NOT_VERIFIED_IDENTITY_DIAGNOSTIC
V58_MILD_CAL_R1_K125,82,PS 14:0_20:0,0.0003499725961376945,0.0003499725961376945,0.0,0.0,0.0,0.0,,0.0,0.0,[],[],,[],False,1.5404566511278972e-11,,,0.0,0.0,0.01870755452050573,9.443403339052787e-17,True,False,frozen synthetic foreground mean NNLS; production labels only for comparison,"raw postfit residual direction, constrained by NNLS KKT; not absorbed signal fraction",False,True,FP,0.0016797429842173436,0.0,0.5917821743969315,0.831183472508529,PS 16:0_18:0,PA 20:0_22:5,45,0.41284403669724773,0.37778023461665683,0.0,72,0,72,,FROZEN_CHANNEL_DETECTION_THRESHOLD_NOT_AVAILABLE,,0.0,0.0,,,0.0,candidate spectral contributions; arithmetic channel mean; all aliases,sum of unchanged b values on specified channels; no normalization,LIBRARY_SHARING_SUPPORT_NOT_VERIFIED_IDENTITY_DIAGNOSTIC
V58_MILD_CAL_R1_K125,83,PS 14:0_20:1,0.0003499725961376945,0.00043749932632771105,8.752673019001657e-05,0.25009595295708176,0.02890884139913423,0.37570682179537307,PA 20:1_22:6,0.03223206254455066,0.08579046393259239,"[""PA 20:1_22:6"", ""PS 16:0_18:1"", ""PG 14:0_22:1"", ""PS 14:0_22:3"", ""PA 20:0_20:0""]","[0.03223206254455066, 0.01738501727558263, 0.01707646863292668, 0.012872099962886567, 0.012381795929935602]",PA 20:1_22:6,"[""PA 20:1_22:6""]",True,1.5404566511278972e-11,6.965303682191618e-16,8.197110724510342e-15,0.40523710757414594,1.4233751521518858,0.020916484559497833,0.008533661586232947,True,True,frozen synthetic foreground mean NNLS; production labels only for comparison,"raw postfit residual direction, constrained by NNLS KKT; not absorbed signal fraction",True,True,TP,0.028207305624022867,0.0002909273496917899,0.5507237251352833,0.8791632382442716,PS 18:0_16:1,PS 18:0_16:1,13,0.10317460317460317,0.6158097723154131,0.0,70,0,70,,FROZEN_CHANNEL_DETECTION_THRESHOLD_NOT_AVAILABLE,,0.2686423208069692,0.9986622019195851,,,0.0,candidate spectral contributions; arithmetic channel mean; all aliases,sum of unchanged b values on specified channels; no normalization,LIBRARY_SHARING_SUPPORT_NOT_VERIFIED_IDENTITY_DIAGNOSTIC
V58_MILD_CAL_R1_K125,84,PS 14:0_22:0,0.0003499725961376945,0.00034997595325298386,3.3571152893729396e-09,9.59250900450387e-06,0.00010613502230049202,0.002241527637045956,PA 22:0_18:1,0.00019986907899988918,0.08916645755665291,"[""PA 22:0_18:1"", ""PE O-16:1_22:2"", ""PE 18:2_20:4"", ""PE O-18:0_20:1"", ""PA 20:0_22:6""]","[0.00019986907899988918, 0.00015189938547569004, 0.00010779482399055074, 9.918042943564756e-05, 9.595947370976896e-05]",PA 22:0_18:1,"[""PA 22:0_18:1""]",True,1.5404566511278972e-11,2.5916809052269305e-16,-5.3827953074932596e-14,0.2232706548829397,1.2971971514057061,0.01870764424648341,5.794061864771454e-05,True,True,frozen synthetic foreground mean NNLS; production labels only for comparison,"raw postfit residual direction, constrained by NNLS KKT; not absorbed signal fraction",False,False,UNREPORTED_NONTRUTH,0.0008067032824300886,,0.4206473260133997,0.5312302053008555,PS 16:0_20:0,PS 16:0_20:0,18,0.13740458015267176,0.26070490038298383,0.0,70,0,70,,FROZEN_CHANNEL_DETECTION_THRESHOLD_NOT_AVAILABLE,,0.0031744090141757296,0.018723159559868415,,,0.0,candidate spectral contributions; arithmetic channel mean; all aliases,sum of unchanged b values on specified channels; no normalization,LIBRARY_SHARING_SUPPORT_NOT_VERIFIED_IDENTITY_DIAGNOSTIC
V58_MILD_CAL_R1_K125,85,PS 14:0_22:1,0.0003499725961376945,0.0003499725961376945,0.0,0.0,0.0,0.0,,0.0,0.0,[],[],,[],False,1.5404566511278972e-11,,,0.0,0.0,0.01870755452050573,9.443403339052787e-17,True,False,frozen synthetic foreground mean NNLS; production labels only for comparison,"raw postfit residual direction, constrained by NNLS KKT; not absorbed signal fraction",False,False,UNREPORTED_NONTRUTH,3.368968595136885e-06,,0.3776688339649247,0.4273488529672919,PS 18:0_18:1,PS 16:0_20:1,18,0.13740458015267176,0.3757793752852809,0.0,71,0,71,,FROZEN_CHANNEL_DETECTION_THRESHOLD_NOT_AVAILABLE,,0.0,0.0,,,0.0,candidate spectral contributions; arithmetic channel mean; all aliases,sum of unchanged b values on specified channels; no normalization,LIBRARY_SHARING_SUPPORT_NOT_VERIFIED_IDENTITY_DIAGNOSTIC
V58_MILD_CAL_R1_K125,86,PS 14:0_22:2,0.0003499725961376945,0.0003499725961376945,0.0,0.0,0.0,0.0,,0.0,0.0,[],[],,[],False,1.5404566511278972e-11,,,0.0,0.0,0.01870755452050573,9.443403339052787e-17,True,False,frozen synthetic foreground mean NNLS; production labels only for comparison,"raw postfit residual direction, constrained by NNLS KKT; not absorbed signal fraction",False,False,UNREPORTED_NONTRUTH,0.00011130333953859235,,0.842123964715004,0.8789657914901732,PS 16:1_20:1,PS 16:1_20:1,17,0.13385826771653545,0.6145167578591738,0.0,70,0,70,,FROZEN_CHANNEL_DETECTION_THRESHOLD_NOT_AVAILABLE,,0.0,0.0,,,0.0,candidate spectral contributions; arithmetic channel mean; all aliases,sum of unchanged b values on specified channels; no normalization,LIBRARY_SHARING_SUPPORT_NOT_VERIFIED_IDENTITY_DIAGNOSTIC
V58_MILD_CAL_R1_K125,87,PS 14:0_22:3,0.0003499725961376945,0.0003499725961376945,0.0,0.0,0.0,0.0,,0.0,0.0,[],[],,[],False,1.5404566511278972e-11,,,0.0,0.0,0.01870755452050573,9.443403339052787e-17,True,False,frozen synthetic foreground mean NNLS; production labels only for comparison,"raw postfit residual direction, constrained by NNLS KKT; not absorbed signal fraction",False,True,FP,0.00148490084620681,0.0,0.839256980132579,0.8970279509041975,PS 16:1_20:2,PS 16:1_20:2,15,0.11811023622047244,0.7821969427258056,0.0,71,0,71,,FROZEN_CHANNEL_DETECTION_THRESHOLD_NOT_AVAILABLE,,0.0,0.0,,,0.0,candidate spectral contributions; arithmetic channel mean; all aliases,sum of unchanged b values on specified channels; no normalization,LIBRARY_SHARING_SUPPORT_NOT_VERIFIED_IDENTITY_DIAGNOSTIC
V58_MILD_CAL_R1_K125,88,PS 14:0_22:4,0.0003499725961376945,0.0003499725961376945,0.0,0.0,0.0,0.0,,0.0,0.0,[],[],,[],False,1.5404566511278972e-11,,,0.0,0.0,0.01870755452050573,9.443403339052787e-17,True,False,frozen synthetic foreground mean NNLS; production labels only for comparison,"raw postfit residual direction, constrained by NNLS KKT; not absorbed signal fraction",False,True,FP,0.0037056374482239557,0.0,0.9003462090462657,0.9623021534517806,PS 16:0_20:4,PS 16:0_20:4,13,0.09219858156028368,0.8006967436840444,0.0,75,0,75,,FROZEN_CHANNEL_DETECTION_THRESHOLD_NOT_AVAILABLE,,0.0,0.0,,,0.0,candidate spectral contributions; arithmetic channel mean; all aliases,sum of unchanged b values on specified channels; no normalization,LIBRARY_SHARING_SUPPORT_NOT_VERIFIED_IDENTITY_DIAGNOSTIC
V58_MILD_CAL_R1_K125,89,PS 16:0_18:0,0.0003499725961376945,0.00042274978318525443,7.277718704755995e-05,0.20795110143702544,0.027638094172219883,0.3401121649520798,PA 18:1_22:3,0.026208129648230365,0.0770573132891201,"[""PA 18:1_22:3"", ""PS 14:0_20:0"", ""PG 16:0_20:3"", ""PA 20:1_22:6"", ""PS 18:0_18:2""]","[0.026208129648230365, 0.021808647865122252, 0.0211505592215158, 0.016936223165129282, 0.01689739919214239]",PA 18:1_22:3,"[""PA 18:1_22:3""]",True,1.5404566511278972e-11,-3.4147644098560915e-15,-7.519314895109313e-15,0.408191483480706,1.4272746962308929,0.02056087992244627,0.0077456505357380275,True,True,frozen synthetic foreground mean NNLS; production labels only for comparison,"raw postfit residual direction, constrained by NNLS KKT; not absorbed signal fraction",True,True,TP,0.027251430017189174,0.00024190180645163907,0.5956843804687323,0.831183472508529,PS 14:0_20:0,PA 18:0_22:5,43,0.41346153846153844,0.6425817071920199,0.0,73,0,73,,FROZEN_CHANNEL_DETECTION_THRESHOLD_NOT_AVAILABLE,,0.21773326730974193,0.9696859465415825,,,0.0,candidate spectral contributions; arithmetic channel mean; all aliases,sum of unchanged b values on specified channels; no normalization,LIBRARY_SHARING_SUPPORT_NOT_VERIFIED_IDENTITY_DIAGNOSTIC
V58_MILD_CAL_R1_K125,90,PS 16:0_18:1,0.0003499725961376945,0.00034998093485002715,8.33871233266734e-09,2.3826757868664006e-05,0.0002469474338241935,0.00531537716301953,PG 16:0_20:3,0.0013632518258012635,0.2564732066483052,"[""PG 16:0_20:3"", ""PE O-16:0_22:4"", ""PG 18:2_20:2"", ""PG 20:1_18:3"", ""PE O-16:0_22:3""]","[0.0013632518258012635, 0.00036594705046172, 0.0002811996349033688, 0.00019928030416904155, 0.00019176567018929815]",PG 16:0_20:3,"[""PG 16:0_20:3""]",True,1.5404566511278972e-11,9.155924780352805e-16,-3.6231951650284704e-14,0.1736812392367888,1.2714695930035576,0.01870777738936476,9.131655015791432e-05,True,True,frozen synthetic foreground mean NNLS; production labels only for comparison,"raw postfit residual direction, constrained by NNLS KKT; not absorbed signal fraction",False,False,UNREPORTED_NONTRUTH,0.0006988040358159327,,0.6004958487789808,0.9185186228969457,PS 18:0_16:1,PA 16:0_24:5,32,0.2962962962962963,0.8046068870727573,0.0,71,0,71,,FROZEN_CHANNEL_DETECTION_THRESHOLD_NOT_AVAILABLE,,0.0017166945537140242,0.00825763023458549,,,0.0,candidate spectral contributions; arithmetic channel mean; all aliases,sum of unchanged b values on specified channels; no normalization,LIBRARY_SHARING_SUPPORT_NOT_VERIFIED_IDENTITY_DIAGNOSTIC
V58_MILD_CAL_R1_K125,91,PS 16:0_18:2,0.0003499725961376945,0.00035175633164716676,1.7837355094722763e-06,0.005096786217151959,0.00633188370894959,0.10942587608399265,PA 18:1_22:3,0.008105996736064946,0.07407751279751146,"[""PA 18:1_22:3"", ""PS 16:1_18:1"", ""PS 18:0_18:2"", ""PA 20:2_22:6"", ""PS 16:0_20:3""]","[0.008105996736064946, 0.007844197569601117, 0.006913873835934198, 0.005479539463071556, 0.0043563067437512]",PA 18:1_22:3,"[""PA 18:1_22:3""]",True,1.5404566511278972e-11,1.922618839910748e-15,3.739122045785331e-14,0.29627844478459464,1.4808521789293019,0.018755168131668852,0.0012854251189610027,True,True,frozen synthetic foreground mean NNLS; production labels only for comparison,"raw postfit residual direction, constrained by NNLS KKT; not absorbed signal fraction",True,True,TP,0.00786719207265762,5.928902441520948e-06,0.5002817715494365,0.9479241600420836,PS 16:1_18:1,PA 16:0_24:5,32,0.2962962962962963,0.9718554044334473,0.0,71,0,71,,FROZEN_CHANNEL_DETECTION_THRESHOLD_NOT_AVAILABLE,,0.051163486588138685,0.4792688299853459,,,0.0,candidate spectral contributions; arithmetic channel mean; all aliases,sum of unchanged b values on specified channels; no normalization,LIBRARY_SHARING_SUPPORT_NOT_VERIFIED_IDENTITY_DIAGNOSTIC
V58_MILD_CAL_R1_K125,92,PS 16:0_20:0,0.0003499725961376945,0.0003499725961376945,0.0,0.0,0.0,0.0,,0.0,0.0,[],[],,[],False,1.5404566511278972e-11,,,0.0,0.0,0.01870755452050573,9.443403339052787e-17,True,False,frozen synthetic foreground mean NNLS; production labels only for comparison,"raw postfit residual direction, constrained by NNLS KKT; not absorbed signal fraction",True,True,TP,0.002752158096745323,0.0,0.4688141927555631,0.6885995024518338,PS 18:0_18:0,PA 20:0_22:5,45,0.3879310344827586,0.4257889666770506,0.0,79,0,79,,FROZEN_CHANNEL_DETECTION_THRESHOLD_NOT_AVAILABLE,,0.0,0.0,,,0.0,candidate spectral contributions; arithmetic channel mean; all aliases,sum of unchanged b values on specified channels; no normalization,LIBRARY_SHARING_SUPPORT_NOT_VERIFIED_IDENTITY_DIAGNOSTIC
V58_MILD_CAL_R1_K125,93,PS 16:0_20:1,0.0003499725961376945,0.00035010429038691526,1.3169424922077717e-07,0.00037629874538137886,0.0020971399205578947,0.02940503056651546,PG 16:0_20:3,0.002600013500794255,0.08842070389365828,"[""PG 16:0_20:3"", ""PS 18:0_18:1"", ""PE O-16:1_22:3"", ""PE O-16:0_22:2"", ""PG 17:1_20:2""]","[0.002600013500794255, 0.0018260769890610165, 0.0014457605180506136, 0.0013713899833522197, 0.0013564739165652468]",PG 16:0_20:3,"[""PG 16:0_20:3""]",True,1.5404566511278972e-11,-8.511943516914809e-16,-1.0025162262681897e-13,0.35043233847712035,1.300824046629366,0.018711074004100228,0.000362477762795407,True,True,frozen synthetic foreground mean NNLS; production labels only for comparison,"raw postfit residual direction, constrained by NNLS KKT; not absorbed signal fraction",False,False,UNREPORTED_NONTRUTH,0.0005077685571742218,,0.6641534926990758,0.6618241043846764,PS 18:0_18:1,PA 16:0_24:5,34,0.3008849557522124,0.6465869280093701,0.0,78,0,78,,FROZEN_CHANNEL_DETECTION_THRESHOLD_NOT_AVAILABLE,,0.021241729151325488,0.18223040328626838,,,0.0,candidate spectral contributions; arithmetic channel mean; all aliases,sum of unchanged b values on specified channels; no normalization,LIBRARY_SHARING_SUPPORT_NOT_VERIFIED_IDENTITY_DIAGNOSTIC
V58_MILD_CAL_R1_K125,94,PS 16:0_20:2,0.0003499725961376945,0.00034998233319219073,9.737054496245304e-09,2.7822334022381534e-05,0.00051407661499445,0.0035880959389911794,PS 18:0_18:2,0.00044982592090967214,0.12536619099175422,"[""PS 18:0_18:2"", ""PS 16:0_20:1"", ""PG 17:0_20:3"", ""PG 17:1_20:1"", ""PG 18:0_18:3""]","[0.00044982592090967214, 0.0004081523601840542, 0.0002586157663423856, 0.00021908488868699078, 0.00017303566593174224]",PS 18:0_18:2,"[""PS 18:0_18:2""]",True,1.5404566511278972e-11,-4.150221820412218e-15,-2.2874474118217365e-13,0.5806423674915397,1.2312669238510656,0.018707814762611658,9.867651441093282e-05,True,True,frozen synthetic foreground mean NNLS; production labels only for comparison,"raw postfit residual direction, constrained by NNLS KKT; not absorbed signal fraction",False,False,UNREPORTED_NONTRUTH,0.0007596034412827233,,0.6058878191392841,0.7405286798093675,PS 18:0_18:2,PS 18:0_18:2,17,0.125,0.8412711719056397,0.0,76,0,76,,FROZEN_CHANNEL_DETECTION_THRESHOLD_NOT_AVAILABLE,,0.003549501486585968,0.0200208014043669,,,0.0,candidate spectral contributions; arithmetic channel mean; all aliases,sum of unchanged b values on specified channels; no normalization,LIBRARY_SHARING_SUPPORT_NOT_VERIFIED_IDENTITY_DIAGNOSTIC
V58_MILD_CAL_R1_K125,95,PS 16:0_20:3,0.0003499725961376945,0.0003499725961376945,0.0,0.0,0.0,0.0,,0.0,0.0,[],[],,[],False,1.5404566511278972e-11,,,0.0,0.0,0.01870755452050573,9.443403339052787e-17,True,False,frozen synthetic foreground mean NNLS; production labels only for comparison,"raw postfit residual direction, constrained by NNLS KKT; not absorbed signal fraction",False,False,UNREPORTED_NONTRUTH,0.00028746031347943324,,0.838889329029143,0.8957054171839619,PS 16:1_20:2,PS 14:0_22:3,15,0.11363636363636363,0.9002101358441019,0.0,76,0,76,,FROZEN_CHANNEL_DETECTION_THRESHOLD_NOT_AVAILABLE,,0.0,0.0,,,0.0,candidate spectral contributions; arithmetic channel mean; all aliases,sum of unchanged b values on specified channels; no normalization,LIBRARY_SHARING_SUPPORT_NOT_VERIFIED_IDENTITY_DIAGNOSTIC
V58_MILD_CAL_R1_K125,96,PS 16:0_20:4,0.0003499725961376945,0.000352743121808031,2.7705256703364992e-06,0.007916407435884055,0.0070964414227589106,0.08207189576919414,PA 20:1_20:2,0.004792992259321192,0.058399921365796595,"[""PA 20:1_20:2"", ""PG 16:0_20:3"", ""PG 17:1_20:1"", ""PG 17:0_20:3"", ""PA 18:1_22:3""]","[0.004792992259321192, 0.004234442404813675, 0.004134263399285958, 0.004031842593590681, 0.003793438379124884]",PA 20:1_20:2,"[""PA 20:1_20:2""]",True,1.5404566511278972e-11,-1.3692637105332662e-15,3.336230585875311e-14,0.35490552417766175,1.1321608387347406,0.018781456860638653,0.0007104073970217499,True,True,frozen synthetic foreground mean NNLS; production labels only for comparison,"raw postfit residual direction, constrained by NNLS KKT; not absorbed signal fraction",True,True,TP,0.002707039988859296,9.208863266961002e-06,0.9003462090462657,0.9623021534517806,PS 14:0_22:4,PS 14:0_22:4,13,0.09219858156028368,0.9262682513646641,0.0,79,0,79,,FROZEN_CHANNEL_DETECTION_THRESHOLD_NOT_AVAILABLE,,0.028718974615830475,0.34473203033955313,,,0.0,candidate spectral contributions; arithmetic channel mean; all aliases,sum of unchanged b values on specified channels; no normalization,LIBRARY_SHARING_SUPPORT_NOT_VERIFIED_IDENTITY_DIAGNOSTIC
V58_MILD_CAL_R1_K125,97,PS 16:0_20:5,0.0003499725961376945,0.0003499725961376945,0.0,0.0,0.0,0.0,,0.0,0.0,[],[],,[],False,1.5404566511278972e-11,,,0.0,0.0,0.01870755452050573,9.443403339052787e-17,True,False,frozen synthetic foreground mean NNLS; production labels only for comparison,"raw postfit residual direction, constrained by NNLS KKT; not absorbed signal fraction",False,False,UNREPORTED_NONTRUTH,1.4933487266921227e-07,,0.655392473049552,0.9479285458531581,PS 16:1_20:4,PS 16:1_20:4,51,0.5257731958762887,0.7864024794179724,0.0,70,0,70,,FROZEN_CHANNEL_DETECTION_THRESHOLD_NOT_AVAILABLE,,0.0,0.0,,,0.0,candidate spectral contributions; arithmetic channel mean; all aliases,sum of unchanged b values on specified channels; no normalization,LIBRARY_SHARING_SUPPORT_NOT_VERIFIED_IDENTITY_DIAGNOSTIC
V58_MILD_CAL_R1_K125,98,PS 18:0_16:1,0.0003499725961376945,0.0003499725961376945,0.0,0.0,0.0,0.0,,0.0,0.0,[],[],,[],False,1.5404566511278972e-11,,,0.0,0.0,0.01870755452050573,9.443403339052787e-17,True,False,frozen synthetic foreground mean NNLS; production labels only for comparison,"raw postfit residual direction, constrained by NNLS KKT; not absorbed signal fraction",False,False,UNREPORTED_NONTRUTH,6.025577733252852e-05,,0.5507237251352833,0.9185186228969457,PS 16:0_18:1,PS 14:0_20:1,13,0.10317460317460317,0.6923192989434178,0.0,69,0,69,,FROZEN_CHANNEL_DETECTION_THRESHOLD_NOT_AVAILABLE,,0.0,0.0,,,0.0,candidate spectral contributions; arithmetic channel mean; all aliases,sum of unchanged b values on specified channels; no normalization,LIBRARY_SHARING_SUPPORT_NOT_VERIFIED_IDENTITY_DIAGNOSTIC
V58_MILD_CAL_R1_K125,99,PS 16:1_18:1,0.0003499725961376945,0.00035597489798995513,6.0023018522606495e-06,0.017150776664662925,0.009360262505455744,0.15806100259771758,PA 20:1_20:2,0.011583540397430717,0.07328525194059916,"[""PA 20:1_20:2"", ""PG 18:0_18:3"", ""PG 17:1_20:1"", ""PG 16:0_20:2"", ""PS 16:0_18:2""]","[0.011583540397430717, 0.00911948866151644, 0.007494553557133063, 0.006856685092289752, 0.006761696355849741]",PA 20:1_20:2,"[""PA 20:1_20:2""]",True,1.5404566511278972e-11,-2.3723911773183242e-15,2.5488378991698345e-15,0.36011299979702294,1.7162725586630467,0.018867297050450944,0.0017976916959355012,True,True,frozen synthetic foreground mean NNLS; production labels only for comparison,"raw postfit residual direction, constrained by NNLS KKT; not absorbed signal fraction",True,True,TP,0.008036571381485582,1.9950862623763457e-05,0.7013033019364242,0.9479241600420836,PS 16:0_18:2,PA 18:1_24:6,42,0.3925233644859813,0.8299124058939213,0.0,68,0,68,,FROZEN_CHANNEL_DETECTION_THRESHOLD_NOT_AVAILABLE,,0.04945766772143967,0.5207312048778375,,,0.0,candidate spectral contributions; arithmetic channel mean; all aliases,sum of unchanged b values on specified channels; no normalization,LIBRARY_SHARING_SUPPORT_NOT_VERIFIED_IDENTITY_DIAGNOSTIC
V58_MILD_CAL_R1_K125,100,PS 20:0_16:1,0.0003499725961376945,0.0003499725961376945,0.0,0.0,0.0,0.0,,0.0,0.0,[],[],,[],False,1.5404566511278972e-11,,,0.0,0.0,0.01870755452050573,9.443403339052787e-17,True,False,frozen synthetic foreground mean NNLS; production labels only for comparison,"raw postfit residual direction, constrained by NNLS KKT; not absorbed signal fraction",False,True,FP,0.0026557018114027804,0.0,0.5411661640567843,0.7132044989260127,PS 18:0_18:1,PA 20:0_22:5,45,0.39823008849557523,0.458294982062012,0.0,76,0,76,,FROZEN_CHANNEL_DETECTION_THRESHOLD_NOT_AVAILABLE,,0.0,0.0,,,0.0,candidate spectral contributions; arithmetic channel mean; all aliases,sum of unchanged b values on specified channels; no normalization,LIBRARY_SHARING_SUPPORT_NOT_VERIFIED_IDENTITY_DIAGNOSTIC
V58_MILD_CAL_R1_K125,101,PS 16:1_20:1,0.0003499725961376945,0.0003499725961376945,0.0,0.0,0.0,0.0,,0.0,0.0,[],[],,[],False,1.5404566511278972e-11,,,0.0,0.0,0.01870755452050573,9.443403339052787e-17,True,False,frozen synthetic foreground mean NNLS; production labels only for comparison,"raw postfit residual direction, constrained by NNLS KKT; not absorbed signal fraction",False,False,UNREPORTED_NONTRUTH,0.0002666186672035207,,0.842123964715004,0.8789657914901732,PS 14:0_22:2,PS 14:0_22:2,17,0.13385826771653545,0.6904091069722396,0.0,74,0,74,,FROZEN_CHANNEL_DETECTION_THRESHOLD_NOT_AVAILABLE,,0.0,0.0,,,0.0,candidate spectral contributions; arithmetic channel mean; all aliases,sum of unchanged b values on specified channels; no normalization,LIBRARY_SHARING_SUPPORT_NOT_VERIFIED_IDENTITY_DIAGNOSTIC
V58_MILD_CAL_R1_K125,102,PS 16:1_20:2,0.0003499725961376945,0.000372376591109876,2.2403994972181518e-05,0.06401642630141928,0.029411610096921666,0.38367722466939347,PS 16:0_20:3,0.02423613828227219,0.06316804001877564,"[""PS 16:0_20:3"", ""PA 20:2_22:6"", ""PA 18:1_22:3"", ""PG 16:1_20:2"", ""PE 16:0_22:3""]","[0.02423613828227219, 0.02393525884173463, 0.020392183489334925, 0.019038469652643306, 0.017881350905274113]",PS 16:0_20:3,"[""PS 16:0_20:3""]",True,1.5404566511278972e-11,-2.795195395801785e-16,0.0033087333912461595,0.39642681928949974,1.49172931269815,0.01929706172218653,0.003831565876231434,True,True,frozen synthetic foreground mean NNLS; production labels only for comparison,"raw postfit residual direction, constrained by NNLS KKT; not absorbed signal fraction",True,True,TP,0.02787117267581202,7.446793528805293e-05,0.839256980132579,0.8970279509041975,PS 14:0_22:3,PS 14:0_22:3,15,0.11811023622047244,0.8801470865454598,0.0,71,0,71,,FROZEN_CHANNEL_DETECTION_THRESHOLD_NOT_AVAILABLE,,0.10111906481206798,0.7112081433271891,,,0.0,candidate spectral contributions; arithmetic channel mean; all aliases,sum of unchanged b values on specified channels; no normalization,LIBRARY_SHARING_SUPPORT_NOT_VERIFIED_IDENTITY_DIAGNOSTIC
V58_MILD_CAL_R1_K125,103,PS 16:1_20:3,0.0003499725961376945,0.0003499725961376945,0.0,0.0,0.0,0.0,,0.0,0.0,[],[],,[],False,1.5404566511278972e-11,,,0.0,0.0,0.01870755452050573,9.443403339052787e-17,True,False,frozen synthetic foreground mean NNLS; production labels only for comparison,"raw postfit residual direction, constrained by NNLS KKT; not absorbed signal fraction",False,False,UNREPORTED_NONTRUTH,0.0004830332865445474,,0.8789619069310404,0.9555118469715737,PS 16:0_20:4,PS 14:0_22:4,13,0.09774436090225563,0.9172661523113396,0.0,71,0,71,,FROZEN_CHANNEL_DETECTION_THRESHOLD_NOT_AVAILABLE,,0.0,0.0,,,0.0,candidate spectral contributions; arithmetic channel mean; all aliases,sum of unchanged b values on specified channels; no normalization,LIBRARY_SHARING_SUPPORT_NOT_VERIFIED_IDENTITY_DIAGNOSTIC
V58_MILD_CAL_R1_K125,104,PS 16:1_20:4,0.0003499725961376945,0.0003499725961376945,0.0,0.0,0.0,0.0,,0.0,0.0,[],[],,[],False,1.5404566511278972e-11,,,0.0,0.0,0.01870755452050573,9.443403339052787e-17,True,False,frozen synthetic foreground mean NNLS; production labels only for comparison,"raw postfit residual direction, constrained by NNLS KKT; not absorbed signal fraction",False,False,UNREPORTED_NONTRUTH,2.5038190993205228e-06,,0.655392473049552,0.9479285458531581,PS 16:0_20:5,PS 16:0_20:5,51,0.5257731958762887,0.9383407641887398,0.0,78,0,78,,FROZEN_CHANNEL_DETECTION_THRESHOLD_NOT_AVAILABLE,,0.0,0.0,,,0.0,candidate spectral contributions; arithmetic channel mean; all aliases,sum of unchanged b values on specified channels; no normalization,LIBRARY_SHARING_SUPPORT_NOT_VERIFIED_IDENTITY_DIAGNOSTIC
V58_MILD_CAL_R1_K125,105,PS 18:0_18:0,0.0003499725961376945,0.00035687754686514845,6.904950727453971e-06,0.019729975386436505,0.011242442853789824,0.17175377593193164,PA 18:1_22:3,0.01393101145042239,0.08111036496724433,"[""PA 18:1_22:3"", ""PS 18:0_18:2"", ""PA 20:2_22:6"", ""PS 16:0_20:0"", ""PS 16:1_18:1""]","[0.01393101145042239, 0.008448318669807156, 0.008021907349570817, 0.007016509535300884, 0.006662690145485161]",PA 18:1_22:3,"[""PA 18:1_22:3""]",True,1.5404566511278972e-11,-3.0839911496236893e-15,-2.758979976797396e-14,0.27175077191952474,1.185348463120918,0.018891202896193473,0.0016770909710619006,True,True,frozen synthetic foreground mean NNLS; production labels only for comparison,"raw postfit residual direction, constrained by NNLS KKT; not absorbed signal fraction",False,True,FP,0.005196986717873519,2.2951148872229625e-05,0.7805572313987258,0.6885995024518338,PS 16:0_20:0,PA 18:0_22:5,43,0.5119047619047619,0.5062133838056025,0.0,53,0,53,,FROZEN_CHANNEL_DETECTION_THRESHOLD_NOT_AVAILABLE,,0.21799938151033882,0.9912721000176068,,,0.0,candidate spectral contributions; arithmetic channel mean; all aliases,sum of unchanged b values on specified channels; no normalization,LIBRARY_SHARING_SUPPORT_NOT_VERIFIED_IDENTITY_DIAGNOSTIC
V58_MILD_CAL_R1_K125,106,PS 18:0_18:1,0.0003499725961376945,0.00035227131935611206,2.2987232184175778e-06,0.0065682948814222725,0.006683692780693839,0.13001318465406936,PG 14:0_22:3,0.008231763501435108,0.06331483628583005,"[""PG 14:0_22:3"", ""PA 18:0_22:0"", ""PS 16:0_20:1"", ""PE O-18:0_22:2"", ""PE O-16:1_22:2""]","[0.008231763501435108, 0.007525967741171903, 0.006726677398582981, 0.006016269503280339, 0.005632700198191448]",PG 14:0_22:3,"[""PG 14:0_22:3""]",True,1.5404566511278972e-11,-1.7081560533994626e-15,-3.166101365323499e-14,0.3103359001851411,1.6256534846439101,0.018768892331624484,0.0014353752431504009,True,True,frozen synthetic foreground mean NNLS; production labels only for comparison,"raw postfit residual direction, constrained by NNLS KKT; not absorbed signal fraction",True,True,TP,0.0058212647727701695,7.640653914036409e-06,0.5811253535349176,0.7132044989260127,PS 20:0_16:1,PS 18:0_18:0,49,0.6901408450704225,0.6664600908900187,0.0,67,0,67,,FROZEN_CHANNEL_DETECTION_THRESHOLD_NOT_AVAILABLE,,0.06095069101504136,0.6533830148694657,,,0.0,candidate spectral contributions; arithmetic channel mean; all aliases,sum of unchanged b values on specified channels; no normalization,LIBRARY_SHARING_SUPPORT_NOT_VERIFIED_IDENTITY_DIAGNOSTIC
V58_MILD_CAL_R1_K125,107,PS 18:0_18:2,0.0003499725961376945,0.00034999158825989616,1.899212220167956e-08,5.426745510079816e-05,0.0009918202081890032,0.010199991646507655,PS 18:1_18:1,0.0008182297375135122,0.08021866740581546,"[""PS 18:1_18:1"", ""PS 18:0_18:1"", ""PS 16:0_20:2"", ""PG 17:0_20:2"", ""PG 17:1_20:2""]","[0.0008182297375135122, 0.0005506649480563706, 0.00045089738514109807, 0.0004181558800624846, 0.0004116786890989597]",PS 18:1_18:1,"[""PS 18:1_18:1""]",True,1.5404566511278972e-11,-2.43197437747592e-15,-4.169595610506587e-13,0.44880509536036395,1.2707293178752632,0.01870806211930825,0.0001370894274136365,True,True,frozen synthetic foreground mean NNLS; production labels only for comparison,"raw postfit residual direction, constrained by NNLS KKT; not absorbed signal fraction",False,True,FP,0.006630342517969303,6.312731853660888e-08,0.6058878191392841,0.7405286798093675,PS 16:0_20:2,PS 16:0_20:2,17,0.125,0.928239795425781,0.0,77,0,77,,FROZEN_CHANNEL_DETECTION_THRESHOLD_NOT_AVAILABLE,,0.004510891672386413,0.043875064083418354,,,0.0,candidate spectral contributions; arithmetic channel mean; all aliases,sum of unchanged b values on specified channels; no normalization,LIBRARY_SHARING_SUPPORT_NOT_VERIFIED_IDENTITY_DIAGNOSTIC
V58_MILD_CAL_R1_K125,108,PS 18:0_18:3,0.0003499725961376945,0.0003499725961376945,0.0,0.0,0.0,0.0,,0.0,0.0,[],[],,[],False,1.5404566511278972e-11,,,0.0,0.0,0.01870755452050573,9.443403339052787e-17,True,False,frozen synthetic foreground mean NNLS; production labels only for comparison,"raw postfit residual direction, constrained by NNLS KKT; not absorbed signal fraction",False,False,UNREPORTED_NONTRUTH,0.0009656990576957242,,0.5450127780890849,0.6465366272747991,PS 18:1_18:2,PS 18:1_18:2,53,0.6463414634146342,0.9395200802792593,0.0,75,0,75,,FROZEN_CHANNEL_DETECTION_THRESHOLD_NOT_AVAILABLE,,0.0,0.0,,,0.0,candidate spectral contributions; arithmetic channel mean; all aliases,sum of unchanged b values on specified channels; no normalization,LIBRARY_SHARING_SUPPORT_NOT_VERIFIED_IDENTITY_DIAGNOSTIC
V58_MILD_CAL_R1_K125,109,PS 18:1_18:1,0.0003499725961376945,0.0003635296850343247,1.3557088896630216e-05,0.03873757261999649,0.028341738982114333,0.29096344927106904,PA 18:1_22:3,0.022036801118972642,0.07573735180176137,"[""PA 18:1_22:3"", ""PS 18:0_18:2"", ""PE O-16:0_22:2"", ""PA 20:0_20:0"", ""PS 16:1_18:1""]","[0.022036801118972642, 0.01882789224079647, 0.0137049034527205, 0.011244310208931163, 0.009670199119916918]",PA 18:1_22:3,"[""PA 18:1_22:3""]",True,1.5404566511278972e-11,-2.1467193177958655e-15,-9.741561813754941e-15,0.44599345666684087,1.3152574889538213,0.019066454443192236,0.002972313353112993,True,True,frozen synthetic foreground mean NNLS; production labels only for comparison,"raw postfit residual direction, constrained by NNLS KKT; not absorbed signal fraction",True,True,TP,0.019509235180571464,4.5061982021607466e-05,0.7530106990367773,0.6685371911799611,PS 18:0_18:2,PA 18:1_24:6,42,0.4666666666666667,0.6726651412589494,0.0,51,0,51,,FROZEN_CHANNEL_DETECTION_THRESHOLD_NOT_AVAILABLE,,0.1395566067383391,0.858503554879149,,,0.0,candidate spectral contributions; arithmetic channel mean; all aliases,sum of unchanged b values on specified channels; no normalization,LIBRARY_SHARING_SUPPORT_NOT_VERIFIED_IDENTITY_DIAGNOSTIC
V58_MILD_CAL_R1_K125,110,PS 18:1_18:2,0.0003499725961376945,0.0003543479232343576,4.375327096663108e-06,0.01250191338535475,0.008105558189384176,0.15664994467989188,PA 20:1_20:3,0.011493220071969025,0.07336881028194174,"[""PA 20:1_20:3"", ""PA 18:2_22:3"", ""PA 18:1_22:2"", ""PG 18:2_18:2"", ""PG 18:0_18:3""]","[0.011493220071969025, 0.009222681847918381, 0.009091044398757698, 0.008744596442922355, 0.006664707202128722]",PA 20:1_20:3,"[""PA 20:1_20:3""]",True,1.5404566511278972e-11,8.899093527672061e-16,1.3422956975197906e-14,0.3330098092932999,1.9521465169128684,0.01882413140716876,0.001920801498186323,True,True,frozen synthetic foreground mean NNLS; production labels only for comparison,"raw postfit residual direction, constrained by NNLS KKT; not absorbed signal fraction",True,True,TP,0.006482636399943483,1.4543012328957631e-05,0.5450127780890849,0.6465366272747991,PS 18:0_18:3,PS 18:0_18:3,53,0.6463414634146342,0.9294985814716623,0.0,60,0,60,,FROZEN_CHANNEL_DETECTION_THRESHOLD_NOT_AVAILABLE,,0.034833256929279716,0.28359282987771883,,,0.0,candidate spectral contributions; arithmetic channel mean; all aliases,sum of unchanged b values on specified channels; no normalization,LIBRARY_SHARING_SUPPORT_NOT_VERIFIED_IDENTITY_DIAGNOSTIC
V58_MILD_CAL_R1_K125,111,PS 18:1_18:3,0.0003499725961376945,0.0003499725961376945,0.0,0.0,0.0,0.0,,0.0,0.0,[],[],,[],False,1.5404566511278972e-11,,,0.0,0.0,0.01870755452050573,9.443403339052787e-17,True,False,frozen synthetic foreground mean NNLS; production labels only for comparison,"raw postfit residual direction, constrained by NNLS KKT; not absorbed signal fraction",False,False,UNREPORTED_NONTRUTH,0.0001171938137907497,,0.4849621053914941,0.47430178178351884,PS 18:2_18:2,PA 18:1_24:6,42,0.4077669902912621,0.9602776948549773,0.0,64,0,64,,FROZEN_CHANNEL_DETECTION_THRESHOLD_NOT_AVAILABLE,,0.0,0.0,,,0.0,candidate spectral contributions; arithmetic channel mean; all aliases,sum of unchanged b values on specified channels; no normalization,LIBRARY_SHARING_SUPPORT_NOT_VERIFIED_IDENTITY_DIAGNOSTIC
V58_MILD_CAL_R1_K125,112,PS 18:2_18:2,0.0003499725961376945,0.0003558008578444607,5.828261706766215e-06,0.01665348017082927,0.009448155987498322,0.16127785171320339,PG 18:2_18:2,0.016346343177777615,0.10135516441987692,"[""PG 18:2_18:2"", ""PA 18:2_22:3"", ""PA 20:1_20:3"", ""PG 16:0_22:4"", ""PA 18:1_22:2""]","[0.016346343177777615, 0.013110837931146337, 0.01248737358355007, 0.008339923983154104, 0.007105283797501945]",PG 18:2_18:2,"[""PG 18:2_18:2""]",True,1.5404566511278972e-11,5.956228101666671e-16,0.00212780944854503,0.4254679960752999,2.2884830831331224,0.018862684269330837,0.002123318508390824,True,True,frozen synthetic foreground mean NNLS; production labels only for comparison,"raw postfit residual direction, constrained by NNLS KKT; not absorbed signal fraction",True,True,TP,0.007835975867288122,1.9372376049906116e-05,0.7708922771356179,0.47627871880693123,PA 18:2_24:6,PA 18:2_24:6,42,0.4883720930232558,0.8483760458817097,0.0,47,0,47,,FROZEN_CHANNEL_DETECTION_THRESHOLD_NOT_AVAILABLE,,0.06529003364762472,0.6402069427719675,,,0.0,candidate spectral contributions; arithmetic channel mean; all aliases,sum of unchanged b values on specified channels; no normalization,LIBRARY_SHARING_SUPPORT_NOT_VERIFIED_IDENTITY_DIAGNOSTIC
V58_MILD_CAL_R1_K125,113,PS 17:0_18:1,0.0003499725961376945,0.00034999702780112225,2.443166342776552e-08,6.981021836447681e-05,0.0002874947545187984,0.005895495821615727,PG 17:0_20:2,0.0015967608797279806,0.27084420509682017,"[""PG 17:0_20:2"", ""PG 17:1_20:2"", ""PG 14:0_22:3"", ""PS 18:0_17:1"", ""PG 16:0_22:4""]","[0.0015967608797279806, 0.0003291185052835179, 0.00029651506549244547, 0.00022731217737736062, 0.00020559284081595776]",PG 17:0_20:2,"[""PG 17:0_20:2""]",True,1.5404566511278972e-11,2.024958126482115e-15,-4.5126608449824295e-14,0.16449037130478897,1.1680899750083535,0.01870820749834473,0.00012777511599858072,True,True,frozen synthetic foreground mean NNLS; production labels only for comparison,"raw postfit residual direction, constrained by NNLS KKT; not absorbed signal fraction",False,False,UNREPORTED_NONTRUTH,8.410658084093798e-05,,0.5369670920035333,0.8427592813946936,PS 18:0_17:1,PS 18:0_17:1,49,0.5384615384615384,0.7957295102751876,0.0,73,0,73,,FROZEN_CHANNEL_DETECTION_THRESHOLD_NOT_AVAILABLE,,0.018775713944040005,0.3254135421374434,,,0.0,candidate spectral contributions; arithmetic channel mean; all aliases,sum of unchanged b values on specified channels; no normalization,LIBRARY_SHARING_SUPPORT_NOT_VERIFIED_IDENTITY_DIAGNOSTIC
V58_MILD_CAL_R1_K125,114,PS 17:0_18:2,0.0003499725961376945,0.0009729350038159987,0.0006229624076783042,1.7800319589970743,0.02957168161311689,0.24947578301126241,PE O-16:0_22:2,0.01316894891086985,0.052786481925672764,"[""PE O-16:0_22:2"", ""PS 17:0_18:1"", ""PA 20:1_20:3"", ""PG 17:0_18:1"", ""PE O-16:1_22:3""]","[0.01316894891086985, 0.011140667370541415, 0.010352362245219173, 0.010149190046965413, 0.009816736495152745]",PE O-16:0_22:2,"[""PE O-16:0_22:2""]",True,1.5404566511278972e-11,-6.90239429723641e-16,1.487631742975885e-15,0.21537388635126015,0.5045129640299482,0.03119190606256692,0.024945971620381164,True,True,frozen synthetic foreground mean NNLS; production labels only for comparison,"raw postfit residual direction, constrained by NNLS KKT; not absorbed signal fraction",True,True,TP,0.02865475602385688,0.002070645182677436,0.42497147438451643,0.18158625071378864,PS 17:0_18:1,PS 17:0_18:1,60,0.6976744186046512,0.9894982417977692,0.0,73,0,73,,FROZEN_CHANNEL_DETECTION_THRESHOLD_NOT_AVAILABLE,,0.23914093054271834,0.9993247843869637,,,0.0,candidate spectral contributions; arithmetic channel mean; all aliases,sum of unchanged b values on specified channels; no normalization,LIBRARY_SHARING_SUPPORT_NOT_VERIFIED_IDENTITY_DIAGNOSTIC
V58_MILD_CAL_R1_K125,115,PS 18:0_17:1,0.0003499725961376945,0.0003499725961376945,0.0,0.0,0.0,0.0,,0.0,0.0,[],[],,[],False,1.5404566511278972e-11,,,0.0,0.0,0.01870755452050573,9.443403339052787e-17,True,False,frozen synthetic foreground mean NNLS; production labels only for comparison,"raw postfit residual direction, constrained by NNLS KKT; not absorbed signal fraction",False,False,UNREPORTED_NONTRUTH,3.358990580852704e-08,,0.5504258784962808,0.8427592813946936,PS 17:0_18:1,PA 18:0_22:5,43,0.4387755102040816,0.7674886577525571,0.0,67,0,67,,FROZEN_CHANNEL_DETECTION_THRESHOLD_NOT_AVAILABLE,,0.0,0.0,,,0.0,candidate spectral contributions; arithmetic channel mean; all aliases,sum of unchanged b values on specified channels; no normalization,LIBRARY_SHARING_SUPPORT_NOT_VERIFIED_IDENTITY_DIAGNOSTIC
V58_MILD_CAL_R1_K125,116,PE 16:0_22:1,0.0003499725961376945,0.0003499725961376945,0.0,0.0,0.0,0.0,,0.0,0.0,[],[],,[],False,1.5404566511278972e-11,,,0.0,0.0,0.01870755452050573,9.443403339052787e-17,True,False,frozen synthetic foreground mean NNLS; production labels only for comparison,"raw postfit residual direction, constrained by NNLS KKT; not absorbed signal fraction",False,True,FP,0.0018318438741909727,0.0,0.8469294719697444,0.84535423486711,PE O-18:1_22:1,PE O-18:1_22:1,7,0.09090909090909091,0.2981316405930583,0.0,54,0,54,,FROZEN_CHANNEL_DETECTION_THRESHOLD_NOT_AVAILABLE,,0.0,0.0,,,0.0,candidate spectral contributions; arithmetic channel mean; all aliases,sum of unchanged b values on specified channels; no normalization,LIBRARY_SHARING_SUPPORT_NOT_VERIFIED_IDENTITY_DIAGNOSTIC
V58_MILD_CAL_R1_K125,117,PE 16:0_22:2,0.0003499725961376945,0.0003499725961376945,0.0,0.0,0.0,0.0,,0.0,0.0,[],[],,[],False,1.5404566511278972e-11,,,0.0,0.0,0.01870755452050573,9.443403339052787e-17,True,False,frozen synthetic foreground mean NNLS; production labels only for comparison,"raw postfit residual direction, constrained by NNLS KKT; not absorbed signal fraction",False,False,UNREPORTED_NONTRUTH,0.00022643139099867368,,0.8549196431250119,0.8479553043562295,PE O-18:2_22:2,PE O-18:2_22:2,8,0.1,0.5006635722918599,0.0,57,0,57,,FROZEN_CHANNEL_DETECTION_THRESHOLD_NOT_AVAILABLE,,0.0,0.0,,,0.0,candidate spectral contributions; arithmetic channel mean; all aliases,sum of unchanged b values on specified channels; no normalization,LIBRARY_SHARING_SUPPORT_NOT_VERIFIED_IDENTITY_DIAGNOSTIC
V58_MILD_CAL_R1_K125,118,PE 16:0_22:3,0.0003499725961376945,0.0003499725961376945,0.0,0.0,0.0,0.0,,0.0,0.0,[],[],,[],False,1.5404566511278972e-11,,,0.0,0.0,0.01870755452050573,9.443403339052787e-17,True,False,frozen synthetic foreground mean NNLS; production labels only for comparison,"raw postfit residual direction, constrained by NNLS KKT; not absorbed signal fraction",False,True,FP,0.0018437759662942067,0.0,0.8777723220543086,0.8645317906294568,PE O-18:2_22:3,PE O-18:2_22:3,8,0.1,0.6185266126341986,0.0,57,0,57,,FROZEN_CHANNEL_DETECTION_THRESHOLD_NOT_AVAILABLE,,0.0,0.0,,,0.0,candidate spectral contributions; arithmetic channel mean; all aliases,sum of unchanged b values on specified channels; no normalization,LIBRARY_SHARING_SUPPORT_NOT_VERIFIED_IDENTITY_DIAGNOSTIC
V58_MILD_CAL_R1_K125,119,PE 16:0_22:4,0.0003499725961376945,0.0003501330801536719,1.604840159774427e-07,0.0004585616625129689,0.019608175249125233,0.07805188738332641,PE 16:0_22:3,0.012552526931370689,0.16082284941505923,"[""PE 16:0_22:3"", ""PG 14:0_22:3"", ""PE O-16:0_22:4"", ""PE 18:1_22:4"", ""PE 18:0_20:4""]","[0.012552526931370689, 0.008646823202881723, 0.006310972154783597, 0.00531585659257126, 0.004765999264830855]",PE 16:0_22:3,"[""PE 16:0_22:3""]",True,1.5404566511278972e-11,-7.212696227844695e-15,0.006041019992374977,0.7098374801921264,1.038941982753553,0.018711843312556674,0.000276474750059374,True,True,frozen synthetic foreground mean NNLS; production labels only for comparison,"raw postfit residual direction, constrained by NNLS KKT; not absorbed signal fraction",False,True,FP,0.005137393384235473,5.334277806883081e-07,0.9175531099957064,0.9061223919718913,PE O-16:1_22:4,PE O-16:1_22:4,20,0.24691358024691357,0.6292175100343758,0.0,64,0,64,,FROZEN_CHANNEL_DETECTION_THRESHOLD_NOT_AVAILABLE,,0.14273875268703293,0.9463424298519615,,,0.0,candidate spectral contributions; arithmetic channel mean; all aliases,sum of unchanged b values on specified channels; no normalization,LIBRARY_SHARING_SUPPORT_NOT_VERIFIED_IDENTITY_DIAGNOSTIC
V58_MILD_CAL_R1_K125,120,PE 16:0_22:5,0.0003499725961376945,0.0003499725961376945,0.0,0.0,0.0,0.0,,0.0,0.0,[],[],,[],False,1.5404566511278972e-11,,,0.0,0.0,0.01870755452050573,9.443403339052787e-17,True,False,frozen synthetic foreground mean NNLS; production labels only for comparison,"raw postfit residual direction, constrained by NNLS KKT; not absorbed signal fraction",False,False,UNREPORTED_NONTRUTH,0.00021494847028801772,,0.9054249265947026,0.9172913272948485,PE O-16:1_22:5,PE O-16:1_22:5,21,0.26582278481012656,0.5601580832855887,0.0,62,0,62,,FROZEN_CHANNEL_DETECTION_THRESHOLD_NOT_AVAILABLE,,0.0,0.0,,,0.0,candidate spectral contributions; arithmetic channel mean; all aliases,sum of unchanged b values on specified channels; no normalization,LIBRARY_SHARING_SUPPORT_NOT_VERIFIED_IDENTITY_DIAGNOSTIC
V58_MILD_CAL_R1_K125,121,PE 16:0_22:6,0.0003499725961376945,0.0003499725961376945,0.0,0.0,0.0,0.0,,0.0,0.0,[],[],,[],False,1.5404566511278972e-11,,,0.0,0.0,0.01870755452050573,9.443403339052787e-17,True,False,frozen synthetic foreground mean NNLS; production labels only for comparison,"raw postfit residual direction, constrained by NNLS KKT; not absorbed signal fraction",True,True,TP,0.004079391466481949,0.0,0.7991402253068474,0.846830461754716,PE 18:0_22:6,PG 16:0_22:6,30,0.2542372881355932,0.7345294423637629,0.0,62,0,62,,FROZEN_CHANNEL_DETECTION_THRESHOLD_NOT_AVAILABLE,,0.0,0.0,,,0.0,candidate spectral contributions; arithmetic channel mean; all aliases,sum of unchanged b values on specified channels; no normalization,LIBRARY_SHARING_SUPPORT_NOT_VERIFIED_IDENTITY_DIAGNOSTIC
V58_MILD_CAL_R1_K125,122,PE 16:0_24:4,0.0003499725961376945,0.0003500233306446085,5.073450691403221e-08,0.00014496708407736006,0.00427274681353226,0.03283039267520014,PG 16:0_20:3,0.006124751164069204,0.18655735325728356,"[""PG 16:0_20:3"", ""PE 16:0_22:4"", ""PE O-16:1_24:4"", ""PG 14:0_24:4"", ""PG 18:0_18:3""]","[0.006124751164069204, 0.004235705539584692, 0.0025758979343299114, 0.002507311552449492, 0.0016839665068884152]",PG 16:0_20:3,"[""PG 16:0_20:3""]",True,1.5404566511278972e-11,-1.123527191043528e-15,-2.6362909855372644e-13,0.39937987698075333,1.0487338451812962,0.01870891046118423,0.00015706895310074227,True,True,frozen synthetic foreground mean NNLS; production labels only for comparison,"raw postfit residual direction, constrained by NNLS KKT; not absorbed signal fraction",False,True,FP,0.0029608707799122164,1.6863483420901576e-07,0.9087919438082184,0.9716776177845982,PE O-16:1_24:4,PE O-16:1_24:4,18,0.2465753424657534,0.16979025648162965,0.0,54,2,56,,FROZEN_CHANNEL_DETECTION_THRESHOLD_NOT_AVAILABLE,0.0,0.30912131545596333,0.9999999816866677,0.9999899953562637,0.0,5.886571991339266e-07,candidate spectral contributions; arithmetic channel mean; all aliases,sum of unchanged b values on specified channels; no normalization,LIBRARY_SHARING_SUPPORT_NOT_VERIFIED_IDENTITY_DIAGNOSTIC
V58_MILD_CAL_R1_K125,123,PE 16:0_24:5,0.0003499725961376945,0.0003499725961376945,0.0,0.0,0.0,0.0,,0.0,0.0,[],[],,[],False,1.5404566511278972e-11,,,0.0,0.0,0.01870755452050573,9.443403339052787e-17,True,False,frozen synthetic foreground mean NNLS; production labels only for comparison,"raw postfit residual direction, constrained by NNLS KKT; not absorbed signal fraction",False,True,FP,0.0012715497726279472,0.0,0.9300862044228929,0.9865358863091525,PE O-16:1_24:5,PE O-16:1_24:5,19,0.25333333333333335,0.1768435039648113,0.0,58,0,58,,FROZEN_CHANNEL_DETECTION_THRESHOLD_NOT_AVAILABLE,,0.0,0.0,,,0.0,candidate spectral contributions; arithmetic channel mean; all aliases,sum of unchanged b values on specified channels; no normalization,LIBRARY_SHARING_SUPPORT_NOT_VERIFIED_IDENTITY_DIAGNOSTIC
V58_MILD_CAL_R1_K125,124,PE 16:0_24:6,0.0003499725961376945,0.0003499725961376945,0.0,0.0,0.0,0.0,,0.0,0.0,[],[],,[],False,1.5404566511278972e-11,,,0.0,0.0,0.01870755452050573,9.443403339052787e-17,True,False,frozen synthetic foreground mean NNLS; production labels only for comparison,"raw postfit residual direction, constrained by NNLS KKT; not absorbed signal fraction",False,False,UNREPORTED_NONTRUTH,1.4763417097909406e-05,,0.886774700560749,0.9877203620867723,PE O-16:1_24:6,PE O-16:1_24:6,22,0.27848101265822783,0.26739999712320867,0.0,60,2,62,,FROZEN_CHANNEL_DETECTION_THRESHOLD_NOT_AVAILABLE,0.0,0.0,0.0,0.0,0.0,0.0,candidate spectral contributions; arithmetic channel mean; all aliases,sum of unchanged b values on specified channels; no normalization,LIBRARY_SHARING_SUPPORT_NOT_VERIFIED_IDENTITY_DIAGNOSTIC
V58_MILD_CAL_R1_K125,125,PE 22:0_16:1,0.0003499725961376945,0.0003499725961376945,0.0,0.0,0.0,0.0,,0.0,0.0,[],[],,[],False,1.5404566511278972e-11,,,0.0,0.0,0.01870755452050573,9.443403339052787e-17,True,False,frozen synthetic foreground mean NNLS; production labels only for comparison,"raw postfit residual direction, constrained by NNLS KKT; not absorbed signal fraction",False,False,UNREPORTED_NONTRUTH,0.0,,0.6836826805426119,0.6966961409726665,PG 20:0_16:1,PG 20:0_16:1,11,0.08661417322834646,0.184624508385585,0.0,51,0,51,,FROZEN_CHANNEL_DETECTION_THRESHOLD_NOT_AVAILABLE,,0.0,0.0,,,0.0,candidate spectral contributions; arithmetic channel mean; all aliases,sum of unchanged b values on specified channels; no normalization,LIBRARY_SHARING_SUPPORT_NOT_VERIFIED_IDENTITY_DIAGNOSTIC
V58_MILD_CAL_R1_K125,126,PE 16:1_22:1,0.0003499725961376945,0.0003499725961376945,0.0,0.0,0.0,0.0,,0.0,0.0,[],[],,[],False,1.5404566511278972e-11,,,0.0,0.0,0.01870755452050573,9.443403339052787e-17,True,False,frozen synthetic foreground mean NNLS; production labels only for comparison,"raw postfit residual direction, constrained by NNLS KKT; not absorbed signal fraction",False,False,UNREPORTED_NONTRUTH,0.0006553301941717218,,0.6758005252631145,0.6758461743904584,PG 20:0_16:1,PE O-18:1_22:1,8,0.10666666666666667,0.2849080101363265,0.0,53,0,53,,FROZEN_CHANNEL_DETECTION_THRESHOLD_NOT_AVAILABLE,,0.0,0.0,,,0.0,candidate spectral contributions; arithmetic channel mean; all aliases,sum of unchanged b values on specified channels; no normalization,LIBRARY_SHARING_SUPPORT_NOT_VERIFIED_IDENTITY_DIAGNOSTIC
V58_MILD_CAL_R1_K125,127,PE 16:1_22:2,0.0003499725961376945,0.0003503723446781075,3.9974854041302434e-07,0.0011422281163794828,0.00900414128117629,0.05428059772183144,PE 16:1_22:3,0.007928189139008088,0.14605935585844412,"[""PE 16:1_22:3"", ""PE 18:2_22:2"", ""PE O-16:0_22:2"", ""PG 18:0_18:3"", ""PE 20:1_18:2""]","[0.007928189139008088, 0.0068354239712994005, 0.004577117702641721, 0.0032462544564655915, 0.0027013529662163584]",PE 16:1_22:3,"[""PE 16:1_22:3""]",True,1.5404566511278972e-11,-5.647721211435643e-15,-2.659647074192036e-13,0.6905511224473098,1.4406434768677374,0.018718235618725064,0.0004092263618840539,True,True,frozen synthetic foreground mean NNLS; production labels only for comparison,"raw postfit residual direction, constrained by NNLS KKT; not absorbed signal fraction",True,True,TP,0.017919618479325296,1.3287116193309758e-06,0.8327039414471001,0.7157078424698625,PE O-18:2_22:2,PE O-18:2_22:2,8,0.10126582278481013,0.487439941835128,0.0,56,0,56,,FROZEN_CHANNEL_DETECTION_THRESHOLD_NOT_AVAILABLE,,0.07380928168897649,0.36088365580152143,,,0.0,candidate spectral contributions; arithmetic channel mean; all aliases,sum of unchanged b values on specified channels; no normalization,LIBRARY_SHARING_SUPPORT_NOT_VERIFIED_IDENTITY_DIAGNOSTIC
V58_MILD_CAL_R1_K125,128,PE 16:1_22:3,0.0003499725961376945,0.00035003495055544847,6.235441775398866e-08,0.00017816942887518623,0.0061482397117227265,0.01645773503027633,PE 16:1_22:4,0.0038087586060140304,0.23142665736055745,"[""PE 16:1_22:4"", ""PE O-16:1_22:3"", ""PE 18:2_22:3"", ""PE 16:1_22:2"", ""PE O-16:0_22:3""]","[0.0038087586060140304, 0.002865850851895807, 0.002431969491694528, 0.0018457987720842377, 0.0009717357329880744]",PE 16:1_22:4,"[""PE 16:1_22:4""]",True,1.5404566511278972e-11,-4.4645143966738276e-15,0.06167381317110068,0.7913945187143886,1.0507330847851908,0.018709221003437027,0.00010792980803608347,True,True,frozen synthetic foreground mean NNLS; production labels only for comparison,"raw postfit residual direction, constrained by NNLS KKT; not absorbed signal fraction",False,True,FP,0.003315799752967758,2.072578909258806e-07,0.94529785314286,0.8881929043626978,PE O-18:2_22:3,PE O-18:2_22:3,8,0.10126582278481013,0.6053029821774667,0.0,56,0,56,,FROZEN_CHANNEL_DETECTION_THRESHOLD_NOT_AVAILABLE,,0.04157227741741033,0.35822624541253323,,,0.0,candidate spectral contributions; arithmetic channel mean; all aliases,sum of unchanged b values on specified channels; no normalization,LIBRARY_SHARING_SUPPORT_NOT_VERIFIED_IDENTITY_DIAGNOSTIC
V58_MILD_CAL_R1_K125,129,PE 16:1_22:4,0.0003499725961376945,0.0003499725961376945,0.0,0.0,0.0,0.0,,0.0,0.0,[],[],,[],False,1.5404566511278972e-11,,,0.0,0.0,0.01870755452050573,9.443403339052787e-17,True,False,frozen synthetic foreground mean NNLS; production labels only for comparison,"raw postfit residual direction, constrained by NNLS KKT; not absorbed signal fraction",False,False,UNREPORTED_NONTRUTH,0.0001443282380850245,,0.96060323631292,0.9233418688585724,PE O-16:1_22:4,PE O-16:1_22:4,17,0.20481927710843373,0.6159938795776437,0.0,63,0,63,,FROZEN_CHANNEL_DETECTION_THRESHOLD_NOT_AVAILABLE,,0.0,0.0,,,0.0,candidate spectral contributions; arithmetic channel mean; all aliases,sum of unchanged b values on specified channels; no normalization,LIBRARY_SHARING_SUPPORT_NOT_VERIFIED_IDENTITY_DIAGNOSTIC
V58_MILD_CAL_R1_K125,130,PE 16:1_22:5,0.0003499725961376945,0.0003499725961376945,0.0,0.0,0.0,0.0,,0.0,0.0,[],[],,[],False,1.5404566511278972e-11,,,0.0,0.0,0.01870755452050573,9.443403339052787e-17,True,False,frozen synthetic foreground mean NNLS; production labels only for comparison,"raw postfit residual direction, constrained by NNLS KKT; not absorbed signal fraction",False,True,FP,0.0013133912885002635,0.0,0.9172143916186604,0.8944634240203926,PE O-16:1_22:5,PE O-16:1_22:5,18,0.2222222222222222,0.5469344528288569,0.0,61,0,61,,FROZEN_CHANNEL_DETECTION_THRESHOLD_NOT_AVAILABLE,,0.0,0.0,,,0.0,candidate spectral contributions; arithmetic channel mean; all aliases,sum of unchanged b values on specified channels; no normalization,LIBRARY_SHARING_SUPPORT_NOT_VERIFIED_IDENTITY_DIAGNOSTIC
V58_MILD_CAL_R1_K125,131,PE 16:1_22:6,0.0003499725961376945,0.0003499725961376945,0.0,0.0,0.0,0.0,,0.0,0.0,[],[],,[],False,1.5404566511278972e-11,,,0.0,0.0,0.01870755452050573,9.443403339052787e-17,True,False,frozen synthetic foreground mean NNLS; production labels only for comparison,"raw postfit residual direction, constrained by NNLS KKT; not absorbed signal fraction",False,False,UNREPORTED_NONTRUTH,0.0,,0.9234151828205017,0.8630897869781091,PG 16:1_22:6,PG 16:1_22:6,27,0.23478260869565218,0.7213058119070312,0.0,61,0,61,,FROZEN_CHANNEL_DETECTION_THRESHOLD_NOT_AVAILABLE,,0.0,0.0,,,0.0,candidate spectral contributions; arithmetic channel mean; all aliases,sum of unchanged b values on specified channels; no normalization,LIBRARY_SHARING_SUPPORT_NOT_VERIFIED_IDENTITY_DIAGNOSTIC
V58_MILD_CAL_R1_K125,132,PE 18:0_20:0,0.0003499725961376945,0.0004046803466400794,5.470775050238493e-05,0.1563200974871199,0.025259321947019582,0.21741948536005828,PA 20:0_20:0,0.02020929271422393,0.09295069703924333,"[""PA 20:0_20:0"", ""PE 16:0_22:3"", ""PE 18:0_22:3"", ""PE 20:1_20:2"", ""PE O-16:1_22:4""]","[0.02020929271422393, 0.00980762397026484, 0.009698565391408691, 0.006538574215239498, 0.006428191290946024]",PA 20:0_20:0,"[""PA 20:0_20:0""]",True,1.5404566511278972e-11,4.444843609511367e-16,0.0030074877510130734,0.49947848772643055,1.2061506418716357,0.02011666837823996,0.007201761082489333,True,True,frozen synthetic foreground mean NNLS; production labels only for comparison,"raw postfit residual direction, constrained by NNLS KKT; not absorbed signal fraction",True,True,TP,0.02125753152614276,0.00018184137379182008,0.7562162034179577,0.4632758232616803,PG 18:0_18:0,PG 18:0_18:0,16,0.14953271028037382,0.4995295332433155,0.0,64,0,64,,FROZEN_CHANNEL_DETECTION_THRESHOLD_NOT_AVAILABLE,,0.06447600202646095,0.21037452266665796,,,0.0,candidate spectral contributions; arithmetic channel mean; all aliases,sum of unchanged b values on specified channels; no normalization,LIBRARY_SHARING_SUPPORT_NOT_VERIFIED_IDENTITY_DIAGNOSTIC
V58_MILD_CAL_R1_K125,133,PE 18:0_20:1,0.0003499725961376945,0.0003499725961376945,0.0,0.0,0.0,0.0,,0.0,0.0,[],[],,[],False,1.5404566511278972e-11,,,0.0,0.0,0.01870755452050573,9.443403339052787e-17,True,False,frozen synthetic foreground mean NNLS; production labels only for comparison,"raw postfit residual direction, constrained by NNLS KKT; not absorbed signal fraction",False,False,UNREPORTED_NONTRUTH,1.2744410949413226e-06,,0.9005810906900547,0.770057669652371,PE 17:0_20:1,PE O-18:0_20:1,12,0.15,0.638169542661409,0.0,65,0,65,,FROZEN_CHANNEL_DETECTION_THRESHOLD_NOT_AVAILABLE,,0.0,0.0,,,0.0,candidate spectral contributions; arithmetic channel mean; all aliases,sum of unchanged b values on specified channels; no normalization,LIBRARY_SHARING_SUPPORT_NOT_VERIFIED_IDENTITY_DIAGNOSTIC
V58_MILD_CAL_R1_K125,134,PE 18:0_20:2,0.0003499725961376945,0.0003499725961376945,0.0,0.0,0.0,0.0,,0.0,0.0,[],[],,[],False,1.5404566511278972e-11,,,0.0,0.0,0.01870755452050573,9.443403339052787e-17,True,False,frozen synthetic foreground mean NNLS; production labels only for comparison,"raw postfit residual direction, constrained by NNLS KKT; not absorbed signal fraction",False,False,UNREPORTED_NONTRUTH,8.113442669508471e-07,,0.944865604745013,0.8670718082847534,PE 20:2_20:2,PE 20:2_20:2,29,0.453125,0.7830786487355783,0.0,64,0,64,,FROZEN_CHANNEL_DETECTION_THRESHOLD_NOT_AVAILABLE,,0.0,0.0,,,0.0,candidate spectral contributions; arithmetic channel mean; all aliases,sum of unchanged b values on specified channels; no normalization,LIBRARY_SHARING_SUPPORT_NOT_VERIFIED_IDENTITY_DIAGNOSTIC
V58_MILD_CAL_R1_K125,135,PE 18:0_20:3,0.0003499725961376945,0.0003499725961376945,0.0,0.0,0.0,0.0,,0.0,0.0,[],[],,[],False,1.5404566511278972e-11,,,0.0,0.0,0.01870755452050573,9.443403339052787e-17,True,False,frozen synthetic foreground mean NNLS; production labels only for comparison,"raw postfit residual direction, constrained by NNLS KKT; not absorbed signal fraction",False,False,UNREPORTED_NONTRUTH,0.00012923721500145415,,0.9433762539768672,0.9013381978885371,PE 20:3_20:3,PE 20:3_20:3,29,0.453125,0.8298569356047749,0.0,64,0,64,,FROZEN_CHANNEL_DETECTION_THRESHOLD_NOT_AVAILABLE,,0.0,0.0,,,0.0,candidate spectral contributions; arithmetic channel mean; all aliases,sum of unchanged b values on specified channels; no normalization,LIBRARY_SHARING_SUPPORT_NOT_VERIFIED_IDENTITY_DIAGNOSTIC
V58_MILD_CAL_R1_K125,136,PE 18:0_20:4,0.0003499725961376945,0.0003514413967579723,1.4688006202778314e-06,0.0041969017925707515,0.028467998581546947,0.19026836816112586,PE 18:0_22:3,0.020124009626889226,0.105766448838946,"[""PE 18:0_22:3"", ""PG 16:0_20:3"", ""PE O-16:0_22:2"", ""PE 20:1_18:3"", ""PE 18:2_20:4""]","[0.020124009626889226, 0.019004570281924, 0.013532671081296953, 0.011779855393475128, 0.009429294435991022]",PE 18:0_22:3,"[""PE 18:0_22:3""]",True,1.5404566511278972e-11,-2.2308140030911745e-15,0.009180337847194488,0.5541481616995723,1.1806749439907314,0.018746770302053968,0.0008807229672040831,True,True,frozen synthetic foreground mean NNLS; production labels only for comparison,"raw postfit residual direction, constrained by NNLS KKT; not absorbed signal fraction",True,True,TP,0.016186147000392406,4.882100253894233e-06,0.9143115935718319,0.9094018148480508,PE 20:4_20:4,PE 20:4_20:4,43,0.5512820512820513,0.932218722133857,0.0,78,0,78,,FROZEN_CHANNEL_DETECTION_THRESHOLD_NOT_AVAILABLE,,0.050609210912781886,0.24367619299156484,,,0.0,candidate spectral contributions; arithmetic channel mean; all aliases,sum of unchanged b values on specified channels; no normalization,LIBRARY_SHARING_SUPPORT_NOT_VERIFIED_IDENTITY_DIAGNOSTIC
V58_MILD_CAL_R1_K125,137,PE 18:0_20:5,0.0003499725961376945,0.0003499725961376945,0.0,0.0,0.0,0.0,,0.0,0.0,[],[],,[],False,1.5404566511278972e-11,,,0.0,0.0,0.01870755452050573,9.443403339052787e-17,True,False,frozen synthetic foreground mean NNLS; production labels only for comparison,"raw postfit residual direction, constrained by NNLS KKT; not absorbed signal fraction",False,False,UNREPORTED_NONTRUTH,6.957067476327028e-05,,0.6681402722839712,0.8465430942906492,PE 20:0_20:5,PG 18:0_20:5,32,0.2302158273381295,0.8766782431381388,0.0,75,0,75,,FROZEN_CHANNEL_DETECTION_THRESHOLD_NOT_AVAILABLE,,0.0,0.0,,,0.0,candidate spectral contributions; arithmetic channel mean; all aliases,sum of unchanged b values on specified channels; no normalization,LIBRARY_SHARING_SUPPORT_NOT_VERIFIED_IDENTITY_DIAGNOSTIC
V58_MILD_CAL_R1_K125,138,PE 18:0_22:3,0.0003499725961376945,0.0003499725961376945,0.0,0.0,0.0,0.0,,0.0,0.0,[],[],,[],False,1.5404566511278972e-11,,,0.0,0.0,0.01870755452050573,9.443403339052787e-17,True,False,frozen synthetic foreground mean NNLS; production labels only for comparison,"raw postfit residual direction, constrained by NNLS KKT; not absorbed signal fraction",True,True,TP,0.02059147795897337,0.0,0.9625813134347496,0.9616110938773339,PE O-18:2_22:3,PE O-18:2_22:3,19,0.25675675675675674,0.8369292867565874,0.0,62,0,62,,FROZEN_CHANNEL_DETECTION_THRESHOLD_NOT_AVAILABLE,,0.0,0.0,,,0.0,candidate spectral contributions; arithmetic channel mean; all aliases,sum of unchanged b values on specified channels; no normalization,LIBRARY_SHARING_SUPPORT_NOT_VERIFIED_IDENTITY_DIAGNOSTIC
V58_MILD_CAL_R1_K125,139,PE 18:0_22:4,0.0003499725961376945,0.0003499725961376945,0.0,0.0,0.0,0.0,,0.0,0.0,[],[],,[],False,1.5404566511278972e-11,,,0.0,0.0,0.01870755452050573,9.443403339052787e-17,True,False,frozen synthetic foreground mean NNLS; production labels only for comparison,"raw postfit residual direction, constrained by NNLS KKT; not absorbed signal fraction",True,True,TP,0.020450606662201994,0.0,0.9476228638107285,0.9520707418768032,PE O-16:1_22:4,PE O-16:1_22:4,15,0.16853932584269662,0.842535952733471,0.0,67,0,67,,FROZEN_CHANNEL_DETECTION_THRESHOLD_NOT_AVAILABLE,,0.0,0.0,,,0.0,candidate spectral contributions; arithmetic channel mean; all aliases,sum of unchanged b values on specified channels; no normalization,LIBRARY_SHARING_SUPPORT_NOT_VERIFIED_IDENTITY_DIAGNOSTIC
V58_MILD_CAL_R1_K125,140,PE 18:0_22:5,0.0003499725961376945,0.0003509988381296157,1.026241991921239e-06,0.0029323495619786215,0.022149810979623007,0.16119285777179465,PE 20:2_20:2,0.013537807758798925,0.08398515880821966,"[""PE 20:2_20:2"", ""PE 20:1_20:4"", ""PE 18:0_22:3"", ""PE 18:2_20:4"", ""PE 18:1_22:5""]","[0.013537807758798925, 0.013290185232170466, 0.010728388227468813, 0.008483917523251592, 0.007419834709846622]",PE 20:2_20:2,"[""PE 20:2_20:2""]",True,1.5404566511278972e-11,-2.5219794612694276e-15,-5.6138087101588465e-14,0.4591391577376605,1.0782963638289096,0.018734962987142934,0.000779405500370033,True,True,frozen synthetic foreground mean NNLS; production labels only for comparison,"raw postfit residual direction, constrained by NNLS KKT; not absorbed signal fraction",True,True,TP,0.017005397375121443,3.4110935277019974e-06,0.9018529081806056,0.9424145257292422,PE O-16:1_22:5,PE O-16:1_22:5,16,0.1951219512195122,0.7505104850265123,0.0,60,0,60,,FROZEN_CHANNEL_DETECTION_THRESHOLD_NOT_AVAILABLE,,0.08839245326553646,0.911776544688065,,,0.0,candidate spectral contributions; arithmetic channel mean; all aliases,sum of unchanged b values on specified channels; no normalization,LIBRARY_SHARING_SUPPORT_NOT_VERIFIED_IDENTITY_DIAGNOSTIC
V58_MILD_CAL_R1_K125,141,PE 18:0_22:6,0.0003499725961376945,0.00035490321806851014,4.930621930815653e-06,0.014088594281785244,0.02778882282686638,0.27359104438036397,PE 18:0_22:3,0.028126028465065896,0.10280317664879582,"[""PE 18:0_22:3"", ""PE 18:2_22:6"", ""PE 20:2_20:4"", ""PG 16:0_20:3"", ""PE 18:0_22:4""]","[0.028126028465065896, 0.0218795662747279, 0.019473773533952583, 0.01796292783598136, 0.0176905857049786]",PE 18:0_22:3,"[""PE 18:0_22:3""]",True,1.5404566511278972e-11,-7.94073358270632e-16,0.004778655754080629,0.3541506948562618,1.0930669028598627,0.018838875180554444,0.001691968371281251,True,True,frozen synthetic foreground mean NNLS; production labels only for comparison,"raw postfit residual direction, constrained by NNLS KKT; not absorbed signal fraction",True,True,TP,0.020244667868661463,1.6388739389102532e-05,0.8004891671256121,0.8938322931075502,PE O-18:3_22:6,PE O-18:3_22:6,24,0.3333333333333333,0.6914876730663746,0.0,54,0,54,,FROZEN_CHANNEL_DETECTION_THRESHOLD_NOT_AVAILABLE,,0.11192613049733137,0.4435084930971142,,,0.0,candidate spectral contributions; arithmetic channel mean; all aliases,sum of unchanged b values on specified channels; no normalization,LIBRARY_SHARING_SUPPORT_NOT_VERIFIED_IDENTITY_DIAGNOSTIC
V58_MILD_CAL_R1_K125,142,PE 20:0_18:1,0.0003499725961376945,0.0003499725961376945,0.0,0.0,0.0,0.0,,0.0,0.0,[],[],,[],False,1.5404566511278972e-11,,,0.0,0.0,0.01870755452050573,9.443403339052787e-17,True,False,frozen synthetic foreground mean NNLS; production labels only for comparison,"raw postfit residual direction, constrained by NNLS KKT; not absorbed signal fraction",False,False,UNREPORTED_NONTRUTH,1.2492038405365654e-05,,0.7397008766148907,0.40456453174487916,PG 18:0_18:1,PA 18:1_24:6,25,0.1984126984126984,0.5591254676052582,0.0,70,0,70,,FROZEN_CHANNEL_DETECTION_THRESHOLD_NOT_AVAILABLE,,0.0,0.0,,,0.0,candidate spectral contributions; arithmetic channel mean; all aliases,sum of unchanged b values on specified channels; no normalization,LIBRARY_SHARING_SUPPORT_NOT_VERIFIED_IDENTITY_DIAGNOSTIC
V58_MILD_CAL_R1_K125,143,PE 18:1_20:1,0.0003499725961376945,0.0003499725961376945,0.0,0.0,0.0,0.0,,0.0,0.0,[],[],,[],False,1.5404566511278972e-11,,,0.0,0.0,0.01870755452050573,9.443403339052787e-17,True,False,frozen synthetic foreground mean NNLS; production labels only for comparison,"raw postfit residual direction, constrained by NNLS KKT; not absorbed signal fraction",False,False,UNREPORTED_NONTRUTH,5.6724139236540866e-08,,0.7393804801889358,0.5887676905259149,PE 18:0_20:1,PE 18:0_20:1,51,0.6,0.6977654770233519,0.0,71,0,71,,FROZEN_CHANNEL_DETECTION_THRESHOLD_NOT_AVAILABLE,,0.0,0.0,,,0.0,candidate spectral contributions; arithmetic channel mean; all aliases,sum of unchanged b values on specified channels; no normalization,LIBRARY_SHARING_SUPPORT_NOT_VERIFIED_IDENTITY_DIAGNOSTIC
V58_MILD_CAL_R1_K125,144,PE 18:1_20:2,0.0003499725961376945,0.0003499725961376945,0.0,0.0,0.0,0.0,,0.0,0.0,[],[],,[],False,1.5404566511278972e-11,,,0.0,0.0,0.01870755452050573,9.443403339052787e-17,True,False,frozen synthetic foreground mean NNLS; production labels only for comparison,"raw postfit residual direction, constrained by NNLS KKT; not absorbed signal fraction",False,True,FP,0.0012926795609157055,0.0,0.8989316198417772,0.8178587473517969,PE 20:2_20:2,PE 20:2_20:2,29,0.4142857142857143,0.842674583097521,0.0,70,0,70,,FROZEN_CHANNEL_DETECTION_THRESHOLD_NOT_AVAILABLE,,0.0,0.0,,,0.0,candidate spectral contributions; arithmetic channel mean; all aliases,sum of unchanged b values on specified channels; no normalization,LIBRARY_SHARING_SUPPORT_NOT_VERIFIED_IDENTITY_DIAGNOSTIC
V58_MILD_CAL_R1_K125,145,PE 18:1_20:3,0.0003499725961376945,0.0003499725961376945,0.0,0.0,0.0,0.0,,0.0,0.0,[],[],,[],False,1.5404566511278972e-11,,,0.0,0.0,0.01870755452050573,9.443403339052787e-17,True,False,frozen synthetic foreground mean NNLS; production labels only for comparison,"raw postfit residual direction, constrained by NNLS KKT; not absorbed signal fraction",True,True,TP,0.002860338094096287,0.0,0.9200954107015011,0.8858775104951851,PE 20:3_20:3,PE 20:3_20:3,29,0.4142857142857143,0.8894528699667177,0.0,70,0,70,,FROZEN_CHANNEL_DETECTION_THRESHOLD_NOT_AVAILABLE,,0.0,0.0,,,0.0,candidate spectral contributions; arithmetic channel mean; all aliases,sum of unchanged b values on specified channels; no normalization,LIBRARY_SHARING_SUPPORT_NOT_VERIFIED_IDENTITY_DIAGNOSTIC
V58_MILD_CAL_R1_K125,146,PE 18:1_20:4,0.0003499725961376945,0.0003499942774309727,2.1681293278200293e-08,6.195140263987563e-05,0.0007688136222950588,0.005052656065657557,PE 18:1_22:3,0.0012901332362081205,0.25533763216572386,"[""PE 18:1_22:3"", ""PE O-16:0_22:2"", ""PE 18:2_20:4"", ""PE O-16:1_22:4"", ""PE O-18:0_20:3""]","[0.0012901332362081205, 0.0006057007318205909, 0.0005211477697121582, 0.00035043207170940005, 0.0001646373709672036]",PE 18:1_22:3,"[""PE 18:1_22:3""]",True,1.5404566511278972e-11,-4.030023377973855e-15,-5.080731316816167e-13,0.48858427674948546,1.209231283282824,0.018708133991154025,0.0001472456901856286,True,True,frozen synthetic foreground mean NNLS; production labels only for comparison,"raw postfit residual direction, constrained by NNLS KKT; not absorbed signal fraction",False,False,UNREPORTED_NONTRUTH,0.0,,0.9055947706552475,0.898209478907366,PE 20:4_20:4,PE 20:4_20:4,43,0.5180722891566265,0.9918000077206942,0.0,83,0,83,,FROZEN_CHANNEL_DETECTION_THRESHOLD_NOT_AVAILABLE,,0.0034422124224901193,0.07901877026476554,,,0.0,candidate spectral contributions; arithmetic channel mean; all aliases,sum of unchanged b values on specified channels; no normalization,LIBRARY_SHARING_SUPPORT_NOT_VERIFIED_IDENTITY_DIAGNOSTIC
V58_MILD_CAL_R1_K125,147,PE 18:1_20:5,0.0003499725961376945,0.0003500109413444717,3.834520677722811e-08,0.00010956631202225652,0.002487995117656862,0.03949622825206213,PE 18:2_20:4,0.007422545049154662,0.18793047785719122,"[""PE 18:2_20:4"", ""PE 18:1_22:3"", ""PE 20:2_20:2"", ""PG 16:0_20:3"", ""PE 18:0_22:6""]","[0.007422545049154662, 0.004699125211239664, 0.0024455970638002887, 0.0021063179568967076, 0.00197664909206784]",PE 18:2_20:4,"[""PE 18:2_20:4""]",True,1.5404566511278972e-11,2.617444533040116e-15,2.301291325544007e-13,0.21265839390199887,1.1276552656318204,0.018708579351315584,0.00018476672734616965,True,True,frozen synthetic foreground mean NNLS; production labels only for comparison,"raw postfit residual direction, constrained by NNLS KKT; not absorbed signal fraction",False,True,FP,0.0010023609435978018,1.2745442857327864e-07,0.7719148346762996,0.7980834482323873,PE 20:0_20:5,PG 18:1_20:5,32,0.2222222222222222,0.9362595287249759,0.0,80,0,80,,FROZEN_CHANNEL_DETECTION_THRESHOLD_NOT_AVAILABLE,,0.014215010718288132,0.288622424528772,,,0.0,candidate spectral contributions; arithmetic channel mean; all aliases,sum of unchanged b values on specified channels; no normalization,LIBRARY_SHARING_SUPPORT_NOT_VERIFIED_IDENTITY_DIAGNOSTIC
V58_MILD_CAL_R1_K125,148,PE 18:1_22:2,0.0003499725961376945,0.0003499725961376945,0.0,0.0,0.0,0.0,,0.0,0.0,[],[],,[],False,1.5404566511278972e-11,,,0.0,0.0,0.01870755452050573,9.443403339052787e-17,True,False,frozen synthetic foreground mean NNLS; production labels only for comparison,"raw postfit residual direction, constrained by NNLS KKT; not absorbed signal fraction",False,False,UNREPORTED_NONTRUTH,0.0,,0.9149312578645731,0.9324379054215631,PE O-18:2_22:2,PE O-18:2_22:2,13,0.1511627906976744,0.7786621807761914,0.0,68,0,68,,FROZEN_CHANNEL_DETECTION_THRESHOLD_NOT_AVAILABLE,,0.0,0.0,,,0.0,candidate spectral contributions; arithmetic channel mean; all aliases,sum of unchanged b values on specified channels; no normalization,LIBRARY_SHARING_SUPPORT_NOT_VERIFIED_IDENTITY_DIAGNOSTIC
V58_MILD_CAL_R1_K125,149,PE 18:1_22:3,0.0003499725961376945,0.00035000019074893883,2.7594611244348248e-08,7.884791972295856e-05,0.007757514911032263,0.028856635276924482,PE O-16:1_22:3,0.0029738962785222436,0.10305762435155752,"[""PE O-16:1_22:3"", ""PE 18:2_22:3"", ""PE 18:1_22:5"", ""PG 17:0_20:3"", ""PE O-18:1_22:2""]","[0.0029738962785222436, 0.0029043108518970497, 0.0023489389648820172, 0.0019316091642069995, 0.0018035633695090772]",PE O-16:1_22:3,"[""PE O-16:1_22:3""]",True,1.5404566511278972e-11,-3.060149088490161e-17,1.1357653141946602e-14,0.7520885921227624,1.031636478936709,0.018708292031848837,0.00011461156507569704,True,True,frozen synthetic foreground mean NNLS; production labels only for comparison,"raw postfit residual direction, constrained by NNLS KKT; not absorbed signal fraction",False,True,FP,0.001112318616133091,9.172086170267859e-08,0.96049448520677,0.9649614058679783,PE O-18:2_22:3,PE O-18:3_22:3,20,0.25316455696202533,0.8965252211185301,0.0,68,0,68,,FROZEN_CHANNEL_DETECTION_THRESHOLD_NOT_AVAILABLE,,0.03338015070790933,0.5228453306808208,,,0.0,candidate spectral contributions; arithmetic channel mean; all aliases,sum of unchanged b values on specified channels; no normalization,LIBRARY_SHARING_SUPPORT_NOT_VERIFIED_IDENTITY_DIAGNOSTIC
V58_MILD_CAL_R1_K125,150,PE 18:1_22:4,0.0003499725961376945,0.0003499725961376945,0.0,0.0,0.0,0.0,,0.0,0.0,[],[],,[],False,1.5404566511278972e-11,,,0.0,0.0,0.01870755452050573,9.443403339052787e-17,True,False,frozen synthetic foreground mean NNLS; production labels only for comparison,"raw postfit residual direction, constrained by NNLS KKT; not absorbed signal fraction",False,False,UNREPORTED_NONTRUTH,0.0,,0.9692319388258032,0.9712696523519041,PE O-18:3_22:4,PE O-18:3_22:4,27,0.313953488372093,0.9072161185187073,0.0,75,0,75,,FROZEN_CHANNEL_DETECTION_THRESHOLD_NOT_AVAILABLE,,0.0,0.0,,,0.0,candidate spectral contributions; arithmetic channel mean; all aliases,sum of unchanged b values on specified channels; no normalization,LIBRARY_SHARING_SUPPORT_NOT_VERIFIED_IDENTITY_DIAGNOSTIC
V58_MILD_CAL_R1_K125,151,PE 18:1_22:5,0.0003499725961376945,0.0003499725961376945,0.0,0.0,0.0,0.0,,0.0,0.0,[],[],,[],False,1.5404566511278972e-11,,,0.0,0.0,0.01870755452050573,9.443403339052787e-17,True,False,frozen synthetic foreground mean NNLS; production labels only for comparison,"raw postfit residual direction, constrained by NNLS KKT; not absorbed signal fraction",False,False,UNREPORTED_NONTRUTH,0.0003281447468706276,,0.9143053177533881,0.941797939506754,PE O-16:1_22:5,PE O-16:1_22:5,16,0.17204301075268819,0.818977420898558,0.0,71,0,71,,FROZEN_CHANNEL_DETECTION_THRESHOLD_NOT_AVAILABLE,,0.0,0.0,,,0.0,candidate spectral contributions; arithmetic channel mean; all aliases,sum of unchanged b values on specified channels; no normalization,LIBRARY_SHARING_SUPPORT_NOT_VERIFIED_IDENTITY_DIAGNOSTIC
V58_MILD_CAL_R1_K125,152,PE 18:1_22:6,0.0003499725961376945,0.0003499725961376945,0.0,0.0,0.0,0.0,,0.0,0.0,[],[],,[],False,1.5404566511278972e-11,,,0.0,0.0,0.01870755452050573,9.443403339052787e-17,True,False,frozen synthetic foreground mean NNLS; production labels only for comparison,"raw postfit residual direction, constrained by NNLS KKT; not absorbed signal fraction",False,True,FP,0.005860615188616879,0.0,0.7760340770949741,0.8792651317105027,PE 18:0_22:6,PE O-18:3_22:6,31,0.40789473684210525,0.7599546089384204,0.0,65,0,65,,FROZEN_CHANNEL_DETECTION_THRESHOLD_NOT_AVAILABLE,,0.0,0.0,,,0.0,candidate spectral contributions; arithmetic channel mean; all aliases,sum of unchanged b values on specified channels; no normalization,LIBRARY_SHARING_SUPPORT_NOT_VERIFIED_IDENTITY_DIAGNOSTIC
V58_MILD_CAL_R1_K125,153,PE 20:0_18:2,0.0003499725961376945,0.0003499725961376945,0.0,0.0,0.0,0.0,,0.0,0.0,[],[],,[],False,1.5404566511278972e-11,,,0.0,0.0,0.01870755452050573,9.443403339052787e-17,True,False,frozen synthetic foreground mean NNLS; production labels only for comparison,"raw postfit residual direction, constrained by NNLS KKT; not absorbed signal fraction",False,False,UNREPORTED_NONTRUTH,1.1863474785572406e-05,,0.8058240174585584,0.7111086146136829,PE 20:1_18:2,PE O-20:1_18:2,20,0.24390243902439024,0.6753342130472488,0.0,69,0,69,,FROZEN_CHANNEL_DETECTION_THRESHOLD_NOT_AVAILABLE,,0.0,0.0,,,0.0,candidate spectral contributions; arithmetic channel mean; all aliases,sum of unchanged b values on specified channels; no normalization,LIBRARY_SHARING_SUPPORT_NOT_VERIFIED_IDENTITY_DIAGNOSTIC
V58_MILD_CAL_R1_K125,154,PE 20:1_18:2,0.0003499725961376945,0.0003500808500393737,1.0825390167921523e-07,0.00030932107989193057,0.005320118769638618,0.056034545026074065,PG 18:0_18:2,0.004729350386102872,0.08440062079236664,"[""PG 18:0_18:2"", ""PE 20:0_18:3"", ""PE 16:0_22:3"", ""PE 20:1_20:3"", ""PE 20:2_20:2""]","[0.004729350386102872, 0.004564081126680137, 0.0029989658871606194, 0.0026605380428888045, 0.0026446956998306195]",PG 18:0_18:2,"[""PG 18:0_18:2""]",True,1.5404566511278972e-11,-2.5394196264482814e-15,-2.9822899462105754e-13,0.4262944661227179,1.279470582338853,0.018710447617290557,0.0002610401419608743,True,True,frozen synthetic foreground mean NNLS; production labels only for comparison,"raw postfit residual direction, constrained by NNLS KKT; not absorbed signal fraction",False,True,FP,0.001515565541228379,3.5982174406738663e-07,0.7708509809394489,0.7111086146136829,PE 20:0_18:2,PE 20:0_18:2,56,0.6746987951807228,0.8139742224653426,0.0,70,0,70,,FROZEN_CHANNEL_DETECTION_THRESHOLD_NOT_AVAILABLE,,0.01493755682687473,0.1499036180975711,,,0.0,candidate spectral contributions; arithmetic channel mean; all aliases,sum of unchanged b values on specified channels; no normalization,LIBRARY_SHARING_SUPPORT_NOT_VERIFIED_IDENTITY_DIAGNOSTIC
V58_MILD_CAL_R1_K125,155,PE 18:2_20:2,0.0003499725961376945,0.0003499725961376945,0.0,0.0,0.0,0.0,,0.0,0.0,[],[],,[],False,1.5404566511278972e-11,,,0.0,0.0,0.01870755452050573,9.443403339052787e-17,True,False,frozen synthetic foreground mean NNLS; production labels only for comparison,"raw postfit residual direction, constrained by NNLS KKT; not absorbed signal fraction",False,True,FP,0.010149085400044012,0.0,0.7430427114571334,0.6270382723264182,PE O-20:1_18:2,PE 20:2_20:2,29,0.42028985507246375,0.9588833285395117,0.0,69,0,69,,FROZEN_CHANNEL_DETECTION_THRESHOLD_NOT_AVAILABLE,,0.0,0.0,,,0.0,candidate spectral contributions; arithmetic channel mean; all aliases,sum of unchanged b values on specified channels; no normalization,LIBRARY_SHARING_SUPPORT_NOT_VERIFIED_IDENTITY_DIAGNOSTIC
V58_MILD_CAL_R1_K125,156,PE 18:2_20:3,0.0003499725961376945,0.0003499725961376945,0.0,0.0,0.0,0.0,,0.0,0.0,[],[],,[],False,1.5404566511278972e-11,,,0.0,0.0,0.01870755452050573,9.443403339052787e-17,True,False,frozen synthetic foreground mean NNLS; production labels only for comparison,"raw postfit residual direction, constrained by NNLS KKT; not absorbed signal fraction",False,True,FP,0.006159937673300966,0.0,0.7427822075775392,0.649715316399719,PE 20:3_20:3,PE 20:3_20:3,29,0.42028985507246375,1.0056616154087084,0.0,69,0,69,,FROZEN_CHANNEL_DETECTION_THRESHOLD_NOT_AVAILABLE,,0.0,0.0,,,0.0,candidate spectral contributions; arithmetic channel mean; all aliases,sum of unchanged b values on specified channels; no normalization,LIBRARY_SHARING_SUPPORT_NOT_VERIFIED_IDENTITY_DIAGNOSTIC
V58_MILD_CAL_R1_K125,157,PE 18:2_20:4,0.0003499725961376945,0.00035015760032279286,1.8500418509837966e-07,0.0005286247740865007,0.015790634966815997,0.08316754189592562,PE 20:2_20:4,0.005949865436506918,0.07154071529348471,"[""PE 20:2_20:4"", ""PE 18:2_22:3"", ""PE O-18:1_22:2"", ""PE 18:1_20:5"", ""PE 18:2_22:6""]","[0.005949865436506918, 0.005551016289297387, 0.005175703367000628, 0.004853738507094939, 0.00474351215103665]",PE 20:2_20:4,"[""PE 20:2_20:4""]",True,1.5404566511278972e-11,-1.7418212644781994e-15,-2.6497289867609806e-14,0.7100996128281454,1.268721825722445,0.018712498505618975,0.0004148168763094575,True,True,frozen synthetic foreground mean NNLS; production labels only for comparison,"raw postfit residual direction, constrained by NNLS KKT; not absorbed signal fraction",False,True,FP,0.012558037317705413,6.149296007707211e-07,0.9130395184901428,0.8952237166020803,PE 20:4_20:4,PE 20:4_20:4,43,0.5180722891566265,1.10802340193779,0.0,83,0,83,,FROZEN_CHANNEL_DETECTION_THRESHOLD_NOT_AVAILABLE,,0.028388054241365264,0.20818218619223422,,,0.0,candidate spectral contributions; arithmetic channel mean; all aliases,sum of unchanged b values on specified channels; no normalization,LIBRARY_SHARING_SUPPORT_NOT_VERIFIED_IDENTITY_DIAGNOSTIC
V58_MILD_CAL_R1_K125,158,PE 18:2_20:5,0.0003499725961376945,0.0003499725961376945,0.0,0.0,0.0,0.0,,0.0,0.0,[],[],,[],False,1.5404566511278972e-11,,,0.0,0.0,0.01870755452050573,9.443403339052787e-17,True,False,frozen synthetic foreground mean NNLS; production labels only for comparison,"raw postfit residual direction, constrained by NNLS KKT; not absorbed signal fraction",False,False,UNREPORTED_NONTRUTH,8.616339423368338e-08,,0.8063714209141534,0.7680906791331871,PE 20:0_20:5,PG 18:2_20:5,31,0.2246376811594203,1.0518545039898608,0.0,80,0,80,,FROZEN_CHANNEL_DETECTION_THRESHOLD_NOT_AVAILABLE,,0.0,0.0,,,0.0,candidate spectral contributions; arithmetic channel mean; all aliases,sum of unchanged b values on specified channels; no normalization,LIBRARY_SHARING_SUPPORT_NOT_VERIFIED_IDENTITY_DIAGNOSTIC
V58_MILD_CAL_R1_K125,159,PE 22:1_18:2,0.0003499725961376945,0.00036785087557671104,1.7878279439016557e-05,0.051084798024864965,0.03860430865007095,0.4153997902418326,PE 20:0_20:3,0.047526300457927356,0.11441098809930704,"[""PE 20:0_20:3"", ""PE 18:0_22:3"", ""PE O-16:1_22:2"", ""PE 18:0_22:4"", ""PE O-20:0_18:2""]","[0.047526300457927356, 0.042668295288989994, 0.020627009026124816, 0.019779472863486736, 0.01670853468326448]",PE 20:0_20:3,"[""PE 20:0_20:3""]",True,1.5404566511278972e-11,1.546079090661266e-15,0.007452368146856235,0.42649467574576905,1.36520580879232,0.019179438875439263,0.003645265811971444,True,True,frozen synthetic foreground mean NNLS; production labels only for comparison,"raw postfit residual direction, constrained by NNLS KKT; not absorbed signal fraction",True,True,TP,0.03391197251687695,5.942505155796931e-05,0.6735070402770302,0.5718379075976621,PE O-20:1_18:2,PE O-20:1_18:2,16,0.19753086419753085,0.6923389945193807,0.0,64,0,64,,FROZEN_CHANNEL_DETECTION_THRESHOLD_NOT_AVAILABLE,,0.13427321193860536,0.6807976341662286,,,0.0,candidate spectral contributions; arithmetic channel mean; all aliases,sum of unchanged b values on specified channels; no normalization,LIBRARY_SHARING_SUPPORT_NOT_VERIFIED_IDENTITY_DIAGNOSTIC
V58_MILD_CAL_R1_K125,160,PE 18:2_22:2,0.0003499725961376945,0.00035007708358655794,1.0448744886345672e-07,0.00029855894352307476,0.00899190052675892,0.039197874734928514,PE 18:1_22:2,0.007946158920925964,0.2027191263418822,"[""PE 18:1_22:2"", ""PE 18:2_20:4"", ""PE 18:2_22:3"", ""PE 20:2_20:2"", ""PE 18:1_22:5""]","[0.007946158920925964, 0.003941214850910403, 0.003260517957633751, 0.0021753156643147973, 0.0016135553271392697]",PE 18:1_22:2,"[""PE 18:1_22:2""]",True,1.5404566511278972e-11,7.568377452969914e-16,0.01574366657929967,0.7706307709973068,1.349147214021557,0.01871034696595866,0.00021471778813056855,True,True,frozen synthetic foreground mean NNLS; production labels only for comparison,"raw postfit residual direction, constrained by NNLS KKT; not absorbed signal fraction",False,True,FP,0.009690733190220529,3.4730254983860087e-07,0.9005744435632822,0.8803024848632999,PE O-18:2_22:2,PE O-18:2_22:2,10,0.11363636363636363,0.8948709262181822,0.0,67,0,67,,FROZEN_CHANNEL_DETECTION_THRESHOLD_NOT_AVAILABLE,,0.04806014344561833,0.4593937004195341,,,0.0,candidate spectral contributions; arithmetic channel mean; all aliases,sum of unchanged b values on specified channels; no normalization,LIBRARY_SHARING_SUPPORT_NOT_VERIFIED_IDENTITY_DIAGNOSTIC
V58_MILD_CAL_R1_K125,161,PE 18:2_22:3,0.0003499725961376945,0.0003505632407206387,5.906445829442233e-07,0.0016876880869385266,0.018619675358240044,0.07497756500784039,PE 18:2_20:4,0.00850809741702839,0.11347524310805804,"[""PE 18:2_20:4"", ""PE 18:1_22:3"", ""PE 16:0_22:3"", ""PE O-16:0_22:4"", ""PG 16:0_20:3""]","[0.00850809741702839, 0.007307213096013587, 0.007176105324120454, 0.006139778546070833, 0.005006701673090979]",PE 18:2_20:4,"[""PE 18:2_20:4""]",True,1.5404566511278972e-11,-6.083346035305036e-15,-1.637943712650178e-13,0.7679256604271839,1.1125858593579707,0.018723334124045296,0.0007341825027016448,True,True,frozen synthetic foreground mean NNLS; production labels only for comparison,"raw postfit residual direction, constrained by NNLS KKT; not absorbed signal fraction",True,True,TP,0.01791301669465429,1.9632249799889205e-06,0.8792924009868954,0.8472384559027981,PE O-18:2_22:3,PE O-18:2_22:3,10,0.11363636363636363,1.0127339665605206,0.0,67,0,67,,FROZEN_CHANNEL_DETECTION_THRESHOLD_NOT_AVAILABLE,,0.06255770641356058,0.5593926348541939,,,0.0,candidate spectral contributions; arithmetic channel mean; all aliases,sum of unchanged b values on specified channels; no normalization,LIBRARY_SHARING_SUPPORT_NOT_VERIFIED_IDENTITY_DIAGNOSTIC
V58_MILD_CAL_R1_K125,162,PE 18:2_22:4,0.0003499725961376945,0.0003499725961376945,0.0,0.0,0.0,0.0,,0.0,0.0,[],[],,[],False,1.5404566511278972e-11,,,0.0,0.0,0.01870755452050573,9.443403339052787e-17,True,False,frozen synthetic foreground mean NNLS; production labels only for comparison,"raw postfit residual direction, constrained by NNLS KKT; not absorbed signal fraction",True,True,TP,0.007752626178582419,0.0,0.9706434868327186,0.9603191410555775,PE O-16:1_22:4,PE O-16:1_22:4,15,0.15625,1.0234248639606982,0.0,74,0,74,,FROZEN_CHANNEL_DETECTION_THRESHOLD_NOT_AVAILABLE,,0.0,0.0,,,0.0,candidate spectral contributions; arithmetic channel mean; all aliases,sum of unchanged b values on specified channels; no normalization,LIBRARY_SHARING_SUPPORT_NOT_VERIFIED_IDENTITY_DIAGNOSTIC
V58_MILD_CAL_R1_K125,163,PE 18:2_22:5,0.0003499725961376945,0.0003499725961376945,0.0,0.0,0.0,0.0,,0.0,0.0,[],[],,[],False,1.5404566511278972e-11,,,0.0,0.0,0.01870755452050573,9.443403339052787e-17,True,False,frozen synthetic foreground mean NNLS; production labels only for comparison,"raw postfit residual direction, constrained by NNLS KKT; not absorbed signal fraction",True,True,TP,0.004653453217163848,0.0,0.9254990815922643,0.9283602402436721,PE O-16:1_22:5,PE O-16:1_22:5,16,0.1702127659574468,0.954365437211911,0.0,72,0,72,,FROZEN_CHANNEL_DETECTION_THRESHOLD_NOT_AVAILABLE,,0.0,0.0,,,0.0,candidate spectral contributions; arithmetic channel mean; all aliases,sum of unchanged b values on specified channels; no normalization,LIBRARY_SHARING_SUPPORT_NOT_VERIFIED_IDENTITY_DIAGNOSTIC
V58_MILD_CAL_R1_K125,164,PE 18:2_22:6,0.0003499725961376945,0.0003574041412203547,7.431545082660232e-06,0.021234648493740037,0.027547747765550915,0.25310148388432896,PE 18:2_22:3,0.01381332300728251,0.05457622292542869,"[""PE 18:2_22:3"", ""PE 20:2_20:2"", ""PE 20:3_20:5"", ""PE O-16:0_22:2"", ""PE 18:2_20:4""]","[0.01381332300728251, 0.011555668510875885, 0.011167833986086227, 0.010642483119691308, 0.010604533513933787]",PE 18:2_22:3,"[""PE 18:2_22:3""]",True,1.5404566511278972e-11,-1.0620413044936996e-14,-9.802752774800166e-14,0.46721462671854846,1.2076247857872915,0.01890513531346325,0.0023348229157805172,True,True,frozen synthetic foreground mean NNLS; production labels only for comparison,"raw postfit residual direction, constrained by NNLS KKT; not absorbed signal fraction",True,True,TP,0.010849344654744957,2.470147931174512e-05,0.7790152139073441,0.8577018330194969,PE 18:0_22:6,PE O-18:3_22:6,25,0.29069767441860467,0.9358375257609749,0.0,69,0,69,,FROZEN_CHANNEL_DETECTION_THRESHOLD_NOT_AVAILABLE,,0.08413317621696252,0.5643411617732499,,,0.0,candidate spectral contributions; arithmetic channel mean; all aliases,sum of unchanged b values on specified channels; no normalization,LIBRARY_SHARING_SUPPORT_NOT_VERIFIED_IDENTITY_DIAGNOSTIC
V58_MILD_CAL_R1_K125,165,PE 20:0_18:3,0.0003499725961376945,0.00034998742900062567,1.4832862931185922e-08,4.238292669911532e-05,0.0016122828439572303,0.02287819062045199,PG 16:0_20:3,0.001904595430647046,0.08324939074776223,"[""PG 16:0_20:3"", ""PE O-16:1_22:3"", ""PE 20:1_18:2"", ""PG 18:0_18:3"", ""PE O-18:1_22:2""]","[0.001904595430647046, 0.001576710885260138, 0.0015111177776170291, 0.001378326565919956, 0.0013310474264553174]",PG 16:0_20:3,"[""PG 16:0_20:3""]",True,1.5404566511278972e-11,-1.3841518127225439e-15,-3.793770262745559e-13,0.2503442368233178,1.0359020341216267,0.018707950956762358,0.00012164957226354806,True,True,frozen synthetic foreground mean NNLS; production labels only for comparison,"raw postfit residual direction, constrained by NNLS KKT; not absorbed signal fraction",False,False,UNREPORTED_NONTRUTH,0.00036855815292784113,,0.7213783226001066,0.8907578750484226,PE 20:1_18:3,PE 20:1_18:3,47,0.6351351351351351,0.46203710963969363,0.0,60,0,60,,FROZEN_CHANNEL_DETECTION_THRESHOLD_NOT_AVAILABLE,,0.03318025237501416,0.6622779500422835,,,0.0,candidate spectral contributions; arithmetic channel mean; all aliases,sum of unchanged b values on specified channels; no normalization,LIBRARY_SHARING_SUPPORT_NOT_VERIFIED_IDENTITY_DIAGNOSTIC
V58_MILD_CAL_R1_K125,166,PE 20:1_18:3,0.0003499725961376945,0.0003499725961376945,0.0,0.0,0.0,0.0,,0.0,0.0,[],[],,[],False,1.5404566511278972e-11,,,0.0,0.0,0.01870755452050573,9.443403339052787e-17,True,False,frozen synthetic foreground mean NNLS; production labels only for comparison,"raw postfit residual direction, constrained by NNLS KKT; not absorbed signal fraction",False,True,FP,0.002681333935167297,0.0,0.7775930905931401,0.8907578750484226,PE 20:0_18:3,PG 20:1_18:3,21,0.1826086956521739,0.6006771190577873,0.0,61,0,61,,FROZEN_CHANNEL_DETECTION_THRESHOLD_NOT_AVAILABLE,,0.0,0.0,,,0.0,candidate spectral contributions; arithmetic channel mean; all aliases,sum of unchanged b values on specified channels; no normalization,LIBRARY_SHARING_SUPPORT_NOT_VERIFIED_IDENTITY_DIAGNOSTIC
V58_MILD_CAL_R1_K125,167,PE 18:3_20:4,0.0003499725961376945,0.0003499725961376945,0.0,0.0,0.0,0.0,,0.0,0.0,[],[],,[],False,1.5404566511278972e-11,,,0.0,0.0,0.01870755452050573,9.443403339052787e-17,True,False,frozen synthetic foreground mean NNLS; production labels only for comparison,"raw postfit residual direction, constrained by NNLS KKT; not absorbed signal fraction",False,False,UNREPORTED_NONTRUTH,0.00023312213785527344,,0.8883052413375818,0.8099387459305206,PG 18:3_20:4,PG 18:3_20:4,30,0.23076923076923078,0.8947262985302351,0.0,74,0,74,,FROZEN_CHANNEL_DETECTION_THRESHOLD_NOT_AVAILABLE,,0.0,0.0,,,0.0,candidate spectral contributions; arithmetic channel mean; all aliases,sum of unchanged b values on specified channels; no normalization,LIBRARY_SHARING_SUPPORT_NOT_VERIFIED_IDENTITY_DIAGNOSTIC
V58_MILD_CAL_R1_K125,168,PE 18:3_22:4,0.0003499725961376945,0.00034997272314179085,1.2700409636728222e-10,3.6289725940260763e-07,0.00015209189211179481,0.0009381467204816502,PG 16:0_20:3,8.122032499466303e-05,0.08657529055411368,"[""PG 16:0_20:3"", ""PE O-18:0_22:2"", ""PE O-16:0_22:3"", ""PE O-16:1_22:4"", ""PE O-16:0_22:4""]","[8.122032499466303e-05, 7.133011321729804e-05, 7.111771381818933e-05, 6.97888128199306e-05, 6.63311671220343e-05]",PG 16:0_20:3,"[""PG 16:0_20:3""]",True,1.5404566511278972e-11,-1.7421454397150028e-15,-4.701938387993255e-12,0.599987124099098,1.2219234456110897,0.018707557914965568,1.1269609419819157e-05,True,True,frozen synthetic foreground mean NNLS; production labels only for comparison,"raw postfit residual direction, constrained by NNLS KKT; not absorbed signal fraction",False,False,UNREPORTED_NONTRUTH,0.000158230512603243,,0.8993382947548891,0.6845003646599158,PE 20:0_18:3,PE O-16:1_22:4,15,0.1724137931034483,0.8101277605531428,0.0,65,0,65,,FROZEN_CHANNEL_DETECTION_THRESHOLD_NOT_AVAILABLE,,0.012411627352999954,0.3377293879620056,,,0.0,candidate spectral contributions; arithmetic channel mean; all aliases,sum of unchanged b values on specified channels; no normalization,LIBRARY_SHARING_SUPPORT_NOT_VERIFIED_IDENTITY_DIAGNOSTIC
V58_MILD_CAL_R1_K125,169,PE 18:3_22:5,0.0003499725961376945,0.0003499725961376945,0.0,0.0,0.0,0.0,,0.0,0.0,[],[],,[],False,1.5404566511278972e-11,,,0.0,0.0,0.01870755452050573,9.443403339052787e-17,True,False,frozen synthetic foreground mean NNLS; production labels only for comparison,"raw postfit residual direction, constrained by NNLS KKT; not absorbed signal fraction",False,True,FP,0.001184300473404087,0.0,0.8890345436297912,0.7340114381542482,PE O-16:1_22:5,PE O-16:1_22:5,16,0.18823529411764706,0.7410683338043559,0.0,63,0,63,,FROZEN_CHANNEL_DETECTION_THRESHOLD_NOT_AVAILABLE,,0.0,0.0,,,0.0,candidate spectral contributions; arithmetic channel mean; all aliases,sum of unchanged b values on specified channels; no normalization,LIBRARY_SHARING_SUPPORT_NOT_VERIFIED_IDENTITY_DIAGNOSTIC
V58_MILD_CAL_R1_K125,170,PE 20:0_20:3,0.0003499725961376945,0.0003499725961376945,0.0,0.0,0.0,0.0,,0.0,0.0,[],[],,[],False,1.5404566511278972e-11,,,0.0,0.0,0.01870755452050573,9.443403339052787e-17,True,False,frozen synthetic foreground mean NNLS; production labels only for comparison,"raw postfit residual direction, constrained by NNLS KKT; not absorbed signal fraction",False,True,FP,0.0019017471168648519,0.0,0.9446775033417949,0.8805609224719528,PE 20:3_20:3,PE 20:3_20:3,29,0.5,0.5707705622144725,0.0,58,0,58,,FROZEN_CHANNEL_DETECTION_THRESHOLD_NOT_AVAILABLE,,0.0,0.0,,,0.0,candidate spectral contributions; arithmetic channel mean; all aliases,sum of unchanged b values on specified channels; no normalization,LIBRARY_SHARING_SUPPORT_NOT_VERIFIED_IDENTITY_DIAGNOSTIC
V58_MILD_CAL_R1_K125,171,PE 20:0_20:4,0.0003499725961376945,0.0003552411998596954,5.268603722000944e-06,0.01505433215369158,0.034823325224922604,0.2743334771760637,PE 18:0_22:4,0.04426229576635826,0.16134485744074883,"[""PE 18:0_22:4"", ""PE 20:1_20:3"", ""PE 20:2_20:4"", ""PE 18:2_22:6"", ""PE 16:0_22:3""]","[0.04426229576635826, 0.02046359152254098, 0.016248160697497308, 0.011715650495870648, 0.011069055825681042]",PE 18:0_22:4,"[""PE 18:0_22:4""]",True,1.5404566511278972e-11,-3.9263682885305646e-15,0.0022673928274295012,0.5407242932675456,1.3820796185245579,0.018847843374235035,0.001542495003547025,True,True,frozen synthetic foreground mean NNLS; production labels only for comparison,"raw postfit residual direction, constrained by NNLS KKT; not absorbed signal fraction",True,True,TP,0.01685005185210037,1.7512146450466613e-05,0.9207863181081767,0.91190979850373,PE 20:4_20:4,PE 20:4_20:4,43,0.5972222222222222,0.6731323487435544,0.0,72,0,72,,FROZEN_CHANNEL_DETECTION_THRESHOLD_NOT_AVAILABLE,,0.09782284371191159,0.4751727933201557,,,0.0,candidate spectral contributions; arithmetic channel mean; all aliases,sum of unchanged b values on specified channels; no normalization,LIBRARY_SHARING_SUPPORT_NOT_VERIFIED_IDENTITY_DIAGNOSTIC
V58_MILD_CAL_R1_K125,172,PE 20:0_20:5,0.0003499725961376945,0.0003499725961376945,0.0,0.0,0.0,0.0,,0.0,0.0,[],[],,[],False,1.5404566511278972e-11,,,0.0,0.0,0.01870755452050573,9.443403339052787e-17,True,False,frozen synthetic foreground mean NNLS; production labels only for comparison,"raw postfit residual direction, constrained by NNLS KKT; not absorbed signal fraction",False,True,FP,0.00423257002377524,0.0,0.6792961271012564,0.8661796448745225,PE 20:1_20:5,PE 20:1_20:5,58,0.6823529411764706,0.6182040464778271,0.0,71,0,71,,FROZEN_CHANNEL_DETECTION_THRESHOLD_NOT_AVAILABLE,,0.0,0.0,,,0.0,candidate spectral contributions; arithmetic channel mean; all aliases,sum of unchanged b values on specified channels; no normalization,LIBRARY_SHARING_SUPPORT_NOT_VERIFIED_IDENTITY_DIAGNOSTIC
V58_MILD_CAL_R1_K125,173,PE 20:1_20:2,0.0003499725961376945,0.00035019552567873104,2.2292954103656252e-07,0.0006369914183562558,0.013727401829204282,0.08818020824665249,PE 20:2_20:2,0.007040916566393622,0.07984690336202584,"[""PE 20:2_20:2"", ""PE 20:1_20:3"", ""PE 17:0_22:2"", ""PE 22:1_18:2"", ""PE 18:2_20:4""]","[0.007040916566393622, 0.006784486334145393, 0.006269300684238359, 0.005726648846821558, 0.005101623740812161]",PE 20:2_20:2,"[""PE 20:2_20:2""]",True,1.5404566511278972e-11,5.179827132445362e-15,2.6596023549254736e-13,0.5963390086638336,1.183260280309774,0.018713511847826183,0.0003773251987221449,True,True,frozen synthetic foreground mean NNLS; production labels only for comparison,"raw postfit residual direction, constrained by NNLS KKT; not absorbed signal fraction",True,True,TP,0.0036187296567048977,7.409885003223168e-07,0.8845567025404182,0.8309276721753147,PE 20:2_20:2,PE 20:2_20:2,29,0.6904761904761905,0.42743184609238877,0.0,42,0,42,,FROZEN_CHANNEL_DETECTION_THRESHOLD_NOT_AVAILABLE,,0.07728691742783995,0.438999384034321,,,0.0,candidate spectral contributions; arithmetic channel mean; all aliases,sum of unchanged b values on specified channels; no normalization,LIBRARY_SHARING_SUPPORT_NOT_VERIFIED_IDENTITY_DIAGNOSTIC
V58_MILD_CAL_R1_K125,174,PE 20:1_20:3,0.0003499725961376945,0.0003499725961376945,0.0,0.0,0.0,0.0,,0.0,0.0,[],[],,[],False,1.5404566511278972e-11,,,0.0,0.0,0.01870755452050573,9.443403339052787e-17,True,False,frozen synthetic foreground mean NNLS; production labels only for comparison,"raw postfit residual direction, constrained by NNLS KKT; not absorbed signal fraction",False,True,FP,0.00438009529585326,0.0,0.9574552798625681,0.9378858993893899,PE 20:3_20:3,PE 20:3_20:3,29,0.5471698113207547,0.6010500445707287,0.0,53,0,53,,FROZEN_CHANNEL_DETECTION_THRESHOLD_NOT_AVAILABLE,,0.0,0.0,,,0.0,candidate spectral contributions; arithmetic channel mean; all aliases,sum of unchanged b values on specified channels; no normalization,LIBRARY_SHARING_SUPPORT_NOT_VERIFIED_IDENTITY_DIAGNOSTIC
V58_MILD_CAL_R1_K125,175,PE 20:1_20:4,0.0003499725961376945,0.00035003335214951634,6.075601182185331e-08,0.00017360219719702582,0.0038119770351158584,0.056210232645528706,PE O-16:1_22:3,0.0062914376367106326,0.1119269097545563,"[""PE O-16:1_22:3"", ""PE O-18:1_22:2"", ""PE 20:1_20:2"", ""PE 18:0_22:5"", ""PE O-20:2_20:4""]","[0.0062914376367106326, 0.0041697879167295684, 0.0038337780247525814, 0.003694074073301537, 0.0033014061277756848]",PE O-16:1_22:3,"[""PE O-16:1_22:3""]",True,1.5404566511278972e-11,-5.0883155785419245e-15,-4.3369835499740326e-13,0.5481373211467205,2.4521037215246984,0.018709178286325567,0.00021517936465967037,True,True,frozen synthetic foreground mean NNLS; production labels only for comparison,"raw postfit residual direction, constrained by NNLS KKT; not absorbed signal fraction",False,False,UNREPORTED_NONTRUTH,0.0,,0.9190388010344148,0.9238463211771553,PE 20:4_20:4,PE 20:4_20:4,43,0.589041095890411,0.8117723581616479,0.0,73,0,73,,FROZEN_CHANNEL_DETECTION_THRESHOLD_NOT_AVAILABLE,,0.018128214802747334,0.23501996435634886,,,0.0,candidate spectral contributions; arithmetic channel mean; all aliases,sum of unchanged b values on specified channels; no normalization,LIBRARY_SHARING_SUPPORT_NOT_VERIFIED_IDENTITY_DIAGNOSTIC
V58_MILD_CAL_R1_K125,176,PE 20:1_20:5,0.0003499725961376945,0.0003499725961376945,0.0,0.0,0.0,0.0,,0.0,0.0,[],[],,[],False,1.5404566511278972e-11,,,0.0,0.0,0.01870755452050573,9.443403339052787e-17,True,False,frozen synthetic foreground mean NNLS; production labels only for comparison,"raw postfit residual direction, constrained by NNLS KKT; not absorbed signal fraction",False,True,FP,0.004109421430857681,0.0,0.6792961271012564,0.8661796448745225,PE 20:0_20:5,PE 20:0_20:5,58,0.6823529411764706,0.7568440558959207,0.0,72,0,72,,FROZEN_CHANNEL_DETECTION_THRESHOLD_NOT_AVAILABLE,,0.0,0.0,,,0.0,candidate spectral contributions; arithmetic channel mean; all aliases,sum of unchanged b values on specified channels; no normalization,LIBRARY_SHARING_SUPPORT_NOT_VERIFIED_IDENTITY_DIAGNOSTIC
V58_MILD_CAL_R1_K125,177,PE 20:2_20:2,0.0003499725961376945,0.00034999982343997396,2.7227302279474782e-08,7.779838336531924e-05,0.004230242858195155,0.035084254851113814,PE O-16:1_22:3,0.0035908088918990347,0.10234815894009759,"[""PE O-16:1_22:3"", ""PE 20:1_20:2"", ""PE 20:2_20:4"", ""PE 18:0_22:5"", ""PE O-18:1_22:2""]","[0.0035908088918990347, 0.0033770696744307924, 0.002358277404642192, 0.00207081793957746, 0.001998932193377788]",PE O-16:1_22:3,"[""PE O-16:1_22:3""]",True,1.5404566511278972e-11,-1.963459099398919e-15,-2.1478160164189332e-13,0.40756933429133324,1.0670432183961833,0.018708282215103924,0.0001623596652315061,True,True,frozen synthetic foreground mean NNLS; production labels only for comparison,"raw postfit residual direction, constrained by NNLS KKT; not absorbed signal fraction",True,True,TP,0.00924122316150855,9.049997496953484e-08,0.980319286029637,0.9572988006271623,PE O-20:2_20:2,PE O-20:2_20:2,12,0.24,0.40377069541876937,0.0,29,0,29,,FROZEN_CHANNEL_DETECTION_THRESHOLD_NOT_AVAILABLE,,0.020273529717262817,0.10487812314080036,,,0.0,candidate spectral contributions; arithmetic channel mean; all aliases,sum of unchanged b values on specified channels; no normalization,LIBRARY_SHARING_SUPPORT_NOT_VERIFIED_IDENTITY_DIAGNOSTIC
V58_MILD_CAL_R1_K125,178,PE 20:2_20:3,0.0003499725961376945,0.0003499725961376945,0.0,0.0,0.0,0.0,,0.0,0.0,[],[],,[],False,1.5404566511278972e-11,,,0.0,0.0,0.01870755452050573,9.443403339052787e-17,True,False,frozen synthetic foreground mean NNLS; production labels only for comparison,"raw postfit residual direction, constrained by NNLS KKT; not absorbed signal fraction",False,False,UNREPORTED_NONTRUTH,6.7021250139395e-05,,0.875764223898651,0.8757804686373611,PE 20:3_20:3,PE 20:3_20:3,29,0.7073170731707317,0.5775476679283221,0.0,41,0,41,,FROZEN_CHANNEL_DETECTION_THRESHOLD_NOT_AVAILABLE,,0.0,0.0,,,0.0,candidate spectral contributions; arithmetic channel mean; all aliases,sum of unchanged b values on specified channels; no normalization,LIBRARY_SHARING_SUPPORT_NOT_VERIFIED_IDENTITY_DIAGNOSTIC
V58_MILD_CAL_R1_K125,179,PE 20:2_20:4,0.0003499725961376945,0.0003501769965685979,2.0440043090340148e-07,0.0005840469584622405,0.010551823309726394,0.08884889687197367,PE 20:2_20:2,0.010166155849954162,0.11442073236416887,"[""PE 20:2_20:2"", ""PE 18:2_20:4"", ""PE 18:1_22:5"", ""PG 17:0_20:3"", ""PG 17:1_20:1""]","[0.010166155849954162, 0.008118557791387045, 0.006965310544077107, 0.006299472044655332, 0.006184858824578964]",PE 20:2_20:2,"[""PE 20:2_20:2""]",True,1.5404566511278972e-11,-2.1664971112376724e-15,-8.818971408226092e-14,0.6314940376360403,1.6859255960072894,0.018713016768244436,0.000420917381769653,True,True,frozen synthetic foreground mean NNLS; production labels only for comparison,"raw postfit residual direction, constrained by NNLS KKT; not absorbed signal fraction",True,True,TP,0.006989820912541247,6.794001730614727e-07,0.9369316641113804,0.9370648301628667,PE 20:4_20:4,PE 20:4_20:4,43,0.6515151515151515,0.8353267624539815,0.0,66,0,66,,FROZEN_CHANNEL_DETECTION_THRESHOLD_NOT_AVAILABLE,,0.030267704621421754,0.15497118969028909,,,0.0,candidate spectral contributions; arithmetic channel mean; all aliases,sum of unchanged b values on specified channels; no normalization,LIBRARY_SHARING_SUPPORT_NOT_VERIFIED_IDENTITY_DIAGNOSTIC
V58_MILD_CAL_R1_K125,180,PE 20:2_20:5,0.0003499725961376945,0.00037480601805067704,2.4833421912982562e-05,0.07095818962994983,0.031624650372612535,0.3834705132946316,PE 20:3_20:4,0.06365018897677475,0.16598457187685894,"[""PE 20:3_20:4"", ""PE 20:2_20:2"", ""PE 18:0_22:4"", ""PG 18:0_20:5"", ""PG 16:0_20:3""]","[0.06365018897677475, 0.033717743025896744, 0.025461306195496167, 0.023580644422649774, 0.01684949201414675]",PE 20:3_20:4,"[""PE 20:3_20:4""]",True,1.5404566511278972e-11,-4.5557989762734295e-15,-1.824913881815325e-14,0.4357233147467445,1.6288376304008856,0.01935990749075721,0.004580599025156764,True,True,frozen synthetic foreground mean NNLS; production labels only for comparison,"raw postfit residual direction, constrained by NNLS KKT; not absorbed signal fraction",True,True,TP,0.022470615781960204,8.254303120015247e-05,0.6606806137710171,0.8495609785611613,PE 20:0_20:5,PE 20:0_20:5,48,0.5106382978723404,0.9017531619700901,0.0,71,0,71,,FROZEN_CHANNEL_DETECTION_THRESHOLD_NOT_AVAILABLE,,0.10707341945778823,0.6301565250797609,,,0.0,candidate spectral contributions; arithmetic channel mean; all aliases,sum of unchanged b values on specified channels; no normalization,LIBRARY_SHARING_SUPPORT_NOT_VERIFIED_IDENTITY_DIAGNOSTIC
V58_MILD_CAL_R1_K125,181,PE 20:3_20:3,0.0003499725961376945,0.0003499725961376945,0.0,0.0,0.0,0.0,,0.0,0.0,[],[],,[],False,1.5404566511278972e-11,,,0.0,0.0,0.01870755452050573,9.443403339052787e-17,True,False,frozen synthetic foreground mean NNLS; production labels only for comparison,"raw postfit residual direction, constrained by NNLS KKT; not absorbed signal fraction",False,False,UNREPORTED_NONTRUTH,4.246459193681453e-05,,0.9837096338633669,0.9687521053802138,PE O-18:2_20:3,PE O-18:3_20:3,10,0.19230769230769232,0.45054898228796614,0.0,29,0,29,,FROZEN_CHANNEL_DETECTION_THRESHOLD_NOT_AVAILABLE,,0.0,0.0,,,0.0,candidate spectral contributions; arithmetic channel mean; all aliases,sum of unchanged b values on specified channels; no normalization,LIBRARY_SHARING_SUPPORT_NOT_VERIFIED_IDENTITY_DIAGNOSTIC
V58_MILD_CAL_R1_K125,182,PE 20:3_20:4,0.0003499725961376945,0.0003501767086016025,2.0411246390799167e-07,0.0005832241311958631,0.007963356655824368,0.04618766696561913,PE 18:2_20:4,0.007971972092050316,0.17259958373329054,"[""PE 18:2_20:4"", ""PE 18:1_22:3"", ""PE 20:2_20:5"", ""PE 18:0_22:6"", ""PE 20:1_20:4""]","[0.007971972092050316, 0.004887153495752657, 0.002812097791863394, 0.0019783976374566706, 0.0016530046470205487]",PE 18:2_20:4,"[""PE 18:2_20:4""]",True,1.5404566511278972e-11,7.215143820621583e-16,1.7994154303561638e-14,0.7297165074413264,1.5275062987434842,0.01871300907394645,0.0003951103666203408,True,True,frozen synthetic foreground mean NNLS; production labels only for comparison,"raw postfit residual direction, constrained by NNLS KKT; not absorbed signal fraction",False,True,FP,0.007211442612426226,6.784430086076244e-07,0.9128348333325692,0.9269282345188584,PE 20:4_20:4,PE 20:4_20:4,43,0.7818181818181819,0.7085096739381853,0.0,55,0,55,,FROZEN_CHANNEL_DETECTION_THRESHOLD_NOT_AVAILABLE,,0.04240590279298178,0.31374825005939416,,,0.0,candidate spectral contributions; arithmetic channel mean; all aliases,sum of unchanged b values on specified channels; no normalization,LIBRARY_SHARING_SUPPORT_NOT_VERIFIED_IDENTITY_DIAGNOSTIC
V58_MILD_CAL_R1_K125,183,PE 20:3_20:5,0.0003499725961376945,0.0003520585230399792,2.085926902284721e-06,0.0059602578011672906,0.00982404411155279,0.18158651812377433,PE 18:2_22:6,0.015475539116744732,0.08522405339646943,"[""PE 18:2_22:6"", ""PE 16:0_22:3"", ""PG 16:0_20:3"", ""PE 20:2_20:4"", ""PE 18:0_22:4""]","[0.015475539116744732, 0.014361145831216065, 0.012472688347163845, 0.011080179963738104, 0.00996872730858881]",PE 18:2_22:6,"[""PE 18:2_22:6""]",True,1.5404566511278972e-11,5.396966446673718e-15,6.354061301318684e-14,0.306232664612644,1.7532250072833382,0.018763222618728887,0.0012351578144354073,True,True,frozen synthetic foreground mean NNLS; production labels only for comparison,"raw postfit residual direction, constrained by NNLS KKT; not absorbed signal fraction",True,True,TP,0.010669094828171315,6.933346921735912e-06,0.6460284895613284,0.8441482303408143,PE 20:0_20:5,PE 20:0_20:5,42,0.44680851063829785,0.8126096913266626,0.0,65,0,65,,FROZEN_CHANNEL_DETECTION_THRESHOLD_NOT_AVAILABLE,,0.058809871359971747,0.6287397080569964,,,0.0,candidate spectral contributions; arithmetic channel mean; all aliases,sum of unchanged b values on specified channels; no normalization,LIBRARY_SHARING_SUPPORT_NOT_VERIFIED_IDENTITY_DIAGNOSTIC
V58_MILD_CAL_R1_K125,184,PE 20:4_20:4,0.0003499725961376945,0.0003499725961376945,0.0,0.0,0.0,0.0,,0.0,0.0,[],[],,[],False,1.5404566511278972e-11,,,0.0,0.0,0.01870755452050573,9.443403339052787e-17,True,False,frozen synthetic foreground mean NNLS; production labels only for comparison,"raw postfit residual direction, constrained by NNLS KKT; not absorbed signal fraction",False,True,FP,0.007430540637358355,0.0,0.9715405509918842,0.9589560166556154,PE O-20:3_20:4,PE O-18:2_20:4,21,0.3181818181818182,0.5529107688170479,0.0,43,0,43,,FROZEN_CHANNEL_DETECTION_THRESHOLD_NOT_AVAILABLE,,0.0,0.0,,,0.0,candidate spectral contributions; arithmetic channel mean; all aliases,sum of unchanged b values on specified channels; no normalization,LIBRARY_SHARING_SUPPORT_NOT_VERIFIED_IDENTITY_DIAGNOSTIC
V58_MILD_CAL_R1_K125,185,PE 20:4_20:5,0.0003499725961376945,0.0003499725961376945,0.0,0.0,0.0,0.0,,0.0,0.0,[],[],,[],False,1.5404566511278972e-11,,,0.0,0.0,0.01870755452050573,9.443403339052787e-17,True,False,frozen synthetic foreground mean NNLS; production labels only for comparison,"raw postfit residual direction, constrained by NNLS KKT; not absorbed signal fraction",False,False,UNREPORTED_NONTRUTH,4.811097593809229e-05,,0.6714372899085049,0.8017231497045658,PE 20:0_20:5,PE 20:4_20:4,43,0.7288135593220338,0.6572246127024196,0.0,59,0,59,,FROZEN_CHANNEL_DETECTION_THRESHOLD_NOT_AVAILABLE,,0.0,0.0,,,0.0,candidate spectral contributions; arithmetic channel mean; all aliases,sum of unchanged b values on specified channels; no normalization,LIBRARY_SHARING_SUPPORT_NOT_VERIFIED_IDENTITY_DIAGNOSTIC
V58_MILD_CAL_R1_K125,186,PE 17:0_20:0,0.0003499725961376945,0.000349981380112128,8.7839744335118e-09,2.5099034911169917e-05,0.0005220221284785116,0.0061455525469006865,PG 18:0_18:2,0.000506018726518568,0.0823390122490163,"[""PG 18:0_18:2"", ""PE 20:0_18:3"", ""PE 17:0_22:2"", ""PG 17:0_20:2"", ""PE 18:2_20:4""]","[0.000506018726518568, 0.00040434678325693813, 0.00040070020459625, 0.0003689888189007673, 0.0003050689508454357]",PG 18:0_18:2,"[""PG 18:0_18:2""]",True,1.5404566511278972e-11,6.705639833794756e-16,-1.8973990871271705e-13,0.34757801989523607,1.0899877534128697,0.0187077892898153,9.372285971670028e-05,True,True,frozen synthetic foreground mean NNLS; production labels only for comparison,"raw postfit residual direction, constrained by NNLS KKT; not absorbed signal fraction",False,True,FP,0.010566248206964569,2.919677675568251e-08,0.8460604600250419,0.8080143208829804,PG 17:0_17:0,PG 17:0_17:0,9,0.08571428571428572,0.2725740893370879,0.0,63,0,63,,FROZEN_CHANNEL_DETECTION_THRESHOLD_NOT_AVAILABLE,,0.001974724186557904,0.0052097322799536435,,,0.0,candidate spectral contributions; arithmetic channel mean; all aliases,sum of unchanged b values on specified channels; no normalization,LIBRARY_SHARING_SUPPORT_NOT_VERIFIED_IDENTITY_DIAGNOSTIC
V58_MILD_CAL_R1_K125,187,PE 17:0_20:1,0.0003499725961376945,0.0003499725961376945,0.0,0.0,0.0,0.0,,0.0,0.0,[],[],,[],False,1.5404566511278972e-11,,,0.0,0.0,0.01870755452050573,9.443403339052787e-17,True,False,frozen synthetic foreground mean NNLS; production labels only for comparison,"raw postfit residual direction, constrained by NNLS KKT; not absorbed signal fraction",True,True,TP,0.01379328095059274,0.0,0.903772911305544,0.7818984658803916,PE O-18:0_20:1,PE O-18:0_20:1,18,0.2465753424657534,0.41121409875518156,0.0,64,0,64,,FROZEN_CHANNEL_DETECTION_THRESHOLD_NOT_AVAILABLE,,0.0,0.0,,,0.0,candidate spectral contributions; arithmetic channel mean; all aliases,sum of unchanged b values on specified channels; no normalization,LIBRARY_SHARING_SUPPORT_NOT_VERIFIED_IDENTITY_DIAGNOSTIC
V58_MILD_CAL_R1_K125,188,PE 17:0_20:2,0.0003499725961376945,0.0003499725961376945,0.0,0.0,0.0,0.0,,0.0,0.0,[],[],,[],False,1.5404566511278972e-11,,,0.0,0.0,0.01870755452050573,9.443403339052787e-17,True,False,frozen synthetic foreground mean NNLS; production labels only for comparison,"raw postfit residual direction, constrained by NNLS KKT; not absorbed signal fraction",True,True,TP,0.005981303843419486,0.0,0.9500581444976403,0.8928546257083987,PE 20:2_20:2,PE 20:2_20:2,29,0.4603174603174603,0.5561232048293508,0.0,63,0,63,,FROZEN_CHANNEL_DETECTION_THRESHOLD_NOT_AVAILABLE,,0.0,0.0,,,0.0,candidate spectral contributions; arithmetic channel mean; all aliases,sum of unchanged b values on specified channels; no normalization,LIBRARY_SHARING_SUPPORT_NOT_VERIFIED_IDENTITY_DIAGNOSTIC
V58_MILD_CAL_R1_K125,189,PE 17:0_20:3,0.0003499725961376945,0.00035012030948419477,1.4771334650028837e-07,0.00042207117845335614,0.010644187528828146,0.06151357839019539,PE 17:0_22:2,0.007770884656984351,0.12632795652962078,"[""PE 17:0_22:2"", ""PE 17:1_20:2"", ""PG 17:0_20:3"", ""PG 17:1_20:1"", ""PE 20:1_20:3""]","[0.007770884656984351, 0.007682073582707936, 0.006300580867486822, 0.005848107340724376, 0.0028772887364448066]",PE 17:0_22:2,"[""PE 17:0_22:2""]",True,1.5404566511278972e-11,1.6761848333868894e-15,5.373413428844524e-13,0.5728380652241165,1.1129146723630392,0.018711502063816114,0.0002335959344786184,True,True,frozen synthetic foreground mean NNLS; production labels only for comparison,"raw postfit residual direction, constrained by NNLS KKT; not absorbed signal fraction",True,False,FN,7.980088919536994e-05,,0.9455757943393989,0.9011938093763089,PE 20:3_20:3,PE 20:3_20:3,29,0.4603174603174603,0.6029014916985476,0.0,63,0,63,,FROZEN_CHANNEL_DETECTION_THRESHOLD_NOT_AVAILABLE,,0.027701186892958845,0.09438438203237015,,,0.0,candidate spectral contributions; arithmetic channel mean; all aliases,sum of unchanged b values on specified channels; no normalization,LIBRARY_SHARING_SUPPORT_NOT_VERIFIED_IDENTITY_DIAGNOSTIC
V58_MILD_CAL_R1_K125,190,PE 17:0_20:4,0.0003499725961376945,0.0003503006174262824,3.280212885879317e-07,0.0009372770647493691,0.006451245306333796,0.04450166868586321,PE 17:0_22:2,0.0060243061482146976,0.13537258997195895,"[""PE 17:0_22:2"", ""PE 18:2_20:4"", ""PE O-16:1_22:4"", ""PE 17:1_20:3"", ""PE O-16:0_22:3""]","[0.0060243061482146976, 0.004116534000590359, 0.003328126120350307, 0.002883315398333692, 0.002560809326872606]",PE 17:0_22:2,"[""PE 17:0_22:2""]",True,1.5404566511278972e-11,-3.064309770313349e-15,9.475212849422332e-14,0.5806549563238808,1.280629331157813,0.018716319548091782,0.0003886966981122485,True,True,frozen synthetic foreground mean NNLS; production labels only for comparison,"raw postfit residual direction, constrained by NNLS KKT; not absorbed signal fraction",True,True,TP,0.007016757052079181,1.090299659591962e-06,0.924009195795054,0.9143785587424255,PE 20:4_20:4,PE 20:4_20:4,43,0.5584415584415584,0.7052632782276295,0.0,77,0,77,,FROZEN_CHANNEL_DETECTION_THRESHOLD_NOT_AVAILABLE,,0.019188385579592855,0.08315780157178286,,,0.0,candidate spectral contributions; arithmetic channel mean; all aliases,sum of unchanged b values on specified channels; no normalization,LIBRARY_SHARING_SUPPORT_NOT_VERIFIED_IDENTITY_DIAGNOSTIC
V58_MILD_CAL_R1_K125,191,PE 17:0_20:5,0.0003499725961376945,0.00036581037018143476,1.583777404374028e-05,0.04525432611945046,0.028626474254918943,0.3169361199495227,PE 17:0_22:2,0.04256703864945286,0.13430794399861418,"[""PE 17:0_22:2"", ""PE 17:1_20:4"", ""PG 18:0_20:5"", ""PG 16:0_20:3"", ""PG 18:2_18:2""]","[0.04256703864945286, 0.029865562975054865, 0.0250940263716202, 0.015039124069215516, 0.014096744419288374]",PE 17:0_22:2,"[""PE 17:0_22:2""]",True,1.5404566511278972e-11,1.0274490192555869e-17,2.4843712942746105e-14,0.3383049357528084,1.1056476594801035,0.01912616977289062,0.003797457866874937,True,True,frozen synthetic foreground mean NNLS; production labels only for comparison,"raw postfit residual direction, constrained by NNLS KKT; not absorbed signal fraction",True,True,TP,0.019374824069778182,5.264267975691159e-05,0.7108936868389557,0.8395568860545248,PE 20:0_20:5,PG 17:0_20:5,44,0.352,0.6503349759619022,0.0,76,0,76,,FROZEN_CHANNEL_DETECTION_THRESHOLD_NOT_AVAILABLE,,0.13005180998318552,0.5494231194825829,,,0.0,candidate spectral contributions; arithmetic channel mean; all aliases,sum of unchanged b values on specified channels; no normalization,LIBRARY_SHARING_SUPPORT_NOT_VERIFIED_IDENTITY_DIAGNOSTIC
V58_MILD_CAL_R1_K125,192,PE 17:0_22:1,0.0003499725961376945,0.0003499725961376945,0.0,0.0,0.0,0.0,,0.0,0.0,[],[],,[],False,1.5404566511278972e-11,,,0.0,0.0,0.01870755452050573,9.443403339052787e-17,True,False,frozen synthetic foreground mean NNLS; production labels only for comparison,"raw postfit residual direction, constrained by NNLS KKT; not absorbed signal fraction",False,False,UNREPORTED_NONTRUTH,0.00017000023394685303,,0.9295121961366524,0.9180376236457508,PE O-18:1_22:1,PE O-18:1_22:1,17,0.23943661971830985,0.2895788708092198,0.0,58,0,58,,FROZEN_CHANNEL_DETECTION_THRESHOLD_NOT_AVAILABLE,,0.0,0.0,,,0.0,candidate spectral contributions; arithmetic channel mean; all aliases,sum of unchanged b values on specified channels; no normalization,LIBRARY_SHARING_SUPPORT_NOT_VERIFIED_IDENTITY_DIAGNOSTIC
V58_MILD_CAL_R1_K125,193,PE 17:0_22:2,0.0003499725961376945,0.00035056647402508423,5.93877887389749e-07,0.0016969268229766329,0.01851891229839235,0.09654994156561172,PE 17:1_22:1,0.007529301413136239,0.07798349010850125,"[""PE 17:1_22:1"", ""PE 17:0_20:1"", ""PE 18:2_22:2"", ""PE O-16:0_22:2"", ""PE 20:1_20:2""]","[0.007529301413136239, 0.006197000312421127, 0.004964184628688454, 0.004603051446474009, 0.0045206679609749376]",PE 17:1_22:1,"[""PE 17:1_22:1""]",True,1.5404566511278972e-11,3.3140443374906348e-15,-2.5452459413416382e-14,0.6585989273661549,1.0573076826146792,0.01872342046809515,0.0006161943634272556,True,True,frozen synthetic foreground mean NNLS; production labels only for comparison,"raw postfit residual direction, constrained by NNLS KKT; not absorbed signal fraction",False,True,FP,0.01127026259413753,1.9739720590925727e-06,0.9358581157196403,0.9202718315621574,PE O-18:2_22:2,PE O-18:2_22:2,12,0.15,0.4921108025080211,0.0,61,0,61,,FROZEN_CHANNEL_DETECTION_THRESHOLD_NOT_AVAILABLE,,0.06731970052004797,0.28721026691765483,,,0.0,candidate spectral contributions; arithmetic channel mean; all aliases,sum of unchanged b values on specified channels; no normalization,LIBRARY_SHARING_SUPPORT_NOT_VERIFIED_IDENTITY_DIAGNOSTIC
V58_MILD_CAL_R1_K125,194,PE 17:0_22:3,0.0003499725961376945,0.0003499725961376945,0.0,0.0,0.0,0.0,,0.0,0.0,[],[],,[],False,1.5404566511278972e-11,,,0.0,0.0,0.01870755452050573,9.443403339052787e-17,True,False,frozen synthetic foreground mean NNLS; production labels only for comparison,"raw postfit residual direction, constrained by NNLS KKT; not absorbed signal fraction",False,True,FP,0.0012369164202424131,0.0,0.9459213047337746,0.9280545976623583,PE O-18:2_22:3,PE O-18:2_22:3,12,0.15,0.6099738428503599,0.0,61,0,61,,FROZEN_CHANNEL_DETECTION_THRESHOLD_NOT_AVAILABLE,,0.0,0.0,,,0.0,candidate spectral contributions; arithmetic channel mean; all aliases,sum of unchanged b values on specified channels; no normalization,LIBRARY_SHARING_SUPPORT_NOT_VERIFIED_IDENTITY_DIAGNOSTIC
V58_MILD_CAL_R1_K125,195,PE 17:0_22:4,0.0003499725961376945,0.0003499725961376945,0.0,0.0,0.0,0.0,,0.0,0.0,[],[],,[],False,1.5404566511278972e-11,,,0.0,0.0,0.01870755452050573,9.443403339052787e-17,True,False,frozen synthetic foreground mean NNLS; production labels only for comparison,"raw postfit residual direction, constrained by NNLS KKT; not absorbed signal fraction",False,False,UNREPORTED_NONTRUTH,1.0746705153570178e-06,,0.9426607455762424,0.9271378001661971,PE O-16:1_22:4,PE O-16:1_22:4,15,0.16666666666666666,0.620664740250537,0.0,68,0,68,,FROZEN_CHANNEL_DETECTION_THRESHOLD_NOT_AVAILABLE,,0.0,0.0,,,0.0,candidate spectral contributions; arithmetic channel mean; all aliases,sum of unchanged b values on specified channels; no normalization,LIBRARY_SHARING_SUPPORT_NOT_VERIFIED_IDENTITY_DIAGNOSTIC
V58_MILD_CAL_R1_K125,196,PE 17:0_22:5,0.0003499725961376945,0.0003499725961376945,0.0,0.0,0.0,0.0,,0.0,0.0,[],[],,[],False,1.5404566511278972e-11,,,0.0,0.0,0.01870755452050573,9.443403339052787e-17,True,False,frozen synthetic foreground mean NNLS; production labels only for comparison,"raw postfit residual direction, constrained by NNLS KKT; not absorbed signal fraction",False,True,FP,0.0032734645761087356,0.0,0.9035970040067635,0.917215261523149,PE O-16:1_22:5,PE O-16:1_22:5,16,0.18181818181818182,0.5516053135017501,0.0,66,0,66,,FROZEN_CHANNEL_DETECTION_THRESHOLD_NOT_AVAILABLE,,0.0,0.0,,,0.0,candidate spectral contributions; arithmetic channel mean; all aliases,sum of unchanged b values on specified channels; no normalization,LIBRARY_SHARING_SUPPORT_NOT_VERIFIED_IDENTITY_DIAGNOSTIC
V58_MILD_CAL_R1_K125,197,PE 17:0_22:6,0.0003499725961376945,0.0003499725961376945,0.0,0.0,0.0,0.0,,0.0,0.0,[],[],,[],False,1.5404566511278972e-11,,,0.0,0.0,0.01870755452050573,9.443403339052787e-17,True,False,frozen synthetic foreground mean NNLS; production labels only for comparison,"raw postfit residual direction, constrained by NNLS KKT; not absorbed signal fraction",False,True,FP,0.004933914255533652,0.0,0.7871361554376191,0.8689241405489069,PE 18:0_22:6,PE O-18:3_22:6,19,0.21348314606741572,0.7259766725799245,0.0,66,0,66,,FROZEN_CHANNEL_DETECTION_THRESHOLD_NOT_AVAILABLE,,0.0,0.0,,,0.0,candidate spectral contributions; arithmetic channel mean; all aliases,sum of unchanged b values on specified channels; no normalization,LIBRARY_SHARING_SUPPORT_NOT_VERIFIED_IDENTITY_DIAGNOSTIC
V58_MILD_CAL_R1_K125,198,PE 20:0_17:1,0.0003499725961376945,0.00036431601961682645,1.4343423479131964e-05,0.040984418770046264,0.030750116525667302,0.37334684942308755,PE 17:0_20:1,0.043590722583556236,0.11675663702746612,"[""PE 17:0_20:1"", ""PE O-16:0_22:2"", ""PG 14:0_22:1"", ""PE 18:0_22:3"", ""PE O-20:0_18:2""]","[0.043590722583556236, 0.02417686999433826, 0.01704335696113038, 0.016624519028070075, 0.015105667960600127]",PE 17:0_20:1,"[""PE 17:0_20:1""]",True,1.5404566511278972e-11,8.791884512741932e-16,0.0017398904154399524,0.32598929964383355,1.082256140451427,0.01908706419585858,0.003317741706183023,True,True,frozen synthetic foreground mean NNLS; production labels only for comparison,"raw postfit residual direction, constrained by NNLS KKT; not absorbed signal fraction",True,True,TP,0.02880638317667984,4.767565484545883e-05,0.8238355447330411,0.828926628285833,PG 20:0_17:1,PG 20:0_17:1,27,0.2288135593220339,0.4294037656839326,0.0,60,0,60,,FROZEN_CHANNEL_DETECTION_THRESHOLD_NOT_AVAILABLE,,0.055288883786066986,0.2821899056398041,,,0.0,candidate spectral contributions; arithmetic channel mean; all aliases,sum of unchanged b values on specified channels; no normalization,LIBRARY_SHARING_SUPPORT_NOT_VERIFIED_IDENTITY_DIAGNOSTIC
V58_MILD_CAL_R1_K125,199,PE 17:1_20:1,0.0003499725961376945,0.0003502997673894656,3.2717125177111764e-07,0.0009348481979644658,0.005394984719486368,0.06599702122524048,PG 17:1_20:1,0.007199776409830419,0.10909244502337903,"[""PG 17:1_20:1"", ""PE 17:0_20:2"", ""PG 17:0_20:3"", ""PG 14:0_22:3"", ""PE O-16:1_22:2""]","[0.007199776409830419, 0.00709324338837118, 0.006298837950333987, 0.004048057418938791, 0.0039932217492956645]",PG 17:1_20:1,"[""PG 17:1_20:1""]",True,1.5404566511278972e-11,-1.2813370733072398e-15,-2.5516432062300617e-13,0.36792382463310913,1.3883533341592071,0.018716296839638595,0.00032016189445423546,True,True,frozen synthetic foreground mean NNLS; production labels only for comparison,"raw postfit residual direction, constrained by NNLS KKT; not absorbed signal fraction",False,True,FP,0.0023967897913115114,1.0874742489116952e-06,0.7937994844488528,0.6969382047743982,PE 20:0_17:1,PE 17:0_20:1,48,0.6233766233766234,0.5680437751020264,0.0,61,0,61,,FROZEN_CHANNEL_DETECTION_THRESHOLD_NOT_AVAILABLE,,0.013513042495545143,0.11637451808168532,,,0.0,candidate spectral contributions; arithmetic channel mean; all aliases,sum of unchanged b values on specified channels; no normalization,LIBRARY_SHARING_SUPPORT_NOT_VERIFIED_IDENTITY_DIAGNOSTIC
V58_MILD_CAL_R1_K125,200,PE 17:1_20:2,0.0003499725961376945,0.0003499725961376945,0.0,0.0,0.0,0.0,,0.0,0.0,[],[],,[],False,1.5404566511278972e-11,,,0.0,0.0,0.01870755452050573,9.443403339052787e-17,True,False,frozen synthetic foreground mean NNLS; production labels only for comparison,"raw postfit residual direction, constrained by NNLS KKT; not absorbed signal fraction",False,True,FP,0.002947856594527384,0.0,0.9135491247852747,0.7561493446008238,PE 20:2_20:2,PE 20:2_20:2,29,0.48333333333333334,0.7129528811761957,0.0,60,0,60,,FROZEN_CHANNEL_DETECTION_THRESHOLD_NOT_AVAILABLE,,0.0,0.0,,,0.0,candidate spectral contributions; arithmetic channel mean; all aliases,sum of unchanged b values on specified channels; no normalization,LIBRARY_SHARING_SUPPORT_NOT_VERIFIED_IDENTITY_DIAGNOSTIC
V58_MILD_CAL_R1_K125,201,PE 17:1_20:3,0.0003499725961376945,0.0003499725961376945,0.0,0.0,0.0,0.0,,0.0,0.0,[],[],,[],False,1.5404566511278972e-11,,,0.0,0.0,0.01870755452050573,9.443403339052787e-17,True,False,frozen synthetic foreground mean NNLS; production labels only for comparison,"raw postfit residual direction, constrained by NNLS KKT; not absorbed signal fraction",False,True,FP,0.005040020480348643,0.0,0.9147460626442502,0.7767986988438306,PE 20:3_20:3,PE 20:3_20:3,29,0.48333333333333334,0.7597311680453923,0.0,60,0,60,,FROZEN_CHANNEL_DETECTION_THRESHOLD_NOT_AVAILABLE,,0.0,0.0,,,0.0,candidate spectral contributions; arithmetic channel mean; all aliases,sum of unchanged b values on specified channels; no normalization,LIBRARY_SHARING_SUPPORT_NOT_VERIFIED_IDENTITY_DIAGNOSTIC
V58_MILD_CAL_R1_K125,202,PE 17:1_20:4,0.0003499725961376945,0.0003499764732868051,3.877149110608196e-09,1.1078436261347504e-05,0.0006609036911200136,0.005766992492360271,PE 17:1_22:1,0.00044717084733402954,0.07753969644470182,"[""PE 17:1_22:1"", ""PE O-18:1_22:2"", ""PG 18:2_20:3"", ""PE O-16:0_22:2"", ""PE 20:1_20:2""]","[0.00044717084733402954, 0.00039213880001422174, 0.00036091680857720104, 0.00034654765224059747, 0.0003177451087870622]",PE 17:1_22:1,"[""PE 17:1_22:1""]",True,1.5404566511278972e-11,-3.4092023863811205e-15,-2.272555885668986e-12,0.4847487704669468,1.300130346498776,0.018707658145444207,6.22667576684837e-05,True,True,frozen synthetic foreground mean NNLS; production labels only for comparison,"raw postfit residual direction, constrained by NNLS KKT; not absorbed signal fraction",True,True,TP,0.009840619472349885,1.2887134164824975e-08,0.9110162578782212,0.8314356539842048,PE 20:4_20:4,PE 20:4_20:4,43,0.581081081081081,0.8620929545744741,0.0,74,0,74,,FROZEN_CHANNEL_DETECTION_THRESHOLD_NOT_AVAILABLE,,0.0010952634043026287,0.00984513944171714,,,0.0,candidate spectral contributions; arithmetic channel mean; all aliases,sum of unchanged b values on specified channels; no normalization,LIBRARY_SHARING_SUPPORT_NOT_VERIFIED_IDENTITY_DIAGNOSTIC
V58_MILD_CAL_R1_K125,203,PE 17:1_22:1,0.0003499725961376945,0.0003531936080563159,3.2210119186213922e-06,0.009203611782650816,0.020923390403318445,0.18247396959002057,PE 17:0_22:2,0.03423971578859331,0.18764164480739298,"[""PE 17:0_22:2"", ""PE O-16:0_22:1"", ""PE 17:1_20:2"", ""PE 17:1_20:4"", ""PG 18:0_20:5""]","[0.03423971578859331, 0.011731739892564232, 0.008390725497881285, 0.008287830223615676, 0.006871065870319172]",PE 17:0_22:2,"[""PE 17:0_22:2""]",True,1.5404566511278972e-11,-4.886740880468903e-15,1.4295736594900075e-15,0.37960357760652874,1.0595919844447825,0.018793445880314657,0.0016116200797404432,True,True,frozen synthetic foreground mean NNLS; production labels only for comparison,"raw postfit residual direction, constrained by NNLS KKT; not absorbed signal fraction",True,True,TP,0.019494842961019356,1.0706220360063319e-05,0.6921065619166841,0.7811204421614522,PE 20:0_17:1,PE O-18:1_22:1,21,0.328125,0.4464085471560645,0.0,55,0,55,,FROZEN_CHANNEL_DETECTION_THRESHOLD_NOT_AVAILABLE,,0.08035491654479948,0.41361097648800815,,,0.0,candidate spectral contributions; arithmetic channel mean; all aliases,sum of unchanged b values on specified channels; no normalization,LIBRARY_SHARING_SUPPORT_NOT_VERIFIED_IDENTITY_DIAGNOSTIC
V58_MILD_CAL_R1_K125,204,PE 17:1_22:3,0.0003499725961376945,0.0003499725961376945,0.0,0.0,0.0,0.0,,0.0,0.0,[],[],,[],False,1.5404566511278972e-11,,,0.0,0.0,0.01870755452050573,9.443403339052787e-17,True,False,frozen synthetic foreground mean NNLS; production labels only for comparison,"raw postfit residual direction, constrained by NNLS KKT; not absorbed signal fraction",False,True,FP,0.001429335946969994,0.0,0.9599528992108011,0.9087457039300353,PE O-18:2_22:3,PE O-18:2_22:3,18,0.2535211267605634,0.7668035191972048,0.0,58,0,58,,FROZEN_CHANNEL_DETECTION_THRESHOLD_NOT_AVAILABLE,,0.0,0.0,,,0.0,candidate spectral contributions; arithmetic channel mean; all aliases,sum of unchanged b values on specified channels; no normalization,LIBRARY_SHARING_SUPPORT_NOT_VERIFIED_IDENTITY_DIAGNOSTIC
V58_MILD_CAL_R1_K125,205,PE 17:1_22:4,0.0003499725961376945,0.0003499725961376945,0.0,0.0,0.0,0.0,,0.0,0.0,[],[],,[],False,1.5404566511278972e-11,,,0.0,0.0,0.01870755452050573,9.443403339052787e-17,True,False,frozen synthetic foreground mean NNLS; production labels only for comparison,"raw postfit residual direction, constrained by NNLS KKT; not absorbed signal fraction",False,False,UNREPORTED_NONTRUTH,0.00027158246828696647,,0.9648442794130717,0.929239443508211,PE O-16:1_22:4,PE O-16:1_22:4,15,0.1724137931034483,0.7774944165973818,0.0,65,0,65,,FROZEN_CHANNEL_DETECTION_THRESHOLD_NOT_AVAILABLE,,0.0,0.0,,,0.0,candidate spectral contributions; arithmetic channel mean; all aliases,sum of unchanged b values on specified channels; no normalization,LIBRARY_SHARING_SUPPORT_NOT_VERIFIED_IDENTITY_DIAGNOSTIC
V58_MILD_CAL_R1_K125,206,PE 17:1_22:5,0.0003499725961376945,0.0003499725961376945,0.0,0.0,0.0,0.0,,0.0,0.0,[],[],,[],False,1.5404566511278972e-11,,,0.0,0.0,0.01870755452050573,9.443403339052787e-17,True,False,frozen synthetic foreground mean NNLS; production labels only for comparison,"raw postfit residual direction, constrained by NNLS KKT; not absorbed signal fraction",False,True,FP,0.0033339591834127343,0.0,0.9141611684079146,0.8828401593273719,PE O-16:1_22:5,PE O-16:1_22:5,16,0.18823529411764706,0.7084349898485948,0.0,63,0,63,,FROZEN_CHANNEL_DETECTION_THRESHOLD_NOT_AVAILABLE,,0.0,0.0,,,0.0,candidate spectral contributions; arithmetic channel mean; all aliases,sum of unchanged b values on specified channels; no normalization,LIBRARY_SHARING_SUPPORT_NOT_VERIFIED_IDENTITY_DIAGNOSTIC
V58_MILD_CAL_R1_K125,207,PE 17:1_22:6,0.0003499725961376945,0.0003499725961376945,0.0,0.0,0.0,0.0,,0.0,0.0,[],[],,[],False,1.5404566511278972e-11,,,0.0,0.0,0.01870755452050573,9.443403339052787e-17,True,False,frozen synthetic foreground mean NNLS; production labels only for comparison,"raw postfit residual direction, constrained by NNLS KKT; not absorbed signal fraction",False,False,UNREPORTED_NONTRUTH,0.0009569982289825553,,0.7806595138717238,0.8039807356722872,PE 18:0_22:6,PE O-18:3_22:6,23,0.2804878048780488,0.8828063489267691,0.0,63,0,63,,FROZEN_CHANNEL_DETECTION_THRESHOLD_NOT_AVAILABLE,,0.0,0.0,,,0.0,candidate spectral contributions; arithmetic channel mean; all aliases,sum of unchanged b values on specified channels; no normalization,LIBRARY_SHARING_SUPPORT_NOT_VERIFIED_IDENTITY_DIAGNOSTIC
V58_MILD_CAL_R1_K125,208,PE O-16:0_22:1,0.0003499725961376945,0.00035017866664785506,2.0607051016058092e-07,0.0005888189871034497,0.008998292791993299,0.036746827251898886,PE O-16:0_22:2,0.0092504029833379,0.2517333787669561,"[""PE O-16:0_22:2"", ""PE O-18:1_22:1"", ""PE O-18:0_20:1"", ""PE O-16:0_22:4"", ""PE O-18:0_22:1""]","[0.0092504029833379, 0.006119757129083416, 0.002485464494600708, 0.0014863189839575495, 0.0013572006442902386]",PE O-16:0_22:2,"[""PE O-16:0_22:2""]",True,1.5404566511278972e-11,-1.2425719375172854e-15,1.6919709495523763e-13,0.6551201718230077,1.0526750045557502,0.01871306139165516,0.0002091602559233715,True,True,frozen synthetic foreground mean NNLS; production labels only for comparison,"raw postfit residual direction, constrained by NNLS KKT; not absorbed signal fraction",False,True,FP,0.002149466801169921,6.849512970555647e-07,0.9563306215948567,0.9300099516987022,PE O-18:1_22:1,PE O-18:1_22:1,7,0.16279069767441862,0.1510980334318839,0.0,20,0,20,,FROZEN_CHANNEL_DETECTION_THRESHOLD_NOT_AVAILABLE,,0.17624956201278347,0.31256759238763243,,,0.0,candidate spectral contributions; arithmetic channel mean; all aliases,sum of unchanged b values on specified channels; no normalization,LIBRARY_SHARING_SUPPORT_NOT_VERIFIED_IDENTITY_DIAGNOSTIC
V58_MILD_CAL_R1_K125,209,PE O-16:0_22:2,0.0003499725961376945,0.0003500324079012149,5.981176352039697e-08,0.000170904133665255,0.010665208359980386,0.056118747012016974,PG 16:0_20:3,0.008660480321026665,0.15432419257361238,"[""PG 16:0_20:3"", ""PE O-18:0_22:2"", ""PE O-16:0_22:4"", ""PE O-16:0_22:3"", ""PE O-16:1_22:2""]","[0.008660480321026665, 0.006348926978290814, 0.006301230596343174, 0.006094146259193613, 0.0032162417088612933]",PG 16:0_20:3,"[""PG 16:0_20:3""]",True,1.5404566511278972e-11,3.813201661192457e-15,2.340814098120107e-13,0.5786358152092158,1.0666225071615334,0.018709153051413498,0.00021772845610156427,True,True,frozen synthetic foreground mean NNLS; production labels only for comparison,"raw postfit residual direction, constrained by NNLS KKT; not absorbed signal fraction",True,True,TP,0.013249103691135829,1.9880644236884497e-07,0.9660075976109771,0.9407848812493003,PE O-18:2_22:2,PE O-18:2_22:2,8,0.18181818181818182,0.3508114386173942,0.0,21,0,21,,FROZEN_CHANNEL_DETECTION_THRESHOLD_NOT_AVAILABLE,,0.1684207779681743,0.3061609875281074,,,0.0,candidate spectral contributions; arithmetic channel mean; all aliases,sum of unchanged b values on specified channels; no normalization,LIBRARY_SHARING_SUPPORT_NOT_VERIFIED_IDENTITY_DIAGNOSTIC
V58_MILD_CAL_R1_K125,210,PE O-16:0_22:3,0.0003499725961376945,0.0003500130667547744,4.047061707989925e-08,0.00011563938837181684,0.011275279660684874,0.04684244450393711,PE O-16:1_22:3,0.00993939361986882,0.2121877652824294,"[""PE O-16:1_22:3"", ""PE O-16:0_22:4"", ""PE O-16:0_22:2"", ""PE O-18:0_20:3"", ""PG 14:0_22:3""]","[0.00993939361986882, 0.005722346540872435, 0.0053812722089539525, 0.005040125791567573, 0.002928376857414934]",PE O-16:1_22:3,"[""PE O-16:1_22:3""]",True,1.5404566511278972e-11,-5.564406424665207e-15,-5.149080947806518e-13,0.6906110007894652,1.0527340379035266,0.018708636154321202,0.00019850273710949877,True,True,frozen synthetic foreground mean NNLS; production labels only for comparison,"raw postfit residual direction, constrained by NNLS KKT; not absorbed signal fraction",True,True,TP,0.012034234035830425,1.3451901312723516e-07,0.9718809409437932,0.949034514751286,PE O-18:2_22:3,PE O-18:2_22:3,8,0.18181818181818182,0.46515635363737895,0.0,21,0,21,,FROZEN_CHANNEL_DETECTION_THRESHOLD_NOT_AVAILABLE,,0.14786592619021205,0.27707566001501416,,,0.0,candidate spectral contributions; arithmetic channel mean; all aliases,sum of unchanged b values on specified channels; no normalization,LIBRARY_SHARING_SUPPORT_NOT_VERIFIED_IDENTITY_DIAGNOSTIC
V58_MILD_CAL_R1_K125,211,PE O-16:0_22:4,0.0003499725961376945,0.000349987915123609,1.5318985914524776e-08,4.377195826134244e-05,0.006584569168456062,0.02826878333344953,PE O-16:1_22:4,0.005737697810132392,0.2029693935621273,"[""PE O-16:1_22:4"", ""PE O-16:0_22:3"", ""PG 14:0_22:3"", ""PE O-18:0_20:4"", ""PG 16:0_22:4""]","[0.005737697810132392, 0.0038268593138839346, 0.003428088784846975, 0.00240428137271889, 0.001822540640420282]",PE O-16:1_22:4,"[""PE O-16:1_22:4""]",True,1.5404566511278972e-11,-3.92139829717938e-15,-1.0189951756745374e-13,0.6815032285526301,1.1086411851617959,0.018707963949174407,0.0001237698909861787,True,True,frozen synthetic foreground mean NNLS; production labels only for comparison,"raw postfit residual direction, constrained by NNLS KKT; not absorbed signal fraction",False,False,UNREPORTED_NONTRUTH,0.0007866355519947023,,0.9642813330662601,0.9406116707106884,PE O-16:1_22:4,PE O-16:1_22:4,23,0.5476190476190477,0.47503501429814976,0.0,28,0,28,,FROZEN_CHANNEL_DETECTION_THRESHOLD_NOT_AVAILABLE,,0.07332635513526595,0.13746915145944527,,,0.0,candidate spectral contributions; arithmetic channel mean; all aliases,sum of unchanged b values on specified channels; no normalization,LIBRARY_SHARING_SUPPORT_NOT_VERIFIED_IDENTITY_DIAGNOSTIC
V58_MILD_CAL_R1_K125,212,PE O-16:0_22:5,0.0003499725961376945,0.0003499725961376945,0.0,0.0,0.0,0.0,,0.0,0.0,[],[],,[],False,1.5404566511278972e-11,,,0.0,0.0,0.01870755452050573,9.443403339052787e-17,True,False,frozen synthetic foreground mean NNLS; production labels only for comparison,"raw postfit residual direction, constrained by NNLS KKT; not absorbed signal fraction",False,True,FP,0.002878766709122828,0.0,0.90997577703283,0.876434080670198,PE O-16:1_22:5,PE O-16:1_22:5,24,0.5581395348837209,0.4085133062666622,0.0,29,0,29,,FROZEN_CHANNEL_DETECTION_THRESHOLD_NOT_AVAILABLE,,0.0,0.0,,,0.0,candidate spectral contributions; arithmetic channel mean; all aliases,sum of unchanged b values on specified channels; no normalization,LIBRARY_SHARING_SUPPORT_NOT_VERIFIED_IDENTITY_DIAGNOSTIC
V58_MILD_CAL_R1_K125,213,PE O-16:0_22:6,0.0003499725961376945,0.0003499725961376945,0.0,0.0,0.0,0.0,,0.0,0.0,[],[],,[],False,1.5404566511278972e-11,,,0.0,0.0,0.01870755452050573,9.443403339052787e-17,True,False,frozen synthetic foreground mean NNLS; production labels only for comparison,"raw postfit residual direction, constrained by NNLS KKT; not absorbed signal fraction",False,False,UNREPORTED_NONTRUTH,0.0009246802344523869,,0.7632124702069611,0.613559711627466,PE O-18:1_20:5,PE O-18:3_22:6,19,0.34545454545454546,0.5883033552598268,0.0,32,0,32,,FROZEN_CHANNEL_DETECTION_THRESHOLD_NOT_AVAILABLE,,0.0,0.0,,,0.0,candidate spectral contributions; arithmetic channel mean; all aliases,sum of unchanged b values on specified channels; no normalization,LIBRARY_SHARING_SUPPORT_NOT_VERIFIED_IDENTITY_DIAGNOSTIC
V58_MILD_CAL_R1_K125,214,PE O-16:1_22:0,0.0003499725961376945,0.00035016144579672607,1.8884965903158716e-07,0.0005396127027547974,0.005771974686505926,0.06751780925864143,PE O-18:0_20:1,0.007691120146211196,0.11391246591895185,"[""PE O-18:0_20:1"", ""PE O-18:2_22:0"", ""PE O-20:0_18:2"", ""PE O-16:1_22:2"", ""PE O-20:2_20:3""]","[0.007691120146211196, 0.0047230600795194234, 0.004475668872128132, 0.004259293158353573, 0.002967680316217948]",PE O-18:0_20:1,"[""PE O-18:0_20:1""]",True,1.5404566511278972e-11,-1.4926367634126043e-15,1.6719220093896285e-14,0.3350452527445191,1.0942224435673749,0.018712601256819596,0.00043245263229360907,True,True,frozen synthetic foreground mean NNLS; production labels only for comparison,"raw postfit residual direction, constrained by NNLS KKT; not absorbed signal fraction",True,True,TP,0.005302175651700597,6.277114508113899e-07,0.6718844627110993,0.5788300756477466,PA 18:0_22:0,PE O-18:2_22:0,6,0.11764705882352941,0.14676461712794225,0.0,28,0,28,,FROZEN_CHANNEL_DETECTION_THRESHOLD_NOT_AVAILABLE,,0.04937499711689025,0.19243920420442606,,,0.0,candidate spectral contributions; arithmetic channel mean; all aliases,sum of unchanged b values on specified channels; no normalization,LIBRARY_SHARING_SUPPORT_NOT_VERIFIED_IDENTITY_DIAGNOSTIC
V58_MILD_CAL_R1_K125,215,PE O-16:1_22:1,0.0003499725961376945,0.0003499725961376945,0.0,0.0,0.0,0.0,,0.0,0.0,[],[],,[],False,1.5404566511278972e-11,,,0.0,0.0,0.01870755452050573,9.443403339052787e-17,True,False,frozen synthetic foreground mean NNLS; production labels only for comparison,"raw postfit residual direction, constrained by NNLS KKT; not absorbed signal fraction",False,True,FP,0.0021366871104371694,0.0,0.9244334492238866,0.8841113326554825,PE O-18:1_22:1,PE O-18:1_22:1,7,0.1346153846153846,0.24280609927022428,0.0,29,0,29,,FROZEN_CHANNEL_DETECTION_THRESHOLD_NOT_AVAILABLE,,0.0,0.0,,,0.0,candidate spectral contributions; arithmetic channel mean; all aliases,sum of unchanged b values on specified channels; no normalization,LIBRARY_SHARING_SUPPORT_NOT_VERIFIED_IDENTITY_DIAGNOSTIC
V58_MILD_CAL_R1_K125,216,PE O-16:1_22:2,0.0003499725961376945,0.0003500004709469973,2.7874809302842838e-08,7.964854828869836e-05,0.005286368571113787,0.038593310966688686,PE O-16:1_22:3,0.005219892353158777,0.13525381011048793,"[""PE O-16:1_22:3"", ""PE O-18:1_22:2"", ""PE O-18:0_20:3"", ""PE O-16:0_22:2"", ""PE O-20:2_20:4""]","[0.005219892353158777, 0.0036493053732341643, 0.003508372399360608, 0.003153926018524371, 0.002605510766855337]",PE O-16:1_22:3,"[""PE O-16:1_22:3""]",True,1.5404566511278972e-11,-7.184798761537409e-15,-8.181135263559875e-13,0.6266356388466628,1.5387979860949423,0.018708299520453404,0.00016197567680099426,True,True,frozen synthetic foreground mean NNLS; production labels only for comparison,"raw postfit residual direction, constrained by NNLS KKT; not absorbed signal fraction",True,True,TP,0.010728493408741456,9.265220323001758e-08,0.9720951637864779,0.9641540303604937,PE O-18:2_22:2,PE O-18:2_22:2,8,0.1509433962264151,0.4425195044557345,0.0,30,0,30,,FROZEN_CHANNEL_DETECTION_THRESHOLD_NOT_AVAILABLE,,0.011975091778511499,0.06367473194907791,,,0.0,candidate spectral contributions; arithmetic channel mean; all aliases,sum of unchanged b values on specified channels; no normalization,LIBRARY_SHARING_SUPPORT_NOT_VERIFIED_IDENTITY_DIAGNOSTIC
V58_MILD_CAL_R1_K125,217,PE O-16:1_22:3,0.0003499725961376945,0.0003503759067647579,4.0331062706340775e-07,0.0011524063036990515,0.03149333968858525,0.1314942252119911,PE O-16:0_22:3,0.019995036280445785,0.15206018551809644,"[""PE O-16:0_22:3"", ""PE O-16:1_22:4"", ""PE O-16:1_22:2"", ""PE 16:0_22:3"", ""PE O-18:0_22:2""]","[0.019995036280445785, 0.01555193587853642, 0.010071240479738317, 0.008983925121427993, 0.007076342111695423]",PE O-16:0_22:3,"[""PE O-16:0_22:3""]",True,1.5404566511278972e-11,-5.021697095343424e-15,-1.5554637426020062e-13,0.6976255524924613,1.0531324614327584,0.018718330768654506,0.0005953383630856599,True,True,frozen synthetic foreground mean NNLS; production labels only for comparison,"raw postfit residual direction, constrained by NNLS KKT; not absorbed signal fraction",False,True,FP,0.015007957813399642,1.3405515272793722e-06,0.9789476961909085,0.9782288338228265,PE O-18:2_22:3,PE O-18:2_22:3,8,0.1509433962264151,0.5568644194757192,0.0,30,0,30,,FROZEN_CHANNEL_DETECTION_THRESHOLD_NOT_AVAILABLE,,0.06962955280085098,0.35237780258353407,,,0.0,candidate spectral contributions; arithmetic channel mean; all aliases,sum of unchanged b values on specified channels; no normalization,LIBRARY_SHARING_SUPPORT_NOT_VERIFIED_IDENTITY_DIAGNOSTIC
V58_MILD_CAL_R1_K125,218,PE O-16:1_22:4,0.0003499725961376945,0.0003506648083531454,6.922122154509407e-07,0.0019779040448089547,0.032935135547447605,0.09354265934729597,PE O-16:1_22:3,0.022022224545743117,0.2354244010077343,"[""PE O-16:1_22:3"", ""PE 18:1_22:4"", ""PE 16:1_22:4"", ""PE O-16:0_22:4"", ""PE O-16:0_22:2""]","[0.022022224545743117, 0.00833154475787128, 0.007279076459664607, 0.00561435449728828, 0.005338195838042606]",PE O-16:1_22:3,"[""PE O-16:1_22:3""]",True,1.5404566511278972e-11,-1.862588101436002e-15,-5.148696496138913e-14,0.7746319661306358,1.0420060203774946,0.018726046255233532,0.0006416850207003778,True,True,frozen synthetic foreground mean NNLS; production labels only for comparison,"raw postfit residual direction, constrained by NNLS KKT; not absorbed signal fraction",True,True,TP,0.010725670515515852,2.3008224439347147e-06,0.9808689660911778,0.9790903376245963,PE O-18:3_22:4,PE O-18:3_22:4,15,0.25,0.56674308013649,0.0,37,0,37,,FROZEN_CHANNEL_DETECTION_THRESHOLD_NOT_AVAILABLE,,0.0834947090383936,0.3162399071781862,,,0.0,candidate spectral contributions; arithmetic channel mean; all aliases,sum of unchanged b values on specified channels; no normalization,LIBRARY_SHARING_SUPPORT_NOT_VERIFIED_IDENTITY_DIAGNOSTIC
V58_MILD_CAL_R1_K125,219,PE O-16:1_22:5,0.0003499725961376945,0.0003499996401834779,2.7044045783396545e-08,7.727475237941626e-05,0.0034768719880892687,0.022746066201421493,PE O-16:1_22:3,0.003903241604035823,0.17160073171774615,"[""PE O-16:1_22:3"", ""PE O-16:0_22:2"", ""PE 18:1_22:5"", ""PG 17:0_20:3"", ""PE 20:1_20:2""]","[0.003903241604035823, 0.0019244484679791125, 0.0017171969689456395, 0.0012840098560387009, 0.001055766972977483]",PE O-16:1_22:3,"[""PE O-16:1_22:3""]",True,1.5404566511278972e-11,-6.025341251983255e-15,-7.458742876597841e-13,0.4637192053505291,1.0642995676450142,0.018708277317366174,0.00014860713289140503,True,True,frozen synthetic foreground mean NNLS; production labels only for comparison,"raw postfit residual direction, constrained by NNLS KKT; not absorbed signal fraction",True,True,TP,0.018647120506863863,8.989085445777163e-08,0.9447204529559954,0.9540815844831271,PE O-18:3_22:5,PE O-18:3_22:5,16,0.26229508196721313,0.5002213721050025,0.0,38,0,38,,FROZEN_CHANNEL_DETECTION_THRESHOLD_NOT_AVAILABLE,,0.00921574465659047,0.05080468221994513,,,0.0,candidate spectral contributions; arithmetic channel mean; all aliases,sum of unchanged b values on specified channels; no normalization,LIBRARY_SHARING_SUPPORT_NOT_VERIFIED_IDENTITY_DIAGNOSTIC
V58_MILD_CAL_R1_K125,220,PE O-16:1_24:0,0.0003499725961376945,0.0003501874747366331,2.1487859893862e-07,0.0006139869255365653,0.0014059153563563045,0.039480453304981546,PE O-18:0_22:1,0.002880360610147084,0.07295662458137711,"[""PE O-18:0_22:1"", ""PG 16:0_20:3"", ""PE O-16:0_22:2"", ""PG 20:1_18:3"", ""PA 16:0_24:0""]","[0.002880360610147084, 0.0026437979391717697, 0.0025876323840960253, 0.0024632898659278962, 0.002030757073694562]",PE O-18:0_22:1,"[""PE O-18:0_22:1""]",True,1.5404566511278972e-11,1.2617707488567663e-15,-4.268384929156902e-14,0.12411711798571448,0.9536200598805366,0.018713296736188233,0.0004406039473323252,True,True,frozen synthetic foreground mean NNLS; production labels only for comparison,"raw postfit residual direction, constrained by NNLS KKT; not absorbed signal fraction",False,True,FP,0.002796793075456093,7.142282267242483e-07,0.6635490102196412,0.8182998644473404,PA 24:0_16:1,PA 24:0_16:1,6,0.07792207792207792,0.1285337370755472,0.0,28,0,28,,FROZEN_CHANNEL_DETECTION_THRESHOLD_NOT_AVAILABLE,,0.026987237740321218,0.10381493558223244,,,0.0,candidate spectral contributions; arithmetic channel mean; all aliases,sum of unchanged b values on specified channels; no normalization,LIBRARY_SHARING_SUPPORT_NOT_VERIFIED_IDENTITY_DIAGNOSTIC
V58_MILD_CAL_R1_K125,221,PE O-16:1_24:1,0.0003499725961376945,0.0003587018397333327,8.729243595638199e-06,0.024942648844600065,0.0074233382380162645,0.08933863301712884,PA 24:1_18:2,0.008825770185990043,0.0987900742134603,"[""PA 24:1_18:2"", ""PE O-16:1_22:2"", ""PE O-18:0_22:2"", ""PE O-20:2_20:3"", ""PE O-16:0_22:1""]","[0.008825770185990043, 0.008069168265175945, 0.006768955450845961, 0.0032276686244064115, 0.002878871849047957]",PA 24:1_18:2,"[""PA 24:1_18:2""]",True,1.5404566511278972e-11,1.2379399750503908e-16,0.030783028528792954,0.2428012674650306,0.8773863397651938,0.018939425538630598,0.0026454528930980863,True,True,frozen synthetic foreground mean NNLS; production labels only for comparison,"raw postfit residual direction, constrained by NNLS KKT; not absorbed signal fraction",True,True,TP,0.006053967875714934,2.9014858644664996e-05,0.6708976555148793,0.9368513598429483,PA 18:1_24:1,PA 18:1_24:1,18,0.24,0.13700325378825817,0.0,27,0,27,,FROZEN_CHANNEL_DETECTION_THRESHOLD_NOT_AVAILABLE,,0.10154351606980236,0.9999999998525322,,,0.0,candidate spectral contributions; arithmetic channel mean; all aliases,sum of unchanged b values on specified channels; no normalization,LIBRARY_SHARING_SUPPORT_NOT_VERIFIED_IDENTITY_DIAGNOSTIC
V58_MILD_CAL_R1_K125,222,PE O-16:1_24:4,0.0003499725961376945,0.0003499725961376945,0.0,0.0,0.0,0.0,,0.0,0.0,[],[],,[],False,1.5404566511278972e-11,,,0.0,0.0,0.01870755452050573,9.443403339052787e-17,True,False,frozen synthetic foreground mean NNLS; production labels only for comparison,"raw postfit residual direction, constrained by NNLS KKT; not absorbed signal fraction",False,False,UNREPORTED_NONTRUTH,0.0007666086669781465,,0.9087919438082184,0.9716776177845982,PE 16:0_24:4,PE 16:0_24:4,18,0.2465753424657534,0.11941305605678873,0.0,35,0,35,,FROZEN_CHANNEL_DETECTION_THRESHOLD_NOT_AVAILABLE,,0.0,0.0,,,0.0,candidate spectral contributions; arithmetic channel mean; all aliases,sum of unchanged b values on specified channels; no normalization,LIBRARY_SHARING_SUPPORT_NOT_VERIFIED_IDENTITY_DIAGNOSTIC
V58_MILD_CAL_R1_K125,223,PE O-16:1_24:5,0.0003499725961376945,0.0003499826015104061,1.000537271160203e-08,2.858901752146463e-05,0.002287012179025836,0.01250289668699335,PE 16:0_24:5,0.0023700590646659504,0.1895607972944334,"[""PE 16:0_24:5"", ""PE O-16:0_22:4"", ""PE O-16:1_22:3"", ""PE 18:0_20:4"", ""PE 20:1_20:2""]","[0.0023700590646659504, 0.0014936290069816754, 0.0013702203890250814, 0.0009131519080246842, 0.0008076925415450107]",PE 16:0_24:5,"[""PE 16:0_24:5""]",True,1.5404566511278972e-11,5.149799252738792e-16,0.007777753513150323,0.5382346418691198,1.0010886024014753,0.018707821933897226,8.327749905130699e-05,True,True,frozen synthetic foreground mean NNLS; production labels only for comparison,"raw postfit residual direction, constrained by NNLS KKT; not absorbed signal fraction",False,False,UNREPORTED_NONTRUTH,0.00039867229918862313,,0.9300862044228929,0.9865358863091525,PE 16:0_24:5,PE 16:0_24:5,19,0.25333333333333335,0.12638147646768155,0.0,36,0,36,,FROZEN_CHANNEL_DETECTION_THRESHOLD_NOT_AVAILABLE,,0.06530284526542161,0.6450830991900212,,,0.0,candidate spectral contributions; arithmetic channel mean; all aliases,sum of unchanged b values on specified channels; no normalization,LIBRARY_SHARING_SUPPORT_NOT_VERIFIED_IDENTITY_DIAGNOSTIC
V58_MILD_CAL_R1_K125,224,PE O-16:1_24:6,0.0003499725961376945,0.0003499744008025344,1.8046648399294186e-09,5.156588986363937e-06,4.485565143493121e-05,0.0007124339177465037,PE O-16:1_22:3,0.00015277860895341472,0.21444600675698033,"[""PE O-16:1_22:3"", ""PE O-16:0_22:2"", ""PE O-18:0_20:3"", ""PE O-18:2_22:5"", ""PE 20:2_20:2""]","[0.00015277860895341472, 0.00013363946748315599, 6.725252080709045e-05, 5.7857939238913775e-05, 2.2826686058458404e-05]",PE O-16:1_22:3,"[""PE O-16:1_22:3""]",True,1.5404566511278972e-11,-2.856550006055226e-15,-1.2140718861580462e-12,0.03740406586820889,0.21969624549354083,0.018707602754028493,4.2481346965303055e-05,True,True,frozen synthetic foreground mean NNLS; production labels only for comparison,"raw postfit residual direction, constrained by NNLS KKT; not absorbed signal fraction",False,False,UNREPORTED_NONTRUTH,1.914948162385636e-05,,0.886774700560749,0.9877203620867723,PE 16:0_24:6,PE 16:0_24:6,22,0.27848101265822783,0.2180177760610034,0.0,39,0,39,,FROZEN_CHANNEL_DETECTION_THRESHOLD_NOT_AVAILABLE,,0.06235209639803793,0.999999975076478,,,0.0,candidate spectral contributions; arithmetic channel mean; all aliases,sum of unchanged b values on specified channels; no normalization,LIBRARY_SHARING_SUPPORT_NOT_VERIFIED_IDENTITY_DIAGNOSTIC
V58_MILD_CAL_R1_K125,225,PE O-18:0_20:1,0.0003499725961376945,0.00034998395835792465,1.1362220230166139e-08,3.246602826362358e-05,0.002014086094502256,0.016253502336638206,PE O-18:0_22:2,0.0016580394636605336,0.10201121144339548,"[""PE O-18:0_22:2"", ""PE O-16:1_22:0"", ""PE O-18:1_20:1"", ""PE O-20:0_20:2"", ""PG 20:1_18:3""]","[0.0016580394636605336, 0.0013447444319003837, 0.0012465494691607758, 0.0010519619953655059, 0.0009795746521452597]",PE O-18:0_22:2,"[""PE O-18:0_22:2""]",True,1.5404566511278972e-11,-2.207699356532535e-16,5.214506305106081e-13,0.4641237105838676,1.0947530972982658,0.018707858198038718,0.00010659371571596914,True,True,frozen synthetic foreground mean NNLS; production labels only for comparison,"raw postfit residual direction, constrained by NNLS KKT; not absorbed signal fraction",False,True,FP,0.003984088124649258,3.776652699052412e-08,0.903772911305544,0.7818984658803916,PE 17:0_20:1,PE 17:0_20:1,18,0.2465753424657534,0.23958457585168547,0.0,27,0,27,,FROZEN_CHANNEL_DETECTION_THRESHOLD_NOT_AVAILABLE,,0.01726759078797127,0.041202923708237485,,,0.0,candidate spectral contributions; arithmetic channel mean; all aliases,sum of unchanged b values on specified channels; no normalization,LIBRARY_SHARING_SUPPORT_NOT_VERIFIED_IDENTITY_DIAGNOSTIC
V58_MILD_CAL_R1_K125,226,PE O-18:0_20:2,0.0003499725961376945,0.0003499725961376945,0.0,0.0,0.0,0.0,,0.0,0.0,[],[],,[],False,1.5404566511278972e-11,,,0.0,0.0,0.01870755452050573,9.443403339052787e-17,True,False,frozen synthetic foreground mean NNLS; production labels only for comparison,"raw postfit residual direction, constrained by NNLS KKT; not absorbed signal fraction",False,True,FP,0.006738126403478536,0.0,0.9501374572146646,0.8680733862074462,PE 20:2_20:2,PE 20:2_20:2,10,0.2222222222222222,0.36556808876999997,0.0,26,0,26,,FROZEN_CHANNEL_DETECTION_THRESHOLD_NOT_AVAILABLE,,0.0,0.0,,,0.0,candidate spectral contributions; arithmetic channel mean; all aliases,sum of unchanged b values on specified channels; no normalization,LIBRARY_SHARING_SUPPORT_NOT_VERIFIED_IDENTITY_DIAGNOSTIC
V58_MILD_CAL_R1_K125,227,PE O-18:0_20:3,0.0003499725961376945,0.00035011194467333414,1.3934853563965987e-07,0.00039816984752333073,0.01102233958495903,0.08656239190892942,PE O-16:0_22:3,0.015057462785749272,0.1739492457812046,"[""PE O-16:0_22:3"", ""PE O-18:0_22:2"", ""PE O-16:1_22:2"", ""PE O-16:1_22:4"", ""PG 17:0_20:3""]","[0.015057462785749272, 0.008706440573712747, 0.0066254796989208805, 0.006616769924706237, 0.005321814827248573]",PE O-16:0_22:3,"[""PE O-16:0_22:3""]",True,1.5404566511278972e-11,-6.159152004133324e-15,-3.3971410728349066e-13,0.395072323805284,1.050022679708686,0.018711278541920492,0.0003351375942570113,True,True,frozen synthetic foreground mean NNLS; production labels only for comparison,"raw postfit residual direction, constrained by NNLS KKT; not absorbed signal fraction",False,True,FP,0.003445655269983989,4.6317622135604945e-07,0.952285896033934,0.8896130173283325,PE 20:3_20:3,PE 20:3_20:3,10,0.2222222222222222,0.423248933614205,0.0,26,0,26,,FROZEN_CHANNEL_DETECTION_THRESHOLD_NOT_AVAILABLE,,0.08388585045076605,0.17426384599164435,,,0.0,candidate spectral contributions; arithmetic channel mean; all aliases,sum of unchanged b values on specified channels; no normalization,LIBRARY_SHARING_SUPPORT_NOT_VERIFIED_IDENTITY_DIAGNOSTIC
V58_MILD_CAL_R1_K125,228,PE O-18:0_20:4,0.0003499725961376945,0.00034998433422174974,1.1738084055256098e-08,3.35400089928693e-05,0.002177375604946934,0.024582917108758363,PE O-16:0_22:4,0.005920443295911711,0.2408356693177617,"[""PE O-16:0_22:4"", ""PE O-16:1_22:3"", ""PG 16:0_20:3"", ""PE O-18:0_20:3"", ""PE O-18:1_22:2""]","[0.005920443295911711, 0.0037325597424278725, 0.002813707029032428, 0.001351503249835349, 0.0011195948411605317]",PE O-16:0_22:4,"[""PE O-16:0_22:4""]",True,1.5404566511278972e-11,1.081753993087249e-15,7.173586847434333e-13,0.2703138987063901,1.1257111344249757,0.018707868243649506,9.636971508710509e-05,True,True,frozen synthetic foreground mean NNLS; production labels only for comparison,"raw postfit residual direction, constrained by NNLS KKT; not absorbed signal fraction",False,True,FP,0.001644157318203218,3.901584895451474e-08,0.8590747896330422,0.8017422982702199,PE 20:4_20:4,PE 20:4_20:4,21,0.3559322033898305,0.5423877194444738,0.0,37,0,37,,FROZEN_CHANNEL_DETECTION_THRESHOLD_NOT_AVAILABLE,,0.014442995402866882,0.04249891336974724,,,0.0,candidate spectral contributions; arithmetic channel mean; all aliases,sum of unchanged b values on specified channels; no normalization,LIBRARY_SHARING_SUPPORT_NOT_VERIFIED_IDENTITY_DIAGNOSTIC
V58_MILD_CAL_R1_K125,229,PE O-18:0_20:5,0.0003499725961376945,0.0003499725961376945,0.0,0.0,0.0,0.0,,0.0,0.0,[],[],,[],False,1.5404566511278972e-11,,,0.0,0.0,0.01870755452050573,9.443403339052787e-17,True,False,frozen synthetic foreground mean NNLS; production labels only for comparison,"raw postfit residual direction, constrained by NNLS KKT; not absorbed signal fraction",False,False,UNREPORTED_NONTRUTH,0.0009441603653216068,,0.560461411984244,0.6384278372370842,PE 20:0_20:5,PE O-18:1_20:5,27,0.54,0.49809242426365524,0.0,35,0,35,,FROZEN_CHANNEL_DETECTION_THRESHOLD_NOT_AVAILABLE,,0.0,0.0,,,0.0,candidate spectral contributions; arithmetic channel mean; all aliases,sum of unchanged b values on specified channels; no normalization,LIBRARY_SHARING_SUPPORT_NOT_VERIFIED_IDENTITY_DIAGNOSTIC
V58_MILD_CAL_R1_K125,230,PE O-18:0_22:1,0.0003499725961376945,0.0003570897326612899,7.117136523595441e-06,0.02033626798727687,0.024649881176746633,0.1603575189488022,PE O-16:0_22:1,0.022916525861688904,0.14290895750802068,"[""PE O-16:0_22:1"", ""PE O-18:0_22:2"", ""PA 18:0_22:0"", ""PG 14:0_22:3"", ""PA 20:0_20:1""]","[0.022916525861688904, 0.01881775386002365, 0.016742109834669713, 0.008020899506203605, 0.007989476710656498]",PE O-16:0_22:1,"[""PE O-16:0_22:1""]",True,1.5404566511278972e-11,2.895865560777935e-15,5.407562136438141e-15,0.5757511541317482,1.160890747629293,0.018896818056521845,0.002589844514742353,True,True,frozen synthetic foreground mean NNLS; production labels only for comparison,"raw postfit residual direction, constrained by NNLS KKT; not absorbed signal fraction",True,True,TP,0.018002588395591743,2.365642657630528e-05,0.973077650010414,0.9589355710014856,PE O-18:1_22:1,PE O-18:1_22:1,15,0.39473684210526316,0.1447775798262765,0.0,23,0,23,,FROZEN_CHANNEL_DETECTION_THRESHOLD_NOT_AVAILABLE,,0.23835320887899505,0.4207003452783369,,,0.0,candidate spectral contributions; arithmetic channel mean; all aliases,sum of unchanged b values on specified channels; no normalization,LIBRARY_SHARING_SUPPORT_NOT_VERIFIED_IDENTITY_DIAGNOSTIC
V58_MILD_CAL_R1_K125,231,PE O-18:0_22:2,0.0003499725961376945,0.00035018719004370014,2.1459390600565495e-07,0.0006131734534667706,0.0169593743788668,0.09148067534815038,PE O-16:0_22:2,0.01467298844637697,0.16039440450537998,"[""PE O-16:0_22:2"", ""PE O-18:0_20:3"", ""PE O-16:1_22:3"", ""PG 14:0_22:3"", ""PE O-18:1_22:2""]","[0.01467298844637697, 0.007996077287070405, 0.00789591368067203, 0.007767613174658208, 0.007370338558995465]",PE O-16:0_22:2,"[""PE O-16:0_22:2""]",True,1.5404566511278972e-11,8.576568326745324e-16,1.7024166196604137e-13,0.7306330193743963,1.3776678448852226,0.018713289129484962,0.00043888406473317,True,True,frozen synthetic foreground mean NNLS; production labels only for comparison,"raw postfit residual direction, constrained by NNLS KKT; not absorbed signal fraction",True,True,TP,0.01740909452033673,7.132819448251793e-07,0.9674555952015699,0.9470044196735385,PE O-18:2_22:2,PE O-18:2_22:2,10,0.2222222222222222,0.3444909850117868,0.0,24,0,24,,FROZEN_CHANNEL_DETECTION_THRESHOLD_NOT_AVAILABLE,,0.13288859598835287,0.2732181171417469,,,0.0,candidate spectral contributions; arithmetic channel mean; all aliases,sum of unchanged b values on specified channels; no normalization,LIBRARY_SHARING_SUPPORT_NOT_VERIFIED_IDENTITY_DIAGNOSTIC
V58_MILD_CAL_R1_K125,232,PE O-18:0_22:3,0.0003499725961376945,0.0003499725961376945,0.0,0.0,0.0,0.0,,0.0,0.0,[],[],,[],False,1.5404566511278972e-11,,,0.0,0.0,0.01870755452050573,9.443403339052787e-17,True,False,frozen synthetic foreground mean NNLS; production labels only for comparison,"raw postfit residual direction, constrained by NNLS KKT; not absorbed signal fraction",False,False,UNREPORTED_NONTRUTH,4.4386624098144816e-07,,0.9529791163920968,0.9173419292565764,PE O-18:2_22:3,PE O-18:2_22:3,10,0.2222222222222222,0.45883590003177155,0.0,24,0,24,,FROZEN_CHANNEL_DETECTION_THRESHOLD_NOT_AVAILABLE,,0.0,0.0,,,0.0,candidate spectral contributions; arithmetic channel mean; all aliases,sum of unchanged b values on specified channels; no normalization,LIBRARY_SHARING_SUPPORT_NOT_VERIFIED_IDENTITY_DIAGNOSTIC
V58_MILD_CAL_R1_K125,233,PE O-18:0_22:4,0.0003499725961376945,0.0003499725961376945,0.0,0.0,0.0,0.0,,0.0,0.0,[],[],,[],False,1.5404566511278972e-11,,,0.0,0.0,0.01870755452050573,9.443403339052787e-17,True,False,frozen synthetic foreground mean NNLS; production labels only for comparison,"raw postfit residual direction, constrained by NNLS KKT; not absorbed signal fraction",False,False,UNREPORTED_NONTRUTH,1.6211301721299633e-07,,0.9315389761913561,0.9033802467294625,PE O-16:1_22:4,PE O-16:1_22:4,15,0.2830188679245283,0.46871456069254247,0.0,31,0,31,,FROZEN_CHANNEL_DETECTION_THRESHOLD_NOT_AVAILABLE,,0.0,0.0,,,0.0,candidate spectral contributions; arithmetic channel mean; all aliases,sum of unchanged b values on specified channels; no normalization,LIBRARY_SHARING_SUPPORT_NOT_VERIFIED_IDENTITY_DIAGNOSTIC
V58_MILD_CAL_R1_K125,234,PE O-18:0_22:5,0.0003499725961376945,0.00035032824551432486,3.5564937663038225e-07,0.0010162206399561458,0.002852681746856475,0.0561282270766532,PE O-18:1_22:4,0.009361118914819418,0.16678094787972447,"[""PE O-18:1_22:4"", ""PE O-16:0_22:2"", ""PE O-16:1_22:2"", ""PE O-20:2_20:3"", ""PE 20:1_20:2""]","[0.009361118914819418, 0.005586886991896916, 0.0044274341242111085, 0.003997601424599781, 0.002621009472212995]",PE O-18:1_22:4,"[""PE O-18:1_22:4""]",True,1.5404566511278972e-11,-1.0417608821192405e-15,0.037598613217617385,0.235080878712431,1.6198270598452915,0.01871705760835086,0.0003372104913142995,True,True,frozen synthetic foreground mean NNLS; production labels only for comparison,"raw postfit residual direction, constrained by NNLS KKT; not absorbed signal fraction",False,False,UNREPORTED_NONTRUTH,0.0007887499854807598,,0.8503791606877305,0.8695914102370766,PE O-16:1_22:5,PE O-16:1_22:5,16,0.2962962962962963,0.40219285266105487,0.0,32,0,32,,FROZEN_CHANNEL_DETECTION_THRESHOLD_NOT_AVAILABLE,,0.03197268891107041,0.09055330515989315,,,0.0,candidate spectral contributions; arithmetic channel mean; all aliases,sum of unchanged b values on specified channels; no normalization,LIBRARY_SHARING_SUPPORT_NOT_VERIFIED_IDENTITY_DIAGNOSTIC
V58_MILD_CAL_R1_K125,235,PE O-18:0_22:6,0.0003499725961376945,0.0003499725961376945,0.0,0.0,0.0,0.0,,0.0,0.0,[],[],,[],False,1.5404566511278972e-11,,,0.0,0.0,0.01870755452050573,9.443403339052787e-17,True,False,frozen synthetic foreground mean NNLS; production labels only for comparison,"raw postfit residual direction, constrained by NNLS KKT; not absorbed signal fraction",False,True,FP,0.004076876008985885,0.0,0.6568414227932775,0.7574490004349308,PE O-18:3_22:6,PE O-18:3_22:6,19,0.3275862068965517,0.5819829016542194,0.0,35,0,35,,FROZEN_CHANNEL_DETECTION_THRESHOLD_NOT_AVAILABLE,,0.0,0.0,,,0.0,candidate spectral contributions; arithmetic channel mean; all aliases,sum of unchanged b values on specified channels; no normalization,LIBRARY_SHARING_SUPPORT_NOT_VERIFIED_IDENTITY_DIAGNOSTIC
V58_MILD_CAL_R1_K125,236,PE O-18:1_20:1,0.0003499725961376945,0.0003510892571688104,1.1166610311159203e-06,0.003190709902000062,0.02081772641290321,0.1436203917433836,PE O-16:0_22:2,0.0167119908822942,0.11636224271020161,"[""PE O-16:0_22:2"", ""PE O-18:0_20:1"", ""PE O-20:0_18:2"", ""PE O-16:1_22:1"", ""PE O-18:1_20:2""]","[0.0167119908822942, 0.01181820292010136, 0.01053984785188522, 0.008651177243156163, 0.008413920489832983]",PE O-16:0_22:2,"[""PE O-16:0_22:2""]",True,1.5404566511278972e-11,4.09525906901842e-15,2.1500439215374885e-13,0.53502244253888,1.0970233083403729,0.018737375941385453,0.0006296241533774188,True,True,frozen synthetic foreground mean NNLS; production labels only for comparison,"raw postfit residual direction, constrained by NNLS KKT; not absorbed signal fraction",True,True,TP,0.0011845227673366345,3.711634532459841e-06,0.8646103188311439,0.689062606925009,PE O-18:0_20:1,PE O-18:0_20:1,19,0.4523809523809524,0.3055163674720488,0.0,34,0,34,,FROZEN_CHANNEL_DETECTION_THRESHOLD_NOT_AVAILABLE,,0.040078691741123045,0.18300253885370066,,,0.0,candidate spectral contributions; arithmetic channel mean; all aliases,sum of unchanged b values on specified channels; no normalization,LIBRARY_SHARING_SUPPORT_NOT_VERIFIED_IDENTITY_DIAGNOSTIC
V58_MILD_CAL_R1_K125,237,PE O-18:1_20:2,0.0003499725961376945,0.0003499725961376945,0.0,0.0,0.0,0.0,,0.0,0.0,[],[],,[],False,1.5404566511278972e-11,,,0.0,0.0,0.01870755452050573,9.443403339052787e-17,True,False,frozen synthetic foreground mean NNLS; production labels only for comparison,"raw postfit residual direction, constrained by NNLS KKT; not absorbed signal fraction",False,True,FP,0.003115407946990679,0.0,0.9580837489867586,0.8962075847872444,PE 20:2_20:2,PE 20:2_20:2,10,0.19230769230769232,0.43149988039036324,0.0,33,0,33,,FROZEN_CHANNEL_DETECTION_THRESHOLD_NOT_AVAILABLE,,0.0,0.0,,,0.0,candidate spectral contributions; arithmetic channel mean; all aliases,sum of unchanged b values on specified channels; no normalization,LIBRARY_SHARING_SUPPORT_NOT_VERIFIED_IDENTITY_DIAGNOSTIC
V58_MILD_CAL_R1_K125,238,PE O-18:1_20:3,0.0003499725961376945,0.0003499725961376945,0.0,0.0,0.0,0.0,,0.0,0.0,[],[],,[],False,1.5404566511278972e-11,,,0.0,0.0,0.01870755452050573,9.443403339052787e-17,True,False,frozen synthetic foreground mean NNLS; production labels only for comparison,"raw postfit residual direction, constrained by NNLS KKT; not absorbed signal fraction",False,True,FP,0.002735066419193475,0.0,0.9764529162651795,0.9556481327629363,PE 20:3_20:3,PE 20:3_20:3,10,0.19230769230769232,0.4891807252345683,0.0,33,0,33,,FROZEN_CHANNEL_DETECTION_THRESHOLD_NOT_AVAILABLE,,0.0,0.0,,,0.0,candidate spectral contributions; arithmetic channel mean; all aliases,sum of unchanged b values on specified channels; no normalization,LIBRARY_SHARING_SUPPORT_NOT_VERIFIED_IDENTITY_DIAGNOSTIC
V58_MILD_CAL_R1_K125,239,PE O-18:1_20:4,0.0003499725961376945,0.00035049627321410434,5.23677076409853e-07,0.0014963373723909463,0.014084642558537235,0.11394459851231965,PE O-18:1_22:2,0.014616315616290086,0.12827563400981662,"[""PE O-18:1_22:2"", ""PE O-16:0_22:5"", ""PE 18:1_22:4"", ""PE O-16:1_22:4"", ""PE 18:2_20:4""]","[0.014616315616290086, 0.011078635442418003, 0.008169709391887324, 0.0069426674779079905, 0.006424611542245395]",PE O-18:1_22:2,"[""PE O-18:1_22:2""]",True,1.5404566511278972e-11,-3.881136187955591e-15,-1.6952251924534036e-14,0.5382388812405555,1.450421969691337,0.018721545695110333,0.000443042137247758,True,True,frozen synthetic foreground mean NNLS; production labels only for comparison,"raw postfit residual direction, constrained by NNLS KKT; not absorbed signal fraction",True,True,TP,0.009751124952343043,1.7406337881408617e-06,0.9453508524122247,0.9084157675427742,PE 20:4_20:4,PE 20:4_20:4,21,0.3181818181818182,0.6083195110648374,0.0,44,0,44,,FROZEN_CHANNEL_DETECTION_THRESHOLD_NOT_AVAILABLE,,0.02995828254319647,0.15064890667465486,,,0.0,candidate spectral contributions; arithmetic channel mean; all aliases,sum of unchanged b values on specified channels; no normalization,LIBRARY_SHARING_SUPPORT_NOT_VERIFIED_IDENTITY_DIAGNOSTIC
V58_MILD_CAL_R1_K125,240,PE O-18:1_20:5,0.0003499725961376945,0.0003499725961376945,0.0,0.0,0.0,0.0,,0.0,0.0,[],[],,[],False,1.5404566511278972e-11,,,0.0,0.0,0.01870755452050573,9.443403339052787e-17,True,False,frozen synthetic foreground mean NNLS; production labels only for comparison,"raw postfit residual direction, constrained by NNLS KKT; not absorbed signal fraction",False,True,FP,0.001587974670036881,0.0,0.6612863222653416,0.613559711627466,PE O-16:0_22:6,PE 20:0_20:5,19,0.20212765957446807,0.5640242158840185,0.0,42,0,42,,FROZEN_CHANNEL_DETECTION_THRESHOLD_NOT_AVAILABLE,,0.0,0.0,,,0.0,candidate spectral contributions; arithmetic channel mean; all aliases,sum of unchanged b values on specified channels; no normalization,LIBRARY_SHARING_SUPPORT_NOT_VERIFIED_IDENTITY_DIAGNOSTIC
V58_MILD_CAL_R1_K125,241,PE O-18:1_22:1,0.0003499725961376945,0.0003499725961376945,0.0,0.0,0.0,0.0,,0.0,0.0,[],[],,[],False,1.5404566511278972e-11,,,0.0,0.0,0.01870755452050573,9.443403339052787e-17,True,False,frozen synthetic foreground mean NNLS; production labels only for comparison,"raw postfit residual direction, constrained by NNLS KKT; not absorbed signal fraction",True,True,TP,0.013487519031104173,0.0,0.973077650010414,0.9589355710014856,PE O-18:0_22:1,PE O-18:0_22:1,15,0.39473684210526316,0.2107093714466399,0.0,30,0,30,,FROZEN_CHANNEL_DETECTION_THRESHOLD_NOT_AVAILABLE,,0.0,0.0,,,0.0,candidate spectral contributions; arithmetic channel mean; all aliases,sum of unchanged b values on specified channels; no normalization,LIBRARY_SHARING_SUPPORT_NOT_VERIFIED_IDENTITY_DIAGNOSTIC
V58_MILD_CAL_R1_K125,242,PE O-18:1_22:2,0.0003499725961376945,0.00035135887733096923,1.38628119327475e-06,0.003961113540353351,0.05474248615572904,0.16720401378980299,PE O-18:1_22:3,0.03366596127117974,0.20134660949766942,"[""PE O-18:1_22:3"", ""PE O-16:1_22:2"", ""PE O-16:0_22:2"", ""PE O-18:1_20:3"", ""PG 14:0_22:3""]","[0.03366596127117974, 0.024415530148097466, 0.019294157863609912, 0.01090329059694283, 0.008483025873845713]",PE O-18:1_22:3,"[""PE O-18:1_22:3""]",True,1.5404566511278972e-11,-4.117933463489415e-15,0.015265388307350596,0.7867688961176876,1.0331853232288788,0.01874456927568541,0.0006033572721005626,True,True,frozen synthetic foreground mean NNLS; production labels only for comparison,"raw postfit residual direction, constrained by NNLS KKT; not absorbed signal fraction",True,True,TP,0.03050011595234316,4.6078165220098575e-06,0.9852489893575547,0.9849697877800343,PE O-18:2_22:2,PE O-18:2_22:2,19,0.4418604651162791,0.4104227766321501,0.0,31,0,31,,FROZEN_CHANNEL_DETECTION_THRESHOLD_NOT_AVAILABLE,,0.08634052899778305,0.3905803087037291,,,0.0,candidate spectral contributions; arithmetic channel mean; all aliases,sum of unchanged b values on specified channels; no normalization,LIBRARY_SHARING_SUPPORT_NOT_VERIFIED_IDENTITY_DIAGNOSTIC
V58_MILD_CAL_R1_K125,243,PE O-18:1_22:3,0.0003499725961376945,0.0003499725961376945,0.0,0.0,0.0,0.0,,0.0,0.0,[],[],,[],False,1.5404566511278972e-11,,,0.0,0.0,0.01870755452050573,9.443403339052787e-17,True,False,frozen synthetic foreground mean NNLS; production labels only for comparison,"raw postfit residual direction, constrained by NNLS KKT; not absorbed signal fraction",True,True,TP,0.011873865276837564,0.0,0.9842426521099875,0.982858420497364,PE O-18:2_22:3,PE O-18:2_22:3,19,0.4418604651162791,0.524767691652135,0.0,31,0,31,,FROZEN_CHANNEL_DETECTION_THRESHOLD_NOT_AVAILABLE,,0.0,0.0,,,0.0,candidate spectral contributions; arithmetic channel mean; all aliases,sum of unchanged b values on specified channels; no normalization,LIBRARY_SHARING_SUPPORT_NOT_VERIFIED_IDENTITY_DIAGNOSTIC
V58_MILD_CAL_R1_K125,244,PE O-18:1_22:4,0.0003499725961376945,0.0003499725961376945,0.0,0.0,0.0,0.0,,0.0,0.0,[],[],,[],False,1.5404566511278972e-11,,,0.0,0.0,0.01870755452050573,9.443403339052787e-17,True,False,frozen synthetic foreground mean NNLS; production labels only for comparison,"raw postfit residual direction, constrained by NNLS KKT; not absorbed signal fraction",True,True,TP,0.010173028491792873,0.0,0.9761218381725485,0.9742373479338999,PE O-16:1_22:4,PE O-16:1_22:4,15,0.25,0.5346463523129058,0.0,38,0,38,,FROZEN_CHANNEL_DETECTION_THRESHOLD_NOT_AVAILABLE,,0.0,0.0,,,0.0,candidate spectral contributions; arithmetic channel mean; all aliases,sum of unchanged b values on specified channels; no normalization,LIBRARY_SHARING_SUPPORT_NOT_VERIFIED_IDENTITY_DIAGNOSTIC
V58_MILD_CAL_R1_K125,245,PE O-18:1_22:5,0.0003499725961376945,0.0003558100754792387,5.837479341544232e-06,0.01667981833231221,0.02129265397420714,0.15520114419312137,PE O-18:2_22:4,0.016364983556556023,0.10544370430727719,"[""PE O-18:2_22:4"", ""PE O-18:1_20:3"", ""PE O-20:2_20:4"", ""PE O-18:1_22:2"", ""PG 18:2_20:2""]","[0.016364983556556023, 0.016255932040097513, 0.014953791779191797, 0.013479995337722296, 0.007768231664395317]",PE O-18:2_22:4,"[""PE O-18:2_22:4""]",True,1.5404566511278972e-11,-5.658882258121199e-15,0.00829256663536287,0.45243783322782716,1.0409789774609914,0.018862928602930103,0.002158696125016217,True,True,frozen synthetic foreground mean NNLS; production labels only for comparison,"raw postfit residual direction, constrained by NNLS KKT; not absorbed signal fraction",True,True,TP,0.010265702635131003,1.9403014256663548e-05,0.909310064925551,0.9248301596009646,PE O-16:1_22:5,PE O-16:1_22:5,16,0.26229508196721313,0.46812464428141815,0.0,39,0,39,,FROZEN_CHANNEL_DETECTION_THRESHOLD_NOT_AVAILABLE,,0.05970220161383161,0.28338642735514447,,,0.0,candidate spectral contributions; arithmetic channel mean; all aliases,sum of unchanged b values on specified channels; no normalization,LIBRARY_SHARING_SUPPORT_NOT_VERIFIED_IDENTITY_DIAGNOSTIC
V58_MILD_CAL_R1_K125,246,PE O-18:1_22:6,0.0003499725961376945,0.0003499725961376945,0.0,0.0,0.0,0.0,,0.0,0.0,[],[],,[],False,1.5404566511278972e-11,,,0.0,0.0,0.01870755452050573,9.443403339052787e-17,True,False,frozen synthetic foreground mean NNLS; production labels only for comparison,"raw postfit residual direction, constrained by NNLS KKT; not absorbed signal fraction",True,True,TP,0.0070902271619404855,0.0,0.7441668206459111,0.8110852190859869,PE O-18:3_22:6,PE O-18:3_22:6,22,0.3548387096774194,0.6479146932745828,0.0,42,0,42,,FROZEN_CHANNEL_DETECTION_THRESHOLD_NOT_AVAILABLE,,0.0,0.0,,,0.0,candidate spectral contributions; arithmetic channel mean; all aliases,sum of unchanged b values on specified channels; no normalization,LIBRARY_SHARING_SUPPORT_NOT_VERIFIED_IDENTITY_DIAGNOSTIC
V58_MILD_CAL_R1_K125,247,PE O-20:0_18:2,0.0003499725961376945,0.00035152425429280104,1.5516581551065583e-06,0.0044336561427867115,0.01627549020417456,0.16217440177765116,PE O-16:0_22:2,0.019227657094635434,0.11856160333416187,"[""PE O-16:0_22:2"", ""PG 18:2_18:2"", ""PE O-18:1_20:1"", ""PE O-20:0_20:2"", ""PG 16:0_22:4""]","[0.019227657094635434, 0.015439262932809809, 0.012180220690118784, 0.010174166879613509, 0.009403225330536323]",PE O-16:0_22:2,"[""PE O-16:0_22:2""]",True,1.5404566511278972e-11,5.280713226818479e-15,1.533053265561945e-13,0.4457433422065955,1.3263225392830453,0.018748980086735412,0.0010283219404841571,True,True,frozen synthetic foreground mean NNLS; production labels only for comparison,"raw postfit residual direction, constrained by NNLS KKT; not absorbed signal fraction",True,True,TP,0.025909930560586637,5.157507811758715e-06,0.823634798081202,0.7314471289136893,PE O-20:1_18:2,PE O-20:1_18:2,20,0.47619047619047616,0.482238752539478,0.0,29,0,29,,FROZEN_CHANNEL_DETECTION_THRESHOLD_NOT_AVAILABLE,,0.25038270602603735,0.6485579517202952,,,0.0,candidate spectral contributions; arithmetic channel mean; all aliases,sum of unchanged b values on specified channels; no normalization,LIBRARY_SHARING_SUPPORT_NOT_VERIFIED_IDENTITY_DIAGNOSTIC
V58_MILD_CAL_R1_K125,248,PE O-20:1_18:2,0.0003499725961376945,0.00035006638620344277,9.37900657482847e-08,0.00026799259860732353,0.0027225517492379635,0.02686614628974385,PE O-16:1_22:2,0.003485100474491273,0.12972089248587132,"[""PE O-16:1_22:2"", ""PE O-16:0_22:3"", ""PG 17:1_20:2"", ""PG 17:0_20:2"", ""PE O-20:0_18:2""]","[0.003485100474491273, 0.0030516419512612285, 0.002359818125132149, 0.0021787907106816766, 0.0015923852529954909]",PE O-16:1_22:2,"[""PE O-16:1_22:2""]",True,1.5404566511278972e-11,-3.819196160135035e-15,-5.4399834194672045e-14,0.3513411566457585,1.1111321219733243,0.018710061095663016,0.00020456336112507236,True,True,frozen synthetic foreground mean NNLS; production labels only for comparison,"raw postfit residual direction, constrained by NNLS KKT; not absorbed signal fraction",False,True,FP,0.002221666450955112,3.117458540529789e-07,0.823634798081202,0.7314471289136893,PE O-20:0_18:2,PE O-20:0_18:2,20,0.47619047619047616,0.4898039482436132,0.0,33,0,33,,FROZEN_CHANNEL_DETECTION_THRESHOLD_NOT_AVAILABLE,,0.08532435871731148,0.8578869849113242,,,0.0,candidate spectral contributions; arithmetic channel mean; all aliases,sum of unchanged b values on specified channels; no normalization,LIBRARY_SHARING_SUPPORT_NOT_VERIFIED_IDENTITY_DIAGNOSTIC
V58_MILD_CAL_R1_K125,249,PE O-18:2_20:2,0.0003499725961376945,0.0003499725961376945,0.0,0.0,0.0,0.0,,0.0,0.0,[],[],,[],False,1.5404566511278972e-11,,,0.0,0.0,0.01870755452050573,9.443403339052787e-17,True,False,frozen synthetic foreground mean NNLS; production labels only for comparison,"raw postfit residual direction, constrained by NNLS KKT; not absorbed signal fraction",True,True,TP,0.006151810644481442,0.0,0.9751699462778021,0.9440649910182647,PE 20:2_20:2,PE 20:2_20:2,10,0.19230769230769232,0.5338413177614455,0.0,33,0,33,,FROZEN_CHANNEL_DETECTION_THRESHOLD_NOT_AVAILABLE,,0.0,0.0,,,0.0,candidate spectral contributions; arithmetic channel mean; all aliases,sum of unchanged b values on specified channels; no normalization,LIBRARY_SHARING_SUPPORT_NOT_VERIFIED_IDENTITY_DIAGNOSTIC
V58_MILD_CAL_R1_K125,250,PE O-18:2_20:3,0.0003499725961376945,0.0003502455581508797,2.729620131852045e-07,0.0007799525317629636,0.012313302004571924,0.06900489919361903,PE O-16:0_22:2,0.010504380959276706,0.1522265966891787,"[""PE O-16:0_22:2"", ""PG 16:0_20:3"", ""PE O-16:1_22:3"", ""PE O-18:2_22:3"", ""PE O-18:0_20:3""]","[0.010504380959276706, 0.005771561817344489, 0.005687511593670265, 0.005486548356003958, 0.005097621051431649]",PE O-16:0_22:2,"[""PE O-16:0_22:2""]",True,1.5404566511278972e-11,3.107502302740422e-15,2.963310639719286e-13,0.5314487223831261,1.0428645967429822,0.01871484860080037,0.00039404900463606464,True,True,frozen synthetic foreground mean NNLS; production labels only for comparison,"raw postfit residual direction, constrained by NNLS KKT; not absorbed signal fraction",False,True,FP,0.00242452206368063,9.072898632226733e-07,0.9807094402918834,0.9687521053802138,PE 20:3_20:3,PE 20:3_20:3,10,0.19230769230769232,0.5915221626056505,0.0,33,0,33,,FROZEN_CHANNEL_DETECTION_THRESHOLD_NOT_AVAILABLE,,0.02273330542341018,0.09457848115813024,,,0.0,candidate spectral contributions; arithmetic channel mean; all aliases,sum of unchanged b values on specified channels; no normalization,LIBRARY_SHARING_SUPPORT_NOT_VERIFIED_IDENTITY_DIAGNOSTIC
V58_MILD_CAL_R1_K125,251,PE O-18:2_20:4,0.0003499725961376945,0.00035227680584974403,2.3042097120495484e-06,0.006583971804920977,0.031751593500202235,0.19657836876064044,PE O-18:2_20:3,0.030218175717543573,0.15372075731376317,"[""PE O-18:2_20:3"", ""PE O-16:0_22:3"", ""PE O-16:1_22:4"", ""PE 16:0_22:3"", ""PG 14:0_22:3""]","[0.030218175717543573, 0.016501200042992232, 0.01283841208483203, 0.008964642281660584, 0.00829136386244262]",PE O-18:2_20:3,"[""PE O-18:2_20:3""]",True,1.5404566511278972e-11,4.490610266058922e-15,4.2658217421802863e-14,0.5414007561079704,1.1061813923829222,0.01876903849028351,0.0011342892411747363,True,True,frozen synthetic foreground mean NNLS; production labels only for comparison,"raw postfit residual direction, constrained by NNLS KKT; not absorbed signal fraction",True,True,TP,0.024218436025360092,7.658890297915767e-06,0.9715405509918842,0.9144041356804798,PE 20:4_20:4,PE 20:4_20:4,21,0.3181818181818182,0.7106609484359195,0.0,44,0,44,,FROZEN_CHANNEL_DETECTION_THRESHOLD_NOT_AVAILABLE,,0.06548012686853313,0.28987868342321776,,,0.0,candidate spectral contributions; arithmetic channel mean; all aliases,sum of unchanged b values on specified channels; no normalization,LIBRARY_SHARING_SUPPORT_NOT_VERIFIED_IDENTITY_DIAGNOSTIC
V58_MILD_CAL_R1_K125,252,PE O-18:2_22:0,0.0003499725961376945,0.0003501485726076915,1.7597646999702784e-07,0.0005028292827389312,0.004717070143766745,0.07625430633722675,PE O-18:0_22:2,0.007799381105901053,0.1022811888328879,"[""PE O-18:0_22:2"", ""PE O-16:0_22:3"", ""PE O-18:1_20:1"", ""PG 17:0_20:3"", ""PE O-20:0_20:2""]","[0.007799381105901053, 0.0069717810635565, 0.0035853531604503434, 0.003480537253428822, 0.0034514482618114746]",PE O-18:0_22:2,"[""PE O-18:0_22:2""]",True,1.5404566511278972e-11,-2.408162313671539e-16,1.386221845459247e-13,0.23116083185634306,1.08437648512962,0.01871225728253252,0.00039828618781445076,True,True,frozen synthetic foreground mean NNLS; production labels only for comparison,"raw postfit residual direction, constrained by NNLS KKT; not absorbed signal fraction",True,True,TP,0.010891641127012254,5.849226620613857e-07,0.6718844627110993,0.5732749874791854,PE O-16:1_22:0,PE O-16:1_22:0,6,0.11764705882352941,0.21700932667544015,0.0,29,0,29,,FROZEN_CHANNEL_DETECTION_THRESHOLD_NOT_AVAILABLE,,0.027902596817585584,0.13109673822345752,,,0.0,candidate spectral contributions; arithmetic channel mean; all aliases,sum of unchanged b values on specified channels; no normalization,LIBRARY_SHARING_SUPPORT_NOT_VERIFIED_IDENTITY_DIAGNOSTIC
V58_MILD_CAL_R1_K125,253,PE O-22:1_18:2,0.0003499725961376945,0.00034997873956123997,6.143423545486998e-09,1.755401307340045e-05,0.0006341369174672854,0.006646291808036419,PE 18:2_20:4,0.0004977752913301672,0.07489519052614917,"[""PE 18:2_20:4"", ""PG 16:0_20:3"", ""PE O-18:3_22:0"", ""PE O-16:1_22:2"", ""PE O-20:2_20:3""]","[0.0004977752913301672, 0.000491553951360621, 0.0004069177510636372, 0.0004048437706806896, 0.00039566569639107665]",PE 18:2_20:4,"[""PE 18:2_20:4""]",True,1.5404566511278972e-11,-4.90487806469511e-16,-1.966727024981074e-13,0.4188280562560955,1.2657017207843695,0.01870771871611395,7.837999455016313e-05,True,True,frozen synthetic foreground mean NNLS; production labels only for comparison,"raw postfit residual direction, constrained by NNLS KKT; not absorbed signal fraction",False,False,UNREPORTED_NONTRUTH,0.0004641324596058822,,0.7444616792874119,0.6285129949487325,PE O-20:1_18:2,PE O-20:1_18:2,12,0.21818181818181817,0.47828269563631437,0.0,34,0,34,,FROZEN_CHANNEL_DETECTION_THRESHOLD_NOT_AVAILABLE,,0.21993391038824311,0.999999972253871,,,0.0,candidate spectral contributions; arithmetic channel mean; all aliases,sum of unchanged b values on specified channels; no normalization,LIBRARY_SHARING_SUPPORT_NOT_VERIFIED_IDENTITY_DIAGNOSTIC
V58_MILD_CAL_R1_K125,254,PE O-18:2_22:2,0.0003499725961376945,0.0003499725961376945,0.0,0.0,0.0,0.0,,0.0,0.0,[],[],,[],False,1.5404566511278972e-11,,,0.0,0.0,0.01870755452050573,9.443403339052787e-17,True,False,frozen synthetic foreground mean NNLS; production labels only for comparison,"raw postfit residual direction, constrained by NNLS KKT; not absorbed signal fraction",True,True,TP,0.00986060993103747,0.0,0.9852489893575547,0.9849697877800343,PE O-18:1_22:2,PE O-18:1_22:2,19,0.4418604651162791,0.5127642140032325,0.0,31,0,31,,FROZEN_CHANNEL_DETECTION_THRESHOLD_NOT_AVAILABLE,,0.0,0.0,,,0.0,candidate spectral contributions; arithmetic channel mean; all aliases,sum of unchanged b values on specified channels; no normalization,LIBRARY_SHARING_SUPPORT_NOT_VERIFIED_IDENTITY_DIAGNOSTIC
V58_MILD_CAL_R1_K125,255,PE O-18:2_22:3,0.0003499725961376945,0.0003499725961376945,0.0,0.0,0.0,0.0,,0.0,0.0,[],[],,[],False,1.5404566511278972e-11,,,0.0,0.0,0.01870755452050573,9.443403339052787e-17,True,False,frozen synthetic foreground mean NNLS; production labels only for comparison,"raw postfit residual direction, constrained by NNLS KKT; not absorbed signal fraction",False,True,FP,0.0032606502989581177,0.0,0.9865062603859948,0.984771827114155,PE O-18:3_22:3,PE O-18:3_22:3,19,0.4418604651162791,0.6271091290232172,0.0,31,0,31,,FROZEN_CHANNEL_DETECTION_THRESHOLD_NOT_AVAILABLE,,0.0,0.0,,,0.0,candidate spectral contributions; arithmetic channel mean; all aliases,sum of unchanged b values on specified channels; no normalization,LIBRARY_SHARING_SUPPORT_NOT_VERIFIED_IDENTITY_DIAGNOSTIC
V58_MILD_CAL_R1_K125,256,PE O-18:2_22:4,0.0003499725961376945,0.0003499725961376945,0.0,0.0,0.0,0.0,,0.0,0.0,[],[],,[],False,1.5404566511278972e-11,,,0.0,0.0,0.01870755452050573,9.443403339052787e-17,True,False,frozen synthetic foreground mean NNLS; production labels only for comparison,"raw postfit residual direction, constrained by NNLS KKT; not absorbed signal fraction",False,True,FP,0.0061704364949304044,0.0,0.9787667373045933,0.978862702322919,PE O-16:1_22:4,PE O-18:3_22:4,26,0.52,0.6369877896839882,0.0,38,0,38,,FROZEN_CHANNEL_DETECTION_THRESHOLD_NOT_AVAILABLE,,0.0,0.0,,,0.0,candidate spectral contributions; arithmetic channel mean; all aliases,sum of unchanged b values on specified channels; no normalization,LIBRARY_SHARING_SUPPORT_NOT_VERIFIED_IDENTITY_DIAGNOSTIC
V58_MILD_CAL_R1_K125,257,PE O-18:2_22:5,0.0003499725961376945,0.0003555577215351028,5.58512539740834e-06,0.01595875060815378,0.024508642453260045,0.20141214620185469,PE O-18:2_20:3,0.028252161820201807,0.14027039755461074,"[""PE O-18:2_20:3"", ""PE O-16:0_22:3"", ""PE O-16:1_22:5"", ""PE O-18:2_22:3"", ""PG 14:0_22:3""]","[0.028252161820201807, 0.017495437429762256, 0.01578731601827288, 0.012430054563408604, 0.010623646309160649]",PE O-18:2_20:3,"[""PE O-18:2_20:3""]",True,1.5404566511278972e-11,-1.5441557806061191e-15,-2.870115821257364e-14,0.3931010686273477,1.0196069139035013,0.01885623826575976,0.0022652015461244496,True,True,frozen synthetic foreground mean NNLS; production labels only for comparison,"raw postfit residual direction, constrained by NNLS KKT; not absorbed signal fraction",False,True,FP,0.0060063207111403834,1.8564222906953895e-05,0.9359789216019041,0.9487955654054072,PE O-16:1_22:5,PE O-16:1_22:5,16,0.26229508196721313,0.5704660816525005,0.0,39,0,39,,FROZEN_CHANNEL_DETECTION_THRESHOLD_NOT_AVAILABLE,,0.06090507230586182,0.3105386455630775,,,0.0,candidate spectral contributions; arithmetic channel mean; all aliases,sum of unchanged b values on specified channels; no normalization,LIBRARY_SHARING_SUPPORT_NOT_VERIFIED_IDENTITY_DIAGNOSTIC
V58_MILD_CAL_R1_K125,258,PE O-18:2_22:6,0.0003499725961376945,0.00036541108402946617,1.5438487891771685e-05,0.044113419216355136,0.01475066798462616,0.19308984893490516,PE O-18:2_20:3,0.02597194949876465,0.13450706829951406,"[""PE O-18:2_20:3"", ""PE O-16:0_22:3"", ""PG 14:0_22:3"", ""PE 18:2_22:6"", ""PE O-18:1_22:2""]","[0.02597194949876465, 0.016915294230214657, 0.01357821757910389, 0.011244610010494763, 0.009073228920505001]",PE O-18:2_20:3,"[""PE O-18:2_20:3""]",True,1.5404566511278972e-11,-9.754133128780087e-16,-1.3961178615446033e-14,0.2785095251572502,1.0842498432045775,0.01911572870778057,0.0039046833495726256,True,True,frozen synthetic foreground mean NNLS; production labels only for comparison,"raw postfit residual direction, constrained by NNLS KKT; not absorbed signal fraction",True,True,TP,0.01788447300920164,5.131550505600969e-05,0.8285086812157237,0.8800961724969774,PE O-18:3_22:6,PE O-18:3_22:6,30,0.5555555555555556,0.750256130645665,0.0,42,0,42,,FROZEN_CHANNEL_DETECTION_THRESHOLD_NOT_AVAILABLE,,0.04218921992780964,0.26133539482887597,,,0.0,candidate spectral contributions; arithmetic channel mean; all aliases,sum of unchanged b values on specified channels; no normalization,LIBRARY_SHARING_SUPPORT_NOT_VERIFIED_IDENTITY_DIAGNOSTIC
V58_MILD_CAL_R1_K125,259,PE O-18:3_20:3,0.0003499725961376945,0.0003499725961376945,0.0,0.0,0.0,0.0,,0.0,0.0,[],[],,[],False,1.5404566511278972e-11,,,0.0,0.0,0.01870755452050573,9.443403339052787e-17,True,False,frozen synthetic foreground mean NNLS; production labels only for comparison,"raw postfit residual direction, constrained by NNLS KKT; not absorbed signal fraction",False,True,FP,0.002047491252691153,0.0,0.9837096338633669,0.9667516705696245,PE 20:3_20:3,PE 20:3_20:3,10,0.19230769230769232,0.589397219659356,0.0,33,0,33,,FROZEN_CHANNEL_DETECTION_THRESHOLD_NOT_AVAILABLE,,0.0,0.0,,,0.0,candidate spectral contributions; arithmetic channel mean; all aliases,sum of unchanged b values on specified channels; no normalization,LIBRARY_SHARING_SUPPORT_NOT_VERIFIED_IDENTITY_DIAGNOSTIC
V58_MILD_CAL_R1_K125,260,PE O-18:3_22:0,0.0003499725961376945,0.00035045086319959756,4.782670619030735e-07,0.001366584314928241,0.006522212964642558,0.04651082755846066,PE O-20:0_20:3,0.008526364971697738,0.1833200013652178,"[""PE O-20:0_20:3"", ""PE O-18:0_22:2"", ""PG 17:1_20:2"", ""PE O-18:2_22:0"", ""PE O-18:1_20:1""]","[0.008526364971697738, 0.0030419646829437236, 0.002953628363601529, 0.002864483414129132, 0.002802080667693732]",PE O-20:0_20:3,"[""PE O-20:0_20:3""]",True,1.5404566511278972e-11,-1.6186547987705487e-15,0.06296389274231469,0.4519955943719979,1.041791782262184,0.018720332881644947,0.0003238788186976804,True,True,frozen synthetic foreground mean NNLS; production labels only for comparison,"raw postfit residual direction, constrained by NNLS KKT; not absorbed signal fraction",True,True,TP,0.00597951174777122,1.5896968670285708e-06,0.4799427541521568,0.6267332738042077,PE O-20:0_20:3,PE O-22:1_18:2,0,0.0,0.21488438372914562,0.0,29,0,29,,FROZEN_CHANNEL_DETECTION_THRESHOLD_NOT_AVAILABLE,,0.03447719077552455,0.14239805414912352,,,0.0,candidate spectral contributions; arithmetic channel mean; all aliases,sum of unchanged b values on specified channels; no normalization,LIBRARY_SHARING_SUPPORT_NOT_VERIFIED_IDENTITY_DIAGNOSTIC
V58_MILD_CAL_R1_K125,261,PE O-18:3_22:3,0.0003499725961376945,0.0003499725961376945,0.0,0.0,0.0,0.0,,0.0,0.0,[],[],,[],False,1.5404566511278972e-11,,,0.0,0.0,0.01870755452050573,9.443403339052787e-17,True,False,frozen synthetic foreground mean NNLS; production labels only for comparison,"raw postfit residual direction, constrained by NNLS KKT; not absorbed signal fraction",False,False,UNREPORTED_NONTRUTH,0.00020857358055231606,,0.9865062603859948,0.984771827114155,PE O-18:2_22:3,PE O-18:2_22:3,19,0.4418604651162791,0.6249841860769226,0.0,31,0,31,,FROZEN_CHANNEL_DETECTION_THRESHOLD_NOT_AVAILABLE,,0.0,0.0,,,0.0,candidate spectral contributions; arithmetic channel mean; all aliases,sum of unchanged b values on specified channels; no normalization,LIBRARY_SHARING_SUPPORT_NOT_VERIFIED_IDENTITY_DIAGNOSTIC
V58_MILD_CAL_R1_K125,262,PE O-18:3_22:4,0.0003499725961376945,0.0003499725961376945,0.0,0.0,0.0,0.0,,0.0,0.0,[],[],,[],False,1.5404566511278972e-11,,,0.0,0.0,0.01870755452050573,9.443403339052787e-17,True,False,frozen synthetic foreground mean NNLS; production labels only for comparison,"raw postfit residual direction, constrained by NNLS KKT; not absorbed signal fraction",False,False,UNREPORTED_NONTRUTH,0.0009768500649616734,,0.9808689660911778,0.9790903376245963,PE O-16:1_22:4,PE O-16:1_22:4,15,0.25,0.6348628467376934,0.0,38,0,38,,FROZEN_CHANNEL_DETECTION_THRESHOLD_NOT_AVAILABLE,,0.0,0.0,,,0.0,candidate spectral contributions; arithmetic channel mean; all aliases,sum of unchanged b values on specified channels; no normalization,LIBRARY_SHARING_SUPPORT_NOT_VERIFIED_IDENTITY_DIAGNOSTIC
V58_MILD_CAL_R1_K125,263,PE O-18:3_22:5,0.0003499725961376945,0.00035308065296606644,3.1080568283719623e-06,0.008880857683692067,0.012710803286086026,0.06188625765299398,PE O-18:3_22:4,0.01735516384162514,0.2804364732903684,"[""PE O-18:3_22:4"", ""PE O-16:1_22:5"", ""PE O-16:0_22:3"", ""PE O-18:2_22:6"", ""PE O-18:0_20:4""]","[0.01735516384162514, 0.010311322897547211, 0.0045530393104835885, 0.0024078704762233692, 0.002357986896293911]",PE O-18:3_22:4,"[""PE O-18:3_22:4""]",True,1.5404566511278972e-11,-4.078081792910523e-15,0.11903316899331344,0.5824740066465067,1.1778596425357106,0.018790440467590607,0.0006494271727437985,True,True,frozen synthetic foreground mean NNLS; production labels only for comparison,"raw postfit residual direction, constrained by NNLS KKT; not absorbed signal fraction",False,True,FP,0.0037343301364431937,1.0330772482951994e-05,0.9447204529559954,0.9540815844831271,PE O-16:1_22:5,PE O-16:1_22:5,16,0.26229508196721313,0.5683411387062058,0.0,39,0,39,,FROZEN_CHANNEL_DETECTION_THRESHOLD_NOT_AVAILABLE,,0.09569902179081269,0.8575782541325216,,,0.0,candidate spectral contributions; arithmetic channel mean; all aliases,sum of unchanged b values on specified channels; no normalization,LIBRARY_SHARING_SUPPORT_NOT_VERIFIED_IDENTITY_DIAGNOSTIC
V58_MILD_CAL_R1_K125,264,PE O-18:3_22:6,0.0003499725961376945,0.0003499725961376945,0.0,0.0,0.0,0.0,,0.0,0.0,[],[],,[],False,1.5404566511278972e-11,,,0.0,0.0,0.01870755452050573,9.443403339052787e-17,True,False,frozen synthetic foreground mean NNLS; production labels only for comparison,"raw postfit residual direction, constrained by NNLS KKT; not absorbed signal fraction",True,True,TP,0.0028725725358922,0.0,0.8285086812157237,0.8938322931075502,PE 18:0_22:6,PE O-18:2_22:6,30,0.5555555555555556,0.7481311876993704,0.0,42,0,42,,FROZEN_CHANNEL_DETECTION_THRESHOLD_NOT_AVAILABLE,,0.0,0.0,,,0.0,candidate spectral contributions; arithmetic channel mean; all aliases,sum of unchanged b values on specified channels; no normalization,LIBRARY_SHARING_SUPPORT_NOT_VERIFIED_IDENTITY_DIAGNOSTIC
V58_MILD_CAL_R1_K125,265,PE O-20:0_20:2,0.0003499725961376945,0.000350753766871048,7.811707333534989e-07,0.002232091140113328,0.01665761489676991,0.11681153051512207,PE O-18:1_20:2,0.010846611580678376,0.09285565845044168,"[""PE O-18:1_20:2"", ""PG 16:0_20:3"", ""PE O-18:0_22:2"", ""PE O-16:1_22:2"", ""PE O-18:2_22:0""]","[0.010846611580678376, 0.009503446851660147, 0.009149906457128074, 0.008679267634677912, 0.008383730187994836]",PE O-18:1_20:2,"[""PE O-18:1_20:2""]",True,1.5404566511278972e-11,-3.889172278435664e-15,0.010721887423258762,0.48432820184200975,1.06770699124926,0.018728421366229674,0.0005197472009987436,True,True,frozen synthetic foreground mean NNLS; production labels only for comparison,"raw postfit residual direction, constrained by NNLS KKT; not absorbed signal fraction",False,True,FP,0.0015685664117022862,2.596508867838587e-06,0.8711158084674012,0.6961717398792321,PE 20:2_20:2,PE 20:2_20:2,10,0.21739130434782608,0.35891440190343943,0.0,27,0,27,,FROZEN_CHANNEL_DETECTION_THRESHOLD_NOT_AVAILABLE,,0.21121523717078125,0.5130917414432481,,,0.0,candidate spectral contributions; arithmetic channel mean; all aliases,sum of unchanged b values on specified channels; no normalization,LIBRARY_SHARING_SUPPORT_NOT_VERIFIED_IDENTITY_DIAGNOSTIC
V58_MILD_CAL_R1_K125,266,PE O-20:0_20:3,0.0003499725961376945,0.0003499725961376945,0.0,0.0,0.0,0.0,,0.0,0.0,[],[],,[],False,1.5404566511278972e-11,,,0.0,0.0,0.01870755452050573,9.443403339052787e-17,True,False,frozen synthetic foreground mean NNLS; production labels only for comparison,"raw postfit residual direction, constrained by NNLS KKT; not absorbed signal fraction",False,False,UNREPORTED_NONTRUTH,9.572576911195973e-05,,0.8455359439593595,0.6895485009022878,PE 20:3_20:3,PE 20:3_20:3,10,0.21739130434782608,0.4165952467476445,0.0,27,0,27,,FROZEN_CHANNEL_DETECTION_THRESHOLD_NOT_AVAILABLE,,0.0,0.0,,,0.0,candidate spectral contributions; arithmetic channel mean; all aliases,sum of unchanged b values on specified channels; no normalization,LIBRARY_SHARING_SUPPORT_NOT_VERIFIED_IDENTITY_DIAGNOSTIC
V58_MILD_CAL_R1_K125,267,PE O-20:0_20:4,0.0003499725961376945,0.0003499795231344834,6.926996788940865e-09,1.9792969065562248e-05,0.00044021916249923634,0.00645512655317911,PG 17:0_20:3,0.0007665329354990154,0.11874793299021452,"[""PG 17:0_20:3"", ""PE O-18:0_22:4"", ""PG 17:1_20:1"", ""PE O-16:0_22:3"", ""PE O-20:0_20:2""]","[0.0007665329354990154, 0.0007309128773557874, 0.0007155704652356456, 0.0003912657546888791, 0.0003781513311281008]",PG 17:0_20:3,"[""PG 17:0_20:3""]",True,1.5404566511278972e-11,7.170087887034335e-16,-1.1361137851913136e-13,0.29617943931672597,1.4604992836194248,0.01870773965861412,2.6332705984888186e-05,True,True,frozen synthetic foreground mean NNLS; production labels only for comparison,"raw postfit residual direction, constrained by NNLS KKT; not absorbed signal fraction",False,False,UNREPORTED_NONTRUTH,0.00010363120127696104,,0.8255746285021727,0.7768293088295625,PE 20:4_20:4,PE 20:4_20:4,21,0.35,0.5357340325779134,0.0,38,0,38,,FROZEN_CHANNEL_DETECTION_THRESHOLD_NOT_AVAILABLE,,0.00564121666389719,0.017019062147241075,,,0.0,candidate spectral contributions; arithmetic channel mean; all aliases,sum of unchanged b values on specified channels; no normalization,LIBRARY_SHARING_SUPPORT_NOT_VERIFIED_IDENTITY_DIAGNOSTIC
V58_MILD_CAL_R1_K125,268,PE O-20:1_20:1,0.0003499725961376945,0.0003499725961376945,0.0,0.0,0.0,0.0,,0.0,0.0,[],[],,[],False,1.5404566511278972e-11,,,0.0,0.0,0.01870755452050573,9.443403339052787e-17,True,False,frozen synthetic foreground mean NNLS; production labels only for comparison,"raw postfit residual direction, constrained by NNLS KKT; not absorbed signal fraction",False,False,UNREPORTED_NONTRUTH,0.00012050745198291934,,0.8874848510541747,0.7492702131039101,PE 17:0_20:1,PE O-18:0_20:1,11,0.22916666666666666,0.24049608468926012,0.0,32,0,32,,FROZEN_CHANNEL_DETECTION_THRESHOLD_NOT_AVAILABLE,,0.0,0.0,,,0.0,candidate spectral contributions; arithmetic channel mean; all aliases,sum of unchanged b values on specified channels; no normalization,LIBRARY_SHARING_SUPPORT_NOT_VERIFIED_IDENTITY_DIAGNOSTIC
V58_MILD_CAL_R1_K125,269,PE O-20:1_20:2,0.0003499725961376945,0.0003499725961376945,0.0,0.0,0.0,0.0,,0.0,0.0,[],[],,[],False,1.5404566511278972e-11,,,0.0,0.0,0.01870755452050573,9.443403339052787e-17,True,False,frozen synthetic foreground mean NNLS; production labels only for comparison,"raw postfit residual direction, constrained by NNLS KKT; not absorbed signal fraction",False,False,UNREPORTED_NONTRUTH,0.0,,0.9729298298955478,0.9276977693305655,PE O-20:2_20:2,PE 20:2_20:2,10,0.2,0.3664795976075746,0.0,31,0,31,,FROZEN_CHANNEL_DETECTION_THRESHOLD_NOT_AVAILABLE,,0.0,0.0,,,0.0,candidate spectral contributions; arithmetic channel mean; all aliases,sum of unchanged b values on specified channels; no normalization,LIBRARY_SHARING_SUPPORT_NOT_VERIFIED_IDENTITY_DIAGNOSTIC
V58_MILD_CAL_R1_K125,270,PE O-20:1_20:3,0.0003499725961376945,0.0003499725961376945,0.0,0.0,0.0,0.0,,0.0,0.0,[],[],,[],False,1.5404566511278972e-11,,,0.0,0.0,0.01870755452050573,9.443403339052787e-17,True,False,frozen synthetic foreground mean NNLS; production labels only for comparison,"raw postfit residual direction, constrained by NNLS KKT; not absorbed signal fraction",False,False,UNREPORTED_NONTRUTH,0.0,,0.970286847313568,0.9339126988040312,PE 20:3_20:3,PE 20:3_20:3,10,0.2,0.42416044245177964,0.0,31,0,31,,FROZEN_CHANNEL_DETECTION_THRESHOLD_NOT_AVAILABLE,,0.0,0.0,,,0.0,candidate spectral contributions; arithmetic channel mean; all aliases,sum of unchanged b values on specified channels; no normalization,LIBRARY_SHARING_SUPPORT_NOT_VERIFIED_IDENTITY_DIAGNOSTIC
V58_MILD_CAL_R1_K125,271,PE O-20:1_20:4,0.0003499725961376945,0.0003499725961376945,0.0,0.0,0.0,0.0,,0.0,0.0,[],[],,[],False,1.5404566511278972e-11,,,0.0,0.0,0.01870755452050573,9.443403339052787e-17,True,False,frozen synthetic foreground mean NNLS; production labels only for comparison,"raw postfit residual direction, constrained by NNLS KKT; not absorbed signal fraction",False,False,UNREPORTED_NONTRUTH,0.0008180323335146838,,0.9190309869606901,0.9033314068381442,PE 20:4_20:4,PE 20:4_20:4,21,0.328125,0.5432992282820485,0.0,42,0,42,,FROZEN_CHANNEL_DETECTION_THRESHOLD_NOT_AVAILABLE,,0.0,0.0,,,0.0,candidate spectral contributions; arithmetic channel mean; all aliases,sum of unchanged b values on specified channels; no normalization,LIBRARY_SHARING_SUPPORT_NOT_VERIFIED_IDENTITY_DIAGNOSTIC
V58_MILD_CAL_R1_K125,272,PE O-20:2_20:2,0.0003499725961376945,0.0003499725961376945,0.0,0.0,0.0,0.0,,0.0,0.0,[],[],,[],False,1.5404566511278972e-11,,,0.0,0.0,0.01870755452050573,9.443403339052787e-17,True,False,frozen synthetic foreground mean NNLS; production labels only for comparison,"raw postfit residual direction, constrained by NNLS KKT; not absorbed signal fraction",False,False,UNREPORTED_NONTRUTH,0.0,,0.980319286029637,0.9572988006271623,PE 20:2_20:2,PE 20:2_20:2,12,0.24,0.38100643372784054,0.0,33,0,33,,FROZEN_CHANNEL_DETECTION_THRESHOLD_NOT_AVAILABLE,,0.0,0.0,,,0.0,candidate spectral contributions; arithmetic channel mean; all aliases,sum of unchanged b values on specified channels; no normalization,LIBRARY_SHARING_SUPPORT_NOT_VERIFIED_IDENTITY_DIAGNOSTIC
V58_MILD_CAL_R1_K125,273,PE O-20:2_20:3,0.0003499725961376945,0.0003500412694284886,6.867329079414354e-08,0.0001962247654696361,0.008257673419114915,0.06688245490901731,PE O-18:1_22:2,0.008864934482787655,0.1325449924754468,"[""PE O-18:1_22:2"", ""PE O-20:2_20:4"", ""PG 16:0_20:3"", ""PE O-16:1_22:3"", ""PE O-16:0_22:4""]","[0.008864934482787655, 0.006651406626341736, 0.005581951803295375, 0.005527614244278438, 0.004609227901829063]",PE O-18:1_22:2,"[""PE O-18:1_22:2""]",True,1.5404566511278972e-11,2.290250696601549e-15,4.472473647771644e-13,0.42847791204233704,1.0732242473503408,0.018709389873229128,0.00024156447005201057,True,True,frozen synthetic foreground mean NNLS; production labels only for comparison,"raw postfit residual direction, constrained by NNLS KKT; not absorbed signal fraction",False,True,FP,0.004842651450470358,2.2826099457679038e-07,0.9795654235086327,0.9616294821990212,PE 20:3_20:3,PE 20:3_20:3,10,0.19230769230769232,0.4386872785720455,0.0,33,0,33,,FROZEN_CHANNEL_DETECTION_THRESHOLD_NOT_AVAILABLE,,0.07480612006977583,0.6807722791052356,,,0.0,candidate spectral contributions; arithmetic channel mean; all aliases,sum of unchanged b values on specified channels; no normalization,LIBRARY_SHARING_SUPPORT_NOT_VERIFIED_IDENTITY_DIAGNOSTIC
V58_MILD_CAL_R1_K125,274,PE O-20:2_20:4,0.0003499725961376945,0.0003499843556459297,1.1759508235231753e-08,3.3601225728553395e-05,0.0027182488256770523,0.02992339387171399,PE O-20:2_20:3,0.00323600635349245,0.10814302572955276,"[""PE O-20:2_20:3"", ""PG 14:0_22:3"", ""PE O-18:1_22:5"", ""PE O-16:1_22:2"", ""PE O-16:1_22:4""]","[0.00323600635349245, 0.0025048687022035283, 0.0023706548521067287, 0.0020721513922837935, 0.0019623270170967405]",PE O-20:2_20:3,"[""PE O-20:2_20:3""]",True,1.5404566511278972e-11,7.507350749367652e-16,-1.526105070251093e-13,0.46086655831076273,1.5392832427068188,0.018707868816247607,0.00010844126629211661,True,True,frozen synthetic foreground mean NNLS; production labels only for comparison,"raw postfit residual direction, constrained by NNLS KKT; not absorbed signal fraction",True,True,TP,0.004975363392434335,3.9087060114047604e-08,0.9504794809695136,0.941979290104786,PE 20:4_20:4,PE 20:4_20:4,21,0.3181818181818182,0.5578260644023144,0.0,44,0,44,,FROZEN_CHANNEL_DETECTION_THRESHOLD_NOT_AVAILABLE,,0.025319772521180225,0.3175886191102613,,,0.0,candidate spectral contributions; arithmetic channel mean; all aliases,sum of unchanged b values on specified channels; no normalization,LIBRARY_SHARING_SUPPORT_NOT_VERIFIED_IDENTITY_DIAGNOSTIC
V58_MILD_CAL_R1_K125,275,PE O-20:3_20:3,0.0003499725961376945,0.0003499725961376945,0.0,0.0,0.0,0.0,,0.0,0.0,[],[],,[],False,1.5404566511278972e-11,,,0.0,0.0,0.01870755452050573,9.443403339052787e-17,True,False,frozen synthetic foreground mean NNLS; production labels only for comparison,"raw postfit residual direction, constrained by NNLS KKT; not absorbed signal fraction",False,False,UNREPORTED_NONTRUTH,0.0,,0.9805525159733832,0.9633835057604028,PE 20:3_20:3,PE 20:3_20:3,12,0.23076923076923078,0.4519696553366228,0.0,35,0,35,,FROZEN_CHANNEL_DETECTION_THRESHOLD_NOT_AVAILABLE,,0.0,0.0,,,0.0,candidate spectral contributions; arithmetic channel mean; all aliases,sum of unchanged b values on specified channels; no normalization,LIBRARY_SHARING_SUPPORT_NOT_VERIFIED_IDENTITY_DIAGNOSTIC
V58_MILD_CAL_R1_K125,276,PE O-20:3_20:4,0.0003499725961376945,0.000349977637004949,5.040867254537708e-09,1.440360558445212e-05,0.0004159329948037167,0.005496092398866417,PE O-16:0_22:2,0.000607359275596615,0.11050747174690456,"[""PE O-16:0_22:2"", ""PE O-16:1_22:3"", ""PG 17:0_20:3"", ""PE O-18:2_22:5"", ""PG 17:1_20:1""]","[0.000607359275596615, 0.0005685064448554683, 0.0004883023864679439, 0.0004260212858522572, 0.00039507984330500916]",PE O-16:0_22:2,"[""PE O-16:0_22:2""]",True,1.5404566511278972e-11,3.495132961616653e-15,1.7463798669180698e-12,0.34250927274007564,1.4401449729730438,0.018707689248139363,7.099906516653008e-05,True,True,frozen synthetic foreground mean NNLS; production labels only for comparison,"raw postfit residual direction, constrained by NNLS KKT; not absorbed signal fraction",False,False,UNREPORTED_NONTRUTH,8.49024065052002e-08,,0.9692667770392721,0.9589560166556154,PE 20:4_20:4,PE 20:4_20:4,21,0.3088235294117647,0.5711084411668916,0.0,46,0,46,,FROZEN_CHANNEL_DETECTION_THRESHOLD_NOT_AVAILABLE,,0.04197346632392181,0.8403772224176861,,,0.0,candidate spectral contributions; arithmetic channel mean; all aliases,sum of unchanged b values on specified channels; no normalization,LIBRARY_SHARING_SUPPORT_NOT_VERIFIED_IDENTITY_DIAGNOSTIC
V58_MILD_CAL_R1_K125,277,PG 14:0_20:0,0.0003499725961376945,0.0003499725961376945,0.0,0.0,0.0,0.0,,0.0,0.0,[],[],,[],False,1.5404566511278972e-11,,,0.0,0.0,0.01870755452050573,9.443403339052787e-17,True,False,frozen synthetic foreground mean NNLS; production labels only for comparison,"raw postfit residual direction, constrained by NNLS KKT; not absorbed signal fraction",False,True,FP,0.0010733812990579388,0.0,0.5980499696621082,0.8725271655314837,PG 16:0_18:0,PG 16:0_18:0,6,0.03508771929824561,0.24130523414481522,0.0,80,0,80,,FROZEN_CHANNEL_DETECTION_THRESHOLD_NOT_AVAILABLE,,0.0,0.0,,,0.0,candidate spectral contributions; arithmetic channel mean; all aliases,sum of unchanged b values on specified channels; no normalization,LIBRARY_SHARING_SUPPORT_NOT_VERIFIED_IDENTITY_DIAGNOSTIC
V58_MILD_CAL_R1_K125,278,PG 16:0_18:0,0.0003499725961376945,0.0003499725961376945,0.0,0.0,0.0,0.0,,0.0,0.0,[],[],,[],False,1.5404566511278972e-11,,,0.0,0.0,0.01870755452050573,9.443403339052787e-17,True,False,frozen synthetic foreground mean NNLS; production labels only for comparison,"raw postfit residual direction, constrained by NNLS KKT; not absorbed signal fraction",False,True,FP,0.006205822350132473,0.0,0.5980499696621082,0.8725271655314837,PG 14:0_20:0,PG 14:0_20:0,6,0.03508771929824561,0.5559852827665401,0.0,97,0,97,,FROZEN_CHANNEL_DETECTION_THRESHOLD_NOT_AVAILABLE,,0.0,0.0,,,0.0,candidate spectral contributions; arithmetic channel mean; all aliases,sum of unchanged b values on specified channels; no normalization,LIBRARY_SHARING_SUPPORT_NOT_VERIFIED_IDENTITY_DIAGNOSTIC
V58_MILD_CAL_R1_K125,279,PG 14:0_22:5,0.0003499725961376945,0.0003499725961376945,0.0,0.0,0.0,0.0,,0.0,0.0,[],[],,[],False,1.5404566511278972e-11,,,0.0,0.0,0.01870755452050573,9.443403339052787e-17,True,False,frozen synthetic foreground mean NNLS; production labels only for comparison,"raw postfit residual direction, constrained by NNLS KKT; not absorbed signal fraction",False,False,UNREPORTED_NONTRUTH,0.00017073097874087612,,0.7074638959327756,0.9062642845795131,PG 16:1_20:4,PG 16:1_20:4,17,0.10240963855421686,0.5473677661307887,0.0,86,0,86,,FROZEN_CHANNEL_DETECTION_THRESHOLD_NOT_AVAILABLE,,0.0,0.0,,,0.0,candidate spectral contributions; arithmetic channel mean; all aliases,sum of unchanged b values on specified channels; no normalization,LIBRARY_SHARING_SUPPORT_NOT_VERIFIED_IDENTITY_DIAGNOSTIC
V58_MILD_CAL_R1_K125,280,PG 16:0_20:5,0.0003499725961376945,0.0003499725961376945,0.0,0.0,0.0,0.0,,0.0,0.0,[],[],,[],False,1.5404566511278972e-11,,,0.0,0.0,0.01870755452050573,9.443403339052787e-17,True,False,frozen synthetic foreground mean NNLS; production labels only for comparison,"raw postfit residual direction, constrained by NNLS KKT; not absorbed signal fraction",False,False,UNREPORTED_NONTRUTH,2.954509388002669e-05,,0.6100413138920384,0.8012540222872576,PG 16:1_20:4,PG 16:1_20:4,57,0.4634146341463415,0.6906707768348365,0.0,83,0,83,,FROZEN_CHANNEL_DETECTION_THRESHOLD_NOT_AVAILABLE,,0.0,0.0,,,0.0,candidate spectral contributions; arithmetic channel mean; all aliases,sum of unchanged b values on specified channels; no normalization,LIBRARY_SHARING_SUPPORT_NOT_VERIFIED_IDENTITY_DIAGNOSTIC
V58_MILD_CAL_R1_K125,281,PG 16:1_20:4,0.0003499725961376945,0.00035056068096552055,5.880848278260668e-07,0.001680373928232697,0.0070074300280154106,0.07907997224759004,PG 18:2_18:3,0.009637529849996787,0.12187067820030272,"[""PG 18:2_18:3"", ""PG 16:0_20:3"", ""PE O-16:1_22:3"", ""PE O-16:0_22:4"", ""PG 18:0_20:5""]","[0.009637529849996787, 0.006215030977260066, 0.005436626914748652, 0.005204452004429391, 0.004505211879406104]",PG 18:2_18:3,"[""PG 18:2_18:3""]",True,1.5404566511278972e-11,-4.9582595350368754e-17,-1.2946306586625173e-14,0.399318464314077,1.3097150361361967,0.018723265766567552,0.0006045418720246493,True,True,frozen synthetic foreground mean NNLS; production labels only for comparison,"raw postfit residual direction, constrained by NNLS KKT; not absorbed signal fraction",True,True,TP,0.007482144185603438,1.9547166903403568e-06,0.7074638959327756,0.9062642845795131,PG 14:0_22:5,PG 14:0_22:5,17,0.10240963855421686,0.7955447049579384,0.0,97,0,97,,FROZEN_CHANNEL_DETECTION_THRESHOLD_NOT_AVAILABLE,,0.03742897717957468,0.5376117405340731,,,0.0,candidate spectral contributions; arithmetic channel mean; all aliases,sum of unchanged b values on specified channels; no normalization,LIBRARY_SHARING_SUPPORT_NOT_VERIFIED_IDENTITY_DIAGNOSTIC
V58_MILD_CAL_R1_K125,282,PG 18:2_18:3,0.0003499725961376945,0.0003500122975298976,3.9701392203124204e-08,0.00011344143092295865,0.0035906966256489337,0.023941617255998852,PG 18:2_20:3,0.0027213051987095283,0.11366421781360694,"[""PG 18:2_20:3"", ""PG 18:0_18:3"", ""PG 16:1_20:4"", ""PG 17:1_20:2"", ""PG 17:0_20:2""]","[0.0027213051987095283, 0.0024992345165887817, 0.0017507358426367406, 0.0013065528913061165, 0.0011775915402954876]",PG 18:2_20:3,"[""PG 18:2_20:3""]",True,1.5404566511278972e-11,5.191080294318411e-15,6.683555807212248e-13,0.5307753959609354,1.0591858272991292,0.018708615596294068,0.0001987275913046499,True,True,frozen synthetic foreground mean NNLS; production labels only for comparison,"raw postfit residual direction, constrained by NNLS KKT; not absorbed signal fraction",False,False,UNREPORTED_NONTRUTH,0.000787275873699792,,0.7122906741591678,0.8150701344322201,PE 20:0_18:3,PE 20:0_18:3,10,0.09523809523809523,0.6579976634223998,0.0,55,0,55,,FROZEN_CHANNEL_DETECTION_THRESHOLD_NOT_AVAILABLE,,0.043323052995259605,0.4623882739346692,,,0.0,candidate spectral contributions; arithmetic channel mean; all aliases,sum of unchanged b values on specified channels; no normalization,LIBRARY_SHARING_SUPPORT_NOT_VERIFIED_IDENTITY_DIAGNOSTIC
V58_MILD_CAL_R1_K125,283,PG 14:0_22:4,0.0003499725961376945,0.0003499725961376945,0.0,0.0,0.0,0.0,,0.0,0.0,[],[],,[],False,1.5404566511278972e-11,,,0.0,0.0,0.01870755452050573,9.443403339052787e-17,True,False,frozen synthetic foreground mean NNLS; production labels only for comparison,"raw postfit residual direction, constrained by NNLS KKT; not absorbed signal fraction",False,True,FP,0.0020426727360757426,3.6037455516333895e-19,0.9505858330621952,0.9824097012005948,PG 16:1_20:3,PG 16:1_20:3,10,0.06060606060606061,0.64887940285429,0.0,86,0,86,,FROZEN_CHANNEL_DETECTION_THRESHOLD_NOT_AVAILABLE,,0.0,0.0,,,0.0,candidate spectral contributions; arithmetic channel mean; all aliases,sum of unchanged b values on specified channels; no normalization,LIBRARY_SHARING_SUPPORT_NOT_VERIFIED_IDENTITY_DIAGNOSTIC
V58_MILD_CAL_R1_K125,284,PG 16:0_20:4,0.0003499725961376945,0.0003501741929815511,2.015968438566387e-07,0.0005760360825545485,0.009299682990385395,0.05697848068413827,PG 18:2_18:2,0.009876347615536376,0.17333469577949678,"[""PG 18:2_18:2"", ""PG 18:0_18:3"", ""PG 16:0_22:4"", ""PG 16:0_20:2"", ""PG 14:0_22:4""]","[0.009876347615536376, 0.005503174442881648, 0.004732570045051629, 0.004059864806104796, 0.003449373953963192]",PG 18:2_18:2,"[""PG 18:2_18:2""]",True,1.5404566511278972e-11,5.405515543182048e-15,0.025424467574953865,0.5578441895731033,1.1413750379828544,0.018712941858017706,0.00017770351130847893,True,True,frozen synthetic foreground mean NNLS; production labels only for comparison,"raw postfit residual direction, constrained by NNLS KKT; not absorbed signal fraction",False,False,UNREPORTED_NONTRUTH,1.888790632382693e-08,,0.895503872100401,0.9581074756442065,PG 16:1_20:3,PG 16:1_20:3,57,0.4453125,0.8137437576646938,0.0,96,0,96,,FROZEN_CHANNEL_DETECTION_THRESHOLD_NOT_AVAILABLE,,0.020318846258652237,0.20418281498226298,,,0.0,candidate spectral contributions; arithmetic channel mean; all aliases,sum of unchanged b values on specified channels; no normalization,LIBRARY_SHARING_SUPPORT_NOT_VERIFIED_IDENTITY_DIAGNOSTIC
V58_MILD_CAL_R1_K125,285,PG 16:1_20:3,0.0003499725961376945,0.0003499725961376945,0.0,0.0,0.0,0.0,,0.0,0.0,[],[],,[],False,1.5404566511278972e-11,,,0.0,0.0,0.01870755452050573,9.443403339052787e-17,True,False,frozen synthetic foreground mean NNLS; production labels only for comparison,"raw postfit residual direction, constrained by NNLS KKT; not absorbed signal fraction",False,True,FP,0.001289214161974965,0.0,0.9505858330621952,0.9824097012005948,PG 14:0_22:4,PG 14:0_22:4,10,0.06060606060606061,0.7307214541207802,0.0,89,0,89,,FROZEN_CHANNEL_DETECTION_THRESHOLD_NOT_AVAILABLE,,0.0,0.0,,,0.0,candidate spectral contributions; arithmetic channel mean; all aliases,sum of unchanged b values on specified channels; no normalization,LIBRARY_SHARING_SUPPORT_NOT_VERIFIED_IDENTITY_DIAGNOSTIC
V58_MILD_CAL_R1_K125,286,PG 18:1_18:3,0.0003499725961376945,0.0003499725961376945,0.0,0.0,0.0,0.0,,0.0,0.0,[],[],,[],False,1.5404566511278972e-11,,,0.0,0.0,0.01870755452050573,9.443403339052787e-17,True,False,frozen synthetic foreground mean NNLS; production labels only for comparison,"raw postfit residual direction, constrained by NNLS KKT; not absorbed signal fraction",False,True,FP,0.001370795845751901,0.0,0.6479205972638874,0.8181857135621523,PE 20:0_18:3,PG 18:2_18:3,53,0.6973684210526315,0.7640100603581399,0.0,74,0,74,,FROZEN_CHANNEL_DETECTION_THRESHOLD_NOT_AVAILABLE,,0.0,0.0,,,0.0,candidate spectral contributions; arithmetic channel mean; all aliases,sum of unchanged b values on specified channels; no normalization,LIBRARY_SHARING_SUPPORT_NOT_VERIFIED_IDENTITY_DIAGNOSTIC
V58_MILD_CAL_R1_K125,287,PG 18:2_18:2,0.0003499725961376945,0.0003499725961376945,0.0,0.0,0.0,0.0,,0.0,0.0,[],[],,[],False,1.5404566511278972e-11,,,0.0,0.0,0.01870755452050573,9.443403339052787e-17,True,False,frozen synthetic foreground mean NNLS; production labels only for comparison,"raw postfit residual direction, constrained by NNLS KKT; not absorbed signal fraction",True,True,TP,0.010089934786762478,0.0,0.7729457662574198,0.6870695367424894,PG 16:1_20:3,PE O-20:1_18:2,12,0.1791044776119403,0.6458599082079545,0.0,46,0,46,,FROZEN_CHANNEL_DETECTION_THRESHOLD_NOT_AVAILABLE,,0.0,0.0,,,0.0,candidate spectral contributions; arithmetic channel mean; all aliases,sum of unchanged b values on specified channels; no normalization,LIBRARY_SHARING_SUPPORT_NOT_VERIFIED_IDENTITY_DIAGNOSTIC
V58_MILD_CAL_R1_K125,288,PG 14:0_22:3,0.0003499725961376945,0.0003500201302139907,4.753407629624418e-08,0.00013582228061570834,0.019043467595687435,0.05228813787416451,PG 16:0_20:3,0.018332150106676364,0.35059864152063547,"[""PG 16:0_20:3"", ""PG 14:0_24:4"", ""PE O-16:0_22:4"", ""PE 16:0_22:4"", ""PG 18:2_20:2""]","[0.018332150106676364, 0.004563882883786553, 0.0036165817978969193, 0.0030361608315914584, 0.0023631618439190934]",PG 16:0_20:3,"[""PG 16:0_20:3""]",True,1.5404566511278972e-11,-3.601406452588534e-15,-4.024174672643181e-13,0.8445076140043396,1.014246785809907,0.018708824928733256,0.00021802310954674824,True,True,frozen synthetic foreground mean NNLS; production labels only for comparison,"raw postfit residual direction, constrained by NNLS KKT; not absorbed signal fraction",False,True,FP,0.0033807855115930894,1.5799702338861383e-07,0.9838117799363236,0.9927872602988826,PG 16:1_20:2,PG 16:1_20:2,7,0.04242424242424243,0.6330533629915894,0.0,83,0,83,,FROZEN_CHANNEL_DETECTION_THRESHOLD_NOT_AVAILABLE,,0.24798733212705734,0.999998565639747,,,0.0,candidate spectral contributions; arithmetic channel mean; all aliases,sum of unchanged b values on specified channels; no normalization,LIBRARY_SHARING_SUPPORT_NOT_VERIFIED_IDENTITY_DIAGNOSTIC
V58_MILD_CAL_R1_K125,289,PG 16:0_20:3,0.0003499725961376945,0.00034998133799730595,8.741859611465386e-09,2.4978697426490102e-05,0.008003594437453743,0.022226438553956656,PG 14:0_22:3,0.008037107040123843,0.3616012084100406,"[""PG 14:0_22:3"", ""PG 16:0_22:4"", ""PE O-16:0_22:2"", ""PE 16:0_24:4"", ""PE O-16:1_22:4""]","[0.008037107040123843, 0.003009906445019063, 0.0017560607334364334, 0.001143220725061624, 0.0010254327873954888]",PG 14:0_22:3,"[""PG 14:0_22:3""]",True,1.5404566511278972e-11,-2.618755070727699e-15,-6.677169321953495e-13,0.8458801274755755,1.0253238199979042,0.018707788164219367,9.349791233828243e-05,True,True,frozen synthetic foreground mean NNLS; production labels only for comparison,"raw postfit residual direction, constrained by NNLS KKT; not absorbed signal fraction",True,True,TP,0.015527406170321294,2.9056792623825783e-08,0.9733932854933198,0.9909611689375919,PG 16:1_20:2,PG 16:1_20:2,56,0.448,0.7439370031843736,0.0,92,0,92,,FROZEN_CHANNEL_DETECTION_THRESHOLD_NOT_AVAILABLE,,0.011340213666899074,0.09059698012624019,,,0.0,candidate spectral contributions; arithmetic channel mean; all aliases,sum of unchanged b values on specified channels; no normalization,LIBRARY_SHARING_SUPPORT_NOT_VERIFIED_IDENTITY_DIAGNOSTIC
V58_MILD_CAL_R1_K125,290,PG 16:1_20:2,0.0003499725961376945,0.0003499725961376945,0.0,0.0,0.0,0.0,,0.0,0.0,[],[],,[],False,1.5404566511278972e-11,,,0.0,0.0,0.01870755452050573,9.443403339052787e-17,True,False,frozen synthetic foreground mean NNLS; production labels only for comparison,"raw postfit residual direction, constrained by NNLS KKT; not absorbed signal fraction",True,True,TP,0.015847033385083815,0.0,0.9838117799363236,0.9927872602988826,PG 14:0_22:3,PG 14:0_22:3,7,0.04242424242424243,0.6919245764999802,0.0,89,0,89,,FROZEN_CHANNEL_DETECTION_THRESHOLD_NOT_AVAILABLE,,0.0,0.0,,,0.0,candidate spectral contributions; arithmetic channel mean; all aliases,sum of unchanged b values on specified channels; no normalization,LIBRARY_SHARING_SUPPORT_NOT_VERIFIED_IDENTITY_DIAGNOSTIC
V58_MILD_CAL_R1_K125,291,PG 18:0_18:3,0.0003499725961376945,0.00035148695468573506,1.5143585480405816e-06,0.004327077492426549,0.03230552847372267,0.15660977577438112,PG 16:0_20:3,0.016775030921420884,0.10711356196231717,"[""PG 16:0_20:3"", ""PG 18:0_20:5"", ""PE 18:0_22:4"", ""PG 18:2_18:3"", ""PG 18:1_18:3""]","[0.016775030921420884, 0.009881608223157588, 0.009624897484673775, 0.007273871566140572, 0.0063966620851448296]",PG 16:0_20:3,"[""PG 16:0_20:3""]",True,1.5404566511278972e-11,1.2760849569035235e-15,4.137245577379235e-15,0.6851088738594293,1.0417479009680797,0.018747985350051222,0.0008672272969184641,True,True,frozen synthetic foreground mean NNLS; production labels only for comparison,"raw postfit residual direction, constrained by NNLS KKT; not absorbed signal fraction",True,True,TP,0.014890637680764313,5.0335288192311915e-06,0.6169711287365806,0.8203241797509739,PE 20:0_18:3,PE 20:0_18:3,12,0.08955223880597014,0.7625796858498801,0.0,86,0,86,,FROZEN_CHANNEL_DETECTION_THRESHOLD_NOT_AVAILABLE,,0.10409694607211967,0.821467066682428,,,0.0,candidate spectral contributions; arithmetic channel mean; all aliases,sum of unchanged b values on specified channels; no normalization,LIBRARY_SHARING_SUPPORT_NOT_VERIFIED_IDENTITY_DIAGNOSTIC
V58_MILD_CAL_R1_K125,292,PG 18:1_18:2,0.0003499725961376945,0.0003499725961376945,0.0,0.0,0.0,0.0,,0.0,0.0,[],[],,[],False,1.5404566511278972e-11,,,0.0,0.0,0.01870755452050573,9.443403339052787e-17,True,False,frozen synthetic foreground mean NNLS; production labels only for comparison,"raw postfit residual direction, constrained by NNLS KKT; not absorbed signal fraction",False,True,FP,0.0044418383796973465,0.0,0.6250586941070423,0.7611010039784664,PG 16:1_20:2,PG 16:1_20:2,7,0.04697986577181208,0.7309623744001345,0.0,67,0,67,,FROZEN_CHANNEL_DETECTION_THRESHOLD_NOT_AVAILABLE,,0.0,0.0,,,0.0,candidate spectral contributions; arithmetic channel mean; all aliases,sum of unchanged b values on specified channels; no normalization,LIBRARY_SHARING_SUPPORT_NOT_VERIFIED_IDENTITY_DIAGNOSTIC
V58_MILD_CAL_R1_K125,293,PG 14:0_22:2,0.0003499725961376945,0.0003499725961376945,0.0,0.0,0.0,0.0,,0.0,0.0,[],[],,[],False,1.5404566511278972e-11,,,0.0,0.0,0.01870755452050573,9.443403339052787e-17,True,False,frozen synthetic foreground mean NNLS; production labels only for comparison,"raw postfit residual direction, constrained by NNLS KKT; not absorbed signal fraction",False,False,UNREPORTED_NONTRUTH,0.00064795575351796,,0.9917278075392152,0.9956999767490753,PG 16:1_20:1,PG 16:1_20:1,9,0.05555555555555555,0.4799908172502058,0.0,83,0,83,,FROZEN_CHANNEL_DETECTION_THRESHOLD_NOT_AVAILABLE,,0.0,0.0,,,0.0,candidate spectral contributions; arithmetic channel mean; all aliases,sum of unchanged b values on specified channels; no normalization,LIBRARY_SHARING_SUPPORT_NOT_VERIFIED_IDENTITY_DIAGNOSTIC
V58_MILD_CAL_R1_K125,294,PG 16:0_20:2,0.0003499725961376945,0.00035000705736013254,3.446122243805621e-08,9.846834500730256e-05,0.003701688177532836,0.018343866254469297,PG 16:1_20:1,0.0025340234660376905,0.13814009711732178,"[""PG 16:1_20:1"", ""PG 18:0_18:2"", ""PG 16:0_22:4"", ""PG 17:0_20:2"", ""PG 17:1_20:2""]","[0.0025340234660376905, 0.0017197750103541201, 0.0016565778839715169, 0.0014107276396779361, 0.001346212093284286]",PG 16:1_20:1,"[""PG 16:1_20:1""]",True,1.5404566511278972e-11,-8.33791011732116e-16,0.06631967966865986,0.6689838300912048,1.0718747618876516,0.018708475548802277,8.235187360705383e-05,True,True,frozen synthetic foreground mean NNLS; production labels only for comparison,"raw postfit residual direction, constrained by NNLS KKT; not absorbed signal fraction",False,True,FP,0.010324831117978123,1.1454457500220701e-07,0.9793705984668861,0.9930135420910292,PG 16:1_20:1,PG 16:1_20:1,58,0.47540983606557374,0.6833202273909914,0.0,92,0,92,,FROZEN_CHANNEL_DETECTION_THRESHOLD_NOT_AVAILABLE,,0.007883860183129587,0.0596625375416283,,,0.0,candidate spectral contributions; arithmetic channel mean; all aliases,sum of unchanged b values on specified channels; no normalization,LIBRARY_SHARING_SUPPORT_NOT_VERIFIED_IDENTITY_DIAGNOSTIC
V58_MILD_CAL_R1_K125,295,PG 16:1_20:1,0.0003499725961376945,0.0003499725961376945,0.0,0.0,0.0,0.0,,0.0,0.0,[],[],,[],False,1.5404566511278972e-11,,,0.0,0.0,0.01870755452050573,9.443403339052787e-17,True,False,frozen synthetic foreground mean NNLS; production labels only for comparison,"raw postfit residual direction, constrained by NNLS KKT; not absorbed signal fraction",False,True,FP,0.001256993467011039,0.0,0.9917278075392152,0.9956999767490753,PG 14:0_22:2,PG 14:0_22:2,9,0.05555555555555555,0.521322267708905,0.0,88,0,88,,FROZEN_CHANNEL_DETECTION_THRESHOLD_NOT_AVAILABLE,,0.0,0.0,,,0.0,candidate spectral contributions; arithmetic channel mean; all aliases,sum of unchanged b values on specified channels; no normalization,LIBRARY_SHARING_SUPPORT_NOT_VERIFIED_IDENTITY_DIAGNOSTIC
V58_MILD_CAL_R1_K125,296,PG 18:0_18:2,0.0003499725961376945,0.00035109169630964253,1.1191001719480483e-06,0.0031976794214769494,0.026619942743052113,0.11057998741140992,PG 16:0_20:2,0.01726594586822484,0.1561398791250645,"[""PG 16:0_20:2"", ""PG 18:2_18:2"", ""PG 18:0_18:3"", ""PG 18:0_20:5"", ""PG 18:0_18:1""]","[0.01726594586822484, 0.016387870339954574, 0.009466610440776915, 0.005508354183731757, 0.004289018659144771]",PG 16:0_20:2,"[""PG 16:0_20:2""]",True,1.5404566511278972e-11,-9.28563497108954e-16,-1.1106628866994256e-13,0.7994326762063693,1.132413409897008,0.01873744102885029,0.0006782610164281627,True,True,frozen synthetic foreground mean NNLS; production labels only for comparison,"raw postfit residual direction, constrained by NNLS KKT; not absorbed signal fraction",True,True,TP,0.013002382032342611,3.719741916069899e-06,0.6336685277097162,0.7626926613152747,PG 16:1_20:1,PG 16:1_20:1,9,0.05389221556886228,0.7322055062964412,0.0,88,0,88,,FROZEN_CHANNEL_DETECTION_THRESHOLD_NOT_AVAILABLE,,0.054253527909328136,0.32578966860503833,,,0.0,candidate spectral contributions; arithmetic channel mean; all aliases,sum of unchanged b values on specified channels; no normalization,LIBRARY_SHARING_SUPPORT_NOT_VERIFIED_IDENTITY_DIAGNOSTIC
V58_MILD_CAL_R1_K125,297,PG 18:1_18:1,0.0003499725961376945,0.0003499725961376945,0.0,0.0,0.0,0.0,,0.0,0.0,[],[],,[],False,1.5404566511278972e-11,,,0.0,0.0,0.01870755452050573,9.443403339052787e-17,True,False,frozen synthetic foreground mean NNLS; production labels only for comparison,"raw postfit residual direction, constrained by NNLS KKT; not absorbed signal fraction",False,False,UNREPORTED_NONTRUTH,0.0,,0.6787772237740505,0.8349495672740068,PG 16:1_20:1,PE 20:0_18:1,16,0.14285714285714285,0.4776342459821582,0.0,58,0,58,,FROZEN_CHANNEL_DETECTION_THRESHOLD_NOT_AVAILABLE,,0.0,0.0,,,0.0,candidate spectral contributions; arithmetic channel mean; all aliases,sum of unchanged b values on specified channels; no normalization,LIBRARY_SHARING_SUPPORT_NOT_VERIFIED_IDENTITY_DIAGNOSTIC
V58_MILD_CAL_R1_K125,298,PG 14:0_22:1,0.0003499725961376945,0.0003499725961376945,0.0,0.0,0.0,0.0,,0.0,0.0,[],[],,[],False,1.5404566511278972e-11,,,0.0,0.0,0.01870755452050573,9.443403339052787e-17,True,False,frozen synthetic foreground mean NNLS; production labels only for comparison,"raw postfit residual direction, constrained by NNLS KKT; not absorbed signal fraction",True,True,TP,0.01155996086566057,1.2613109430716862e-18,0.9631691172181469,0.9789214698943107,PG 16:0_20:1,PG 16:0_20:1,10,0.06172839506172839,0.25329146575286204,0.0,82,0,82,,FROZEN_CHANNEL_DETECTION_THRESHOLD_NOT_AVAILABLE,,0.0,0.0,,,0.0,candidate spectral contributions; arithmetic channel mean; all aliases,sum of unchanged b values on specified channels; no normalization,LIBRARY_SHARING_SUPPORT_NOT_VERIFIED_IDENTITY_DIAGNOSTIC
V58_MILD_CAL_R1_K125,299,PG 16:0_20:1,0.0003499725961376945,0.0003503751342272979,4.025380896034063e-07,0.001150198880985617,0.017649817772303206,0.06656691763262276,PG 14:0_22:1,0.017124867820129622,0.2572579357569637,"[""PG 14:0_22:1"", ""PG 16:0_20:3"", ""PG 16:0_22:4"", ""PE O-16:0_22:3"", ""PG 17:1_20:2""]","[0.017124867820129622, 0.012647956217425642, 0.005828493568714099, 0.002710441009109379, 0.002667672159995374]",PG 14:0_22:1,"[""PG 14:0_22:1""]",True,1.5404566511278972e-11,2.3603898408782263e-15,0.04455387427040963,0.7259809167326524,1.0257833885012497,0.01871831013278971,0.00022932887270801861,True,True,frozen synthetic foreground mean NNLS; production labels only for comparison,"raw postfit residual direction, constrained by NNLS KKT; not absorbed signal fraction",True,True,TP,0.0018189345559419432,1.3379837142782399e-06,0.9631691172181469,0.9789214698943107,PG 14:0_22:1,PG 14:0_22:1,10,0.06172839506172839,0.507771654276867,0.0,90,0,90,,FROZEN_CHANNEL_DETECTION_THRESHOLD_NOT_AVAILABLE,,0.05310368077772295,0.5660549043682479,,,0.0,candidate spectral contributions; arithmetic channel mean; all aliases,sum of unchanged b values on specified channels; no normalization,LIBRARY_SHARING_SUPPORT_NOT_VERIFIED_IDENTITY_DIAGNOSTIC
V58_MILD_CAL_R1_K125,300,PG 20:0_16:1,0.0003499725961376945,0.0003499725961376945,0.0,0.0,0.0,0.0,,0.0,0.0,[],[],,[],False,1.5404566511278972e-11,,,0.0,0.0,0.01870755452050573,9.443403339052787e-17,True,False,frozen synthetic foreground mean NNLS; production labels only for comparison,"raw postfit residual direction, constrained by NNLS KKT; not absorbed signal fraction",False,True,FP,0.002898433820575138,0.0,0.6836826805426119,0.6966961409726665,PE 22:0_16:1,PE 22:0_16:1,11,0.08661417322834646,0.32213332936046907,0.0,87,0,87,,FROZEN_CHANNEL_DETECTION_THRESHOLD_NOT_AVAILABLE,,0.0,0.0,,,0.0,candidate spectral contributions; arithmetic channel mean; all aliases,sum of unchanged b values on specified channels; no normalization,LIBRARY_SHARING_SUPPORT_NOT_VERIFIED_IDENTITY_DIAGNOSTIC
V58_MILD_CAL_R1_K125,301,PG 18:0_18:1,0.0003499725961376945,0.0003499725961376945,0.0,0.0,0.0,0.0,,0.0,0.0,[],[],,[],False,1.5404566511278972e-11,,,0.0,0.0,0.01870755452050573,9.443403339052787e-17,True,False,frozen synthetic foreground mean NNLS; production labels only for comparison,"raw postfit residual direction, constrained by NNLS KKT; not absorbed signal fraction",False,True,FP,0.0019951314473399093,0.0,0.6334015611625333,0.7742230940362821,PG 14:0_22:1,PG 14:0_22:1,10,0.06622516556291391,0.4739499879353902,0.0,79,0,79,,FROZEN_CHANNEL_DETECTION_THRESHOLD_NOT_AVAILABLE,,0.0,0.0,,,0.0,candidate spectral contributions; arithmetic channel mean; all aliases,sum of unchanged b values on specified channels; no normalization,LIBRARY_SHARING_SUPPORT_NOT_VERIFIED_IDENTITY_DIAGNOSTIC
V58_MILD_CAL_R1_K125,302,PG 14:0_22:0,0.0003499725961376945,0.0003499725961376945,0.0,0.0,0.0,0.0,,0.0,0.0,[],[],,[],False,1.5404566511278972e-11,,,0.0,0.0,0.01870755452050573,9.443403339052787e-17,True,False,frozen synthetic foreground mean NNLS; production labels only for comparison,"raw postfit residual direction, constrained by NNLS KKT; not absorbed signal fraction",False,False,UNREPORTED_NONTRUTH,1.170311055490236e-06,,0.9098349734462544,0.9326504962605439,PG 16:0_20:0,PG 16:0_20:0,10,0.06329113924050633,0.14490669803520567,0.0,76,4,80,,FROZEN_CHANNEL_DETECTION_THRESHOLD_NOT_AVAILABLE,0.0,0.0,0.0,0.0,0.0,0.0,candidate spectral contributions; arithmetic channel mean; all aliases,sum of unchanged b values on specified channels; no normalization,LIBRARY_SHARING_SUPPORT_NOT_VERIFIED_IDENTITY_DIAGNOSTIC
V58_MILD_CAL_R1_K125,303,PG 16:0_20:0,0.0003499725961376945,0.0003499725961376945,0.0,0.0,0.0,0.0,,0.0,0.0,[],[],,[],False,1.5404566511278972e-11,,,0.0,0.0,0.01870755452050573,9.443403339052787e-17,True,False,frozen synthetic foreground mean NNLS; production labels only for comparison,"raw postfit residual direction, constrained by NNLS KKT; not absorbed signal fraction",False,False,UNREPORTED_NONTRUTH,0.00034176381257015453,,0.9098349734462544,0.9326504962605439,PG 14:0_22:0,PG 14:0_22:0,10,0.06329113924050633,0.31989887950633883,0.0,88,0,88,,FROZEN_CHANNEL_DETECTION_THRESHOLD_NOT_AVAILABLE,,0.0,0.0,,,0.0,candidate spectral contributions; arithmetic channel mean; all aliases,sum of unchanged b values on specified channels; no normalization,LIBRARY_SHARING_SUPPORT_NOT_VERIFIED_IDENTITY_DIAGNOSTIC
V58_MILD_CAL_R1_K125,304,PG 18:0_18:0,0.0003499725961376945,0.0003499725961376945,0.0,0.0,0.0,0.0,,0.0,0.0,[],[],,[],False,1.5404566511278972e-11,,,0.0,0.0,0.01870755452050573,9.443403339052787e-17,True,False,frozen synthetic foreground mean NNLS; production labels only for comparison,"raw postfit residual direction, constrained by NNLS KKT; not absorbed signal fraction",False,True,FP,0.0020266256001450875,0.0,0.7773785213594855,0.607988867875907,PA 18:0_22:5,PC O-16:1_18:0,13,0.16049382716049382,0.34671706202611796,0.0,59,0,59,,FROZEN_CHANNEL_DETECTION_THRESHOLD_NOT_AVAILABLE,,0.0,0.0,,,0.0,candidate spectral contributions; arithmetic channel mean; all aliases,sum of unchanged b values on specified channels; no normalization,LIBRARY_SHARING_SUPPORT_NOT_VERIFIED_IDENTITY_DIAGNOSTIC
V58_MILD_CAL_R1_K125,305,PG 16:1_22:6,0.0003499725961376945,0.00036157183254084067,1.1599236403146186e-05,0.03314327035320008,0.02335922309200119,0.2282549847232935,PG 16:0_20:3,0.022975861298713093,0.1006587493651688,"[""PG 16:0_20:3"", ""PE 16:1_22:2"", ""PG 18:3_20:4"", ""PE O-16:0_22:3"", ""PE 18:2_22:6""]","[0.022975861298713093, 0.01957159771858086, 0.016675432047290037, 0.015654706428086973, 0.013796172458730934]",PG 16:0_20:3,"[""PG 16:0_20:3""]",True,1.5404566511278972e-11,-1.6406076306483406e-16,-1.1821894386788958e-14,0.34948366441727513,1.0489593813152824,0.019015042270288024,0.001988238093573058,True,True,frozen synthetic foreground mean NNLS; production labels only for comparison,"raw postfit residual direction, constrained by NNLS KKT; not absorbed signal fraction",False,False,UNREPORTED_NONTRUTH,0.00015543663922989927,,0.9234151828205017,0.8630897869781091,PE 16:1_22:6,PE 16:1_22:6,27,0.23478260869565218,0.7515747866948451,0.0,81,0,81,,FROZEN_CHANNEL_DETECTION_THRESHOLD_NOT_AVAILABLE,,0.2648467871417109,0.9999999981682425,,,0.0,candidate spectral contributions; arithmetic channel mean; all aliases,sum of unchanged b values on specified channels; no normalization,LIBRARY_SHARING_SUPPORT_NOT_VERIFIED_IDENTITY_DIAGNOSTIC
V58_MILD_CAL_R1_K125,306,PG 18:2_20:5,0.0003499725961376945,0.0003499725961376945,0.0,0.0,0.0,0.0,,0.0,0.0,[],[],,[],False,1.5404566511278972e-11,,,0.0,0.0,0.01870755452050573,9.443403339052787e-17,True,False,frozen synthetic foreground mean NNLS; production labels only for comparison,"raw postfit residual direction, constrained by NNLS KKT; not absorbed signal fraction",False,True,FP,0.0028940270785341995,0.0,0.8063714209141534,0.6488491038174617,PE 18:2_20:5,PE 18:2_20:5,31,0.2246376811594203,1.108811154766833,0.0,89,0,89,,FROZEN_CHANNEL_DETECTION_THRESHOLD_NOT_AVAILABLE,,0.0,0.0,,,0.0,candidate spectral contributions; arithmetic channel mean; all aliases,sum of unchanged b values on specified channels; no normalization,LIBRARY_SHARING_SUPPORT_NOT_VERIFIED_IDENTITY_DIAGNOSTIC
V58_MILD_CAL_R1_K125,307,PG 18:3_20:4,0.0003499725961376945,0.0003499725961376945,0.0,0.0,0.0,0.0,,0.0,0.0,[],[],,[],False,1.5404566511278972e-11,,,0.0,0.0,0.01870755452050573,9.443403339052787e-17,True,False,frozen synthetic foreground mean NNLS; production labels only for comparison,"raw postfit residual direction, constrained by NNLS KKT; not absorbed signal fraction",True,True,TP,0.011226211781244297,3.6037455516333895e-19,0.8883052413375818,0.8099387459305206,PE 18:3_20:4,PE 18:3_20:4,30,0.23076923076923078,0.955701809918919,0.0,86,0,86,,FROZEN_CHANNEL_DETECTION_THRESHOLD_NOT_AVAILABLE,,0.0,0.0,,,0.0,candidate spectral contributions; arithmetic channel mean; all aliases,sum of unchanged b values on specified channels; no normalization,LIBRARY_SHARING_SUPPORT_NOT_VERIFIED_IDENTITY_DIAGNOSTIC
V58_MILD_CAL_R1_K125,308,PG 16:0_22:6,0.0003499725961376945,0.0003499949555024554,2.235936476089771e-08,6.388890142761823e-05,0.0002805818827267114,0.0031386924130075936,PG 16:0_20:3,0.0004268848984225332,0.1360072419066612,"[""PG 16:0_20:3"", ""PG 16:0_22:4"", ""PE O-16:0_22:3"", ""PE O-18:0_20:4"", ""PE 20:3_20:4""]","[0.0004268848984225332, 0.0003379471713666222, 0.00024203283930645907, 0.00015082775525670057, 0.00013732238831789916]",PG 16:0_20:3,"[""PG 16:0_20:3""]",True,1.5404566511278972e-11,2.610169572617547e-17,-1.6468674465440317e-13,0.2290804046893248,0.8166422405822534,0.01870815211351605,0.00012073658084644221,True,True,frozen synthetic foreground mean NNLS; production labels only for comparison,"raw postfit residual direction, constrained by NNLS KKT; not absorbed signal fraction",False,False,UNREPORTED_NONTRUTH,0.0,,0.7991402253068474,0.7249106579162166,PE 16:0_22:6,PE 16:0_22:6,30,0.2542372881355932,0.7645895851599754,0.0,86,0,86,,FROZEN_CHANNEL_DETECTION_THRESHOLD_NOT_AVAILABLE,,0.0058795947806761315,0.22696913713412373,,,0.0,candidate spectral contributions; arithmetic channel mean; all aliases,sum of unchanged b values on specified channels; no normalization,LIBRARY_SHARING_SUPPORT_NOT_VERIFIED_IDENTITY_DIAGNOSTIC
V58_MILD_CAL_R1_K125,309,PG 16:1_22:5,0.0003499725961376945,0.0003499725961376945,0.0,0.0,0.0,0.0,,0.0,0.0,[],[],,[],False,1.5404566511278972e-11,,,0.0,0.0,0.01870755452050573,9.443403339052787e-17,True,False,frozen synthetic foreground mean NNLS; production labels only for comparison,"raw postfit residual direction, constrained by NNLS KKT; not absorbed signal fraction",False,False,UNREPORTED_NONTRUTH,0.0,,0.8657216016325603,0.746236912674345,PE 16:1_22:5,PE 16:1_22:5,24,0.2,0.5961663160356588,0.0,83,0,83,,FROZEN_CHANNEL_DETECTION_THRESHOLD_NOT_AVAILABLE,,0.0,0.0,,,0.0,candidate spectral contributions; arithmetic channel mean; all aliases,sum of unchanged b values on specified channels; no normalization,LIBRARY_SHARING_SUPPORT_NOT_VERIFIED_IDENTITY_DIAGNOSTIC
V58_MILD_CAL_R1_K125,310,PG 18:1_20:5,0.0003499725961376945,0.0003499725961376945,0.0,0.0,0.0,0.0,,0.0,0.0,[],[],,[],False,1.5404566511278972e-11,,,0.0,0.0,0.01870755452050573,9.443403339052787e-17,True,False,frozen synthetic foreground mean NNLS; production labels only for comparison,"raw postfit residual direction, constrained by NNLS KKT; not absorbed signal fraction",False,False,UNREPORTED_NONTRUTH,1.3557689195370214e-06,,0.7719148346762996,0.64254052606173,PE 18:1_20:5,PE 18:1_20:5,32,0.2222222222222222,0.9525854338143759,0.0,96,0,96,,FROZEN_CHANNEL_DETECTION_THRESHOLD_NOT_AVAILABLE,,0.0,0.0,,,0.0,candidate spectral contributions; arithmetic channel mean; all aliases,sum of unchanged b values on specified channels; no normalization,LIBRARY_SHARING_SUPPORT_NOT_VERIFIED_IDENTITY_DIAGNOSTIC
V58_MILD_CAL_R1_K125,311,PG 18:2_20:4,0.0003499725961376945,0.0003499725961376945,0.0,0.0,0.0,0.0,,0.0,0.0,[],[],,[],False,1.5404566511278972e-11,,,0.0,0.0,0.01870755452050573,9.443403339052787e-17,True,False,frozen synthetic foreground mean NNLS; production labels only for comparison,"raw postfit residual direction, constrained by NNLS KKT; not absorbed signal fraction",False,False,UNREPORTED_NONTRUTH,0.0,,0.8407819923099085,0.6748548418850087,PE 18:2_20:4,PE 18:2_20:4,33,0.22448979591836735,1.1822995385911885,0.0,97,0,97,,FROZEN_CHANNEL_DETECTION_THRESHOLD_NOT_AVAILABLE,,0.0,0.0,,,0.0,candidate spectral contributions; arithmetic channel mean; all aliases,sum of unchanged b values on specified channels; no normalization,LIBRARY_SHARING_SUPPORT_NOT_VERIFIED_IDENTITY_DIAGNOSTIC
V58_MILD_CAL_R1_K125,312,PG 16:0_22:5,0.0003499725961376945,0.0003499725961376945,0.0,0.0,0.0,0.0,,0.0,0.0,[],[],,[],False,1.5404566511278972e-11,,,0.0,0.0,0.01870755452050573,9.443403339052787e-17,True,False,frozen synthetic foreground mean NNLS; production labels only for comparison,"raw postfit residual direction, constrained by NNLS KKT; not absorbed signal fraction",True,True,TP,0.008517523695032378,0.0,0.7094802301100913,0.6546772648517466,PA 22:5_22:5,PE 16:0_22:5,27,0.23275862068965517,0.5806222013057306,0.0,81,0,81,,FROZEN_CHANNEL_DETECTION_THRESHOLD_NOT_AVAILABLE,,0.0,0.0,,,0.0,candidate spectral contributions; arithmetic channel mean; all aliases,sum of unchanged b values on specified channels; no normalization,LIBRARY_SHARING_SUPPORT_NOT_VERIFIED_IDENTITY_DIAGNOSTIC
V58_MILD_CAL_R1_K125,313,PG 16:1_22:4,0.0003499725961376945,0.0003499725961376945,0.0,0.0,0.0,0.0,,0.0,0.0,[],[],,[],False,1.5404566511278972e-11,,,0.0,0.0,0.01870755452050573,9.443403339052787e-17,True,False,frozen synthetic foreground mean NNLS; production labels only for comparison,"raw postfit residual direction, constrained by NNLS KKT; not absorbed signal fraction",True,False,FN,5.716406629799129e-05,,0.7237928236138749,0.6237593082022754,PA 22:4_22:6,PE 16:1_22:4,23,0.18110236220472442,0.6758040932420347,0.0,87,0,87,,FROZEN_CHANNEL_DETECTION_THRESHOLD_NOT_AVAILABLE,,0.0,0.0,,,0.0,candidate spectral contributions; arithmetic channel mean; all aliases,sum of unchanged b values on specified channels; no normalization,LIBRARY_SHARING_SUPPORT_NOT_VERIFIED_IDENTITY_DIAGNOSTIC
V58_MILD_CAL_R1_K125,314,PG 18:0_20:5,0.0003499725961376945,0.0003508870891934965,9.144930558019956e-07,0.002613041887511536,0.01305635231928067,0.1259115642846381,PG 18:2_20:3,0.0116578192852115,0.09258735963890515,"[""PG 18:2_20:3"", ""PG 18:0_18:3"", ""PE O-20:2_20:4"", ""PE O-18:1_22:2"", ""PG 17:1_20:1""]","[0.0116578192852115, 0.007864291026809342, 0.0056368660293574496, 0.005610094857308123, 0.005430240413090481]",PG 18:2_20:3,"[""PG 18:2_20:3""]",True,1.5404566511278972e-11,-3.455601409501202e-16,3.816131189486947e-14,0.39096052215395605,1.06783473099923,0.018731980386320513,0.0007648781940367754,True,True,frozen synthetic foreground mean NNLS; production labels only for comparison,"raw postfit residual direction, constrained by NNLS KKT; not absorbed signal fraction",False,True,FP,0.017001584728845415,3.0396547484229727e-06,0.6681402722839712,0.7021630983096168,PE 18:0_20:5,PE 18:0_20:5,32,0.2302158273381295,0.8539265184519367,0.0,96,0,96,,FROZEN_CHANNEL_DETECTION_THRESHOLD_NOT_AVAILABLE,,0.09297558766751622,0.9999999941022377,,,0.0,candidate spectral contributions; arithmetic channel mean; all aliases,sum of unchanged b values on specified channels; no normalization,LIBRARY_SHARING_SUPPORT_NOT_VERIFIED_IDENTITY_DIAGNOSTIC
V58_MILD_CAL_R1_K125,315,PG 18:1_20:4,0.0003499725961376945,0.0003500576324393881,8.503630169362205e-08,0.00024297988582278933,0.005152247259527911,0.04142225893144417,PG 18:2_20:3,0.0048770346964733605,0.11773946718906249,"[""PG 18:2_20:3"", ""PG 18:1_18:3"", ""PG 16:0_22:4"", ""PE O-18:1_22:2"", ""PE O-20:2_20:4""]","[0.0048770346964733605, 0.0022748850823022184, 0.0021339828999836115, 0.0020361877864487204, 0.0017211891263693687]",PG 18:2_20:3,"[""PG 18:2_20:3""]",True,1.5404566511278972e-11,1.9056832845496346e-15,3.555205164422829e-13,0.5845209904331059,1.4507661753197465,0.018709827162199776,0.00020068876372450193,True,True,frozen synthetic foreground mean NNLS; production labels only for comparison,"raw postfit residual direction, constrained by NNLS KKT; not absorbed signal fraction",False,True,FP,0.0013599090437731583,2.826494926257116e-07,0.7322783668462836,0.6157541224252143,PE 18:1_20:4,PE 18:1_20:4,34,0.2222222222222222,1.0259318844397796,0.0,104,0,104,,FROZEN_CHANNEL_DETECTION_THRESHOLD_NOT_AVAILABLE,,0.04331180988120776,0.6159230838145835,,,0.0,candidate spectral contributions; arithmetic channel mean; all aliases,sum of unchanged b values on specified channels; no normalization,LIBRARY_SHARING_SUPPORT_NOT_VERIFIED_IDENTITY_DIAGNOSTIC
V58_MILD_CAL_R1_K125,316,PG 18:2_20:3,0.0003499725961376945,0.0003511989809180861,1.226384780391636e-06,0.003504230875279423,0.032728874584537285,0.2048765481459343,PG 16:0_22:5,0.015134553498436194,0.07387157600674688,"[""PG 16:0_22:5"", ""PG 18:2_20:2"", ""PG 14:0_22:3"", ""PE O-16:1_22:3"", ""PG 18:2_18:2""]","[0.015134553498436194, 0.011814832229603063, 0.009139369597391808, 0.008925229898941511, 0.008258712808468125]",PG 16:0_22:5,"[""PG 16:0_22:5""]",True,1.5404566511278972e-11,1.1194755660088628e-15,0.008073963364267793,0.6344538737614234,1.1662163216334211,0.0187403036506372,0.0008555302015734415,True,True,frozen synthetic foreground mean NNLS; production labels only for comparison,"raw postfit residual direction, constrained by NNLS KKT; not absorbed signal fraction",True,True,TP,0.021618551816150515,4.076341856791245e-06,0.7413210203759275,0.606594049217869,PG 16:1_22:4,PE 18:2_20:3,22,0.16176470588235295,1.0917313498488355,0.0,89,0,89,,FROZEN_CHANNEL_DETECTION_THRESHOLD_NOT_AVAILABLE,,0.1136687956219554,0.5829140703443926,,,0.0,candidate spectral contributions; arithmetic channel mean; all aliases,sum of unchanged b values on specified channels; no normalization,LIBRARY_SHARING_SUPPORT_NOT_VERIFIED_IDENTITY_DIAGNOSTIC
V58_MILD_CAL_R1_K125,317,PG 20:2_18:3,0.0003499725961376945,0.0003499725961376945,0.0,0.0,0.0,0.0,,0.0,0.0,[],[],,[],False,1.5404566511278972e-11,,,0.0,0.0,0.01870755452050573,9.443403339052787e-17,True,False,frozen synthetic foreground mean NNLS; production labels only for comparison,"raw postfit residual direction, constrained by NNLS KKT; not absorbed signal fraction",True,True,TP,0.0059253794503390305,0.0,0.6351189131239832,0.8365896708858919,PE 20:0_18:3,PE 20:2_20:2,11,0.11702127659574468,0.8216436695930829,0.0,76,0,76,,FROZEN_CHANNEL_DETECTION_THRESHOLD_NOT_AVAILABLE,,0.0,0.0,,,0.0,candidate spectral contributions; arithmetic channel mean; all aliases,sum of unchanged b values on specified channels; no normalization,LIBRARY_SHARING_SUPPORT_NOT_VERIFIED_IDENTITY_DIAGNOSTIC
V58_MILD_CAL_R1_K125,318,PG 14:0_24:4,0.0003499725961376945,0.00034998520065262156,1.2604514927074765e-08,3.60157196025139e-05,0.0028505999376368042,0.0238830019446087,PG 14:0_22:3,0.008133980156578503,0.34057612083702377,"[""PG 14:0_22:3"", ""PG 16:0_22:4"", ""PE 16:0_24:4"", ""PE O-16:0_22:2"", ""PE O-16:1_22:4""]","[0.008133980156578503, 0.0030931538323503063, 0.0016960439899178946, 0.0013064892370338692, 0.0009481688955608053]",PG 14:0_22:3,"[""PG 14:0_22:3""]",True,1.5404566511278972e-11,-3.087015641545688e-15,-6.335606758268225e-13,0.31303755616363327,1.0956299276384458,0.018707891400492508,0.0001122698308855258,True,True,frozen synthetic foreground mean NNLS; production labels only for comparison,"raw postfit residual direction, constrained by NNLS KKT; not absorbed signal fraction",False,False,UNREPORTED_NONTRUTH,7.549704821641422e-07,,0.7637798863769099,0.700087388857519,PG 18:2_20:2,PG 18:2_20:2,7,0.04242424242424243,0.10626106587899416,0.0,73,10,83,,FROZEN_CHANNEL_DETECTION_THRESHOLD_NOT_AVAILABLE,0.0,0.20166144411910433,0.9999999768969827,0.9999941314926142,0.0,9.404601326313821e-05,candidate spectral contributions; arithmetic channel mean; all aliases,sum of unchanged b values on specified channels; no normalization,LIBRARY_SHARING_SUPPORT_NOT_VERIFIED_IDENTITY_DIAGNOSTIC
V58_MILD_CAL_R1_K125,319,PG 16:0_22:4,0.0003499725961376945,0.0003500545615011139,8.196536341943976e-08,0.000234205089455021,0.011114460457097542,0.06649239887993867,PG 16:0_20:3,0.018082773695862316,0.27195249382175757,"[""PG 16:0_20:3"", ""PE O-16:0_22:4"", ""PG 18:2_20:2"", ""PG 14:0_24:4"", ""PE 16:0_22:4""]","[0.018082773695862316, 0.006021945966812712, 0.005773614683651989, 0.004559235525649656, 0.003789034893356368]",PG 16:0_20:3,"[""PG 16:0_20:3""]",True,1.5404566511278972e-11,-2.4073991266739043e-15,-2.5623599877760476e-13,0.5253445236490191,1.2082207024376102,0.018709745094498593,0.0002552766223963151,True,True,frozen synthetic foreground mean NNLS; production labels only for comparison,"raw postfit residual direction, constrained by NNLS KKT; not absorbed signal fraction",False,True,FP,0.0022022639456108183,2.7244209733859825e-07,0.7623938569900558,0.8735013754168457,PG 18:2_20:2,PG 18:2_20:2,7,0.04142011834319527,0.6588480376867425,0.0,87,0,87,,FROZEN_CHANNEL_DETECTION_THRESHOLD_NOT_AVAILABLE,,0.11456878999420449,0.9999999668136469,,,0.0,candidate spectral contributions; arithmetic channel mean; all aliases,sum of unchanged b values on specified channels; no normalization,LIBRARY_SHARING_SUPPORT_NOT_VERIFIED_IDENTITY_DIAGNOSTIC
V58_MILD_CAL_R1_K125,320,PG 16:1_22:3,0.0003499725961376945,0.0003499725961376945,0.0,0.0,0.0,0.0,,0.0,0.0,[],[],,[],False,1.5404566511278972e-11,,,0.0,0.0,0.01870755452050573,9.443403339052787e-17,True,False,frozen synthetic foreground mean NNLS; production labels only for comparison,"raw postfit residual direction, constrained by NNLS KKT; not absorbed signal fraction",False,False,UNREPORTED_NONTRUTH,6.253566164112893e-08,,0.8489350701121507,0.9182610822031387,PG 18:2_20:2,PG 18:2_20:2,7,0.041666666666666664,0.6661297118346277,0.0,86,0,86,,FROZEN_CHANNEL_DETECTION_THRESHOLD_NOT_AVAILABLE,,0.0,0.0,,,0.0,candidate spectral contributions; arithmetic channel mean; all aliases,sum of unchanged b values on specified channels; no normalization,LIBRARY_SHARING_SUPPORT_NOT_VERIFIED_IDENTITY_DIAGNOSTIC
V58_MILD_CAL_R1_K125,321,PG 18:0_20:4,0.0003499725961376945,0.0003499725961376945,0.0,0.0,0.0,0.0,,0.0,0.0,[],[],,[],False,1.5404566511278972e-11,,,0.0,0.0,0.01870755452050573,9.443403339052787e-17,True,False,frozen synthetic foreground mean NNLS; production labels only for comparison,"raw postfit residual direction, constrained by NNLS KKT; not absorbed signal fraction",True,True,TP,0.022392163136276916,0.0,0.7129302377255369,0.8373795493919001,PG 18:2_20:2,PG 18:2_20:2,28,0.16766467065868262,0.9258610282519766,0.0,106,0,106,,FROZEN_CHANNEL_DETECTION_THRESHOLD_NOT_AVAILABLE,,0.0,0.0,,,0.0,candidate spectral contributions; arithmetic channel mean; all aliases,sum of unchanged b values on specified channels; no normalization,LIBRARY_SHARING_SUPPORT_NOT_VERIFIED_IDENTITY_DIAGNOSTIC
V58_MILD_CAL_R1_K125,322,PG 18:1_20:3,0.0003499725961376945,0.0003499725961376945,0.0,0.0,0.0,0.0,,0.0,0.0,[],[],,[],False,1.5404566511278972e-11,,,0.0,0.0,0.01870755452050573,9.443403339052787e-17,True,False,frozen synthetic foreground mean NNLS; production labels only for comparison,"raw postfit residual direction, constrained by NNLS KKT; not absorbed signal fraction",True,True,TP,0.00899465371629891,3.6037455516333895e-19,0.7232937501766656,0.8711733547405197,PG 18:2_20:2,PG 18:2_20:2,62,0.49206349206349204,0.933970629252037,0.0,99,0,99,,FROZEN_CHANNEL_DETECTION_THRESHOLD_NOT_AVAILABLE,,0.0,0.0,,,0.0,candidate spectral contributions; arithmetic channel mean; all aliases,sum of unchanged b values on specified channels; no normalization,LIBRARY_SHARING_SUPPORT_NOT_VERIFIED_IDENTITY_DIAGNOSTIC
V58_MILD_CAL_R1_K125,323,PG 18:2_20:2,0.0003499725961376945,0.00035063979134449316,6.671952067986817e-07,0.0019064212805672267,0.023395812081921603,0.10770004530670466,PG 16:1_20:2,0.018536755112057657,0.17211464544046548,"[""PG 16:1_20:2"", ""PG 16:0_22:4"", ""PG 18:1_20:3"", ""PG 14:0_24:4"", ""PG 18:2_20:3""]","[0.018536755112057657, 0.011346920602073594, 0.00846421109958438, 0.005228288705933512, 0.004962398519424344]",PG 16:1_20:2,"[""PG 16:1_20:2""]",True,1.5404566511278972e-11,-5.619480766478372e-16,0.005367402532423034,0.6667328512899597,1.0630138438781396,0.01872537826973044,0.0005601523679817528,True,True,frozen synthetic foreground mean NNLS; production labels only for comparison,"raw postfit residual direction, constrained by NNLS KKT; not absorbed signal fraction",False,True,FP,0.011772850862155484,2.2176691945372614e-06,0.8489350701121507,0.9182610822031387,PG 16:1_22:3,PG 16:1_22:3,7,0.041666666666666664,1.046687524241037,0.0,89,0,89,,FROZEN_CHANNEL_DETECTION_THRESHOLD_NOT_AVAILABLE,,0.0629480328589997,0.3864018812567393,,,0.0,candidate spectral contributions; arithmetic channel mean; all aliases,sum of unchanged b values on specified channels; no normalization,LIBRARY_SHARING_SUPPORT_NOT_VERIFIED_IDENTITY_DIAGNOSTIC
V58_MILD_CAL_R1_K125,324,PG 20:1_18:3,0.0003499725961376945,0.000350001376734235,2.8780596540538272e-08,8.223671446257472e-05,0.0035892282665734433,0.0219308929699029,PG 18:0_18:3,0.002178523807790829,0.09933584604517535,"[""PG 18:0_18:3"", ""PG 17:0_20:3"", ""PG 17:1_20:1"", ""PG 18:2_20:2"", ""PE O-18:0_20:1""]","[0.002178523807790829, 0.0018305038970662345, 0.001829024558713439, 0.0017291056290466358, 0.0013923585272632645]",PG 18:0_18:3,"[""PG 18:0_18:3""]",True,1.5404566511278972e-11,-4.696360551734763e-15,-2.311815734411044e-13,0.6153873176928896,1.112270422889953,0.018708323728603673,0.00016964844986187093,True,True,frozen synthetic foreground mean NNLS; production labels only for comparison,"raw postfit residual direction, constrained by NNLS KKT; not absorbed signal fraction",False,True,FP,0.006845991770805999,9.566292098304336e-08,0.7775930905931401,0.8512493031596473,PE 20:1_18:3,PE 20:1_18:3,21,0.1826086956521739,0.6666143109875913,0.0,75,0,75,,FROZEN_CHANNEL_DETECTION_THRESHOLD_NOT_AVAILABLE,,0.06306291589237391,0.5686804691782146,,,0.0,candidate spectral contributions; arithmetic channel mean; all aliases,sum of unchanged b values on specified channels; no normalization,LIBRARY_SHARING_SUPPORT_NOT_VERIFIED_IDENTITY_DIAGNOSTIC
V58_MILD_CAL_R1_K125,325,PG 17:0_18:0,0.0003499725961376945,0.0003499728744557504,2.7831805593904815e-10,7.952567092832863e-07,3.1037131306423716e-05,0.00025849858265889045,PG 14:0_22:3,2.2829569421844997e-05,0.08831603291092086,"[""PG 14:0_22:3"", ""PG 17:0_20:3"", ""PG 17:0_20:2"", ""PG 18:0_18:3"", ""PG 16:0_22:4""]","[2.2829569421844997e-05, 2.217672676617724e-05, 1.7841536767791016e-05, 1.637477801257059e-05, 1.5230766483133665e-05]",PG 14:0_22:3,"[""PG 14:0_22:3""]",True,1.5404566511278972e-11,-8.737439081827561e-16,-1.7821741086389392e-12,0.32762053914431183,0.7823406240705879,0.0187075619591584,1.6682867137831965e-05,True,True,frozen synthetic foreground mean NNLS; production labels only for comparison,"raw postfit residual direction, constrained by NNLS KKT; not absorbed signal fraction",False,False,UNREPORTED_NONTRUTH,3.931855890129999e-06,,0.5724491777651799,0.4852294371402781,PG 17:0_17:0,PG 17:0_17:0,45,0.42452830188679247,0.5153881707304727,0.0,97,3,100,,FROZEN_CHANNEL_DETECTION_THRESHOLD_NOT_AVAILABLE,0.0,0.030609269520597403,0.9999062515519574,0.9945224572984405,0.0,1.2215066973763598e-08,candidate spectral contributions; arithmetic channel mean; all aliases,sum of unchanged b values on specified channels; no normalization,LIBRARY_SHARING_SUPPORT_NOT_VERIFIED_IDENTITY_DIAGNOSTIC
V58_MILD_CAL_R1_K125,326,PG 17:0_18:1,0.0003499725961376945,0.0003499725961376945,0.0,0.0,0.0,0.0,,0.0,0.0,[],[],,[],False,1.5404566511278972e-11,,,0.0,0.0,0.01870755452050573,9.443403339052787e-17,True,False,frozen synthetic foreground mean NNLS; production labels only for comparison,"raw postfit residual direction, constrained by NNLS KKT; not absorbed signal fraction",False,True,FP,0.0014820146079714386,0.0,0.6128588477043078,0.4988044285893617,PG 18:0_17:1,PE 20:0_18:1,25,0.17123287671232876,0.6195930137905914,0.0,101,0,101,,FROZEN_CHANNEL_DETECTION_THRESHOLD_NOT_AVAILABLE,,0.0,0.0,,,0.0,candidate spectral contributions; arithmetic channel mean; all aliases,sum of unchanged b values on specified channels; no normalization,LIBRARY_SHARING_SUPPORT_NOT_VERIFIED_IDENTITY_DIAGNOSTIC
V58_MILD_CAL_R1_K125,327,PG 17:0_18:2,0.0003499725961376945,0.0003499860873715213,1.3491233826824246e-08,3.854940054496955e-05,0.0003556796982555517,0.0027159929412507583,PG 17:0_20:2,0.0004533008175263073,0.16690058743328487,"[""PG 17:0_20:2"", ""PG 17:1_18:1"", ""PE O-16:0_22:3"", ""PG 17:0_20:3"", ""PG 18:0_18:2""]","[0.0004533008175263073, 0.00025753619877199956, 0.00015967638404412732, 0.00015437290617801094, 0.00015041200834326612]",PG 17:0_20:2,"[""PG 17:0_20:2""]",True,1.5404566511278972e-11,1.2273159236521256e-15,-6.639802289011971e-13,0.46021522063217996,1.0751873328963002,0.018707915099537977,3.11766171419882e-05,True,True,frozen synthetic foreground mean NNLS; production labels only for comparison,"raw postfit residual direction, constrained by NNLS KKT; not absorbed signal fraction",False,False,UNREPORTED_NONTRUTH,0.0,,0.6317309664145685,0.9434506686869334,PG 17:1_18:1,PG 17:1_18:1,63,0.5163934426229508,0.805876502916209,0.0,93,0,93,,FROZEN_CHANNEL_DETECTION_THRESHOLD_NOT_AVAILABLE,,0.0011124923647160018,0.006683035449425267,,,0.0,candidate spectral contributions; arithmetic channel mean; all aliases,sum of unchanged b values on specified channels; no normalization,LIBRARY_SHARING_SUPPORT_NOT_VERIFIED_IDENTITY_DIAGNOSTIC
V58_MILD_CAL_R1_K125,328,PG 17:0_20:0,0.0003499725961376945,0.00034997457585898514,1.9797212906557185e-09,5.656789436793561e-06,5.6702045448500974e-05,0.0007195364956337954,PA 20:0_20:1,4.427286587990135e-05,0.061529701532893624,"[""PA 20:0_20:1"", ""PG 18:0_18:2"", ""PG 17:0_20:2"", ""PE O-18:1_22:2"", ""PS 14:0_22:0""]","[4.427286587990135e-05, 4.364266028857727e-05, 4.0676822439432436e-05, 3.428628425215796e-05, 3.123342743508805e-05]",PA 20:0_20:1,"[""PA 20:0_20:1""]",True,1.5404566511278972e-11,-7.927474484463735e-16,2.553531112201413e-13,0.17833617393361464,0.6127244416586922,0.018707607432779456,4.449405905130959e-05,True,True,frozen synthetic foreground mean NNLS; production labels only for comparison,"raw postfit residual direction, constrained by NNLS KKT; not absorbed signal fraction",False,False,UNREPORTED_NONTRUTH,0.0,,0.4714442309976786,0.3403251073962006,PE 17:0_20:0,PE 17:0_20:0,28,0.2222222222222222,0.3105163748145107,0.0,91,0,91,,FROZEN_CHANNEL_DETECTION_THRESHOLD_NOT_AVAILABLE,,0.00020823282622545555,0.003810211615719619,,,0.0,candidate spectral contributions; arithmetic channel mean; all aliases,sum of unchanged b values on specified channels; no normalization,LIBRARY_SHARING_SUPPORT_NOT_VERIFIED_IDENTITY_DIAGNOSTIC
V58_MILD_CAL_R1_K125,329,PG 17:0_20:1,0.0003499725961376945,0.0003499739762734666,1.3801357721054085e-09,3.943553819336326e-06,0.00019597617497079357,0.0034444068655294525,PE 17:0_22:2,0.000410489083668128,0.11917555026875568,"[""PE 17:0_22:2"", ""PG 20:0_17:1"", ""PG 17:0_20:3"", ""PE O-16:0_22:1"", ""PG 18:2_18:3""]","[0.000410489083668128, 0.00035441548729206115, 0.00034649547718832927, 0.00015055500577370283, 0.00013979249621343288]",PE 17:0_22:2,"[""PE 17:0_22:2""]",True,1.5404566511278972e-11,-6.356055279298959e-16,2.216148959159459e-12,0.272758905117765,1.411574125461864,0.01870759140759352,3.7150178631843585e-05,True,True,frozen synthetic foreground mean NNLS; production labels only for comparison,"raw postfit residual direction, constrained by NNLS KKT; not absorbed signal fraction",False,True,FP,0.0017768161416734359,4.587389951023504e-09,0.46725615435966666,0.4848487780291255,PG 20:0_17:1,PG 20:0_17:1,59,0.49166666666666664,0.513368530529594,0.0,94,0,94,,FROZEN_CHANNEL_DETECTION_THRESHOLD_NOT_AVAILABLE,,0.0008514520108997439,0.008079483944164407,,,0.0,candidate spectral contributions; arithmetic channel mean; all aliases,sum of unchanged b values on specified channels; no normalization,LIBRARY_SHARING_SUPPORT_NOT_VERIFIED_IDENTITY_DIAGNOSTIC
V58_MILD_CAL_R1_K125,330,PG 17:0_20:2,0.0003499725961376945,0.00035049201942764536,5.194232899508738e-07,0.0014841827451607878,0.027199645876708114,0.08040917582981,PG 17:1_20:1,0.026299951270356232,0.3270764934302312,"[""PG 17:1_20:1"", ""PG 17:0_20:3"", ""PG 18:0_18:3"", ""PE O-20:2_20:4"", ""PE O-16:0_22:2""]","[0.026299951270356232, 0.006339812881462539, 0.0033490435245576017, 0.002399679581777732, 0.0023527560277696365]",PG 17:1_20:1,"[""PG 17:1_20:1""]",True,1.5404566511278972e-11,-1.9213299510122084e-16,-9.362940478902593e-14,0.8921207546675207,1.0454782599812331,0.018721432088054733,0.0006548274391254056,True,True,frozen synthetic foreground mean NNLS; production labels only for comparison,"raw postfit residual direction, constrained by NNLS KKT; not absorbed signal fraction",True,True,TP,0.025024142041711845,1.726494760920503e-06,0.9589290658014563,0.9875408820795119,PG 17:1_20:1,PG 17:1_20:1,62,0.5081967213114754,0.6760212938910362,0.0,97,0,97,,FROZEN_CHANNEL_DETECTION_THRESHOLD_NOT_AVAILABLE,,0.09778558963145727,0.9613711630960375,,,0.0,candidate spectral contributions; arithmetic channel mean; all aliases,sum of unchanged b values on specified channels; no normalization,LIBRARY_SHARING_SUPPORT_NOT_VERIFIED_IDENTITY_DIAGNOSTIC
V58_MILD_CAL_R1_K125,331,PG 17:0_20:3,0.0003499725961376945,0.000350486943601762,5.143474640675167e-07,0.0014696792499589617,0.024797236398255665,0.09040542317008468,PG 17:1_20:2,0.02327799869208296,0.25748453882054506,"[""PG 17:1_20:2"", ""PE O-16:0_22:4"", ""PG 18:2_20:3"", ""PE 16:0_22:3"", ""PG 16:0_20:3""]","[0.02327799869208296, 0.004286922688384832, 0.003910630071303281, 0.0036117978707271084, 0.003078978603811622]",PG 17:1_20:2,"[""PG 17:1_20:2""]",True,1.5404566511278972e-11,7.546758067786922e-17,-3.9587584295894586e-14,0.8266747122579826,1.044956088214742,0.018721296525661943,0.0006063480589015008,True,True,frozen synthetic foreground mean NNLS; production labels only for comparison,"raw postfit residual direction, constrained by NNLS KKT; not absorbed signal fraction",False,True,FP,0.025727824577634187,1.7096233826733347e-06,0.9156445847794333,0.9788510700280812,PG 17:1_20:2,PG 17:1_20:2,60,0.48,0.6936009707419671,0.0,97,0,97,,FROZEN_CHANNEL_DETECTION_THRESHOLD_NOT_AVAILABLE,,0.08695862427882849,0.90684958865176,,,0.0,candidate spectral contributions; arithmetic channel mean; all aliases,sum of unchanged b values on specified channels; no normalization,LIBRARY_SHARING_SUPPORT_NOT_VERIFIED_IDENTITY_DIAGNOSTIC
V58_MILD_CAL_R1_K125,332,PG 17:0_20:4,0.0003499725961376945,0.0003501271026587327,1.5450652103820564e-07,0.00044148176829232155,0.008077815776121397,0.04627009542649382,PG 17:1_20:3,0.007377087689370271,0.15943532472134875,"[""PG 17:1_20:3"", ""PG 17:0_20:3"", ""PG 14:0_22:3"", ""PE O-16:1_22:4"", ""PE O-16:0_22:3""]","[0.007377087689370271, 0.006312721629137371, 0.005756413340249771, 0.002699203445503978, 0.0026412903523392907]",PG 17:1_20:3,"[""PG 17:1_20:3""]",True,1.5404566511278972e-11,-9.194754252735613e-16,0.029014261991077896,0.5921956226723529,1.1315418743847927,0.018711683586965993,0.0002319676768043338,True,True,frozen synthetic foreground mean NNLS; production labels only for comparison,"raw postfit residual direction, constrained by NNLS KKT; not absorbed signal fraction",False,True,FP,0.008152924499919226,5.135593729843997e-07,0.7722623353641875,0.9330170035008105,PG 17:1_20:3,PG 17:1_20:3,60,0.46511627906976744,0.7665406271126846,0.0,102,0,102,,FROZEN_CHANNEL_DETECTION_THRESHOLD_NOT_AVAILABLE,,0.04197695516493071,0.9369900290574689,,,0.0,candidate spectral contributions; arithmetic channel mean; all aliases,sum of unchanged b values on specified channels; no normalization,LIBRARY_SHARING_SUPPORT_NOT_VERIFIED_IDENTITY_DIAGNOSTIC
V58_MILD_CAL_R1_K125,333,PG 17:0_20:5,0.0003499725961376945,0.0003499725961376945,0.0,0.0,0.0,0.0,,0.0,0.0,[],[],,[],False,1.5404566511278972e-11,,,0.0,0.0,0.01870755452050573,9.443403339052787e-17,True,False,frozen synthetic foreground mean NNLS; production labels only for comparison,"raw postfit residual direction, constrained by NNLS KKT; not absorbed signal fraction",True,True,TP,0.00433455379316378,0.0,0.7108936868389557,0.8598208538444184,PG 17:1_20:4,PE 17:0_20:5,44,0.352,0.693620669656375,0.0,93,0,93,,FROZEN_CHANNEL_DETECTION_THRESHOLD_NOT_AVAILABLE,,0.0,0.0,,,0.0,candidate spectral contributions; arithmetic channel mean; all aliases,sum of unchanged b values on specified channels; no normalization,LIBRARY_SHARING_SUPPORT_NOT_VERIFIED_IDENTITY_DIAGNOSTIC
V58_MILD_CAL_R1_K125,334,PG 18:0_17:1,0.0003499725961376945,0.0003517812912515959,1.808695113901396e-06,0.005168104956485426,0.01575724576183022,0.14621151789100323,PG 17:0_18:1,0.009906830289470507,0.06775683908013339,"[""PG 17:0_18:1"", ""PG 18:0_18:3"", ""PG 17:1_20:2"", ""PE 17:1_22:1"", ""PG 17:1_20:3""]","[0.009906830289470507, 0.00895888792461931, 0.008087948982173805, 0.006781439216435033, 0.0064784363380299016]",PG 17:0_18:1,"[""PG 17:0_18:1""]",True,1.5404566511278972e-11,-1.4605080320692704e-15,0.007032848396441119,0.422563890323571,1.03704726943843,0.018755833525908566,0.0011042796254350986,True,True,frozen synthetic foreground mean NNLS; production labels only for comparison,"raw postfit residual direction, constrained by NNLS KKT; not absorbed signal fraction",True,True,TP,0.01089004652671987,6.011864886821913e-06,0.7298783637230273,0.7702689207808884,PE 20:0_17:1,PE 20:0_17:1,11,0.07971014492753623,0.6318973273091202,0.0,89,0,89,,FROZEN_CHANNEL_DETECTION_THRESHOLD_NOT_AVAILABLE,,0.061280372702516045,0.6561490041606487,,,0.0,candidate spectral contributions; arithmetic channel mean; all aliases,sum of unchanged b values on specified channels; no normalization,LIBRARY_SHARING_SUPPORT_NOT_VERIFIED_IDENTITY_DIAGNOSTIC
V58_MILD_CAL_R1_K125,335,PG 17:1_18:1,0.0003499725961376945,0.0003499725961376945,0.0,0.0,0.0,0.0,,0.0,0.0,[],[],,[],False,1.5404566511278972e-11,,,0.0,0.0,0.01870755452050573,9.443403339052787e-17,True,False,frozen synthetic foreground mean NNLS; production labels only for comparison,"raw postfit residual direction, constrained by NNLS KKT; not absorbed signal fraction",False,False,UNREPORTED_NONTRUTH,0.00025216257904518995,,0.6317309664145685,0.9434506686869334,PG 17:0_18:2,PG 17:0_18:2,63,0.5163934426229508,0.7627172440429655,0.0,92,0,92,,FROZEN_CHANNEL_DETECTION_THRESHOLD_NOT_AVAILABLE,,0.0,0.0,,,0.0,candidate spectral contributions; arithmetic channel mean; all aliases,sum of unchanged b values on specified channels; no normalization,LIBRARY_SHARING_SUPPORT_NOT_VERIFIED_IDENTITY_DIAGNOSTIC
V58_MILD_CAL_R1_K125,336,PG 17:1_18:2,0.0003499725961376945,0.0008255920686435134,0.0004756194725058189,1.3590191814894852,0.02884572505718776,0.18577189236734534,PS 16:1_18:1,0.011070870351205648,0.05959389340371532,"[""PS 16:1_18:1"", ""PA 18:1_22:3"", ""PS 18:0_18:2"", ""PG 17:1_20:2"", ""PG 18:2_18:2""]","[0.011070870351205648, 0.010936406864273707, 0.009609562416540176, 0.00800238330596192, 0.007656030108128496]",PS 16:1_18:1,"[""PS 16:1_18:1""]",True,1.5404566511278972e-11,-4.2211872738702016e-16,-4.709323921455728e-16,0.31322716437139436,0.5750977772105599,0.028733117976361584,0.021796529638293295,True,True,frozen synthetic foreground mean NNLS; production labels only for comparison,"raw postfit residual direction, constrained by NNLS KKT; not absorbed signal fraction",True,True,TP,0.025861129613767853,0.0015808966277790588,0.5482473093294393,0.0977600312680173,PE O-20:1_18:2,PE O-20:1_18:2,13,0.12380952380952381,0.9203489095889247,0.0002883420167700756,83,2,85,,FROZEN_CHANNEL_DETECTION_THRESHOLD_NOT_AVAILABLE,1.0,0.08045720348312756,0.9999999955926628,0.9999999926039544,0.9999999905453694,0.000323189380143155,candidate spectral contributions; arithmetic channel mean; all aliases,sum of unchanged b values on specified channels; no normalization,LIBRARY_SHARING_SUPPORT_NOT_VERIFIED_IDENTITY_DIAGNOSTIC
V58_MILD_CAL_R1_K125,337,PG 20:0_17:1,0.0003499725961376945,0.00035663321912270156,6.660622985007081e-06,0.019031841462680298,0.027300602087809007,0.20795433537670732,PE O-16:0_22:2,0.017197367168698345,0.08269780544590609,"[""PE O-16:0_22:2"", ""PG 17:1_20:2"", ""PG 17:0_20:1"", ""PE 18:2_22:2"", ""PE 17:1_22:1""]","[0.017197367168698345, 0.014504887830466289, 0.01435610214531081, 0.011975372093735675, 0.011792491056483122]",PE O-16:0_22:2,"[""PE O-16:0_22:2""]",True,1.5404566511278972e-11,5.288591784372306e-16,2.990442668101066e-14,0.49457854861615935,1.087653707618667,0.018884735082142442,0.002294220186493483,True,True,frozen synthetic foreground mean NNLS; production labels only for comparison,"raw postfit residual direction, constrained by NNLS KKT; not absorbed signal fraction",True,True,TP,0.021163489646997127,2.213903556225154e-05,0.8238355447330411,0.828926628285833,PE 20:0_17:1,PE 20:0_17:1,27,0.2288135593220339,0.45094587760358673,0.0,85,0,85,,FROZEN_CHANNEL_DETECTION_THRESHOLD_NOT_AVAILABLE,,0.18153050564453546,0.999653050340802,,,0.0,candidate spectral contributions; arithmetic channel mean; all aliases,sum of unchanged b values on specified channels; no normalization,LIBRARY_SHARING_SUPPORT_NOT_VERIFIED_IDENTITY_DIAGNOSTIC
V58_MILD_CAL_R1_K125,338,PG 17:1_20:1,0.0003499725961376945,0.0003499752469441685,2.6508064740102776e-09,7.574325806335445e-06,0.0021048023263858157,0.008051650450449388,PG 17:0_20:2,0.0021751708100144207,0.27015216608451564,"[""PG 17:0_20:2"", ""PG 17:1_20:2"", ""PG 20:1_18:3"", ""PE O-20:2_20:3"", ""PA 18:1_22:2""]","[0.0021751708100144207, 0.00152208216387862, 0.0002872681862309801, 0.0002803954651074466, 0.00027300986410757656]",PG 17:0_20:2,"[""PG 17:0_20:2""]",True,1.5404566511278972e-11,1.8265362625933717e-15,-1.8392610581088509e-13,0.7218854112891196,1.0971742531639395,0.01870762536892827,5.148598327785465e-05,True,True,frozen synthetic foreground mean NNLS; production labels only for comparison,"raw postfit residual direction, constrained by NNLS KKT; not absorbed signal fraction",False,True,FP,0.006412362335774208,8.810932391348591e-09,0.9589290658014563,0.9875408820795119,PG 17:0_20:2,PG 17:0_20:2,62,0.5081967213114754,0.6372390061993404,0.0,87,0,87,,FROZEN_CHANNEL_DETECTION_THRESHOLD_NOT_AVAILABLE,,0.0022342835247740004,0.022879588425100662,,,0.0,candidate spectral contributions; arithmetic channel mean; all aliases,sum of unchanged b values on specified channels; no normalization,LIBRARY_SHARING_SUPPORT_NOT_VERIFIED_IDENTITY_DIAGNOSTIC
V58_MILD_CAL_R1_K125,339,PG 17:1_20:2,0.0003499725961376945,0.00034999318268979655,2.058655210207148e-08,5.882332579876771e-05,0.0059260281246417915,0.025497796138120445,PG 17:0_20:3,0.006311854752316905,0.24754511009023367,"[""PG 17:0_20:3"", ""PG 17:1_20:1"", ""PG 18:2_20:2"", ""PE 20:2_20:2"", ""PE 18:1_22:5""]","[0.006311854752316905, 0.004505049945420222, 0.0009171389788047296, 0.0008621661488460372, 0.000730289526068455]",PG 17:0_20:3,"[""PG 17:0_20:3""]",True,1.5404566511278972e-11,1.3624078322541933e-15,6.701198970833604e-14,0.7085741895551311,1.1322354630799292,0.01870810473270332,0.00013593078324351907,True,True,frozen synthetic foreground mean NNLS; production labels only for comparison,"raw postfit residual direction, constrained by NNLS KKT; not absorbed signal fraction",True,True,TP,0.010684658858745474,6.84269940094514e-08,0.9156445847794333,0.9788510700280812,PG 17:0_20:3,PG 17:0_20:3,60,0.48,0.7648042160479644,0.0,88,0,88,,FROZEN_CHANNEL_DETECTION_THRESHOLD_NOT_AVAILABLE,,0.008897837312264359,0.06712649175977528,,,0.0,candidate spectral contributions; arithmetic channel mean; all aliases,sum of unchanged b values on specified channels; no normalization,LIBRARY_SHARING_SUPPORT_NOT_VERIFIED_IDENTITY_DIAGNOSTIC
V58_MILD_CAL_R1_K125,340,PG 17:1_20:3,0.0003499725961376945,0.0003499725961376945,0.0,0.0,0.0,0.0,,0.0,0.0,[],[],,[],False,1.5404566511278972e-11,,,0.0,0.0,0.01870755452050573,9.443403339052787e-17,True,False,frozen synthetic foreground mean NNLS; production labels only for comparison,"raw postfit residual direction, constrained by NNLS KKT; not absorbed signal fraction",True,False,FN,0.0007867432824204374,,0.7722623353641875,0.9330170035008105,PG 17:0_20:4,PG 17:0_20:4,60,0.46511627906976744,0.7908075684587637,0.0,87,0,87,,FROZEN_CHANNEL_DETECTION_THRESHOLD_NOT_AVAILABLE,,0.0,0.0,,,0.0,candidate spectral contributions; arithmetic channel mean; all aliases,sum of unchanged b values on specified channels; no normalization,LIBRARY_SHARING_SUPPORT_NOT_VERIFIED_IDENTITY_DIAGNOSTIC
V58_MILD_CAL_R1_K125,341,PG 17:1_20:4,0.0003499725961376945,0.0003509395102690239,9.669141313294201e-07,0.0027628281163653333,0.010205882123044166,0.11295620758432981,PG 17:1_20:2,0.01497263646718192,0.1325525775630457,"[""PG 17:1_20:2"", ""PG 17:0_20:5"", ""PG 18:2_20:3"", ""PG 18:0_18:3"", ""PG 17:1_20:1""]","[0.01497263646718192, 0.010402691633429256, 0.008928321804037194, 0.007657085287018764, 0.006721195929414659]",PG 17:1_20:2,"[""PG 17:1_20:2""]",True,1.5404566511278972e-11,2.2476348104128284e-15,2.860736269257775e-14,0.4810410984217625,1.658052945269021,0.018733379574145833,0.0005837545467732881,True,True,frozen synthetic foreground mean NNLS; production labels only for comparison,"raw postfit residual direction, constrained by NNLS KKT; not absorbed signal fraction",False,True,FP,0.008005572756686405,3.213895515078806e-06,0.7051431660870244,0.8598208538444184,PG 17:0_20:5,PE 17:1_20:4,29,0.20863309352517986,0.8818022503702108,0.0,94,0,94,,FROZEN_CHANNEL_DETECTION_THRESHOLD_NOT_AVAILABLE,,0.057706831262489836,0.9999999930116598,,,0.0,candidate spectral contributions; arithmetic channel mean; all aliases,sum of unchanged b values on specified channels; no normalization,LIBRARY_SHARING_SUPPORT_NOT_VERIFIED_IDENTITY_DIAGNOSTIC
V58_MILD_CAL_R1_K125,342,PG 17:0_17:0,0.0003499725961376945,0.00035864950083075843,8.67690469306395e-06,0.02479309741399575,0.02868173971711362,0.1574756740545496,PC 17:0_17:0,0.016474492602941457,0.1046161110390299,"[""PC 17:0_17:0"", ""PG 17:0_20:5"", ""PG 18:2_20:3"", ""PG 18:0_18:3"", ""PG 14:0_20:0""]","[0.016474492602941457, 0.010522236201595375, 0.01052135694747141, 0.008736317887820734, 0.007373793893804962]",PC 17:0_17:0,"[""PC 17:0_17:0""]",True,1.5404566511278972e-11,-1.88228518906007e-15,2.4537140054456592e-14,0.6113978732315017,0.9958773943180838,0.01893804374350103,0.0024421924365288184,True,True,frozen synthetic foreground mean NNLS; production labels only for comparison,"raw postfit residual direction, constrained by NNLS KKT; not absorbed signal fraction",True,True,TP,0.010545910954964238,2.884089101010703e-05,0.8460604600250419,0.8080143208829804,PE 17:0_20:0,PE 17:0_20:0,9,0.08571428571428572,0.20721007003507305,0.0,51,0,51,,FROZEN_CHANNEL_DETECTION_THRESHOLD_NOT_AVAILABLE,,0.14236078516756906,0.49993673020767554,,,0.0,candidate spectral contributions; arithmetic channel mean; all aliases,sum of unchanged b values on specified channels; no normalization,LIBRARY_SHARING_SUPPORT_NOT_VERIFIED_IDENTITY_DIAGNOSTIC
V58_MILD_CAL_R1_K125,343,PC 14:0_18:0,0.0003499725961376945,0.0003500423550731544,6.975893545994351e-08,0.00019932685024621314,0.00036876917344749066,0.008647901583572907,PE O-16:0_22:4,0.0015365827183611465,0.177682724917022,"[""PE O-16:0_22:4"", ""PE O-18:0_22:2"", ""PG 18:2_20:2"", ""PC 16:0_16:0"", ""PE 18:0_20:4""]","[0.0015365827183611465, 0.0007191738327365707, 0.0006853309691341319, 0.0004992328085816394, 0.0003665169168841041]",PE O-16:0_22:4,"[""PE O-16:0_22:4""]",True,1.5404566511278972e-11,-5.495268627637871e-15,-3.8274236223953943e-13,0.12192463750871445,0.9228434635579019,0.01870941888657032,0.00014080224003916821,True,True,frozen synthetic foreground mean NNLS; production labels only for comparison,"raw postfit residual direction, constrained by NNLS KKT; not absorbed signal fraction",False,True,FP,0.0017337348806278853,0.0,0.35029453580209385,0.6182806984948013,PC 16:0_16:0,PC 14:0_18:1,84,0.6363636363636364,0.4168483522430566,0.0,105,2,107,,FROZEN_CHANNEL_DETECTION_THRESHOLD_NOT_AVAILABLE,0.0,0.09198765647400921,0.9999989332329958,0.999878409731643,0.0,4.9533723075226366e-08,candidate spectral contributions; arithmetic channel mean; all aliases,sum of unchanged b values on specified channels; no normalization,LIBRARY_SHARING_SUPPORT_NOT_VERIFIED_IDENTITY_DIAGNOSTIC
V58_MILD_CAL_R1_K125,344,PC 14:0_18:1,0.0003499725961376945,0.0003500341614835651,6.156534587063419e-08,0.00017591476125318375,0.0026056131053861127,0.028972269448025802,PG 18:1_20:4,0.002539513582817285,0.08765325019792941,"[""PG 18:1_20:4"", ""PC 18:0_14:1"", ""PC 14:0_20:1"", ""PE O-20:2_20:3"", ""PG 17:0_20:3""]","[0.002539513582817285, 0.002159883160603858, 0.0021061358839790613, 0.001331536090795801, 0.001173875868271515]",PG 18:1_20:4,"[""PG 18:1_20:4""]",True,1.5404566511278972e-11,-1.7174542469614172e-15,2.3729448131578237e-13,0.34812660993031536,1.0877392921379943,0.018709199915644847,0.00021589842085241874,True,True,frozen synthetic foreground mean NNLS; production labels only for comparison,"raw postfit residual direction, constrained by NNLS KKT; not absorbed signal fraction",False,False,UNREPORTED_NONTRUTH,0.0010375380838147858,,0.5253398985028321,0.7604352694927635,PC 16:0_16:1,PE 20:0_18:1,22,0.14012738853503184,0.5158285670529341,0.0,109,0,109,,FROZEN_CHANNEL_DETECTION_THRESHOLD_NOT_AVAILABLE,,0.06740342201535646,0.997917123422625,,,0.0,candidate spectral contributions; arithmetic channel mean; all aliases,sum of unchanged b values on specified channels; no normalization,LIBRARY_SHARING_SUPPORT_NOT_VERIFIED_IDENTITY_DIAGNOSTIC
V58_MILD_CAL_R1_K125,345,PC 16:0_16:0,0.0003499725961376945,0.0003499725961376945,0.0,0.0,0.0,0.0,,0.0,0.0,[],[],,[],False,1.5404566511278972e-11,,,0.0,0.0,0.01870755452050573,9.443403339052787e-17,True,False,frozen synthetic foreground mean NNLS; production labels only for comparison,"raw postfit residual direction, constrained by NNLS KKT; not absorbed signal fraction",False,False,UNREPORTED_NONTRUTH,5.2592075354819255e-05,,0.7161784402487588,0.6182806984948013,PC 14:0_18:0,PA 16:0_24:4,17,0.15178571428571427,0.20605252938730248,0.0,54,0,54,,FROZEN_CHANNEL_DETECTION_THRESHOLD_NOT_AVAILABLE,,0.0,0.0,,,0.0,candidate spectral contributions; arithmetic channel mean; all aliases,sum of unchanged b values on specified channels; no normalization,LIBRARY_SHARING_SUPPORT_NOT_VERIFIED_IDENTITY_DIAGNOSTIC
V58_MILD_CAL_R1_K125,346,PC 16:0_16:1,0.0003499725961376945,0.0003499725961376945,0.0,0.0,0.0,0.0,,0.0,0.0,[],[],,[],False,1.5404566511278972e-11,,,0.0,0.0,0.01870755452050573,9.443403339052787e-17,True,False,frozen synthetic foreground mean NNLS; production labels only for comparison,"raw postfit residual direction, constrained by NNLS KKT; not absorbed signal fraction",False,False,UNREPORTED_NONTRUTH,8.143952498965815e-05,,0.5002719117768499,0.7604352694927635,PC 14:0_18:1,PC 18:0_14:1,10,0.06060606060606061,0.2955733274943228,0.0,87,0,87,,FROZEN_CHANNEL_DETECTION_THRESHOLD_NOT_AVAILABLE,,0.0,0.0,,,0.0,candidate spectral contributions; arithmetic channel mean; all aliases,sum of unchanged b values on specified channels; no normalization,LIBRARY_SHARING_SUPPORT_NOT_VERIFIED_IDENTITY_DIAGNOSTIC
V58_MILD_CAL_R1_K125,347,PC 14:0_17:1,0.0003499725961376945,0.0003499876312865211,1.503514882663119e-08,4.296093165464525e-05,0.0003270254465031832,0.005342120934088535,PG 14:0_22:3,0.0004049974617244337,0.07581211032949436,"[""PG 14:0_22:3"", ""PG 14:0_24:4"", ""PE 16:0_22:4"", ""PE O-16:0_22:2"", ""PG 18:0_18:3""]","[0.0004049974617244337, 0.0003892497182394982, 0.00034367841108331326, 0.0002877157035117584, 0.0002706562692660758]",PG 14:0_22:3,"[""PG 14:0_22:3""]",True,1.5404566511278972e-11,-1.152040843311032e-15,-2.8459010995912806e-13,0.2207068518977734,0.9689656018313578,0.018707956363176643,0.0001226178976613408,True,True,frozen synthetic foreground mean NNLS; production labels only for comparison,"raw postfit residual direction, constrained by NNLS KKT; not absorbed signal fraction",False,False,UNREPORTED_NONTRUTH,0.0005094742899309144,,0.6078651617571209,0.6349158431160836,PE 20:0_17:1,PE 20:0_17:1,12,0.08888888888888889,0.39071960623013685,0.0,87,0,87,,FROZEN_CHANNEL_DETECTION_THRESHOLD_NOT_AVAILABLE,,0.0033453346505214494,0.04044269792770565,,,0.0,candidate spectral contributions; arithmetic channel mean; all aliases,sum of unchanged b values on specified channels; no normalization,LIBRARY_SHARING_SUPPORT_NOT_VERIFIED_IDENTITY_DIAGNOSTIC
V58_MILD_CAL_R1_K125,348,PC O-16:0_16:1,0.0003499725961376945,0.0003499725961376945,0.0,0.0,0.0,0.0,,0.0,0.0,[],[],,[],False,1.5404566511278972e-11,,,0.0,0.0,0.01870755452050573,9.443403339052787e-17,True,False,frozen synthetic foreground mean NNLS; production labels only for comparison,"raw postfit residual direction, constrained by NNLS KKT; not absorbed signal fraction",False,False,UNREPORTED_NONTRUTH,0.0,,0.5127098776246571,0.4814063248349985,PG 20:0_16:1,PE 22:0_16:1,8,0.10256410256410256,0.11986946480128018,0.0,32,3,35,,FROZEN_CHANNEL_DETECTION_THRESHOLD_NOT_AVAILABLE,0.0,0.0,0.0,0.0,0.0,0.0,candidate spectral contributions; arithmetic channel mean; all aliases,sum of unchanged b values on specified channels; no normalization,LIBRARY_SHARING_SUPPORT_NOT_VERIFIED_IDENTITY_DIAGNOSTIC
V58_MILD_CAL_R1_K125,349,PC O-16:1_16:1,0.0003499725961376945,0.0003499725961376945,0.0,0.0,0.0,0.0,,0.0,0.0,[],[],,[],False,1.5404566511278972e-11,,,0.0,0.0,0.01870755452050573,9.443403339052787e-17,True,False,frozen synthetic foreground mean NNLS; production labels only for comparison,"raw postfit residual direction, constrained by NNLS KKT; not absorbed signal fraction",False,False,UNREPORTED_NONTRUTH,1.5619061312880043e-06,,0.6025974378504961,0.5833839248374464,PG 20:0_16:1,PE 22:0_16:1,8,0.10256410256410256,0.1679267774420832,0.0,35,0,35,,FROZEN_CHANNEL_DETECTION_THRESHOLD_NOT_AVAILABLE,,0.0,0.0,,,0.0,candidate spectral contributions; arithmetic channel mean; all aliases,sum of unchanged b values on specified channels; no normalization,LIBRARY_SHARING_SUPPORT_NOT_VERIFIED_IDENTITY_DIAGNOSTIC
V58_MILD_CAL_R1_K125,350,PC O-16:1_18:0,0.0003499725961376945,0.00038281826166623685,3.2845665528542366e-05,0.0938521066997124,0.010692571930155588,0.11210756856713261,PE 16:0_22:3,0.007241508018310975,0.06459428306938972,"[""PE 16:0_22:3"", ""PE O-16:1_22:3"", ""PE O-16:0_22:4"", ""PG 18:0_18:2"", ""PG 18:0_18:3""]","[0.007241508018310975, 0.005927506475514939, 0.005896102890676075, 0.005636209265533154, 0.005388315169836656]",PE 16:0_22:3,"[""PE 16:0_22:3""]",True,1.5404566511278972e-11,-4.770521629901587e-16,0.0002924227482717251,0.3012992960566822,0.9318436165764679,0.019565742042310506,0.00571155803794647,True,True,frozen synthetic foreground mean NNLS; production labels only for comparison,"raw postfit residual direction, constrained by NNLS KKT; not absorbed signal fraction",True,True,TP,0.010065848120005976,0.00010917467612850081,0.7773785213594855,0.18518672193552,PG 18:0_18:0,PG 18:0_18:0,13,0.16049382716049382,0.31590211637955257,0.000135844025230439,33,2,35,,FROZEN_CHANNEL_DETECTION_THRESHOLD_NOT_AVAILABLE,1.0,0.28990129080641786,0.9999999997993381,0.9999999631814018,0.9999999749677924,0.00012387806985648584,candidate spectral contributions; arithmetic channel mean; all aliases,sum of unchanged b values on specified channels; no normalization,LIBRARY_SHARING_SUPPORT_NOT_VERIFIED_IDENTITY_DIAGNOSTIC
V58_MILD_CAL_R1_K125,351,PC O-16:1_18:1,0.0003499725961376945,0.0003499725961376945,0.0,0.0,0.0,0.0,,0.0,0.0,[],[],,[],False,1.5404566511278972e-11,,,0.0,0.0,0.01870755452050573,9.443403339052787e-17,True,False,frozen synthetic foreground mean NNLS; production labels only for comparison,"raw postfit residual direction, constrained by NNLS KKT; not absorbed signal fraction",False,False,UNREPORTED_NONTRUTH,0.0,,0.5463444205878328,0.20164632997892254,PC O-16:1_18:2,PE 20:0_18:1,16,0.1797752808988764,0.3791368972520468,0.0,35,0,35,,FROZEN_CHANNEL_DETECTION_THRESHOLD_NOT_AVAILABLE,,0.0,0.0,,,0.0,candidate spectral contributions; arithmetic channel mean; all aliases,sum of unchanged b values on specified channels; no normalization,LIBRARY_SHARING_SUPPORT_NOT_VERIFIED_IDENTITY_DIAGNOSTIC
V58_MILD_CAL_R1_K125,352,PC O-16:1_18:2,0.0003499725961376945,0.0003499725961376945,0.0,0.0,0.0,0.0,,0.0,0.0,[],[],,[],False,1.5404566511278972e-11,,,0.0,0.0,0.01870755452050573,9.443403339052787e-17,True,False,frozen synthetic foreground mean NNLS; production labels only for comparison,"raw postfit residual direction, constrained by NNLS KKT; not absorbed signal fraction",False,False,UNREPORTED_NONTRUTH,0.0,,0.3829831521482647,0.20164632997892254,PC O-16:1_18:1,PE O-20:1_18:2,12,0.21052631578947367,0.5258469449897345,0.0,36,0,36,,FROZEN_CHANNEL_DETECTION_THRESHOLD_NOT_AVAILABLE,,0.0,0.0,,,0.0,candidate spectral contributions; arithmetic channel mean; all aliases,sum of unchanged b values on specified channels; no normalization,LIBRARY_SHARING_SUPPORT_NOT_VERIFIED_IDENTITY_DIAGNOSTIC
V58_MILD_CAL_R1_K125,353,PC O-16:1_17:0,0.0003499725961376945,0.00034997315400003956,5.578623450772785e-10,1.5940172163187712e-06,4.295350106930004e-05,0.0003890280314875269,PG 14:0_22:3,3.6484479055097496e-05,0.09378367626057196,"[""PG 14:0_22:3"", ""PE O-16:1_22:4"", ""PE 18:2_20:4"", ""PG 17:0_20:3"", ""PE 20:2_20:2""]","[3.6484479055097496e-05, 2.4393215844603633e-05, 2.0381337475762484e-05, 1.723208341469079e-05, 1.6461357979509483e-05]",PG 14:0_22:3,"[""PG 14:0_22:3""]",True,1.5404566511278972e-11,-2.131033261230023e-15,-2.2556343613862605e-12,0.28516262013672933,0.7256839421060074,0.018707569430581824,2.3619109745650297e-05,True,True,frozen synthetic foreground mean NNLS; production labels only for comparison,"raw postfit residual direction, constrained by NNLS KKT; not absorbed signal fraction",False,False,UNREPORTED_NONTRUTH,7.782967694942537e-07,,0.6978043265842433,0.7821692832317753,PC O-16:0_17:1,PG 17:0_17:0,9,0.1125,0.22893069957024545,0.0,38,0,38,,FROZEN_CHANNEL_DETECTION_THRESHOLD_NOT_AVAILABLE,,0.05781589864542254,0.9342989897830597,,,0.0,candidate spectral contributions; arithmetic channel mean; all aliases,sum of unchanged b values on specified channels; no normalization,LIBRARY_SHARING_SUPPORT_NOT_VERIFIED_IDENTITY_DIAGNOSTIC
V58_MILD_CAL_R1_K125,354,PC O-16:0_17:1,0.0003499725961376945,0.0003499725961376945,0.0,0.0,0.0,0.0,,0.0,0.0,[],[],,[],False,1.5404566511278972e-11,,,0.0,0.0,0.01870755452050573,9.443403339052787e-17,True,False,frozen synthetic foreground mean NNLS; production labels only for comparison,"raw postfit residual direction, constrained by NNLS KKT; not absorbed signal fraction",False,False,UNREPORTED_NONTRUTH,6.231581993942544e-08,,0.557243956872315,0.7821692832317753,PC O-16:1_17:0,PC O-16:1_17:1,22,0.44,0.28436040239733945,0.0,34,0,34,,FROZEN_CHANNEL_DETECTION_THRESHOLD_NOT_AVAILABLE,,0.0,0.0,,,0.0,candidate spectral contributions; arithmetic channel mean; all aliases,sum of unchanged b values on specified channels; no normalization,LIBRARY_SHARING_SUPPORT_NOT_VERIFIED_IDENTITY_DIAGNOSTIC
V58_MILD_CAL_R1_K125,355,PC O-16:0_17:0,0.0003499725961376945,0.0003499725961376945,0.0,0.0,0.0,0.0,,0.0,0.0,[],[],,[],False,1.5404566511278972e-11,,,0.0,0.0,0.01870755452050573,9.443403339052787e-17,True,False,frozen synthetic foreground mean NNLS; production labels only for comparison,"raw postfit residual direction, constrained by NNLS KKT; not absorbed signal fraction",False,False,UNREPORTED_NONTRUTH,2.4387582021229622e-08,,0.6374616786512295,0.368880780124627,PG 17:0_17:0,PG 17:0_17:0,9,0.11688311688311688,0.14223993221210354,0.0,35,0,35,,FROZEN_CHANNEL_DETECTION_THRESHOLD_NOT_AVAILABLE,,0.0,0.0,,,0.0,candidate spectral contributions; arithmetic channel mean; all aliases,sum of unchanged b values on specified channels; no normalization,LIBRARY_SHARING_SUPPORT_NOT_VERIFIED_IDENTITY_DIAGNOSTIC
V58_MILD_CAL_R1_K125,356,PC O-16:1_17:1,0.0003499725961376945,0.0003888460150876271,3.887341894993261e-05,0.11107560782719829,0.011600416875365257,0.07578715206139819,PE O-16:0_22:2,0.005546058753685504,0.07317940578000927,"[""PE O-16:0_22:2"", ""PE 17:1_22:1"", ""PG 14:0_22:3"", ""PG 17:1_20:2"", ""PC 17:0_17:1""]","[0.005546058753685504, 0.005324980135437127, 0.004642317025313553, 0.003966994958803486, 0.003584117157925117]",PE O-16:0_22:2,"[""PE O-16:0_22:2""]",True,1.5404566511278972e-11,4.903287889870237e-15,2.499889635374616e-14,0.39720223013575595,0.7370723984112718,0.019719178864436193,0.006211140236783723,True,True,frozen synthetic foreground mean NNLS; production labels only for comparison,"raw postfit residual direction, constrained by NNLS KKT; not absorbed signal fraction",True,True,TP,0.011120799370072806,0.00012921013642358583,0.7624217934839026,0.6141450126296628,PE 20:0_17:1,PE 20:0_17:1,18,0.225,0.36228862424965685,0.0,38,0,38,,FROZEN_CHANNEL_DETECTION_THRESHOLD_NOT_AVAILABLE,,0.13983537707833849,0.9999612428085385,,,0.0,candidate spectral contributions; arithmetic channel mean; all aliases,sum of unchanged b values on specified channels; no normalization,LIBRARY_SHARING_SUPPORT_NOT_VERIFIED_IDENTITY_DIAGNOSTIC
V58_MILD_CAL_R1_K125,357,PC 14:0_18:2,0.0003499725961376945,0.0003517203017690766,1.7477056313821237e-06,0.004993835647922172,0.008741638334449542,0.08751949268773884,PC 16:1_16:1,0.008323017276033335,0.09509901189251592,"[""PC 16:1_16:1"", ""PG 17:0_20:3"", ""PE 18:2_22:2"", ""PG 17:1_20:1"", ""PE 16:1_22:4""]","[0.008323017276033335, 0.006308409099677524, 0.0056006086742506535, 0.0037641759057585665, 0.0037370438001218657]",PC 16:1_16:1,"[""PC 16:1_16:1""]",True,1.5404566511278972e-11,1.0207431628568045e-15,0.09324474826221422,0.41710017354063256,1.2112669821256778,0.018754207575077026,0.0007107080097382316,True,True,frozen synthetic foreground mean NNLS; production labels only for comparison,"raw postfit residual direction, constrained by NNLS KKT; not absorbed signal fraction",True,True,TP,0.008603726866191881,5.8091438612578425e-06,0.5375980922793574,0.8464077834667707,PC 16:1_16:1,PE O-20:1_18:2,12,0.11009174311926606,0.6837934030046019,0.0,88,0,88,,FROZEN_CHANNEL_DETECTION_THRESHOLD_NOT_AVAILABLE,,0.09354128281352869,0.9999987726081282,,,0.0,candidate spectral contributions; arithmetic channel mean; all aliases,sum of unchanged b values on specified channels; no normalization,LIBRARY_SHARING_SUPPORT_NOT_VERIFIED_IDENTITY_DIAGNOSTIC
V58_MILD_CAL_R1_K125,358,PC 14:0_20:0,0.0003499725961376945,0.00035402176808301076,4.0491719453162765e-06,0.01156996855877592,0.012323726819752042,0.11132132033725207,PC 17:0_17:0,0.012695895494397338,0.11404729530534315,"[""PC 17:0_17:0"", ""PG 14:0_22:3"", ""PG 17:0_20:3"", ""PE 20:0_18:3"", ""PE 20:2_20:2""]","[0.012695895494397338, 0.009043857220250251, 0.005296423265111247, 0.005068585968122562, 0.004875589912692361]",PC 17:0_17:0,"[""PC 17:0_17:0""]",True,1.5404566511278972e-11,-3.525603578939436e-15,1.848421838187588e-14,0.44978352215091416,1.093341965489037,0.018815466193613455,0.0015816376399890864,True,True,frozen synthetic foreground mean NNLS; production labels only for comparison,"raw postfit residual direction, constrained by NNLS KKT; not absorbed signal fraction",True,True,TP,0.006266251328411064,1.3458915464334212e-05,0.6497545421173111,0.8763281731311356,PC 16:0_18:0,PC 16:0_18:0,6,0.0375,0.2527249638085123,0.0,77,0,77,,FROZEN_CHANNEL_DETECTION_THRESHOLD_NOT_AVAILABLE,,0.2210660063604029,0.7923841260089289,,,0.0,candidate spectral contributions; arithmetic channel mean; all aliases,sum of unchanged b values on specified channels; no normalization,LIBRARY_SHARING_SUPPORT_NOT_VERIFIED_IDENTITY_DIAGNOSTIC
V58_MILD_CAL_R1_K125,359,PC 14:0_20:1,0.0003499725961376945,0.00034998034732270587,7.751185011385404e-09,2.2147976940993895e-05,0.0009290875135895052,0.011690441190217452,PC 20:0_14:1,0.0009267499554967227,0.07927416427986925,"[""PC 20:0_14:1"", ""PC 14:0_18:1"", ""PG 18:2_20:3"", ""PG 18:0_18:3"", ""PE O-18:1_22:2""]","[0.0009267499554967227, 0.0008543855200047966, 0.0008031022148343031, 0.0007846335857515721, 0.000719145466071304]",PC 20:0_14:1,"[""PC 20:0_14:1""]",True,1.5404566511278972e-11,2.2738152923607645e-16,2.2675407479762928e-13,0.32944423688775243,1.1598706387815796,0.018707761686602317,8.804081446289778e-05,True,True,frozen synthetic foreground mean NNLS; production labels only for comparison,"raw postfit residual direction, constrained by NNLS KKT; not absorbed signal fraction",True,True,TP,0.00511885670355683,2.5763920432146425e-08,0.6068571098088321,0.84282723146414,PC 16:0_18:1,PE O-18:0_20:1,12,0.13043478260869565,0.38586614582328765,0.0,77,0,77,,FROZEN_CHANNEL_DETECTION_THRESHOLD_NOT_AVAILABLE,,0.03407926523914191,0.9978547342888112,,,0.0,candidate spectral contributions; arithmetic channel mean; all aliases,sum of unchanged b values on specified channels; no normalization,LIBRARY_SHARING_SUPPORT_NOT_VERIFIED_IDENTITY_DIAGNOSTIC
V58_MILD_CAL_R1_K125,360,PC 14:0_20:2,0.0003499725961376945,0.0003499774673147859,4.871177091412323e-09,1.391873858482637e-05,0.00041529686524948795,0.0033222524154365566,PG 17:0_20:2,0.00037725559457527785,0.11355416364778258,"[""PG 17:0_20:2"", ""PC 14:1_20:1"", ""PG 17:1_20:2"", ""PE 17:0_22:2"", ""PC 14:0_20:1""]","[0.00037725559457527785, 0.0003519557832104798, 0.00025935555852796537, 0.00017359042899399782, 0.00016387880302035887]",PG 17:0_20:2,"[""PG 17:0_20:2""]",True,1.5404566511278972e-11,-6.231567674196942e-16,-1.5864010126489343e-12,0.47883068087948183,1.0879055858016653,0.018707684712833548,3.485760970113504e-05,True,True,frozen synthetic foreground mean NNLS; production labels only for comparison,"raw postfit residual direction, constrained by NNLS KKT; not absorbed signal fraction",False,False,UNREPORTED_NONTRUTH,0.0,,0.6039971767841416,0.9076892361094671,PC 16:1_18:1,PC 14:1_20:1,51,0.4811320754716981,0.5039730446406214,0.0,80,0,80,,FROZEN_CHANNEL_DETECTION_THRESHOLD_NOT_AVAILABLE,,0.009097201968403742,0.33784616367101394,,,0.0,candidate spectral contributions; arithmetic channel mean; all aliases,sum of unchanged b values on specified channels; no normalization,LIBRARY_SHARING_SUPPORT_NOT_VERIFIED_IDENTITY_DIAGNOSTIC
V58_MILD_CAL_R1_K125,361,PC 14:0_20:3,0.0003499725961376945,0.0003614913745303465,1.1518778392652005e-05,0.03291337232360514,0.025715410407075662,0.20340500947999657,PC 16:1_18:2,0.019426314960652533,0.09550558764614628,"[""PC 16:1_18:2"", ""PE 18:0_20:3"", ""PG 14:0_22:3"", ""PG 18:2_20:2"", ""PE 18:2_22:3""]","[0.019426314960652533, 0.013466975833070478, 0.01020270654918837, 0.00930811548591251, 0.007857107942179937]",PC 16:1_18:2,"[""PC 16:1_18:2""]",True,1.5404566511278972e-11,-3.125654093303431e-16,0.029351755609131207,0.5639204286989501,1.26842560924962,0.019012926511464412,0.0027708420315799413,True,True,frozen synthetic foreground mean NNLS; production labels only for comparison,"raw postfit residual direction, constrained by NNLS KKT; not absorbed signal fraction",True,True,TP,0.024612825611504168,3.828690575080547e-05,0.7441651284998451,0.9492396730816959,PC 16:1_18:2,PE 20:3_20:3,10,0.09803921568627451,0.564970179975763,0.0,83,0,83,,FROZEN_CHANNEL_DETECTION_THRESHOLD_NOT_AVAILABLE,,0.2716397482011518,0.9997203854306705,,,0.0,candidate spectral contributions; arithmetic channel mean; all aliases,sum of unchanged b values on specified channels; no normalization,LIBRARY_SHARING_SUPPORT_NOT_VERIFIED_IDENTITY_DIAGNOSTIC
V58_MILD_CAL_R1_K125,362,PC 14:0_20:4,0.0003499725961376945,0.00034998652132639573,1.392518870124617e-08,3.9789368696679396e-05,0.00019883186657652786,0.001309156744024409,PE 18:2_20:4,0.00013085850332159032,0.09995632976641806,"[""PE 18:2_20:4"", ""PG 14:0_22:3"", ""PG 17:0_20:3"", ""PE 16:0_22:4"", ""PE 18:1_22:3""]","[0.00013085850332159032, 0.00012092213508276342, 8.47936696883704e-05, 8.251048856793355e-05, 6.42216805785507e-05]",PE 18:2_20:4,"[""PE 18:2_20:4""]",True,1.5404566511278972e-11,6.212912308624727e-15,9.30363863978593e-13,0.460685254030323,0.9395876140401056,0.018707926697696775,0.000118005036762562,True,True,frozen synthetic foreground mean NNLS; production labels only for comparison,"raw postfit residual direction, constrained by NNLS KKT; not absorbed signal fraction",False,False,UNREPORTED_NONTRUTH,1.5611657137463533e-06,,0.7728249995463069,0.17004250572233026,PE 20:4_20:4,PE 20:4_20:4,21,0.2,0.678318448034927,0.0,81,2,83,,FROZEN_CHANNEL_DETECTION_THRESHOLD_NOT_AVAILABLE,0.0,0.0254173785765539,0.9999999905933776,0.9999999851012977,0.0,0.00015534984851930565,candidate spectral contributions; arithmetic channel mean; all aliases,sum of unchanged b values on specified channels; no normalization,LIBRARY_SHARING_SUPPORT_NOT_VERIFIED_IDENTITY_DIAGNOSTIC
V58_MILD_CAL_R1_K125,363,PC 14:1_17:1,0.0003499725961376945,0.0003499725961376945,0.0,0.0,0.0,0.0,,0.0,0.0,[],[],,[],False,1.5404566511278972e-11,,,0.0,0.0,0.01870755452050573,9.443403339052787e-17,True,False,frozen synthetic foreground mean NNLS; production labels only for comparison,"raw postfit residual direction, constrained by NNLS KKT; not absorbed signal fraction",False,False,UNREPORTED_NONTRUTH,0.0,,0.3495144883817266,0.616427546913064,PC 18:0_14:1,PE 20:0_17:1,14,0.10526315789473684,0.40284314111832126,0.0,87,0,87,,FROZEN_CHANNEL_DETECTION_THRESHOLD_NOT_AVAILABLE,,0.0,0.0,,,0.0,candidate spectral contributions; arithmetic channel mean; all aliases,sum of unchanged b values on specified channels; no normalization,LIBRARY_SHARING_SUPPORT_NOT_VERIFIED_IDENTITY_DIAGNOSTIC
V58_MILD_CAL_R1_K125,364,PC 18:0_14:1,0.0003499725961376945,0.00045689983184205447,0.00010692723570435999,0.3055303088838414,0.02466545061549601,0.1929526653604194,PC 16:0_16:1,0.011727409100490034,0.060778684132315235,"[""PC 16:0_16:1"", ""PC 20:0_14:1"", ""PG 18:0_18:3"", ""PG 18:2_20:2"", ""PC 14:0_18:1""]","[0.011727409100490034, 0.009866876765502082, 0.009270414308210642, 0.009267250796557214, 0.008521879719200261]",PC 16:0_16:1,"[""PC 16:0_16:1""]",True,1.5404566511278972e-11,-0.0027990219158737367,-0.0020793547270021823,0.412216707729958,0.8658999756148774,0.02137521536364148,0.010094568607348057,True,True,frozen synthetic foreground mean NNLS; production labels only for comparison,"raw postfit residual direction, constrained by NNLS KKT; not absorbed signal fraction",True,True,TP,0.02778102888137392,0.00035541208069585814,0.5002719117768499,0.727710262799821,PC 20:0_14:1,PC 16:0_16:1,10,0.06060606060606061,0.4231420837727822,0.0,88,0,88,,FROZEN_CHANNEL_DETECTION_THRESHOLD_NOT_AVAILABLE,,0.2194770162936033,0.9999579945778567,,,0.0,candidate spectral contributions; arithmetic channel mean; all aliases,sum of unchanged b values on specified channels; no normalization,LIBRARY_SHARING_SUPPORT_NOT_VERIFIED_IDENTITY_DIAGNOSTIC
V58_MILD_CAL_R1_K125,365,PC 20:0_14:1,0.0003499725961376945,0.0003534645872603836,3.491991122689126e-06,0.009977898701923867,0.0069002029246220675,0.07647210167087692,PG 16:0_20:3,0.006722969719675615,0.08791401795810755,"[""PG 16:0_20:3"", ""PC 14:0_20:1"", ""PE 20:0_18:3"", ""PC 18:0_14:1"", ""PG 18:0_18:2""]","[0.006722969719675615, 0.00581263972394861, 0.005286536686438904, 0.004417707403996156, 0.0036648054694245376]",PG 16:0_20:3,"[""PG 16:0_20:3""]",True,1.5404566511278972e-11,1.850972938428166e-15,7.821895341463573e-15,0.3171334572138108,0.9493060082510214,0.01880065390512744,0.001843041437994393,True,True,frozen synthetic foreground mean NNLS; production labels only for comparison,"raw postfit residual direction, constrained by NNLS KKT; not absorbed signal fraction",False,False,UNREPORTED_NONTRUTH,0.00041605188793982173,,0.47775800276900693,0.727710262799821,PC 18:0_14:1,PC 14:0_20:1,50,0.4854368932038835,0.2508777024560615,0.0,76,0,76,,FROZEN_CHANNEL_DETECTION_THRESHOLD_NOT_AVAILABLE,,0.10045804731206373,0.8784707527120016,,,0.0,candidate spectral contributions; arithmetic channel mean; all aliases,sum of unchanged b values on specified channels; no normalization,LIBRARY_SHARING_SUPPORT_NOT_VERIFIED_IDENTITY_DIAGNOSTIC
V58_MILD_CAL_R1_K125,366,PC 14:1_20:1,0.0003499725961376945,0.0003499725961376945,0.0,0.0,0.0,0.0,,0.0,0.0,[],[],,[],False,1.5404566511278972e-11,,,0.0,0.0,0.01870755452050573,9.443403339052787e-17,True,False,frozen synthetic foreground mean NNLS; production labels only for comparison,"raw postfit residual direction, constrained by NNLS KKT; not absorbed signal fraction",False,False,UNREPORTED_NONTRUTH,7.320412518986471e-06,,0.6898906281562028,0.7929643852758543,PC 16:1_18:1,PC 16:1_18:1,5,0.03048780487804878,0.3737186317537921,0.0,77,0,77,,FROZEN_CHANNEL_DETECTION_THRESHOLD_NOT_AVAILABLE,,0.0,0.0,,,0.0,candidate spectral contributions; arithmetic channel mean; all aliases,sum of unchanged b values on specified channels; no normalization,LIBRARY_SHARING_SUPPORT_NOT_VERIFIED_IDENTITY_DIAGNOSTIC
V58_MILD_CAL_R1_K125,367,PC 16:0_18:0,0.0003499725961376945,0.0003499725961376945,0.0,0.0,0.0,0.0,,0.0,0.0,[],[],,[],False,1.5404566511278972e-11,,,0.0,0.0,0.01870755452050573,9.443403339052787e-17,True,False,frozen synthetic foreground mean NNLS; production labels only for comparison,"raw postfit residual direction, constrained by NNLS KKT; not absorbed signal fraction",False,False,UNREPORTED_NONTRUTH,0.00030049086943957154,,0.6497545421173111,0.8763281731311356,PC 14:0_20:0,PC 14:0_20:0,6,0.0375,0.5325615489981194,0.0,89,0,89,,FROZEN_CHANNEL_DETECTION_THRESHOLD_NOT_AVAILABLE,,0.0,0.0,,,0.0,candidate spectral contributions; arithmetic channel mean; all aliases,sum of unchanged b values on specified channels; no normalization,LIBRARY_SHARING_SUPPORT_NOT_VERIFIED_IDENTITY_DIAGNOSTIC
V58_MILD_CAL_R1_K125,368,PC 16:0_18:1,0.0003499725961376945,0.0003499725961376945,0.0,0.0,0.0,0.0,,0.0,0.0,[],[],,[],False,1.5404566511278972e-11,,,0.0,0.0,0.01870755452050573,9.443403339052787e-17,True,False,frozen synthetic foreground mean NNLS; production labels only for comparison,"raw postfit residual direction, constrained by NNLS KKT; not absorbed signal fraction",False,True,FP,0.0011564285994277211,0.0,0.5870930854792916,0.84282723146414,PC 14:0_20:1,PE 20:0_18:1,35,0.3333333333333333,0.6047114616965469,0.0,70,0,70,,FROZEN_CHANNEL_DETECTION_THRESHOLD_NOT_AVAILABLE,,0.0,0.0,,,0.0,candidate spectral contributions; arithmetic channel mean; all aliases,sum of unchanged b values on specified channels; no normalization,LIBRARY_SHARING_SUPPORT_NOT_VERIFIED_IDENTITY_DIAGNOSTIC
V58_MILD_CAL_R1_K125,369,PC 16:0_18:2,0.0003499725961376945,0.0003499725961376945,0.0,0.0,0.0,0.0,,0.0,0.0,[],[],,[],False,1.5404566511278972e-11,,,0.0,0.0,0.01870755452050573,9.443403339052787e-17,True,False,frozen synthetic foreground mean NNLS; production labels only for comparison,"raw postfit residual direction, constrained by NNLS KKT; not absorbed signal fraction",False,False,UNREPORTED_NONTRUTH,7.542338246493626e-08,,0.5958430940071128,0.9070614446012116,PC 16:1_18:1,PC 16:1_18:1,56,0.45528455284552843,0.7630090871499896,0.0,87,0,87,,FROZEN_CHANNEL_DETECTION_THRESHOLD_NOT_AVAILABLE,,0.0,0.0,,,0.0,candidate spectral contributions; arithmetic channel mean; all aliases,sum of unchanged b values on specified channels; no normalization,LIBRARY_SHARING_SUPPORT_NOT_VERIFIED_IDENTITY_DIAGNOSTIC
V58_MILD_CAL_R1_K125,370,PC 16:1_16:1,0.0003499725961376945,0.0003499725961376945,0.0,0.0,0.0,0.0,,0.0,0.0,[],[],,[],False,1.5404566511278972e-11,,,0.0,0.0,0.01870755452050573,9.443403339052787e-17,True,False,frozen synthetic foreground mean NNLS; production labels only for comparison,"raw postfit residual direction, constrained by NNLS KKT; not absorbed signal fraction",False,False,UNREPORTED_NONTRUTH,0.0005510793869088572,,0.5789503391145575,0.8464077834667707,PC 14:0_18:2,PE 22:0_16:1,8,0.08163265306122448,0.257257660281495,0.0,55,0,55,,FROZEN_CHANNEL_DETECTION_THRESHOLD_NOT_AVAILABLE,,0.0,0.0,,,0.0,candidate spectral contributions; arithmetic channel mean; all aliases,sum of unchanged b values on specified channels; no normalization,LIBRARY_SHARING_SUPPORT_NOT_VERIFIED_IDENTITY_DIAGNOSTIC
V58_MILD_CAL_R1_K125,371,PC 18:0_16:1,0.0003499725961376945,0.0003499725961376945,0.0,0.0,0.0,0.0,,0.0,0.0,[],[],,[],False,1.5404566511278972e-11,,,0.0,0.0,0.01870755452050573,9.443403339052787e-17,True,False,frozen synthetic foreground mean NNLS; production labels only for comparison,"raw postfit residual direction, constrained by NNLS KKT; not absorbed signal fraction",False,False,UNREPORTED_NONTRUTH,0.00021457722628372182,,0.5551788222897263,0.7929821931506879,PC 16:0_18:1,PE 22:0_16:1,8,0.06015037593984962,0.5399216894738249,0.0,90,0,90,,FROZEN_CHANNEL_DETECTION_THRESHOLD_NOT_AVAILABLE,,0.0,0.0,,,0.0,candidate spectral contributions; arithmetic channel mean; all aliases,sum of unchanged b values on specified channels; no normalization,LIBRARY_SHARING_SUPPORT_NOT_VERIFIED_IDENTITY_DIAGNOSTIC
V58_MILD_CAL_R1_K125,372,PC 16:1_18:1,0.0003499725961376945,0.0003499725961376945,0.0,0.0,0.0,0.0,,0.0,0.0,[],[],,[],False,1.5404566511278972e-11,,,0.0,0.0,0.01870755452050573,9.443403339052787e-17,True,False,frozen synthetic foreground mean NNLS; production labels only for comparison,"raw postfit residual direction, constrained by NNLS KKT; not absorbed signal fraction",False,False,UNREPORTED_NONTRUTH,0.0,,0.6898906281562028,0.9076892361094671,PC 14:0_20:2,PC 14:1_20:1,5,0.03048780487804878,0.601774740405246,0.0,92,0,92,,FROZEN_CHANNEL_DETECTION_THRESHOLD_NOT_AVAILABLE,,0.0,0.0,,,0.0,candidate spectral contributions; arithmetic channel mean; all aliases,sum of unchanged b values on specified channels; no normalization,LIBRARY_SHARING_SUPPORT_NOT_VERIFIED_IDENTITY_DIAGNOSTIC
V58_MILD_CAL_R1_K125,373,PC 16:1_18:2,0.0003499725961376945,0.0003499725961376945,0.0,0.0,0.0,0.0,,0.0,0.0,[],[],,[],False,1.5404566511278972e-11,,,0.0,0.0,0.01870755452050573,9.443403339052787e-17,True,False,frozen synthetic foreground mean NNLS; production labels only for comparison,"raw postfit residual direction, constrained by NNLS KKT; not absorbed signal fraction",False,True,FP,0.0032820898538791317,0.0,0.4934246799363615,0.9492396730816959,PC 14:0_20:3,PC 14:0_20:3,6,0.03592814371257485,0.7692558146378963,0.0,90,0,90,,FROZEN_CHANNEL_DETECTION_THRESHOLD_NOT_AVAILABLE,,0.0,0.0,,,0.0,candidate spectral contributions; arithmetic channel mean; all aliases,sum of unchanged b values on specified channels; no normalization,LIBRARY_SHARING_SUPPORT_NOT_VERIFIED_IDENTITY_DIAGNOSTIC
V58_MILD_CAL_R1_K125,374,PC 17:0_17:0,0.0003499725961376945,0.0003641773407362192,1.420474459852474e-05,0.040588162372427045,0.027135387789804347,0.25829521465281347,PE 18:0_22:4,0.016958865756818375,0.06565691036726296,"[""PE 18:0_22:4"", ""PG 16:1_20:2"", ""PE 17:0_22:2"", ""PE O-16:0_22:3"", ""PG 18:2_20:2""]","[0.016958865756818375, 0.016613940220282678, 0.015463094342704126, 0.013505200635655804, 0.012604048951386365]",PE 18:0_22:4,"[""PE 18:0_22:4""]",True,1.5404566511278972e-11,-8.811287241040125e-15,0.0010645791355661002,0.39336184452279105,1.0286943322385702,0.0190834310525183,0.003285281471007983,True,True,frozen synthetic foreground mean NNLS; production labels only for comparison,"raw postfit residual direction, constrained by NNLS KKT; not absorbed signal fraction",True,True,TP,0.030137541747581657,4.7214704469435585e-05,0.778848365646638,0.8056991435503483,PC 16:0_18:0,PG 17:0_17:0,13,0.14772727272727273,0.18950286284686227,0.0,50,0,50,,FROZEN_CHANNEL_DETECTION_THRESHOLD_NOT_AVAILABLE,,0.4710280492420093,0.999999771472649,,,0.0,candidate spectral contributions; arithmetic channel mean; all aliases,sum of unchanged b values on specified channels; no normalization,LIBRARY_SHARING_SUPPORT_NOT_VERIFIED_IDENTITY_DIAGNOSTIC
V58_MILD_CAL_R1_K125,375,PC 17:0_17:1,0.0003499725961376945,0.0003499725961376945,0.0,0.0,0.0,0.0,,0.0,0.0,[],[],,[],False,1.5404566511278972e-11,,,0.0,0.0,0.01870755452050573,9.443403339052787e-17,True,False,frozen synthetic foreground mean NNLS; production labels only for comparison,"raw postfit residual direction, constrained by NNLS KKT; not absorbed signal fraction",False,True,FP,0.0010873175252109144,0.0,0.5912129998437835,0.762742232563447,PC 16:0_18:1,PE 20:0_17:1,12,0.10714285714285714,0.3238153493687837,0.0,64,0,64,,FROZEN_CHANNEL_DETECTION_THRESHOLD_NOT_AVAILABLE,,0.0,0.0,,,0.0,candidate spectral contributions; arithmetic channel mean; all aliases,sum of unchanged b values on specified channels; no normalization,LIBRARY_SHARING_SUPPORT_NOT_VERIFIED_IDENTITY_DIAGNOSTIC
V58_MILD_CAL_R1_K125,376,PC 17:1_17:1,0.0003499725961376945,0.0003499725961376945,0.0,0.0,0.0,0.0,,0.0,0.0,[],[],,[],False,1.5404566511278972e-11,,,0.0,0.0,0.01870755452050573,6.43615752597782e-17,True,False,frozen synthetic foreground mean NNLS; production labels only for comparison,"raw postfit residual direction, constrained by NNLS KKT; not absorbed signal fraction",False,False,UNREPORTED_NONTRUTH,1.438087160116278e-06,,0.620313903282149,0.8526138690289294,PC 16:1_18:1,PE 20:0_17:1,12,0.12903225806451613,0.3020196763635251,0.0,45,0,45,,FROZEN_CHANNEL_DETECTION_THRESHOLD_NOT_AVAILABLE,,0.0,0.0,,,0.0,candidate spectral contributions; arithmetic channel mean; all aliases,sum of unchanged b values on specified channels; no normalization,LIBRARY_SHARING_SUPPORT_NOT_VERIFIED_IDENTITY_DIAGNOSTIC
V58_MILD_CAL_R2_K125,0,PA 16:0_24:0,0.0003959881134257442,0.0004125152695887888,1.6527156163044586e-05,0.041736495518336476,0.02605851878976578,0.4335804785578754,PA 20:0_20:0,0.032928624855118174,0.07594581971163823,"[""PA 20:0_20:0"", ""PA 18:0_22:0"", ""PE O-18:0_22:2"", ""PG 14:0_22:1"", ""PE 16:0_22:3""]","[0.032928624855118174, 0.026474146085806265, 0.020629426075744705, 0.018136725955076604, 0.016025502869707244]",PA 20:0_20:0,"[""PA 20:0_20:0""]",True,1.5404566511278972e-11,-1.0543355064174048e-17,0.007084647604272867,0.29842868744323076,1.3006501789884597,0.020310471919401298,0.003251984488539155,True,True,frozen synthetic foreground mean NNLS; production labels only for comparison,"raw postfit residual direction, constrained by NNLS KKT; not absorbed signal fraction",True,True,TP,0.022832635605265304,4.855051812579717e-05,0.4417017387684144,0.5665676826346914,PA 18:0_22:0,PA 18:0_22:0,8,0.06451612903225806,0.30842244101868027,0.0,58,0,58,,FROZEN_CHANNEL_DETECTION_THRESHOLD_NOT_AVAILABLE,,0.3592187518436897,0.7988787721356304,,,0.0,candidate spectral contributions; arithmetic channel mean; all aliases,sum of unchanged b values on specified channels; no normalization,LIBRARY_SHARING_SUPPORT_NOT_VERIFIED_IDENTITY_DIAGNOSTIC
V58_MILD_CAL_R2_K125,1,PA 16:0_24:1,0.0003959881134257442,0.0003959881134257442,0.0,0.0,0.0,0.0,,0.0,0.0,[],[],,[],False,1.5404566511278972e-11,,,0.0,0.0,0.019899450078475652,8.89919582615121e-17,True,False,frozen synthetic foreground mean NNLS; production labels only for comparison,"raw postfit residual direction, constrained by NNLS KKT; not absorbed signal fraction",False,True,FP,0.001440799123115658,1.7517361843378257e-18,0.6654546085137296,0.4706267953423388,PA 18:1_24:1,PA 16:0_24:5,32,0.34408602150537637,0.3174583893563456,0.0,56,0,56,,FROZEN_CHANNEL_DETECTION_THRESHOLD_NOT_AVAILABLE,,0.0,0.0,,,0.0,candidate spectral contributions; arithmetic channel mean; all aliases,sum of unchanged b values on specified channels; no normalization,LIBRARY_SHARING_SUPPORT_NOT_VERIFIED_IDENTITY_DIAGNOSTIC
V58_MILD_CAL_R2_K125,2,PA 16:0_24:4,0.0003959881134257442,0.0003959881134257442,0.0,0.0,0.0,0.0,,0.0,0.0,[],[],,[],False,1.5404566511278972e-11,,,0.0,0.0,0.019899450078475652,8.89919582615121e-17,True,False,frozen synthetic foreground mean NNLS; production labels only for comparison,"raw postfit residual direction, constrained by NNLS KKT; not absorbed signal fraction",False,False,UNREPORTED_NONTRUTH,1.879820611815968e-07,,0.9158818220879426,0.7345368690682221,PA 16:0_24:5,PA 16:0_24:5,55,0.6179775280898876,0.30673736110358696,0.0,75,0,75,,FROZEN_CHANNEL_DETECTION_THRESHOLD_NOT_AVAILABLE,,0.0,0.0,,,0.0,candidate spectral contributions; arithmetic channel mean; all aliases,sum of unchanged b values on specified channels; no normalization,LIBRARY_SHARING_SUPPORT_NOT_VERIFIED_IDENTITY_DIAGNOSTIC
V58_MILD_CAL_R2_K125,3,PA 16:0_24:5,0.0003959881134257442,0.0003959881134257442,0.0,0.0,0.0,0.0,,0.0,0.0,[],[],,[],False,1.5404566511278972e-11,,,0.0,0.0,0.019899450078475652,8.89919582615121e-17,True,False,frozen synthetic foreground mean NNLS; production labels only for comparison,"raw postfit residual direction, constrained by NNLS KKT; not absorbed signal fraction",False,False,UNREPORTED_NONTRUTH,0.00011121810587465174,,0.9158818220879426,0.7345368690682221,PA 16:0_24:4,PA 16:0_24:4,55,0.6179775280898876,0.3231074055094616,0.0,69,0,69,,FROZEN_CHANNEL_DETECTION_THRESHOLD_NOT_AVAILABLE,,0.0,0.0,,,0.0,candidate spectral contributions; arithmetic channel mean; all aliases,sum of unchanged b values on specified channels; no normalization,LIBRARY_SHARING_SUPPORT_NOT_VERIFIED_IDENTITY_DIAGNOSTIC
V58_MILD_CAL_R2_K125,4,PA 24:0_16:1,0.0003959881134257442,0.0003959881134257442,0.0,0.0,0.0,0.0,,0.0,0.0,[],[],,[],False,1.5404566511278972e-11,,,0.0,0.0,0.019899450078475652,8.89919582615121e-17,True,False,frozen synthetic foreground mean NNLS; production labels only for comparison,"raw postfit residual direction, constrained by NNLS KKT; not absorbed signal fraction",False,False,UNREPORTED_NONTRUTH,0.0009314308217186366,,0.6635490102196412,0.8182998644473404,PE O-16:1_24:0,PE O-16:1_24:0,6,0.07792207792207792,0.3319985801548295,0.0,55,0,55,,FROZEN_CHANNEL_DETECTION_THRESHOLD_NOT_AVAILABLE,,0.0,0.0,,,0.0,candidate spectral contributions; arithmetic channel mean; all aliases,sum of unchanged b values on specified channels; no normalization,LIBRARY_SHARING_SUPPORT_NOT_VERIFIED_IDENTITY_DIAGNOSTIC
V58_MILD_CAL_R2_K125,5,PA 18:0_22:0,0.0003959881134257442,0.00039809269387957387,2.104580453829647e-06,0.005314756623141775,0.016086694007720354,0.17356798637579726,PE O-16:0_22:2,0.01403618016537952,0.08086848536059234,"[""PE O-16:0_22:2"", ""PE O-18:1_22:2"", ""PE O-18:0_20:3"", ""PA 16:0_24:0"", ""PE O-18:2_22:0""]","[0.01403618016537952, 0.008601389564650501, 0.007588845332328726, 0.006962060654364981, 0.006793310231412943]",PE O-16:0_22:2,"[""PE O-16:0_22:2""]",True,1.5404566511278972e-11,4.213745005493757e-15,1.515697609992404e-13,0.3907384908752046,1.1635983122994527,0.019952260370182977,0.0010984034549514857,True,True,frozen synthetic foreground mean NNLS; production labels only for comparison,"raw postfit residual direction, constrained by NNLS KKT; not absorbed signal fraction",False,True,FP,0.005581022531907311,6.182459369467619e-06,0.6213615504468611,0.5788300756477466,PE O-16:1_22:0,PE O-16:1_22:0,20,0.24390243902439024,0.5810993004505831,0.0,74,0,74,,FROZEN_CHANNEL_DETECTION_THRESHOLD_NOT_AVAILABLE,,0.08805895789916804,0.3881355845805068,,,0.0,candidate spectral contributions; arithmetic channel mean; all aliases,sum of unchanged b values on specified channels; no normalization,LIBRARY_SHARING_SUPPORT_NOT_VERIFIED_IDENTITY_DIAGNOSTIC
V58_MILD_CAL_R2_K125,6,PA 18:0_22:1,0.0003959881134257442,0.0004052298558102254,9.241742384481202e-06,0.023338433775678933,0.031781179067690214,0.3130842766401286,PA 20:0_20:1,0.030458731564545465,0.09728604671980588,"[""PA 20:0_20:1"", ""PE O-18:0_22:2"", ""PE 18:0_22:3"", ""PE 18:2_22:6"", ""PE O-16:0_22:1""]","[0.030458731564545465, 0.01842124013378724, 0.014202622918553755, 0.012449697318997168, 0.011749970147618322]",PA 20:0_20:1,"[""PA 20:0_20:1""]",True,1.5404566511278972e-11,-3.668005858513005e-15,-2.578971073802416e-14,0.4256649678544721,1.2564395488337097,0.0201303218009605,0.0019775632389490085,True,True,frozen synthetic foreground mean NNLS; production labels only for comparison,"raw postfit residual direction, constrained by NNLS KKT; not absorbed signal fraction",True,True,TP,0.012752714930628623,2.714873488973282e-05,0.7758194401934169,0.5598728338941221,PA 18:0_22:5,PA 18:0_22:5,43,0.4056603773584906,0.6925044999060022,0.0,75,0,75,,FROZEN_CHANNEL_DETECTION_THRESHOLD_NOT_AVAILABLE,,0.13214489221570458,0.7985693819264085,,,0.0,candidate spectral contributions; arithmetic channel mean; all aliases,sum of unchanged b values on specified channels; no normalization,LIBRARY_SHARING_SUPPORT_NOT_VERIFIED_IDENTITY_DIAGNOSTIC
V58_MILD_CAL_R2_K125,7,PA 18:0_22:2,0.0003959881134257442,0.0003959881134257442,0.0,0.0,0.0,0.0,,0.0,0.0,[],[],,[],False,1.5404566511278972e-11,,,0.0,0.0,0.019899450078475652,8.89919582615121e-17,True,False,frozen synthetic foreground mean NNLS; production labels only for comparison,"raw postfit residual direction, constrained by NNLS KKT; not absorbed signal fraction",False,True,FP,0.0011219797432718357,0.0,0.7712444249831438,0.5992875297593774,PA 18:0_22:5,PA 18:0_22:5,43,0.4056603773584906,0.9234142782297335,0.0,75,0,75,,FROZEN_CHANNEL_DETECTION_THRESHOLD_NOT_AVAILABLE,,0.0,0.0,,,0.0,candidate spectral contributions; arithmetic channel mean; all aliases,sum of unchanged b values on specified channels; no normalization,LIBRARY_SHARING_SUPPORT_NOT_VERIFIED_IDENTITY_DIAGNOSTIC
V58_MILD_CAL_R2_K125,8,PA 18:0_22:3,0.0003959881134257442,0.0003959881134257442,0.0,0.0,0.0,0.0,,0.0,0.0,[],[],,[],False,1.5404566511278972e-11,,,0.0,0.0,0.019899450078475652,8.89919582615121e-17,True,False,frozen synthetic foreground mean NNLS; production labels only for comparison,"raw postfit residual direction, constrained by NNLS KKT; not absorbed signal fraction",True,True,TP,0.00672583935670892,1.7517361843378257e-18,0.7822770296793283,0.6759221677178359,PA 18:0_22:5,PA 18:0_22:5,50,0.49019607843137253,1.0840010641569018,0.0,78,0,78,,FROZEN_CHANNEL_DETECTION_THRESHOLD_NOT_AVAILABLE,,0.0,0.0,,,0.0,candidate spectral contributions; arithmetic channel mean; all aliases,sum of unchanged b values on specified channels; no normalization,LIBRARY_SHARING_SUPPORT_NOT_VERIFIED_IDENTITY_DIAGNOSTIC
V58_MILD_CAL_R2_K125,9,PA 18:0_22:4,0.0003959881134257442,0.0003959881134257442,0.0,0.0,0.0,0.0,,0.0,0.0,[],[],,[],False,1.5404566511278972e-11,,,0.0,0.0,0.019899450078475652,8.89919582615121e-17,True,False,frozen synthetic foreground mean NNLS; production labels only for comparison,"raw postfit residual direction, constrained by NNLS KKT; not absorbed signal fraction",False,True,FP,0.003478728602156377,0.0,0.8645836872619046,0.7759334448548885,PA 18:0_22:5,PA 18:0_22:5,63,0.6774193548387096,1.1037048164782453,0.0,82,0,82,,FROZEN_CHANNEL_DETECTION_THRESHOLD_NOT_AVAILABLE,,0.0,0.0,,,0.0,candidate spectral contributions; arithmetic channel mean; all aliases,sum of unchanged b values on specified channels; no normalization,LIBRARY_SHARING_SUPPORT_NOT_VERIFIED_IDENTITY_DIAGNOSTIC
V58_MILD_CAL_R2_K125,10,PA 18:0_22:5,0.0003959881134257442,0.0003959881134257442,0.0,0.0,0.0,0.0,,0.0,0.0,[],[],,[],False,1.5404566511278972e-11,,,0.0,0.0,0.019899450078475652,8.89919582615121e-17,True,False,frozen synthetic foreground mean NNLS; production labels only for comparison,"raw postfit residual direction, constrained by NNLS KKT; not absorbed signal fraction",True,True,TP,0.007939027997615462,0.0,0.9345818694558994,0.7759334448548885,PA 18:0_22:4,PA 18:0_24:6,43,0.3805309734513274,0.9870784063318786,0.0,74,0,74,,FROZEN_CHANNEL_DETECTION_THRESHOLD_NOT_AVAILABLE,,0.0,0.0,,,0.0,candidate spectral contributions; arithmetic channel mean; all aliases,sum of unchanged b values on specified channels; no normalization,LIBRARY_SHARING_SUPPORT_NOT_VERIFIED_IDENTITY_DIAGNOSTIC
V58_MILD_CAL_R2_K125,11,PA 18:0_24:0,0.0003959881134257442,0.00040863983431738127,1.2651720891637046e-05,0.031949749072606316,0.007605837408083149,0.11764200790356198,PE O-16:0_22:2,0.015267535763177792,0.12977962579118593,"[""PE O-16:0_22:2"", ""PE 17:0_22:1"", ""PE O-18:0_20:1"", ""PE O-18:0_20:3"", ""PA 18:0_22:0""]","[0.015267535763177792, 0.014915216345326391, 0.009560436059253524, 0.004650690473753076, 0.004529061343352833]",PE O-16:0_22:2,"[""PE O-16:0_22:2""]",True,1.5404566511278972e-11,-6.269224163373602e-15,-1.2733401710902785e-14,0.24218801933731368,1.0863325690270023,0.020214841931545782,0.0034823177864237677,True,True,frozen synthetic foreground mean NNLS; production labels only for comparison,"raw postfit residual direction, constrained by NNLS KKT; not absorbed signal fraction",True,True,TP,0.007391557527313982,3.716595876581803e-05,0.6313329245217805,0.764023983866589,PE O-16:1_24:0,PA 18:0_22:5,43,0.43,0.5501324172753986,0.0,69,0,69,,FROZEN_CHANNEL_DETECTION_THRESHOLD_NOT_AVAILABLE,,0.09530407351059891,0.31084668315212327,,,0.0,candidate spectral contributions; arithmetic channel mean; all aliases,sum of unchanged b values on specified channels; no normalization,LIBRARY_SHARING_SUPPORT_NOT_VERIFIED_IDENTITY_DIAGNOSTIC
V58_MILD_CAL_R2_K125,12,PA 18:0_24:1,0.0003959881134257442,0.0003959881134257442,0.0,0.0,0.0,0.0,,0.0,0.0,[],[],,[],False,1.5404566511278972e-11,,,0.0,0.0,0.019899450078475652,8.89919582615121e-17,True,False,frozen synthetic foreground mean NNLS; production labels only for comparison,"raw postfit residual direction, constrained by NNLS KKT; not absorbed signal fraction",False,False,UNREPORTED_NONTRUTH,7.988463102910985e-08,,0.830530449311374,0.8275204663016247,PA 18:1_24:1,PA 18:0_22:5,43,0.4387755102040816,0.5591683656130642,0.0,67,0,67,,FROZEN_CHANNEL_DETECTION_THRESHOLD_NOT_AVAILABLE,,0.0,0.0,,,0.0,candidate spectral contributions; arithmetic channel mean; all aliases,sum of unchanged b values on specified channels; no normalization,LIBRARY_SHARING_SUPPORT_NOT_VERIFIED_IDENTITY_DIAGNOSTIC
V58_MILD_CAL_R2_K125,13,PA 18:0_24:4,0.0003959881134257442,0.0003959881134257442,0.0,0.0,0.0,0.0,,0.0,0.0,[],[],,[],False,1.5404566511278972e-11,,,0.0,0.0,0.019899450078475652,8.89919582615121e-17,True,False,frozen synthetic foreground mean NNLS; production labels only for comparison,"raw postfit residual direction, constrained by NNLS KKT; not absorbed signal fraction",True,True,TP,0.0013241727373569261,0.0,0.8327498506144144,0.8008324499905212,PE O-16:1_24:4,PA 18:0_22:5,43,0.36752136752136755,0.5484473373603056,0.0,86,0,86,,FROZEN_CHANNEL_DETECTION_THRESHOLD_NOT_AVAILABLE,,0.0,0.0,,,0.0,candidate spectral contributions; arithmetic channel mean; all aliases,sum of unchanged b values on specified channels; no normalization,LIBRARY_SHARING_SUPPORT_NOT_VERIFIED_IDENTITY_DIAGNOSTIC
V58_MILD_CAL_R2_K125,14,PA 18:0_24:5,0.0003959881134257442,0.0003959881134257442,0.0,0.0,0.0,0.0,,0.0,0.0,[],[],,[],False,1.5404566511278972e-11,,,0.0,0.0,0.019899450078475652,8.89919582615121e-17,True,False,frozen synthetic foreground mean NNLS; production labels only for comparison,"raw postfit residual direction, constrained by NNLS KKT; not absorbed signal fraction",False,False,UNREPORTED_NONTRUTH,0.000897272175658802,,0.9196802830260686,0.7024339213008317,PE O-16:1_24:5,PA 18:0_22:5,43,0.38738738738738737,0.56481738176618,0.0,80,0,80,,FROZEN_CHANNEL_DETECTION_THRESHOLD_NOT_AVAILABLE,,0.0,0.0,,,0.0,candidate spectral contributions; arithmetic channel mean; all aliases,sum of unchanged b values on specified channels; no normalization,LIBRARY_SHARING_SUPPORT_NOT_VERIFIED_IDENTITY_DIAGNOSTIC
V58_MILD_CAL_R2_K125,15,PA 18:0_24:6,0.0003959881134257442,0.0003959881134257442,0.0,0.0,0.0,0.0,,0.0,0.0,[],[],,[],False,1.5404566511278972e-11,,,0.0,0.0,0.019899450078475652,8.89919582615121e-17,True,False,frozen synthetic foreground mean NNLS; production labels only for comparison,"raw postfit residual direction, constrained by NNLS KKT; not absorbed signal fraction",False,False,UNREPORTED_NONTRUTH,2.6624384079616433e-05,,0.9345818694558994,0.7713333153766767,PE O-16:1_24:6,PA 18:0_22:5,43,0.3805309734513274,0.6590613554048356,0.0,82,0,82,,FROZEN_CHANNEL_DETECTION_THRESHOLD_NOT_AVAILABLE,,0.0,0.0,,,0.0,candidate spectral contributions; arithmetic channel mean; all aliases,sum of unchanged b values on specified channels; no normalization,LIBRARY_SHARING_SUPPORT_NOT_VERIFIED_IDENTITY_DIAGNOSTIC
V58_MILD_CAL_R2_K125,16,PA 22:0_18:1,0.0003959881134257442,0.0003964190301191791,4.3091669343485895e-07,0.0010882061297717675,0.005844891258596669,0.05015470414031725,PA 22:0_20:3,0.004894242671062428,0.09758292377265904,"[""PA 22:0_20:3"", ""PA 20:0_20:1"", ""PA 18:2_22:3"", ""PG 18:1_20:4"", ""PA 20:1_20:3""]","[0.004894242671062428, 0.004879006111767604, 0.0026760953231213663, 0.002655434405333247, 0.002604726430791824]",PA 22:0_20:3,"[""PA 22:0_20:3""]",True,1.5404566511278972e-11,1.1035100311078745e-15,1.4228138352877808e-14,0.4604007389461963,1.2605789720344152,0.019910274486284192,0.0006450615855790768,True,True,frozen synthetic foreground mean NNLS; production labels only for comparison,"raw postfit residual direction, constrained by NNLS KKT; not absorbed signal fraction",True,True,TP,0.007850630832279265,1.2658698525598248e-06,0.6113032030767287,0.6085671738395478,PA 22:0_18:2,PA 22:0_18:2,62,0.7380952380952381,0.7241170930228296,0.0,73,0,73,,FROZEN_CHANNEL_DETECTION_THRESHOLD_NOT_AVAILABLE,,0.06703988150752796,0.5222662485658055,,,0.0,candidate spectral contributions; arithmetic channel mean; all aliases,sum of unchanged b values on specified channels; no normalization,LIBRARY_SHARING_SUPPORT_NOT_VERIFIED_IDENTITY_DIAGNOSTIC
V58_MILD_CAL_R2_K125,17,PA 18:1_22:1,0.0003959881134257442,0.0003959881134257442,0.0,0.0,0.0,0.0,,0.0,0.0,[],[],,[],False,1.5404566511278972e-11,,,0.0,0.0,0.019899450078475652,8.89919582615121e-17,True,False,frozen synthetic foreground mean NNLS; production labels only for comparison,"raw postfit residual direction, constrained by NNLS KKT; not absorbed signal fraction",False,False,UNREPORTED_NONTRUTH,9.196306156406064e-08,,0.6587714299907945,0.8162413662462789,PA 20:1_20:1,PA 20:1_20:1,8,0.07272727272727272,0.8355222924782487,0.0,74,0,74,,FROZEN_CHANNEL_DETECTION_THRESHOLD_NOT_AVAILABLE,,0.0,0.0,,,0.0,candidate spectral contributions; arithmetic channel mean; all aliases,sum of unchanged b values on specified channels; no normalization,LIBRARY_SHARING_SUPPORT_NOT_VERIFIED_IDENTITY_DIAGNOSTIC
V58_MILD_CAL_R2_K125,18,PA 18:1_22:2,0.0003959881134257442,0.0003963592744395196,3.711610137753789e-07,0.0009373034196080123,0.014409184074260891,0.07804920275431453,PA 20:1_20:2,0.012355150709923796,0.15829951202265813,"[""PA 20:1_20:2"", ""PA 18:1_22:3"", ""PG 17:0_20:3"", ""PG 17:1_20:1"", ""PA 20:3_22:4""]","[0.012355150709923796, 0.010279117944573084, 0.006712736542576935, 0.006639805143913612, 0.0047269312176775515]",PA 20:1_20:2,"[""PA 20:1_20:2""]",True,1.5404566511278972e-11,8.446174652595664e-16,2.5503847219979124e-13,0.5807664479524706,1.2000699052879373,0.019908773805524027,0.0004371359164010229,True,True,frozen synthetic foreground mean NNLS; production labels only for comparison,"raw postfit residual direction, constrained by NNLS KKT; not absorbed signal fraction",True,True,TP,0.023751599888904983,1.0903303235665907e-06,0.719622376836395,0.6482811438952457,PA 20:1_20:2,PE 18:1_22:2,21,0.17355371900826447,1.0664320708019799,0.0,74,0,74,,FROZEN_CHANNEL_DETECTION_THRESHOLD_NOT_AVAILABLE,,0.030110784556479565,0.18491088380824827,,,0.0,candidate spectral contributions; arithmetic channel mean; all aliases,sum of unchanged b values on specified channels; no normalization,LIBRARY_SHARING_SUPPORT_NOT_VERIFIED_IDENTITY_DIAGNOSTIC
V58_MILD_CAL_R2_K125,19,PA 18:1_22:3,0.0003959881134257442,0.0003988730650882359,2.8849516624916845e-06,0.007285450136995643,0.026694517070296152,0.12725258854509613,PA 18:1_22:2,0.01711461257943561,0.13449323722979506,"[""PA 18:1_22:2"", ""PA 20:1_20:3"", ""PA 18:2_22:3"", ""PA 20:2_20:2"", ""PG 14:0_22:3""]","[0.01711461257943561, 0.012675744481573646, 0.012352466442196813, 0.012294918743476668, 0.00863448050070182]",PA 18:1_22:2,"[""PA 18:1_22:2""]",True,1.5404566511278972e-11,-5.774910384162788e-15,-3.758907778033952e-14,0.6963528481733922,1.2725261811704376,0.019971806755730338,0.0012807434338741976,True,True,frozen synthetic foreground mean NNLS; production labels only for comparison,"raw postfit residual direction, constrained by NNLS KKT; not absorbed signal fraction",False,True,FP,0.013186449836056921,8.474894083414405e-06,0.8037028044316032,0.7251268719898705,PE 18:1_22:3,PE 18:1_22:3,21,0.1693548387096774,1.2270188567291482,0.0,77,0,77,,FROZEN_CHANNEL_DETECTION_THRESHOLD_NOT_AVAILABLE,,0.06205696369722296,0.3336823659371615,,,0.0,candidate spectral contributions; arithmetic channel mean; all aliases,sum of unchanged b values on specified channels; no normalization,LIBRARY_SHARING_SUPPORT_NOT_VERIFIED_IDENTITY_DIAGNOSTIC
V58_MILD_CAL_R2_K125,20,PA 18:1_22:4,0.0003959881134257442,0.0003959881134257442,0.0,0.0,0.0,0.0,,0.0,0.0,[],[],,[],False,1.5404566511278972e-11,,,0.0,0.0,0.019899450078475652,8.89919582615121e-17,True,False,frozen synthetic foreground mean NNLS; production labels only for comparison,"raw postfit residual direction, constrained by NNLS KKT; not absorbed signal fraction",False,True,FP,0.007188871411277177,0.0,0.7251473075116469,0.6740286583435952,PE 18:1_22:4,PA 18:1_24:6,42,0.3442622950819672,1.2521307670113804,0.0,83,0,83,,FROZEN_CHANNEL_DETECTION_THRESHOLD_NOT_AVAILABLE,,0.0,0.0,,,0.0,candidate spectral contributions; arithmetic channel mean; all aliases,sum of unchanged b values on specified channels; no normalization,LIBRARY_SHARING_SUPPORT_NOT_VERIFIED_IDENTITY_DIAGNOSTIC
V58_MILD_CAL_R2_K125,21,PA 24:0_18:1,0.0003959881134257442,0.0003959881134257442,0.0,0.0,0.0,0.0,,0.0,0.0,[],[],,[],False,1.5404566511278972e-11,,,0.0,0.0,0.019899450078475652,8.89919582615121e-17,True,False,frozen synthetic foreground mean NNLS; production labels only for comparison,"raw postfit residual direction, constrained by NNLS KKT; not absorbed signal fraction",False,False,UNREPORTED_NONTRUTH,0.0008454977433711535,,0.6602623564184668,0.7673821945777389,PE O-16:1_24:0,PA 18:1_24:6,42,0.3925233644859813,0.6931502098476452,0.0,68,0,68,,FROZEN_CHANNEL_DETECTION_THRESHOLD_NOT_AVAILABLE,,0.0,0.0,,,0.0,candidate spectral contributions; arithmetic channel mean; all aliases,sum of unchanged b values on specified channels; no normalization,LIBRARY_SHARING_SUPPORT_NOT_VERIFIED_IDENTITY_DIAGNOSTIC
V58_MILD_CAL_R2_K125,22,PA 18:1_24:1,0.0003959881134257442,0.0003959881134257442,0.0,0.0,0.0,0.0,,0.0,0.0,[],[],,[],False,1.5404566511278972e-11,,,0.0,0.0,0.019899450078475652,8.89919582615121e-17,True,False,frozen synthetic foreground mean NNLS; production labels only for comparison,"raw postfit residual direction, constrained by NNLS KKT; not absorbed signal fraction",False,False,UNREPORTED_NONTRUTH,0.000577827122672506,,0.6708976555148793,0.9368513598429483,PE O-16:1_24:1,PE O-16:1_24:1,18,0.24,0.7021861581853107,0.0,66,0,66,,FROZEN_CHANNEL_DETECTION_THRESHOLD_NOT_AVAILABLE,,0.0,0.0,,,0.0,candidate spectral contributions; arithmetic channel mean; all aliases,sum of unchanged b values on specified channels; no normalization,LIBRARY_SHARING_SUPPORT_NOT_VERIFIED_IDENTITY_DIAGNOSTIC
V58_MILD_CAL_R2_K125,23,PA 18:1_24:4,0.0003959881134257442,0.0003959881134257442,0.0,0.0,0.0,0.0,,0.0,0.0,[],[],,[],False,1.5404566511278972e-11,,,0.0,0.0,0.019899450078475652,8.89919582615121e-17,True,False,frozen synthetic foreground mean NNLS; production labels only for comparison,"raw postfit residual direction, constrained by NNLS KKT; not absorbed signal fraction",False,True,FP,0.0025275339860090225,0.0,0.7660750464750594,0.9219787591660465,PE O-16:1_24:4,PE O-16:1_24:4,26,0.2765957446808511,0.691465129932552,0.0,85,0,85,,FROZEN_CHANNEL_DETECTION_THRESHOLD_NOT_AVAILABLE,,0.0,0.0,,,0.0,candidate spectral contributions; arithmetic channel mean; all aliases,sum of unchanged b values on specified channels; no normalization,LIBRARY_SHARING_SUPPORT_NOT_VERIFIED_IDENTITY_DIAGNOSTIC
V58_MILD_CAL_R2_K125,24,PA 18:1_24:5,0.0003959881134257442,0.0003959881134257442,0.0,0.0,0.0,0.0,,0.0,0.0,[],[],,[],False,1.5404566511278972e-11,,,0.0,0.0,0.019899450078475652,8.89919582615121e-17,True,False,frozen synthetic foreground mean NNLS; production labels only for comparison,"raw postfit residual direction, constrained by NNLS KKT; not absorbed signal fraction",True,True,TP,0.004000551028089776,0.0,0.8214327677645353,0.8278212414653647,PE O-16:1_24:5,PA 18:1_24:6,65,0.6842105263157895,0.7078351743384266,0.0,79,0,79,,FROZEN_CHANNEL_DETECTION_THRESHOLD_NOT_AVAILABLE,,0.0,0.0,,,0.0,candidate spectral contributions; arithmetic channel mean; all aliases,sum of unchanged b values on specified channels; no normalization,LIBRARY_SHARING_SUPPORT_NOT_VERIFIED_IDENTITY_DIAGNOSTIC
V58_MILD_CAL_R2_K125,25,PA 18:1_24:6,0.0003959881134257442,0.0003959881134257442,0.0,0.0,0.0,0.0,,0.0,0.0,[],[],,[],False,1.5404566511278972e-11,,,0.0,0.0,0.019899450078475652,8.89919582615121e-17,True,False,frozen synthetic foreground mean NNLS; production labels only for comparison,"raw postfit residual direction, constrained by NNLS KKT; not absorbed signal fraction",False,False,UNREPORTED_NONTRUTH,0.0,,0.8214327677645353,0.7360380396741001,PE O-16:1_24:6,PA 18:1_24:5,65,0.6842105263157895,0.8020791479770819,0.0,81,0,81,,FROZEN_CHANNEL_DETECTION_THRESHOLD_NOT_AVAILABLE,,0.0,0.0,,,0.0,candidate spectral contributions; arithmetic channel mean; all aliases,sum of unchanged b values on specified channels; no normalization,LIBRARY_SHARING_SUPPORT_NOT_VERIFIED_IDENTITY_DIAGNOSTIC
V58_MILD_CAL_R2_K125,26,PA 22:0_18:2,0.0003959881134257442,0.0003959881134257442,0.0,0.0,0.0,0.0,,0.0,0.0,[],[],,[],False,1.5404566511278972e-11,,,0.0,0.0,0.019899450078475652,8.89919582615121e-17,True,False,frozen synthetic foreground mean NNLS; production labels only for comparison,"raw postfit residual direction, constrained by NNLS KKT; not absorbed signal fraction",False,False,UNREPORTED_NONTRUTH,0.0005411918867773291,,0.6134161506702326,0.6085671738395478,PA 22:0_18:1,PE O-16:1_22:0,14,0.16091954022988506,0.8986797017455853,0.0,73,0,73,,FROZEN_CHANNEL_DETECTION_THRESHOLD_NOT_AVAILABLE,,0.0,0.0,,,0.0,candidate spectral contributions; arithmetic channel mean; all aliases,sum of unchanged b values on specified channels; no normalization,LIBRARY_SHARING_SUPPORT_NOT_VERIFIED_IDENTITY_DIAGNOSTIC
V58_MILD_CAL_R2_K125,27,PA 22:1_18:2,0.0003959881134257442,0.0003959881134257442,0.0,0.0,0.0,0.0,,0.0,0.0,[],[],,[],False,1.5404566511278972e-11,,,0.0,0.0,0.019899450078475652,8.89919582615121e-17,True,False,frozen synthetic foreground mean NNLS; production labels only for comparison,"raw postfit residual direction, constrained by NNLS KKT; not absorbed signal fraction",False,False,UNREPORTED_NONTRUTH,0.00028762986188096343,,0.6072322116946923,0.6000176837844275,PA 20:1_20:2,PA 18:2_24:6,45,0.4090909090909091,1.0100849012010042,0.0,74,0,74,,FROZEN_CHANNEL_DETECTION_THRESHOLD_NOT_AVAILABLE,,0.0,0.0,,,0.0,candidate spectral contributions; arithmetic channel mean; all aliases,sum of unchanged b values on specified channels; no normalization,LIBRARY_SHARING_SUPPORT_NOT_VERIFIED_IDENTITY_DIAGNOSTIC
V58_MILD_CAL_R2_K125,28,PA 18:2_22:2,0.0003959881134257442,0.0003962236016883107,2.3548826256645974e-07,0.0005946851786396699,0.008782145268475568,0.055533510996916995,PA 20:1_20:3,0.00782875478167768,0.14097352465201288,"[""PA 20:1_20:3"", ""PA 18:1_22:2"", ""PA 18:2_22:3"", ""PA 20:2_20:2"", ""PG 17:1_20:2""]","[0.00782875478167768, 0.007409892046509974, 0.006143600462923399, 0.005731563753049142, 0.0028174880573756493]",PA 20:1_20:3,"[""PA 20:1_20:3""]",True,1.5404566511278972e-11,9.911443605070344e-16,1.6721844380714892e-13,0.6448567522001185,1.5456493314012945,0.019905366153083207,0.0004852679784134816,True,True,frozen synthetic foreground mean NNLS; production labels only for comparison,"raw postfit residual direction, constrained by NNLS KKT; not absorbed signal fraction",True,True,TP,0.011361131935455206,6.917752242040354e-07,0.7219248592415819,0.8527237866006904,PA 20:2_20:2,PA 20:2_20:2,8,0.07339449541284404,1.2409946795247355,0.0,74,0,74,,FROZEN_CHANNEL_DETECTION_THRESHOLD_NOT_AVAILABLE,,0.016376971014448224,0.11433400585080106,,,0.0,candidate spectral contributions; arithmetic channel mean; all aliases,sum of unchanged b values on specified channels; no normalization,LIBRARY_SHARING_SUPPORT_NOT_VERIFIED_IDENTITY_DIAGNOSTIC
V58_MILD_CAL_R2_K125,29,PA 18:2_22:3,0.0003959881134257442,0.00039608236982273956,9.425639699533984e-08,0.0002380283487347316,0.004858797336916022,0.03840190987705204,PA 18:2_22:2,0.004590288068716844,0.11953280665710707,"[""PA 18:2_22:2"", ""PA 20:1_20:2"", ""PA 18:1_22:3"", ""PA 20:2_20:3"", ""PG 17:0_20:3""]","[0.004590288068716844, 0.004299097403355719, 0.0036161907864594375, 0.0035671277711377715, 0.0029374104532098946]",PA 18:2_22:2,"[""PA 18:2_22:2""]",True,1.5404566511278972e-11,3.7069414811243484e-15,5.10609117631163e-13,0.520468928639536,1.5316114732002606,0.01990181825418823,0.0002979492176942098,True,True,frozen synthetic foreground mean NNLS; production labels only for comparison,"raw postfit residual direction, constrained by NNLS KKT; not absorbed signal fraction",True,True,TP,0.005313818955078194,2.76889554721443e-07,0.72288923622664,0.7079830843017301,PA 20:2_20:3,PE 18:2_22:3,20,0.16129032258064516,1.4015814654519039,0.0,77,0,77,,FROZEN_CHANNEL_DETECTION_THRESHOLD_NOT_AVAILABLE,,0.012599390905578248,0.10330784090441306,,,0.0,candidate spectral contributions; arithmetic channel mean; all aliases,sum of unchanged b values on specified channels; no normalization,LIBRARY_SHARING_SUPPORT_NOT_VERIFIED_IDENTITY_DIAGNOSTIC
V58_MILD_CAL_R2_K125,30,PA 24:0_18:2,0.0003959881134257442,0.0003959881134257442,0.0,0.0,0.0,0.0,,0.0,0.0,[],[],,[],False,1.5404566511278972e-11,,,0.0,0.0,0.019899450078475652,8.89919582615121e-17,True,False,frozen synthetic foreground mean NNLS; production labels only for comparison,"raw postfit residual direction, constrained by NNLS KKT; not absorbed signal fraction",False,False,UNREPORTED_NONTRUTH,0.0008801768643840557,,0.5485397926471909,0.7692055144368604,PE O-16:1_24:0,PA 18:2_24:6,42,0.3925233644859813,0.867712818570401,0.0,68,0,68,,FROZEN_CHANNEL_DETECTION_THRESHOLD_NOT_AVAILABLE,,0.0,0.0,,,0.0,candidate spectral contributions; arithmetic channel mean; all aliases,sum of unchanged b values on specified channels; no normalization,LIBRARY_SHARING_SUPPORT_NOT_VERIFIED_IDENTITY_DIAGNOSTIC
V58_MILD_CAL_R2_K125,31,PA 24:1_18:2,0.0003959881134257442,0.0003959881134257442,0.0,0.0,0.0,0.0,,0.0,0.0,[],[],,[],False,1.5404566511278972e-11,,,0.0,0.0,0.019899450078475652,8.89919582615121e-17,True,False,frozen synthetic foreground mean NNLS; production labels only for comparison,"raw postfit residual direction, constrained by NNLS KKT; not absorbed signal fraction",False,False,UNREPORTED_NONTRUTH,0.0004217982005246634,,0.6386711849874247,0.8239691455184818,PA 18:1_24:1,PA 18:2_24:6,42,0.4,0.8767487669080664,0.0,66,0,66,,FROZEN_CHANNEL_DETECTION_THRESHOLD_NOT_AVAILABLE,,0.0,0.0,,,0.0,candidate spectral contributions; arithmetic channel mean; all aliases,sum of unchanged b values on specified channels; no normalization,LIBRARY_SHARING_SUPPORT_NOT_VERIFIED_IDENTITY_DIAGNOSTIC
V58_MILD_CAL_R2_K125,32,PA 18:2_24:4,0.0003959881134257442,0.0003959881134257442,0.0,0.0,0.0,0.0,,0.0,0.0,[],[],,[],False,1.5404566511278972e-11,,,0.0,0.0,0.019899450078475652,8.89919582615121e-17,True,False,frozen synthetic foreground mean NNLS; production labels only for comparison,"raw postfit residual direction, constrained by NNLS KKT; not absorbed signal fraction",False,False,UNREPORTED_NONTRUTH,0.00022864216143558746,,0.6430180714358021,0.8073264938743845,PE O-16:1_24:4,PA 18:1_24:4,74,0.7708333333333334,0.8660277386553078,0.0,85,0,85,,FROZEN_CHANNEL_DETECTION_THRESHOLD_NOT_AVAILABLE,,0.0,0.0,,,0.0,candidate spectral contributions; arithmetic channel mean; all aliases,sum of unchanged b values on specified channels; no normalization,LIBRARY_SHARING_SUPPORT_NOT_VERIFIED_IDENTITY_DIAGNOSTIC
V58_MILD_CAL_R2_K125,33,PA 18:2_24:5,0.0003959881134257442,0.00039636284034675023,3.747269210060077e-07,0.0009463085061263287,0.0028595861435887692,0.04174152273567532,PA 20:1_20:3,0.005814619573778707,0.13930060986179146,"[""PA 20:1_20:3"", ""PA 18:2_22:3"", ""PA 18:1_22:2"", ""PG 14:0_22:3"", ""PA 20:2_22:4""]","[0.005814619573778707, 0.004501462482391009, 0.003983325042363126, 0.0025800432555380393, 0.0020861741323705725]",PA 20:1_20:3,"[""PA 20:1_20:3""]",True,1.5404566511278972e-11,-5.159069772789642e-16,8.502914320133386e-14,0.36146830589265455,1.8523858627819882,0.019908863361496814,0.0006011374593767491,True,True,frozen synthetic foreground mean NNLS; production labels only for comparison,"raw postfit residual direction, constrained by NNLS KKT; not absorbed signal fraction",False,False,UNREPORTED_NONTRUTH,0.0008515468245526369,,0.8030418146788154,0.7287620188917996,PE O-16:1_24:5,PA 18:2_24:6,65,0.6842105263157895,0.8823977830611824,0.0,79,0,79,,FROZEN_CHANNEL_DETECTION_THRESHOLD_NOT_AVAILABLE,,0.08814403126733214,0.9803185462402807,,,0.0,candidate spectral contributions; arithmetic channel mean; all aliases,sum of unchanged b values on specified channels; no normalization,LIBRARY_SHARING_SUPPORT_NOT_VERIFIED_IDENTITY_DIAGNOSTIC
V58_MILD_CAL_R2_K125,34,PA 18:2_24:6,0.0003959881134257442,0.0003959881134257442,0.0,0.0,0.0,0.0,,0.0,0.0,[],[],,[],False,1.5404566511278972e-11,,,0.0,0.0,0.019899450078475652,8.89919582615121e-17,True,False,frozen synthetic foreground mean NNLS; production labels only for comparison,"raw postfit residual direction, constrained by NNLS KKT; not absorbed signal fraction",False,False,UNREPORTED_NONTRUTH,2.8724943752828366e-06,,0.8030418146788154,0.7093321803775429,PE O-16:1_24:6,PA 18:2_24:5,65,0.6842105263157895,0.9766417566998377,0.0,81,0,81,,FROZEN_CHANNEL_DETECTION_THRESHOLD_NOT_AVAILABLE,,0.0,0.0,,,0.0,candidate spectral contributions; arithmetic channel mean; all aliases,sum of unchanged b values on specified channels; no normalization,LIBRARY_SHARING_SUPPORT_NOT_VERIFIED_IDENTITY_DIAGNOSTIC
V58_MILD_CAL_R2_K125,35,PA 20:0_20:0,0.0003959881134257442,0.0003959881134257442,0.0,0.0,0.0,0.0,,0.0,0.0,[],[],,[],False,1.5404566511278972e-11,,,0.0,0.0,0.019899450078475652,8.89919582615121e-17,True,False,frozen synthetic foreground mean NNLS; production labels only for comparison,"raw postfit residual direction, constrained by NNLS KKT; not absorbed signal fraction",True,True,TP,0.011591590538439993,0.0,0.89717321742634,0.7579947501177712,PA 20:0_22:6,PA 20:0_22:6,45,0.5357142857142857,0.318867140352828,0.0,45,0,45,,FROZEN_CHANNEL_DETECTION_THRESHOLD_NOT_AVAILABLE,,0.0,0.0,,,0.0,candidate spectral contributions; arithmetic channel mean; all aliases,sum of unchanged b values on specified channels; no normalization,LIBRARY_SHARING_SUPPORT_NOT_VERIFIED_IDENTITY_DIAGNOSTIC
V58_MILD_CAL_R2_K125,36,PA 20:0_20:1,0.0003959881134257442,0.00039623266025773715,2.4454683199292854e-07,0.000617561040556903,0.006316687648143301,0.0633590206290141,PG 16:0_20:3,0.004714533415634032,0.0744098215022075,"[""PG 16:0_20:3"", ""PG 20:1_18:3"", ""PA 20:0_22:6"", ""PA 18:0_22:1"", ""PE O-18:1_22:2""]","[0.004714533415634032, 0.003837069435088976, 0.0037158720312164724, 0.0028805315813354715, 0.0026270428417705383]",PG 16:0_20:3,"[""PG 16:0_20:3""]",True,1.5404566511278972e-11,-3.310159645620577e-16,8.819596964914929e-14,0.4830400397247903,1.391558296103953,0.019905593692671857,0.00045026192145995443,True,True,frozen synthetic foreground mean NNLS; production labels only for comparison,"raw postfit residual direction, constrained by NNLS KKT; not absorbed signal fraction",True,True,TP,0.018040979813557845,7.183858663983348e-07,0.696037839080538,0.6322055750342923,PE 17:0_20:1,PE 17:0_20:1,27,0.27835051546391754,0.5462562840917626,0.0,60,0,60,,FROZEN_CHANNEL_DETECTION_THRESHOLD_NOT_AVAILABLE,,0.024315886967223387,0.1341700243706035,,,0.0,candidate spectral contributions; arithmetic channel mean; all aliases,sum of unchanged b values on specified channels; no normalization,LIBRARY_SHARING_SUPPORT_NOT_VERIFIED_IDENTITY_DIAGNOSTIC
V58_MILD_CAL_R2_K125,37,PA 20:0_20:2,0.0003959881134257442,0.0003959881134257442,0.0,0.0,0.0,0.0,,0.0,0.0,[],[],,[],False,1.5404566511278972e-11,,,0.0,0.0,0.019899450078475652,8.89919582615121e-17,True,False,frozen synthetic foreground mean NNLS; production labels only for comparison,"raw postfit residual direction, constrained by NNLS KKT; not absorbed signal fraction",False,False,UNREPORTED_NONTRUTH,1.8058094094756326e-06,,0.6350781738054386,0.6813815468336907,PA 20:1_20:1,PA 20:0_22:6,47,0.42342342342342343,0.7735656687312771,0.0,74,0,74,,FROZEN_CHANNEL_DETECTION_THRESHOLD_NOT_AVAILABLE,,0.0,0.0,,,0.0,candidate spectral contributions; arithmetic channel mean; all aliases,sum of unchanged b values on specified channels; no normalization,LIBRARY_SHARING_SUPPORT_NOT_VERIFIED_IDENTITY_DIAGNOSTIC
V58_MILD_CAL_R2_K125,38,PA 20:0_20:3,0.0003959881134257442,0.0003959881134257442,0.0,0.0,0.0,0.0,,0.0,0.0,[],[],,[],False,1.5404566511278972e-11,,,0.0,0.0,0.019899450078475652,8.89919582615121e-17,True,False,frozen synthetic foreground mean NNLS; production labels only for comparison,"raw postfit residual direction, constrained by NNLS KKT; not absorbed signal fraction",False,True,FP,0.002087521056265077,0.0,0.720392040156877,0.5944301201005425,PA 20:0_22:5,PA 20:0_22:6,46,0.38333333333333336,0.9278606131736888,0.0,82,0,82,,FROZEN_CHANNEL_DETECTION_THRESHOLD_NOT_AVAILABLE,,0.0,0.0,,,0.0,candidate spectral contributions; arithmetic channel mean; all aliases,sum of unchanged b values on specified channels; no normalization,LIBRARY_SHARING_SUPPORT_NOT_VERIFIED_IDENTITY_DIAGNOSTIC
V58_MILD_CAL_R2_K125,39,PA 20:0_20:4,0.0003959881134257442,0.0003959881134257442,0.0,0.0,0.0,0.0,,0.0,0.0,[],[],,[],False,1.5404566511278972e-11,,,0.0,0.0,0.019899450078475652,8.89919582615121e-17,True,False,frozen synthetic foreground mean NNLS; production labels only for comparison,"raw postfit residual direction, constrained by NNLS KKT; not absorbed signal fraction",False,True,FP,0.007692476172606515,0.0,0.8619613493802234,0.7357146727510001,PA 20:0_22:5,PA 20:0_22:6,45,0.3515625,0.9779535242233174,0.0,89,0,89,,FROZEN_CHANNEL_DETECTION_THRESHOLD_NOT_AVAILABLE,,0.0,0.0,,,0.0,candidate spectral contributions; arithmetic channel mean; all aliases,sum of unchanged b values on specified channels; no normalization,LIBRARY_SHARING_SUPPORT_NOT_VERIFIED_IDENTITY_DIAGNOSTIC
V58_MILD_CAL_R2_K125,40,PA 20:0_20:5,0.0003959881134257442,0.0003959881134257442,0.0,0.0,0.0,0.0,,0.0,0.0,[],[],,[],False,1.5404566511278972e-11,,,0.0,0.0,0.019899450078475652,8.89919582615121e-17,True,False,frozen synthetic foreground mean NNLS; production labels only for comparison,"raw postfit residual direction, constrained by NNLS KKT; not absorbed signal fraction",False,True,FP,0.003113674926553024,0.0,0.9175683799764222,0.730817583635113,PA 20:0_22:5,PA 20:0_22:6,45,0.3629032258064516,0.8823617270086203,0.0,85,0,85,,FROZEN_CHANNEL_DETECTION_THRESHOLD_NOT_AVAILABLE,,0.0,0.0,,,0.0,candidate spectral contributions; arithmetic channel mean; all aliases,sum of unchanged b values on specified channels; no normalization,LIBRARY_SHARING_SUPPORT_NOT_VERIFIED_IDENTITY_DIAGNOSTIC
V58_MILD_CAL_R2_K125,41,PA 20:0_22:1,0.0003959881134257442,0.0003959881134257442,0.0,0.0,0.0,0.0,,0.0,0.0,[],[],,[],False,1.5404566511278972e-11,,,0.0,0.0,0.019899450078475652,8.89919582615121e-17,True,False,frozen synthetic foreground mean NNLS; production labels only for comparison,"raw postfit residual direction, constrained by NNLS KKT; not absorbed signal fraction",False,False,UNREPORTED_NONTRUTH,6.351786951683878e-09,,0.7258338497281522,0.7340588527565544,PE O-18:1_22:1,PE O-18:1_22:1,23,0.27380952380952384,0.48239736597133404,0.0,77,0,77,,FROZEN_CHANNEL_DETECTION_THRESHOLD_NOT_AVAILABLE,,0.0,0.0,,,0.0,candidate spectral contributions; arithmetic channel mean; all aliases,sum of unchanged b values on specified channels; no normalization,LIBRARY_SHARING_SUPPORT_NOT_VERIFIED_IDENTITY_DIAGNOSTIC
V58_MILD_CAL_R2_K125,42,PA 20:0_22:2,0.0003959881134257442,0.0003959881134257442,0.0,0.0,0.0,0.0,,0.0,0.0,[],[],,[],False,1.5404566511278972e-11,,,0.0,0.0,0.019899450078475652,8.89919582615121e-17,True,False,frozen synthetic foreground mean NNLS; production labels only for comparison,"raw postfit residual direction, constrained by NNLS KKT; not absorbed signal fraction",False,False,UNREPORTED_NONTRUTH,2.0082412166149587e-07,,0.6532726122088435,0.644798329917378,PE O-18:2_22:2,PE O-18:2_22:2,18,0.2,0.7133071442950655,0.0,77,0,77,,FROZEN_CHANNEL_DETECTION_THRESHOLD_NOT_AVAILABLE,,0.0,0.0,,,0.0,candidate spectral contributions; arithmetic channel mean; all aliases,sum of unchanged b values on specified channels; no normalization,LIBRARY_SHARING_SUPPORT_NOT_VERIFIED_IDENTITY_DIAGNOSTIC
V58_MILD_CAL_R2_K125,43,PA 20:0_22:3,0.0003959881134257442,0.0003959881134257442,0.0,0.0,0.0,0.0,,0.0,0.0,[],[],,[],False,1.5404566511278972e-11,,,0.0,0.0,0.019899450078475652,8.89919582615121e-17,True,False,frozen synthetic foreground mean NNLS; production labels only for comparison,"raw postfit residual direction, constrained by NNLS KKT; not absorbed signal fraction",False,False,UNREPORTED_NONTRUTH,0.0,,0.654560398611832,0.6480794206883438,PE O-18:2_22:3,PA 22:3_22:6,44,0.3697478991596639,0.8738939302222335,0.0,80,0,80,,FROZEN_CHANNEL_DETECTION_THRESHOLD_NOT_AVAILABLE,,0.0,0.0,,,0.0,candidate spectral contributions; arithmetic channel mean; all aliases,sum of unchanged b values on specified channels; no normalization,LIBRARY_SHARING_SUPPORT_NOT_VERIFIED_IDENTITY_DIAGNOSTIC
V58_MILD_CAL_R2_K125,44,PA 20:0_22:4,0.0003959881134257442,0.0003959881134257442,0.0,0.0,0.0,0.0,,0.0,0.0,[],[],,[],False,1.5404566511278972e-11,,,0.0,0.0,0.019899450078475652,8.89919582615121e-17,True,False,frozen synthetic foreground mean NNLS; production labels only for comparison,"raw postfit residual direction, constrained by NNLS KKT; not absorbed signal fraction",False,False,UNREPORTED_NONTRUTH,1.4325297518349916e-07,,0.8117687728292199,0.7355085187509894,PA 20:0_22:5,PA 20:0_22:5,67,0.6633663366336634,0.8990058405044657,0.0,86,0,86,,FROZEN_CHANNEL_DETECTION_THRESHOLD_NOT_AVAILABLE,,0.0,0.0,,,0.0,candidate spectral contributions; arithmetic channel mean; all aliases,sum of unchanged b values on specified channels; no normalization,LIBRARY_SHARING_SUPPORT_NOT_VERIFIED_IDENTITY_DIAGNOSTIC
V58_MILD_CAL_R2_K125,45,PA 20:0_22:5,0.0003959881134257442,0.0003959881134257442,0.0,0.0,0.0,0.0,,0.0,0.0,[],[],,[],False,1.5404566511278972e-11,,,0.0,0.0,0.019899450078475652,8.89919582615121e-17,True,False,frozen synthetic foreground mean NNLS; production labels only for comparison,"raw postfit residual direction, constrained by NNLS KKT; not absorbed signal fraction",False,True,FP,0.0018932646774540277,0.0,0.9226231981720068,0.820949664304886,PA 20:0_22:6,PA 20:0_22:6,68,0.6938775510204082,0.8066528397201723,0.0,82,0,82,,FROZEN_CHANNEL_DETECTION_THRESHOLD_NOT_AVAILABLE,,0.0,0.0,,,0.0,candidate spectral contributions; arithmetic channel mean; all aliases,sum of unchanged b values on specified channels; no normalization,LIBRARY_SHARING_SUPPORT_NOT_VERIFIED_IDENTITY_DIAGNOSTIC
V58_MILD_CAL_R2_K125,46,PA 20:0_22:6,0.0003959881134257442,0.000401859521311562,5.871407885817798e-06,0.01482723261614158,0.030584855641434917,0.22455740309017314,PA 20:0_20:0,0.01672838666209803,0.07449492393402009,"[""PA 20:0_20:0"", ""PA 20:0_22:3"", ""PE 16:0_22:3"", ""PA 20:2_22:6"", ""PA 20:1_20:3""]","[0.01672838666209803, 0.012734555694363079, 0.011558003115089536, 0.009971954423642617, 0.009792489565712372]",PA 20:0_20:0,"[""PA 20:0_20:0""]",True,1.5404566511278972e-11,1.685136816380798e-15,0.013281703663459824,0.5416704912506211,1.2336686762905686,0.020046434129579307,0.0017346542803151855,True,True,frozen synthetic foreground mean NNLS; production labels only for comparison,"raw postfit residual direction, constrained by NNLS KKT; not absorbed signal fraction",False,False,UNREPORTED_NONTRUTH,3.116075784258332e-05,,0.9226231981720068,0.820949664304886,PA 20:0_22:5,PA 20:0_22:5,68,0.6938775510204082,0.9617725604088736,0.0,84,0,84,,FROZEN_CHANNEL_DETECTION_THRESHOLD_NOT_AVAILABLE,,0.12559004298815174,0.8494449598903203,,,0.0,candidate spectral contributions; arithmetic channel mean; all aliases,sum of unchanged b values on specified channels; no normalization,LIBRARY_SHARING_SUPPORT_NOT_VERIFIED_IDENTITY_DIAGNOSTIC
V58_MILD_CAL_R2_K125,47,PA 20:1_20:1,0.0003959881134257442,0.00039599382370073173,5.710274987504472e-09,1.442031914464257e-05,0.0002014185328213942,0.001212121788518307,PA 18:1_22:1,0.0001582457925577109,0.13055271667098503,"[""PA 18:1_22:1"", ""PA 20:1_22:2"", ""PE 17:0_20:3"", ""PA 20:1_20:2"", ""PE O-16:0_22:2""]","[0.0001582457925577109, 9.334843453921021e-05, 8.448477416886542e-05, 8.383788624830024e-05, 5.8936592835838464e-05]",PA 18:1_22:1,"[""PA 18:1_22:1""]",True,1.5404566511278972e-11,1.3590261460487038e-15,0.6344925733800122,0.5927947321600915,1.155476246903143,0.019899593556169222,2.525883386882467e-05,True,True,frozen synthetic foreground mean NNLS; production labels only for comparison,"raw postfit residual direction, constrained by NNLS KKT; not absorbed signal fraction",False,False,UNREPORTED_NONTRUTH,2.0954211209800413e-09,,0.6587714299907945,0.8162413662462789,PA 18:1_22:1,PA 18:1_22:1,8,0.07272727272727272,0.5427316801915796,0.0,44,0,44,,FROZEN_CHANNEL_DETECTION_THRESHOLD_NOT_AVAILABLE,,0.0002723957612674958,0.0010639310636574272,,,0.0,candidate spectral contributions; arithmetic channel mean; all aliases,sum of unchanged b values on specified channels; no normalization,LIBRARY_SHARING_SUPPORT_NOT_VERIFIED_IDENTITY_DIAGNOSTIC
V58_MILD_CAL_R2_K125,48,PA 20:1_20:2,0.0003959881134257442,0.00039932647481839806,3.3383613926538406e-06,0.008430458569432267,0.028748583313364974,0.17227894065241575,PA 18:1_22:2,0.033174182412470374,0.19256086836062533,"[""PA 18:1_22:2"", ""PA 20:1_20:4"", ""PA 20:1_20:3"", ""PA 20:2_20:2"", ""PA 18:2_22:3""]","[0.033174182412470374, 0.01362337539010389, 0.013159625036761784, 0.01063489263000434, 0.009435550163387093]",PA 18:1_22:2,"[""PA 18:1_22:2""]",True,1.5404566511278972e-11,-1.7585663178365134e-15,1.9720854905012433e-14,0.6045445799823718,1.425526592069546,0.01998315477642102,0.001619772907462258,True,True,frozen synthetic foreground mean NNLS; production labels only for comparison,"raw postfit residual direction, constrained by NNLS KKT; not absorbed signal fraction",True,True,TP,0.013275453690028504,9.806839949085399e-06,0.6127851647635488,0.6482811438952457,PA 18:1_22:2,PE 20:1_20:2,15,0.17647058823529413,0.770041064831094,0.0,58,0,58,,FROZEN_CHANNEL_DETECTION_THRESHOLD_NOT_AVAILABLE,,0.04433881849205522,0.14406725814445293,,,0.0,candidate spectral contributions; arithmetic channel mean; all aliases,sum of unchanged b values on specified channels; no normalization,LIBRARY_SHARING_SUPPORT_NOT_VERIFIED_IDENTITY_DIAGNOSTIC
V58_MILD_CAL_R2_K125,49,PA 20:1_20:3,0.0003959881134257442,0.0003962849103036139,2.9679687786967907e-07,0.0007495095611647064,0.012003241897175788,0.06945468240869583,PA 20:1_20:2,0.008772709157505942,0.12630839063891935,"[""PA 20:1_20:2"", ""PA 18:1_22:3"", ""PG 17:0_20:3"", ""PG 17:1_20:1"", ""PA 18:2_22:2""]","[0.008772709157505942, 0.007127193150272611, 0.006549869594019608, 0.005882423969582374, 0.004235922682934681]",PA 20:1_20:2,"[""PA 20:1_20:2""]",True,1.5404566511278972e-11,-2.6363796140344006e-16,2.0653034293828033e-13,0.6194576734643136,1.3190533115183434,0.019906906095714966,0.0004327640922692579,True,True,frozen synthetic foreground mean NNLS; production labels only for comparison,"raw postfit residual direction, constrained by NNLS KKT; not absorbed signal fraction",True,True,TP,0.01745162137548928,8.718766892827525e-07,0.6701440227751094,0.7308885668484053,PA 20:2_20:2,PE 20:1_20:3,19,0.17757009345794392,0.9765316335576597,0.0,73,0,73,,FROZEN_CHANNEL_DETECTION_THRESHOLD_NOT_AVAILABLE,,0.02686568344678715,0.13998301284623216,,,0.0,candidate spectral contributions; arithmetic channel mean; all aliases,sum of unchanged b values on specified channels; no normalization,LIBRARY_SHARING_SUPPORT_NOT_VERIFIED_IDENTITY_DIAGNOSTIC
V58_MILD_CAL_R2_K125,50,PA 20:1_20:4,0.0003959881134257442,0.0003959881134257442,0.0,0.0,0.0,0.0,,0.0,0.0,[],[],,[],False,1.5404566511278972e-11,,,0.0,0.0,0.019899450078475652,8.89919582615121e-17,True,False,frozen synthetic foreground mean NNLS; production labels only for comparison,"raw postfit residual direction, constrained by NNLS KKT; not absorbed signal fraction",True,True,TP,0.023395347840487763,0.0,0.7773054907212876,0.6763648199281618,PA 20:2_20:3,PA 20:1_22:6,44,0.352,1.201818064062069,0.0,88,0,88,,FROZEN_CHANNEL_DETECTION_THRESHOLD_NOT_AVAILABLE,,0.0,0.0,,,0.0,candidate spectral contributions; arithmetic channel mean; all aliases,sum of unchanged b values on specified channels; no normalization,LIBRARY_SHARING_SUPPORT_NOT_VERIFIED_IDENTITY_DIAGNOSTIC
V58_MILD_CAL_R2_K125,51,PA 22:0_20:1,0.0003959881134257442,0.0003959881134257442,0.0,0.0,0.0,0.0,,0.0,0.0,[],[],,[],False,1.5404566511278972e-11,,,0.0,0.0,0.019899450078475652,8.89919582615121e-17,True,False,frozen synthetic foreground mean NNLS; production labels only for comparison,"raw postfit residual direction, constrained by NNLS KKT; not absorbed signal fraction",False,False,UNREPORTED_NONTRUTH,0.000443148589229654,,0.7558192242044345,0.5580968160741888,PA 20:1_22:6,PA 20:1_22:6,44,0.39285714285714285,0.5948567063546666,0.0,75,0,75,,FROZEN_CHANNEL_DETECTION_THRESHOLD_NOT_AVAILABLE,,0.0,0.0,,,0.0,candidate spectral contributions; arithmetic channel mean; all aliases,sum of unchanged b values on specified channels; no normalization,LIBRARY_SHARING_SUPPORT_NOT_VERIFIED_IDENTITY_DIAGNOSTIC
V58_MILD_CAL_R2_K125,52,PA 20:1_22:1,0.0003959881134257442,0.0003959894104385814,1.2970128371921769e-09,3.2753832500076034e-06,6.65515956888747e-05,0.0007457681196777184,PE 17:0_22:2,5.697025538355105e-05,0.07639137930940143,"[""PE 17:0_22:2"", ""PE 17:1_22:1"", ""PA 20:1_20:3"", ""PE 18:2_20:4"", ""PA 22:1_20:2""]","[5.697025538355105e-05, 5.3254896912716815e-05, 4.105318320439359e-05, 4.088032978855419e-05, 3.612098363559111e-05]",PE 17:0_22:2,"[""PE 17:0_22:2""]",True,1.5404566511278972e-11,-3.9917997425532966e-15,1.086160746585972e-12,0.36012248619262793,1.1325170504262212,0.01989948266761178,3.045901391843338e-05,True,True,frozen synthetic foreground mean NNLS; production labels only for comparison,"raw postfit residual direction, constrained by NNLS KKT; not absorbed signal fraction",False,False,UNREPORTED_NONTRUTH,4.300593435324438e-07,,0.7105340183815244,0.6096248939398703,PE O-18:1_22:1,PE O-18:1_22:1,19,0.21839080459770116,0.7062619058100857,0.0,76,0,76,,FROZEN_CHANNEL_DETECTION_THRESHOLD_NOT_AVAILABLE,,0.00021698951733946644,0.0023193369639733182,,,0.0,candidate spectral contributions; arithmetic channel mean; all aliases,sum of unchanged b values on specified channels; no normalization,LIBRARY_SHARING_SUPPORT_NOT_VERIFIED_IDENTITY_DIAGNOSTIC
V58_MILD_CAL_R2_K125,53,PA 20:1_22:2,0.0003959881134257442,0.00040391842766862845,7.930314242884224e-06,0.020026647149207096,0.026905618522247123,0.2233400400021523,PA 18:1_22:2,0.021966958497259447,0.09835656202510484,"[""PA 18:1_22:2"", ""PA 20:1_20:3"", ""PG 14:0_22:3"", ""PA 20:1_20:4"", ""PA 20:0_22:3""]","[0.021966958497259447, 0.017687639720542755, 0.01108020543343425, 0.01093044179966563, 0.010488158657765244]",PA 18:1_22:2,"[""PA 18:1_22:2""]",True,1.5404566511278972e-11,3.2548296071975473e-15,5.177193565220931e-14,0.546891864524532,1.5619052220156173,0.020097721952217092,0.0025625019927823433,True,True,frozen synthetic foreground mean NNLS; production labels only for comparison,"raw postfit residual direction, constrained by NNLS KKT; not absorbed signal fraction",True,True,TP,0.02104625231879698,2.3296256270232105e-05,0.8163714081476525,0.7650313053422219,PE O-18:2_22:2,PE O-18:2_22:2,24,0.2891566265060241,0.9371716841338171,0.0,76,0,76,,FROZEN_CHANNEL_DETECTION_THRESHOLD_NOT_AVAILABLE,,0.05024106579064767,0.3268340015800278,,,0.0,candidate spectral contributions; arithmetic channel mean; all aliases,sum of unchanged b values on specified channels; no normalization,LIBRARY_SHARING_SUPPORT_NOT_VERIFIED_IDENTITY_DIAGNOSTIC
V58_MILD_CAL_R2_K125,54,PA 20:1_22:3,0.0003959881134257442,0.0003962614694164891,2.733559907448736e-07,0.0006903136250472825,0.0028535308508384747,0.013901135329528346,PA 20:1_22:2,0.002038748451687153,0.1466605714721623,"[""PA 20:1_22:2"", ""PA 22:0_20:4"", ""PE O-16:1_22:3"", ""PA 20:1_20:3"", ""PA 20:1_20:2""]","[0.002038748451687153, 0.001943294085548102, 0.0009082331361949733, 0.0006407697590195393, 0.0006057485394771571]",PA 20:1_22:2,"[""PA 20:1_22:2""]",True,1.5404566511278972e-11,3.2548826309838205e-15,6.074615975607159e-13,0.6589550060942828,1.2084177976071577,0.019906317324319165,0.00019237308054269645,True,True,frozen synthetic foreground mean NNLS; production labels only for comparison,"raw postfit residual direction, constrained by NNLS KKT; not absorbed signal fraction",False,True,FP,0.003268316625610126,8.030162511040563e-07,0.8136488404196743,0.7993452854565576,PE O-18:2_22:3,PE O-18:2_22:3,24,0.27906976744186046,1.0977584700609853,0.0,79,0,79,,FROZEN_CHANNEL_DETECTION_THRESHOLD_NOT_AVAILABLE,,0.004557200233085261,0.021421444019257645,,,0.0,candidate spectral contributions; arithmetic channel mean; all aliases,sum of unchanged b values on specified channels; no normalization,LIBRARY_SHARING_SUPPORT_NOT_VERIFIED_IDENTITY_DIAGNOSTIC
V58_MILD_CAL_R2_K125,55,PA 20:1_22:4,0.0003959881134257442,0.0004144408625181178,1.84527490923736e-05,0.046599249876813825,0.03739652646240128,0.3611919181182436,PA 20:0_20:1,0.026295408086053827,0.07280176207423524,"[""PA 20:0_20:1"", ""PA 20:1_20:3"", ""PA 20:2_22:4"", ""PA 22:1_20:4"", ""PE O-18:1_20:2""]","[0.026295408086053827, 0.023715251432721553, 0.020344419347289346, 0.02020097332025349, 0.018085862048764865]",PA 20:0_20:1,"[""PA 20:0_20:1""]",True,1.5404566511278972e-11,-6.108137126683859e-17,6.033595678117477e-15,0.5554639562971738,1.728787672914782,0.020357820672118068,0.0035699542712912414,True,True,frozen synthetic foreground mean NNLS; production labels only for comparison,"raw postfit residual direction, constrained by NNLS KKT; not absorbed signal fraction",True,True,TP,0.017175410101393552,5.420718001584145e-05,0.7254488195902485,0.7086813975780202,PE O-16:1_22:4,PA 22:4_22:6,52,0.46017699115044247,1.1228703803432174,0.0,85,0,85,,FROZEN_CHANNEL_DETECTION_THRESHOLD_NOT_AVAILABLE,,0.1004361867156171,0.35856390595993487,,,0.0,candidate spectral contributions; arithmetic channel mean; all aliases,sum of unchanged b values on specified channels; no normalization,LIBRARY_SHARING_SUPPORT_NOT_VERIFIED_IDENTITY_DIAGNOSTIC
V58_MILD_CAL_R2_K125,56,PA 20:1_22:5,0.0003959881134257442,0.0003959881134257442,0.0,0.0,0.0,0.0,,0.0,0.0,[],[],,[],False,1.5404566511278972e-11,,,0.0,0.0,0.019899450078475652,8.89919582615121e-17,True,False,frozen synthetic foreground mean NNLS; production labels only for comparison,"raw postfit residual direction, constrained by NNLS KKT; not absorbed signal fraction",False,True,FP,0.0021181843327246325,1.2739899522456913e-18,0.8753112951157082,0.7662033599008952,PA 20:1_22:6,PA 20:1_22:6,66,0.6947368421052632,1.029872806997989,0.0,80,0,80,,FROZEN_CHANNEL_DETECTION_THRESHOLD_NOT_AVAILABLE,,0.0,0.0,,,0.0,candidate spectral contributions; arithmetic channel mean; all aliases,sum of unchanged b values on specified channels; no normalization,LIBRARY_SHARING_SUPPORT_NOT_VERIFIED_IDENTITY_DIAGNOSTIC
V58_MILD_CAL_R2_K125,57,PA 20:1_22:6,0.0003959881134257442,0.00040053550898617324,4.547395560429012e-06,0.01148366679394803,0.022923678754045444,0.14684389063102193,PA 20:1_20:3,0.019681283307906743,0.13402861517219217,"[""PA 20:1_20:3"", ""PA 18:2_22:3"", ""PG 14:0_22:3"", ""PA 20:0_20:1"", ""PA 20:2_22:6""]","[0.019681283307906743, 0.009363042592869755, 0.007269174848344766, 0.006913438371732396, 0.006912789672664886]",PA 20:1_20:3,"[""PA 20:1_20:3""]",True,1.5404566511278972e-11,2.504525150291635e-15,6.634840606950077e-14,0.5911151480436353,1.2893080955821754,0.020013383246871908,0.001681186953833256,True,True,frozen synthetic foreground mean NNLS; production labels only for comparison,"raw postfit residual direction, constrained by NNLS KKT; not absorbed signal fraction",False,True,FP,0.014752602432069566,1.3358523898712938e-05,0.8753112951157082,0.7662033599008952,PA 20:1_22:5,PA 20:1_22:5,66,0.6947368421052632,1.184907218773752,0.0,81,0,81,,FROZEN_CHANNEL_DETECTION_THRESHOLD_NOT_AVAILABLE,,0.04871896940984396,0.37715881060775436,,,0.0,candidate spectral contributions; arithmetic channel mean; all aliases,sum of unchanged b values on specified channels; no normalization,LIBRARY_SHARING_SUPPORT_NOT_VERIFIED_IDENTITY_DIAGNOSTIC
V58_MILD_CAL_R2_K125,58,PA 20:2_20:2,0.0003959881134257442,0.00039658238761502274,5.942741892785153e-07,0.001500737440416166,0.012497268339399435,0.07956126759698827,PA 18:2_22:2,0.010431236293247914,0.13110947837024747,"[""PA 18:2_22:2"", ""PA 20:1_20:2"", ""PA 18:1_22:3"", ""PG 17:0_20:3"", ""PG 17:1_20:1""]","[0.010431236293247914, 0.009148566931461995, 0.008979474762406417, 0.005848137735034609, 0.005661595433560469]",PA 18:2_22:2,"[""PA 18:2_22:2""]",True,1.5404566511278972e-11,-1.0556874753115527e-16,1.0903627651517681e-13,0.6663485510445782,1.588992804530861,0.019914376405376667,0.0006988881907851761,True,True,frozen synthetic foreground mean NNLS; production labels only for comparison,"raw postfit residual direction, constrained by NNLS KKT; not absorbed signal fraction",True,True,TP,0.01365889853881785,1.7457522343006122e-06,0.7219248592415819,0.8527237866006904,PA 18:2_22:2,PA 18:2_22:2,8,0.07339449541284404,0.7267816064866979,0.0,43,0,43,,FROZEN_CHANNEL_DETECTION_THRESHOLD_NOT_AVAILABLE,,0.02792782709791127,0.1857131885056253,,,0.0,candidate spectral contributions; arithmetic channel mean; all aliases,sum of unchanged b values on specified channels; no normalization,LIBRARY_SHARING_SUPPORT_NOT_VERIFIED_IDENTITY_DIAGNOSTIC
V58_MILD_CAL_R2_K125,59,PA 20:2_20:3,0.0003959881134257442,0.00040196020498499234,5.972091559248115e-06,0.015081491948082202,0.026088154860441474,0.19732762786913277,PA 20:1_20:4,0.026253783714231472,0.13304666963061995,"[""PA 20:1_20:4"", ""PA 20:3_22:4"", ""PA 20:2_20:2"", ""PA 20:2_22:6"", ""PA 18:2_22:3""]","[0.026253783714231472, 0.01537280378686024, 0.014909068908259653, 0.014359933409381298, 0.014222128042879024]",PA 20:1_20:4,"[""PA 20:1_20:4""]",True,1.5404566511278972e-11,2.242875352163043e-15,0.010050099500127476,0.6272682710722368,1.7680321770372762,0.020048945233727185,0.002036491281842786,True,True,frozen synthetic foreground mean NNLS; production labels only for comparison,"raw postfit residual direction, constrained by NNLS KKT; not absorbed signal fraction",False,True,FP,0.011402425345320525,1.7543740534414173e-05,0.5477421589411424,0.7079830843017301,PA 18:2_22:3,PE 20:2_20:3,14,0.16470588235294117,0.9332721752132634,0.0,58,0,58,,FROZEN_CHANNEL_DETECTION_THRESHOLD_NOT_AVAILABLE,,0.08740244897646149,0.4538363178300214,,,0.0,candidate spectral contributions; arithmetic channel mean; all aliases,sum of unchanged b values on specified channels; no normalization,LIBRARY_SHARING_SUPPORT_NOT_VERIFIED_IDENTITY_DIAGNOSTIC
V58_MILD_CAL_R2_K125,60,PA 22:1_20:2,0.0003959881134257442,0.000396069839392427,8.172596668279321e-08,0.0002063848981965303,0.002730017576405363,0.02862812597821759,PA 20:1_22:2,0.002552932056537987,0.08917566097030843,"[""PA 20:1_22:2"", ""PA 20:1_20:2"", ""PE O-16:0_22:4"", ""PG 17:1_20:2"", ""PG 17:0_20:2""]","[0.002552932056537987, 0.0016389019070264348, 0.0016160562328406463, 0.0015443085814667093, 0.001414230202300134]",PA 20:1_22:2,"[""PA 20:1_22:2""]",True,1.5404566511278972e-11,-3.197181465310074e-15,-7.224436431416191e-14,0.4820753771469296,1.594560457612741,0.01990150344552961,0.00016071578788999497,True,True,frozen synthetic foreground mean NNLS; production labels only for comparison,"raw postfit residual direction, constrained by NNLS KKT; not absorbed signal fraction",False,True,FP,0.005499587201879081,2.400799016868204e-07,0.7098522799956806,0.5141646873611689,PE O-20:2_20:2,PA 20:2_22:6,43,0.3805309734513274,0.8903118321052039,0.0,75,0,75,,FROZEN_CHANNEL_DETECTION_THRESHOLD_NOT_AVAILABLE,,0.0116620401149702,0.13141056112888952,,,0.0,candidate spectral contributions; arithmetic channel mean; all aliases,sum of unchanged b values on specified channels; no normalization,LIBRARY_SHARING_SUPPORT_NOT_VERIFIED_IDENTITY_DIAGNOSTIC
V58_MILD_CAL_R2_K125,61,PA 20:2_22:4,0.0003959881134257442,0.000396650728838601,6.626154128567575e-07,0.0016733214677861533,0.01575451139561014,0.1304999950687913,PA 20:1_20:2,0.012378928658335599,0.09485769445213661,"[""PA 20:1_20:2"", ""PA 22:2_20:4"", ""PA 18:1_22:3"", ""PA 20:3_22:4"", ""PA 20:2_20:2""]","[0.012378928658335599, 0.012006644584043002, 0.01096267027904, 0.010391377562369878, 0.009971801222829122]",PA 20:1_20:2,"[""PA 20:1_20:2""]",True,1.5404566511278972e-11,1.512922450671388e-15,2.2559889692346912e-13,0.6026990309657196,1.788350235163301,0.019916092208026183,0.0005533149625887268,True,True,frozen synthetic foreground mean NNLS; production labels only for comparison,"raw postfit residual direction, constrained by NNLS KKT; not absorbed signal fraction",True,True,TP,0.018972624099646708,1.946512835904266e-06,0.6566445114812518,0.5942547533059361,PA 22:4_22:6,PA 22:4_22:6,51,0.45132743362831856,1.3069203066383357,0.0,84,0,84,,FROZEN_CHANNEL_DETECTION_THRESHOLD_NOT_AVAILABLE,,0.05306995811733123,0.2663783152779188,,,0.0,candidate spectral contributions; arithmetic channel mean; all aliases,sum of unchanged b values on specified channels; no normalization,LIBRARY_SHARING_SUPPORT_NOT_VERIFIED_IDENTITY_DIAGNOSTIC
V58_MILD_CAL_R2_K125,62,PA 20:2_22:6,0.0003959881134257442,0.00039599975210718666,1.163868144243331e-08,2.9391491861596767e-05,0.0008545288160561608,0.011028101361165672,PG 16:0_20:3,0.0013854018716899091,0.12562469514859875,"[""PG 16:0_20:3"", ""PE O-16:0_22:4"", ""PE O-16:1_22:3"", ""PA 20:2_20:3"", ""PG 17:0_20:2""]","[0.0013854018716899091, 0.0008659300944713353, 0.000726233632720813, 0.0005115934112830713, 0.0005115564608801394]",PG 16:0_20:3,"[""PG 16:0_20:3""]",True,1.5404566511278972e-11,-2.0020457372700115e-16,3.927731085487913e-13,0.34088083658505336,1.3681432974876462,0.019899742513590144,0.0001078827207776888,True,True,frozen synthetic foreground mean NNLS; production labels only for comparison,"raw postfit residual direction, constrained by NNLS KKT; not absorbed signal fraction",True,True,TP,0.016294955492266013,3.4190032983252787e-08,0.885293413969735,0.7803276020059754,PE 20:2_20:2,PE 20:2_20:2,10,0.1,1.3691129888351643,0.0,81,0,81,,FROZEN_CHANNEL_DETECTION_THRESHOLD_NOT_AVAILABLE,,0.0025566709667152543,0.0283468890298474,,,0.0,candidate spectral contributions; arithmetic channel mean; all aliases,sum of unchanged b values on specified channels; no normalization,LIBRARY_SHARING_SUPPORT_NOT_VERIFIED_IDENTITY_DIAGNOSTIC
V58_MILD_CAL_R2_K125,63,PA 22:0_20:3,0.0003959881134257442,0.0003960402575623817,5.2144136637472666e-08,0.00013168106500643657,0.002066668015152448,0.020894947393791562,PA 22:0_18:1,0.0017005937821615745,0.08138779916648547,"[""PA 22:0_18:1"", ""PG 17:0_20:3"", ""PG 17:1_20:1"", ""PA 20:1_22:2"", ""PA 18:0_22:0""]","[0.0017005937821615745, 0.0016007835046913214, 0.0015073561088015212, 0.0011003847498197994, 0.0009165444747992468]",PA 22:0_18:1,"[""PA 22:0_18:1""]",True,1.5404566511278972e-11,1.7405215005913089e-15,1.1189535354565012e-13,0.5423357215729159,1.655082377591812,0.019900760225739663,0.0002281106754018184,True,True,frozen synthetic foreground mean NNLS; production labels only for comparison,"raw postfit residual direction, constrained by NNLS KKT; not absorbed signal fraction",False,False,UNREPORTED_NONTRUTH,0.0002098453881710591,,0.6042594408732284,0.5572660331709265,PA 22:0_20:4,PA 20:3_22:6,45,0.391304347826087,0.823824077657036,0.0,76,0,76,,FROZEN_CHANNEL_DETECTION_THRESHOLD_NOT_AVAILABLE,,0.02171852089490725,0.21296349737260958,,,0.0,candidate spectral contributions; arithmetic channel mean; all aliases,sum of unchanged b values on specified channels; no normalization,LIBRARY_SHARING_SUPPORT_NOT_VERIFIED_IDENTITY_DIAGNOSTIC
V58_MILD_CAL_R2_K125,64,PA 22:1_20:3,0.0003959881134257442,0.0003959881134257442,0.0,0.0,0.0,0.0,,0.0,0.0,[],[],,[],False,1.5404566511278972e-11,,,0.0,0.0,0.019899450078475652,8.89919582615121e-17,True,False,frozen synthetic foreground mean NNLS; production labels only for comparison,"raw postfit residual direction, constrained by NNLS KKT; not absorbed signal fraction",False,False,UNREPORTED_NONTRUTH,3.8016740246349235e-08,,0.6924512425111987,0.5662684952202159,PE 20:3_20:3,PA 20:3_22:6,45,0.3879310344827586,0.9352292771124553,0.0,77,0,77,,FROZEN_CHANNEL_DETECTION_THRESHOLD_NOT_AVAILABLE,,0.0,0.0,,,0.0,candidate spectral contributions; arithmetic channel mean; all aliases,sum of unchanged b values on specified channels; no normalization,LIBRARY_SHARING_SUPPORT_NOT_VERIFIED_IDENTITY_DIAGNOSTIC
V58_MILD_CAL_R2_K125,65,PA 20:3_22:3,0.0003959881134257442,0.00040960433714625394,1.3616223720509715e-05,0.03438543538170521,0.027770013289155918,0.28719709005479704,PA 22:2_20:4,0.022137693047693693,0.07708188492924059,"[""PA 22:2_20:4"", ""PA 18:1_22:3"", ""PA 20:1_20:3"", ""PA 18:2_22:3"", ""PA 20:3_22:4""]","[0.022137693047693693, 0.020666287743951794, 0.0177159017537441, 0.016662822310741645, 0.012100718863186368]",PA 22:2_20:4,"[""PA 22:2_20:4""]",True,1.5404566511278972e-11,1.3720816976504264e-14,1.310287070759565e-13,0.6410003910439613,2.3298562628078043,0.020238684175268265,0.0032467223159834847,True,True,frozen synthetic foreground mean NNLS; production labels only for comparison,"raw postfit residual direction, constrained by NNLS KKT; not absorbed signal fraction",True,True,TP,0.03000688569725849,3.9999302361874546e-05,0.620434407568295,0.5443211396252624,PA 22:3_22:6,PA 22:3_22:6,44,0.3697478991596639,1.3267258413633545,0.0,80,0,80,,FROZEN_CHANNEL_DETECTION_THRESHOLD_NOT_AVAILABLE,,0.10245284291733107,0.5094215829713687,,,0.0,candidate spectral contributions; arithmetic channel mean; all aliases,sum of unchanged b values on specified channels; no normalization,LIBRARY_SHARING_SUPPORT_NOT_VERIFIED_IDENTITY_DIAGNOSTIC
V58_MILD_CAL_R2_K125,66,PA 20:3_22:4,0.0003959881134257442,0.0003959881134257442,0.0,0.0,0.0,0.0,,0.0,0.0,[],[],,[],False,1.5404566511278972e-11,,,0.0,0.0,0.019899450078475652,8.89919582615121e-17,True,False,frozen synthetic foreground mean NNLS; production labels only for comparison,"raw postfit residual direction, constrained by NNLS KKT; not absorbed signal fraction",False,False,UNREPORTED_NONTRUTH,0.0005929464727519368,,0.7085761670640803,0.5443139953085329,PA 20:3_22:6,PA 20:3_22:6,54,0.46551724137931033,1.3518377516455868,0.0,86,0,86,,FROZEN_CHANNEL_DETECTION_THRESHOLD_NOT_AVAILABLE,,0.0,0.0,,,0.0,candidate spectral contributions; arithmetic channel mean; all aliases,sum of unchanged b values on specified channels; no normalization,LIBRARY_SHARING_SUPPORT_NOT_VERIFIED_IDENTITY_DIAGNOSTIC
V58_MILD_CAL_R2_K125,67,PA 20:3_22:6,0.0003959881134257442,0.0003959881134257442,0.0,0.0,0.0,0.0,,0.0,0.0,[],[],,[],False,1.5404566511278972e-11,,,0.0,0.0,0.019899450078475652,8.89919582615121e-17,True,False,frozen synthetic foreground mean NNLS; production labels only for comparison,"raw postfit residual direction, constrained by NNLS KKT; not absorbed signal fraction",True,True,TP,0.003027250030514722,0.0,0.8481348950149971,0.7200064388406265,PE 20:3_20:3,PE 20:3_20:3,14,0.1414141414141414,1.4144560488493245,0.0,84,0,84,,FROZEN_CHANNEL_DETECTION_THRESHOLD_NOT_AVAILABLE,,0.0,0.0,,,0.0,candidate spectral contributions; arithmetic channel mean; all aliases,sum of unchanged b values on specified channels; no normalization,LIBRARY_SHARING_SUPPORT_NOT_VERIFIED_IDENTITY_DIAGNOSTIC
V58_MILD_CAL_R2_K125,68,PA 22:0_20:4,0.0003959881134257442,0.0003959881134257442,0.0,0.0,0.0,0.0,,0.0,0.0,[],[],,[],False,1.5404566511278972e-11,,,0.0,0.0,0.019899450078475652,8.89919582615121e-17,True,False,frozen synthetic foreground mean NNLS; production labels only for comparison,"raw postfit residual direction, constrained by NNLS KKT; not absorbed signal fraction",False,False,UNREPORTED_NONTRUTH,3.692776043773217e-08,,0.6086104523982675,0.6083212897993254,PA 22:0_18:1,PA 22:0_18:2,39,0.3333333333333333,0.8739169887066647,0.0,83,0,83,,FROZEN_CHANNEL_DETECTION_THRESHOLD_NOT_AVAILABLE,,0.0,0.0,,,0.0,candidate spectral contributions; arithmetic channel mean; all aliases,sum of unchanged b values on specified channels; no normalization,LIBRARY_SHARING_SUPPORT_NOT_VERIFIED_IDENTITY_DIAGNOSTIC
V58_MILD_CAL_R2_K125,69,PA 22:1_20:4,0.0003959881134257442,0.0003959881134257442,0.0,0.0,0.0,0.0,,0.0,0.0,[],[],,[],False,1.5404566511278972e-11,,,0.0,0.0,0.019899450078475652,8.89919582615121e-17,True,False,frozen synthetic foreground mean NNLS; production labels only for comparison,"raw postfit residual direction, constrained by NNLS KKT; not absorbed signal fraction",True,True,TP,0.00812705244537345,1.2739899522456913e-18,0.6692801651120974,0.593865695155452,PA 22:1_20:5,PA 22:1_20:5,65,0.6565656565656566,0.9853221881620838,0.0,84,0,84,,FROZEN_CHANNEL_DETECTION_THRESHOLD_NOT_AVAILABLE,,0.0,0.0,,,0.0,candidate spectral contributions; arithmetic channel mean; all aliases,sum of unchanged b values on specified channels; no normalization,LIBRARY_SHARING_SUPPORT_NOT_VERIFIED_IDENTITY_DIAGNOSTIC
V58_MILD_CAL_R2_K125,70,PA 22:2_20:4,0.0003959881134257442,0.0004004877256377742,4.499612212029971e-06,0.011362998150980462,0.02094179870602363,0.17659055212303748,PA 20:1_20:4,0.024338372138192732,0.137823750169247,"[""PA 20:1_20:4"", ""PA 18:1_22:2"", ""PA 20:2_22:4"", ""PA 18:2_22:2"", ""PA 20:3_22:3""]","[0.024338372138192732, 0.021243494699379726, 0.015701058081346177, 0.013159018026474062, 0.011682459041611214]",PA 20:1_20:4,"[""PA 20:1_20:4""]",True,1.5404566511278972e-11,-1.4153764563818575e-15,0.01134091833898882,0.6199998345728391,1.9766409891530898,0.020012189426391463,0.0018046986496618358,True,True,frozen synthetic foreground mean NNLS; production labels only for comparison,"raw postfit residual direction, constrained by NNLS KKT; not absorbed signal fraction",True,True,TP,0.015376078522543326,1.3218154539359363e-05,0.5657478505677721,0.5219758393778829,PE O-18:2_22:2,PE O-18:2_22:2,8,0.07476635514018691,1.2162319664858152,0.0,84,0,84,,FROZEN_CHANNEL_DETECTION_THRESHOLD_NOT_AVAILABLE,,0.059038735081857995,0.390097433557624,,,0.0,candidate spectral contributions; arithmetic channel mean; all aliases,sum of unchanged b values on specified channels; no normalization,LIBRARY_SHARING_SUPPORT_NOT_VERIFIED_IDENTITY_DIAGNOSTIC
V58_MILD_CAL_R2_K125,71,PA 22:3_20:4,0.0003959881134257442,0.0004157336774387008,1.974556401295656e-05,0.04986403200912044,0.024767453526285243,0.2834347294434336,PA 20:3_22:4,0.0331136425014508,0.11682986967178494,"[""PA 20:3_22:4"", ""PA 22:2_20:4"", ""PA 18:2_22:3"", ""PA 20:2_20:2"", ""PA 20:1_20:4""]","[0.0331136425014508, 0.0229084085170598, 0.019153817884154257, 0.014765098127209091, 0.01401890352473482]",PA 20:3_22:4,"[""PA 20:3_22:4""]",True,1.5404566511278972e-11,8.497270518885295e-15,0.003996132100023242,0.5927596096748292,2.529767720062075,0.0203895482401818,0.00397101165248315,True,True,frozen synthetic foreground mean NNLS; production labels only for comparison,"raw postfit residual direction, constrained by NNLS KKT; not absorbed signal fraction",True,True,TP,0.02596524322860405,5.80049800496668e-05,0.7294436013766444,0.555096642278138,PA 22:3_22:6,PA 22:3_22:6,43,0.33858267716535434,1.3768187524129836,0.0,87,0,87,,FROZEN_CHANNEL_DETECTION_THRESHOLD_NOT_AVAILABLE,,0.06214434494119392,0.41619686879578954,,,0.0,candidate spectral contributions; arithmetic channel mean; all aliases,sum of unchanged b values on specified channels; no normalization,LIBRARY_SHARING_SUPPORT_NOT_VERIFIED_IDENTITY_DIAGNOSTIC
V58_MILD_CAL_R2_K125,72,PA 20:4_22:4,0.0003959881134257442,0.00039905833097681474,3.070217551070511e-06,0.0077533073322740825,0.007637435909172001,0.19489986194816847,PA 20:3_22:4,0.014987101475867636,0.07689641914562463,"[""PA 20:3_22:4"", ""PA 18:1_22:3"", ""PA 22:2_20:4"", ""PA 20:2_22:6"", ""PA 20:1_20:2""]","[0.014987101475867636, 0.013541729960001574, 0.011947859939716556, 0.011840120421764645, 0.011629279069020643]",PA 20:3_22:4,"[""PA 20:3_22:4""]",True,1.5404566511278972e-11,2.6373787173699536e-15,0.010820380541514144,0.47045631550569483,3.945000075922775,0.01997644440276635,0.001466555364317051,True,True,frozen synthetic foreground mean NNLS; production labels only for comparison,"raw postfit residual direction, constrained by NNLS KKT; not absorbed signal fraction",False,False,UNREPORTED_NONTRUTH,0.0007400629831679474,,0.6353761253943794,0.5272672448860588,PA 22:4_22:6,PA 20:4_22:6,61,0.49193548387096775,1.4019306626952157,0.0,93,0,93,,FROZEN_CHANNEL_DETECTION_THRESHOLD_NOT_AVAILABLE,,0.03986433072892336,0.28180970418703927,,,0.0,candidate spectral contributions; arithmetic channel mean; all aliases,sum of unchanged b values on specified channels; no normalization,LIBRARY_SHARING_SUPPORT_NOT_VERIFIED_IDENTITY_DIAGNOSTIC
V58_MILD_CAL_R2_K125,73,PA 20:4_22:5,0.0003959881134257442,0.0003980665689736542,2.078455547909971e-06,0.005248782658348509,0.005592244082631567,0.1242268612932077,PE O-16:1_22:4,0.010288359430288309,0.08281912078517613,"[""PE O-16:1_22:4"", ""PA 18:1_22:3"", ""PA 20:1_20:2"", ""PE O-16:0_22:3"", ""PA 22:2_20:4""]","[0.010288359430288309, 0.008827385306693192, 0.008538716520089584, 0.0064130177727254375, 0.005647573733509412]",PE O-16:1_22:4,"[""PE O-16:1_22:4""]",True,1.5404566511278972e-11,4.4539548060764745e-15,1.3521731213983204e-14,0.38151884654949314,2.7543953187212717,0.019951605674071806,0.000995253771426077,True,True,frozen synthetic foreground mean NNLS; production labels only for comparison,"raw postfit residual direction, constrained by NNLS KKT; not absorbed signal fraction",False,False,UNREPORTED_NONTRUTH,0.0002090497647035866,,0.7982095715711487,0.671124126575591,PA 20:4_22:6,PA 20:4_22:6,76,0.7169811320754716,1.3097335056772164,0.0,90,0,90,,FROZEN_CHANNEL_DETECTION_THRESHOLD_NOT_AVAILABLE,,0.042834953922302285,0.5634020973821497,,,0.0,candidate spectral contributions; arithmetic channel mean; all aliases,sum of unchanged b values on specified channels; no normalization,LIBRARY_SHARING_SUPPORT_NOT_VERIFIED_IDENTITY_DIAGNOSTIC
V58_MILD_CAL_R2_K125,74,PA 20:4_22:6,0.0003959881134257442,0.0003959881134257442,0.0,0.0,0.0,0.0,,0.0,0.0,[],[],,[],False,1.5404566511278972e-11,,,0.0,0.0,0.019899450078475652,8.89919582615121e-17,True,False,frozen synthetic foreground mean NNLS; production labels only for comparison,"raw postfit residual direction, constrained by NNLS KKT; not absorbed signal fraction",False,True,FP,0.0015295921675569494,0.0,0.7982095715711487,0.6902677977020777,PE 20:4_20:4,PA 20:4_22:5,76,0.7169811320754716,1.4648532263659182,0.0,92,0,92,,FROZEN_CHANNEL_DETECTION_THRESHOLD_NOT_AVAILABLE,,0.0,0.0,,,0.0,candidate spectral contributions; arithmetic channel mean; all aliases,sum of unchanged b values on specified channels; no normalization,LIBRARY_SHARING_SUPPORT_NOT_VERIFIED_IDENTITY_DIAGNOSTIC
V58_MILD_CAL_R2_K125,75,PA 22:1_20:5,0.0003959881134257442,0.0003959881134257442,0.0,0.0,0.0,0.0,,0.0,0.0,[],[],,[],False,1.5404566511278972e-11,,,0.0,0.0,0.019899450078475652,8.89919582615121e-17,True,False,frozen synthetic foreground mean NNLS; production labels only for comparison,"raw postfit residual direction, constrained by NNLS KKT; not absorbed signal fraction",False,False,UNREPORTED_NONTRUTH,0.0006723990828181003,,0.8114512981458241,0.7486150580971512,PE O-18:1_22:1,PE O-18:1_22:1,7,0.06796116504854369,0.8897303909473866,0.0,80,0,80,,FROZEN_CHANNEL_DETECTION_THRESHOLD_NOT_AVAILABLE,,0.0,0.0,,,0.0,candidate spectral contributions; arithmetic channel mean; all aliases,sum of unchanged b values on specified channels; no normalization,LIBRARY_SHARING_SUPPORT_NOT_VERIFIED_IDENTITY_DIAGNOSTIC
V58_MILD_CAL_R2_K125,76,PA 22:3_22:6,0.0003959881134257442,0.0003966115114902619,6.233980645176519e-07,0.001574284787364626,0.006227683441332923,0.07511193600137898,PG 14:0_22:3,0.00731743575205596,0.09742041200780922,"[""PG 14:0_22:3"", ""PE O-16:1_22:4"", ""PG 17:0_20:3"", ""PE O-16:0_22:3"", ""PG 17:1_20:1""]","[0.00731743575205596, 0.006604062219413391, 0.005565676301410829, 0.005243311454304065, 0.004816860774881405]",PG 14:0_22:3,"[""PG 14:0_22:3""]",True,1.5404566511278972e-11,-1.0207297941179537e-15,2.8001692219205237e-14,0.5489076400550769,2.1214546334552775,0.019915107619349226,0.0006416491799318293,True,True,frozen synthetic foreground mean NNLS; production labels only for comparison,"raw postfit residual direction, constrained by NNLS KKT; not absorbed signal fraction",False,True,FP,0.002123722562015165,1.831307136712821e-06,0.8510618154620099,0.7867774424352917,PE O-18:2_22:3,PE O-18:2_22:3,9,0.08571428571428572,1.3607936323648342,0.0,83,0,83,,FROZEN_CHANNEL_DETECTION_THRESHOLD_NOT_AVAILABLE,,0.019493137081990804,0.20343867534213916,,,0.0,candidate spectral contributions; arithmetic channel mean; all aliases,sum of unchanged b values on specified channels; no normalization,LIBRARY_SHARING_SUPPORT_NOT_VERIFIED_IDENTITY_DIAGNOSTIC
V58_MILD_CAL_R2_K125,77,PA 22:4_22:5,0.0003959881134257442,0.0003978819318166862,1.893818390941973e-06,0.004782513216812982,0.005862284397138613,0.07664782394486075,PA 20:2_22:4,0.008597042309626674,0.1121629012677397,"[""PA 20:2_22:4"", ""PA 22:3_22:6"", ""PE O-16:0_22:4"", ""PE O-16:1_22:3"", ""PA 20:1_20:3""]","[0.008597042309626674, 0.0064990994031214055, 0.006356426265998738, 0.0055211088297236754, 0.004051885358498522]",PA 20:2_22:4,"[""PA 20:2_22:4""]",True,1.5404566511278972e-11,9.138980483972087e-15,1.9723693450517704e-13,0.5870433211212546,2.638624430988909,0.019946978012137236,0.0012364021680871552,True,True,frozen synthetic foreground mean NNLS; production labels only for comparison,"raw postfit residual direction, constrained by NNLS KKT; not absorbed signal fraction",True,True,TP,0.008463178364375202,5.563320344365825e-06,0.8242771566115765,0.6905912851569463,PA 22:4_22:6,PA 22:4_22:6,64,0.7901234567901234,0.8890032762993888,0.0,65,0,65,,FROZEN_CHANNEL_DETECTION_THRESHOLD_NOT_AVAILABLE,,0.054650155207587786,0.4056084873322252,,,0.0,candidate spectral contributions; arithmetic channel mean; all aliases,sum of unchanged b values on specified channels; no normalization,LIBRARY_SHARING_SUPPORT_NOT_VERIFIED_IDENTITY_DIAGNOSTIC
V58_MILD_CAL_R2_K125,78,PA 22:4_22:6,0.0003959881134257442,0.0003959881134257442,0.0,0.0,0.0,0.0,,0.0,0.0,[],[],,[],False,1.5404566511278972e-11,,,0.0,0.0,0.019899450078475652,8.89919582615121e-17,True,False,frozen synthetic foreground mean NNLS; production labels only for comparison,"raw postfit residual direction, constrained by NNLS KKT; not absorbed signal fraction",True,True,TP,0.010271045210075045,1.2739899522456913e-18,0.8242771566115765,0.7545029181527262,PE O-16:1_22:4,PA 22:4_22:5,64,0.7901234567901234,1.25087481521208,0.0,80,0,80,,FROZEN_CHANNEL_DETECTION_THRESHOLD_NOT_AVAILABLE,,0.0,0.0,,,0.0,candidate spectral contributions; arithmetic channel mean; all aliases,sum of unchanged b values on specified channels; no normalization,LIBRARY_SHARING_SUPPORT_NOT_VERIFIED_IDENTITY_DIAGNOSTIC
V58_MILD_CAL_R2_K125,79,PA 22:5_22:5,0.0003959881134257442,0.0003959881134257442,0.0,0.0,0.0,0.0,,0.0,0.0,[],[],,[],False,1.5404566511278972e-11,,,0.0,0.0,0.019899450078475652,8.89919582615121e-17,True,False,frozen synthetic foreground mean NNLS; production labels only for comparison,"raw postfit residual direction, constrained by NNLS KKT; not absorbed signal fraction",False,False,UNREPORTED_NONTRUTH,0.00011296027725664012,,0.8877391609823165,0.8041251448262831,PA 22:5_22:6,PA 22:5_22:6,46,0.7419354838709677,0.6506471218067269,0.0,46,0,46,,FROZEN_CHANNEL_DETECTION_THRESHOLD_NOT_AVAILABLE,,0.0,0.0,,,0.0,candidate spectral contributions; arithmetic channel mean; all aliases,sum of unchanged b values on specified channels; no normalization,LIBRARY_SHARING_SUPPORT_NOT_VERIFIED_IDENTITY_DIAGNOSTIC
V58_MILD_CAL_R2_K125,80,PA 22:5_22:6,0.0003959881134257442,0.0003959881134257442,0.0,0.0,0.0,0.0,,0.0,0.0,[],[],,[],False,1.5404566511278972e-11,,,0.0,0.0,0.019899450078475652,8.89919582615121e-17,True,False,frozen synthetic foreground mean NNLS; production labels only for comparison,"raw postfit residual direction, constrained by NNLS KKT; not absorbed signal fraction",False,False,UNREPORTED_NONTRUTH,2.9452861204193894e-05,,0.8877391609823165,0.8041251448262831,PA 22:5_22:5,PA 22:5_22:5,46,0.7419354838709677,1.013229269975929,0.0,62,0,62,,FROZEN_CHANNEL_DETECTION_THRESHOLD_NOT_AVAILABLE,,0.0,0.0,,,0.0,candidate spectral contributions; arithmetic channel mean; all aliases,sum of unchanged b values on specified channels; no normalization,LIBRARY_SHARING_SUPPORT_NOT_VERIFIED_IDENTITY_DIAGNOSTIC
V58_MILD_CAL_R2_K125,81,PA 22:6_22:6,0.0003959881134257442,0.0003959881134257442,0.0,0.0,0.0,0.0,,0.0,0.0,[],[],,[],False,1.5404566511278972e-11,,,0.0,0.0,0.019899450078475652,8.89919582615121e-17,True,False,frozen synthetic foreground mean NNLS; production labels only for comparison,"raw postfit residual direction, constrained by NNLS KKT; not absorbed signal fraction",False,False,UNREPORTED_NONTRUTH,0.0,,0.6634502896009449,0.6533520442338415,PE 18:0_22:6,PE O-18:3_22:6,20,0.2857142857142857,0.8057668424954284,0.0,48,0,48,,FROZEN_CHANNEL_DETECTION_THRESHOLD_NOT_AVAILABLE,,0.0,0.0,,,0.0,candidate spectral contributions; arithmetic channel mean; all aliases,sum of unchanged b values on specified channels; no normalization,LIBRARY_SHARING_SUPPORT_NOT_VERIFIED_IDENTITY_DIAGNOSTIC
V58_MILD_CAL_R2_K125,82,PS 14:0_20:0,0.0003959881134257442,0.0003959881134257442,0.0,0.0,0.0,0.0,,0.0,0.0,[],[],,[],False,1.5404566511278972e-11,,,0.0,0.0,0.019899450078475652,8.89919582615121e-17,True,False,frozen synthetic foreground mean NNLS; production labels only for comparison,"raw postfit residual direction, constrained by NNLS KKT; not absorbed signal fraction",False,False,UNREPORTED_NONTRUTH,7.42080188542635e-05,,0.5917821743969315,0.831183472508529,PS 16:0_18:0,PA 20:0_22:5,45,0.41284403669724773,0.4018493648714479,0.0,72,0,72,,FROZEN_CHANNEL_DETECTION_THRESHOLD_NOT_AVAILABLE,,0.0,0.0,,,0.0,candidate spectral contributions; arithmetic channel mean; all aliases,sum of unchanged b values on specified channels; no normalization,LIBRARY_SHARING_SUPPORT_NOT_VERIFIED_IDENTITY_DIAGNOSTIC
V58_MILD_CAL_R2_K125,83,PS 14:0_20:1,0.0003959881134257442,0.0004950231362630115,9.903502283726732e-05,0.2500959479071395,0.030750680983621864,0.3996438324166067,PA 20:1_22:6,0.03428563100062011,0.08579046695957374,"[""PA 20:1_22:6"", ""PS 16:0_18:1"", ""PG 14:0_22:1"", ""PS 14:0_22:3"", ""PA 20:0_20:0""]","[0.03428563100062011, 0.01849265118433843, 0.018164444423406367, 0.01369220709710443, 0.013170664707309898]",PA 20:1_22:6,"[""PA 20:1_22:6""]",True,1.5404566511278972e-11,2.7023899886930067e-15,4.387937205760493e-15,0.40523711832660886,1.4233751503223133,0.022249115404056215,0.00907735809323074,True,True,frozen synthetic foreground mean NNLS; production labels only for comparison,"raw postfit residual direction, constrained by NNLS KKT; not absorbed signal fraction",True,True,TP,0.027058155137497972,0.0002909273455103426,0.5507237251352833,0.8791632382442716,PS 18:0_16:1,PS 18:0_16:1,13,0.10317460317460317,0.6550442382429967,0.0,70,0,70,,FROZEN_CHANNEL_DETECTION_THRESHOLD_NOT_AVAILABLE,,0.2686423610591529,0.9986622747410899,,,0.0,candidate spectral contributions; arithmetic channel mean; all aliases,sum of unchanged b values on specified channels; no normalization,LIBRARY_SHARING_SUPPORT_NOT_VERIFIED_IDENTITY_DIAGNOSTIC
V58_MILD_CAL_R2_K125,84,PS 14:0_22:0,0.0003959881134257442,0.0003959919119498257,3.798524081486277e-09,9.592520439647128e-06,0.0001128971632306319,0.002384341247972939,PA 22:0_18:1,0.00021260326278280204,0.08916645755903499,"[""PA 22:0_18:1"", ""PE O-16:1_22:2"", ""PE 18:2_20:4"", ""PE O-18:0_20:1"", ""PA 20:0_22:6""]","[0.00021260326278280204, 0.00016157729413880575, 0.00011466271524427502, 0.00010549947499497196, 0.00010207330372309989]",PA 22:0_18:1,"[""PA 22:0_18:1""]",True,1.5404566511278972e-11,1.1394118747485907e-16,-1.0914027884780223e-13,0.2232710512779044,1.2972105321580891,0.01989954552118781,6.16321675858808e-05,True,True,frozen synthetic foreground mean NNLS; production labels only for comparison,"raw postfit residual direction, constrained by NNLS KKT; not absorbed signal fraction",False,False,UNREPORTED_NONTRUTH,0.000584353647223133,,0.4206473260133997,0.5312302053008555,PS 16:0_20:0,PS 16:0_20:0,18,0.13740458015267176,0.2773149281685439,0.0,70,0,70,,FROZEN_CHANNEL_DETECTION_THRESHOLD_NOT_AVAILABLE,,0.0031744206304055935,0.018723170705311848,,,0.0,candidate spectral contributions; arithmetic channel mean; all aliases,sum of unchanged b values on specified channels; no normalization,LIBRARY_SHARING_SUPPORT_NOT_VERIFIED_IDENTITY_DIAGNOSTIC
V58_MILD_CAL_R2_K125,85,PS 14:0_22:1,0.0003959881134257442,0.0003959881134257442,0.0,0.0,0.0,0.0,,0.0,0.0,[],[],,[],False,1.5404566511278972e-11,,,0.0,0.0,0.019899450078475652,8.89919582615121e-17,True,False,frozen synthetic foreground mean NNLS; production labels only for comparison,"raw postfit residual direction, constrained by NNLS KKT; not absorbed signal fraction",False,False,UNREPORTED_NONTRUTH,0.0,,0.3776688339649247,0.4273488529672919,PS 18:0_18:1,PS 16:0_20:1,18,0.13740458015267176,0.3997210267805928,0.0,71,0,71,,FROZEN_CHANNEL_DETECTION_THRESHOLD_NOT_AVAILABLE,,0.0,0.0,,,0.0,candidate spectral contributions; arithmetic channel mean; all aliases,sum of unchanged b values on specified channels; no normalization,LIBRARY_SHARING_SUPPORT_NOT_VERIFIED_IDENTITY_DIAGNOSTIC
V58_MILD_CAL_R2_K125,86,PS 14:0_22:2,0.0003959881134257442,0.0003959881134257442,0.0,0.0,0.0,0.0,,0.0,0.0,[],[],,[],False,1.5404566511278972e-11,,,0.0,0.0,0.019899450078475652,8.89919582615121e-17,True,False,frozen synthetic foreground mean NNLS; production labels only for comparison,"raw postfit residual direction, constrained by NNLS KKT; not absorbed signal fraction",False,False,UNREPORTED_NONTRUTH,0.0,,0.842123964715004,0.8789657914901732,PS 16:1_20:1,PS 16:1_20:1,17,0.13385826771653545,0.6536688431263784,0.0,70,0,70,,FROZEN_CHANNEL_DETECTION_THRESHOLD_NOT_AVAILABLE,,0.0,0.0,,,0.0,candidate spectral contributions; arithmetic channel mean; all aliases,sum of unchanged b values on specified channels; no normalization,LIBRARY_SHARING_SUPPORT_NOT_VERIFIED_IDENTITY_DIAGNOSTIC
V58_MILD_CAL_R2_K125,87,PS 14:0_22:3,0.0003959881134257442,0.0003959881134257442,0.0,0.0,0.0,0.0,,0.0,0.0,[],[],,[],False,1.5404566511278972e-11,,,0.0,0.0,0.019899450078475652,8.89919582615121e-17,True,False,frozen synthetic foreground mean NNLS; production labels only for comparison,"raw postfit residual direction, constrained by NNLS KKT; not absorbed signal fraction",False,False,UNREPORTED_NONTRUTH,0.000837711630561309,,0.839256980132579,0.8970279509041975,PS 16:1_20:2,PS 16:1_20:2,15,0.11811023622047244,0.832032266460245,0.0,71,0,71,,FROZEN_CHANNEL_DETECTION_THRESHOLD_NOT_AVAILABLE,,0.0,0.0,,,0.0,candidate spectral contributions; arithmetic channel mean; all aliases,sum of unchanged b values on specified channels; no normalization,LIBRARY_SHARING_SUPPORT_NOT_VERIFIED_IDENTITY_DIAGNOSTIC
V58_MILD_CAL_R2_K125,88,PS 14:0_22:4,0.0003959881134257442,0.0003959881134257442,0.0,0.0,0.0,0.0,,0.0,0.0,[],[],,[],False,1.5404566511278972e-11,,,0.0,0.0,0.019899450078475652,8.89919582615121e-17,True,False,frozen synthetic foreground mean NNLS; production labels only for comparison,"raw postfit residual direction, constrained by NNLS KKT; not absorbed signal fraction",False,False,UNREPORTED_NONTRUTH,0.0003525418210645973,,0.9003462090462657,0.9623021534517806,PS 16:0_20:4,PS 16:0_20:4,13,0.09219858156028368,0.8517107267893755,0.0,75,0,75,,FROZEN_CHANNEL_DETECTION_THRESHOLD_NOT_AVAILABLE,,0.0,0.0,,,0.0,candidate spectral contributions; arithmetic channel mean; all aliases,sum of unchanged b values on specified channels; no normalization,LIBRARY_SHARING_SUPPORT_NOT_VERIFIED_IDENTITY_DIAGNOSTIC
V58_MILD_CAL_R2_K125,89,PS 16:0_18:0,0.0003959881134257442,0.0004783342770877305,8.234616366198627e-05,0.2079510991924679,0.029398972127619428,0.3617813970284181,PA 18:1_22:3,0.02787790221492111,0.07705731263084882,"[""PA 18:1_22:3"", ""PS 14:0_20:0"", ""PG 16:0_20:3"", ""PA 20:1_22:6"", ""PS 18:0_18:2""]","[0.02787790221492111, 0.02319812022920359, 0.022498105312929097, 0.01801526341422845, 0.017973966279874055]",PA 18:1_22:3,"[""PA 18:1_22:3""]",True,1.5404566511278972e-11,-1.0041615083349549e-15,4.553687778675734e-15,0.40819147214786894,1.4272746905795193,0.021870854512060812,0.008239141369511966,True,True,frozen synthetic foreground mean NNLS; production labels only for comparison,"raw postfit residual direction, constrained by NNLS KKT; not absorbed signal fraction",True,True,TP,0.028818980167095914,0.00024190180524830246,0.5956843804687323,0.831183472508529,PS 14:0_20:0,PA 18:0_22:5,43,0.41346153846153844,0.6835218638558093,0.0,73,0,73,,FROZEN_CHANNEL_DETECTION_THRESHOLD_NOT_AVAILABLE,,0.217733276693744,0.9696859467872039,,,0.0,candidate spectral contributions; arithmetic channel mean; all aliases,sum of unchanged b values on specified channels; no normalization,LIBRARY_SHARING_SUPPORT_NOT_VERIFIED_IDENTITY_DIAGNOSTIC
V58_MILD_CAL_R2_K125,90,PS 16:0_18:1,0.0003959881134257442,0.00039599754855422964,9.43512848541406e-09,2.3826797173184697e-05,0.000262681163282799,0.005654035090978567,PG 16:0_20:3,0.0014501085105573953,0.25647320665106554,"[""PG 16:0_20:3"", ""PE O-16:0_22:4"", ""PG 18:2_20:2"", ""PG 20:1_18:3"", ""PE O-16:0_22:3""]","[0.0014501085105573953, 0.0003892625868859049, 0.00029911567035631817, 0.0002119770240485478, 0.00020398361117937927]",PG 16:0_20:3,"[""PG 16:0_20:3""]",True,1.5404566511278972e-11,3.264065110355525e-15,1.1463471252656898e-12,0.17368128444433487,1.2714720158066075,0.01989968714714452,9.71345895399358e-05,True,True,frozen synthetic foreground mean NNLS; production labels only for comparison,"raw postfit residual direction, constrained by NNLS KKT; not absorbed signal fraction",False,False,UNREPORTED_NONTRUTH,0.0003144450851686711,,0.6004958487789808,0.9185186228969457,PS 18:0_16:1,PA 16:0_24:5,32,0.2962962962962963,0.8558699899608527,0.0,71,0,71,,FROZEN_CHANNEL_DETECTION_THRESHOLD_NOT_AVAILABLE,,0.0017166960267353155,0.008257637060759944,,,0.0,candidate spectral contributions; arithmetic channel mean; all aliases,sum of unchanged b values on specified channels; no normalization,LIBRARY_SHARING_SUPPORT_NOT_VERIFIED_IDENTITY_DIAGNOSTIC
V58_MILD_CAL_R2_K125,91,PS 16:0_18:2,0.0003959881134257442,0.00039800638009441017,2.018266668665943e-06,0.0050967859770054,0.006735300579624589,0.1163976146932119,PA 18:1_22:3,0.008622446012532856,0.07407751469121492,"[""PA 18:1_22:3"", ""PS 16:1_18:1"", ""PS 18:0_18:2"", ""PA 20:2_22:6"", ""PS 16:0_20:3""]","[0.008622446012532856, 0.008343966976704937, 0.007354370461526842, 0.0058286519437983336, 0.004633855821753193]",PA 18:1_22:3,"[""PA 18:1_22:3""]",True,1.5404566511278972e-11,-1.6967749222603879e-15,1.8699717065634836e-14,0.2962784365399179,1.4808520926583804,0.01995009724523694,0.0013673221063920183,True,True,frozen synthetic foreground mean NNLS; production labels only for comparison,"raw postfit residual direction, constrained by NNLS KKT; not absorbed signal fraction",True,True,TP,0.006559030807990279,5.928902196670656e-06,0.5002817715494365,0.9479241600420836,PS 16:1_18:1,PA 16:0_24:5,32,0.2962962962962963,1.0337742432908634,0.0,71,0,71,,FROZEN_CHANNEL_DETECTION_THRESHOLD_NOT_AVAILABLE,,0.05116348773136287,0.4792688275284329,,,0.0,candidate spectral contributions; arithmetic channel mean; all aliases,sum of unchanged b values on specified channels; no normalization,LIBRARY_SHARING_SUPPORT_NOT_VERIFIED_IDENTITY_DIAGNOSTIC
V58_MILD_CAL_R2_K125,92,PS 16:0_20:0,0.0003959881134257442,0.0003959881134257442,0.0,0.0,0.0,0.0,,0.0,0.0,[],[],,[],False,1.5404566511278972e-11,,,0.0,0.0,0.019899450078475652,8.89919582615121e-17,True,False,frozen synthetic foreground mean NNLS; production labels only for comparison,"raw postfit residual direction, constrained by NNLS KKT; not absorbed signal fraction",True,True,TP,0.0030120787966439666,0.0,0.4688141927555631,0.6885995024518338,PS 18:0_18:0,PA 20:0_22:5,45,0.3879310344827586,0.4529168287348899,0.0,79,0,79,,FROZEN_CHANNEL_DETECTION_THRESHOLD_NOT_AVAILABLE,,0.0,0.0,,,0.0,candidate spectral contributions; arithmetic channel mean; all aliases,sum of unchanged b values on specified channels; no normalization,LIBRARY_SHARING_SUPPORT_NOT_VERIFIED_IDENTITY_DIAGNOSTIC
V58_MILD_CAL_R2_K125,93,PS 16:0_20:1,0.0003959881134257442,0.0003961371232030709,1.490097773266955e-07,0.00037629861073680743,0.0022307527765875433,0.03127847358563012,PG 16:0_20:3,0.002765664607742172,0.08842070250270608,"[""PG 16:0_20:3"", ""PS 18:0_18:1"", ""PE O-16:1_22:3"", ""PE O-16:0_22:2"", ""PG 17:1_20:2""]","[0.002765664607742172, 0.0019424199253144153, 0.0015378719997469759, 0.0014587633758341607, 0.0014428975268116926]",PG 16:0_20:3,"[""PG 16:0_20:3""]",True,1.5404566511278972e-11,2.39044133422745e-15,2.436262361780521e-13,0.35043241822220583,1.3008240306725358,0.019903193794038956,0.00038557187306637925,True,True,frozen synthetic foreground mean NNLS; production labels only for comparison,"raw postfit residual direction, constrained by NNLS KKT; not absorbed signal fraction",False,True,FP,0.0012450174735241218,4.3773422503468294e-07,0.6641534926990758,0.6618241043846764,PS 18:0_18:1,PA 16:0_24:5,34,0.3008849557522124,0.687782267730271,0.0,78,0,78,,FROZEN_CHANNEL_DETECTION_THRESHOLD_NOT_AVAILABLE,,0.021241729130869465,0.18223039443991704,,,0.0,candidate spectral contributions; arithmetic channel mean; all aliases,sum of unchanged b values on specified channels; no normalization,LIBRARY_SHARING_SUPPORT_NOT_VERIFIED_IDENTITY_DIAGNOSTIC
V58_MILD_CAL_R2_K125,94,PS 16:0_20:2,0.0003959881134257442,0.00039599913073886474,1.1017313120511608e-08,2.7822332840693323e-05,0.0005468294483055573,0.0038167005958965883,PS 18:0_18:2,0.00047848521599690164,0.12536619099385593,"[""PS 18:0_18:2"", ""PS 16:0_20:1"", ""PG 17:0_20:3"", ""PG 17:1_20:1"", ""PG 18:0_18:3""]","[0.00047848521599690164, 0.0004341565506660442, 0.00027509268600676637, 0.00023304321830328696, 0.00018406010889950725]",PS 18:0_18:2,"[""PS 18:0_18:2""]",True,1.5404566511278972e-11,1.4106910148059267e-15,2.002519402259368e-13,0.580642487892498,1.2312674652494104,0.0198997269011126,0.00010496338942907834,True,True,frozen synthetic foreground mean NNLS; production labels only for comparison,"raw postfit residual direction, constrained by NNLS KKT; not absorbed signal fraction",False,False,UNREPORTED_NONTRUTH,0.0005491021870956399,,0.6058878191392841,0.7405286798093675,PS 18:0_18:2,PS 18:0_18:2,17,0.125,0.8948702320474439,0.0,76,0,76,,FROZEN_CHANNEL_DETECTION_THRESHOLD_NOT_AVAILABLE,,0.0035495015197302008,0.020020801020737913,,,0.0,candidate spectral contributions; arithmetic channel mean; all aliases,sum of unchanged b values on specified channels; no normalization,LIBRARY_SHARING_SUPPORT_NOT_VERIFIED_IDENTITY_DIAGNOSTIC
V58_MILD_CAL_R2_K125,95,PS 16:0_20:3,0.0003959881134257442,0.0003959881134257442,0.0,0.0,0.0,0.0,,0.0,0.0,[],[],,[],False,1.5404566511278972e-11,,,0.0,0.0,0.019899450078475652,8.89919582615121e-17,True,False,frozen synthetic foreground mean NNLS; production labels only for comparison,"raw postfit residual direction, constrained by NNLS KKT; not absorbed signal fraction",False,True,FP,0.004323259863207368,0.0,0.838889329029143,0.8957054171839619,PS 16:1_20:2,PS 14:0_22:3,15,0.11363636363636363,0.9575643144613935,0.0,76,0,76,,FROZEN_CHANNEL_DETECTION_THRESHOLD_NOT_AVAILABLE,,0.0,0.0,,,0.0,candidate spectral contributions; arithmetic channel mean; all aliases,sum of unchanged b values on specified channels; no normalization,LIBRARY_SHARING_SUPPORT_NOT_VERIFIED_IDENTITY_DIAGNOSTIC
V58_MILD_CAL_R2_K125,96,PS 16:0_20:4,0.0003959881134257442,0.00039912291656812003,3.134803142375807e-06,0.007916407155103253,0.007548569824259788,0.08730086209038695,PA 20:1_20:2,0.005098363395803787,0.05839992038643096,"[""PA 20:1_20:2"", ""PG 16:0_20:3"", ""PG 17:1_20:1"", ""PG 17:0_20:3"", ""PA 18:1_22:3""]","[0.005098363395803787, 0.004504226957584503, 0.004397665433056967, 0.004288719173826512, 0.004035125417973153]",PA 20:1_20:2,"[""PA 20:1_20:2""]",True,1.5404566511278972e-11,-4.736298036945849e-16,1.1279554294355146e-13,0.3549055181524963,1.1321608463431672,0.01997806088107952,0.0007556688510211246,True,True,frozen synthetic foreground mean NNLS; production labels only for comparison,"raw postfit residual direction, constrained by NNLS KKT; not absorbed signal fraction",True,True,TP,0.006801458417904559,9.208862993928234e-06,0.9003462090462657,0.9623021534517806,PS 14:0_22:4,PS 14:0_22:4,13,0.09219858156028368,0.9852826441080967,0.0,79,0,79,,FROZEN_CHANNEL_DETECTION_THRESHOLD_NOT_AVAILABLE,,0.02871897526289858,0.3447320303148663,,,0.0,candidate spectral contributions; arithmetic channel mean; all aliases,sum of unchanged b values on specified channels; no normalization,LIBRARY_SHARING_SUPPORT_NOT_VERIFIED_IDENTITY_DIAGNOSTIC
V58_MILD_CAL_R2_K125,97,PS 16:0_20:5,0.0003959881134257442,0.0003959881134257442,0.0,0.0,0.0,0.0,,0.0,0.0,[],[],,[],False,1.5404566511278972e-11,,,0.0,0.0,0.019899450078475652,8.89919582615121e-17,True,False,frozen synthetic foreground mean NNLS; production labels only for comparison,"raw postfit residual direction, constrained by NNLS KKT; not absorbed signal fraction",False,False,UNREPORTED_NONTRUTH,8.674857473684101e-08,,0.655392473049552,0.9479285458531581,PS 16:1_20:4,PS 16:1_20:4,51,0.5257731958762887,0.8365057456609987,0.0,70,0,70,,FROZEN_CHANNEL_DETECTION_THRESHOLD_NOT_AVAILABLE,,0.0,0.0,,,0.0,candidate spectral contributions; arithmetic channel mean; all aliases,sum of unchanged b values on specified channels; no normalization,LIBRARY_SHARING_SUPPORT_NOT_VERIFIED_IDENTITY_DIAGNOSTIC
V58_MILD_CAL_R2_K125,98,PS 18:0_16:1,0.0003959881134257442,0.0003959881134257442,0.0,0.0,0.0,0.0,,0.0,0.0,[],[],,[],False,1.5404566511278972e-11,,,0.0,0.0,0.019899450078475652,8.89919582615121e-17,True,False,frozen synthetic foreground mean NNLS; production labels only for comparison,"raw postfit residual direction, constrained by NNLS KKT; not absorbed signal fraction",False,False,UNREPORTED_NONTRUTH,3.228445716973845e-05,,0.5507237251352833,0.9185186228969457,PS 16:0_18:1,PS 14:0_20:1,13,0.10317460317460317,0.7364283365247556,0.0,69,0,69,,FROZEN_CHANNEL_DETECTION_THRESHOLD_NOT_AVAILABLE,,0.0,0.0,,,0.0,candidate spectral contributions; arithmetic channel mean; all aliases,sum of unchanged b values on specified channels; no normalization,LIBRARY_SHARING_SUPPORT_NOT_VERIFIED_IDENTITY_DIAGNOSTIC
V58_MILD_CAL_R2_K125,99,PS 16:1_18:1,0.0003959881134257442,0.000402779616658549,6.791503232804789e-06,0.017150775453585825,0.009956623494506468,0.16813138094914465,PA 20:1_20:2,0.012321550924479147,0.07328525379883015,"[""PA 20:1_20:2"", ""PG 18:0_18:3"", ""PG 17:1_20:1"", ""PG 16:0_20:2"", ""PS 16:0_18:2""]","[0.012321550924479147, 0.009700510345372025, 0.00797204660425909, 0.0072935379326123425, 0.007192497510925327]",PA 20:1_20:2,"[""PA 20:1_20:2""]",True,1.5404566511278972e-11,-8.852974957517383e-16,4.016762556555879e-14,0.3601130028549037,1.7162725587983996,0.020069370111155678,0.0019122261226569028,True,True,frozen synthetic foreground mean NNLS; production labels only for comparison,"raw postfit residual direction, constrained by NNLS KKT; not absorbed signal fraction",True,True,TP,0.011779291416430072,1.9950861331062457e-05,0.7013033019364242,0.9479241600420836,PS 16:0_18:2,PA 18:1_24:6,42,0.3925233644859813,0.8827877737042569,0.0,68,0,68,,FROZEN_CHANNEL_DETECTION_THRESHOLD_NOT_AVAILABLE,,0.049457668010239764,0.520731207345839,,,0.0,candidate spectral contributions; arithmetic channel mean; all aliases,sum of unchanged b values on specified channels; no normalization,LIBRARY_SHARING_SUPPORT_NOT_VERIFIED_IDENTITY_DIAGNOSTIC
V58_MILD_CAL_R2_K125,100,PS 20:0_16:1,0.0003959881134257442,0.0003959881134257442,0.0,0.0,0.0,0.0,,0.0,0.0,[],[],,[],False,1.5404566511278972e-11,,,0.0,0.0,0.019899450078475652,8.89919582615121e-17,True,False,frozen synthetic foreground mean NNLS; production labels only for comparison,"raw postfit residual direction, constrained by NNLS KKT; not absorbed signal fraction",False,True,FP,0.001414255865095915,0.0,0.5411661640567843,0.7132044989260127,PS 18:0_18:1,PA 20:0_22:5,45,0.39823008849557523,0.48749386702766867,0.0,76,0,76,,FROZEN_CHANNEL_DETECTION_THRESHOLD_NOT_AVAILABLE,,0.0,0.0,,,0.0,candidate spectral contributions; arithmetic channel mean; all aliases,sum of unchanged b values on specified channels; no normalization,LIBRARY_SHARING_SUPPORT_NOT_VERIFIED_IDENTITY_DIAGNOSTIC
V58_MILD_CAL_R2_K125,101,PS 16:1_20:1,0.0003959881134257442,0.0003959881134257442,0.0,0.0,0.0,0.0,,0.0,0.0,[],[],,[],False,1.5404566511278972e-11,,,0.0,0.0,0.019899450078475652,8.89919582615121e-17,True,False,frozen synthetic foreground mean NNLS; production labels only for comparison,"raw postfit residual direction, constrained by NNLS KKT; not absorbed signal fraction",False,False,UNREPORTED_NONTRUTH,0.00028016939489533457,,0.842123964715004,0.8789657914901732,PS 14:0_22:2,PS 14:0_22:2,17,0.13385826771653545,0.7343964448884748,0.0,74,0,74,,FROZEN_CHANNEL_DETECTION_THRESHOLD_NOT_AVAILABLE,,0.0,0.0,,,0.0,candidate spectral contributions; arithmetic channel mean; all aliases,sum of unchanged b values on specified channels; no normalization,LIBRARY_SHARING_SUPPORT_NOT_VERIFIED_IDENTITY_DIAGNOSTIC
V58_MILD_CAL_R2_K125,102,PS 16:1_20:2,0.0003959881134257442,0.000421337857182905,2.5349743757160763e-05,0.06401642583117063,0.03128548229028321,0.4081220593557203,PS 16:0_20:3,0.025780270851965298,0.06316804069008182,"[""PS 16:0_20:3"", ""PA 20:2_22:6"", ""PA 18:1_22:3"", ""PG 16:1_20:2"", ""PE 16:0_22:3""]","[0.025780270851965298, 0.025460221587541097, 0.021691410023090482, 0.020251448870191, 0.019020606909045844]",PS 16:0_20:3,"[""PS 16:0_20:3""]",True,1.5404566511278972e-11,1.4419748278123962e-15,0.003308731698293594,0.39642682313937255,1.4917293099509465,0.02052651595334447,0.0040756825820947185,True,True,frozen synthetic foreground mean NNLS; production labels only for comparison,"raw postfit residual direction, constrained by NNLS KKT; not absorbed signal fraction",True,True,TP,0.023868062220876254,7.446793517437409e-05,0.839256980132579,0.8970279509041975,PS 14:0_22:3,PS 14:0_22:3,15,0.11811023622047244,0.9362230085902915,0.0,71,0,71,,FROZEN_CHANNEL_DETECTION_THRESHOLD_NOT_AVAILABLE,,0.10111906472674152,0.7112081426090971,,,0.0,candidate spectral contributions; arithmetic channel mean; all aliases,sum of unchanged b values on specified channels; no normalization,LIBRARY_SHARING_SUPPORT_NOT_VERIFIED_IDENTITY_DIAGNOSTIC
V58_MILD_CAL_R2_K125,103,PS 16:1_20:3,0.0003959881134257442,0.0003959881134257442,0.0,0.0,0.0,0.0,,0.0,0.0,[],[],,[],False,1.5404566511278972e-11,,,0.0,0.0,0.019899450078475652,8.89919582615121e-17,True,False,frozen synthetic foreground mean NNLS; production labels only for comparison,"raw postfit residual direction, constrained by NNLS KKT; not absorbed signal fraction",False,True,FP,0.0014133756813516046,0.0,0.8789619069310404,0.9555118469715737,PS 16:0_20:4,PS 14:0_22:4,13,0.09774436090225563,0.9757070036444412,0.0,71,0,71,,FROZEN_CHANNEL_DETECTION_THRESHOLD_NOT_AVAILABLE,,0.0,0.0,,,0.0,candidate spectral contributions; arithmetic channel mean; all aliases,sum of unchanged b values on specified channels; no normalization,LIBRARY_SHARING_SUPPORT_NOT_VERIFIED_IDENTITY_DIAGNOSTIC
V58_MILD_CAL_R2_K125,104,PS 16:1_20:4,0.0003959881134257442,0.0003959881134257442,0.0,0.0,0.0,0.0,,0.0,0.0,[],[],,[],False,1.5404566511278972e-11,,,0.0,0.0,0.019899450078475652,8.89919582615121e-17,True,False,frozen synthetic foreground mean NNLS; production labels only for comparison,"raw postfit residual direction, constrained by NNLS KKT; not absorbed signal fraction",False,False,UNREPORTED_NONTRUTH,0.0,,0.655392473049552,0.9479285458531581,PS 16:0_20:5,PS 16:0_20:5,51,0.5257731958762887,0.9981243206969803,0.0,78,0,78,,FROZEN_CHANNEL_DETECTION_THRESHOLD_NOT_AVAILABLE,,0.0,0.0,,,0.0,candidate spectral contributions; arithmetic channel mean; all aliases,sum of unchanged b values on specified channels; no normalization,LIBRARY_SHARING_SUPPORT_NOT_VERIFIED_IDENTITY_DIAGNOSTIC
V58_MILD_CAL_R2_K125,105,PS 18:0_18:0,0.0003959881134257442,0.00040380094886714794,7.812835441403719e-06,0.019729974604752395,0.011958721158310025,0.1826965452288009,PA 18:1_22:3,0.014818583568755976,0.08111036555243417,"[""PA 18:1_22:3"", ""PS 18:0_18:2"", ""PA 20:2_22:6"", ""PS 16:0_20:0"", ""PS 16:1_18:1""]","[0.014818583568755976, 0.008986577677279646, 0.008532998855681226, 0.007463545253185999, 0.0070871833740491635]",PA 18:1_22:3,"[""PA 18:1_22:3""]",True,1.5404566511278972e-11,1.417698426421849e-15,4.920204100034336e-14,0.27175078003275127,1.185348458858496,0.020094799050180804,0.0017839417952433209,True,True,frozen synthetic foreground mean NNLS; production labels only for comparison,"raw postfit residual direction, constrained by NNLS KKT; not absorbed signal fraction",False,True,FP,0.0049829765339198225,2.2951148096483798e-05,0.7805572313987258,0.6885995024518338,PS 16:0_20:0,PA 18:0_22:5,43,0.5119047619047619,0.5384652433118687,0.0,53,0,53,,FROZEN_CHANNEL_DETECTION_THRESHOLD_NOT_AVAILABLE,,0.2180008334983878,0.9912720986853131,,,0.0,candidate spectral contributions; arithmetic channel mean; all aliases,sum of unchanged b values on specified channels; no normalization,LIBRARY_SHARING_SUPPORT_NOT_VERIFIED_IDENTITY_DIAGNOSTIC
V58_MILD_CAL_R2_K125,106,PS 18:0_18:1,0.0003959881134257442,0.0003985890801534798,2.600966727735578e-06,0.006568294938618194,0.007109524243842925,0.13829657355324215,PG 14:0_22:3,0.008756225243549326,0.06331483867252136,"[""PG 14:0_22:3"", ""PA 18:0_22:0"", ""PS 16:0_20:1"", ""PE O-18:0_22:2"", ""PE O-16:1_22:2""]","[0.008756225243549326, 0.008005461682335593, 0.0071552475115814595, 0.00639957705557043, 0.005991570364114903]",PG 14:0_22:3,"[""PG 14:0_22:3""]",True,1.5404566511278972e-11,-8.781020780485257e-16,1.3600395858878118e-14,0.31033592087047157,1.6256534284709776,0.019964695844251666,0.001526825867443929,True,True,frozen synthetic foreground mean NNLS; production labels only for comparison,"raw postfit residual direction, constrained by NNLS KKT; not absorbed signal fraction",True,True,TP,0.005777831280837703,7.640654025035198e-06,0.5811253535349176,0.7132044989260127,PS 20:0_16:1,PS 18:0_18:0,49,0.6901408450704225,0.7089215866135771,0.0,67,0,67,,FROZEN_CHANNEL_DETECTION_THRESHOLD_NOT_AVAILABLE,,0.06095069586862952,0.6533830216952323,,,0.0,candidate spectral contributions; arithmetic channel mean; all aliases,sum of unchanged b values on specified channels; no normalization,LIBRARY_SHARING_SUPPORT_NOT_VERIFIED_IDENTITY_DIAGNOSTIC
V58_MILD_CAL_R2_K125,107,PS 18:0_18:2,0.0003959881134257442,0.0003960096027196069,2.1489293862701937e-08,5.4267522382244666e-05,0.0010550116981454718,0.010849860114682731,PS 18:1_18:1,0.0008703613150493304,0.08021866694772245,"[""PS 18:1_18:1"", ""PS 18:0_18:1"", ""PS 16:0_20:2"", ""PG 17:0_20:2"", ""PG 17:1_20:2""]","[0.0008703613150493304, 0.0005857492685311765, 0.00047962525364188236, 0.00044479769968541055, 0.0004379078289233314]",PS 18:1_18:1,"[""PS 18:1_18:1""]",True,1.5404566511278972e-11,1.5963386727013542e-15,2.5895642564933036e-13,0.4488051139203527,1.270729468786654,0.01989999001807807,0.00014582375773983353,True,True,frozen synthetic foreground mean NNLS; production labels only for comparison,"raw postfit residual direction, constrained by NNLS KKT; not absorbed signal fraction",False,True,FP,0.0062452623019631625,6.312739717154318e-08,0.6058878191392841,0.7405286798093675,PS 16:0_20:2,PS 16:0_20:2,17,0.125,0.9873797970574021,0.0,77,0,77,,FROZEN_CHANNEL_DETECTION_THRESHOLD_NOT_AVAILABLE,,0.0045108946800524055,0.043875091176461066,,,0.0,candidate spectral contributions; arithmetic channel mean; all aliases,sum of unchanged b values on specified channels; no normalization,LIBRARY_SHARING_SUPPORT_NOT_VERIFIED_IDENTITY_DIAGNOSTIC
V58_MILD_CAL_R2_K125,108,PS 18:0_18:3,0.0003959881134257442,0.0003959881134257442,0.0,0.0,0.0,0.0,,0.0,0.0,[],[],,[],False,1.5404566511278972e-11,,,0.0,0.0,0.019899450078475652,8.89919582615121e-17,True,False,frozen synthetic foreground mean NNLS; production labels only for comparison,"raw postfit residual direction, constrained by NNLS KKT; not absorbed signal fraction",False,False,UNREPORTED_NONTRUTH,0.00016798137199432842,,0.5450127780890849,0.6465366272747991,PS 18:1_18:2,PS 18:1_18:2,53,0.6463414634146342,0.9993787712742266,0.0,75,0,75,,FROZEN_CHANNEL_DETECTION_THRESHOLD_NOT_AVAILABLE,,0.0,0.0,,,0.0,candidate spectral contributions; arithmetic channel mean; all aliases,sum of unchanged b values on specified channels; no normalization,LIBRARY_SHARING_SUPPORT_NOT_VERIFIED_IDENTITY_DIAGNOSTIC
V58_MILD_CAL_R2_K125,109,PS 18:1_18:1,0.0003959881134257442,0.00041132773055843033,1.533961713268611e-05,0.03873756957309535,0.030147446639733712,0.30950129733369175,PA 18:1_22:3,0.023440808601068563,0.07573735167810912,"[""PA 18:1_22:3"", ""PS 18:0_18:2"", ""PE O-16:0_22:2"", ""PA 20:0_20:0"", ""PS 16:1_18:1""]","[0.023440808601068563, 0.020027454114728165, 0.014578070649188974, 0.011960706557871403, 0.010286306630476395]",PA 18:1_22:3,"[""PA 18:1_22:3""]",True,1.5404566511278972e-11,1.0775717916476075e-14,8.788640820538873e-14,0.4459934612506496,1.3152574866873892,0.020281216200179666,0.003161685224517451,True,True,frozen synthetic foreground mean NNLS; production labels only for comparison,"raw postfit residual direction, constrained by NNLS KKT; not absorbed signal fraction",True,True,TP,0.02229583440909934,4.506197873948501e-05,0.7530106990367773,0.6685371911799611,PS 18:0_18:2,PA 18:1_24:6,42,0.4666666666666667,0.7155219730627992,0.0,51,0,51,,FROZEN_CHANNEL_DETECTION_THRESHOLD_NOT_AVAILABLE,,0.1395566034448018,0.8585035288828702,,,0.0,candidate spectral contributions; arithmetic channel mean; all aliases,sum of unchanged b values on specified channels; no normalization,LIBRARY_SHARING_SUPPORT_NOT_VERIFIED_IDENTITY_DIAGNOSTIC
V58_MILD_CAL_R2_K125,110,PS 18:1_18:2,0.0003959881134257442,0.0004009387223391884,4.950608913444174e-06,0.012501912893581338,0.008621979521495696,0.16663042327418837,PA 20:1_20:3,0.012225475884088793,0.07336881011157578,"[""PA 20:1_20:3"", ""PA 18:2_22:3"", ""PA 18:1_22:2"", ""PG 18:2_18:2"", ""PG 18:0_18:3""]","[0.012225475884088793, 0.009810277390597005, 0.009670252783403301, 0.009301731523923001, 0.007089331003431558]",PA 20:1_20:3,"[""PA 20:1_20:3""]",True,1.5404566511278972e-11,1.5025684292721127e-15,4.47785256650149e-14,0.3330098235394172,1.952146556364693,0.02002345430586812,0.00204317958950759,True,True,frozen synthetic foreground mean NNLS; production labels only for comparison,"raw postfit residual direction, constrained by NNLS KKT; not absorbed signal fraction",True,True,TP,0.00881806517885077,1.4543011841526508e-05,0.5450127780890849,0.6465366272747991,PS 18:0_18:3,PS 18:0_18:3,53,0.6463414634146342,0.9887187828912681,0.0,60,0,60,,FROZEN_CHANNEL_DETECTION_THRESHOLD_NOT_AVAILABLE,,0.034833257349510295,0.28359283249951134,,,0.0,candidate spectral contributions; arithmetic channel mean; all aliases,sum of unchanged b values on specified channels; no normalization,LIBRARY_SHARING_SUPPORT_NOT_VERIFIED_IDENTITY_DIAGNOSTIC
V58_MILD_CAL_R2_K125,111,PS 18:1_18:3,0.0003959881134257442,0.0003959881134257442,0.0,0.0,0.0,0.0,,0.0,0.0,[],[],,[],False,1.5404566511278972e-11,,,0.0,0.0,0.019899450078475652,8.89919582615121e-17,True,False,frozen synthetic foreground mean NNLS; production labels only for comparison,"raw postfit residual direction, constrained by NNLS KKT; not absorbed signal fraction",False,False,UNREPORTED_NONTRUTH,1.7818895019542046e-06,,0.4849621053914941,0.47430178178351884,PS 18:2_18:2,PA 18:1_24:6,42,0.4077669902912621,1.0214588947983665,0.0,64,0,64,,FROZEN_CHANNEL_DETECTION_THRESHOLD_NOT_AVAILABLE,,0.0,0.0,,,0.0,candidate spectral contributions; arithmetic channel mean; all aliases,sum of unchanged b values on specified channels; no normalization,LIBRARY_SHARING_SUPPORT_NOT_VERIFIED_IDENTITY_DIAGNOSTIC
V58_MILD_CAL_R2_K125,112,PS 18:2_18:2,0.0003959881134257442,0.00040258269358285496,6.594580157110732e-06,0.01665348003354618,0.010050116803485392,0.17155317943310955,PG 18:2_18:2,0.017387801244302305,0.10135516754430449,"[""PG 18:2_18:2"", ""PA 18:2_22:3"", ""PA 20:1_20:3"", ""PG 16:0_22:4"", ""PA 18:1_22:2""]","[0.017387801244302305, 0.013946155738165083, 0.013282969173609516, 0.008871278504088436, 0.007557975742264168]",PG 18:2_18:2,"[""PG 18:2_18:2""]",True,1.5404566511278972e-11,3.674444019138966e-15,0.002127809732518784,0.4254679951942728,2.2884830500858984,0.020064463451157994,0.0022585993570963547,True,True,frozen synthetic foreground mean NNLS; production labels only for comparison,"raw postfit residual direction, constrained by NNLS KKT; not absorbed signal fraction",True,True,TP,0.008349091320309601,1.9372376002940707e-05,0.7708922771356179,0.47627871880693123,PA 18:2_24:6,PA 18:2_24:6,42,0.4883720930232558,0.9024277692391517,0.0,47,0,47,,FROZEN_CHANNEL_DETECTION_THRESHOLD_NOT_AVAILABLE,,0.06529003375839873,0.6402069427771963,,,0.0,candidate spectral contributions; arithmetic channel mean; all aliases,sum of unchanged b values on specified channels; no normalization,LIBRARY_SHARING_SUPPORT_NOT_VERIFIED_IDENTITY_DIAGNOSTIC
V58_MILD_CAL_R2_K125,113,PS 17:0_18:1,0.0003959881134257442,0.00039601575744316726,2.764401742304072e-08,6.981022009493805e-05,0.00030581161202511046,0.006271109438954981,PG 17:0_20:2,0.0016984936604691851,0.2708442065526093,"[""PG 17:0_20:2"", ""PG 17:1_20:2"", ""PG 14:0_22:3"", ""PS 18:0_17:1"", ""PG 16:0_22:4""]","[0.0016984936604691851, 0.000350087295308661, 0.00031540662448825696, 0.00024179467778608603, 0.00021869156671400908]",PG 17:0_20:2,"[""PG 17:0_20:2""]",True,1.5404566511278972e-11,2.3296269419475446e-15,6.772551400201689e-13,0.1644904024470072,1.1680916029846968,0.019900144658850278,0.00013591592140704603,True,True,frozen synthetic foreground mean NNLS; production labels only for comparison,"raw postfit residual direction, constrained by NNLS KKT; not absorbed signal fraction",False,False,UNREPORTED_NONTRUTH,6.771529682605913e-07,,0.5369670920035333,0.8427592813946936,PS 18:0_17:1,PS 18:0_17:1,49,0.5384615384615384,0.8464270177968538,0.0,73,0,73,,FROZEN_CHANNEL_DETECTION_THRESHOLD_NOT_AVAILABLE,,0.018775714331384943,0.3254135423113454,,,0.0,candidate spectral contributions; arithmetic channel mean; all aliases,sum of unchanged b values on specified channels; no normalization,LIBRARY_SHARING_SUPPORT_NOT_VERIFIED_IDENTITY_DIAGNOSTIC
V58_MILD_CAL_R2_K125,114,PS 17:0_18:2,0.0003959881134257442,0.0011008596094548599,0.0007048714960291157,1.7800319513410379,0.03145575227431878,0.26537039192093614,PE O-16:0_22:2,0.01400796862345608,0.052786479011482174,"[""PE O-16:0_22:2"", ""PS 17:0_18:1"", ""PA 20:1_20:3"", ""PG 17:0_18:1"", ""PE O-16:1_22:3""]","[0.01400796862345608, 0.011850461450231506, 0.011011932476655507, 0.010795815170442605, 0.010442180124211893]",PE O-16:0_22:2,"[""PE O-16:0_22:2""]",True,1.5404566511278972e-11,1.2657293684632204e-16,3.2628080152701725e-15,0.21537388763987195,0.5045129807033205,0.03317920447290531,0.026535329094869598,True,True,frozen synthetic foreground mean NNLS; production labels only for comparison,"raw postfit residual direction, constrained by NNLS KKT; not absorbed signal fraction",True,True,TP,0.030863897045860657,0.0020706451858209353,0.42497147438451643,0.18158625071378864,PS 17:0_18:1,PS 17:0_18:1,60,0.6976744186046512,1.052541140897975,0.0,73,0,73,,FROZEN_CHANNEL_DETECTION_THRESHOLD_NOT_AVAILABLE,,0.23914093285342483,0.9993247844101127,,,0.0,candidate spectral contributions; arithmetic channel mean; all aliases,sum of unchanged b values on specified channels; no normalization,LIBRARY_SHARING_SUPPORT_NOT_VERIFIED_IDENTITY_DIAGNOSTIC
V58_MILD_CAL_R2_K125,115,PS 18:0_17:1,0.0003959881134257442,0.0003959881134257442,0.0,0.0,0.0,0.0,,0.0,0.0,[],[],,[],False,1.5404566511278972e-11,,,0.0,0.0,0.019899450078475652,8.89919582615121e-17,True,False,frozen synthetic foreground mean NNLS; production labels only for comparison,"raw postfit residual direction, constrained by NNLS KKT; not absorbed signal fraction",False,False,UNREPORTED_NONTRUTH,0.0,,0.5504258784962808,0.8427592813946936,PS 17:0_18:1,PA 18:0_22:5,43,0.4387755102040816,0.8163868847747822,0.0,67,0,67,,FROZEN_CHANNEL_DETECTION_THRESHOLD_NOT_AVAILABLE,,0.0,0.0,,,0.0,candidate spectral contributions; arithmetic channel mean; all aliases,sum of unchanged b values on specified channels; no normalization,LIBRARY_SHARING_SUPPORT_NOT_VERIFIED_IDENTITY_DIAGNOSTIC
V58_MILD_CAL_R2_K125,116,PE 16:0_22:1,0.0003959881134257442,0.0003959881134257442,0.0,0.0,0.0,0.0,,0.0,0.0,[],[],,[],False,1.5404566511278972e-11,,,0.0,0.0,0.019899450078475652,8.89919582615121e-17,True,False,frozen synthetic foreground mean NNLS; production labels only for comparison,"raw postfit residual direction, constrained by NNLS KKT; not absorbed signal fraction",False,False,UNREPORTED_NONTRUTH,0.000923958108619971,,0.8469294719697444,0.84535423486711,PE O-18:1_22:1,PE O-18:1_22:1,7,0.09090909090909091,0.31712620051360524,0.0,54,0,54,,FROZEN_CHANNEL_DETECTION_THRESHOLD_NOT_AVAILABLE,,0.0,0.0,,,0.0,candidate spectral contributions; arithmetic channel mean; all aliases,sum of unchanged b values on specified channels; no normalization,LIBRARY_SHARING_SUPPORT_NOT_VERIFIED_IDENTITY_DIAGNOSTIC
V58_MILD_CAL_R2_K125,117,PE 16:0_22:2,0.0003959881134257442,0.0003959881134257442,0.0,0.0,0.0,0.0,,0.0,0.0,[],[],,[],False,1.5404566511278972e-11,,,0.0,0.0,0.019899450078475652,8.89919582615121e-17,True,False,frozen synthetic foreground mean NNLS; production labels only for comparison,"raw postfit residual direction, constrained by NNLS KKT; not absorbed signal fraction",False,False,UNREPORTED_NONTRUTH,0.00028590796259357544,,0.8549196431250119,0.8479553043562295,PE O-18:2_22:2,PE O-18:2_22:2,8,0.1,0.5325618446767533,0.0,57,0,57,,FROZEN_CHANNEL_DETECTION_THRESHOLD_NOT_AVAILABLE,,0.0,0.0,,,0.0,candidate spectral contributions; arithmetic channel mean; all aliases,sum of unchanged b values on specified channels; no normalization,LIBRARY_SHARING_SUPPORT_NOT_VERIFIED_IDENTITY_DIAGNOSTIC
V58_MILD_CAL_R2_K125,118,PE 16:0_22:3,0.0003959881134257442,0.0003959881134257442,0.0,0.0,0.0,0.0,,0.0,0.0,[],[],,[],False,1.5404566511278972e-11,,,0.0,0.0,0.019899450078475652,8.89919582615121e-17,True,False,frozen synthetic foreground mean NNLS; production labels only for comparison,"raw postfit residual direction, constrained by NNLS KKT; not absorbed signal fraction",False,True,FP,0.004283112663716706,0.0,0.8777723220543086,0.8645317906294568,PE O-18:2_22:3,PE O-18:2_22:3,8,0.1,0.657934174051136,0.0,57,0,57,,FROZEN_CHANNEL_DETECTION_THRESHOLD_NOT_AVAILABLE,,0.0,0.0,,,0.0,candidate spectral contributions; arithmetic channel mean; all aliases,sum of unchanged b values on specified channels; no normalization,LIBRARY_SHARING_SUPPORT_NOT_VERIFIED_IDENTITY_DIAGNOSTIC
V58_MILD_CAL_R2_K125,119,PE 16:0_22:4,0.0003959881134257442,0.0003961696984280932,1.8158500234900267e-07,0.00045856174903717605,0.02085745150994089,0.083024722250363,PE 16:0_22:3,0.013352273459536955,0.1608228621242723,"[""PE 16:0_22:3"", ""PG 14:0_22:3"", ""PE O-16:0_22:4"", ""PE 18:1_22:4"", ""PE 18:0_20:4""]","[0.013352273459536955, 0.009197729236791026, 0.0067130568471978095, 0.005654541658340746, 0.0050696489749383795]",PE 16:0_22:3,"[""PE 16:0_22:3""]",True,1.5404566511278972e-11,3.556651049717634e-15,0.006041027125803127,0.7098375109376655,1.0389419777810025,0.019904012118869233,0.000294089487265819,True,True,frozen synthetic foreground mean NNLS; production labels only for comparison,"raw postfit residual direction, constrained by NNLS KKT; not absorbed signal fraction",False,True,FP,0.005407679642154346,5.33427884444804e-07,0.9175531099957064,0.9061223919718913,PE O-16:1_22:4,PE O-16:1_22:4,20,0.24691358024691357,0.6693062100407685,0.0,64,0,64,,FROZEN_CHANNEL_DETECTION_THRESHOLD_NOT_AVAILABLE,,0.14273876445904685,0.9463423989943096,,,0.0,candidate spectral contributions; arithmetic channel mean; all aliases,sum of unchanged b values on specified channels; no normalization,LIBRARY_SHARING_SUPPORT_NOT_VERIFIED_IDENTITY_DIAGNOSTIC
V58_MILD_CAL_R2_K125,120,PE 16:0_22:5,0.0003959881134257442,0.0003959881134257442,0.0,0.0,0.0,0.0,,0.0,0.0,[],[],,[],False,1.5404566511278972e-11,,,0.0,0.0,0.019899450078475652,8.89919582615121e-17,True,False,frozen synthetic foreground mean NNLS; production labels only for comparison,"raw postfit residual direction, constrained by NNLS KKT; not absorbed signal fraction",False,False,UNREPORTED_NONTRUTH,0.0,,0.9054249265947026,0.9172913272948485,PE O-16:1_22:5,PE O-16:1_22:5,21,0.26582278481012656,0.5958468694091904,0.0,62,0,62,,FROZEN_CHANNEL_DETECTION_THRESHOLD_NOT_AVAILABLE,,0.0,0.0,,,0.0,candidate spectral contributions; arithmetic channel mean; all aliases,sum of unchanged b values on specified channels; no normalization,LIBRARY_SHARING_SUPPORT_NOT_VERIFIED_IDENTITY_DIAGNOSTIC
V58_MILD_CAL_R2_K125,121,PE 16:0_22:6,0.0003959881134257442,0.0003959881134257442,0.0,0.0,0.0,0.0,,0.0,0.0,[],[],,[],False,1.5404566511278972e-11,,,0.0,0.0,0.019899450078475652,8.89919582615121e-17,True,False,frozen synthetic foreground mean NNLS; production labels only for comparison,"raw postfit residual direction, constrained by NNLS KKT; not absorbed signal fraction",True,True,TP,0.00663511914400602,0.0,0.7991402253068474,0.846830461754716,PE 18:0_22:6,PG 16:0_22:6,30,0.2542372881355932,0.7813277721945471,0.0,62,0,62,,FROZEN_CHANNEL_DETECTION_THRESHOLD_NOT_AVAILABLE,,0.0,0.0,,,0.0,candidate spectral contributions; arithmetic channel mean; all aliases,sum of unchanged b values on specified channels; no normalization,LIBRARY_SHARING_SUPPORT_NOT_VERIFIED_IDENTITY_DIAGNOSTIC
V58_MILD_CAL_R2_K125,122,PE 16:0_24:4,0.0003959881134257442,0.00039604551865515044,5.7405229406213166e-08,0.00014496705157290222,0.004544971838288632,0.03492208028140408,PG 16:0_20:3,0.006514969466488057,0.18655731313265161,"[""PG 16:0_20:3"", ""PE 16:0_22:4"", ""PE O-16:1_24:4"", ""PG 14:0_24:4"", ""PG 18:0_18:3""]","[0.006514969466488057, 0.004505571082957276, 0.0027400137014823734, 0.002667056733438907, 0.0017912553487723082]",PG 16:0_20:3,"[""PG 16:0_20:3""]",True,1.5404566511278972e-11,-2.174372272834624e-15,1.8329021877241276e-14,0.3993798993481771,1.048733841858278,0.019900892408511492,0.00016707611261858622,True,True,frozen synthetic foreground mean NNLS; production labels only for comparison,"raw postfit residual direction, constrained by NNLS KKT; not absorbed signal fraction",False,True,FP,0.0010573433250512694,1.6863479737890238e-07,0.9087919438082184,0.9716776177845982,PE O-16:1_24:4,PE O-16:1_24:4,18,0.2465753424657534,0.18060793158747285,0.0,54,2,56,,FROZEN_CHANNEL_DETECTION_THRESHOLD_NOT_AVAILABLE,0.0,0.3091217839120531,0.9999999827835605,0.9999905945837073,0.0,6.261616962643743e-07,candidate spectral contributions; arithmetic channel mean; all aliases,sum of unchanged b values on specified channels; no normalization,LIBRARY_SHARING_SUPPORT_NOT_VERIFIED_IDENTITY_DIAGNOSTIC
V58_MILD_CAL_R2_K125,123,PE 16:0_24:5,0.0003959881134257442,0.0003959881134257442,0.0,0.0,0.0,0.0,,0.0,0.0,[],[],,[],False,1.5404566511278972e-11,,,0.0,0.0,0.019899450078475652,8.89919582615121e-17,True,False,frozen synthetic foreground mean NNLS; production labels only for comparison,"raw postfit residual direction, constrained by NNLS KKT; not absorbed signal fraction",False,False,UNREPORTED_NONTRUTH,0.0007688520510067885,,0.9300862044228929,0.9865358863091525,PE O-16:1_24:5,PE O-16:1_24:5,19,0.25333333333333335,0.18811055550717837,0.0,58,0,58,,FROZEN_CHANNEL_DETECTION_THRESHOLD_NOT_AVAILABLE,,0.0,0.0,,,0.0,candidate spectral contributions; arithmetic channel mean; all aliases,sum of unchanged b values on specified channels; no normalization,LIBRARY_SHARING_SUPPORT_NOT_VERIFIED_IDENTITY_DIAGNOSTIC
V58_MILD_CAL_R2_K125,124,PE 16:0_24:6,0.0003959881134257442,0.0003959881134257442,0.0,0.0,0.0,0.0,,0.0,0.0,[],[],,[],False,1.5404566511278972e-11,,,0.0,0.0,0.019899450078475652,8.89919582615121e-17,True,False,frozen synthetic foreground mean NNLS; production labels only for comparison,"raw postfit residual direction, constrained by NNLS KKT; not absorbed signal fraction",False,False,UNREPORTED_NONTRUTH,0.0,,0.886774700560749,0.9877203620867723,PE O-16:1_24:6,PE O-16:1_24:6,22,0.27848101265822783,0.28443658304402064,0.0,60,2,62,,FROZEN_CHANNEL_DETECTION_THRESHOLD_NOT_AVAILABLE,0.0,0.0,0.0,0.0,0.0,0.0,candidate spectral contributions; arithmetic channel mean; all aliases,sum of unchanged b values on specified channels; no normalization,LIBRARY_SHARING_SUPPORT_NOT_VERIFIED_IDENTITY_DIAGNOSTIC
V58_MILD_CAL_R2_K125,125,PE 22:0_16:1,0.0003959881134257442,0.0003959881134257442,0.0,0.0,0.0,0.0,,0.0,0.0,[],[],,[],False,1.5404566511278972e-11,,,0.0,0.0,0.019899450078475652,8.89919582615121e-17,True,False,frozen synthetic foreground mean NNLS; production labels only for comparison,"raw postfit residual direction, constrained by NNLS KKT; not absorbed signal fraction",False,False,UNREPORTED_NONTRUTH,2.2626172348052815e-05,,0.6836826805426119,0.6966961409726665,PG 20:0_16:1,PG 20:0_16:1,11,0.08661417322834646,0.19638730315020372,0.0,51,0,51,,FROZEN_CHANNEL_DETECTION_THRESHOLD_NOT_AVAILABLE,,0.0,0.0,,,0.0,candidate spectral contributions; arithmetic channel mean; all aliases,sum of unchanged b values on specified channels; no normalization,LIBRARY_SHARING_SUPPORT_NOT_VERIFIED_IDENTITY_DIAGNOSTIC
V58_MILD_CAL_R2_K125,126,PE 16:1_22:1,0.0003959881134257442,0.0003959881134257442,0.0,0.0,0.0,0.0,,0.0,0.0,[],[],,[],False,1.5404566511278972e-11,,,0.0,0.0,0.019899450078475652,8.89919582615121e-17,True,False,frozen synthetic foreground mean NNLS; production labels only for comparison,"raw postfit residual direction, constrained by NNLS KKT; not absorbed signal fraction",False,False,UNREPORTED_NONTRUTH,0.0001711689627297447,,0.6758005252631145,0.6758461743904584,PG 20:0_16:1,PE O-18:1_22:1,8,0.10666666666666667,0.3030600662375425,0.0,53,0,53,,FROZEN_CHANNEL_DETECTION_THRESHOLD_NOT_AVAILABLE,,0.0,0.0,,,0.0,candidate spectral contributions; arithmetic channel mean; all aliases,sum of unchanged b values on specified channels; no normalization,LIBRARY_SHARING_SUPPORT_NOT_VERIFIED_IDENTITY_DIAGNOSTIC
V58_MILD_CAL_R2_K125,127,PE 16:1_22:2,0.0003959881134257442,0.00039644042218963597,4.5230876389174826e-07,0.0011422281311338836,0.009577813022498148,0.057738921546737286,PE 16:1_22:3,0.008433309900489922,0.1460593595174348,"[""PE 16:1_22:3"", ""PE 18:2_22:2"", ""PE O-16:0_22:2"", ""PG 18:0_18:3"", ""PE 20:1_18:2""]","[0.008433309900489922, 0.007270922411636889, 0.0048687347810545695, 0.0034530797574839275, 0.0028734615285628566]",PE 16:1_22:3,"[""PE 16:1_22:3""]",True,1.5404566511278972e-11,2.2220746620790052e-15,1.948524939059644e-13,0.690551121022544,1.4406434588733017,0.0199108116908788,0.00043529898693430975,True,True,frozen synthetic foreground mean NNLS; production labels only for comparison,"raw postfit residual direction, constrained by NNLS KKT; not absorbed signal fraction",True,True,TP,0.014562150537031854,1.3287116442272083e-06,0.8327039414471001,0.7157078424698625,PE O-18:2_22:2,PE O-18:2_22:2,8,0.10126582278481013,0.5184957104006905,0.0,56,0,56,,FROZEN_CHANNEL_DETECTION_THRESHOLD_NOT_AVAILABLE,,0.07380937590340071,0.3608837205209291,,,0.0,candidate spectral contributions; arithmetic channel mean; all aliases,sum of unchanged b values on specified channels; no normalization,LIBRARY_SHARING_SUPPORT_NOT_VERIFIED_IDENTITY_DIAGNOSTIC
V58_MILD_CAL_R2_K125,128,PE 16:1_22:3,0.0003959881134257442,0.000396058666403527,7.055297778277682e-08,0.00017816943290101435,0.006539956255793695,0.017506290356170406,PE 16:1_22:4,0.004051422141366686,0.2314266505757608,"[""PE 16:1_22:4"", ""PE O-16:1_22:3"", ""PE 18:2_22:3"", ""PE 16:1_22:2"", ""PE O-16:0_22:3""]","[0.004051422141366686, 0.003048439660746291, 0.002586915089255723, 0.0019633982915245422, 0.0010336471308706081]",PE 16:1_22:4,"[""PE 16:1_22:4""]",True,1.5404566511278972e-11,1.8283003240643124e-15,0.06167381548631969,0.7913945014198049,1.0507330802956198,0.019901222736393033,0.00011480623150086688,True,True,frozen synthetic foreground mean NNLS; production labels only for comparison,"raw postfit residual direction, constrained by NNLS KKT; not absorbed signal fraction",False,True,FP,0.004924273796109878,2.0725789681414997e-07,0.94529785314286,0.8881929043626978,PE O-18:2_22:3,PE O-18:2_22:3,8,0.10126582278481013,0.6438680397750733,0.0,56,0,56,,FROZEN_CHANNEL_DETECTION_THRESHOLD_NOT_AVAILABLE,,0.04157237054068719,0.35822624402158215,,,0.0,candidate spectral contributions; arithmetic channel mean; all aliases,sum of unchanged b values on specified channels; no normalization,LIBRARY_SHARING_SUPPORT_NOT_VERIFIED_IDENTITY_DIAGNOSTIC
V58_MILD_CAL_R2_K125,129,PE 16:1_22:4,0.0003959881134257442,0.0003959881134257442,0.0,0.0,0.0,0.0,,0.0,0.0,[],[],,[],False,1.5404566511278972e-11,,,0.0,0.0,0.019899450078475652,8.89919582615121e-17,True,False,frozen synthetic foreground mean NNLS; production labels only for comparison,"raw postfit residual direction, constrained by NNLS KKT; not absorbed signal fraction",False,False,UNREPORTED_NONTRUTH,0.00044536832929564996,,0.96060323631292,0.9233418688585724,PE O-16:1_22:4,PE O-16:1_22:4,17,0.20481927710843373,0.6552400757647059,0.0,63,0,63,,FROZEN_CHANNEL_DETECTION_THRESHOLD_NOT_AVAILABLE,,0.0,0.0,,,0.0,candidate spectral contributions; arithmetic channel mean; all aliases,sum of unchanged b values on specified channels; no normalization,LIBRARY_SHARING_SUPPORT_NOT_VERIFIED_IDENTITY_DIAGNOSTIC
V58_MILD_CAL_R2_K125,130,PE 16:1_22:5,0.0003959881134257442,0.0003959881134257442,0.0,0.0,0.0,0.0,,0.0,0.0,[],[],,[],False,1.5404566511278972e-11,,,0.0,0.0,0.019899450078475652,8.89919582615121e-17,True,False,frozen synthetic foreground mean NNLS; production labels only for comparison,"raw postfit residual direction, constrained by NNLS KKT; not absorbed signal fraction",False,True,FP,0.002023325769656233,0.0,0.9172143916186604,0.8944634240203926,PE O-16:1_22:5,PE O-16:1_22:5,18,0.2222222222222222,0.5817807351331276,0.0,61,0,61,,FROZEN_CHANNEL_DETECTION_THRESHOLD_NOT_AVAILABLE,,0.0,0.0,,,0.0,candidate spectral contributions; arithmetic channel mean; all aliases,sum of unchanged b values on specified channels; no normalization,LIBRARY_SHARING_SUPPORT_NOT_VERIFIED_IDENTITY_DIAGNOSTIC
V58_MILD_CAL_R2_K125,131,PE 16:1_22:6,0.0003959881134257442,0.0003959881134257442,0.0,0.0,0.0,0.0,,0.0,0.0,[],[],,[],False,1.5404566511278972e-11,,,0.0,0.0,0.019899450078475652,8.89919582615121e-17,True,False,frozen synthetic foreground mean NNLS; production labels only for comparison,"raw postfit residual direction, constrained by NNLS KKT; not absorbed signal fraction",False,False,UNREPORTED_NONTRUTH,1.5525147083613008e-05,,0.9234151828205017,0.8630897869781091,PG 16:1_22:6,PG 16:1_22:6,27,0.23478260869565218,0.7672616379184845,0.0,61,0,61,,FROZEN_CHANNEL_DETECTION_THRESHOLD_NOT_AVAILABLE,,0.0,0.0,,,0.0,candidate spectral contributions; arithmetic channel mean; all aliases,sum of unchanged b values on specified channels; no normalization,LIBRARY_SHARING_SUPPORT_NOT_VERIFIED_IDENTITY_DIAGNOSTIC
V58_MILD_CAL_R2_K125,132,PE 18:0_20:0,0.0003959881134257442,0.0004578890126927756,6.190089926703138e-05,0.15632009399271768,0.026868643324572537,0.23127170419237475,PA 20:0_20:0,0.021496866567507156,0.09295069901648166,"[""PA 20:0_20:0"", ""PE 16:0_22:3"", ""PE 18:0_22:3"", ""PE 20:1_20:2"", ""PE O-16:1_22:4""]","[0.021496866567507156, 0.010432486494634366, 0.010316476487653268, 0.006955161308896543, 0.006837742933129602]",PA 20:0_20:0,"[""PA 20:0_20:0""]",True,1.5404566511278972e-11,-1.9443238504921298e-15,0.0030074883906292343,0.4994785023396486,1.2061506380111675,0.0213983413537773,0.007660599519413931,True,True,frozen synthetic foreground mean NNLS; production labels only for comparison,"raw postfit residual direction, constrained by NNLS KKT; not absorbed signal fraction",True,True,TP,0.024142711019799076,0.00018184137078508118,0.7562162034179577,0.4632758232616803,PG 18:0_18:0,PG 18:0_18:0,16,0.14953271028037382,0.5313555513096964,0.0,64,0,64,,FROZEN_CHANNEL_DETECTION_THRESHOLD_NOT_AVAILABLE,,0.06447600317045835,0.21037452458617253,,,0.0,candidate spectral contributions; arithmetic channel mean; all aliases,sum of unchanged b values on specified channels; no normalization,LIBRARY_SHARING_SUPPORT_NOT_VERIFIED_IDENTITY_DIAGNOSTIC
V58_MILD_CAL_R2_K125,133,PE 18:0_20:1,0.0003959881134257442,0.0003959881134257442,0.0,0.0,0.0,0.0,,0.0,0.0,[],[],,[],False,1.5404566511278972e-11,,,0.0,0.0,0.019899450078475652,8.89919582615121e-17,True,False,frozen synthetic foreground mean NNLS; production labels only for comparison,"raw postfit residual direction, constrained by NNLS KKT; not absorbed signal fraction",False,False,UNREPORTED_NONTRUTH,8.495919729246777e-05,,0.9005810906900547,0.770057669652371,PE 17:0_20:1,PE O-18:0_20:1,12,0.15,0.6788285916998792,0.0,65,0,65,,FROZEN_CHANNEL_DETECTION_THRESHOLD_NOT_AVAILABLE,,0.0,0.0,,,0.0,candidate spectral contributions; arithmetic channel mean; all aliases,sum of unchanged b values on specified channels; no normalization,LIBRARY_SHARING_SUPPORT_NOT_VERIFIED_IDENTITY_DIAGNOSTIC
V58_MILD_CAL_R2_K125,134,PE 18:0_20:2,0.0003959881134257442,0.0003959881134257442,0.0,0.0,0.0,0.0,,0.0,0.0,[],[],,[],False,1.5404566511278972e-11,,,0.0,0.0,0.019899450078475652,8.89919582615121e-17,True,False,frozen synthetic foreground mean NNLS; production labels only for comparison,"raw postfit residual direction, constrained by NNLS KKT; not absorbed signal fraction",False,False,UNREPORTED_NONTRUTH,8.443750993932294e-05,,0.944865604745013,0.8670718082847534,PE 20:2_20:2,PE 20:2_20:2,29,0.453125,0.8329701449277939,0.0,64,0,64,,FROZEN_CHANNEL_DETECTION_THRESHOLD_NOT_AVAILABLE,,0.0,0.0,,,0.0,candidate spectral contributions; arithmetic channel mean; all aliases,sum of unchanged b values on specified channels; no normalization,LIBRARY_SHARING_SUPPORT_NOT_VERIFIED_IDENTITY_DIAGNOSTIC
V58_MILD_CAL_R2_K125,135,PE 18:0_20:3,0.0003959881134257442,0.0003959881134257442,0.0,0.0,0.0,0.0,,0.0,0.0,[],[],,[],False,1.5404566511278972e-11,,,0.0,0.0,0.019899450078475652,8.89919582615121e-17,True,False,frozen synthetic foreground mean NNLS; production labels only for comparison,"raw postfit residual direction, constrained by NNLS KKT; not absorbed signal fraction",False,False,UNREPORTED_NONTRUTH,0.0005893100896326349,,0.9433762539768672,0.9013381978885371,PE 20:3_20:3,PE 20:3_20:3,29,0.453125,0.8827287693337396,0.0,64,0,64,,FROZEN_CHANNEL_DETECTION_THRESHOLD_NOT_AVAILABLE,,0.0,0.0,,,0.0,candidate spectral contributions; arithmetic channel mean; all aliases,sum of unchanged b values on specified channels; no normalization,LIBRARY_SHARING_SUPPORT_NOT_VERIFIED_IDENTITY_DIAGNOSTIC
V58_MILD_CAL_R2_K125,136,PE 18:0_20:4,0.0003959881134257442,0.0003976500365483294,1.6619231225851777e-06,0.004196901528206907,0.03028175120769844,0.2023907406482328,PE 18:0_22:3,0.0214061501000368,0.10576644974651386,"[""PE 18:0_22:3"", ""PG 16:0_20:3"", ""PE O-16:0_22:2"", ""PE 20:1_18:3"", ""PE 18:2_20:4""]","[0.0214061501000368, 0.02021538663553734, 0.014394864254774173, 0.01253037402823151, 0.010030052734709725]",PE 18:0_22:3,"[""PE 18:0_22:3""]",True,1.5404566511278972e-11,4.625234959405875e-15,0.00918033971450764,0.5541481804560144,1.1806749675493122,0.01994116437293292,0.0009368355674327886,True,True,frozen synthetic foreground mean NNLS; production labels only for comparison,"raw postfit residual direction, constrained by NNLS KKT; not absorbed signal fraction",True,True,TP,0.017149121689931043,4.88209997477929e-06,0.9143115935718319,0.9094018148480508,PE 20:4_20:4,PE 20:4_20:4,43,0.5512820512820513,0.9916122287448124,0.0,78,0,78,,FROZEN_CHANNEL_DETECTION_THRESHOLD_NOT_AVAILABLE,,0.05060921293919813,0.24367619266403134,,,0.0,candidate spectral contributions; arithmetic channel mean; all aliases,sum of unchanged b values on specified channels; no normalization,LIBRARY_SHARING_SUPPORT_NOT_VERIFIED_IDENTITY_DIAGNOSTIC
V58_MILD_CAL_R2_K125,137,PE 18:0_20:5,0.0003959881134257442,0.0003959881134257442,0.0,0.0,0.0,0.0,,0.0,0.0,[],[],,[],False,1.5404566511278972e-11,,,0.0,0.0,0.019899450078475652,8.89919582615121e-17,True,False,frozen synthetic foreground mean NNLS; production labels only for comparison,"raw postfit residual direction, constrained by NNLS KKT; not absorbed signal fraction",False,False,UNREPORTED_NONTRUTH,9.069253726051341e-05,,0.6681402722839712,0.8465430942906492,PE 20:0_20:5,PG 18:0_20:5,32,0.2302158273381295,0.9325331555375765,0.0,75,0,75,,FROZEN_CHANNEL_DETECTION_THRESHOLD_NOT_AVAILABLE,,0.0,0.0,,,0.0,candidate spectral contributions; arithmetic channel mean; all aliases,sum of unchanged b values on specified channels; no normalization,LIBRARY_SHARING_SUPPORT_NOT_VERIFIED_IDENTITY_DIAGNOSTIC
V58_MILD_CAL_R2_K125,138,PE 18:0_22:3,0.0003959881134257442,0.0003959881134257442,0.0,0.0,0.0,0.0,,0.0,0.0,[],[],,[],False,1.5404566511278972e-11,,,0.0,0.0,0.019899450078475652,8.89919582615121e-17,True,False,frozen synthetic foreground mean NNLS; production labels only for comparison,"raw postfit residual direction, constrained by NNLS KKT; not absorbed signal fraction",True,True,TP,0.02259035014616794,0.0,0.9625813134347496,0.9616110938773339,PE O-18:2_22:3,PE O-18:2_22:3,19,0.25675675675675674,0.890251714623514,0.0,62,0,62,,FROZEN_CHANNEL_DETECTION_THRESHOLD_NOT_AVAILABLE,,0.0,0.0,,,0.0,candidate spectral contributions; arithmetic channel mean; all aliases,sum of unchanged b values on specified channels; no normalization,LIBRARY_SHARING_SUPPORT_NOT_VERIFIED_IDENTITY_DIAGNOSTIC
V58_MILD_CAL_R2_K125,139,PE 18:0_22:4,0.0003959881134257442,0.0003959881134257442,0.0,0.0,0.0,0.0,,0.0,0.0,[],[],,[],False,1.5404566511278972e-11,,,0.0,0.0,0.019899450078475652,8.89919582615121e-17,True,False,frozen synthetic foreground mean NNLS; production labels only for comparison,"raw postfit residual direction, constrained by NNLS KKT; not absorbed signal fraction",True,True,TP,0.010624105582770634,1.2739899522456913e-18,0.9476228638107285,0.9520707418768032,PE O-16:1_22:4,PE O-16:1_22:4,15,0.16853932584269662,0.8962155926522577,0.0,67,0,67,,FROZEN_CHANNEL_DETECTION_THRESHOLD_NOT_AVAILABLE,,0.0,0.0,,,0.0,candidate spectral contributions; arithmetic channel mean; all aliases,sum of unchanged b values on specified channels; no normalization,LIBRARY_SHARING_SUPPORT_NOT_VERIFIED_IDENTITY_DIAGNOSTIC
V58_MILD_CAL_R2_K125,140,PE 18:0_22:5,0.0003959881134257442,0.0003971492889913855,1.1611755656413007e-06,0.002932349541160394,0.023561018516399645,0.17146277621771788,PE 20:2_20:2,0.014400328288951148,0.08398515763317685,"[""PE 20:2_20:2"", ""PE 20:1_20:4"", ""PE 18:0_22:3"", ""PE 18:2_20:4"", ""PE 18:1_22:5""]","[0.014400328288951148, 0.014136928806736244, 0.011411915683433348, 0.009024443857878466, 0.007892566844976185]",PE 20:2_20:2,"[""PE 20:2_20:2""]",True,1.5404566511278972e-11,-5.150813908327739e-15,9.255967449085931e-14,0.4591391533117332,1.0782963608617828,0.019928604792894693,0.0008290629501346088,True,True,frozen synthetic foreground mean NNLS; production labels only for comparison,"raw postfit residual direction, constrained by NNLS KKT; not absorbed signal fraction",True,True,TP,0.023531446275260562,3.4110935233340793e-06,0.9018529081806056,0.9424145257292422,PE O-16:1_22:5,PE O-16:1_22:5,16,0.1951219512195122,0.7983269988923122,0.0,60,0,60,,FROZEN_CHANNEL_DETECTION_THRESHOLD_NOT_AVAILABLE,,0.08839245367134649,0.9117765421078257,,,0.0,candidate spectral contributions; arithmetic channel mean; all aliases,sum of unchanged b values on specified channels; no normalization,LIBRARY_SHARING_SUPPORT_NOT_VERIFIED_IDENTITY_DIAGNOSTIC
V58_MILD_CAL_R2_K125,141,PE 18:0_22:6,0.0003959881134257442,0.0004015670297144218,5.578916288677589e-06,0.01408859530233135,0.02955930445988105,0.29102206817391496,PE 18:0_22:3,0.029917994880442143,0.10280318282412979,"[""PE 18:0_22:3"", ""PE 18:2_22:6"", ""PE 20:2_20:4"", ""PG 16:0_20:3"", ""PE 18:0_22:4""]","[0.029917994880442143, 0.023273557305656122, 0.02071448711941945, 0.019107381564506448, 0.018817688046761222]",PE 18:0_22:3,"[""PE 18:0_22:3""]",True,1.5404566511278972e-11,8.526150902441818e-15,0.004778656609522562,0.3541507042723881,1.0930669002084252,0.020039137449361984,0.0017997670627783568,True,True,frozen synthetic foreground mean NNLS; production labels only for comparison,"raw postfit residual direction, constrained by NNLS KKT; not absorbed signal fraction",True,True,TP,0.01865049600524839,1.6388740671636097e-05,0.8004891671256121,0.8938322931075502,PE O-18:3_22:6,PE O-18:3_22:6,24,0.3333333333333333,0.735543726017389,0.0,54,0,54,,FROZEN_CHANNEL_DETECTION_THRESHOLD_NOT_AVAILABLE,,0.11192613858180987,0.44350850211299386,,,0.0,candidate spectral contributions; arithmetic channel mean; all aliases,sum of unchanged b values on specified channels; no normalization,LIBRARY_SHARING_SUPPORT_NOT_VERIFIED_IDENTITY_DIAGNOSTIC
V58_MILD_CAL_R2_K125,142,PE 20:0_18:1,0.0003959881134257442,0.0003959881134257442,0.0,0.0,0.0,0.0,,0.0,0.0,[],[],,[],False,1.5404566511278972e-11,,,0.0,0.0,0.019899450078475652,8.89919582615121e-17,True,False,frozen synthetic foreground mean NNLS; production labels only for comparison,"raw postfit residual direction, constrained by NNLS KKT; not absorbed signal fraction",False,False,UNREPORTED_NONTRUTH,7.040483624133108e-08,,0.7397008766148907,0.40456453174487916,PG 18:0_18:1,PA 18:1_24:6,25,0.1984126984126984,0.5947484610802893,0.0,70,0,70,,FROZEN_CHANNEL_DETECTION_THRESHOLD_NOT_AVAILABLE,,0.0,0.0,,,0.0,candidate spectral contributions; arithmetic channel mean; all aliases,sum of unchanged b values on specified channels; no normalization,LIBRARY_SHARING_SUPPORT_NOT_VERIFIED_IDENTITY_DIAGNOSTIC
V58_MILD_CAL_R2_K125,143,PE 18:1_20:1,0.0003959881134257442,0.0003959881134257442,0.0,0.0,0.0,0.0,,0.0,0.0,[],[],,[],False,1.5404566511278972e-11,,,0.0,0.0,0.019899450078475652,8.89919582615121e-17,True,False,frozen synthetic foreground mean NNLS; production labels only for comparison,"raw postfit residual direction, constrained by NNLS KKT; not absorbed signal fraction",False,False,UNREPORTED_NONTRUTH,2.337027055591198e-07,,0.7393804801889358,0.5887676905259149,PE 18:0_20:1,PE 18:0_20:1,51,0.6,0.7422215014704723,0.0,71,0,71,,FROZEN_CHANNEL_DETECTION_THRESHOLD_NOT_AVAILABLE,,0.0,0.0,,,0.0,candidate spectral contributions; arithmetic channel mean; all aliases,sum of unchanged b values on specified channels; no normalization,LIBRARY_SHARING_SUPPORT_NOT_VERIFIED_IDENTITY_DIAGNOSTIC
V58_MILD_CAL_R2_K125,144,PE 18:1_20:2,0.0003959881134257442,0.0003959881134257442,0.0,0.0,0.0,0.0,,0.0,0.0,[],[],,[],False,1.5404566511278972e-11,,,0.0,0.0,0.019899450078475652,8.89919582615121e-17,True,False,frozen synthetic foreground mean NNLS; production labels only for comparison,"raw postfit residual direction, constrained by NNLS KKT; not absorbed signal fraction",False,True,FP,0.001912120751107778,0.0,0.8989316198417772,0.8178587473517969,PE 20:2_20:2,PE 20:2_20:2,29,0.4142857142857143,0.8963630546983868,0.0,70,0,70,,FROZEN_CHANNEL_DETECTION_THRESHOLD_NOT_AVAILABLE,,0.0,0.0,,,0.0,candidate spectral contributions; arithmetic channel mean; all aliases,sum of unchanged b values on specified channels; no normalization,LIBRARY_SHARING_SUPPORT_NOT_VERIFIED_IDENTITY_DIAGNOSTIC
V58_MILD_CAL_R2_K125,145,PE 18:1_20:3,0.0003959881134257442,0.0003959881134257442,0.0,0.0,0.0,0.0,,0.0,0.0,[],[],,[],False,1.5404566511278972e-11,,,0.0,0.0,0.019899450078475652,8.89919582615121e-17,True,False,frozen synthetic foreground mean NNLS; production labels only for comparison,"raw postfit residual direction, constrained by NNLS KKT; not absorbed signal fraction",True,True,TP,0.0052186932894779684,0.0,0.9200954107015011,0.8858775104951851,PE 20:3_20:3,PE 20:3_20:3,29,0.4142857142857143,0.9461216791043326,0.0,70,0,70,,FROZEN_CHANNEL_DETECTION_THRESHOLD_NOT_AVAILABLE,,0.0,0.0,,,0.0,candidate spectral contributions; arithmetic channel mean; all aliases,sum of unchanged b values on specified channels; no normalization,LIBRARY_SHARING_SUPPORT_NOT_VERIFIED_IDENTITY_DIAGNOSTIC
V58_MILD_CAL_R2_K125,146,PE 18:1_20:4,0.0003959881134257442,0.00039601264544643583,2.4532020691605833e-08,6.195140661527628e-05,0.000817796295503013,0.005374571018408925,PE 18:1_22:3,0.0013723302380188266,0.255337632168781,"[""PE 18:1_22:3"", ""PE O-16:0_22:2"", ""PE 18:2_20:4"", ""PE O-16:1_22:4"", ""PE O-18:0_20:3""]","[0.0013723302380188266, 0.0006442911523703247, 0.0005543511497727062, 0.00037275880884361096, 0.00017512675136592375]",PE 18:1_22:3,"[""PE 18:1_22:3""]",True,1.5404566511278972e-11,-7.368915951836418e-16,1.897395492274713e-13,0.4885843155599453,1.209231521015417,0.019900066468392402,0.00015662701137256565,True,True,frozen synthetic foreground mean NNLS; production labels only for comparison,"raw postfit residual direction, constrained by NNLS KKT; not absorbed signal fraction",False,False,UNREPORTED_NONTRUTH,4.474412895799767e-05,,0.9055947706552475,0.898209478907366,PE 20:4_20:4,PE 20:4_20:4,43,0.5180722891566265,1.054989556437679,0.0,83,0,83,,FROZEN_CHANNEL_DETECTION_THRESHOLD_NOT_AVAILABLE,,0.0034422126112920544,0.07901877558047128,,,0.0,candidate spectral contributions; arithmetic channel mean; all aliases,sum of unchanged b values on specified channels; no normalization,LIBRARY_SHARING_SUPPORT_NOT_VERIFIED_IDENTITY_DIAGNOSTIC
V58_MILD_CAL_R2_K125,147,PE 18:1_20:5,0.0003959881134257442,0.0003960315003679476,4.338694220340283e-08,0.00010956627389264422,0.002646509905074116,0.04201260290725116,PE 18:2_20:4,0.007895449257642587,0.18793049492517738,"[""PE 18:2_20:4"", ""PE 18:1_22:3"", ""PE 20:2_20:2"", ""PG 16:0_20:3"", ""PE 18:0_22:6""]","[0.007895449257642587, 0.00499851517029239, 0.002601410492203686, 0.0022405155455512537, 0.0021025850734808227]",PE 18:2_20:4,"[""PE 18:2_20:4""]",True,1.5404566511278972e-11,-4.617523714142166e-15,8.167416569355999e-14,0.2126584083121543,1.127655279201158,0.019900540202917802,0.00019653854025236515,True,True,frozen synthetic foreground mean NNLS; production labels only for comparison,"raw postfit residual direction, constrained by NNLS KKT; not absorbed signal fraction",False,False,UNREPORTED_NONTRUTH,3.433212180208334e-07,,0.7719148346762996,0.7980834482323873,PE 20:0_20:5,PG 18:1_20:5,32,0.2222222222222222,0.9959104832304428,0.0,80,0,80,,FROZEN_CHANNEL_DETECTION_THRESHOLD_NOT_AVAILABLE,,0.014215009214437458,0.28862239800043343,,,0.0,candidate spectral contributions; arithmetic channel mean; all aliases,sum of unchanged b values on specified channels; no normalization,LIBRARY_SHARING_SUPPORT_NOT_VERIFIED_IDENTITY_DIAGNOSTIC
V58_MILD_CAL_R2_K125,148,PE 18:1_22:2,0.0003959881134257442,0.0003959881134257442,0.0,0.0,0.0,0.0,,0.0,0.0,[],[],,[],False,1.5404566511278972e-11,,,0.0,0.0,0.019899450078475652,8.89919582615121e-17,True,False,frozen synthetic foreground mean NNLS; production labels only for comparison,"raw postfit residual direction, constrained by NNLS KKT; not absorbed signal fraction",False,True,FP,0.0018780141243344927,0.0,0.9149312578645731,0.9324379054215631,PE O-18:2_22:2,PE O-18:2_22:2,13,0.1511627906976744,0.828272295019724,0.0,68,0,68,,FROZEN_CHANNEL_DETECTION_THRESHOLD_NOT_AVAILABLE,,0.0,0.0,,,0.0,candidate spectral contributions; arithmetic channel mean; all aliases,sum of unchanged b values on specified channels; no normalization,LIBRARY_SHARING_SUPPORT_NOT_VERIFIED_IDENTITY_DIAGNOSTIC
V58_MILD_CAL_R2_K125,149,PE 18:1_22:3,0.0003959881134257442,0.000396019336262375,3.1222836630766856e-08,7.884791359469394e-05,0.008251761627794488,0.030695148604529696,PE O-16:1_22:3,0.003163369372436088,0.10305763340941151,"[""PE O-16:1_22:3"", ""PE 18:2_22:3"", ""PE 18:1_22:5"", ""PG 17:0_20:3"", ""PE O-18:1_22:2""]","[0.003163369372436088, 0.003089350926646816, 0.0024985941480738143, 0.0020546772630045083, 0.0019184723226909825]",PE O-16:1_22:3,"[""PE O-16:1_22:3""]",True,1.5404566511278972e-11,-3.694774883187971e-15,-2.922477123036149e-13,0.7520886208557602,1.031636467808488,0.019900234578074077,0.00012191373598062762,True,True,frozen synthetic foreground mean NNLS; production labels only for comparison,"raw postfit residual direction, constrained by NNLS KKT; not absorbed signal fraction",False,True,FP,0.0016855489362411025,9.17208551075405e-08,0.96049448520677,0.9649614058679783,PE O-18:2_22:3,PE O-18:3_22:3,20,0.25316455696202533,0.9536446243941069,0.0,68,0,68,,FROZEN_CHANNEL_DETECTION_THRESHOLD_NOT_AVAILABLE,,0.03338015183687868,0.5228453486145338,,,0.0,candidate spectral contributions; arithmetic channel mean; all aliases,sum of unchanged b values on specified channels; no normalization,LIBRARY_SHARING_SUPPORT_NOT_VERIFIED_IDENTITY_DIAGNOSTIC
V58_MILD_CAL_R2_K125,150,PE 18:1_22:4,0.0003959881134257442,0.0003959881134257442,0.0,0.0,0.0,0.0,,0.0,0.0,[],[],,[],False,1.5404566511278972e-11,,,0.0,0.0,0.019899450078475652,8.89919582615121e-17,True,False,frozen synthetic foreground mean NNLS; production labels only for comparison,"raw postfit residual direction, constrained by NNLS KKT; not absorbed signal fraction",False,False,UNREPORTED_NONTRUTH,0.0,,0.9692319388258032,0.9712696523519041,PE O-18:3_22:4,PE O-18:3_22:4,27,0.313953488372093,0.9650166603837393,0.0,75,0,75,,FROZEN_CHANNEL_DETECTION_THRESHOLD_NOT_AVAILABLE,,0.0,0.0,,,0.0,candidate spectral contributions; arithmetic channel mean; all aliases,sum of unchanged b values on specified channels; no normalization,LIBRARY_SHARING_SUPPORT_NOT_VERIFIED_IDENTITY_DIAGNOSTIC
V58_MILD_CAL_R2_K125,151,PE 18:1_22:5,0.0003959881134257442,0.0003959881134257442,0.0,0.0,0.0,0.0,,0.0,0.0,[],[],,[],False,1.5404566511278972e-11,,,0.0,0.0,0.019899450078475652,8.89919582615121e-17,True,False,frozen synthetic foreground mean NNLS; production labels only for comparison,"raw postfit residual direction, constrained by NNLS KKT; not absorbed signal fraction",False,False,UNREPORTED_NONTRUTH,0.0,,0.9143053177533881,0.941797939506754,PE O-16:1_22:5,PE O-16:1_22:5,16,0.17204301075268819,0.8711560993652021,0.0,71,0,71,,FROZEN_CHANNEL_DETECTION_THRESHOLD_NOT_AVAILABLE,,0.0,0.0,,,0.0,candidate spectral contributions; arithmetic channel mean; all aliases,sum of unchanged b values on specified channels; no normalization,LIBRARY_SHARING_SUPPORT_NOT_VERIFIED_IDENTITY_DIAGNOSTIC
V58_MILD_CAL_R2_K125,152,PE 18:1_22:6,0.0003959881134257442,0.0003959881134257442,0.0,0.0,0.0,0.0,,0.0,0.0,[],[],,[],False,1.5404566511278972e-11,,,0.0,0.0,0.019899450078475652,8.89919582615121e-17,True,False,frozen synthetic foreground mean NNLS; production labels only for comparison,"raw postfit residual direction, constrained by NNLS KKT; not absorbed signal fraction",False,True,FP,0.004891254735036842,0.0,0.7760340770949741,0.8792651317105027,PE 18:0_22:6,PE O-18:3_22:6,31,0.40789473684210525,0.8083728264902792,0.0,65,0,65,,FROZEN_CHANNEL_DETECTION_THRESHOLD_NOT_AVAILABLE,,0.0,0.0,,,0.0,candidate spectral contributions; arithmetic channel mean; all aliases,sum of unchanged b values on specified channels; no normalization,LIBRARY_SHARING_SUPPORT_NOT_VERIFIED_IDENTITY_DIAGNOSTIC
V58_MILD_CAL_R2_K125,153,PE 20:0_18:2,0.0003959881134257442,0.0003959881134257442,0.0,0.0,0.0,0.0,,0.0,0.0,[],[],,[],False,1.5404566511278972e-11,,,0.0,0.0,0.019899450078475652,8.89919582615121e-17,True,False,frozen synthetic foreground mean NNLS; production labels only for comparison,"raw postfit residual direction, constrained by NNLS KKT; not absorbed signal fraction",False,False,UNREPORTED_NONTRUTH,2.584631481332754e-07,,0.8058240174585584,0.7111086146136829,PE 20:1_18:2,PE O-20:1_18:2,20,0.24390243902439024,0.7183610969851502,0.0,69,0,69,,FROZEN_CHANNEL_DETECTION_THRESHOLD_NOT_AVAILABLE,,0.0,0.0,,,0.0,candidate spectral contributions; arithmetic channel mean; all aliases,sum of unchanged b values on specified channels; no normalization,LIBRARY_SHARING_SUPPORT_NOT_VERIFIED_IDENTITY_DIAGNOSTIC
V58_MILD_CAL_R2_K125,154,PE 20:1_18:2,0.0003959881134257442,0.00039611060089535005,1.2248746960582873e-07,0.00030932107592031684,0.005659073381267533,0.05960460717326985,PG 18:0_18:2,0.005030666569113468,0.0844006328974702,"[""PG 18:0_18:2"", ""PE 20:0_18:3"", ""PE 16:0_22:3"", ""PE 20:1_20:3"", ""PE 20:2_20:2""]","[0.005030666569113468, 0.004854867685357343, 0.00319003260225243, 0.0028300465238620645, 0.0028131946981112812]",PG 18:0_18:2,"[""PG 18:0_18:2""]",True,1.5404566511278972e-11,3.1862588256741176e-15,3.3215191785227356e-13,0.4262945040305074,1.2794706307863954,0.019902527500178204,0.00027767152388110793,True,True,frozen synthetic foreground mean NNLS; production labels only for comparison,"raw postfit residual direction, constrained by NNLS KKT; not absorbed signal fraction",False,True,FP,0.002022538464238544,3.598217415379927e-07,0.7708509809394489,0.7111086146136829,PE 20:0_18:2,PE 20:0_18:2,56,0.6746987951807228,0.865834137375333,0.0,70,0,70,,FROZEN_CHANNEL_DETECTION_THRESHOLD_NOT_AVAILABLE,,0.014937554848720062,0.14990359863195235,,,0.0,candidate spectral contributions; arithmetic channel mean; all aliases,sum of unchanged b values on specified channels; no normalization,LIBRARY_SHARING_SUPPORT_NOT_VERIFIED_IDENTITY_DIAGNOSTIC
V58_MILD_CAL_R2_K125,155,PE 18:2_20:2,0.0003959881134257442,0.0003959881134257442,0.0,0.0,0.0,0.0,,0.0,0.0,[],[],,[],False,1.5404566511278972e-11,,,0.0,0.0,0.019899450078475652,8.89919582615121e-17,True,False,frozen synthetic foreground mean NNLS; production labels only for comparison,"raw postfit residual direction, constrained by NNLS KKT; not absorbed signal fraction",False,True,FP,0.006474786746419754,0.0,0.7430427114571334,0.6270382723264182,PE O-20:1_18:2,PE 20:2_20:2,29,0.42028985507246375,1.0199756906032476,0.0,69,0,69,,FROZEN_CHANNEL_DETECTION_THRESHOLD_NOT_AVAILABLE,,0.0,0.0,,,0.0,candidate spectral contributions; arithmetic channel mean; all aliases,sum of unchanged b values on specified channels; no normalization,LIBRARY_SHARING_SUPPORT_NOT_VERIFIED_IDENTITY_DIAGNOSTIC
V58_MILD_CAL_R2_K125,156,PE 18:2_20:3,0.0003959881134257442,0.0003959881134257442,0.0,0.0,0.0,0.0,,0.0,0.0,[],[],,[],False,1.5404566511278972e-11,,,0.0,0.0,0.019899450078475652,8.89919582615121e-17,True,False,frozen synthetic foreground mean NNLS; production labels only for comparison,"raw postfit residual direction, constrained by NNLS KKT; not absorbed signal fraction",False,False,UNREPORTED_NONTRUTH,0.0006453335656955584,,0.7427822075775392,0.649715316399719,PE 20:3_20:3,PE 20:3_20:3,29,0.42028985507246375,1.0697343150091934,0.0,69,0,69,,FROZEN_CHANNEL_DETECTION_THRESHOLD_NOT_AVAILABLE,,0.0,0.0,,,0.0,candidate spectral contributions; arithmetic channel mean; all aliases,sum of unchanged b values on specified channels; no normalization,LIBRARY_SHARING_SUPPORT_NOT_VERIFIED_IDENTITY_DIAGNOSTIC
V58_MILD_CAL_R2_K125,157,PE 18:2_20:4,0.0003959881134257442,0.0003961974425890723,2.0932916332808875e-07,0.000528624864490326,0.016796688730819853,0.08846632563452858,PE 20:2_20:4,0.006328943143149074,0.07154070317358512,"[""PE 20:2_20:4"", ""PE 18:2_22:3"", ""PE O-18:1_22:2"", ""PE 18:1_20:5"", ""PE 18:2_22:6""]","[0.006328943143149074, 0.005904683576754766, 0.005505459485445889, 0.0051629801232849475, 0.00504573067438736]",PE 20:2_20:4,"[""PE 20:2_20:4""]",True,1.5404566511278972e-11,-4.269057388722281e-15,1.273940250131223e-13,0.7100995971458991,1.2687219163866041,0.019904709055624803,0.0004412457402293913,True,True,frozen synthetic foreground mean NNLS; production labels only for comparison,"raw postfit residual direction, constrained by NNLS KKT; not absorbed signal fraction",False,True,FP,0.009183873831292445,6.149297095135524e-07,0.9130395184901428,0.8952237166020803,PE 20:4_20:4,PE 20:4_20:4,43,0.5180722891566265,1.1786177744202662,0.0,83,0,83,,FROZEN_CHANNEL_DETECTION_THRESHOLD_NOT_AVAILABLE,,0.02838805592334722,0.20818219676270402,,,0.0,candidate spectral contributions; arithmetic channel mean; all aliases,sum of unchanged b values on specified channels; no normalization,LIBRARY_SHARING_SUPPORT_NOT_VERIFIED_IDENTITY_DIAGNOSTIC
V58_MILD_CAL_R2_K125,158,PE 18:2_20:5,0.0003959881134257442,0.0003959881134257442,0.0,0.0,0.0,0.0,,0.0,0.0,[],[],,[],False,1.5404566511278972e-11,,,0.0,0.0,0.019899450078475652,8.89919582615121e-17,True,False,frozen synthetic foreground mean NNLS; production labels only for comparison,"raw postfit residual direction, constrained by NNLS KKT; not absorbed signal fraction",False,False,UNREPORTED_NONTRUTH,0.0006116696163535554,,0.8063714209141534,0.7680906791331871,PE 20:0_20:5,PG 18:2_20:5,31,0.2246376811594203,1.118870244440655,0.0,80,0,80,,FROZEN_CHANNEL_DETECTION_THRESHOLD_NOT_AVAILABLE,,0.0,0.0,,,0.0,candidate spectral contributions; arithmetic channel mean; all aliases,sum of unchanged b values on specified channels; no normalization,LIBRARY_SHARING_SUPPORT_NOT_VERIFIED_IDENTITY_DIAGNOSTIC
V58_MILD_CAL_R2_K125,159,PE 22:1_18:2,0.0003959881134257442,0.0004162170864447712,2.022897301902696e-05,0.05108479846260715,0.04106386631328776,0.44186573176264204,PE 20:0_20:3,0.05055429651243308,0.11441099157124733,"[""PE 20:0_20:3"", ""PE 18:0_22:3"", ""PE O-16:1_22:2"", ""PE 18:0_22:4"", ""PE O-20:0_18:2""]","[0.05055429651243308, 0.0453867743783726, 0.021941195149442906, 0.021039662796218953, 0.01777306815817654]",PE 20:0_20:3,"[""PE 20:0_20:3""]",True,1.5404566511278972e-11,-7.094659983873383e-16,0.007452367926025035,0.426494681618468,1.3652058016016488,0.020401399129588417,0.003877512973425256,True,True,frozen synthetic foreground mean NNLS; production labels only for comparison,"raw postfit residual direction, constrained by NNLS KKT; not absorbed signal fraction",True,True,TP,0.03650245030902381,5.942505241298597e-05,0.6735070402770302,0.5718379075976621,PE O-20:1_18:2,PE O-20:1_18:2,16,0.19753086419753085,0.7364492867614368,0.0,64,0,64,,FROZEN_CHANNEL_DETECTION_THRESHOLD_NOT_AVAILABLE,,0.13427321394550956,0.6807976374817087,,,0.0,candidate spectral contributions; arithmetic channel mean; all aliases,sum of unchanged b values on specified channels; no normalization,LIBRARY_SHARING_SUPPORT_NOT_VERIFIED_IDENTITY_DIAGNOSTIC
V58_MILD_CAL_R2_K125,160,PE 18:2_22:2,0.0003959881134257442,0.0003961063392202263,1.1822579448208474e-07,0.00029855894703691784,0.009564792362757429,0.04169525002968193,PE 18:1_22:2,0.008452424267103699,0.20271911694698763,"[""PE 18:1_22:2"", ""PE 18:2_20:4"", ""PE 18:2_22:3"", ""PE 20:2_20:2"", ""PE 18:1_22:5""]","[0.008452424267103699, 0.0041923173458536765, 0.003468252436786917, 0.002313909819597346, 0.0017163588934400462]",PE 18:1_22:2,"[""PE 18:1_22:2""]",True,1.5404566511278972e-11,-8.784230141557352e-15,0.015743668458710936,0.7706307484521023,1.3491472249753802,0.019902420436223985,0.00022839788240484454,True,True,frozen synthetic foreground mean NNLS; production labels only for comparison,"raw postfit residual direction, constrained by NNLS KKT; not absorbed signal fraction",False,True,FP,0.01284368434088003,3.4730255594522566e-07,0.9005744435632822,0.8803024848632999,PE O-18:2_22:2,PE O-18:2_22:2,10,0.11363636363636363,0.9518849309245848,0.0,67,0,67,,FROZEN_CHANNEL_DETECTION_THRESHOLD_NOT_AVAILABLE,,0.048060144910835885,0.4593937022129652,,,0.0,candidate spectral contributions; arithmetic channel mean; all aliases,sum of unchanged b values on specified channels; no normalization,LIBRARY_SHARING_SUPPORT_NOT_VERIFIED_IDENTITY_DIAGNOSTIC
V58_MILD_CAL_R2_K125,161,PE 18:2_22:3,0.0003959881134257442,0.00039665641787659276,6.683044508485388e-07,0.0016876881565440506,0.01980597192938841,0.07975453164203888,PE 18:2_20:4,0.009050164373709802,0.11347523692090687,"[""PE 18:2_20:4"", ""PE 18:1_22:3"", ""PE 16:0_22:3"", ""PE O-16:0_22:4"", ""PG 16:0_20:3""]","[0.009050164373709802, 0.007772769645270071, 0.007633307764040068, 0.006530956115078166, 0.005325688543496599]",PE 18:2_20:4,"[""PE 18:2_20:4""]",True,1.5404566511278972e-11,-5.004276326746242e-15,1.0644328322953042e-14,0.7679256901193227,1.1125858807161682,0.019916235032671026,0.0007809587492509035,True,True,frozen synthetic foreground mean NNLS; production labels only for comparison,"raw postfit residual direction, constrained by NNLS KKT; not absorbed signal fraction",True,True,TP,0.022212348625050456,1.96322507238297e-06,0.8792924009868954,0.8472384559027981,PE O-18:2_22:3,PE O-18:2_22:3,10,0.11363636363636363,1.0772572602989676,0.0,67,0,67,,FROZEN_CHANNEL_DETECTION_THRESHOLD_NOT_AVAILABLE,,0.06255771065146286,0.5593926351190269,,,0.0,candidate spectral contributions; arithmetic channel mean; all aliases,sum of unchanged b values on specified channels; no normalization,LIBRARY_SHARING_SUPPORT_NOT_VERIFIED_IDENTITY_DIAGNOSTIC
V58_MILD_CAL_R2_K125,162,PE 18:2_22:4,0.0003959881134257442,0.0003959881134257442,0.0,0.0,0.0,0.0,,0.0,0.0,[],[],,[],False,1.5404566511278972e-11,,,0.0,0.0,0.019899450078475652,8.89919582615121e-17,True,False,frozen synthetic foreground mean NNLS; production labels only for comparison,"raw postfit residual direction, constrained by NNLS KKT; not absorbed signal fraction",True,True,TP,0.005428930441697795,0.0,0.9706434868327186,0.9603191410555775,PE O-16:1_22:4,PE O-16:1_22:4,15,0.15625,1.0886292962886,0.0,74,0,74,,FROZEN_CHANNEL_DETECTION_THRESHOLD_NOT_AVAILABLE,,0.0,0.0,,,0.0,candidate spectral contributions; arithmetic channel mean; all aliases,sum of unchanged b values on specified channels; no normalization,LIBRARY_SHARING_SUPPORT_NOT_VERIFIED_IDENTITY_DIAGNOSTIC
V58_MILD_CAL_R2_K125,163,PE 18:2_22:5,0.0003959881134257442,0.0003959881134257442,0.0,0.0,0.0,0.0,,0.0,0.0,[],[],,[],False,1.5404566511278972e-11,,,0.0,0.0,0.019899450078475652,8.89919582615121e-17,True,False,frozen synthetic foreground mean NNLS; production labels only for comparison,"raw postfit residual direction, constrained by NNLS KKT; not absorbed signal fraction",True,True,TP,0.010895098635131216,0.0,0.9254990815922643,0.9283602402436721,PE O-16:1_22:5,PE O-16:1_22:5,16,0.1702127659574468,1.015169955657022,0.0,72,0,72,,FROZEN_CHANNEL_DETECTION_THRESHOLD_NOT_AVAILABLE,,0.0,0.0,,,0.0,candidate spectral contributions; arithmetic channel mean; all aliases,sum of unchanged b values on specified channels; no normalization,LIBRARY_SHARING_SUPPORT_NOT_VERIFIED_IDENTITY_DIAGNOSTIC
V58_MILD_CAL_R2_K125,164,PE 18:2_22:6,0.0003959881134257442,0.00040439678180022434,8.408668374480116e-06,0.02123464838502599,0.029302869279130683,0.26922708611262325,PE 18:2_22:3,0.014693398082107335,0.0545762252015988,"[""PE 18:2_22:3"", ""PE 20:2_20:2"", ""PE 20:3_20:5"", ""PE O-16:0_22:2"", ""PE 18:2_20:4""]","[0.014693398082107335, 0.012291902530271494, 0.011879358843641809, 0.011320536608561601, 0.011280168874885785]",PE 18:2_22:3,"[""PE 18:2_22:3""]",True,1.5404566511278972e-11,-8.618044270475422e-17,1.8211443432464773e-14,0.46721462743811965,1.2076247971653005,0.020109619136130456,0.002483579133336539,True,True,frozen synthetic foreground mean NNLS; production labels only for comparison,"raw postfit residual direction, constrained by NNLS KKT; not absorbed signal fraction",True,True,TP,0.012161581178089088,2.4701479329026526e-05,0.7790152139073441,0.8577018330194969,PE 18:0_22:6,PE O-18:3_22:6,25,0.29069767441860467,0.9954615939184616,0.0,69,0,69,,FROZEN_CHANNEL_DETECTION_THRESHOLD_NOT_AVAILABLE,,0.0841331756797029,0.5643411556963385,,,0.0,candidate spectral contributions; arithmetic channel mean; all aliases,sum of unchanged b values on specified channels; no normalization,LIBRARY_SHARING_SUPPORT_NOT_VERIFIED_IDENTITY_DIAGNOSTIC
V58_MILD_CAL_R2_K125,165,PE 20:0_18:3,0.0003959881134257442,0.0003960048965744283,1.6783148684067044e-08,4.2382960681549e-05,0.0017150052817868169,0.02433581538662168,PG 16:0_20:3,0.0020259418023247603,0.0832493906637395,"[""PG 16:0_20:3"", ""PE O-16:1_22:3"", ""PE 20:1_18:2"", ""PG 18:0_18:3"", ""PE O-18:1_22:2""]","[0.0020259418023247603, 0.0016771668712879523, 0.0016073947445596594, 0.0014661430885038532, 0.0014158517150380176]",PG 16:0_20:3,"[""PG 16:0_20:3""]",True,1.5404566511278972e-11,-6.058665657877806e-16,2.6442294752280817e-13,0.25034423938966904,1.0359020805767958,0.019899871772813726,0.00012940016143264557,True,True,frozen synthetic foreground mean NNLS; production labels only for comparison,"raw postfit residual direction, constrained by NNLS KKT; not absorbed signal fraction",False,False,UNREPORTED_NONTRUTH,5.784314750454919e-05,,0.7213783226001066,0.8907578750484226,PE 20:1_18:3,PE 20:1_18:3,47,0.6351351351351351,0.4914744130204585,0.0,60,0,60,,FROZEN_CHANNEL_DETECTION_THRESHOLD_NOT_AVAILABLE,,0.03318027171712748,0.6622775595974402,,,0.0,candidate spectral contributions; arithmetic channel mean; all aliases,sum of unchanged b values on specified channels; no normalization,LIBRARY_SHARING_SUPPORT_NOT_VERIFIED_IDENTITY_DIAGNOSTIC
V58_MILD_CAL_R2_K125,166,PE 20:1_18:3,0.0003959881134257442,0.0003959881134257442,0.0,0.0,0.0,0.0,,0.0,0.0,[],[],,[],False,1.5404566511278972e-11,,,0.0,0.0,0.019899450078475652,8.89919582615121e-17,True,False,frozen synthetic foreground mean NNLS; production labels only for comparison,"raw postfit residual direction, constrained by NNLS KKT; not absorbed signal fraction",False,True,FP,0.004418176591296877,0.0,0.7775930905931401,0.8907578750484226,PE 20:0_18:3,PG 20:1_18:3,21,0.1826086956521739,0.6389474534106414,0.0,61,0,61,,FROZEN_CHANNEL_DETECTION_THRESHOLD_NOT_AVAILABLE,,0.0,0.0,,,0.0,candidate spectral contributions; arithmetic channel mean; all aliases,sum of unchanged b values on specified channels; no normalization,LIBRARY_SHARING_SUPPORT_NOT_VERIFIED_IDENTITY_DIAGNOSTIC
V58_MILD_CAL_R2_K125,167,PE 18:3_20:4,0.0003959881134257442,0.0003959881134257442,0.0,0.0,0.0,0.0,,0.0,0.0,[],[],,[],False,1.5404566511278972e-11,,,0.0,0.0,0.019899450078475652,8.89919582615121e-17,True,False,frozen synthetic foreground mean NNLS; production labels only for comparison,"raw postfit residual direction, constrained by NNLS KKT; not absorbed signal fraction",False,False,UNREPORTED_NONTRUTH,0.0005470906997209448,,0.8883052413375818,0.8099387459305206,PG 18:3_20:4,PG 18:3_20:4,30,0.23076923076923078,0.9517310904555746,0.0,74,0,74,,FROZEN_CHANNEL_DETECTION_THRESHOLD_NOT_AVAILABLE,,0.0,0.0,,,0.0,candidate spectral contributions; arithmetic channel mean; all aliases,sum of unchanged b values on specified channels; no normalization,LIBRARY_SHARING_SUPPORT_NOT_VERIFIED_IDENTITY_DIAGNOSTIC
V58_MILD_CAL_R2_K125,168,PE 18:3_22:4,0.0003959881134257442,0.00039598825712937287,1.4370362864078723e-10,3.628988431867052e-07,0.0001617823222557715,0.0009979200925749605,PG 16:0_20:3,8.639522205658619e-05,0.0865752905596709,"[""PG 16:0_20:3"", ""PE O-18:0_22:2"", ""PE O-16:0_22:3"", ""PE O-16:1_22:4"", ""PE O-16:0_22:4""]","[8.639522205658619e-05, 7.587486224818613e-05, 7.564892996771155e-05, 7.423535895788314e-05, 7.055741174571712e-05]",PG 16:0_20:3,"[""PG 16:0_20:3""]",True,1.5404566511278972e-11,-1.5161880346508196e-15,1.3445823422076689e-12,0.599988604047701,1.2219295839632585,0.019899453689219023,1.1987644821419732e-05,True,True,frozen synthetic foreground mean NNLS; production labels only for comparison,"raw postfit residual direction, constrained by NNLS KKT; not absorbed signal fraction",False,False,UNREPORTED_NONTRUTH,0.0002770496945507768,,0.8993382947548891,0.6845003646599158,PE 20:0_18:3,PE O-16:1_22:4,15,0.1724137931034483,0.8617426123239086,0.0,65,0,65,,FROZEN_CHANNEL_DETECTION_THRESHOLD_NOT_AVAILABLE,,0.012411645263134758,0.3377297871611856,,,0.0,candidate spectral contributions; arithmetic channel mean; all aliases,sum of unchanged b values on specified channels; no normalization,LIBRARY_SHARING_SUPPORT_NOT_VERIFIED_IDENTITY_DIAGNOSTIC
V58_MILD_CAL_R2_K125,169,PE 18:3_22:5,0.0003959881134257442,0.0003959881134257442,0.0,0.0,0.0,0.0,,0.0,0.0,[],[],,[],False,1.5404566511278972e-11,,,0.0,0.0,0.019899450078475652,8.89919582615121e-17,True,False,frozen synthetic foreground mean NNLS; production labels only for comparison,"raw postfit residual direction, constrained by NNLS KKT; not absorbed signal fraction",False,False,UNREPORTED_NONTRUTH,0.000508695197192803,,0.8890345436297912,0.7340114381542482,PE O-16:1_22:5,PE O-16:1_22:5,16,0.18823529411764706,0.7882832716923304,0.0,63,0,63,,FROZEN_CHANNEL_DETECTION_THRESHOLD_NOT_AVAILABLE,,0.0,0.0,,,0.0,candidate spectral contributions; arithmetic channel mean; all aliases,sum of unchanged b values on specified channels; no normalization,LIBRARY_SHARING_SUPPORT_NOT_VERIFIED_IDENTITY_DIAGNOSTIC
V58_MILD_CAL_R2_K125,170,PE 20:0_20:3,0.0003959881134257442,0.0003959881134257442,0.0,0.0,0.0,0.0,,0.0,0.0,[],[],,[],False,1.5404566511278972e-11,,,0.0,0.0,0.019899450078475652,8.89919582615121e-17,True,False,frozen synthetic foreground mean NNLS; production labels only for comparison,"raw postfit residual direction, constrained by NNLS KKT; not absorbed signal fraction",False,True,FP,0.0013473709430726097,0.0,0.9446775033417949,0.8805609224719528,PE 20:3_20:3,PE 20:3_20:3,29,0.5,0.6071354900418897,0.0,58,0,58,,FROZEN_CHANNEL_DETECTION_THRESHOLD_NOT_AVAILABLE,,0.0,0.0,,,0.0,candidate spectral contributions; arithmetic channel mean; all aliases,sum of unchanged b values on specified channels; no normalization,LIBRARY_SHARING_SUPPORT_NOT_VERIFIED_IDENTITY_DIAGNOSTIC
V58_MILD_CAL_R2_K125,171,PE 20:0_20:4,0.0003959881134257442,0.00040194945033730924,5.961336911565018e-06,0.015054332931709468,0.03704198847500302,0.29181180998975,PE 18:0_22:4,0.04708233444522954,0.16134485594233483,"[""PE 18:0_22:4"", ""PE 20:1_20:3"", ""PE 20:2_20:4"", ""PE 18:2_22:6"", ""PE 16:0_22:3""]","[0.04708233444522954, 0.021767367535166143, 0.017283362946372977, 0.012462077680011893, 0.011774287228325435]",PE 18:0_22:4,"[""PE 18:0_22:4""]",True,1.5404566511278972e-11,-8.020515993215746e-16,0.0022673941207092146,0.5407242916041146,1.3820796117763363,0.02004867702212067,0.0016407704233002433,True,True,frozen synthetic foreground mean NNLS; production labels only for comparison,"raw postfit residual direction, constrained by NNLS KKT; not absorbed signal fraction",True,True,TP,0.01759125050108499,1.7512147457412838e-05,0.9207863181081767,0.91190979850373,PE 20:4_20:4,PE 20:4_20:4,43,0.5972222222222222,0.7160189494529625,0.0,72,0,72,,FROZEN_CHANNEL_DETECTION_THRESHOLD_NOT_AVAILABLE,,0.09782284468803217,0.47517279448221594,,,0.0,candidate spectral contributions; arithmetic channel mean; all aliases,sum of unchanged b values on specified channels; no normalization,LIBRARY_SHARING_SUPPORT_NOT_VERIFIED_IDENTITY_DIAGNOSTIC
V58_MILD_CAL_R2_K125,172,PE 20:0_20:5,0.0003959881134257442,0.0003959881134257442,0.0,0.0,0.0,0.0,,0.0,0.0,[],[],,[],False,1.5404566511278972e-11,,,0.0,0.0,0.019899450078475652,8.89919582615121e-17,True,False,frozen synthetic foreground mean NNLS; production labels only for comparison,"raw postfit residual direction, constrained by NNLS KKT; not absorbed signal fraction",False,True,FP,0.003691934227029097,9.554924641842684e-19,0.6792961271012564,0.8661796448745225,PE 20:1_20:5,PE 20:1_20:5,58,0.6823529411764706,0.6575910559731566,0.0,71,0,71,,FROZEN_CHANNEL_DETECTION_THRESHOLD_NOT_AVAILABLE,,0.0,0.0,,,0.0,candidate spectral contributions; arithmetic channel mean; all aliases,sum of unchanged b values on specified channels; no normalization,LIBRARY_SHARING_SUPPORT_NOT_VERIFIED_IDENTITY_DIAGNOSTIC
V58_MILD_CAL_R2_K125,173,PE 20:1_20:2,0.0003959881134257442,0.00039624035445681146,2.522410310672402e-07,0.0006369914193839788,0.014602001193825659,0.09379833830694714,PE 20:2_20:2,0.007489508025931833,0.07984691585199732,"[""PE 20:2_20:2"", ""PE 20:1_20:3"", ""PE 17:0_22:2"", ""PE 22:1_18:2"", ""PE 18:2_20:4""]","[0.007489508025931833, 0.007216738110388402, 0.0066687302250601835, 0.006091504735714494, 0.005426659656249382]",PE 20:2_20:2,"[""PE 20:2_20:2""]",True,1.5404566511278972e-11,6.298688828701704e-15,7.591665913787356e-13,0.59633902132177,1.1832602979370594,0.019905786958992897,0.00040136534565258754,True,True,frozen synthetic foreground mean NNLS; production labels only for comparison,"raw postfit residual direction, constrained by NNLS KKT; not absorbed signal fraction",True,True,TP,0.013622691780407488,7.409885058339746e-07,0.8845567025404182,0.8309276721753147,PE 20:2_20:2,PE 20:2_20:2,29,0.6904761904761905,0.4546643792770336,0.0,42,0,42,,FROZEN_CHANNEL_DETECTION_THRESHOLD_NOT_AVAILABLE,,0.0772869134975086,0.43899935904132587,,,0.0,candidate spectral contributions; arithmetic channel mean; all aliases,sum of unchanged b values on specified channels; no normalization,LIBRARY_SHARING_SUPPORT_NOT_VERIFIED_IDENTITY_DIAGNOSTIC
V58_MILD_CAL_R2_K125,174,PE 20:1_20:3,0.0003959881134257442,0.0003959881134257442,0.0,0.0,0.0,0.0,,0.0,0.0,[],[],,[],False,1.5404566511278972e-11,,,0.0,0.0,0.019899450078475652,8.89919582615121e-17,True,False,frozen synthetic foreground mean NNLS; production labels only for comparison,"raw postfit residual direction, constrained by NNLS KKT; not absorbed signal fraction",False,True,FP,0.0026737058325287406,0.0,0.9574552798625681,0.9378858993893899,PE 20:3_20:3,PE 20:3_20:3,29,0.5471698113207547,0.6393441384664607,0.0,53,0,53,,FROZEN_CHANNEL_DETECTION_THRESHOLD_NOT_AVAILABLE,,0.0,0.0,,,0.0,candidate spectral contributions; arithmetic channel mean; all aliases,sum of unchanged b values on specified channels; no normalization,LIBRARY_SHARING_SUPPORT_NOT_VERIFIED_IDENTITY_DIAGNOSTIC
V58_MILD_CAL_R2_K125,175,PE 20:1_20:4,0.0003959881134257442,0.00039605685784503144,6.874441928721295e-08,0.00017360222891261529,0.004054846274969704,0.059791511583539625,PE O-16:1_22:3,0.006692278677597002,0.11192690233520429,"[""PE O-16:1_22:3"", ""PE O-18:1_22:2"", ""PE 20:1_20:2"", ""PE 18:0_22:5"", ""PE O-20:2_20:4""]","[0.006692278677597002, 0.004435454168598758, 0.004078036868195601, 0.003929431648882025, 0.003511745821183207]",PE O-16:1_22:3,"[""PE O-16:1_22:3""]",True,1.5404566511278972e-11,-3.618613393944854e-15,-1.491705502247689e-13,0.5481372981472146,2.452103651199777,0.01990117729796485,0.0002288888970278362,True,True,frozen synthetic foreground mean NNLS; production labels only for comparison,"raw postfit residual direction, constrained by NNLS KKT; not absorbed signal fraction",False,True,FP,0.0025720070073004756,2.019450377155921e-07,0.9190388010344148,0.9238463211771553,PE 20:4_20:4,PE 20:4_20:4,43,0.589041095890411,0.8634919898431453,0.0,73,0,73,,FROZEN_CHANNEL_DETECTION_THRESHOLD_NOT_AVAILABLE,,0.01812821742644111,0.23501999722896216,,,0.0,candidate spectral contributions; arithmetic channel mean; all aliases,sum of unchanged b values on specified channels; no normalization,LIBRARY_SHARING_SUPPORT_NOT_VERIFIED_IDENTITY_DIAGNOSTIC
V58_MILD_CAL_R2_K125,176,PE 20:1_20:5,0.0003959881134257442,0.0003959881134257442,0.0,0.0,0.0,0.0,,0.0,0.0,[],[],,[],False,1.5404566511278972e-11,,,0.0,0.0,0.019899450078475652,8.89919582615121e-17,True,False,frozen synthetic foreground mean NNLS; production labels only for comparison,"raw postfit residual direction, constrained by NNLS KKT; not absorbed signal fraction",False,True,FP,0.0030655504202039365,0.0,0.6792961271012564,0.8661796448745225,PE 20:0_20:5,PE 20:0_20:5,58,0.6823529411764706,0.8050640963633393,0.0,72,0,72,,FROZEN_CHANNEL_DETECTION_THRESHOLD_NOT_AVAILABLE,,0.0,0.0,,,0.0,candidate spectral contributions; arithmetic channel mean; all aliases,sum of unchanged b values on specified channels; no normalization,LIBRARY_SHARING_SUPPORT_NOT_VERIFIED_IDENTITY_DIAGNOSTIC
V58_MILD_CAL_R2_K125,177,PE 20:2_20:2,0.0003959881134257442,0.00039601892067184084,3.080724609661259e-08,7.779841104900023e-05,0.004499760819248713,0.03731954857681881,PE O-16:1_22:3,0.0038195870222491463,0.10234815714033986,"[""PE O-16:1_22:3"", ""PE 20:1_20:2"", ""PE 20:2_20:4"", ""PE 18:0_22:5"", ""PE O-18:1_22:2""]","[0.0038195870222491463, 0.003592230076127417, 0.002508528397978429, 0.0022027543513882496, 0.0021262885898177056]",PE O-16:1_22:3,"[""PE O-16:1_22:3""]",True,1.5404566511278972e-11,-5.636270225003104e-15,-4.303527777143276e-13,0.40756933758087055,1.0670432257354554,0.019900224136221202,0.00017270395324397346,True,True,frozen synthetic foreground mean NNLS; production labels only for comparison,"raw postfit residual direction, constrained by NNLS KKT; not absorbed signal fraction",True,True,TP,0.00555336099316815,9.050000770092933e-08,0.980319286029637,0.9572988006271623,PE O-20:2_20:2,PE O-20:2_20:2,12,0.24,0.42949572962702076,0.0,29,0,29,,FROZEN_CHANNEL_DETECTION_THRESHOLD_NOT_AVAILABLE,,0.02027353321178519,0.10487814096053803,,,0.0,candidate spectral contributions; arithmetic channel mean; all aliases,sum of unchanged b values on specified channels; no normalization,LIBRARY_SHARING_SUPPORT_NOT_VERIFIED_IDENTITY_DIAGNOSTIC
V58_MILD_CAL_R2_K125,178,PE 20:2_20:3,0.0003959881134257442,0.0003959881134257442,0.0,0.0,0.0,0.0,,0.0,0.0,[],[],,[],False,1.5404566511278972e-11,,,0.0,0.0,0.019899450078475652,8.89919582615121e-17,True,False,frozen synthetic foreground mean NNLS; production labels only for comparison,"raw postfit residual direction, constrained by NNLS KKT; not absorbed signal fraction",False,False,UNREPORTED_NONTRUTH,0.0001724482760458683,,0.875764223898651,0.8757804686373611,PE 20:3_20:3,PE 20:3_20:3,29,0.7073170731707317,0.6143443786571768,0.0,41,0,41,,FROZEN_CHANNEL_DETECTION_THRESHOLD_NOT_AVAILABLE,,0.0,0.0,,,0.0,candidate spectral contributions; arithmetic channel mean; all aliases,sum of unchanged b values on specified channels; no normalization,LIBRARY_SHARING_SUPPORT_NOT_VERIFIED_IDENTITY_DIAGNOSTIC
V58_MILD_CAL_R2_K125,179,PE 20:2_20:4,0.0003959881134257442,0.0003962193890385891,2.3127561284488896e-07,0.0005840468549928101,0.011224100378555197,0.09450963194211538,PE 20:2_20:2,0.010813861294368315,0.11442073227919346,"[""PE 20:2_20:2"", ""PE 18:2_20:4"", ""PE 18:1_22:5"", ""PG 17:0_20:3"", ""PG 17:1_20:1""]","[0.010813861294368315, 0.008635806165969696, 0.0074090843762798335, 0.006700824157871852, 0.006578908299281969]",PE 20:2_20:2,"[""PE 20:2_20:2""]",True,1.5404566511278972e-11,6.604419513365668e-16,4.296030691197202e-13,0.6314940302701434,1.685925558347355,0.019905260335865718,0.000447734847503615,True,True,frozen synthetic foreground mean NNLS; production labels only for comparison,"raw postfit residual direction, constrained by NNLS KKT; not absorbed signal fraction",True,True,TP,0.01905855650482126,6.79400056653656e-07,0.9369316641113804,0.9370648301628667,PE 20:4_20:4,PE 20:4_20:4,43,0.6515151515151515,0.8885470920935342,0.0,66,0,66,,FROZEN_CHANNEL_DETECTION_THRESHOLD_NOT_AVAILABLE,,0.030267703027010873,0.1549711817397481,,,0.0,candidate spectral contributions; arithmetic channel mean; all aliases,sum of unchanged b values on specified channels; no normalization,LIBRARY_SHARING_SUPPORT_NOT_VERIFIED_IDENTITY_DIAGNOSTIC
V58_MILD_CAL_R2_K125,180,PE 20:2_20:5,0.0003959881134257442,0.0004240867132861353,2.809859986039107e-05,0.07095818999804886,0.033639519823137586,0.4079021805389721,PE 20:3_20:4,0.06770546955261672,0.16598457371075998,"[""PE 20:3_20:4"", ""PE 20:2_20:2"", ""PE 18:0_22:4"", ""PG 18:0_20:5"", ""PG 16:0_20:3""]","[0.06770546955261672, 0.03586596620411716, 0.027083496444104536, 0.025083014770131813, 0.017923006670780763]",PE 20:3_20:4,"[""PE 20:3_20:4""]",True,1.5404566511278972e-11,-4.640932551685588e-15,5.896710633465287e-15,0.43572331131125963,1.6288376145124064,0.020593365759052965,0.004872438101661563,True,True,frozen synthetic foreground mean NNLS; production labels only for comparison,"raw postfit residual direction, constrained by NNLS KKT; not absorbed signal fraction",True,True,TP,0.022008630660461305,8.254303210868439e-05,0.6606806137710171,0.8495609785611613,PE 20:0_20:5,PE 20:0_20:5,48,0.5106382978723404,0.959205649591254,0.0,71,0,71,,FROZEN_CHANNEL_DETECTION_THRESHOLD_NOT_AVAILABLE,,0.10707341970800065,0.6301565267988212,,,0.0,candidate spectral contributions; arithmetic channel mean; all aliases,sum of unchanged b values on specified channels; no normalization,LIBRARY_SHARING_SUPPORT_NOT_VERIFIED_IDENTITY_DIAGNOSTIC
V58_MILD_CAL_R2_K125,181,PE 20:3_20:3,0.0003959881134257442,0.0003959881134257442,0.0,0.0,0.0,0.0,,0.0,0.0,[],[],,[],False,1.5404566511278972e-11,,,0.0,0.0,0.019899450078475652,8.89919582615121e-17,True,False,frozen synthetic foreground mean NNLS; production labels only for comparison,"raw postfit residual direction, constrained by NNLS KKT; not absorbed signal fraction",False,False,UNREPORTED_NONTRUTH,0.0002528914377516033,,0.9837096338633669,0.9687521053802138,PE O-18:2_20:3,PE O-18:3_20:3,10,0.19230769230769232,0.47925435403296635,0.0,29,0,29,,FROZEN_CHANNEL_DETECTION_THRESHOLD_NOT_AVAILABLE,,0.0,0.0,,,0.0,candidate spectral contributions; arithmetic channel mean; all aliases,sum of unchanged b values on specified channels; no normalization,LIBRARY_SHARING_SUPPORT_NOT_VERIFIED_IDENTITY_DIAGNOSTIC
V58_MILD_CAL_R2_K125,182,PE 20:3_20:4,0.0003959881134257442,0.00039621906325220416,2.30949826459932e-07,0.0005832241374083963,0.008470717876187639,0.04913037173328859,PE 18:2_20:4,0.008479881336713901,0.17259957613542146,"[""PE 18:2_20:4"", ""PE 18:1_22:3"", ""PE 20:2_20:5"", ""PE 18:0_22:6"", ""PE 20:1_20:4""]","[0.008479881336713901, 0.005198523145445463, 0.002991262107335649, 0.002104445053424324, 0.0017583206805104395]",PE 18:2_20:4,"[""PE 18:2_20:4""]",True,1.5404566511278972e-11,-5.167261057971057e-15,1.232671878013435e-14,0.7297165072402,1.5275062028978865,0.01990525215243967,0.000420283636163243,True,True,frozen synthetic foreground mean NNLS; production labels only for comparison,"raw postfit residual direction, constrained by NNLS KKT; not absorbed signal fraction",False,True,FP,0.008516249394692567,6.784430197840047e-07,0.9128348333325692,0.9269282345188584,PE 20:4_20:4,PE 20:4_20:4,43,0.7818181818181819,0.7536502345076849,0.0,55,0,55,,FROZEN_CHANNEL_DETECTION_THRESHOLD_NOT_AVAILABLE,,0.042405902345420306,0.31374824611889457,,,0.0,candidate spectral contributions; arithmetic channel mean; all aliases,sum of unchanged b values on specified channels; no normalization,LIBRARY_SHARING_SUPPORT_NOT_VERIFIED_IDENTITY_DIAGNOSTIC
V58_MILD_CAL_R2_K125,183,PE 20:3_20:5,0.0003959881134257442,0.00039834830481640256,2.360191390658338e-06,0.005960258160983065,0.010449953622243636,0.19315575659768702,PE 18:2_22:6,0.01646151646609845,0.08522405314742945,"[""PE 18:2_22:6"", ""PE 16:0_22:3"", ""PG 16:0_20:3"", ""PE 20:2_20:4"", ""PE 18:0_22:4""]","[0.01646151646609845, 0.015276120961735678, 0.013267347694570124, 0.011786120906761734, 0.010603853671286795]",PE 18:2_22:6,"[""PE 18:2_22:6""]",True,1.5404566511278972e-11,1.3974432166493956e-15,-4.7222563334885924e-14,0.30623267142905075,1.7532250248849999,0.01995866490565946,0.0013138522115639895,True,True,frozen synthetic foreground mean NNLS; production labels only for comparison,"raw postfit residual direction, constrained by NNLS KKT; not absorbed signal fraction",True,True,TP,0.011736433132736458,6.933347380642666e-06,0.6460284895613284,0.8441482303408143,PE 20:0_20:5,PE 20:0_20:5,42,0.44680851063829785,0.8643826710549423,0.0,65,0,65,,FROZEN_CHANNEL_DETECTION_THRESHOLD_NOT_AVAILABLE,,0.058809871955283144,0.6287397126915791,,,0.0,candidate spectral contributions; arithmetic channel mean; all aliases,sum of unchanged b values on specified channels; no normalization,LIBRARY_SHARING_SUPPORT_NOT_VERIFIED_IDENTITY_DIAGNOSTIC
V58_MILD_CAL_R2_K125,184,PE 20:4_20:4,0.0003959881134257442,0.0003959881134257442,0.0,0.0,0.0,0.0,,0.0,0.0,[],[],,[],False,1.5404566511278972e-11,,,0.0,0.0,0.019899450078475652,8.89919582615121e-17,True,False,frozen synthetic foreground mean NNLS; production labels only for comparison,"raw postfit residual direction, constrained by NNLS KKT; not absorbed signal fraction",False,True,FP,0.005624022786606785,0.0,0.9715405509918842,0.9589560166556154,PE O-20:3_20:4,PE O-18:2_20:4,21,0.3181818181818182,0.5881378134440394,0.0,43,0,43,,FROZEN_CHANNEL_DETECTION_THRESHOLD_NOT_AVAILABLE,,0.0,0.0,,,0.0,candidate spectral contributions; arithmetic channel mean; all aliases,sum of unchanged b values on specified channels; no normalization,LIBRARY_SHARING_SUPPORT_NOT_VERIFIED_IDENTITY_DIAGNOSTIC
V58_MILD_CAL_R2_K125,185,PE 20:4_20:5,0.0003959881134257442,0.0003959881134257442,0.0,0.0,0.0,0.0,,0.0,0.0,[],[],,[],False,1.5404566511278972e-11,,,0.0,0.0,0.019899450078475652,8.89919582615121e-17,True,False,frozen synthetic foreground mean NNLS; production labels only for comparison,"raw postfit residual direction, constrained by NNLS KKT; not absorbed signal fraction",False,False,UNREPORTED_NONTRUTH,0.0,,0.6714372899085049,0.8017231497045658,PE 20:0_20:5,PE 20:4_20:4,43,0.7288135593220338,0.699097699799584,0.0,59,0,59,,FROZEN_CHANNEL_DETECTION_THRESHOLD_NOT_AVAILABLE,,0.0,0.0,,,0.0,candidate spectral contributions; arithmetic channel mean; all aliases,sum of unchanged b values on specified channels; no normalization,LIBRARY_SHARING_SUPPORT_NOT_VERIFIED_IDENTITY_DIAGNOSTIC
V58_MILD_CAL_R2_K125,186,PE 17:0_20:0,0.0003959881134257442,0.00039599805234159503,9.93891585080852e-09,2.5099025674600817e-05,0.0005552810957223421,0.006537096735742716,PG 18:0_18:2,0.0005382580882847023,0.08233901224978717,"[""PG 18:0_18:2"", ""PE 20:0_18:3"", ""PE 17:0_22:2"", ""PG 17:0_20:2"", ""PE 18:2_20:4""]","[0.0005382580882847023, 0.0004301084429371893, 0.0004262295342016935, 0.0003924977591764911, 0.00032450544154134786]",PG 18:0_18:2,"[""PG 18:0_18:2""]",True,1.5404566511278972e-11,4.83497105057285e-15,1.2543751128911778e-12,0.3475780671585217,1.0899882182095897,0.019899699805313514,9.969411141517186e-05,True,True,frozen synthetic foreground mean NNLS; production labels only for comparison,"raw postfit residual direction, constrained by NNLS KKT; not absorbed signal fraction",False,True,FP,0.011380972577050574,2.9196766185098975e-08,0.8460604600250419,0.8080143208829804,PG 17:0_17:0,PG 17:0_17:0,9,0.08571428571428572,0.28994032683245224,0.0,63,0,63,,FROZEN_CHANNEL_DETECTION_THRESHOLD_NOT_AVAILABLE,,0.001974723895034212,0.005209731339522148,,,0.0,candidate spectral contributions; arithmetic channel mean; all aliases,sum of unchanged b values on specified channels; no normalization,LIBRARY_SHARING_SUPPORT_NOT_VERIFIED_IDENTITY_DIAGNOSTIC
V58_MILD_CAL_R2_K125,187,PE 17:0_20:1,0.0003959881134257442,0.0003959881134257442,0.0,0.0,0.0,0.0,,0.0,0.0,[],[],,[],False,1.5404566511278972e-11,,,0.0,0.0,0.019899450078475652,8.89919582615121e-17,True,False,frozen synthetic foreground mean NNLS; production labels only for comparison,"raw postfit residual direction, constrained by NNLS KKT; not absorbed signal fraction",True,True,TP,0.014628700988225454,0.0,0.903772911305544,0.7818984658803916,PE O-18:0_20:1,PE O-18:0_20:1,18,0.2465753424657534,0.43741336722263524,0.0,64,0,64,,FROZEN_CHANNEL_DETECTION_THRESHOLD_NOT_AVAILABLE,,0.0,0.0,,,0.0,candidate spectral contributions; arithmetic channel mean; all aliases,sum of unchanged b values on specified channels; no normalization,LIBRARY_SHARING_SUPPORT_NOT_VERIFIED_IDENTITY_DIAGNOSTIC
V58_MILD_CAL_R2_K125,188,PE 17:0_20:2,0.0003959881134257442,0.0003959881134257442,0.0,0.0,0.0,0.0,,0.0,0.0,[],[],,[],False,1.5404566511278972e-11,,,0.0,0.0,0.019899450078475652,8.89919582615121e-17,True,False,frozen synthetic foreground mean NNLS; production labels only for comparison,"raw postfit residual direction, constrained by NNLS KKT; not absorbed signal fraction",True,True,TP,0.004399701367368388,0.0,0.9500581444976403,0.8928546257083987,PE 20:2_20:2,PE 20:2_20:2,29,0.4603174603174603,0.5915549204505498,0.0,63,0,63,,FROZEN_CHANNEL_DETECTION_THRESHOLD_NOT_AVAILABLE,,0.0,0.0,,,0.0,candidate spectral contributions; arithmetic channel mean; all aliases,sum of unchanged b values on specified channels; no normalization,LIBRARY_SHARING_SUPPORT_NOT_VERIFIED_IDENTITY_DIAGNOSTIC
V58_MILD_CAL_R2_K125,189,PE 17:0_20:3,0.0003959881134257442,0.000396155248592602,1.671351668577686e-07,0.0004220711702424337,0.011322349774709493,0.06543272993464137,PE 17:0_22:2,0.008265983073139516,0.12632795668574137,"[""PE 17:0_22:2"", ""PE 17:1_20:2"", ""PG 17:0_20:3"", ""PG 17:1_20:1"", ""PE 20:1_20:3""]","[0.008265983073139516, 0.008171513676858254, 0.006702003621985263, 0.006220702335360345, 0.0030606054748410316]",PE 17:0_22:2,"[""PE 17:0_22:2""]",True,1.5404566511278972e-11,-2.023143899512864e-15,2.909201146517338e-13,0.5728380654957563,1.1129146784227244,0.019903649127549494,0.000248478815499551,True,True,frozen synthetic foreground mean NNLS; production labels only for comparison,"raw postfit residual direction, constrained by NNLS KKT; not absorbed signal fraction",True,True,TP,0.005697221815215287,4.909797467838503e-07,0.9455757943393989,0.9011938093763089,PE 20:3_20:3,PE 20:3_20:3,29,0.4603174603174603,0.6413135448564956,0.0,63,0,63,,FROZEN_CHANNEL_DETECTION_THRESHOLD_NOT_AVAILABLE,,0.02770118795149892,0.09438446197839832,,,0.0,candidate spectral contributions; arithmetic channel mean; all aliases,sum of unchanged b values on specified channels; no normalization,LIBRARY_SHARING_SUPPORT_NOT_VERIFIED_IDENTITY_DIAGNOSTIC
V58_MILD_CAL_R2_K125,190,PE 17:0_20:4,0.0003959881134257442,0.0003963592640388454,3.7115061310118765e-07,0.0009372771544909232,0.006862267391807065,0.04733696212259266,PE 17:0_22:2,0.006408127315062809,0.1353725931615922,"[""PE 17:0_22:2"", ""PE 18:2_20:4"", ""PE O-16:1_22:4"", ""PE 17:1_20:3"", ""PE O-16:0_22:3""]","[0.006408127315062809, 0.004378806846844538, 0.0035401679050381524, 0.003067017350472402, 0.00272396378296403]",PE 17:0_22:2,"[""PE 17:0_22:2""]",True,1.5404566511278972e-11,-4.894288535582441e-15,3.6432991048131995e-14,0.5806549527542245,1.2806293450430841,0.01990877354431572,0.0004134613564293079,True,True,frozen synthetic foreground mean NNLS; production labels only for comparison,"raw postfit residual direction, constrained by NNLS KKT; not absorbed signal fraction",True,True,TP,0.011800663048772721,1.0902997703294905e-06,0.924009195795054,0.9143785587424255,PE 20:4_20:4,PE 20:4_20:4,43,0.5584415584415584,0.7501970042675685,0.0,77,0,77,,FROZEN_CHANNEL_DETECTION_THRESHOLD_NOT_AVAILABLE,,0.019188387532866787,0.08315780698059985,,,0.0,candidate spectral contributions; arithmetic channel mean; all aliases,sum of unchanged b values on specified channels; no normalization,LIBRARY_SHARING_SUPPORT_NOT_VERIFIED_IDENTITY_DIAGNOSTIC
V58_MILD_CAL_R2_K125,191,PE 17:0_20:5,0.0003959881134257442,0.00041390828867905375,1.7920175253309523e-05,0.04525432607818818,0.030450323867087247,0.3371287418274629,PE 17:0_22:2,0.04527906967027791,0.13430794842558014,"[""PE 17:0_22:2"", ""PE 17:1_20:4"", ""PG 18:0_20:5"", ""PG 16:0_20:3"", ""PG 18:2_18:2""]","[0.04527906967027791, 0.031768357409579506, 0.026692817357149762, 0.015997296898982168, 0.014994872588329643]",PE 17:0_22:2,"[""PE 17:0_22:2""]",True,1.5404566511278972e-11,5.399431484022754e-15,5.504579809964922e-14,0.3383049328890125,1.105647639224512,0.02034473614178995,0.004039401471249733,True,True,frozen synthetic foreground mean NNLS; production labels only for comparison,"raw postfit residual direction, constrained by NNLS KKT; not absorbed signal fraction",True,True,TP,0.020036486384613934,5.2642680015251914e-05,0.7108936868389557,0.8395568860545248,PE 20:0_20:5,PG 17:0_20:5,44,0.352,0.6917691107877623,0.0,76,0,76,,FROZEN_CHANNEL_DETECTION_THRESHOLD_NOT_AVAILABLE,,0.13005181583434838,0.549423121941386,,,0.0,candidate spectral contributions; arithmetic channel mean; all aliases,sum of unchanged b values on specified channels; no normalization,LIBRARY_SHARING_SUPPORT_NOT_VERIFIED_IDENTITY_DIAGNOSTIC
V58_MILD_CAL_R2_K125,192,PE 17:0_22:1,0.0003959881134257442,0.0003959881134257442,0.0,0.0,0.0,0.0,,0.0,0.0,[],[],,[],False,1.5404566511278972e-11,,,0.0,0.0,0.019899450078475652,8.89919582615121e-17,True,False,frozen synthetic foreground mean NNLS; production labels only for comparison,"raw postfit residual direction, constrained by NNLS KKT; not absorbed signal fraction",False,False,UNREPORTED_NONTRUTH,0.0005633670441215309,,0.9295121961366524,0.9180376236457508,PE O-18:1_22:1,PE O-18:1_22:1,17,0.23943661971830985,0.3080285166087389,0.0,58,0,58,,FROZEN_CHANNEL_DETECTION_THRESHOLD_NOT_AVAILABLE,,0.0,0.0,,,0.0,candidate spectral contributions; arithmetic channel mean; all aliases,sum of unchanged b values on specified channels; no normalization,LIBRARY_SHARING_SUPPORT_NOT_VERIFIED_IDENTITY_DIAGNOSTIC
V58_MILD_CAL_R2_K125,193,PE 17:0_22:2,0.0003959881134257442,0.00039666007625269536,6.719628269511368e-07,0.0016969267573235293,0.019698788296298467,0.10270132701558933,PE 17:1_22:1,0.00800900782814204,0.07798348921867723,"[""PE 17:1_22:1"", ""PE 17:0_20:1"", ""PE 18:2_22:2"", ""PE O-16:0_22:2"", ""PE 20:1_20:2""]","[0.00800900782814204, 0.006591823296966191, 0.0052804625819921815, 0.004896320741086592, 0.004808689364364788]",PE 17:1_22:1,"[""PE 17:1_22:1""]",True,1.5404566511278972e-11,-5.957883310744836e-15,-1.8355109216745247e-13,0.6585989150137742,1.0573076814136158,0.019916326876527588,0.0006554533132546193,True,True,frozen synthetic foreground mean NNLS; production labels only for comparison,"raw postfit residual direction, constrained by NNLS KKT; not absorbed signal fraction",False,True,FP,0.005088911294009615,1.9739719942078766e-06,0.9358581157196403,0.9202718315621574,PE O-18:2_22:2,PE O-18:2_22:2,12,0.15,0.5234641607718871,0.0,61,0,61,,FROZEN_CHANNEL_DETECTION_THRESHOLD_NOT_AVAILABLE,,0.06731970149270626,0.28721025971967634,,,0.0,candidate spectral contributions; arithmetic channel mean; all aliases,sum of unchanged b values on specified channels; no normalization,LIBRARY_SHARING_SUPPORT_NOT_VERIFIED_IDENTITY_DIAGNOSTIC
V58_MILD_CAL_R2_K125,194,PE 17:0_22:3,0.0003959881134257442,0.0003959881134257442,0.0,0.0,0.0,0.0,,0.0,0.0,[],[],,[],False,1.5404566511278972e-11,,,0.0,0.0,0.019899450078475652,8.89919582615121e-17,True,False,frozen synthetic foreground mean NNLS; production labels only for comparison,"raw postfit residual direction, constrained by NNLS KKT; not absorbed signal fraction",False,False,UNREPORTED_NONTRUTH,0.00014643522920063153,,0.9459213047337746,0.9280545976623583,PE O-18:2_22:3,PE O-18:2_22:3,12,0.15,0.6488364901462699,0.0,61,0,61,,FROZEN_CHANNEL_DETECTION_THRESHOLD_NOT_AVAILABLE,,0.0,0.0,,,0.0,candidate spectral contributions; arithmetic channel mean; all aliases,sum of unchanged b values on specified channels; no normalization,LIBRARY_SHARING_SUPPORT_NOT_VERIFIED_IDENTITY_DIAGNOSTIC
V58_MILD_CAL_R2_K125,195,PE 17:0_22:4,0.0003959881134257442,0.0003959881134257442,0.0,0.0,0.0,0.0,,0.0,0.0,[],[],,[],False,1.5404566511278972e-11,,,0.0,0.0,0.019899450078475652,8.89919582615121e-17,True,False,frozen synthetic foreground mean NNLS; production labels only for comparison,"raw postfit residual direction, constrained by NNLS KKT; not absorbed signal fraction",False,False,UNREPORTED_NONTRUTH,4.4714466478072715e-07,,0.9426607455762424,0.9271378001661971,PE O-16:1_22:4,PE O-16:1_22:4,15,0.16666666666666666,0.6602085261359022,0.0,68,0,68,,FROZEN_CHANNEL_DETECTION_THRESHOLD_NOT_AVAILABLE,,0.0,0.0,,,0.0,candidate spectral contributions; arithmetic channel mean; all aliases,sum of unchanged b values on specified channels; no normalization,LIBRARY_SHARING_SUPPORT_NOT_VERIFIED_IDENTITY_DIAGNOSTIC
V58_MILD_CAL_R2_K125,196,PE 17:0_22:5,0.0003959881134257442,0.0003959881134257442,0.0,0.0,0.0,0.0,,0.0,0.0,[],[],,[],False,1.5404566511278972e-11,,,0.0,0.0,0.019899450078475652,8.89919582615121e-17,True,False,frozen synthetic foreground mean NNLS; production labels only for comparison,"raw postfit residual direction, constrained by NNLS KKT; not absorbed signal fraction",False,True,FP,0.0018398784985742243,0.0,0.9035970040067635,0.917215261523149,PE O-16:1_22:5,PE O-16:1_22:5,16,0.18181818181818182,0.5867491855043241,0.0,66,0,66,,FROZEN_CHANNEL_DETECTION_THRESHOLD_NOT_AVAILABLE,,0.0,0.0,,,0.0,candidate spectral contributions; arithmetic channel mean; all aliases,sum of unchanged b values on specified channels; no normalization,LIBRARY_SHARING_SUPPORT_NOT_VERIFIED_IDENTITY_DIAGNOSTIC
V58_MILD_CAL_R2_K125,197,PE 17:0_22:6,0.0003959881134257442,0.0003959881134257442,0.0,0.0,0.0,0.0,,0.0,0.0,[],[],,[],False,1.5404566511278972e-11,,,0.0,0.0,0.019899450078475652,8.89919582615121e-17,True,False,frozen synthetic foreground mean NNLS; production labels only for comparison,"raw postfit residual direction, constrained by NNLS KKT; not absorbed signal fraction",False,True,FP,0.00205124672887151,0.0,0.7871361554376191,0.8689241405489069,PE 18:0_22:6,PE O-18:3_22:6,19,0.21348314606741572,0.7722300882896808,0.0,66,0,66,,FROZEN_CHANNEL_DETECTION_THRESHOLD_NOT_AVAILABLE,,0.0,0.0,,,0.0,candidate spectral contributions; arithmetic channel mean; all aliases,sum of unchanged b values on specified channels; no normalization,LIBRARY_SHARING_SUPPORT_NOT_VERIFIED_IDENTITY_DIAGNOSTIC
V58_MILD_CAL_R2_K125,198,PE 20:0_17:1,0.0003959881134257442,0.000412217456285983,1.6229342860238772e-05,0.040984419150494736,0.03270926761751178,0.39713351740306446,PE 17:0_20:1,0.04636797426071554,0.11675663782752019,"[""PE 17:0_20:1"", ""PE O-16:0_22:2"", ""PG 14:0_22:1"", ""PE 18:0_22:3"", ""PE O-20:0_18:2""]","[0.04636797426071554, 0.025717225530956338, 0.018129223156528998, 0.01768369688012253, 0.016068079460952758]",PE 17:0_20:1,"[""PE 17:0_20:1""]",True,1.5404566511278972e-11,-5.173637672136973e-15,0.001739890490868997,0.32598930724087266,1.0822561486768412,0.020303139074684555,0.0035291216391173295,True,True,frozen synthetic foreground mean NNLS; production labels only for comparison,"raw postfit residual direction, constrained by NNLS KKT; not absorbed signal fraction",True,True,TP,0.02145718117801308,4.767565556545447e-05,0.8238355447330411,0.828926628285833,PG 20:0_17:1,PG 20:0_17:1,27,0.2288135593220339,0.45676193389914105,0.0,60,0,60,,FROZEN_CHANNEL_DETECTION_THRESHOLD_NOT_AVAILABLE,,0.055288884355898,0.2821899054113612,,,0.0,candidate spectral contributions; arithmetic channel mean; all aliases,sum of unchanged b values on specified channels; no normalization,LIBRARY_SHARING_SUPPORT_NOT_VERIFIED_IDENTITY_DIAGNOSTIC
V58_MILD_CAL_R2_K125,199,PE 17:1_20:1,0.0003959881134257442,0.00039635830220307244,3.701887773282131e-07,0.0009348482033736166,0.005738709945588496,0.0702018266439784,PG 17:1_20:1,0.007658488411336484,0.10909243786585007,"[""PG 17:1_20:1"", ""PE 17:0_20:2"", ""PG 17:0_20:3"", ""PG 14:0_22:3"", ""PE O-16:1_22:2""]","[0.007658488411336484, 0.007545167980964423, 0.006700149662923111, 0.004305967492894951, 0.00424763751697208]",PG 17:1_20:1,"[""PG 17:1_20:1""]",True,1.5404566511278972e-11,-5.967801206594282e-16,-5.335708610162096e-14,0.3679238160744986,1.3883533723563188,0.019908749388223065,0.0003405600495192517,True,True,frozen synthetic foreground mean NNLS; production labels only for comparison,"raw postfit residual direction, constrained by NNLS KKT; not absorbed signal fraction",False,True,FP,0.0015043387486447818,1.0874742615325428e-06,0.7937994844488528,0.6969382047743982,PE 20:0_17:1,PE 17:0_20:1,48,0.6233766233766234,0.604234974289324,0.0,61,0,61,,FROZEN_CHANNEL_DETECTION_THRESHOLD_NOT_AVAILABLE,,0.013513042509208876,0.1163745185090447,,,0.0,candidate spectral contributions; arithmetic channel mean; all aliases,sum of unchanged b values on specified channels; no normalization,LIBRARY_SHARING_SUPPORT_NOT_VERIFIED_IDENTITY_DIAGNOSTIC
V58_MILD_CAL_R2_K125,200,PE 17:1_20:2,0.0003959881134257442,0.0003959881134257442,0.0,0.0,0.0,0.0,,0.0,0.0,[],[],,[],False,1.5404566511278972e-11,,,0.0,0.0,0.019899450078475652,8.89919582615121e-17,True,False,frozen synthetic foreground mean NNLS; production labels only for comparison,"raw postfit residual direction, constrained by NNLS KKT; not absorbed signal fraction",False,True,FP,0.0014114537598436613,4.777462320921342e-19,0.9135491247852747,0.7561493446008238,PE 20:2_20:2,PE 20:2_20:2,29,0.48333333333333334,0.7583765275172386,0.0,60,0,60,,FROZEN_CHANNEL_DETECTION_THRESHOLD_NOT_AVAILABLE,,0.0,0.0,,,0.0,candidate spectral contributions; arithmetic channel mean; all aliases,sum of unchanged b values on specified channels; no normalization,LIBRARY_SHARING_SUPPORT_NOT_VERIFIED_IDENTITY_DIAGNOSTIC
V58_MILD_CAL_R2_K125,201,PE 17:1_20:3,0.0003959881134257442,0.0003959881134257442,0.0,0.0,0.0,0.0,,0.0,0.0,[],[],,[],False,1.5404566511278972e-11,,,0.0,0.0,0.019899450078475652,8.89919582615121e-17,True,False,frozen synthetic foreground mean NNLS; production labels only for comparison,"raw postfit residual direction, constrained by NNLS KKT; not absorbed signal fraction",False,True,FP,0.002629441869261574,4.777462320921342e-19,0.9147460626442502,0.7767986988438306,PE 20:3_20:3,PE 20:3_20:3,29,0.48333333333333334,0.8081351519231844,0.0,60,0,60,,FROZEN_CHANNEL_DETECTION_THRESHOLD_NOT_AVAILABLE,,0.0,0.0,,,0.0,candidate spectral contributions; arithmetic channel mean; all aliases,sum of unchanged b values on specified channels; no normalization,LIBRARY_SHARING_SUPPORT_NOT_VERIFIED_IDENTITY_DIAGNOSTIC
V58_MILD_CAL_R2_K125,202,PE 17:1_20:4,0.0003959881134257442,0.0003959925003554303,4.386929686054156e-09,1.107843777689139e-05,0.0007030112295546409,0.006134419488589956,PE 17:1_22:1,0.00047566102509195504,0.07753969644546589,"[""PE 17:1_22:1"", ""PE O-18:1_22:2"", ""PG 18:2_20:3"", ""PE O-16:0_22:2"", ""PE 20:1_20:2""]","[0.00047566102509195504, 0.00041712277243786955, 0.0003839115634761345, 0.0003686269185273379, 0.0003379893055745556]",PE 17:1_22:1,"[""PE 17:1_22:1""]",True,1.5404566511278972e-11,3.702850164140559e-15,1.08763723047518e-12,0.48474881854992125,1.300130692384454,0.019899560305580377,6.623390133397096e-05,True,True,frozen synthetic foreground mean NNLS; production labels only for comparison,"raw postfit residual direction, constrained by NNLS KKT; not absorbed signal fraction",True,True,TP,0.013311386441165246,1.2887136005848647e-08,0.9110162578782212,0.8314356539842048,PE 20:4_20:4,PE 20:4_20:4,43,0.581081081081081,0.9170186113342571,0.0,74,0,74,,FROZEN_CHANNEL_DETECTION_THRESHOLD_NOT_AVAILABLE,,0.0010952634804711563,0.009845140096967223,,,0.0,candidate spectral contributions; arithmetic channel mean; all aliases,sum of unchanged b values on specified channels; no normalization,LIBRARY_SHARING_SUPPORT_NOT_VERIFIED_IDENTITY_DIAGNOSTIC
V58_MILD_CAL_R2_K125,203,PE 17:1_22:1,0.0003959881134257442,0.00039963263439009696,3.644520964352733e-06,0.009203612006481458,0.02225646159278898,0.1940997514229154,PE 17:0_22:2,0.03642119670667645,0.18764164528542987,"[""PE 17:0_22:2"", ""PE O-16:0_22:1"", ""PE 17:1_20:2"", ""PE 17:1_20:4"", ""PG 18:0_20:5""]","[0.03642119670667645, 0.012479192807837325, 0.008925315150553668, 0.008815864398809409, 0.007308834967764263]",PE 17:0_22:2,"[""PE 17:0_22:2""]",True,1.5404566511278972e-11,-4.5564195710167455e-15,1.2522433563144108e-14,0.37960357764032704,1.0595919782573373,0.019990813750072726,0.0017142996123271595,True,True,frozen synthetic foreground mean NNLS; production labels only for comparison,"raw postfit residual direction, constrained by NNLS KKT; not absorbed signal fraction",True,True,TP,0.020227521852217253,1.0706220682739332e-05,0.6921065619166841,0.7811204421614522,PE 20:0_17:1,PE O-18:1_22:1,21,0.328125,0.4748501236754277,0.0,55,0,55,,FROZEN_CHANNEL_DETECTION_THRESHOLD_NOT_AVAILABLE,,0.08035491821877394,0.41361098128400764,,,0.0,candidate spectral contributions; arithmetic channel mean; all aliases,sum of unchanged b values on specified channels; no normalization,LIBRARY_SHARING_SUPPORT_NOT_VERIFIED_IDENTITY_DIAGNOSTIC
V58_MILD_CAL_R2_K125,204,PE 17:1_22:3,0.0003959881134257442,0.0003959881134257442,0.0,0.0,0.0,0.0,,0.0,0.0,[],[],,[],False,1.5404566511278972e-11,,,0.0,0.0,0.019899450078475652,8.89919582615121e-17,True,False,frozen synthetic foreground mean NNLS; production labels only for comparison,"raw postfit residual direction, constrained by NNLS KKT; not absorbed signal fraction",False,True,FP,0.00475942313695342,0.0,0.9599528992108011,0.9087457039300353,PE O-18:2_22:3,PE O-18:2_22:3,18,0.2535211267605634,0.8156580972129586,0.0,58,0,58,,FROZEN_CHANNEL_DETECTION_THRESHOLD_NOT_AVAILABLE,,0.0,0.0,,,0.0,candidate spectral contributions; arithmetic channel mean; all aliases,sum of unchanged b values on specified channels; no normalization,LIBRARY_SHARING_SUPPORT_NOT_VERIFIED_IDENTITY_DIAGNOSTIC
V58_MILD_CAL_R2_K125,205,PE 17:1_22:4,0.0003959881134257442,0.0003959881134257442,0.0,0.0,0.0,0.0,,0.0,0.0,[],[],,[],False,1.5404566511278972e-11,,,0.0,0.0,0.019899450078475652,8.89919582615121e-17,True,False,frozen synthetic foreground mean NNLS; production labels only for comparison,"raw postfit residual direction, constrained by NNLS KKT; not absorbed signal fraction",False,False,UNREPORTED_NONTRUTH,0.000979814253176209,,0.9648442794130717,0.929239443508211,PE O-16:1_22:4,PE O-16:1_22:4,15,0.1724137931034483,0.827030133202591,0.0,65,0,65,,FROZEN_CHANNEL_DETECTION_THRESHOLD_NOT_AVAILABLE,,0.0,0.0,,,0.0,candidate spectral contributions; arithmetic channel mean; all aliases,sum of unchanged b values on specified channels; no normalization,LIBRARY_SHARING_SUPPORT_NOT_VERIFIED_IDENTITY_DIAGNOSTIC
V58_MILD_CAL_R2_K125,206,PE 17:1_22:5,0.0003959881134257442,0.0003959881134257442,0.0,0.0,0.0,0.0,,0.0,0.0,[],[],,[],False,1.5404566511278972e-11,,,0.0,0.0,0.019899450078475652,8.89919582615121e-17,True,False,frozen synthetic foreground mean NNLS; production labels only for comparison,"raw postfit residual direction, constrained by NNLS KKT; not absorbed signal fraction",False,False,UNREPORTED_NONTRUTH,0.0005110705320723553,,0.9141611684079146,0.8828401593273719,PE O-16:1_22:5,PE O-16:1_22:5,16,0.18823529411764706,0.7535707925710128,0.0,63,0,63,,FROZEN_CHANNEL_DETECTION_THRESHOLD_NOT_AVAILABLE,,0.0,0.0,,,0.0,candidate spectral contributions; arithmetic channel mean; all aliases,sum of unchanged b values on specified channels; no normalization,LIBRARY_SHARING_SUPPORT_NOT_VERIFIED_IDENTITY_DIAGNOSTIC
V58_MILD_CAL_R2_K125,207,PE 17:1_22:6,0.0003959881134257442,0.0003959881134257442,0.0,0.0,0.0,0.0,,0.0,0.0,[],[],,[],False,1.5404566511278972e-11,,,0.0,0.0,0.019899450078475652,8.89919582615121e-17,True,False,frozen synthetic foreground mean NNLS; production labels only for comparison,"raw postfit residual direction, constrained by NNLS KKT; not absorbed signal fraction",False,True,FP,0.001613591983282429,0.0,0.7806595138717238,0.8039807356722872,PE 18:0_22:6,PE O-18:3_22:6,23,0.2804878048780488,0.9390516953563698,0.0,63,0,63,,FROZEN_CHANNEL_DETECTION_THRESHOLD_NOT_AVAILABLE,,0.0,0.0,,,0.0,candidate spectral contributions; arithmetic channel mean; all aliases,sum of unchanged b values on specified channels; no normalization,LIBRARY_SHARING_SUPPORT_NOT_VERIFIED_IDENTITY_DIAGNOSTIC
V58_MILD_CAL_R2_K125,208,PE O-16:0_22:1,0.0003959881134257442,0.00039622127873588354,2.3316531013931182e-07,0.0005888189610878714,0.00957159168550802,0.03908803984492756,PE O-16:0_22:2,0.009839764283968376,0.25173337733878576,"[""PE O-16:0_22:2"", ""PE O-18:1_22:1"", ""PE O-18:0_20:1"", ""PE O-16:0_22:4"", ""PE O-18:0_22:1""]","[0.009839764283968376, 0.006509658990413288, 0.0026438183027197447, 0.001581015308867212, 0.001443670588270607]",PE O-16:0_22:2,"[""PE O-16:0_22:2""]",True,1.5404566511278972e-11,-1.3876785126003579e-15,2.461116595473275e-13,0.6551201727881752,1.0526750058077716,0.019905307803093214,0.0002224862673397543,True,True,frozen synthetic foreground mean NNLS; production labels only for comparison,"raw postfit residual direction, constrained by NNLS KKT; not absorbed signal fraction",False,True,FP,0.007949047568007562,6.849512707787472e-07,0.9563306215948567,0.9300099516987022,PE O-18:1_22:1,PE O-18:1_22:1,7,0.16279069767441862,0.16072478960030603,0.0,20,0,20,,FROZEN_CHANNEL_DETECTION_THRESHOLD_NOT_AVAILABLE,,0.17624956193519173,0.31256758650234656,,,0.0,candidate spectral contributions; arithmetic channel mean; all aliases,sum of unchanged b values on specified channels; no normalization,LIBRARY_SHARING_SUPPORT_NOT_VERIFIED_IDENTITY_DIAGNOSTIC
V58_MILD_CAL_R2_K125,209,PE O-16:0_22:2,0.0003959881134257442,0.000396055789446807,6.767602106277568e-08,0.000170904172618712,0.011344710640708166,0.05969418765297192,PG 16:0_20:3,0.009212258194321558,0.1543242073704406,"[""PG 16:0_20:3"", ""PE O-18:0_22:2"", ""PE O-16:0_22:4"", ""PE O-16:0_22:3"", ""PE O-16:1_22:2""]","[0.009212258194321558, 0.006753429885250451, 0.006702694637772036, 0.006482417060140853, 0.0034211546601645975]",PG 16:0_20:3,"[""PG 16:0_20:3""]",True,1.5404566511278972e-11,-8.318106252684267e-16,1.2844495858534414e-13,0.578635823185835,1.0666225185053155,0.019901150455358285,0.0002316003927743006,True,True,frozen synthetic foreground mean NNLS; production labels only for comparison,"raw postfit residual direction, constrained by NNLS KKT; not absorbed signal fraction",True,True,TP,0.01048647142090413,1.9880648884284014e-07,0.9660075976109771,0.9407848812493003,PE O-18:2_22:2,PE O-18:2_22:2,8,0.18181818181818182,0.3731623333210231,0.0,21,0,21,,FROZEN_CHANNEL_DETECTION_THRESHOLD_NOT_AVAILABLE,,0.16842079179230793,0.3061610067250747,,,0.0,candidate spectral contributions; arithmetic channel mean; all aliases,sum of unchanged b values on specified channels; no normalization,LIBRARY_SHARING_SUPPORT_NOT_VERIFIED_IDENTITY_DIAGNOSTIC
V58_MILD_CAL_R2_K125,210,PE O-16:0_22:3,0.0003959881134257442,0.0003960339052470738,4.579182132959103e-08,0.00011563938325774655,0.011993649834406603,0.04982686782936558,PE O-16:1_22:3,0.010572651960680822,0.21218776979269843,"[""PE O-16:1_22:3"", ""PE O-16:0_22:4"", ""PE O-16:0_22:2"", ""PE O-18:0_20:3"", ""PG 14:0_22:3""]","[0.010572651960680822, 0.006086928790683697, 0.005724123385594146, 0.00536124212129826, 0.003114949145795364]",PE O-16:1_22:3,"[""PE O-16:1_22:3""]",True,1.5404566511278972e-11,-1.7875485283788272e-15,1.0783494813641063e-14,0.6906110026737211,1.052734040003821,0.019900600625284502,0.00021114973617230193,True,True,frozen synthetic foreground mean NNLS; production labels only for comparison,"raw postfit residual direction, constrained by NNLS KKT; not absorbed signal fraction",True,True,TP,0.004839337541024897,1.3451900796169777e-07,0.9718809409437932,0.949034514751286,PE O-18:2_22:3,PE O-18:2_22:3,8,0.18181818181818182,0.4947923906107463,0.0,21,0,21,,FROZEN_CHANNEL_DETECTION_THRESHOLD_NOT_AVAILABLE,,0.14786592596215453,0.27707565838778686,,,0.0,candidate spectral contributions; arithmetic channel mean; all aliases,sum of unchanged b values on specified channels; no normalization,LIBRARY_SHARING_SUPPORT_NOT_VERIFIED_IDENTITY_DIAGNOSTIC
V58_MILD_CAL_R2_K125,211,PE O-16:0_22:4,0.0003959881134257442,0.0003960054466003075,1.7333174563293093e-08,4.3771956611448785e-05,0.007004085051322829,0.030069843250097223,PE O-16:1_22:4,0.0061032578491964015,0.2029693935625587,"[""PE O-16:1_22:4"", ""PE O-16:0_22:3"", ""PG 14:0_22:3"", ""PE O-18:0_20:4"", ""PG 16:0_22:4""]","[0.0061032578491964015, 0.004070676065230696, 0.0036464990796328776, 0.0025574628788934527, 0.0019386582976679938]",PE O-16:1_22:4,"[""PE O-16:1_22:4""]",True,1.5404566511278972e-11,2.9953640830588045e-15,-1.2004607718971857e-13,0.6815032296754522,1.1086411881331677,0.019899885592643683,0.00013165551474697765,True,True,frozen synthetic foreground mean NNLS; production labels only for comparison,"raw postfit residual direction, constrained by NNLS KKT; not absorbed signal fraction",False,False,UNREPORTED_NONTRUTH,0.0007651418730853569,,0.9642813330662601,0.9406116707106884,PE O-16:1_22:4,PE O-16:1_22:4,23,0.5476190476190477,0.5053004406442968,0.0,28,0,28,,FROZEN_CHANNEL_DETECTION_THRESHOLD_NOT_AVAILABLE,,0.07332636380081933,0.13746916136888668,,,0.0,candidate spectral contributions; arithmetic channel mean; all aliases,sum of unchanged b values on specified channels; no normalization,LIBRARY_SHARING_SUPPORT_NOT_VERIFIED_IDENTITY_DIAGNOSTIC
V58_MILD_CAL_R2_K125,212,PE O-16:0_22:5,0.0003959881134257442,0.0003959881134257442,0.0,0.0,0.0,0.0,,0.0,0.0,[],[],,[],False,1.5404566511278972e-11,,,0.0,0.0,0.019899450078475652,8.89919582615121e-17,True,False,frozen synthetic foreground mean NNLS; production labels only for comparison,"raw postfit residual direction, constrained by NNLS KKT; not absorbed signal fraction",False,True,FP,0.004322780567054271,0.0,0.90997577703283,0.876434080670198,PE O-16:1_22:5,PE O-16:1_22:5,24,0.5581395348837209,0.43454050183738696,0.0,29,0,29,,FROZEN_CHANNEL_DETECTION_THRESHOLD_NOT_AVAILABLE,,0.0,0.0,,,0.0,candidate spectral contributions; arithmetic channel mean; all aliases,sum of unchanged b values on specified channels; no normalization,LIBRARY_SHARING_SUPPORT_NOT_VERIFIED_IDENTITY_DIAGNOSTIC
V58_MILD_CAL_R2_K125,213,PE O-16:0_22:6,0.0003959881134257442,0.0003959881134257442,0.0,0.0,0.0,0.0,,0.0,0.0,[],[],,[],False,1.5404566511278972e-11,,,0.0,0.0,0.019899450078475652,8.89919582615121e-17,True,False,frozen synthetic foreground mean NNLS; production labels only for comparison,"raw postfit residual direction, constrained by NNLS KKT; not absorbed signal fraction",False,True,FP,0.003932278151073182,0.0,0.7632124702069611,0.613559711627466,PE O-18:1_20:5,PE O-18:3_22:6,19,0.34545454545454546,0.6257853300528431,0.0,32,0,32,,FROZEN_CHANNEL_DETECTION_THRESHOLD_NOT_AVAILABLE,,0.0,0.0,,,0.0,candidate spectral contributions; arithmetic channel mean; all aliases,sum of unchanged b values on specified channels; no normalization,LIBRARY_SHARING_SUPPORT_NOT_VERIFIED_IDENTITY_DIAGNOSTIC
V58_MILD_CAL_R2_K125,214,PE O-16:1_22:0,0.0003959881134257442,0.0003962017935875533,2.13680161809083e-07,0.0005396125641774845,0.006139717947810311,0.07181949014126214,PE O-18:0_20:1,0.008181135766612568,0.11391247348605699,"[""PE O-18:0_20:1"", ""PE O-18:2_22:0"", ""PE O-20:0_18:2"", ""PE O-16:1_22:2"", ""PE O-20:2_20:3""]","[0.008181135766612568, 0.005023975199014154, 0.004760821688420232, 0.0045306603580488845, 0.0031567566540527427]",PE O-18:0_20:1,"[""PE O-18:0_20:1""]",True,1.5404566511278972e-11,6.357326458644039e-17,6.091056044501071e-14,0.3350452631054841,1.0942224303384438,0.01990481835103132,0.00046000500147208475,True,True,frozen synthetic foreground mean NNLS; production labels only for comparison,"raw postfit residual direction, constrained by NNLS KKT; not absorbed signal fraction",True,True,TP,0.004593058929369421,6.277112932625058e-07,0.6718844627110993,0.5788300756477466,PA 18:0_22:0,PE O-18:2_22:0,6,0.11764705882352941,0.15611528294467458,0.0,28,0,28,,FROZEN_CHANNEL_DETECTION_THRESHOLD_NOT_AVAILABLE,,0.04937499141103966,0.19243918404665322,,,0.0,candidate spectral contributions; arithmetic channel mean; all aliases,sum of unchanged b values on specified channels; no normalization,LIBRARY_SHARING_SUPPORT_NOT_VERIFIED_IDENTITY_DIAGNOSTIC
V58_MILD_CAL_R2_K125,215,PE O-16:1_22:1,0.0003959881134257442,0.0003959881134257442,0.0,0.0,0.0,0.0,,0.0,0.0,[],[],,[],False,1.5404566511278972e-11,,,0.0,0.0,0.019899450078475652,8.89919582615121e-17,True,False,frozen synthetic foreground mean NNLS; production labels only for comparison,"raw postfit residual direction, constrained by NNLS KKT; not absorbed signal fraction",False,True,FP,0.0016681838785234384,2.0702336723992482e-18,0.9244334492238866,0.8841113326554825,PE O-18:1_22:1,PE O-18:1_22:1,7,0.1346153846153846,0.2582757589101593,0.0,29,0,29,,FROZEN_CHANNEL_DETECTION_THRESHOLD_NOT_AVAILABLE,,0.0,0.0,,,0.0,candidate spectral contributions; arithmetic channel mean; all aliases,sum of unchanged b values on specified channels; no normalization,LIBRARY_SHARING_SUPPORT_NOT_VERIFIED_IDENTITY_DIAGNOSTIC
V58_MILD_CAL_R2_K125,216,PE O-16:1_22:2,0.0003959881134257442,0.00039601965331322785,3.1539887483623616e-08,7.964857109249925e-05,0.005623174608538612,0.041052174235592265,PE O-16:1_22:3,0.005552462551560965,0.1352537997028114,"[""PE O-16:1_22:3"", ""PE O-18:1_22:2"", ""PE O-18:0_20:3"", ""PE O-16:0_22:2"", ""PE O-20:2_20:4""]","[0.005552462551560965, 0.0038818108987025285, 0.0037318985715946076, 0.003354869816512264, 0.002771513858221095]",PE O-16:1_22:3,"[""PE O-16:1_22:3""]",True,1.5404566511278972e-11,1.8751628391177997e-15,4.363376642188529e-13,0.6266356860951187,1.5387980395112628,0.01990024254408041,0.00017229547328179178,True,True,frozen synthetic foreground mean NNLS; production labels only for comparison,"raw postfit residual direction, constrained by NNLS KKT; not absorbed signal fraction",True,True,TP,0.013761758613330963,9.265223029665284e-08,0.9720951637864779,0.9641540303604937,PE O-18:2_22:2,PE O-18:2_22:2,8,0.1509433962264151,0.4707133026308764,0.0,30,0,30,,FROZEN_CHANNEL_DETECTION_THRESHOLD_NOT_AVAILABLE,,0.011975093872910958,0.06367474321378852,,,0.0,candidate spectral contributions; arithmetic channel mean; all aliases,sum of unchanged b values on specified channels; no normalization,LIBRARY_SHARING_SUPPORT_NOT_VERIFIED_IDENTITY_DIAGNOSTIC
V58_MILD_CAL_R2_K125,217,PE O-16:1_22:3,0.0003959881134257442,0.00039644445264938843,4.5633922364420737e-07,0.0011524063652920073,0.033499842935158904,0.13987198358481334,PE O-16:0_22:3,0.021268960439810546,0.1520601902865112,"[""PE O-16:0_22:3"", ""PE O-16:1_22:4"", ""PE O-16:1_22:2"", ""PE 16:0_22:3"", ""PE O-18:0_22:2""]","[0.021268960439810546, 0.016542779794101153, 0.01071289892200311, 0.00955630831840231, 0.007527190086864064]",PE O-16:0_22:3,"[""PE O-16:0_22:3""]",True,1.5404566511278972e-11,-1.1609902707340316e-15,1.4814784386646013e-14,0.6976255666307274,1.0531324767312098,0.01991091290346549,0.000633268542026876,True,True,frozen synthetic foreground mean NNLS; production labels only for comparison,"raw postfit residual direction, constrained by NNLS KKT; not absorbed signal fraction",False,True,FP,0.01399279101313932,1.3405516067312987e-06,0.9789476961909085,0.9782288338228265,PE O-18:2_22:3,PE O-18:2_22:3,8,0.1509433962264151,0.5923433599205995,0.0,30,0,30,,FROZEN_CHANNEL_DETECTION_THRESHOLD_NOT_AVAILABLE,,0.06962955266658961,0.35237780173120725,,,0.0,candidate spectral contributions; arithmetic channel mean; all aliases,sum of unchanged b values on specified channels; no normalization,LIBRARY_SHARING_SUPPORT_NOT_VERIFIED_IDENTITY_DIAGNOSTIC
V58_MILD_CAL_R2_K125,218,PE O-16:1_22:4,0.0003959881134257442,0.00039677133989382584,7.832264680816153e-07,0.0019779039813289296,0.03503349813379654,0.09950245296411567,PE O-16:1_22:3,0.023425303579289944,0.23542438282906014,"[""PE O-16:1_22:3"", ""PE 18:1_22:4"", ""PE 16:1_22:4"", ""PE O-16:0_22:4"", ""PE O-16:0_22:2""]","[0.023425303579289944, 0.008862365035320898, 0.007742840839832131, 0.005972056406537213, 0.005678302551892238]",PE O-16:1_22:3,"[""PE O-16:1_22:3""]",True,1.5404566511278972e-11,-1.6389769826823101e-15,7.629982212960181e-15,0.7746319514188655,1.0420059903558534,0.01991911995781506,0.0006825680484178427,True,True,frozen synthetic foreground mean NNLS; production labels only for comparison,"raw postfit residual direction, constrained by NNLS KKT; not absorbed signal fraction",True,True,TP,0.015248824600010116,2.30082238348098e-06,0.9808689660911778,0.9790903376245963,PE O-18:3_22:4,PE O-18:3_22:4,15,0.25,0.6028514099541501,0.0,37,0,37,,FROZEN_CHANNEL_DETECTION_THRESHOLD_NOT_AVAILABLE,,0.08349472512879455,0.3162399030246336,,,0.0,candidate spectral contributions; arithmetic channel mean; all aliases,sum of unchanged b values on specified channels; no normalization,LIBRARY_SHARING_SUPPORT_NOT_VERIFIED_IDENTITY_DIAGNOSTIC
V58_MILD_CAL_R2_K125,219,PE O-16:1_22:5,0.0003959881134257442,0.0003960187133069017,3.059988115748213e-08,7.727474649550428e-05,0.003698390528164092,0.024195264006452975,PE O-16:1_22:3,0.004151925253859136,0.17160074188817284,"[""PE O-16:1_22:3"", ""PE O-16:0_22:2"", ""PE 18:1_22:5"", ""PG 17:0_20:3"", ""PE 20:1_20:2""]","[0.004151925253859136, 0.00204705862405726, 0.0018266035603054852, 0.0013658171238733752, 0.0011230318618344285]",PE O-16:1_22:3,"[""PE O-16:1_22:3""]",True,1.5404566511278972e-11,5.777639219381712e-16,3.123389951211344e-13,0.4637191887109116,1.0642995633269343,0.01990021892610485,0.00015807518873457404,True,True,frozen synthetic foreground mean NNLS; production labels only for comparison,"raw postfit residual direction, constrained by NNLS KKT; not absorbed signal fraction",True,True,TP,0.019232744929687524,8.98908481362098e-08,0.9447204529559954,0.9540815844831271,PE O-18:3_22:5,PE O-18:3_22:5,16,0.26229508196721313,0.5320914711472401,0.0,38,0,38,,FROZEN_CHANNEL_DETECTION_THRESHOLD_NOT_AVAILABLE,,0.009215744945440207,0.05080468371002222,,,0.0,candidate spectral contributions; arithmetic channel mean; all aliases,sum of unchanged b values on specified channels; no normalization,LIBRARY_SHARING_SUPPORT_NOT_VERIFIED_IDENTITY_DIAGNOSTIC
V58_MILD_CAL_R2_K125,220,PE O-16:1_24:0,0.0003959881134257442,0.00039623124496300125,2.431315372570294e-07,0.0006139869566782704,0.0014954890737237788,0.041995829995997144,PE O-18:0_22:1,0.0030638742160792286,0.07295662965342765,"[""PE O-18:0_22:1"", ""PG 16:0_20:3"", ""PE O-16:0_22:2"", ""PG 20:1_18:3"", ""PA 16:0_24:0""]","[0.0030638742160792286, 0.0028122395874658444, 0.0027524956008576056, 0.002620230997078221, 0.002160140556262454]",PE O-18:0_22:1,"[""PE O-18:0_22:1""]",True,1.5404566511278972e-11,2.281839797518036e-15,3.44722498624252e-14,0.12411712571332076,0.9536201078089724,0.019905558142463656,0.0004686757164366771,True,True,frozen synthetic foreground mean NNLS; production labels only for comparison,"raw postfit residual direction, constrained by NNLS KKT; not absorbed signal fraction",False,True,FP,0.0013696138926338574,7.142282671086882e-07,0.6635490102196412,0.8182998644473404,PA 24:0_16:1,PA 24:0_16:1,6,0.07792207792207792,0.13672287728908328,0.0,28,0,28,,FROZEN_CHANNEL_DETECTION_THRESHOLD_NOT_AVAILABLE,,0.02698723982857319,0.10381493941100021,,,0.0,candidate spectral contributions; arithmetic channel mean; all aliases,sum of unchanged b values on specified channels; no normalization,LIBRARY_SHARING_SUPPORT_NOT_VERIFIED_IDENTITY_DIAGNOSTIC
V58_MILD_CAL_R2_K125,221,PE O-16:1_24:1,0.0003959881134257442,0.00040586510586581475,9.876992440070525e-06,0.024942648731752934,0.007896293878767406,0.09503056468086563,PA 24:1_18:2,0.009388077548366477,0.09879008485106869,"[""PA 24:1_18:2"", ""PE O-16:1_22:2"", ""PE O-18:0_22:2"", ""PE O-20:2_20:3"", ""PE O-16:0_22:1""]","[0.009388077548366477, 0.008583269786966741, 0.007200218307766071, 0.0034333090818109077, 0.003062290761483035]",PA 24:1_18:2,"[""PA 24:1_18:2""]",True,1.5404566511278972e-11,1.3272615524499457e-15,0.030783029439526585,0.24280128862631398,0.8773863431532369,0.02014609405978773,0.002813999952153072,True,True,frozen synthetic foreground mean NNLS; production labels only for comparison,"raw postfit residual direction, constrained by NNLS KKT; not absorbed signal fraction",True,True,TP,0.006795012472474653,2.9014858682237477e-05,0.6708976555148793,0.9368513598429483,PA 18:1_24:1,PA 18:1_24:1,18,0.24,0.14573200375707168,0.0,27,0,27,,FROZEN_CHANNEL_DETECTION_THRESHOLD_NOT_AVAILABLE,,0.10154351609040342,0.9999999998613649,,,0.0,candidate spectral contributions; arithmetic channel mean; all aliases,sum of unchanged b values on specified channels; no normalization,LIBRARY_SHARING_SUPPORT_NOT_VERIFIED_IDENTITY_DIAGNOSTIC
V58_MILD_CAL_R2_K125,222,PE O-16:1_24:4,0.0003959881134257442,0.0003959881134257442,0.0,0.0,0.0,0.0,,0.0,0.0,[],[],,[],False,1.5404566511278972e-11,,,0.0,0.0,0.019899450078475652,8.89919582615121e-17,True,False,frozen synthetic foreground mean NNLS; production labels only for comparison,"raw postfit residual direction, constrained by NNLS KKT; not absorbed signal fraction",False,True,FP,0.003082438241656834,1.7517361843378257e-18,0.9087919438082184,0.9716776177845982,PE 16:0_24:4,PE 16:0_24:4,18,0.2465753424657534,0.12702109952793733,0.0,35,0,35,,FROZEN_CHANNEL_DETECTION_THRESHOLD_NOT_AVAILABLE,,0.0,0.0,,,0.0,candidate spectral contributions; arithmetic channel mean; all aliases,sum of unchanged b values on specified channels; no normalization,LIBRARY_SHARING_SUPPORT_NOT_VERIFIED_IDENTITY_DIAGNOSTIC
V58_MILD_CAL_R2_K125,223,PE O-16:1_24:5,0.0003959881134257442,0.00039599943433946534,1.1320913721117425e-08,2.8589024035569444e-05,0.002432722306720227,0.013299481316323296,PE 16:0_24:5,0.002521060272992447,0.18956079660855865,"[""PE 16:0_24:5"", ""PE O-16:0_22:4"", ""PE O-16:1_22:3"", ""PE 18:0_20:4"", ""PE 20:1_20:2""]","[0.002521060272992447, 0.0015887911038615478, 0.0014575198770424916, 0.0009713306443474255, 0.0008591522517962247]",PE 16:0_24:5,"[""PE 16:0_24:5""]",True,1.5404566511278972e-11,2.111225861816997e-17,0.007777758725523862,0.5382346474739962,1.0010886244452644,0.01989973452937163,8.858327537484538e-05,True,True,frozen synthetic foreground mean NNLS; production labels only for comparison,"raw postfit residual direction, constrained by NNLS KKT; not absorbed signal fraction",False,False,UNREPORTED_NONTRUTH,0.0003492990490036133,,0.9300862044228929,0.9865358863091525,PE 16:0_24:5,PE 16:0_24:5,19,0.25333333333333335,0.1344334918737428,0.0,36,0,36,,FROZEN_CHANNEL_DETECTION_THRESHOLD_NOT_AVAILABLE,,0.06530284621392785,0.6450831070635689,,,0.0,candidate spectral contributions; arithmetic channel mean; all aliases,sum of unchanged b values on specified channels; no normalization,LIBRARY_SHARING_SUPPORT_NOT_VERIFIED_IDENTITY_DIAGNOSTIC
V58_MILD_CAL_R2_K125,224,PE O-16:1_24:6,0.0003959881134257442,0.0003959901553735504,2.041947806154243e-09,5.156588624169803e-06,4.771349264468958e-05,0.0007578244748827785,PE O-16:1_22:3,0.00016251243268977644,0.21444600677547146,"[""PE O-16:1_22:3"", ""PE O-16:0_22:2"", ""PE O-18:0_20:3"", ""PE O-18:2_22:5"", ""PE 20:2_20:2""]","[0.00016251243268977644, 0.00014215389911453186, 7.153731033255825e-05, 6.154418161366179e-05, 2.4281018835165327e-05]",PE O-16:1_22:3,"[""PE O-16:1_22:3""]",True,1.5404566511278972e-11,2.5343415521639316e-15,1.953498140737681e-12,0.03740443348131348,0.21970892841941264,0.019899501385048587,4.518791659743978e-05,True,True,frozen synthetic foreground mean NNLS; production labels only for comparison,"raw postfit residual direction, constrained by NNLS KKT; not absorbed signal fraction",False,False,UNREPORTED_NONTRUTH,1.928719450974894e-05,,0.886774700560749,0.9877203620867723,PE 16:0_24:6,PE 16:0_24:6,22,0.27848101265822783,0.2319081224627123,0.0,39,0,39,,FROZEN_CHANNEL_DETECTION_THRESHOLD_NOT_AVAILABLE,,0.062352096344893124,0.999999976569294,,,0.0,candidate spectral contributions; arithmetic channel mean; all aliases,sum of unchanged b values on specified channels; no normalization,LIBRARY_SHARING_SUPPORT_NOT_VERIFIED_IDENTITY_DIAGNOSTIC
V58_MILD_CAL_R2_K125,225,PE O-18:0_20:1,0.0003959881134257442,0.00039600096960083135,1.2856175087125245e-08,3.246606304274831e-05,0.0021424086781647637,0.017289054599818943,PE O-18:0_22:2,0.0017636774045469393,0.10201121144376502,"[""PE O-18:0_22:2"", ""PE O-16:1_22:0"", ""PE O-18:1_20:1"", ""PE O-20:0_20:2"", ""PG 20:1_18:3""]","[0.0017636774045469393, 0.001430421543885966, 0.0013259703285681372, 0.0011189851884299273, 0.0010419858621708296]",PE O-18:0_22:2,"[""PE O-18:0_22:2""]",True,1.5404566511278972e-11,-1.108391428879024e-15,5.102597861836176e-13,0.4641237162204916,1.094753128658917,0.01989977310425502,0.00011338507435758785,True,True,frozen synthetic foreground mean NNLS; production labels only for comparison,"raw postfit residual direction, constrained by NNLS KKT; not absorbed signal fraction",False,True,FP,0.0026427961009530205,3.776656766875992e-08,0.903772911305544,0.7818984658803916,PE 17:0_20:1,PE 17:0_20:1,18,0.2465753424657534,0.25484898601765904,0.0,27,0,27,,FROZEN_CHANNEL_DETECTION_THRESHOLD_NOT_AVAILABLE,,0.01726760033717824,0.04120294867353049,,,0.0,candidate spectral contributions; arithmetic channel mean; all aliases,sum of unchanged b values on specified channels; no normalization,LIBRARY_SHARING_SUPPORT_NOT_VERIFIED_IDENTITY_DIAGNOSTIC
V58_MILD_CAL_R2_K125,226,PE O-18:0_20:2,0.0003959881134257442,0.0003959881134257442,0.0,0.0,0.0,0.0,,0.0,0.0,[],[],,[],False,1.5404566511278972e-11,,,0.0,0.0,0.019899450078475652,8.89919582615121e-17,True,False,frozen synthetic foreground mean NNLS; production labels only for comparison,"raw postfit residual direction, constrained by NNLS KKT; not absorbed signal fraction",False,True,FP,0.002391942762361073,0.0,0.9501374572146646,0.8680733862074462,PE 20:2_20:2,PE 20:2_20:2,10,0.2222222222222222,0.38885915892434575,0.0,26,0,26,,FROZEN_CHANNEL_DETECTION_THRESHOLD_NOT_AVAILABLE,,0.0,0.0,,,0.0,candidate spectral contributions; arithmetic channel mean; all aliases,sum of unchanged b values on specified channels; no normalization,LIBRARY_SHARING_SUPPORT_NOT_VERIFIED_IDENTITY_DIAGNOSTIC
V58_MILD_CAL_R2_K125,227,PE O-18:0_20:3,0.0003959881134257442,0.00039614578394486387,1.5767051911964392e-07,0.00039816982726437444,0.011724594343425905,0.09207745192559545,PE O-16:0_22:3,0.01601680396316813,0.17394925280878534,"[""PE O-16:0_22:3"", ""PE O-18:0_22:2"", ""PE O-16:1_22:2"", ""PE O-16:1_22:4"", ""PG 17:0_20:3""]","[0.01601680396316813, 0.009261144823803646, 0.007047601723862339, 0.007038337720213526, 0.005660877915352889]",PE O-16:0_22:3,"[""PE O-16:0_22:3""]",True,1.5404566511278972e-11,2.870055836851226e-16,1.0716281003339147e-13,0.39507231806941784,1.0500226779779847,0.019903411364508957,0.0003564898713604402,True,True,frozen synthetic foreground mean NNLS; production labels only for comparison,"raw postfit residual direction, constrained by NNLS KKT; not absorbed signal fraction",False,False,UNREPORTED_NONTRUTH,0.0005679821486903642,,0.952285896033934,0.8896130173283325,PE 20:3_20:3,PE 20:3_20:3,10,0.2222222222222222,0.45021496495885915,0.0,26,0,26,,FROZEN_CHANNEL_DETECTION_THRESHOLD_NOT_AVAILABLE,,0.08388584886493426,0.17426384243811938,,,0.0,candidate spectral contributions; arithmetic channel mean; all aliases,sum of unchanged b values on specified channels; no normalization,LIBRARY_SHARING_SUPPORT_NOT_VERIFIED_IDENTITY_DIAGNOSTIC
V58_MILD_CAL_R2_K125,228,PE O-18:0_20:4,0.0003959881134257442,0.00039600139487408215,1.3281448337930553e-08,3.354001762702172e-05,0.002316100595581654,0.026149145903225635,PE O-16:0_22:4,0.00629764657745564,0.2408356510197894,"[""PE O-16:0_22:4"", ""PE O-16:1_22:3"", ""PG 16:0_20:3"", ""PE O-18:0_20:3"", ""PE O-18:1_22:2""]","[0.00629764657745564, 0.003970370508897293, 0.002992974647605739, 0.00143761074713784, 0.0011909271717504624]",PE O-16:0_22:4,"[""PE O-16:0_22:4""]",True,1.5404566511278972e-11,1.8081370361334546e-15,-4.3496002127732137e-13,0.27031391477495975,1.1257112816497679,0.019899783789631528,0.00010250965598937521,True,True,frozen synthetic foreground mean NNLS; production labels only for comparison,"raw postfit residual direction, constrained by NNLS KKT; not absorbed signal fraction",False,True,FP,0.003144083517098869,3.901585922544964e-08,0.8590747896330422,0.8017422982702199,PE 20:4_20:4,PE 20:4_20:4,21,0.3559322033898305,0.576944319663069,0.0,37,0,37,,FROZEN_CHANNEL_DETECTION_THRESHOLD_NOT_AVAILABLE,,0.014442996007536795,0.04249891735864158,,,0.0,candidate spectral contributions; arithmetic channel mean; all aliases,sum of unchanged b values on specified channels; no normalization,LIBRARY_SHARING_SUPPORT_NOT_VERIFIED_IDENTITY_DIAGNOSTIC
V58_MILD_CAL_R2_K125,229,PE O-18:0_20:5,0.0003959881134257442,0.0003959881134257442,0.0,0.0,0.0,0.0,,0.0,0.0,[],[],,[],False,1.5404566511278972e-11,,,0.0,0.0,0.019899450078475652,8.89919582615121e-17,True,False,frozen synthetic foreground mean NNLS; production labels only for comparison,"raw postfit residual direction, constrained by NNLS KKT; not absorbed signal fraction",False,True,FP,0.001319249388581664,4.777462320921342e-19,0.560461411984244,0.6384278372370842,PE 20:0_20:5,PE O-18:1_20:5,27,0.54,0.5298268833152262,0.0,35,0,35,,FROZEN_CHANNEL_DETECTION_THRESHOLD_NOT_AVAILABLE,,0.0,0.0,,,0.0,candidate spectral contributions; arithmetic channel mean; all aliases,sum of unchanged b values on specified channels; no normalization,LIBRARY_SHARING_SUPPORT_NOT_VERIFIED_IDENTITY_DIAGNOSTIC
V58_MILD_CAL_R2_K125,230,PE O-18:0_22:1,0.0003959881134257442,0.0004040410338091712,8.052920383426953e-06,0.020336267908205207,0.026220374119914434,0.17057420245184768,PE O-16:0_22:1,0.024376583576817917,0.14290896997484953,"[""PE O-16:0_22:1"", ""PE O-18:0_22:2"", ""PA 18:0_22:0"", ""PG 14:0_22:3"", ""PA 20:0_20:1""]","[0.024376583576817917, 0.020016670869027555, 0.01780878281488033, 0.008531926129229497, 0.008498501458573103]",PE O-16:0_22:1,"[""PE O-16:0_22:1""]",True,1.5404566511278972e-11,-1.157644848502772e-15,-1.9522601569723793e-14,0.575751172797313,1.1608907457994229,0.020100771970478427,0.0027548486552608086,True,True,frozen synthetic foreground mean NNLS; production labels only for comparison,"raw postfit residual direction, constrained by NNLS KKT; not absorbed signal fraction",True,True,TP,0.024359039707491533,2.3656426621987275e-05,0.973077650010414,0.9589355710014856,PE O-18:1_22:1,PE O-18:1_22:1,15,0.39473684210526316,0.1540016473639351,0.0,23,0,23,,FROZEN_CHANNEL_DETECTION_THRESHOLD_NOT_AVAILABLE,,0.23835321260978423,0.4207003449533888,,,0.0,candidate spectral contributions; arithmetic channel mean; all aliases,sum of unchanged b values on specified channels; no normalization,LIBRARY_SHARING_SUPPORT_NOT_VERIFIED_IDENTITY_DIAGNOSTIC
V58_MILD_CAL_R2_K125,231,PE O-18:0_22:2,0.0003959881134257442,0.0003962309227941407,2.4280936839648397e-07,0.0006131733745307036,0.018039889302793783,0.09730909093302688,PE O-16:0_22:2,0.015607833509785356,0.16039440261924834,"[""PE O-16:0_22:2"", ""PE O-18:0_20:3"", ""PE O-16:1_22:3"", ""PG 14:0_22:3"", ""PE O-18:1_22:2""]","[0.015607833509785356, 0.008505523389134172, 0.008398977644274351, 0.008262502718401166, 0.007839918086682114]",PE O-16:0_22:2,"[""PE O-16:0_22:2""]",True,1.5404566511278972e-11,-6.580717333815654e-15,-1.0408193606968945e-13,0.7306330294641109,1.3776678955857016,0.019905550050027285,0.0004668462031765394,True,True,frozen synthetic foreground mean NNLS; production labels only for comparison,"raw postfit residual direction, constrained by NNLS KKT; not absorbed signal fraction",True,True,TP,0.015295244404707057,7.132818571547209e-07,0.9674555952015699,0.9470044196735385,PE O-18:2_22:2,PE O-18:2_22:2,10,0.2222222222222222,0.36643919108465206,0.0,24,0,24,,FROZEN_CHANNEL_DETECTION_THRESHOLD_NOT_AVAILABLE,,0.1328885942567313,0.2732181092313754,,,0.0,candidate spectral contributions; arithmetic channel mean; all aliases,sum of unchanged b values on specified channels; no normalization,LIBRARY_SHARING_SUPPORT_NOT_VERIFIED_IDENTITY_DIAGNOSTIC
V58_MILD_CAL_R2_K125,232,PE O-18:0_22:3,0.0003959881134257442,0.0003959881134257442,0.0,0.0,0.0,0.0,,0.0,0.0,[],[],,[],False,1.5404566511278972e-11,,,0.0,0.0,0.019899450078475652,8.89919582615121e-17,True,False,frozen synthetic foreground mean NNLS; production labels only for comparison,"raw postfit residual direction, constrained by NNLS KKT; not absorbed signal fraction",False,True,FP,0.0032614584546246596,0.0,0.9529791163920968,0.9173419292565764,PE O-18:2_22:3,PE O-18:2_22:3,10,0.2222222222222222,0.48806924837437526,0.0,24,0,24,,FROZEN_CHANNEL_DETECTION_THRESHOLD_NOT_AVAILABLE,,0.0,0.0,,,0.0,candidate spectral contributions; arithmetic channel mean; all aliases,sum of unchanged b values on specified channels; no normalization,LIBRARY_SHARING_SUPPORT_NOT_VERIFIED_IDENTITY_DIAGNOSTIC
V58_MILD_CAL_R2_K125,233,PE O-18:0_22:4,0.0003959881134257442,0.0003959881134257442,0.0,0.0,0.0,0.0,,0.0,0.0,[],[],,[],False,1.5404566511278972e-11,,,0.0,0.0,0.019899450078475652,8.89919582615121e-17,True,False,frozen synthetic foreground mean NNLS; production labels only for comparison,"raw postfit residual direction, constrained by NNLS KKT; not absorbed signal fraction",False,False,UNREPORTED_NONTRUTH,7.16077071180158e-05,,0.9315389761913561,0.9033802467294625,PE O-16:1_22:4,PE O-16:1_22:4,15,0.2830188679245283,0.498577298407926,0.0,31,0,31,,FROZEN_CHANNEL_DETECTION_THRESHOLD_NOT_AVAILABLE,,0.0,0.0,,,0.0,candidate spectral contributions; arithmetic channel mean; all aliases,sum of unchanged b values on specified channels; no normalization,LIBRARY_SHARING_SUPPORT_NOT_VERIFIED_IDENTITY_DIAGNOSTIC
V58_MILD_CAL_R2_K125,234,PE O-18:0_22:5,0.0003959881134257442,0.0003963905247310123,4.0241130526809735e-07,0.001016220665743132,0.0030344316635536957,0.05970426624079287,PE O-18:1_22:4,0.009957534488922686,0.16678095412137284,"[""PE O-18:1_22:4"", ""PE O-16:0_22:2"", ""PE O-16:1_22:2"", ""PE O-20:2_20:3"", ""PE 20:1_20:2""]","[0.009957534488922686, 0.005942838722256203, 0.0047095142614525885, 0.00425229580520458, 0.0027879993674482847]",PE O-18:1_22:4,"[""PE O-18:1_22:4""]",True,1.5404566511278972e-11,3.2276457141187503e-15,0.03759861549708157,0.2350808734522239,1.6198270547144964,0.019909558627227587,0.0003586948388583609,True,True,frozen synthetic foreground mean NNLS; production labels only for comparison,"raw postfit residual direction, constrained by NNLS KKT; not absorbed signal fraction",False,True,FP,0.0015385422526560664,1.1821318306499455e-06,0.8503791606877305,0.8695914102370766,PE O-16:1_22:5,PE O-16:1_22:5,16,0.2962962962962963,0.42781735960101597,0.0,32,0,32,,FROZEN_CHANNEL_DETECTION_THRESHOLD_NOT_AVAILABLE,,0.031972688244925405,0.09055330181873603,,,0.0,candidate spectral contributions; arithmetic channel mean; all aliases,sum of unchanged b values on specified channels; no normalization,LIBRARY_SHARING_SUPPORT_NOT_VERIFIED_IDENTITY_DIAGNOSTIC
V58_MILD_CAL_R2_K125,235,PE O-18:0_22:6,0.0003959881134257442,0.0003959881134257442,0.0,0.0,0.0,0.0,,0.0,0.0,[],[],,[],False,1.5404566511278972e-11,,,0.0,0.0,0.019899450078475652,8.89919582615121e-17,True,False,frozen synthetic foreground mean NNLS; production labels only for comparison,"raw postfit residual direction, constrained by NNLS KKT; not absorbed signal fraction",False,True,FP,0.0021814469206322008,1.7517361843378257e-18,0.6568414227932775,0.7574490004349308,PE O-18:3_22:6,PE O-18:3_22:6,19,0.3275862068965517,0.6190621878164723,0.0,35,0,35,,FROZEN_CHANNEL_DETECTION_THRESHOLD_NOT_AVAILABLE,,0.0,0.0,,,0.0,candidate spectral contributions; arithmetic channel mean; all aliases,sum of unchanged b values on specified channels; no normalization,LIBRARY_SHARING_SUPPORT_NOT_VERIFIED_IDENTITY_DIAGNOSTIC
V58_MILD_CAL_R2_K125,236,PE O-18:1_20:1,0.0003959881134257442,0.00039725159658889867,1.263483163154442e-06,0.003190709814577959,0.022144064306724966,0.1527707337402008,PE O-16:0_22:2,0.01777674600275092,0.11636224797391741,"[""PE O-16:0_22:2"", ""PE O-18:0_20:1"", ""PE O-20:0_18:2"", ""PE O-16:1_22:1"", ""PE O-18:1_20:2""]","[0.01777674600275092, 0.01257116298701439, 0.011211361815660091, 0.009202360508893332, 0.008949987450125488]",PE O-16:0_22:2,"[""PE O-16:0_22:2""]",True,1.5404566511278972e-11,-6.292749158355012e-15,-6.428325957776441e-14,0.5350224264903093,1.0970233284569937,0.019931171480595387,0.0006697387603171629,True,True,frozen synthetic foreground mean NNLS; production labels only for comparison,"raw postfit residual direction, constrained by NNLS KKT; not absorbed signal fraction",True,True,TP,0.008259490781391475,3.7116344523639525e-06,0.8646103188311439,0.689062606925009,PE O-18:0_20:1,PE O-18:0_20:1,19,0.4523809523809524,0.3249814232272623,0.0,34,0,34,,FROZEN_CHANNEL_DETECTION_THRESHOLD_NOT_AVAILABLE,,0.04007869016511935,0.1830025314065289,,,0.0,candidate spectral contributions; arithmetic channel mean; all aliases,sum of unchanged b values on specified channels; no normalization,LIBRARY_SHARING_SUPPORT_NOT_VERIFIED_IDENTITY_DIAGNOSTIC
V58_MILD_CAL_R2_K125,237,PE O-18:1_20:2,0.0003959881134257442,0.0003959881134257442,0.0,0.0,0.0,0.0,,0.0,0.0,[],[],,[],False,1.5404566511278972e-11,,,0.0,0.0,0.019899450078475652,8.89919582615121e-17,True,False,frozen synthetic foreground mean NNLS; production labels only for comparison,"raw postfit residual direction, constrained by NNLS KKT; not absorbed signal fraction",False,True,FP,0.008432961552865353,0.0,0.9580837489867586,0.8962075847872444,PE 20:2_20:2,PE 20:2_20:2,10,0.19230769230769232,0.458991596133949,0.0,33,0,33,,FROZEN_CHANNEL_DETECTION_THRESHOLD_NOT_AVAILABLE,,0.0,0.0,,,0.0,candidate spectral contributions; arithmetic channel mean; all aliases,sum of unchanged b values on specified channels; no normalization,LIBRARY_SHARING_SUPPORT_NOT_VERIFIED_IDENTITY_DIAGNOSTIC
V58_MILD_CAL_R2_K125,238,PE O-18:1_20:3,0.0003959881134257442,0.0003959881134257442,0.0,0.0,0.0,0.0,,0.0,0.0,[],[],,[],False,1.5404566511278972e-11,,,0.0,0.0,0.019899450078475652,8.89919582615121e-17,True,False,frozen synthetic foreground mean NNLS; production labels only for comparison,"raw postfit residual direction, constrained by NNLS KKT; not absorbed signal fraction",False,True,FP,0.00557046580757217,0.0,0.9764529162651795,0.9556481327629363,PE 20:3_20:3,PE 20:3_20:3,10,0.19230769230769232,0.5203474021684624,0.0,33,0,33,,FROZEN_CHANNEL_DETECTION_THRESHOLD_NOT_AVAILABLE,,0.0,0.0,,,0.0,candidate spectral contributions; arithmetic channel mean; all aliases,sum of unchanged b values on specified channels; no normalization,LIBRARY_SHARING_SUPPORT_NOT_VERIFIED_IDENTITY_DIAGNOSTIC
V58_MILD_CAL_R2_K125,239,PE O-18:1_20:4,0.0003959881134257442,0.00039658064523114076,5.925318053965375e-07,0.0014963373490535642,0.014982002890942476,0.12120423347159245,PE O-18:1_22:2,0.01554755106978905,0.12827564371590014,"[""PE O-18:1_22:2"", ""PE O-16:0_22:5"", ""PE 18:1_22:4"", ""PE O-16:1_22:4"", ""PE 18:2_20:4""]","[0.01554755106978905, 0.011784477147609709, 0.008690217774184385, 0.007384996704920321, 0.0068339362868774685]",PE O-18:1_22:2,"[""PE O-18:1_22:2""]",True,1.5404566511278972e-11,2.3682756471697594e-15,2.889121913905925e-13,0.5382388735610374,1.45042191627854,0.019914332658443293,0.00047126922702187126,True,True,frozen synthetic foreground mean NNLS; production labels only for comparison,"raw postfit residual direction, constrained by NNLS KKT; not absorbed signal fraction",True,True,TP,0.014305152752340494,1.7406337711247056e-06,0.9453508524122247,0.9084157675427742,PE 20:4_20:4,PE 20:4_20:4,21,0.3181818181818182,0.6470767568726721,0.0,44,0,44,,FROZEN_CHANNEL_DETECTION_THRESHOLD_NOT_AVAILABLE,,0.029958282042230423,0.1506489040091203,,,0.0,candidate spectral contributions; arithmetic channel mean; all aliases,sum of unchanged b values on specified channels; no normalization,LIBRARY_SHARING_SUPPORT_NOT_VERIFIED_IDENTITY_DIAGNOSTIC
V58_MILD_CAL_R2_K125,240,PE O-18:1_20:5,0.0003959881134257442,0.0003959881134257442,0.0,0.0,0.0,0.0,,0.0,0.0,[],[],,[],False,1.5404566511278972e-11,,,0.0,0.0,0.019899450078475652,8.89919582615121e-17,True,False,frozen synthetic foreground mean NNLS; production labels only for comparison,"raw postfit residual direction, constrained by NNLS KKT; not absorbed signal fraction",False,True,FP,0.0013084583270930215,4.777462320921342e-19,0.6612863222653416,0.613559711627466,PE O-16:0_22:6,PE 20:0_20:5,19,0.20212765957446807,0.5999593205248293,0.0,42,0,42,,FROZEN_CHANNEL_DETECTION_THRESHOLD_NOT_AVAILABLE,,0.0,0.0,,,0.0,candidate spectral contributions; arithmetic channel mean; all aliases,sum of unchanged b values on specified channels; no normalization,LIBRARY_SHARING_SUPPORT_NOT_VERIFIED_IDENTITY_DIAGNOSTIC
V58_MILD_CAL_R2_K125,241,PE O-18:1_22:1,0.0003959881134257442,0.0003959881134257442,0.0,0.0,0.0,0.0,,0.0,0.0,[],[],,[],False,1.5404566511278972e-11,,,0.0,0.0,0.019899450078475652,8.89919582615121e-17,True,False,frozen synthetic foreground mean NNLS; production labels only for comparison,"raw postfit residual direction, constrained by NNLS KKT; not absorbed signal fraction",True,True,TP,0.0016448638009347626,0.0,0.973077650010414,0.9589355710014856,PE O-18:0_22:1,PE O-18:0_22:1,15,0.39473684210526316,0.2241340845735383,0.0,30,0,30,,FROZEN_CHANNEL_DETECTION_THRESHOLD_NOT_AVAILABLE,,0.0,0.0,,,0.0,candidate spectral contributions; arithmetic channel mean; all aliases,sum of unchanged b values on specified channels; no normalization,LIBRARY_SHARING_SUPPORT_NOT_VERIFIED_IDENTITY_DIAGNOSTIC
V58_MILD_CAL_R2_K125,242,PE O-18:1_22:2,0.0003959881134257442,0.00039755666735006445,1.5685539243202266e-06,0.0039611136475520715,0.05823023878520809,0.17785691012695481,PE O-18:1_22:3,0.03581088642360602,0.2013466128352435,"[""PE O-18:1_22:3"", ""PE O-16:1_22:2"", ""PE O-16:0_22:2"", ""PE O-18:1_20:3"", ""PG 14:0_22:3""]","[0.03581088642360602, 0.025971091611075747, 0.020523428178476903, 0.011597961176834648, 0.009023495511002663]",PE O-18:1_22:3,"[""PE O-18:1_22:3""]",True,1.5404566511278972e-11,3.413333848334918e-15,0.015265389100623864,0.7867689025312082,1.0331853227455237,0.01993882311848081,0.0006417983492791903,True,True,frozen synthetic foreground mean NNLS; production labels only for comparison,"raw postfit residual direction, constrained by NNLS KKT; not absorbed signal fraction",True,True,TP,0.045943659976188954,4.607816673523845e-06,0.9852489893575547,0.9849697877800343,PE O-18:2_22:2,PE O-18:2_22:2,19,0.4418604651162791,0.43657162829425533,0.0,31,0,31,,FROZEN_CHANNEL_DETECTION_THRESHOLD_NOT_AVAILABLE,,0.08634052887179672,0.3905803082071751,,,0.0,candidate spectral contributions; arithmetic channel mean; all aliases,sum of unchanged b values on specified channels; no normalization,LIBRARY_SHARING_SUPPORT_NOT_VERIFIED_IDENTITY_DIAGNOSTIC
V58_MILD_CAL_R2_K125,243,PE O-18:1_22:3,0.0003959881134257442,0.0003959881134257442,0.0,0.0,0.0,0.0,,0.0,0.0,[],[],,[],False,1.5404566511278972e-11,,,0.0,0.0,0.019899450078475652,8.89919582615121e-17,True,False,frozen synthetic foreground mean NNLS; production labels only for comparison,"raw postfit residual direction, constrained by NNLS KKT; not absorbed signal fraction",True,True,TP,0.012386385773585503,0.0,0.9842426521099875,0.982858420497364,PE O-18:2_22:3,PE O-18:2_22:3,19,0.4418604651162791,0.5582016855839786,0.0,31,0,31,,FROZEN_CHANNEL_DETECTION_THRESHOLD_NOT_AVAILABLE,,0.0,0.0,,,0.0,candidate spectral contributions; arithmetic channel mean; all aliases,sum of unchanged b values on specified channels; no normalization,LIBRARY_SHARING_SUPPORT_NOT_VERIFIED_IDENTITY_DIAGNOSTIC
V58_MILD_CAL_R2_K125,244,PE O-18:1_22:4,0.0003959881134257442,0.0003959881134257442,0.0,0.0,0.0,0.0,,0.0,0.0,[],[],,[],False,1.5404566511278972e-11,,,0.0,0.0,0.019899450078475652,8.89919582615121e-17,True,False,frozen synthetic foreground mean NNLS; production labels only for comparison,"raw postfit residual direction, constrained by NNLS KKT; not absorbed signal fraction",True,True,TP,0.0010321810299627355,1.2739899522456913e-18,0.9761218381725485,0.9742373479338999,PE O-16:1_22:4,PE O-16:1_22:4,15,0.25,0.5687097356175294,0.0,38,0,38,,FROZEN_CHANNEL_DETECTION_THRESHOLD_NOT_AVAILABLE,,0.0,0.0,,,0.0,candidate spectral contributions; arithmetic channel mean; all aliases,sum of unchanged b values on specified channels; no normalization,LIBRARY_SHARING_SUPPORT_NOT_VERIFIED_IDENTITY_DIAGNOSTIC
V58_MILD_CAL_R2_K125,245,PE O-18:1_22:5,0.0003959881134257442,0.00040259312329810374,6.605009872359517e-06,0.01667981848884025,0.022649251961141488,0.1650893200661451,PE O-18:2_22:4,0.017407628628152306,0.10544369933241156,"[""PE O-18:2_22:4"", ""PE O-18:1_20:3"", ""PE O-20:2_20:4"", ""PE O-18:1_22:2"", ""PG 18:2_20:2""]","[0.017407628628152306, 0.017291630430059136, 0.01590652830501012, 0.014338833177539902, 0.008263160350281868]",PE O-18:2_22:4,"[""PE O-18:2_22:4""]",True,1.5404566511278972e-11,2.9786926886023284e-15,0.008292566539765685,0.4524378399659166,1.0409789746133338,0.02006472335463671,0.0022962309713429534,True,True,frozen synthetic foreground mean NNLS; production labels only for comparison,"raw postfit residual direction, constrained by NNLS KKT; not absorbed signal fraction",True,True,TP,0.013623776825340083,1.9403014551657656e-05,0.909310064925551,0.9248301596009646,PE O-16:1_22:5,PE O-16:1_22:5,16,0.26229508196721313,0.49794979681061924,0.0,39,0,39,,FROZEN_CHANNEL_DETECTION_THRESHOLD_NOT_AVAILABLE,,0.05970220339705205,0.28338643539383723,,,0.0,candidate spectral contributions; arithmetic channel mean; all aliases,sum of unchanged b values on specified channels; no normalization,LIBRARY_SHARING_SUPPORT_NOT_VERIFIED_IDENTITY_DIAGNOSTIC
V58_MILD_CAL_R2_K125,246,PE O-18:1_22:6,0.0003959881134257442,0.0003959881134257442,0.0,0.0,0.0,0.0,,0.0,0.0,[],[],,[],False,1.5404566511278972e-11,,,0.0,0.0,0.019899450078475652,8.89919582615121e-17,True,False,frozen synthetic foreground mean NNLS; production labels only for comparison,"raw postfit residual direction, constrained by NNLS KKT; not absorbed signal fraction",True,True,TP,0.005764929443073133,0.0,0.7441668206459111,0.8110852190859869,PE O-18:3_22:6,PE O-18:3_22:6,22,0.3548387096774194,0.6891946250260752,0.0,42,0,42,,FROZEN_CHANNEL_DETECTION_THRESHOLD_NOT_AVAILABLE,,0.0,0.0,,,0.0,candidate spectral contributions; arithmetic channel mean; all aliases,sum of unchanged b values on specified channels; no normalization,LIBRARY_SHARING_SUPPORT_NOT_VERIFIED_IDENTITY_DIAGNOSTIC
V58_MILD_CAL_R2_K125,247,PE O-20:0_18:2,0.0003959881134257442,0.0003977437885978725,1.7556751721282612e-06,0.004433656234037009,0.01731243474387321,0.17250686466622756,PE O-16:0_22:2,0.02045268939990716,0.11856159718258859,"[""PE O-16:0_22:2"", ""PG 18:2_18:2"", ""PE O-18:1_20:1"", ""PE O-20:0_20:2"", ""PG 16:0_22:4""]","[0.02045268939990716, 0.0164229294436115, 0.012956247495983415, 0.010822382653976219, 0.01000232383084487]",PE O-16:0_22:2,"[""PE O-16:0_22:2""]",True,1.5404566511278972e-11,1.9052758806769596e-16,7.8726852416221e-14,0.44574334741422705,1.3263225657229876,0.019943514950927575,0.0010938383651050898,True,True,frozen synthetic foreground mean NNLS; production labels only for comparison,"raw postfit residual direction, constrained by NNLS KKT; not absorbed signal fraction",True,True,TP,0.025149870638549603,5.157507947920259e-06,0.823634798081202,0.7314471289136893,PE O-20:1_18:2,PE O-20:1_18:2,20,0.47619047619047616,0.5129631404933299,0.0,29,0,29,,FROZEN_CHANNEL_DETECTION_THRESHOLD_NOT_AVAILABLE,,0.2503827383958442,0.6485580227235939,,,0.0,candidate spectral contributions; arithmetic channel mean; all aliases,sum of unchanged b values on specified channels; no normalization,LIBRARY_SHARING_SUPPORT_NOT_VERIFIED_IDENTITY_DIAGNOSTIC
V58_MILD_CAL_R2_K125,248,PE O-20:1_18:2,0.0003959881134257442,0.00039609423531128244,1.0612188553821766e-07,0.0002679926029904053,0.002896010960519095,0.028577842201556288,PE O-16:1_22:2,0.003707143197034078,0.12972089252779462,"[""PE O-16:1_22:2"", ""PE O-16:0_22:3"", ""PG 17:1_20:2"", ""PG 17:0_20:2"", ""PE O-20:0_18:2""]","[0.003707143197034078, 0.0032460681520717176, 0.002510166895957013, 0.002317605885065712, 0.0016938392995714535]",PE O-16:1_22:2,"[""PE O-16:1_22:2""]",True,1.5404566511278972e-11,-5.913108308132591e-15,-1.4968852242108122e-13,0.35134115721996356,1.1111321384066029,0.01990211635257122,0.00021759650237767822,True,True,frozen synthetic foreground mean NNLS; production labels only for comparison,"raw postfit residual direction, constrained by NNLS KKT; not absorbed signal fraction",False,True,FP,0.0021737111206589217,3.117458609661042e-07,0.823634798081202,0.7314471289136893,PE O-20:0_18:2,PE O-20:0_18:2,20,0.47619047619047616,0.5210103298348712,0.0,33,0,33,,FROZEN_CHANNEL_DETECTION_THRESHOLD_NOT_AVAILABLE,,0.0853243590697097,0.8578869876049792,,,0.0,candidate spectral contributions; arithmetic channel mean; all aliases,sum of unchanged b values on specified channels; no normalization,LIBRARY_SHARING_SUPPORT_NOT_VERIFIED_IDENTITY_DIAGNOSTIC
V58_MILD_CAL_R2_K125,249,PE O-18:2_20:2,0.0003959881134257442,0.0003959881134257442,0.0,0.0,0.0,0.0,,0.0,0.0,[],[],,[],False,1.5404566511278972e-11,,,0.0,0.0,0.019899450078475652,8.89919582615121e-17,True,False,frozen synthetic foreground mean NNLS; production labels only for comparison,"raw postfit residual direction, constrained by NNLS KKT; not absorbed signal fraction",True,False,FN,0.0,,0.9751699462778021,0.9440649910182647,PE 20:2_20:2,PE 20:2_20:2,10,0.19230769230769232,0.5678534100950903,0.0,33,0,33,,FROZEN_CHANNEL_DETECTION_THRESHOLD_NOT_AVAILABLE,,0.0,0.0,,,0.0,candidate spectral contributions; arithmetic channel mean; all aliases,sum of unchanged b values on specified channels; no normalization,LIBRARY_SHARING_SUPPORT_NOT_VERIFIED_IDENTITY_DIAGNOSTIC
V58_MILD_CAL_R2_K125,250,PE O-18:2_20:3,0.0003959881134257442,0.00039629696533617805,3.0885191043382313e-07,0.0007799524763052935,0.013097806489160254,0.07340133482146277,PE O-16:0_22:2,0.011173635496054901,0.1522265981004404,"[""PE O-16:0_22:2"", ""PG 16:0_20:3"", ""PE O-16:1_22:3"", ""PE O-18:2_22:3"", ""PE O-18:0_20:3""]","[0.011173635496054901, 0.006139279587717254, 0.0060498750503723275, 0.005836106363852015, 0.005422400689731903]",PE O-16:0_22:2,"[""PE O-16:0_22:2""]",True,1.5404566511278972e-11,7.902636187977188e-16,2.340948787485144e-13,0.5314487223444767,1.0428645924684066,0.019907208878599175,0.00041915465164842265,True,True,frozen synthetic foreground mean NNLS; production labels only for comparison,"raw postfit residual direction, constrained by NNLS KKT; not absorbed signal fraction",False,True,FP,0.014135478082122089,9.07289803991258e-07,0.9807094402918834,0.9687521053802138,PE 20:3_20:3,PE 20:3_20:3,10,0.19230769230769232,0.6292092161296037,0.0,33,0,33,,FROZEN_CHANNEL_DETECTION_THRESHOLD_NOT_AVAILABLE,,0.022733304579873426,0.094578477703743,,,0.0,candidate spectral contributions; arithmetic channel mean; all aliases,sum of unchanged b values on specified channels; no normalization,LIBRARY_SHARING_SUPPORT_NOT_VERIFIED_IDENTITY_DIAGNOSTIC
V58_MILD_CAL_R2_K125,251,PE O-18:2_20:4,0.0003959881134257442,0.00039859528814616005,2.6071747204158262e-06,0.0065839721583480105,0.03377455083601483,0.2091027585127588,PE O-18:2_20:3,0.03214343552939471,0.1537207627381907,"[""PE O-18:2_20:3"", ""PE O-16:0_22:3"", ""PE O-16:1_22:4"", ""PE 16:0_22:3"", ""PG 14:0_22:3""]","[0.03214343552939471, 0.017552525053495187, 0.013656371967039775, 0.009535796846180028, 0.00881962154630556]",PE O-18:2_20:3,"[""PE O-18:2_20:3""]",True,1.5404566511278972e-11,-1.0880413333325364e-15,4.3939730315474606e-14,0.5414007632201007,1.106181363895914,0.01996485131790768,0.0012065570667837242,True,True,frozen synthetic foreground mean NNLS; production labels only for comparison,"raw postfit residual direction, constrained by NNLS KKT; not absorbed signal fraction",True,True,TP,0.01453524353163065,7.658890753614073e-06,0.9715405509918842,0.9144041356804798,PE 20:4_20:4,PE 20:4_20:4,21,0.3181818181818182,0.7559385708338133,0.0,44,0,44,,FROZEN_CHANNEL_DETECTION_THRESHOLD_NOT_AVAILABLE,,0.06548012717940216,0.28987868337513834,,,0.0,candidate spectral contributions; arithmetic channel mean; all aliases,sum of unchanged b values on specified channels; no normalization,LIBRARY_SHARING_SUPPORT_NOT_VERIFIED_IDENTITY_DIAGNOSTIC
V58_MILD_CAL_R2_K125,252,PE O-18:2_22:0,0.0003959881134257442,0.0003961872278626429,1.991144368986941e-07,0.0005028293265504868,0.0050176047890282734,0.08111262809329774,PE O-18:0_22:2,0.008296294896156037,0.10228117484383756,"[""PE O-18:0_22:2"", ""PE O-16:0_22:3"", ""PE O-18:1_20:1"", ""PG 17:0_20:3"", ""PE O-20:0_20:2""]","[0.008296294896156037, 0.007415969307668658, 0.0038137839540205755, 0.003702291254503186, 0.0036713480182295408]",PE O-18:0_22:2,"[""PE O-18:0_22:2""]",True,1.5404566511278972e-11,-9.16803808012428e-16,1.4549206562052657e-13,0.23116084727353556,1.084376467778937,0.0199044524632717,0.0004236618278547164,True,True,frozen synthetic foreground mean NNLS; production labels only for comparison,"raw postfit residual direction, constrained by NNLS KKT; not absorbed signal fraction",True,True,TP,0.0136799918380677,5.849227164309009e-07,0.6718844627110993,0.5732749874791854,PE O-16:1_22:0,PE O-16:1_22:0,6,0.11764705882352941,0.23083542256919484,0.0,29,0,29,,FROZEN_CHANNEL_DETECTION_THRESHOLD_NOT_AVAILABLE,,0.027902600909053103,0.1310967573398621,,,0.0,candidate spectral contributions; arithmetic channel mean; all aliases,sum of unchanged b values on specified channels; no normalization,LIBRARY_SHARING_SUPPORT_NOT_VERIFIED_IDENTITY_DIAGNOSTIC
V58_MILD_CAL_R2_K125,253,PE O-22:1_18:2,0.0003959881134257442,0.00039599506460558315,6.951179838926135e-09,1.7554011309169284e-05,0.0006745390094486532,0.007069739939766226,PE 18:2_20:4,0.0005294895198388119,0.07489519052682796,"[""PE 18:2_20:4"", ""PG 16:0_20:3"", ""PE O-18:3_22:0"", ""PE O-16:1_22:2"", ""PE O-20:2_20:3""]","[0.0005294895198388119, 0.000522871806242789, 0.0004328432695983233, 0.00043063715190572865, 0.00042087432471583745]",PE 18:2_20:4,"[""PE 18:2_20:4""]",True,1.5404566511278972e-11,-5.983677013391808e-15,-1.3236995207284085e-13,0.4188280963054664,1.2657020865359339,0.01989962473529546,8.337373590488667e-05,True,True,frozen synthetic foreground mean NNLS; production labels only for comparison,"raw postfit residual direction, constrained by NNLS KKT; not absorbed signal fraction",False,True,FP,0.0021650986486471337,2.0419930654021837e-08,0.7444616792874119,0.6285129949487325,PE O-20:1_18:2,PE O-20:1_18:2,12,0.21818181818181817,0.508755035336714,0.0,34,0,34,,FROZEN_CHANNEL_DETECTION_THRESHOLD_NOT_AVAILABLE,,0.21993564082399245,0.9999999739157491,,,0.0,candidate spectral contributions; arithmetic channel mean; all aliases,sum of unchanged b values on specified channels; no normalization,LIBRARY_SHARING_SUPPORT_NOT_VERIFIED_IDENTITY_DIAGNOSTIC
V58_MILD_CAL_R2_K125,254,PE O-18:2_22:2,0.0003959881134257442,0.0003959881134257442,0.0,0.0,0.0,0.0,,0.0,0.0,[],[],,[],False,1.5404566511278972e-11,,,0.0,0.0,0.019899450078475652,8.89919582615121e-17,True,False,frozen synthetic foreground mean NNLS; production labels only for comparison,"raw postfit residual direction, constrained by NNLS KKT; not absorbed signal fraction",True,True,TP,0.016654143154567817,0.0,0.9852489893575547,0.9849697877800343,PE O-18:1_22:2,PE O-18:1_22:2,19,0.4418604651162791,0.5454334422553966,0.0,31,0,31,,FROZEN_CHANNEL_DETECTION_THRESHOLD_NOT_AVAILABLE,,0.0,0.0,,,0.0,candidate spectral contributions; arithmetic channel mean; all aliases,sum of unchanged b values on specified channels; no normalization,LIBRARY_SHARING_SUPPORT_NOT_VERIFIED_IDENTITY_DIAGNOSTIC
V58_MILD_CAL_R2_K125,255,PE O-18:2_22:3,0.0003959881134257442,0.0003959881134257442,0.0,0.0,0.0,0.0,,0.0,0.0,[],[],,[],False,1.5404566511278972e-11,,,0.0,0.0,0.019899450078475652,8.89919582615121e-17,True,False,frozen synthetic foreground mean NNLS; production labels only for comparison,"raw postfit residual direction, constrained by NNLS KKT; not absorbed signal fraction",False,False,UNREPORTED_NONTRUTH,0.00010694795951919277,,0.9865062603859948,0.984771827114155,PE O-18:3_22:3,PE O-18:3_22:3,19,0.4418604651162791,0.6670634995451198,0.0,31,0,31,,FROZEN_CHANNEL_DETECTION_THRESHOLD_NOT_AVAILABLE,,0.0,0.0,,,0.0,candidate spectral contributions; arithmetic channel mean; all aliases,sum of unchanged b values on specified channels; no normalization,LIBRARY_SHARING_SUPPORT_NOT_VERIFIED_IDENTITY_DIAGNOSTIC
V58_MILD_CAL_R2_K125,256,PE O-18:2_22:4,0.0003959881134257442,0.0003959881134257442,0.0,0.0,0.0,0.0,,0.0,0.0,[],[],,[],False,1.5404566511278972e-11,,,0.0,0.0,0.019899450078475652,8.89919582615121e-17,True,False,frozen synthetic foreground mean NNLS; production labels only for comparison,"raw postfit residual direction, constrained by NNLS KKT; not absorbed signal fraction",False,True,FP,0.012454288762416627,0.0,0.9787667373045933,0.978862702322919,PE O-16:1_22:4,PE O-18:3_22:4,26,0.52,0.6775715495786704,0.0,38,0,38,,FROZEN_CHANNEL_DETECTION_THRESHOLD_NOT_AVAILABLE,,0.0,0.0,,,0.0,candidate spectral contributions; arithmetic channel mean; all aliases,sum of unchanged b values on specified channels; no normalization,LIBRARY_SHARING_SUPPORT_NOT_VERIFIED_IDENTITY_DIAGNOSTIC
V58_MILD_CAL_R2_K125,257,PE O-18:2_22:5,0.0003959881134257442,0.0004023075889742139,6.3194755484696536e-06,0.01595875057420362,0.026070136872594907,0.21424450883409576,PE O-18:2_20:3,0.03005216316701694,0.14027040100312732,"[""PE O-18:2_20:3"", ""PE O-16:0_22:3"", ""PE O-16:1_22:5"", ""PE O-18:2_22:3"", ""PG 14:0_22:3""]","[0.03005216316701694, 0.01861010701837855, 0.016793156850159682, 0.013221998159537063, 0.011300498895188853]",PE O-18:2_20:3,"[""PE O-18:2_20:3""]",True,1.5404566511278972e-11,2.5094867106244618e-15,5.18526757114492e-14,0.39310107523401283,1.0196069126486005,0.020057606760882852,0.002409522049740768,True,True,frozen synthetic foreground mean NNLS; production labels only for comparison,"raw postfit residual direction, constrained by NNLS KKT; not absorbed signal fraction",False,True,FP,0.006785641411642136,1.856422297549025e-05,0.9359789216019041,0.9487955654054072,PE O-16:1_22:5,PE O-16:1_22:5,16,0.26229508196721313,0.6068116107717605,0.0,39,0,39,,FROZEN_CHANNEL_DETECTION_THRESHOLD_NOT_AVAILABLE,,0.06090507245339896,0.31053864476649196,,,0.0,candidate spectral contributions; arithmetic channel mean; all aliases,sum of unchanged b values on specified channels; no normalization,LIBRARY_SHARING_SUPPORT_NOT_VERIFIED_IDENTITY_DIAGNOSTIC
V58_MILD_CAL_R2_K125,258,PE O-18:2_22:6,0.0003959881134257442,0.00041345650301407005,1.7468389588325822e-05,0.044113418943541295,0.015690462377399204,0.20539198660007355,PE O-18:2_20:3,0.027626674130228814,0.13450706907999893,"[""PE O-18:2_20:3"", ""PE O-16:0_22:3"", ""PG 14:0_22:3"", ""PE 18:2_22:6"", ""PE O-18:1_22:2""]","[0.027626674130228814, 0.017993001753040937, 0.014443311771702341, 0.011961026357338176, 0.009651302762306892]",PE O-18:2_20:3,"[""PE O-18:2_20:3""]",True,1.5404566511278972e-11,-9.78933638658375e-18,1.7909159636881692e-14,0.27850952268056184,1.0842498373491845,0.02033362985337518,0.004153458487751665,True,True,frozen synthetic foreground mean NNLS; production labels only for comparison,"raw postfit residual direction, constrained by NNLS KKT; not absorbed signal fraction",True,True,TP,0.01720107590685924,5.1315505037274126e-05,0.8285086812157237,0.8800961724969774,PE O-18:3_22:6,PE O-18:3_22:6,30,0.5555555555555556,0.7980564389872165,0.0,42,0,42,,FROZEN_CHANNEL_DETECTION_THRESHOLD_NOT_AVAILABLE,,0.04218921986994753,0.26133539348748264,,,0.0,candidate spectral contributions; arithmetic channel mean; all aliases,sum of unchanged b values on specified channels; no normalization,LIBRARY_SHARING_SUPPORT_NOT_VERIFIED_IDENTITY_DIAGNOSTIC
V58_MILD_CAL_R2_K125,259,PE O-18:3_20:3,0.0003959881134257442,0.0003959881134257442,0.0,0.0,0.0,0.0,,0.0,0.0,[],[],,[],False,1.5404566511278972e-11,,,0.0,0.0,0.019899450078475652,8.89919582615121e-17,True,False,frozen synthetic foreground mean NNLS; production labels only for comparison,"raw postfit residual direction, constrained by NNLS KKT; not absorbed signal fraction",False,True,FP,0.003553937344828945,0.0,0.9837096338633669,0.9667516705696245,PE 20:3_20:3,PE 20:3_20:3,10,0.19230769230769232,0.6269488890885075,0.0,33,0,33,,FROZEN_CHANNEL_DETECTION_THRESHOLD_NOT_AVAILABLE,,0.0,0.0,,,0.0,candidate spectral contributions; arithmetic channel mean; all aliases,sum of unchanged b values on specified channels; no normalization,LIBRARY_SHARING_SUPPORT_NOT_VERIFIED_IDENTITY_DIAGNOSTIC
V58_MILD_CAL_R2_K125,260,PE O-18:3_22:0,0.0003959881134257442,0.00039652926456454243,5.41151138798207e-07,0.0013665842965589407,0.006937756142087288,0.04947412908655967,PE O-20:0_20:3,0.009069596646315996,0.1833199858913041,"[""PE O-20:0_20:3"", ""PE O-18:0_22:2"", ""PG 17:1_20:2"", ""PE O-18:2_22:0"", ""PE O-18:1_20:1""]","[0.009069596646315996, 0.003235773827523117, 0.0031418099965172027, 0.003046985287397431, 0.002980607104932958]",PE O-20:0_20:3,"[""PE O-20:0_20:3""]",True,1.5404566511278972e-11,8.725956274284887e-16,0.06296389034023417,0.4519955716411092,1.0417917859680514,0.019913042574266314,0.0003445137916652917,True,True,frozen synthetic foreground mean NNLS; production labels only for comparison,"raw postfit residual direction, constrained by NNLS KKT; not absorbed signal fraction",True,True,TP,0.003367238933899489,1.5896968549114966e-06,0.4799427541521568,0.6267332738042077,PE O-20:0_20:3,PE O-22:1_18:2,0,0.0,0.2285750955280987,0.0,29,0,29,,FROZEN_CHANNEL_DETECTION_THRESHOLD_NOT_AVAILABLE,,0.03447719088086825,0.1423980538172852,,,0.0,candidate spectral contributions; arithmetic channel mean; all aliases,sum of unchanged b values on specified channels; no normalization,LIBRARY_SHARING_SUPPORT_NOT_VERIFIED_IDENTITY_DIAGNOSTIC
V58_MILD_CAL_R2_K125,261,PE O-18:3_22:3,0.0003959881134257442,0.0003959881134257442,0.0,0.0,0.0,0.0,,0.0,0.0,[],[],,[],False,1.5404566511278972e-11,,,0.0,0.0,0.019899450078475652,8.89919582615121e-17,True,False,frozen synthetic foreground mean NNLS; production labels only for comparison,"raw postfit residual direction, constrained by NNLS KKT; not absorbed signal fraction",False,False,UNREPORTED_NONTRUTH,0.0,,0.9865062603859948,0.984771827114155,PE O-18:2_22:3,PE O-18:2_22:3,19,0.4418604651162791,0.6648031725040238,0.0,31,0,31,,FROZEN_CHANNEL_DETECTION_THRESHOLD_NOT_AVAILABLE,,0.0,0.0,,,0.0,candidate spectral contributions; arithmetic channel mean; all aliases,sum of unchanged b values on specified channels; no normalization,LIBRARY_SHARING_SUPPORT_NOT_VERIFIED_IDENTITY_DIAGNOSTIC
V58_MILD_CAL_R2_K125,262,PE O-18:3_22:4,0.0003959881134257442,0.0003959881134257442,0.0,0.0,0.0,0.0,,0.0,0.0,[],[],,[],False,1.5404566511278972e-11,,,0.0,0.0,0.019899450078475652,8.89919582615121e-17,True,False,frozen synthetic foreground mean NNLS; production labels only for comparison,"raw postfit residual direction, constrained by NNLS KKT; not absorbed signal fraction",False,True,FP,0.0074614838414974235,0.0,0.9808689660911778,0.9790903376245963,PE O-16:1_22:4,PE O-16:1_22:4,15,0.25,0.6753112225375744,0.0,38,0,38,,FROZEN_CHANNEL_DETECTION_THRESHOLD_NOT_AVAILABLE,,0.0,0.0,,,0.0,candidate spectral contributions; arithmetic channel mean; all aliases,sum of unchanged b values on specified channels; no normalization,LIBRARY_SHARING_SUPPORT_NOT_VERIFIED_IDENTITY_DIAGNOSTIC
V58_MILD_CAL_R2_K125,263,PE O-18:3_22:5,0.0003959881134257442,0.0003995048275623706,3.516714136626365e-06,0.008880857804851665,0.013520633915727031,0.06582915064341496,PE O-18:3_22:4,0.01846089590791813,0.2804364894154134,"[""PE O-18:3_22:4"", ""PE O-16:1_22:5"", ""PE O-16:0_22:3"", ""PE O-18:2_22:6"", ""PE O-18:0_20:4""]","[0.01846089590791813, 0.010968277423732686, 0.00484312265406881, 0.0025612807086796557, 0.0025082189037800616]",PE O-18:3_22:4,"[""PE O-18:3_22:4""]",True,1.5404566511278972e-11,1.2699434050453156e-15,0.11903316964221218,0.5824740185305081,1.1778596418960774,0.019987616855502575,0.0006908034763208594,True,True,frozen synthetic foreground mean NNLS; production labels only for comparison,"raw postfit residual direction, constrained by NNLS KKT; not absorbed signal fraction",False,False,UNREPORTED_NONTRUTH,0.0007551703352893802,,0.9447204529559954,0.9540815844831271,PE O-16:1_22:5,PE O-16:1_22:5,16,0.26229508196721313,0.6045512837306645,0.0,39,0,39,,FROZEN_CHANNEL_DETECTION_THRESHOLD_NOT_AVAILABLE,,0.09569902204764848,0.8575782545305864,,,0.0,candidate spectral contributions; arithmetic channel mean; all aliases,sum of unchanged b values on specified channels; no normalization,LIBRARY_SHARING_SUPPORT_NOT_VERIFIED_IDENTITY_DIAGNOSTIC
V58_MILD_CAL_R2_K125,264,PE O-18:3_22:6,0.0003959881134257442,0.0003959881134257442,0.0,0.0,0.0,0.0,,0.0,0.0,[],[],,[],False,1.5404566511278972e-11,,,0.0,0.0,0.019899450078475652,8.89919582615121e-17,True,False,frozen synthetic foreground mean NNLS; production labels only for comparison,"raw postfit residual direction, constrained by NNLS KKT; not absorbed signal fraction",True,True,TP,0.0018432800198075322,0.0,0.8285086812157237,0.8938322931075502,PE 18:0_22:6,PE O-18:2_22:6,30,0.5555555555555556,0.7957961119461204,0.0,42,0,42,,FROZEN_CHANNEL_DETECTION_THRESHOLD_NOT_AVAILABLE,,0.0,0.0,,,0.0,candidate spectral contributions; arithmetic channel mean; all aliases,sum of unchanged b values on specified channels; no normalization,LIBRARY_SHARING_SUPPORT_NOT_VERIFIED_IDENTITY_DIAGNOSTIC
V58_MILD_CAL_R2_K125,265,PE O-20:0_20:2,0.0003959881134257442,0.000396871994951542,8.8388152579775e-07,0.002232091049196113,0.01771890391605692,0.1242538202445094,PE O-18:1_20:2,0.011537669825779813,0.09285565468315482,"[""PE O-18:1_20:2"", ""PG 16:0_20:3"", ""PE O-18:0_22:2"", ""PE O-16:1_22:2"", ""PE O-18:2_22:0""]","[0.011537669825779813, 0.010108931799485367, 0.009732864826452983, 0.009232239992646047, 0.00891787426948015]",PE O-18:1_20:2,"[""PE O-18:1_20:2""]",True,1.5404566511278972e-11,-1.6690952505704138e-15,0.010721888334484272,0.4843282036361472,1.0677069994739492,0.01992164639158978,0.0005528613161580515,True,True,frozen synthetic foreground mean NNLS; production labels only for comparison,"raw postfit residual direction, constrained by NNLS KKT; not absorbed signal fraction",False,True,FP,0.0021721631607387764,2.5965087771890226e-06,0.8711158084674012,0.6961717398792321,PE 20:2_20:2,PE 20:2_20:2,10,0.21739130434782608,0.38178155242171424,0.0,27,0,27,,FROZEN_CHANNEL_DETECTION_THRESHOLD_NOT_AVAILABLE,,0.21121524392060362,0.51309172134159,,,0.0,candidate spectral contributions; arithmetic channel mean; all aliases,sum of unchanged b values on specified channels; no normalization,LIBRARY_SHARING_SUPPORT_NOT_VERIFIED_IDENTITY_DIAGNOSTIC
V58_MILD_CAL_R2_K125,266,PE O-20:0_20:3,0.0003959881134257442,0.0003959881134257442,0.0,0.0,0.0,0.0,,0.0,0.0,[],[],,[],False,1.5404566511278972e-11,,,0.0,0.0,0.019899450078475652,8.89919582615121e-17,True,False,frozen synthetic foreground mean NNLS; production labels only for comparison,"raw postfit residual direction, constrained by NNLS KKT; not absorbed signal fraction",False,True,FP,0.0033135248340790775,0.0,0.8455359439593595,0.6895485009022878,PE 20:3_20:3,PE 20:3_20:3,10,0.21739130434782608,0.4431373584562276,0.0,27,0,27,,FROZEN_CHANNEL_DETECTION_THRESHOLD_NOT_AVAILABLE,,0.0,0.0,,,0.0,candidate spectral contributions; arithmetic channel mean; all aliases,sum of unchanged b values on specified channels; no normalization,LIBRARY_SHARING_SUPPORT_NOT_VERIFIED_IDENTITY_DIAGNOSTIC
V58_MILD_CAL_R2_K125,267,PE O-20:0_20:4,0.0003959881134257442,0.0003959959512065747,7.837780830496736e-09,1.979296990229862e-05,0.00046826640410495534,0.0068663955461129005,PG 17:0_20:3,0.0008153702785573189,0.11874793302581525,"[""PG 17:0_20:3"", ""PE O-18:0_22:4"", ""PG 17:1_20:1"", ""PE O-16:0_22:3"", ""PE O-20:0_20:2""]","[0.0008153702785573189, 0.0007774807939739131, 0.0007611608876315072, 0.0004161940759827721, 0.0004022441071500002]",PG 17:0_20:3,"[""PG 17:0_20:3""]",True,1.5404566511278972e-11,-9.648685142862666e-16,2.0346053271598215e-13,0.29617947546076256,1.460500158399055,0.01989964701210989,2.8010415546697886e-05,True,True,frozen synthetic foreground mean NNLS; production labels only for comparison,"raw postfit residual direction, constrained by NNLS KKT; not absorbed signal fraction",False,False,UNREPORTED_NONTRUTH,1.0966355561494816e-05,,0.8255746285021727,0.7768293088295625,PE 20:4_20:4,PE 20:4_20:4,21,0.35,0.5698667131604372,0.0,38,0,38,,FROZEN_CHANNEL_DETECTION_THRESHOLD_NOT_AVAILABLE,,0.005641217148548037,0.017019062323431998,,,0.0,candidate spectral contributions; arithmetic channel mean; all aliases,sum of unchanged b values on specified channels; no normalization,LIBRARY_SHARING_SUPPORT_NOT_VERIFIED_IDENTITY_DIAGNOSTIC
V58_MILD_CAL_R2_K125,268,PE O-20:1_20:1,0.0003959881134257442,0.0003959881134257442,0.0,0.0,0.0,0.0,,0.0,0.0,[],[],,[],False,1.5404566511278972e-11,,,0.0,0.0,0.019899450078475652,8.89919582615121e-17,True,False,frozen synthetic foreground mean NNLS; production labels only for comparison,"raw postfit residual direction, constrained by NNLS KKT; not absorbed signal fraction",False,False,UNREPORTED_NONTRUTH,0.00016638303567826447,,0.8874848510541747,0.7492702131039101,PE 17:0_20:1,PE O-18:0_20:1,11,0.22916666666666666,0.2558185688565688,0.0,32,0,32,,FROZEN_CHANNEL_DETECTION_THRESHOLD_NOT_AVAILABLE,,0.0,0.0,,,0.0,candidate spectral contributions; arithmetic channel mean; all aliases,sum of unchanged b values on specified channels; no normalization,LIBRARY_SHARING_SUPPORT_NOT_VERIFIED_IDENTITY_DIAGNOSTIC
V58_MILD_CAL_R2_K125,269,PE O-20:1_20:2,0.0003959881134257442,0.0003959881134257442,0.0,0.0,0.0,0.0,,0.0,0.0,[],[],,[],False,1.5404566511278972e-11,,,0.0,0.0,0.019899450078475652,8.89919582615121e-17,True,False,frozen synthetic foreground mean NNLS; production labels only for comparison,"raw postfit residual direction, constrained by NNLS KKT; not absorbed signal fraction",False,False,UNREPORTED_NONTRUTH,3.6034592689505195e-07,,0.9729298298955478,0.9276977693305655,PE O-20:2_20:2,PE 20:2_20:2,10,0.2,0.38982874176325544,0.0,31,0,31,,FROZEN_CHANNEL_DETECTION_THRESHOLD_NOT_AVAILABLE,,0.0,0.0,,,0.0,candidate spectral contributions; arithmetic channel mean; all aliases,sum of unchanged b values on specified channels; no normalization,LIBRARY_SHARING_SUPPORT_NOT_VERIFIED_IDENTITY_DIAGNOSTIC
V58_MILD_CAL_R2_K125,270,PE O-20:1_20:3,0.0003959881134257442,0.0003959881134257442,0.0,0.0,0.0,0.0,,0.0,0.0,[],[],,[],False,1.5404566511278972e-11,,,0.0,0.0,0.019899450078475652,8.89919582615121e-17,True,False,frozen synthetic foreground mean NNLS; production labels only for comparison,"raw postfit residual direction, constrained by NNLS KKT; not absorbed signal fraction",False,False,UNREPORTED_NONTRUTH,5.3430526463405804e-05,,0.970286847313568,0.9339126988040312,PE 20:3_20:3,PE 20:3_20:3,10,0.2,0.45118454779776884,0.0,31,0,31,,FROZEN_CHANNEL_DETECTION_THRESHOLD_NOT_AVAILABLE,,0.0,0.0,,,0.0,candidate spectral contributions; arithmetic channel mean; all aliases,sum of unchanged b values on specified channels; no normalization,LIBRARY_SHARING_SUPPORT_NOT_VERIFIED_IDENTITY_DIAGNOSTIC
V58_MILD_CAL_R2_K125,271,PE O-20:1_20:4,0.0003959881134257442,0.0003959881134257442,0.0,0.0,0.0,0.0,,0.0,0.0,[],[],,[],False,1.5404566511278972e-11,,,0.0,0.0,0.019899450078475652,8.89919582615121e-17,True,False,frozen synthetic foreground mean NNLS; production labels only for comparison,"raw postfit residual direction, constrained by NNLS KKT; not absorbed signal fraction",False,False,UNREPORTED_NONTRUTH,0.0,,0.9190309869606901,0.9033314068381442,PE 20:4_20:4,PE 20:4_20:4,21,0.328125,0.5779139025019786,0.0,42,0,42,,FROZEN_CHANNEL_DETECTION_THRESHOLD_NOT_AVAILABLE,,0.0,0.0,,,0.0,candidate spectral contributions; arithmetic channel mean; all aliases,sum of unchanged b values on specified channels; no normalization,LIBRARY_SHARING_SUPPORT_NOT_VERIFIED_IDENTITY_DIAGNOSTIC
V58_MILD_CAL_R2_K125,272,PE O-20:2_20:2,0.0003959881134257442,0.0003959881134257442,0.0,0.0,0.0,0.0,,0.0,0.0,[],[],,[],False,1.5404566511278972e-11,,,0.0,0.0,0.019899450078475652,8.89919582615121e-17,True,False,frozen synthetic foreground mean NNLS; production labels only for comparison,"raw postfit residual direction, constrained by NNLS KKT; not absorbed signal fraction",False,True,FP,0.005469108053457785,9.554924641842684e-19,0.980319286029637,0.9572988006271623,PE 20:2_20:2,PE 20:2_20:2,12,0.24,0.40528111154731794,0.0,33,0,33,,FROZEN_CHANNEL_DETECTION_THRESHOLD_NOT_AVAILABLE,,0.0,0.0,,,0.0,candidate spectral contributions; arithmetic channel mean; all aliases,sum of unchanged b values on specified channels; no normalization,LIBRARY_SHARING_SUPPORT_NOT_VERIFIED_IDENTITY_DIAGNOSTIC
V58_MILD_CAL_R2_K125,273,PE O-20:2_20:3,0.0003959881134257442,0.00039606581611045463,7.77026847104058e-08,0.00019622479028970105,0.008783787005535434,0.07114367974018744,PE O-18:1_22:2,0.009429738093654556,0.13254498682045773,"[""PE O-18:1_22:2"", ""PE O-20:2_20:4"", ""PG 16:0_20:3"", ""PE O-16:1_22:3"", ""PE O-16:0_22:4""]","[0.009429738093654556, 0.007075181673046875, 0.005937588580379986, 0.005879790056664273, 0.004902890925516659]",PE O-18:1_22:2,"[""PE O-18:1_22:2""]",True,1.5404566511278972e-11,-1.919666623931629e-15,1.9779276789918319e-13,0.42847790578433903,1.0732242323787946,0.019901402365422774,0.00025695504397955276,True,True,frozen synthetic foreground mean NNLS; production labels only for comparison,"raw postfit residual direction, constrained by NNLS KKT; not absorbed signal fraction",False,True,FP,0.004010439141901481,2.282610247787882e-07,0.9795654235086327,0.9616294821990212,PE 20:3_20:3,PE 20:3_20:3,10,0.19230769230769232,0.4666369175818313,0.0,33,0,33,,FROZEN_CHANNEL_DETECTION_THRESHOLD_NOT_AVAILABLE,,0.07480612719878381,0.6807723480221523,,,0.0,candidate spectral contributions; arithmetic channel mean; all aliases,sum of unchanged b values on specified channels; no normalization,LIBRARY_SHARING_SUPPORT_NOT_VERIFIED_IDENTITY_DIAGNOSTIC
V58_MILD_CAL_R2_K125,274,PE O-20:2_20:4,0.0003959881134257442,0.0003960014191056192,1.330567987495486e-08,3.3601210213722066e-05,0.0028914332042254518,0.03182986553934661,PE O-20:2_20:3,0.0034421779681048873,0.10814302572977204,"[""PE O-20:2_20:3"", ""PG 14:0_22:3"", ""PE O-18:1_22:5"", ""PE O-16:1_22:2"", ""PE O-16:1_22:4""]","[0.0034421779681048873, 0.0026644582605393485, 0.0025216934117251247, 0.0022041717753114847, 0.002087350297435911]",PE O-20:2_20:3,"[""PE O-20:2_20:3""]",True,1.5404566511278972e-11,4.656177787665494e-16,6.994055598875853e-13,0.46086656048084346,1.5392832669149048,0.01989978439847073,0.0001153502486981416,True,True,frozen synthetic foreground mean NNLS; production labels only for comparison,"raw postfit residual direction, constrained by NNLS KKT; not absorbed signal fraction",True,True,TP,0.0010996876038151101,3.908704229323871e-08,0.9504794809695136,0.941979290104786,PE 20:4_20:4,PE 20:4_20:4,21,0.3181818181818182,0.593366272286041,0.0,44,0,44,,FROZEN_CHANNEL_DETECTION_THRESHOLD_NOT_AVAILABLE,,0.025319766883598736,0.3175885501827641,,,0.0,candidate spectral contributions; arithmetic channel mean; all aliases,sum of unchanged b values on specified channels; no normalization,LIBRARY_SHARING_SUPPORT_NOT_VERIFIED_IDENTITY_DIAGNOSTIC
V58_MILD_CAL_R2_K125,275,PE O-20:3_20:3,0.0003959881134257442,0.0003959881134257442,0.0,0.0,0.0,0.0,,0.0,0.0,[],[],,[],False,1.5404566511278972e-11,,,0.0,0.0,0.019899450078475652,8.89919582615121e-17,True,False,frozen synthetic foreground mean NNLS; production labels only for comparison,"raw postfit residual direction, constrained by NNLS KKT; not absorbed signal fraction",False,False,UNREPORTED_NONTRUTH,0.0,,0.9805525159733832,0.9633835057604028,PE 20:3_20:3,PE 20:3_20:3,12,0.23076923076923078,0.48076554099217317,0.0,35,0,35,,FROZEN_CHANNEL_DETECTION_THRESHOLD_NOT_AVAILABLE,,0.0,0.0,,,0.0,candidate spectral contributions; arithmetic channel mean; all aliases,sum of unchanged b values on specified channels; no normalization,LIBRARY_SHARING_SUPPORT_NOT_VERIFIED_IDENTITY_DIAGNOSTIC
V58_MILD_CAL_R2_K125,276,PE O-20:3_20:4,0.0003959881134257442,0.000395993817083091,5.70365734677003e-09,1.4403607429079999e-05,0.0004424329425659813,0.005846259765453105,PE O-16:0_22:2,0.0006460553859735478,0.11050747174813037,"[""PE O-16:0_22:2"", ""PE O-16:1_22:3"", ""PG 17:0_20:3"", ""PE O-18:2_22:5"", ""PG 17:1_20:1""]","[0.0006460553859735478, 0.0006047271613637828, 0.0005194131372263933, 0.0004531639794152324, 0.0004202511938357226]",PE O-16:0_22:2,"[""PE O-16:0_22:2""]",True,1.5404566511278972e-11,-9.071312313180663e-16,8.510701313082008e-13,0.34250932745575774,1.4401459403147556,0.019899593389893448,7.55225618392815e-05,True,True,frozen synthetic foreground mean NNLS; production labels only for comparison,"raw postfit residual direction, constrained by NNLS KKT; not absorbed signal fraction",False,False,UNREPORTED_NONTRUTH,0.0,,0.9692667770392721,0.9589560166556154,PE 20:4_20:4,PE 20:4_20:4,21,0.3088235294117647,0.6074948956963829,0.0,46,0,46,,FROZEN_CHANNEL_DETECTION_THRESHOLD_NOT_AVAILABLE,,0.04197346698153008,0.8403772635463505,,,0.0,candidate spectral contributions; arithmetic channel mean; all aliases,sum of unchanged b values on specified channels; no normalization,LIBRARY_SHARING_SUPPORT_NOT_VERIFIED_IDENTITY_DIAGNOSTIC
V58_MILD_CAL_R2_K125,277,PG 14:0_20:0,0.0003959881134257442,0.0003959881134257442,0.0,0.0,0.0,0.0,,0.0,0.0,[],[],,[],False,1.5404566511278972e-11,,,0.0,0.0,0.019899450078475652,8.89919582615121e-17,True,False,frozen synthetic foreground mean NNLS; production labels only for comparison,"raw postfit residual direction, constrained by NNLS KKT; not absorbed signal fraction",False,False,UNREPORTED_NONTRUTH,0.0007756951913587002,,0.5980499696621082,0.8725271655314837,PG 16:0_18:0,PG 16:0_18:0,6,0.03508771929824561,0.2566792706276198,0.0,80,0,80,,FROZEN_CHANNEL_DETECTION_THRESHOLD_NOT_AVAILABLE,,0.0,0.0,,,0.0,candidate spectral contributions; arithmetic channel mean; all aliases,sum of unchanged b values on specified channels; no normalization,LIBRARY_SHARING_SUPPORT_NOT_VERIFIED_IDENTITY_DIAGNOSTIC
V58_MILD_CAL_R2_K125,278,PG 16:0_18:0,0.0003959881134257442,0.0003959881134257442,0.0,0.0,0.0,0.0,,0.0,0.0,[],[],,[],False,1.5404566511278972e-11,,,0.0,0.0,0.019899450078475652,8.89919582615121e-17,True,False,frozen synthetic foreground mean NNLS; production labels only for comparison,"raw postfit residual direction, constrained by NNLS KKT; not absorbed signal fraction",False,True,FP,0.0016655370361480825,0.0,0.5980499696621082,0.8725271655314837,PG 14:0_20:0,PG 14:0_20:0,6,0.03508771929824561,0.5914082089195053,0.0,97,0,97,,FROZEN_CHANNEL_DETECTION_THRESHOLD_NOT_AVAILABLE,,0.0,0.0,,,0.0,candidate spectral contributions; arithmetic channel mean; all aliases,sum of unchanged b values on specified channels; no normalization,LIBRARY_SHARING_SUPPORT_NOT_VERIFIED_IDENTITY_DIAGNOSTIC
V58_MILD_CAL_R2_K125,279,PG 14:0_22:5,0.0003959881134257442,0.0003959881134257442,0.0,0.0,0.0,0.0,,0.0,0.0,[],[],,[],False,1.5404566511278972e-11,,,0.0,0.0,0.019899450078475652,8.89919582615121e-17,True,False,frozen synthetic foreground mean NNLS; production labels only for comparison,"raw postfit residual direction, constrained by NNLS KKT; not absorbed signal fraction",False,True,FP,0.001248597383488614,1.2739899522456913e-18,0.7074638959327756,0.9062642845795131,PG 16:1_20:4,PG 16:1_20:4,17,0.10240963855421686,0.5822416556518809,0.0,86,0,86,,FROZEN_CHANNEL_DETECTION_THRESHOLD_NOT_AVAILABLE,,0.0,0.0,,,0.0,candidate spectral contributions; arithmetic channel mean; all aliases,sum of unchanged b values on specified channels; no normalization,LIBRARY_SHARING_SUPPORT_NOT_VERIFIED_IDENTITY_DIAGNOSTIC
V58_MILD_CAL_R2_K125,280,PG 16:0_20:5,0.0003959881134257442,0.0003959881134257442,0.0,0.0,0.0,0.0,,0.0,0.0,[],[],,[],False,1.5404566511278972e-11,,,0.0,0.0,0.019899450078475652,8.89919582615121e-17,True,False,frozen synthetic foreground mean NNLS; production labels only for comparison,"raw postfit residual direction, constrained by NNLS KKT; not absorbed signal fraction",False,False,UNREPORTED_NONTRUTH,0.0003206610875766137,,0.6100413138920384,0.8012540222872576,PG 16:1_20:4,PG 16:1_20:4,57,0.4634146341463415,0.73467478582942,0.0,83,0,83,,FROZEN_CHANNEL_DETECTION_THRESHOLD_NOT_AVAILABLE,,0.0,0.0,,,0.0,candidate spectral contributions; arithmetic channel mean; all aliases,sum of unchanged b values on specified channels; no normalization,LIBRARY_SHARING_SUPPORT_NOT_VERIFIED_IDENTITY_DIAGNOSTIC
V58_MILD_CAL_R2_K125,281,PG 16:1_20:4,0.0003959881134257442,0.0003966535215181328,6.654080923885575e-07,0.0016803739004983063,0.00745388720639833,0.0841183155104133,PG 18:2_18:3,0.010251556788862894,0.12187068567096956,"[""PG 18:2_18:3"", ""PG 16:0_20:3"", ""PE O-16:1_22:3"", ""PE O-16:0_22:4"", ""PG 18:0_20:5""]","[0.010251556788862894, 0.006611002352648873, 0.005783004725842367, 0.005536037846433378, 0.004792248116252678]",PG 18:2_18:3,"[""PG 18:2_18:3""]",True,1.5404566511278972e-11,-3.262896067480792e-16,4.7197707022366144e-14,0.39931845645477726,1.309715048590677,0.019916162319034574,0.0006430584541837096,True,True,frozen synthetic foreground mean NNLS; production labels only for comparison,"raw postfit residual direction, constrained by NNLS KKT; not absorbed signal fraction",True,True,TP,0.005787818977679287,1.954716669454179e-06,0.7074638959327756,0.9062642845795131,PG 14:0_22:5,PG 14:0_22:5,17,0.10240963855421686,0.8462304404333678,0.0,97,0,97,,FROZEN_CHANNEL_DETECTION_THRESHOLD_NOT_AVAILABLE,,0.0374289768240574,0.5376117206954435,,,0.0,candidate spectral contributions; arithmetic channel mean; all aliases,sum of unchanged b values on specified channels; no normalization,LIBRARY_SHARING_SUPPORT_NOT_VERIFIED_IDENTITY_DIAGNOSTIC
V58_MILD_CAL_R2_K125,282,PG 18:2_18:3,0.0003959881134257442,0.0003960330348899178,4.4921464173561416e-08,0.00011344144568254485,0.0038194672928507354,0.025466986905214768,PG 18:2_20:3,0.0028946851485172204,0.11366421788243916,"[""PG 18:2_20:3"", ""PG 18:0_18:3"", ""PG 16:1_20:4"", ""PG 17:1_20:2"", ""PG 17:0_20:2""]","[0.0028946851485172204, 0.0026584658867686295, 0.0018622788240728431, 0.0013897960675267737, 0.0012526183242769877]",PG 18:2_20:3,"[""PG 18:2_20:3""]",True,1.5404566511278972e-11,2.902878915849517e-17,3.4178005537294017e-13,0.5307753986211069,1.059185836750516,0.019900578757662244,0.0002113889350517757,True,True,frozen synthetic foreground mean NNLS; production labels only for comparison,"raw postfit residual direction, constrained by NNLS KKT; not absorbed signal fraction",False,True,FP,0.005140122008933163,1.3196222865478835e-07,0.7122906741591678,0.8150701344322201,PE 20:0_18:3,PE 20:0_18:3,10,0.09523809523809523,0.6999200011357706,0.0,55,0,55,,FROZEN_CHANNEL_DETECTION_THRESHOLD_NOT_AVAILABLE,,0.043323056116404815,0.4623882944088189,,,0.0,candidate spectral contributions; arithmetic channel mean; all aliases,sum of unchanged b values on specified channels; no normalization,LIBRARY_SHARING_SUPPORT_NOT_VERIFIED_IDENTITY_DIAGNOSTIC
V58_MILD_CAL_R2_K125,283,PG 14:0_22:4,0.0003959881134257442,0.0003959881134257442,0.0,0.0,0.0,0.0,,0.0,0.0,[],[],,[],False,1.5404566511278972e-11,,,0.0,0.0,0.019899450078475652,8.89919582615121e-17,True,False,frozen synthetic foreground mean NNLS; production labels only for comparison,"raw postfit residual direction, constrained by NNLS KKT; not absorbed signal fraction",False,True,FP,0.0018527602315484644,9.554924641842684e-19,0.9505858330621952,0.9824097012005948,PG 16:1_20:3,PG 16:1_20:3,10,0.06060606060606061,0.6902208011273465,0.0,86,0,86,,FROZEN_CHANNEL_DETECTION_THRESHOLD_NOT_AVAILABLE,,0.0,0.0,,,0.0,candidate spectral contributions; arithmetic channel mean; all aliases,sum of unchanged b values on specified channels; no normalization,LIBRARY_SHARING_SUPPORT_NOT_VERIFIED_IDENTITY_DIAGNOSTIC
V58_MILD_CAL_R2_K125,284,PG 16:0_20:4,0.0003959881134257442,0.00039621621688434665,2.281034586024285e-07,0.0005760361240468557,0.009892184310313022,0.06060869263140488,PG 18:2_18:2,0.010505589248368908,0.17333469494360976,"[""PG 18:2_18:2"", ""PG 18:0_18:3"", ""PG 16:0_22:4"", ""PG 16:0_20:2"", ""PG 14:0_22:4""]","[0.010505589248368908, 0.005853792752051674, 0.005034091483529452, 0.00431852681788308, 0.00366914051042496]",PG 18:2_18:2,"[""PG 18:2_18:2""]",True,1.5404566511278972e-11,-1.1719204046034963e-15,0.025424471127657704,0.557844191977997,1.1413750402437486,0.019905180654401177,0.00018902535460289325,True,True,frozen synthetic foreground mean NNLS; production labels only for comparison,"raw postfit residual direction, constrained by NNLS KKT; not absorbed signal fraction",False,True,FP,0.002553915229838991,6.70081470289639e-07,0.895503872100401,0.9581074756442065,PG 16:1_20:3,PG 16:1_20:3,57,0.4453125,0.8655889909944612,0.0,96,0,96,,FROZEN_CHANNEL_DETECTION_THRESHOLD_NOT_AVAILABLE,,0.020318846526310236,0.2041828166667353,,,0.0,candidate spectral contributions; arithmetic channel mean; all aliases,sum of unchanged b values on specified channels; no normalization,LIBRARY_SHARING_SUPPORT_NOT_VERIFIED_IDENTITY_DIAGNOSTIC
V58_MILD_CAL_R2_K125,285,PG 16:1_20:3,0.0003959881134257442,0.0003959881134257442,0.0,0.0,0.0,0.0,,0.0,0.0,[],[],,[],False,1.5404566511278972e-11,,,0.0,0.0,0.019899450078475652,8.89919582615121e-17,True,False,frozen synthetic foreground mean NNLS; production labels only for comparison,"raw postfit residual direction, constrained by NNLS KKT; not absorbed signal fraction",False,False,UNREPORTED_NONTRUTH,8.088960383294093e-05,,0.9505858330621952,0.9824097012005948,PG 14:0_22:4,PG 14:0_22:4,10,0.06060606060606061,0.7772771715530863,0.0,89,0,89,,FROZEN_CHANNEL_DETECTION_THRESHOLD_NOT_AVAILABLE,,0.0,0.0,,,0.0,candidate spectral contributions; arithmetic channel mean; all aliases,sum of unchanged b values on specified channels; no normalization,LIBRARY_SHARING_SUPPORT_NOT_VERIFIED_IDENTITY_DIAGNOSTIC
V58_MILD_CAL_R2_K125,286,PG 18:1_18:3,0.0003959881134257442,0.0003959881134257442,0.0,0.0,0.0,0.0,,0.0,0.0,[],[],,[],False,1.5404566511278972e-11,,,0.0,0.0,0.019899450078475652,8.89919582615121e-17,True,False,frozen synthetic foreground mean NNLS; production labels only for comparison,"raw postfit residual direction, constrained by NNLS KKT; not absorbed signal fraction",False,True,FP,0.001630841762300718,0.0,0.6479205972638874,0.8181857135621523,PE 20:0_18:3,PG 18:2_18:3,53,0.6973684210526315,0.8126866587339723,0.0,74,0,74,,FROZEN_CHANNEL_DETECTION_THRESHOLD_NOT_AVAILABLE,,0.0,0.0,,,0.0,candidate spectral contributions; arithmetic channel mean; all aliases,sum of unchanged b values on specified channels; no normalization,LIBRARY_SHARING_SUPPORT_NOT_VERIFIED_IDENTITY_DIAGNOSTIC
V58_MILD_CAL_R2_K125,287,PG 18:2_18:2,0.0003959881134257442,0.0003959881134257442,0.0,0.0,0.0,0.0,,0.0,0.0,[],[],,[],False,1.5404566511278972e-11,,,0.0,0.0,0.019899450078475652,8.89919582615121e-17,True,False,frozen synthetic foreground mean NNLS; production labels only for comparison,"raw postfit residual direction, constrained by NNLS KKT; not absorbed signal fraction",True,True,TP,0.009351357408249676,0.0,0.7729457662574198,0.6870695367424894,PG 16:1_20:3,PE O-20:1_18:2,12,0.1791044776119403,0.6870089254266419,0.0,46,0,46,,FROZEN_CHANNEL_DETECTION_THRESHOLD_NOT_AVAILABLE,,0.0,0.0,,,0.0,candidate spectral contributions; arithmetic channel mean; all aliases,sum of unchanged b values on specified channels; no normalization,LIBRARY_SHARING_SUPPORT_NOT_VERIFIED_IDENTITY_DIAGNOSTIC
V58_MILD_CAL_R2_K125,288,PG 14:0_22:3,0.0003959881134257442,0.00039604189744411796,5.378401837373599e-08,0.00013582230479753851,0.02025676676718168,0.055619524808992564,PG 16:0_20:3,0.019500129706281087,0.3505986391091516,"[""PG 16:0_20:3"", ""PG 14:0_24:4"", ""PE O-16:0_22:4"", ""PE 16:0_22:4"", ""PG 18:2_20:2""]","[0.019500129706281087, 0.0048546574407066015, 0.003847001895549199, 0.003229601039822609, 0.0025137238408407224]",PG 16:0_20:3,"[""PG 16:0_20:3""]",True,1.5404566511278972e-11,-1.819940866318961e-15,4.383472177635353e-14,0.8445076110549267,1.0142467861365556,0.01990080142718171,0.00023191381669401904,True,True,frozen synthetic foreground mean NNLS; production labels only for comparison,"raw postfit residual direction, constrained by NNLS KKT; not absorbed signal fraction",False,False,UNREPORTED_NONTRUTH,0.0009784414250738407,,0.9838117799363236,0.9927872602988826,PG 16:1_20:2,PG 16:1_20:2,7,0.04242424242424243,0.673386452525387,0.0,83,0,83,,FROZEN_CHANNEL_DETECTION_THRESHOLD_NOT_AVAILABLE,,0.24799355906506168,0.9999986515520636,,,0.0,candidate spectral contributions; arithmetic channel mean; all aliases,sum of unchanged b values on specified channels; no normalization,LIBRARY_SHARING_SUPPORT_NOT_VERIFIED_IDENTITY_DIAGNOSTIC
V58_MILD_CAL_R2_K125,289,PG 16:0_20:3,0.0003959881134257442,0.0003959980046909875,9.891265243281919e-09,2.4978692245917727e-05,0.00851351849530155,0.02364252676626003,PG 14:0_22:3,0.008549166248931147,0.36160120841102145,"[""PG 14:0_22:3"", ""PG 16:0_22:4"", ""PE O-16:0_22:2"", ""PE 16:0_24:4"", ""PE O-16:1_22:4""]","[0.008549166248931147, 0.0032016732468205765, 0.0018679426662378922, 0.0012160574680643828, 0.0010907650393087026]",PG 14:0_22:3,"[""PG 14:0_22:3""]",True,1.5404566511278972e-11,1.3787691847248253e-15,6.610815054393211e-13,0.8458801287414995,1.025323821857899,0.019899698608043973,9.945484022017641e-05,True,True,frozen synthetic foreground mean NNLS; production labels only for comparison,"raw postfit residual direction, constrained by NNLS KKT; not absorbed signal fraction",True,True,TP,0.020306779966119178,2.9056786766343938e-08,0.9733932854933198,0.9909611689375919,PG 16:1_20:2,PG 16:1_20:2,56,0.448,0.7913347095200158,0.0,92,0,92,,FROZEN_CHANNEL_DETECTION_THRESHOLD_NOT_AVAILABLE,,0.011340213164709973,0.09059697151197509,,,0.0,candidate spectral contributions; arithmetic channel mean; all aliases,sum of unchanged b values on specified channels; no normalization,LIBRARY_SHARING_SUPPORT_NOT_VERIFIED_IDENTITY_DIAGNOSTIC
V58_MILD_CAL_R2_K125,290,PG 16:1_20:2,0.0003959881134257442,0.0003959881134257442,0.0,0.0,0.0,0.0,,0.0,0.0,[],[],,[],False,1.5404566511278972e-11,,,0.0,0.0,0.019899450078475652,8.89919582615121e-17,True,False,frozen synthetic foreground mean NNLS; production labels only for comparison,"raw postfit residual direction, constrained by NNLS KKT; not absorbed signal fraction",True,True,TP,0.018735559700349017,4.777462320921342e-19,0.9838117799363236,0.9927872602988826,PG 14:0_22:3,PG 14:0_22:3,7,0.04242424242424243,0.7360084678883617,0.0,89,0,89,,FROZEN_CHANNEL_DETECTION_THRESHOLD_NOT_AVAILABLE,,0.0,0.0,,,0.0,candidate spectral contributions; arithmetic channel mean; all aliases,sum of unchanged b values on specified channels; no normalization,LIBRARY_SHARING_SUPPORT_NOT_VERIFIED_IDENTITY_DIAGNOSTIC
V58_MILD_CAL_R2_K125,291,PG 18:0_18:3,0.0003959881134257442,0.00039770158446722904,1.713471041484818e-06,0.0043270769476747226,0.034363776149429655,0.1665876942276169,PG 16:0_20:3,0.01784380020348078,0.10711355533256142,"[""PG 16:0_20:3"", ""PG 18:0_20:5"", ""PE 18:0_22:4"", ""PG 18:2_18:3"", ""PG 18:1_18:3""]","[0.01784380020348078, 0.010511184890369894, 0.010238117642800608, 0.007737304595520581, 0.0068042063280984635]",PG 16:0_20:3,"[""PG 16:0_20:3""]",True,1.5404566511278972e-11,8.119938533815833e-16,6.78527951794775e-14,0.685108861905131,1.0417479075227516,0.019942456831274047,0.0009224800446716898,True,True,frozen synthetic foreground mean NNLS; production labels only for comparison,"raw postfit residual direction, constrained by NNLS KKT; not absorbed signal fraction",True,True,TP,0.014797874739777835,5.033528214834296e-06,0.6169711287365806,0.8203241797509739,PE 20:0_18:3,PE 20:0_18:3,12,0.08955223880597014,0.8111651522821257,0.0,86,0,86,,FROZEN_CHANNEL_DETECTION_THRESHOLD_NOT_AVAILABLE,,0.10409694273567532,0.8214670432408295,,,0.0,candidate spectral contributions; arithmetic channel mean; all aliases,sum of unchanged b values on specified channels; no normalization,LIBRARY_SHARING_SUPPORT_NOT_VERIFIED_IDENTITY_DIAGNOSTIC
V58_MILD_CAL_R2_K125,292,PG 18:1_18:2,0.0003959881134257442,0.0003959881134257442,0.0,0.0,0.0,0.0,,0.0,0.0,[],[],,[],False,1.5404566511278972e-11,,,0.0,0.0,0.019899450078475652,8.89919582615121e-17,True,False,frozen synthetic foreground mean NNLS; production labels only for comparison,"raw postfit residual direction, constrained by NNLS KKT; not absorbed signal fraction",False,False,UNREPORTED_NONTRUTH,0.0004872628173875502,,0.6250586941070423,0.7611010039784664,PG 16:1_20:2,PG 16:1_20:2,7,0.04697986577181208,0.7775334389808559,0.0,67,0,67,,FROZEN_CHANNEL_DETECTION_THRESHOLD_NOT_AVAILABLE,,0.0,0.0,,,0.0,candidate spectral contributions; arithmetic channel mean; all aliases,sum of unchanged b values on specified channels; no normalization,LIBRARY_SHARING_SUPPORT_NOT_VERIFIED_IDENTITY_DIAGNOSTIC
V58_MILD_CAL_R2_K125,293,PG 14:0_22:2,0.0003959881134257442,0.0003959881134257442,0.0,0.0,0.0,0.0,,0.0,0.0,[],[],,[],False,1.5404566511278972e-11,,,0.0,0.0,0.019899450078475652,8.89919582615121e-17,True,False,frozen synthetic foreground mean NNLS; production labels only for comparison,"raw postfit residual direction, constrained by NNLS KKT; not absorbed signal fraction",False,True,FP,0.0010553651861860166,0.0,0.9917278075392152,0.9956999767490753,PG 16:1_20:1,PG 16:1_20:1,9,0.05555555555555555,0.5105719871706965,0.0,83,0,83,,FROZEN_CHANNEL_DETECTION_THRESHOLD_NOT_AVAILABLE,,0.0,0.0,,,0.0,candidate spectral contributions; arithmetic channel mean; all aliases,sum of unchanged b values on specified channels; no normalization,LIBRARY_SHARING_SUPPORT_NOT_VERIFIED_IDENTITY_DIAGNOSTIC
V58_MILD_CAL_R2_K125,294,PG 16:0_20:2,0.0003959881134257442,0.0003960271057255794,3.899229983518474e-08,9.846835906105607e-05,0.003937530699688319,0.019512591795355205,PG 16:1_20:1,0.002695471763496439,0.13814011955090105,"[""PG 16:1_20:1"", ""PG 18:0_18:2"", ""PG 16:0_22:4"", ""PG 17:0_20:2"", ""PG 17:1_20:2""]","[0.002695471763496439, 0.0018293452559767012, 0.0017621218721632428, 0.0015006081807131984, 0.0014319821899949374]",PG 16:1_20:1,"[""PG 16:1_20:1""]",True,1.5404566511278972e-11,-4.2833828994171636e-15,0.06631967691133576,0.6689838668414068,1.071874761904885,0.019900429787458842,8.759867497819844e-05,True,True,frozen synthetic foreground mean NNLS; production labels only for comparison,"raw postfit residual direction, constrained by NNLS KKT; not absorbed signal fraction",False,True,FP,0.00766906418693669,1.145445920178964e-07,0.9793705984668861,0.9930135420910292,PG 16:1_20:1,PG 16:1_20:1,58,0.47540983606557374,0.726855918495491,0.0,92,0,92,,FROZEN_CHANNEL_DETECTION_THRESHOLD_NOT_AVAILABLE,,0.007883861396157571,0.059662546404746046,,,0.0,candidate spectral contributions; arithmetic channel mean; all aliases,sum of unchanged b values on specified channels; no normalization,LIBRARY_SHARING_SUPPORT_NOT_VERIFIED_IDENTITY_DIAGNOSTIC
V58_MILD_CAL_R2_K125,295,PG 16:1_20:1,0.0003959881134257442,0.0003959881134257442,0.0,0.0,0.0,0.0,,0.0,0.0,[],[],,[],False,1.5404566511278972e-11,,,0.0,0.0,0.019899450078475652,8.89919582615121e-17,True,False,frozen synthetic foreground mean NNLS; production labels only for comparison,"raw postfit residual direction, constrained by NNLS KKT; not absorbed signal fraction",False,False,UNREPORTED_NONTRUTH,0.0008478476208574746,,0.9917278075392152,0.9956999767490753,PG 14:0_22:2,PG 14:0_22:2,9,0.05555555555555555,0.5545367467013768,0.0,88,0,88,,FROZEN_CHANNEL_DETECTION_THRESHOLD_NOT_AVAILABLE,,0.0,0.0,,,0.0,candidate spectral contributions; arithmetic channel mean; all aliases,sum of unchanged b values on specified channels; no normalization,LIBRARY_SHARING_SUPPORT_NOT_VERIFIED_IDENTITY_DIAGNOSTIC
V58_MILD_CAL_R2_K125,296,PG 18:0_18:2,0.0003959881134257442,0.0003972543563424017,1.2662429166574764e-06,0.0031976790982571842,0.02831595134926085,0.11762526300617708,PG 16:0_20:2,0.018365993045266038,0.1561398680498203,"[""PG 16:0_20:2"", ""PG 18:2_18:2"", ""PG 18:0_18:3"", ""PG 18:0_20:5"", ""PG 18:0_18:1""]","[0.018365993045266038, 0.01743197418068185, 0.01006974881780557, 0.005859302095059251, 0.0045622793149677834]",PG 16:0_20:2,"[""PG 16:0_20:2""]",True,1.5404566511278972e-11,-5.260159392637384e-16,4.870906162517778e-14,0.7994326555981945,1.1324134243041861,0.01993124071256984,0.0007214743411013008,True,True,frozen synthetic foreground mean NNLS; production labels only for comparison,"raw postfit residual direction, constrained by NNLS KKT; not absorbed signal fraction",True,True,TP,0.020391767312301128,3.7197415617278245e-06,0.6336685277097162,0.7626926613152747,PG 16:1_20:1,PG 16:1_20:1,9,0.05389221556886228,0.7788557732594449,0.0,88,0,88,,FROZEN_CHANNEL_DETECTION_THRESHOLD_NOT_AVAILABLE,,0.05425352787500191,0.3257896667320158,,,0.0,candidate spectral contributions; arithmetic channel mean; all aliases,sum of unchanged b values on specified channels; no normalization,LIBRARY_SHARING_SUPPORT_NOT_VERIFIED_IDENTITY_DIAGNOSTIC
V58_MILD_CAL_R2_K125,297,PG 18:1_18:1,0.0003959881134257442,0.0003959881134257442,0.0,0.0,0.0,0.0,,0.0,0.0,[],[],,[],False,1.5404566511278972e-11,,,0.0,0.0,0.019899450078475652,8.89919582615121e-17,True,False,frozen synthetic foreground mean NNLS; production labels only for comparison,"raw postfit residual direction, constrained by NNLS KKT; not absorbed signal fraction",False,False,UNREPORTED_NONTRUTH,0.0007491332308950745,,0.6787772237740505,0.8349495672740068,PG 16:1_20:1,PE 20:0_18:1,16,0.14285714285714285,0.5080652713452097,0.0,58,0,58,,FROZEN_CHANNEL_DETECTION_THRESHOLD_NOT_AVAILABLE,,0.0,0.0,,,0.0,candidate spectral contributions; arithmetic channel mean; all aliases,sum of unchanged b values on specified channels; no normalization,LIBRARY_SHARING_SUPPORT_NOT_VERIFIED_IDENTITY_DIAGNOSTIC
V58_MILD_CAL_R2_K125,298,PG 14:0_22:1,0.0003959881134257442,0.0003959881134257442,0.0,0.0,0.0,0.0,,0.0,0.0,[],[],,[],False,1.5404566511278972e-11,,,0.0,0.0,0.019899450078475652,8.89919582615121e-17,True,False,frozen synthetic foreground mean NNLS; production labels only for comparison,"raw postfit residual direction, constrained by NNLS KKT; not absorbed signal fraction",True,True,TP,0.013211527561785398,2.0702336723992482e-18,0.9631691172181469,0.9789214698943107,PG 16:0_20:1,PG 16:0_20:1,10,0.06172839506172839,0.26942916880503553,0.0,82,0,82,,FROZEN_CHANNEL_DETECTION_THRESHOLD_NOT_AVAILABLE,,0.0,0.0,,,0.0,candidate spectral contributions; arithmetic channel mean; all aliases,sum of unchanged b values on specified channels; no normalization,LIBRARY_SHARING_SUPPORT_NOT_VERIFIED_IDENTITY_DIAGNOSTIC
V58_MILD_CAL_R2_K125,299,PG 16:0_20:1,0.0003959881134257442,0.0003964435784869541,4.554650612098739e-07,0.001150198818139737,0.018774322785309057,0.07080802855782647,PG 14:0_22:1,0.018215927228178986,0.25725793527841845,"[""PG 14:0_22:1"", ""PG 16:0_20:3"", ""PG 16:0_22:4"", ""PE O-16:0_22:3"", ""PG 17:1_20:2""]","[0.018215927228178986, 0.013453782675946787, 0.006199838501248568, 0.002883128601299809, 0.002837634920343897]",PG 14:0_22:1,"[""PG 14:0_22:1""]",True,1.5404566511278972e-11,-1.522527833531332e-15,0.044553871685159355,0.7259809164597488,1.025783389026543,0.019910890951611235,0.0002439398712983974,True,True,frozen synthetic foreground mean NNLS; production labels only for comparison,"raw postfit residual direction, constrained by NNLS KKT; not absorbed signal fraction",True,True,TP,0.0016291388333464576,1.3379836489586428e-06,0.9631691172181469,0.9789214698943107,PG 14:0_22:1,PG 14:0_22:1,10,0.06172839506172839,0.54012279669315,0.0,90,0,90,,FROZEN_CHANNEL_DETECTION_THRESHOLD_NOT_AVAILABLE,,0.05310367936994597,0.5660548715528054,,,0.0,candidate spectral contributions; arithmetic channel mean; all aliases,sum of unchanged b values on specified channels; no normalization,LIBRARY_SHARING_SUPPORT_NOT_VERIFIED_IDENTITY_DIAGNOSTIC
V58_MILD_CAL_R2_K125,300,PG 20:0_16:1,0.0003959881134257442,0.0003959881134257442,0.0,0.0,0.0,0.0,,0.0,0.0,[],[],,[],False,1.5404566511278972e-11,,,0.0,0.0,0.019899450078475652,8.89919582615121e-17,True,False,frozen synthetic foreground mean NNLS; production labels only for comparison,"raw postfit residual direction, constrained by NNLS KKT; not absorbed signal fraction",False,True,FP,0.002867422177934754,0.0,0.6836826805426119,0.6966961409726665,PE 22:0_16:1,PE 22:0_16:1,11,0.08661417322834646,0.3426570846103519,0.0,87,0,87,,FROZEN_CHANNEL_DETECTION_THRESHOLD_NOT_AVAILABLE,,0.0,0.0,,,0.0,candidate spectral contributions; arithmetic channel mean; all aliases,sum of unchanged b values on specified channels; no normalization,LIBRARY_SHARING_SUPPORT_NOT_VERIFIED_IDENTITY_DIAGNOSTIC
V58_MILD_CAL_R2_K125,301,PG 18:0_18:1,0.0003959881134257442,0.0003959881134257442,0.0,0.0,0.0,0.0,,0.0,0.0,[],[],,[],False,1.5404566511278972e-11,,,0.0,0.0,0.019899450078475652,8.89919582615121e-17,True,False,frozen synthetic foreground mean NNLS; production labels only for comparison,"raw postfit residual direction, constrained by NNLS KKT; not absorbed signal fraction",False,False,UNREPORTED_NONTRUTH,0.0008362579019801971,,0.6334015611625333,0.7742230940362821,PG 14:0_22:1,PG 14:0_22:1,10,0.06622516556291391,0.5041462819127117,0.0,79,0,79,,FROZEN_CHANNEL_DETECTION_THRESHOLD_NOT_AVAILABLE,,0.0,0.0,,,0.0,candidate spectral contributions; arithmetic channel mean; all aliases,sum of unchanged b values on specified channels; no normalization,LIBRARY_SHARING_SUPPORT_NOT_VERIFIED_IDENTITY_DIAGNOSTIC
V58_MILD_CAL_R2_K125,302,PG 14:0_22:0,0.0003959881134257442,0.0003959881134257442,0.0,0.0,0.0,0.0,,0.0,0.0,[],[],,[],False,1.5404566511278972e-11,,,0.0,0.0,0.019899450078475652,8.89919582615121e-17,True,False,frozen synthetic foreground mean NNLS; production labels only for comparison,"raw postfit residual direction, constrained by NNLS KKT; not absorbed signal fraction",False,False,UNREPORTED_NONTRUTH,0.00026433632441693163,,0.9098349734462544,0.9326504962605439,PG 16:0_20:0,PG 16:0_20:0,10,0.06329113924050633,0.15413899194210542,0.0,76,4,80,,FROZEN_CHANNEL_DETECTION_THRESHOLD_NOT_AVAILABLE,0.0,0.0,0.0,0.0,0.0,0.0,candidate spectral contributions; arithmetic channel mean; all aliases,sum of unchanged b values on specified channels; no normalization,LIBRARY_SHARING_SUPPORT_NOT_VERIFIED_IDENTITY_DIAGNOSTIC
V58_MILD_CAL_R2_K125,303,PG 16:0_20:0,0.0003959881134257442,0.0003959881134257442,0.0,0.0,0.0,0.0,,0.0,0.0,[],[],,[],False,1.5404566511278972e-11,,,0.0,0.0,0.019899450078475652,8.89919582615121e-17,True,False,frozen synthetic foreground mean NNLS; production labels only for comparison,"raw postfit residual direction, constrained by NNLS KKT; not absorbed signal fraction",False,False,UNREPORTED_NONTRUTH,0.0001769125943712922,,0.9098349734462544,0.9326504962605439,PG 14:0_22:0,PG 14:0_22:0,10,0.06329113924050633,0.34028027346755,0.0,88,0,88,,FROZEN_CHANNEL_DETECTION_THRESHOLD_NOT_AVAILABLE,,0.0,0.0,,,0.0,candidate spectral contributions; arithmetic channel mean; all aliases,sum of unchanged b values on specified channels; no normalization,LIBRARY_SHARING_SUPPORT_NOT_VERIFIED_IDENTITY_DIAGNOSTIC
V58_MILD_CAL_R2_K125,304,PG 18:0_18:0,0.0003959881134257442,0.0003959881134257442,0.0,0.0,0.0,0.0,,0.0,0.0,[],[],,[],False,1.5404566511278972e-11,,,0.0,0.0,0.019899450078475652,8.89919582615121e-17,True,False,frozen synthetic foreground mean NNLS; production labels only for comparison,"raw postfit residual direction, constrained by NNLS KKT; not absorbed signal fraction",False,True,FP,0.005434864612212287,0.0,0.7773785213594855,0.607988867875907,PA 18:0_22:5,PC O-16:1_18:0,13,0.16049382716049382,0.3688070935666828,0.0,59,0,59,,FROZEN_CHANNEL_DETECTION_THRESHOLD_NOT_AVAILABLE,,0.0,0.0,,,0.0,candidate spectral contributions; arithmetic channel mean; all aliases,sum of unchanged b values on specified channels; no normalization,LIBRARY_SHARING_SUPPORT_NOT_VERIFIED_IDENTITY_DIAGNOSTIC
V58_MILD_CAL_R2_K125,305,PG 16:1_22:6,0.0003959881134257442,0.0004091124546683642,1.3124341242619982e-05,0.03314327062985892,0.024847485700350017,0.24279756581831294,PG 16:0_20:3,0.02443969660451282,0.10065873816338237,"[""PG 16:0_20:3"", ""PE 16:1_22:2"", ""PG 18:3_20:4"", ""PE O-16:0_22:3"", ""PE 18:2_22:6""]","[0.02443969660451282, 0.02081854304096656, 0.017737857017963193, 0.016652098906963043, 0.014675154298663468]",PG 16:0_20:3,"[""PG 16:0_20:3""]",True,1.5404566511278972e-11,-2.8371889030890674e-16,1.9180681329317186e-14,0.34948366182717444,1.0489593793515302,0.020226528487814314,0.0021149127040658634,True,True,frozen synthetic foreground mean NNLS; production labels only for comparison,"raw postfit residual direction, constrained by NNLS KKT; not absorbed signal fraction",False,True,FP,0.005021392056789681,3.855433815127721e-05,0.9234151828205017,0.8630897869781091,PE 16:1_22:6,PE 16:1_22:6,27,0.23478260869565218,0.7994591092025382,0.0,81,0,81,,FROZEN_CHANNEL_DETECTION_THRESHOLD_NOT_AVAILABLE,,0.2648467922817774,0.9999999982779573,,,0.0,candidate spectral contributions; arithmetic channel mean; all aliases,sum of unchanged b values on specified channels; no normalization,LIBRARY_SHARING_SUPPORT_NOT_VERIFIED_IDENTITY_DIAGNOSTIC
V58_MILD_CAL_R2_K125,306,PG 18:2_20:5,0.0003959881134257442,0.0003959881134257442,0.0,0.0,0.0,0.0,,0.0,0.0,[],[],,[],False,1.5404566511278972e-11,,,0.0,0.0,0.019899450078475652,8.89919582615121e-17,True,False,frozen synthetic foreground mean NNLS; production labels only for comparison,"raw postfit residual direction, constrained by NNLS KKT; not absorbed signal fraction",False,True,FP,0.006795332289047701,0.0,0.8063714209141534,0.6488491038174617,PE 18:2_20:5,PE 18:2_20:5,31,0.2246376811594203,1.1794557165776178,0.0,89,0,89,,FROZEN_CHANNEL_DETECTION_THRESHOLD_NOT_AVAILABLE,,0.0,0.0,,,0.0,candidate spectral contributions; arithmetic channel mean; all aliases,sum of unchanged b values on specified channels; no normalization,LIBRARY_SHARING_SUPPORT_NOT_VERIFIED_IDENTITY_DIAGNOSTIC
V58_MILD_CAL_R2_K125,307,PG 18:3_20:4,0.0003959881134257442,0.0003959881134257442,0.0,0.0,0.0,0.0,,0.0,0.0,[],[],,[],False,1.5404566511278972e-11,,,0.0,0.0,0.019899450078475652,8.89919582615121e-17,True,False,frozen synthetic foreground mean NNLS; production labels only for comparison,"raw postfit residual direction, constrained by NNLS KKT; not absorbed signal fraction",True,True,TP,0.008392249068528337,1.2739899522456913e-18,0.8883052413375818,0.8099387459305206,PE 18:3_20:4,PE 18:3_20:4,30,0.23076923076923078,1.01659147287033,0.0,86,0,86,,FROZEN_CHANNEL_DETECTION_THRESHOLD_NOT_AVAILABLE,,0.0,0.0,,,0.0,candidate spectral contributions; arithmetic channel mean; all aliases,sum of unchanged b values on specified channels; no normalization,LIBRARY_SHARING_SUPPORT_NOT_VERIFIED_IDENTITY_DIAGNOSTIC
V58_MILD_CAL_R2_K125,308,PG 16:0_22:6,0.0003959881134257442,0.0003960134126719137,2.5299246169470553e-08,6.388890284285206e-05,0.0002984583168392954,0.0033386647960736006,PG 16:0_20:3,0.00045408259031502404,0.1360072417911003,"[""PG 16:0_20:3"", ""PG 16:0_22:4"", ""PE O-16:0_22:3"", ""PE O-18:0_20:4"", ""PE 20:3_20:4""]","[0.00045408259031502404, 0.00035947846305236196, 0.00025745323658912973, 0.0001604372937225847, 0.00014607147298997293]",PG 16:0_20:3,"[""PG 16:0_20:3""]",True,1.5404566511278972e-11,2.166862687350533e-15,6.971137120848925e-13,0.22908049993640467,0.8166434471792249,0.019900085745340735,0.00012842894972599572,True,True,frozen synthetic foreground mean NNLS; production labels only for comparison,"raw postfit residual direction, constrained by NNLS KKT; not absorbed signal fraction",False,False,UNREPORTED_NONTRUTH,0.0,,0.7991402253068474,0.7249106579162166,PE 16:0_22:6,PE 16:0_22:6,30,0.2542372881355932,0.8133031063426488,0.0,86,0,86,,FROZEN_CHANNEL_DETECTION_THRESHOLD_NOT_AVAILABLE,,0.005879594893358733,0.2269691402207576,,,0.0,candidate spectral contributions; arithmetic channel mean; all aliases,sum of unchanged b values on specified channels; no normalization,LIBRARY_SHARING_SUPPORT_NOT_VERIFIED_IDENTITY_DIAGNOSTIC
V58_MILD_CAL_R2_K125,309,PG 16:1_22:5,0.0003959881134257442,0.0003959881134257442,0.0,0.0,0.0,0.0,,0.0,0.0,[],[],,[],False,1.5404566511278972e-11,,,0.0,0.0,0.019899450078475652,8.89919582615121e-17,True,False,frozen synthetic foreground mean NNLS; production labels only for comparison,"raw postfit residual direction, constrained by NNLS KKT; not absorbed signal fraction",False,False,UNREPORTED_NONTRUTH,1.4307702491392747e-07,,0.8657216016325603,0.746236912674345,PE 16:1_22:5,PE 16:1_22:5,24,0.2,0.6341492581872047,0.0,83,0,83,,FROZEN_CHANNEL_DETECTION_THRESHOLD_NOT_AVAILABLE,,0.0,0.0,,,0.0,candidate spectral contributions; arithmetic channel mean; all aliases,sum of unchanged b values on specified channels; no normalization,LIBRARY_SHARING_SUPPORT_NOT_VERIFIED_IDENTITY_DIAGNOSTIC
V58_MILD_CAL_R2_K125,310,PG 18:1_20:5,0.0003959881134257442,0.0003959881134257442,0.0,0.0,0.0,0.0,,0.0,0.0,[],[],,[],False,1.5404566511278972e-11,,,0.0,0.0,0.019899450078475652,8.89919582615121e-17,True,False,frozen synthetic foreground mean NNLS; production labels only for comparison,"raw postfit residual direction, constrained by NNLS KKT; not absorbed signal fraction",False,False,UNREPORTED_NONTRUTH,1.3758488314283254e-07,,0.7719148346762996,0.64254052606173,PE 18:1_20:5,PE 18:1_20:5,32,0.2222222222222222,1.0132765439479707,0.0,96,0,96,,FROZEN_CHANNEL_DETECTION_THRESHOLD_NOT_AVAILABLE,,0.0,0.0,,,0.0,candidate spectral contributions; arithmetic channel mean; all aliases,sum of unchanged b values on specified channels; no normalization,LIBRARY_SHARING_SUPPORT_NOT_VERIFIED_IDENTITY_DIAGNOSTIC
V58_MILD_CAL_R2_K125,311,PG 18:2_20:4,0.0003959881134257442,0.0003959881134257442,0.0,0.0,0.0,0.0,,0.0,0.0,[],[],,[],False,1.5404566511278972e-11,,,0.0,0.0,0.019899450078475652,8.89919582615121e-17,True,False,frozen synthetic foreground mean NNLS; production labels only for comparison,"raw postfit residual direction, constrained by NNLS KKT; not absorbed signal fraction",False,False,UNREPORTED_NONTRUTH,1.452395555683178e-07,,0.8407819923099085,0.6748548418850087,PE 18:2_20:4,PE 18:2_20:4,33,0.22448979591836735,1.2576261914127154,0.0,97,0,97,,FROZEN_CHANNEL_DETECTION_THRESHOLD_NOT_AVAILABLE,,0.0,0.0,,,0.0,candidate spectral contributions; arithmetic channel mean; all aliases,sum of unchanged b values on specified channels; no normalization,LIBRARY_SHARING_SUPPORT_NOT_VERIFIED_IDENTITY_DIAGNOSTIC
V58_MILD_CAL_R2_K125,312,PG 16:0_22:5,0.0003959881134257442,0.0003959881134257442,0.0,0.0,0.0,0.0,,0.0,0.0,[],[],,[],False,1.5404566511278972e-11,,,0.0,0.0,0.019899450078475652,8.89919582615121e-17,True,False,frozen synthetic foreground mean NNLS; production labels only for comparison,"raw postfit residual direction, constrained by NNLS KKT; not absorbed signal fraction",True,True,TP,0.010137346777219336,9.554924641842684e-19,0.7094802301100913,0.6546772648517466,PA 22:5_22:5,PE 16:0_22:5,27,0.23275862068965517,0.617614796950847,0.0,81,0,81,,FROZEN_CHANNEL_DETECTION_THRESHOLD_NOT_AVAILABLE,,0.0,0.0,,,0.0,candidate spectral contributions; arithmetic channel mean; all aliases,sum of unchanged b values on specified channels; no normalization,LIBRARY_SHARING_SUPPORT_NOT_VERIFIED_IDENTITY_DIAGNOSTIC
V58_MILD_CAL_R2_K125,313,PG 16:1_22:4,0.0003959881134257442,0.0003959881134257442,0.0,0.0,0.0,0.0,,0.0,0.0,[],[],,[],False,1.5404566511278972e-11,,,0.0,0.0,0.019899450078475652,8.89919582615121e-17,True,False,frozen synthetic foreground mean NNLS; production labels only for comparison,"raw postfit residual direction, constrained by NNLS KKT; not absorbed signal fraction",True,True,TP,0.006389886786216866,0.0,0.7237928236138749,0.6237593082022754,PA 22:4_22:6,PE 16:1_22:4,23,0.18110236220472442,0.7188609170134606,0.0,87,0,87,,FROZEN_CHANNEL_DETECTION_THRESHOLD_NOT_AVAILABLE,,0.0,0.0,,,0.0,candidate spectral contributions; arithmetic channel mean; all aliases,sum of unchanged b values on specified channels; no normalization,LIBRARY_SHARING_SUPPORT_NOT_VERIFIED_IDENTITY_DIAGNOSTIC
V58_MILD_CAL_R2_K125,314,PG 18:0_20:5,0.0003959881134257442,0.00039702284694046245,1.034733514718221e-06,0.0026130418490433113,0.013888198635697587,0.13393364306042443,PG 18:2_20:3,0.012400561510062705,0.0925873531594715,"[""PG 18:2_20:3"", ""PG 18:0_18:3"", ""PE O-20:2_20:4"", ""PE O-18:1_22:2"", ""PG 17:1_20:1""]","[0.012400561510062705, 0.008365341931871287, 0.005996001699095182, 0.005967524418470628, 0.0057762138244876055]",PG 18:2_20:3,"[""PG 18:2_20:3""]",True,1.5404566511278972e-11,-2.2032156304442367e-15,3.4091195200899746e-14,0.39096051385656333,1.0678347196156015,0.019925432164459116,0.0008136101035250908,True,True,frozen synthetic foreground mean NNLS; production labels only for comparison,"raw postfit residual direction, constrained by NNLS KKT; not absorbed signal fraction",False,True,FP,0.011541618443279738,3.0396547213636065e-06,0.6681402722839712,0.7021630983096168,PE 18:0_20:5,PE 18:0_20:5,32,0.2302158273381295,0.9083318732539578,0.0,96,0,96,,FROZEN_CHANNEL_DETECTION_THRESHOLD_NOT_AVAILABLE,,0.09297558836714452,0.9999999944554895,,,0.0,candidate spectral contributions; arithmetic channel mean; all aliases,sum of unchanged b values on specified channels; no normalization,LIBRARY_SHARING_SUPPORT_NOT_VERIFIED_IDENTITY_DIAGNOSTIC
V58_MILD_CAL_R2_K125,315,PG 18:1_20:4,0.0003959881134257442,0.0003960843305513758,9.621712563159541e-08,0.0002429798322889766,0.005480506422477342,0.04406134497124012,PG 18:2_20:3,0.0051877594974514135,0.11773947210916615,"[""PG 18:2_20:3"", ""PG 18:1_18:3"", ""PG 16:0_22:4"", ""PE O-18:1_22:2"", ""PE O-20:2_20:4""]","[0.0051877594974514135, 0.002419822537681517, 0.002269943479188019, 0.0021659167289983725, 0.0018308490624796571]",PG 18:2_20:3,"[""PG 18:2_20:3""]",True,1.5404566511278972e-11,-2.1876935680327087e-15,1.3172607505515174e-13,0.5845209999244341,1.450766182352692,0.01990186751416499,0.0002134749946502414,True,True,frozen synthetic foreground mean NNLS; production labels only for comparison,"raw postfit residual direction, constrained by NNLS KKT; not absorbed signal fraction",False,False,UNREPORTED_NONTRUTH,0.0007308665504021535,,0.7322783668462836,0.6157541224252143,PE 18:1_20:4,PE 18:1_20:4,34,0.2222222222222222,1.0912960427376772,0.0,104,0,104,,FROZEN_CHANNEL_DETECTION_THRESHOLD_NOT_AVAILABLE,,0.043311808467824627,0.6159233048046475,,,0.0,candidate spectral contributions; arithmetic channel mean; all aliases,sum of unchanged b values on specified channels; no normalization,LIBRARY_SHARING_SUPPORT_NOT_VERIFIED_IDENTITY_DIAGNOSTIC
V58_MILD_CAL_R2_K125,316,PG 18:2_20:3,0.0003959881134257442,0.0003973757472208284,1.3876337950841696e-06,0.0035042309214166553,0.0348140967967399,0.21792964125742503,PG 16:0_22:5,0.01609880579079263,0.07387157477904699,"[""PG 16:0_22:5"", ""PG 18:2_20:2"", ""PG 14:0_22:3"", ""PE O-16:1_22:3"", ""PG 18:2_18:2""]","[0.01609880579079263, 0.012567578674233078, 0.009721656156270665, 0.009493873058746986, 0.008784889516104205]",PG 16:0_22:5,"[""PG 16:0_22:5""]",True,1.5404566511278972e-11,4.725368207830776e-15,0.008073962456786968,0.6344538747054195,1.1662163079028331,0.019934285721360284,0.0009100377358077674,True,True,frozen synthetic foreground mean NNLS; production labels only for comparison,"raw postfit residual direction, constrained by NNLS KKT; not absorbed signal fraction",True,True,TP,0.01981272617494465,4.076341934183653e-06,0.7413210203759275,0.606594049217869,PG 16:1_22:4,PE 18:2_20:3,22,0.16176470588235295,1.1612877233924106,0.0,89,0,89,,FROZEN_CHANNEL_DETECTION_THRESHOLD_NOT_AVAILABLE,,0.11366880459349493,0.5829140796229126,,,0.0,candidate spectral contributions; arithmetic channel mean; all aliases,sum of unchanged b values on specified channels; no normalization,LIBRARY_SHARING_SUPPORT_NOT_VERIFIED_IDENTITY_DIAGNOSTIC
V58_MILD_CAL_R2_K125,317,PG 20:2_18:3,0.0003959881134257442,0.0003959881134257442,0.0,0.0,0.0,0.0,,0.0,0.0,[],[],,[],False,1.5404566511278972e-11,,,0.0,0.0,0.019899450078475652,8.89919582615121e-17,True,False,frozen synthetic foreground mean NNLS; production labels only for comparison,"raw postfit residual direction, constrained by NNLS KKT; not absorbed signal fraction",True,True,TP,0.007354127063679755,0.0,0.6351189131239832,0.8365896708858919,PE 20:0_18:3,PE 20:2_20:2,11,0.11702127659574468,0.8739922221346564,0.0,76,0,76,,FROZEN_CHANNEL_DETECTION_THRESHOLD_NOT_AVAILABLE,,0.0,0.0,,,0.0,candidate spectral contributions; arithmetic channel mean; all aliases,sum of unchanged b values on specified channels; no normalization,LIBRARY_SHARING_SUPPORT_NOT_VERIFIED_IDENTITY_DIAGNOSTIC
V58_MILD_CAL_R2_K125,318,PG 14:0_24:4,0.0003959881134257442,0.000396002375225199,1.426179945478558e-08,3.6015726066596264e-05,0.0030322176087255338,0.025404637841150345,PG 14:0_22:3,0.008652213007570665,0.3405761208378757,"[""PG 14:0_22:3"", ""PG 16:0_22:4"", ""PE 16:0_24:4"", ""PE O-16:0_22:2"", ""PE O-16:1_22:4""]","[0.008652213007570665, 0.0032902251182693014, 0.0018041024920759687, 0.0013897283929041552, 0.0010085787146788816]",PG 14:0_22:3,"[""PG 14:0_22:3""]",True,1.5404566511278972e-11,-1.8897529544114682e-15,5.080164463915851e-15,0.31303755744266026,1.0956299433064693,0.019899808421821513,0.00011942277611285962,True,True,frozen synthetic foreground mean NNLS; production labels only for comparison,"raw postfit residual direction, constrained by NNLS KKT; not absorbed signal fraction",False,False,UNREPORTED_NONTRUTH,9.98131429088863e-07,,0.7637798863769099,0.700087388857519,PG 18:2_20:2,PG 18:2_20:2,7,0.04242424242424243,0.11303116973022609,0.0,73,10,83,,FROZEN_CHANNEL_DETECTION_THRESHOLD_NOT_AVAILABLE,0.0,0.20166276046264442,0.9999999782807607,0.9999944829845472,0.0,0.00010003788103753761,candidate spectral contributions; arithmetic channel mean; all aliases,sum of unchanged b values on specified channels; no normalization,LIBRARY_SHARING_SUPPORT_NOT_VERIFIED_IDENTITY_DIAGNOSTIC
V58_MILD_CAL_R2_K125,319,PG 16:0_22:4,0.0003959881134257442,0.0003960808558509964,9.274242525217444e-08,0.00023420507301505263,0.01182258460967294,0.0707287671813745,PG 16:0_20:3,0.019234861708939913,0.2719524526610611,"[""PG 16:0_20:3"", ""PE O-16:0_22:4"", ""PG 18:2_20:2"", ""PG 14:0_24:4"", ""PE 16:0_22:4""]","[0.019234861708939913, 0.006405616167731886, 0.006141463465257527, 0.004849712955177818, 0.004030443842877863]",PG 16:0_20:3,"[""PG 16:0_20:3""]",True,1.5404566511278972e-11,-9.458043181614284e-16,1.0139473231051748e-13,0.5253445580347009,1.2082208113497566,0.01990178021813617,0.00027154079133803657,True,True,frozen synthetic foreground mean NNLS; production labels only for comparison,"raw postfit residual direction, constrained by NNLS KKT; not absorbed signal fraction",False,True,FP,0.0059352006690093495,2.72442079800761e-07,0.7623938569900558,0.8735013754168457,PG 18:2_20:2,PG 18:2_20:2,7,0.04142011834319527,0.700824557392965,0.0,87,0,87,,FROZEN_CHANNEL_DETECTION_THRESHOLD_NOT_AVAILABLE,,0.11457151523145755,0.9999999688013727,,,0.0,candidate spectral contributions; arithmetic channel mean; all aliases,sum of unchanged b values on specified channels; no normalization,LIBRARY_SHARING_SUPPORT_NOT_VERIFIED_IDENTITY_DIAGNOSTIC
V58_MILD_CAL_R2_K125,320,PG 16:1_22:3,0.0003959881134257442,0.0003959881134257442,0.0,0.0,0.0,0.0,,0.0,0.0,[],[],,[],False,1.5404566511278972e-11,,,0.0,0.0,0.019899450078475652,8.89919582615121e-17,True,False,frozen synthetic foreground mean NNLS; production labels only for comparison,"raw postfit residual direction, constrained by NNLS KKT; not absorbed signal fraction",False,True,FP,0.001404169579636766,0.0,0.8489350701121507,0.9182610822031387,PG 18:2_20:2,PG 18:2_20:2,7,0.041666666666666664,0.708570161279647,0.0,86,0,86,,FROZEN_CHANNEL_DETECTION_THRESHOLD_NOT_AVAILABLE,,0.0,0.0,,,0.0,candidate spectral contributions; arithmetic channel mean; all aliases,sum of unchanged b values on specified channels; no normalization,LIBRARY_SHARING_SUPPORT_NOT_VERIFIED_IDENTITY_DIAGNOSTIC
V58_MILD_CAL_R2_K125,321,PG 18:0_20:4,0.0003959881134257442,0.0003959881134257442,0.0,0.0,0.0,0.0,,0.0,0.0,[],[],,[],False,1.5404566511278972e-11,,,0.0,0.0,0.019899450078475652,8.89919582615121e-17,True,False,frozen synthetic foreground mean NNLS; production labels only for comparison,"raw postfit residual direction, constrained by NNLS KKT; not absorbed signal fraction",True,True,TP,0.029582940945448492,4.777462320921342e-19,0.7129302377255369,0.8373795493919001,PG 18:2_20:2,PG 18:2_20:2,28,0.16766467065868262,0.9848494736595268,0.0,106,0,106,,FROZEN_CHANNEL_DETECTION_THRESHOLD_NOT_AVAILABLE,,0.0,0.0,,,0.0,candidate spectral contributions; arithmetic channel mean; all aliases,sum of unchanged b values on specified channels; no normalization,LIBRARY_SHARING_SUPPORT_NOT_VERIFIED_IDENTITY_DIAGNOSTIC
V58_MILD_CAL_R2_K125,322,PG 18:1_20:3,0.0003959881134257442,0.0003959881134257442,0.0,0.0,0.0,0.0,,0.0,0.0,[],[],,[],False,1.5404566511278972e-11,,,0.0,0.0,0.019899450078475652,8.89919582615121e-17,True,False,frozen synthetic foreground mean NNLS; production labels only for comparison,"raw postfit residual direction, constrained by NNLS KKT; not absorbed signal fraction",True,True,TP,0.0018608598722049984,1.2739899522456913e-18,0.7232937501766656,0.8711733547405197,PG 18:2_20:2,PG 18:2_20:2,62,0.49206349206349204,0.9934757532375039,0.0,99,0,99,,FROZEN_CHANNEL_DETECTION_THRESHOLD_NOT_AVAILABLE,,0.0,0.0,,,0.0,candidate spectral contributions; arithmetic channel mean; all aliases,sum of unchanged b values on specified channels; no normalization,LIBRARY_SHARING_SUPPORT_NOT_VERIFIED_IDENTITY_DIAGNOSTIC
V58_MILD_CAL_R2_K125,323,PG 18:2_20:2,0.0003959881134257442,0.00039674303357119505,7.549201454508272e-07,0.0019064212231359537,0.02488640544644539,0.1145618387391183,PG 16:1_20:2,0.019717771418440017,0.1721146555893666,"[""PG 16:1_20:2"", ""PG 16:0_22:4"", ""PG 18:1_20:3"", ""PG 14:0_24:4"", ""PG 18:2_20:3""]","[0.019717771418440017, 0.012069854874705068, 0.009003481756685682, 0.005561394088541909, 0.005278562285891297]",PG 16:1_20:2,"[""PG 16:1_20:2""]",True,1.5404566511278972e-11,-1.5608848920459843e-15,0.0053674020817095856,0.6667328095703733,1.0630138538996343,0.0199184094136855,0.0005958408029227846,True,True,frozen synthetic foreground mean NNLS; production labels only for comparison,"raw postfit residual direction, constrained by NNLS KKT; not absorbed signal fraction",False,True,FP,0.003162289069619262,2.217669140635792e-06,0.8489350701121507,0.9182610822031387,PG 16:1_22:3,PG 16:1_22:3,7,0.041666666666666664,1.113374066247513,0.0,89,0,89,,FROZEN_CHANNEL_DETECTION_THRESHOLD_NOT_AVAILABLE,,0.06295123640388134,0.38640186948049066,,,0.0,candidate spectral contributions; arithmetic channel mean; all aliases,sum of unchanged b values on specified channels; no normalization,LIBRARY_SHARING_SUPPORT_NOT_VERIFIED_IDENTITY_DIAGNOSTIC
V58_MILD_CAL_R2_K125,324,PG 20:1_18:3,0.0003959881134257442,0.00039602067819623443,3.256477049021038e-08,8.22367371743854e-05,0.0038179056746035166,0.02332815705779835,PG 18:0_18:3,0.002317322218116716,0.09933584604544336,"[""PG 18:0_18:3"", ""PG 17:0_20:3"", ""PG 17:1_20:1"", ""PG 18:2_20:2"", ""PE O-18:0_20:1""]","[0.002317322218116716, 0.001947129214677934, 0.0019455556245152844, 0.0018392706461738753, 0.0014810686664395206]",PG 18:0_18:3,"[""PG 18:0_18:3""]",True,1.5404566511278972e-11,1.5058042256719653e-15,3.565295710561696e-13,0.6153873207640884,1.1122704329229727,0.01990026829457921,0.00018045711537697278,True,True,frozen synthetic foreground mean NNLS; production labels only for comparison,"raw postfit residual direction, constrained by NNLS KKT; not absorbed signal fraction",False,True,FP,0.0026040183414110757,9.566294796018978e-08,0.7775930905931401,0.8512493031596473,PE 20:1_18:3,PE 20:1_18:3,21,0.1826086956521739,0.7090856348272986,0.0,75,0,75,,FROZEN_CHANNEL_DETECTION_THRESHOLD_NOT_AVAILABLE,,0.06306456891222399,0.5686804998970403,,,0.0,candidate spectral contributions; arithmetic channel mean; all aliases,sum of unchanged b values on specified channels; no normalization,LIBRARY_SHARING_SUPPORT_NOT_VERIFIED_IDENTITY_DIAGNOSTIC
V58_MILD_CAL_R2_K125,325,PG 17:0_18:0,0.0003959881134257442,0.00039598842833700004,3.149112558177222e-10,7.952543128078519e-07,3.301451901247197e-05,0.00027496762789169034,PG 14:0_22:3,2.4284050168427856e-05,0.08831603293198319,"[""PG 14:0_22:3"", ""PG 17:0_20:3"", ""PG 17:0_20:2"", ""PG 18:0_18:3"", ""PG 16:0_22:4""]","[2.4284050168427856e-05, 2.3589614653079377e-05, 1.8978228013971643e-05, 1.7418021487851376e-05, 1.62011245391485e-05]",PG 14:0_22:3,"[""PG 14:0_22:3""]",True,1.5404566511278972e-11,-2.332234664283736e-15,-4.581561164251387e-13,0.327637072714924,0.7824349099386416,0.019899457991035836,1.7745739091245488e-05,True,True,frozen synthetic foreground mean NNLS; production labels only for comparison,"raw postfit residual direction, constrained by NNLS KKT; not absorbed signal fraction",False,False,UNREPORTED_NONTRUTH,6.604244629929746e-05,,0.5724491777651799,0.4852294371402781,PG 17:0_17:0,PG 17:0_17:0,45,0.42452830188679247,0.5482245740929251,0.0,97,3,100,,FROZEN_CHANNEL_DETECTION_THRESHOLD_NOT_AVAILABLE,0.0,0.030618972095970122,0.9999118660723612,0.9948459122402249,0.0,1.2993293641170746e-08,candidate spectral contributions; arithmetic channel mean; all aliases,sum of unchanged b values on specified channels; no normalization,LIBRARY_SHARING_SUPPORT_NOT_VERIFIED_IDENTITY_DIAGNOSTIC
V58_MILD_CAL_R2_K125,326,PG 17:0_18:1,0.0003959881134257442,0.0003959881134257442,0.0,0.0,0.0,0.0,,0.0,0.0,[],[],,[],False,1.5404566511278972e-11,,,0.0,0.0,0.019899450078475652,8.89919582615121e-17,True,False,frozen synthetic foreground mean NNLS; production labels only for comparison,"raw postfit residual direction, constrained by NNLS KKT; not absorbed signal fraction",False,True,FP,0.002055411304810737,9.554924641842684e-19,0.6128588477043078,0.4988044285893617,PG 18:0_17:1,PE 20:0_18:1,25,0.17123287671232876,0.6590685145739582,0.0,101,0,101,,FROZEN_CHANNEL_DETECTION_THRESHOLD_NOT_AVAILABLE,,0.0,0.0,,,0.0,candidate spectral contributions; arithmetic channel mean; all aliases,sum of unchanged b values on specified channels; no normalization,LIBRARY_SHARING_SUPPORT_NOT_VERIFIED_IDENTITY_DIAGNOSTIC
V58_MILD_CAL_R2_K125,327,PG 17:0_18:2,0.0003959881134257442,0.00039600337852959165,1.5265103847422398e-08,3.854939906355425e-05,0.000378340732235817,0.0028890340348928217,PG 17:0_20:2,0.00048218147831036173,0.16690058764273066,"[""PG 17:0_20:2"", ""PG 17:1_18:1"", ""PE O-16:0_22:3"", ""PG 17:0_20:3"", ""PG 18:0_18:2""]","[0.00048218147831036173, 0.0002739443182650745, 0.0001698496720540059, 0.00016420830020390936, 0.00015999504574987916]",PG 17:0_20:2,"[""PG 17:0_20:2""]",True,1.5404566511278972e-11,-4.1551250653702794e-16,1.128891969390886e-12,0.4602153999253296,1.0751883112323004,0.01989983363070134,3.316294248220697e-05,True,True,frozen synthetic foreground mean NNLS; production labels only for comparison,"raw postfit residual direction, constrained by NNLS KKT; not absorbed signal fraction",False,False,UNREPORTED_NONTRUTH,4.133640268438005e-08,,0.6317309664145685,0.9434506686869334,PG 17:1_18:1,PG 17:1_18:1,63,0.5163934426229508,0.857220495580159,0.0,93,0,93,,FROZEN_CHANNEL_DETECTION_THRESHOLD_NOT_AVAILABLE,,0.0011124933612305236,0.006683122604790869,,,0.0,candidate spectral contributions; arithmetic channel mean; all aliases,sum of unchanged b values on specified channels; no normalization,LIBRARY_SHARING_SUPPORT_NOT_VERIFIED_IDENTITY_DIAGNOSTIC
V58_MILD_CAL_R2_K125,328,PG 17:0_20:0,0.0003959881134257442,0.00039599035344576016,2.240020015938267e-09,5.6567859850710644e-06,6.031462727642359e-05,0.0007653793651129339,PA 20:0_20:1,4.709356396022293e-05,0.06152970153793529,"[""PA 20:0_20:1"", ""PG 18:0_18:2"", ""PG 17:0_20:2"", ""PE O-18:1_22:2"", ""PS 14:0_22:0""]","[4.709356396022293e-05, 4.642320692033533e-05, 4.3268410597967905e-05, 3.6470720571057935e-05, 3.322336115764394e-05]",PA 20:0_20:1,"[""PA 20:0_20:1""]",True,1.5404566511278972e-11,-5.037815106925066e-16,2.6893956700627294e-13,0.17833804938486353,0.6127465811927191,0.01989950636186134,4.732884971728682e-05,True,True,frozen synthetic foreground mean NNLS; production labels only for comparison,"raw postfit residual direction, constrained by NNLS KKT; not absorbed signal fraction",False,False,UNREPORTED_NONTRUTH,2.9865910869869754e-05,,0.4714442309976786,0.3403251073962006,PE 17:0_20:0,PE 17:0_20:0,28,0.2222222222222222,0.3302999907303419,0.0,91,0,91,,FROZEN_CHANNEL_DETECTION_THRESHOLD_NOT_AVAILABLE,,0.0002082332321308754,0.003810210500111395,,,0.0,candidate spectral contributions; arithmetic channel mean; all aliases,sum of unchanged b values on specified channels; no normalization,LIBRARY_SHARING_SUPPORT_NOT_VERIFIED_IDENTITY_DIAGNOSTIC
V58_MILD_CAL_R2_K125,329,PG 17:0_20:1,0.0003959881134257442,0.0003959896750289419,1.5616031976643102e-09,3.9435607806787905e-06,0.00020846239134402758,0.003663860120019521,PE 17:0_22:2,0.000436642546038174,0.1191755502709181,"[""PE 17:0_22:2"", ""PG 20:0_17:1"", ""PG 17:0_20:3"", ""PE O-16:0_22:1"", ""PG 18:2_18:3""]","[0.000436642546038174, 0.00037699633652548206, 0.0003685717193705196, 0.0001601473063603514, 0.00014869908577862983]",PE 17:0_22:2,"[""PE 17:0_22:2""]",True,1.5404566511278972e-11,-1.0640113545355647e-14,-2.5112216303667296e-12,0.2727590645825727,1.4115783963195938,0.0198994893157825,3.9517125373052775e-05,True,True,frozen synthetic foreground mean NNLS; production labels only for comparison,"raw postfit residual direction, constrained by NNLS KKT; not absorbed signal fraction",False,True,FP,0.003984558194889378,4.587398076218789e-09,0.46725615435966666,0.4848487780291255,PG 20:0_17:1,PG 20:0_17:1,59,0.49166666666666664,0.5460762610602011,0.0,94,0,94,,FROZEN_CHANNEL_DETECTION_THRESHOLD_NOT_AVAILABLE,,0.0008514531597186451,0.008079490617932422,,,0.0,candidate spectral contributions; arithmetic channel mean; all aliases,sum of unchanged b values on specified channels; no normalization,LIBRARY_SHARING_SUPPORT_NOT_VERIFIED_IDENTITY_DIAGNOSTIC
V58_MILD_CAL_R2_K125,330,PG 17:0_20:2,0.0003959881134257442,0.0003965758321386259,5.877187128816618e-07,0.0014841827102158413,0.028932589358982363,0.08553220176383372,PG 17:1_20:1,0.027975573422773677,0.32707650271521177,"[""PG 17:1_20:1"", ""PG 17:0_20:3"", ""PG 18:0_18:3"", ""PE O-20:2_20:4"", ""PE O-16:0_22:2""]","[0.027975573422773677, 0.006743735187529461, 0.003562417474258353, 0.0025525674801503396, 0.0025026541250291103]",PG 17:1_20:1,"[""PG 17:1_20:1""]",True,1.5404566511278972e-11,-7.924274413550774e-16,-3.168251348925161e-14,0.8921207645084197,1.0454782542952872,0.019914211813140535,0.0006965477857472067,True,True,frozen synthetic foreground mean NNLS; production labels only for comparison,"raw postfit residual direction, constrained by NNLS KKT; not absorbed signal fraction",True,True,TP,0.02874218935781368,1.7264947303176685e-06,0.9589290658014563,0.9875408820795119,PG 17:1_20:1,PG 17:1_20:1,62,0.5081967213114754,0.7190919554148234,0.0,97,0,97,,FROZEN_CHANNEL_DETECTION_THRESHOLD_NOT_AVAILABLE,,0.09778563532182402,0.9613711627447307,,,0.0,candidate spectral contributions; arithmetic channel mean; all aliases,sum of unchanged b values on specified channels; no normalization,LIBRARY_SHARING_SUPPORT_NOT_VERIFIED_IDENTITY_DIAGNOSTIC
V58_MILD_CAL_R2_K125,331,PG 17:0_20:3,0.0003959881134257442,0.00039657008895975786,5.819755340136365e-07,0.0014696792979698604,0.026377117469939326,0.09616532432936359,PG 17:1_20:2,0.024761086113941212,0.25748455887152927,"[""PG 17:1_20:2"", ""PE O-16:0_22:4"", ""PG 18:2_20:3"", ""PE 16:0_22:3"", ""PG 16:0_20:3""]","[0.024761086113941212, 0.00456004798466018, 0.004159783690701101, 0.0038419100094477425, 0.003275145668254549]",PG 17:1_20:2,"[""PG 17:1_20:2""]",True,1.5404566511278972e-11,6.958628083701602e-16,4.506619579998569e-14,0.8266747509949711,1.044956080600341,0.01991406761462253,0.0006449797249787302,True,True,frozen synthetic foreground mean NNLS; production labels only for comparison,"raw postfit residual direction, constrained by NNLS KKT; not absorbed signal fraction",False,True,FP,0.011915783189738353,1.7096234484713457e-06,0.9156445847794333,0.9788510700280812,PG 17:1_20:2,PG 17:1_20:2,60,0.48,0.73779166824095,0.0,97,0,97,,FROZEN_CHANNEL_DETECTION_THRESHOLD_NOT_AVAILABLE,,0.0869586682870955,0.9068495867350512,,,0.0,candidate spectral contributions; arithmetic channel mean; all aliases,sum of unchanged b values on specified channels; no normalization,LIBRARY_SHARING_SUPPORT_NOT_VERIFIED_IDENTITY_DIAGNOSTIC
V58_MILD_CAL_R2_K125,332,PG 17:0_20:4,0.0003959881134257442,0.0003961629349672185,1.7482154147425598e-07,0.0004414817897445721,0.008592469502819592,0.04921805660630203,PG 17:1_20:3,0.00784709663287008,0.15943532056700263,"[""PG 17:1_20:3"", ""PG 17:0_20:3"", ""PG 14:0_22:3"", ""PE O-16:1_22:4"", ""PE O-16:0_22:3""]","[0.00784709663287008, 0.006714917896468737, 0.006123165957946795, 0.0028711749774621015, 0.0028095723169417434]",PG 17:1_20:3,"[""PG 17:1_20:3""]",True,1.5404566511278972e-11,-3.486038029749755e-15,0.029014265742920105,0.5921956197473143,1.131541892250774,0.01990384221619581,0.00024674679231815916,True,True,frozen synthetic foreground mean NNLS; production labels only for comparison,"raw postfit residual direction, constrained by NNLS KKT; not absorbed signal fraction",False,False,UNREPORTED_NONTRUTH,0.0005380310147251984,,0.7722623353641875,0.9330170035008105,PG 17:1_20:3,PG 17:1_20:3,60,0.46511627906976744,0.815378455004825,0.0,102,0,102,,FROZEN_CHANNEL_DETECTION_THRESHOLD_NOT_AVAILABLE,,0.041976975099908935,0.9369900302683125,,,0.0,candidate spectral contributions; arithmetic channel mean; all aliases,sum of unchanged b values on specified channels; no normalization,LIBRARY_SHARING_SUPPORT_NOT_VERIFIED_IDENTITY_DIAGNOSTIC
V58_MILD_CAL_R2_K125,333,PG 17:0_20:5,0.0003959881134257442,0.0003959881134257442,0.0,0.0,0.0,0.0,,0.0,0.0,[],[],,[],False,1.5404566511278972e-11,,,0.0,0.0,0.019899450078475652,8.89919582615121e-17,True,False,frozen synthetic foreground mean NNLS; production labels only for comparison,"raw postfit residual direction, constrained by NNLS KKT; not absorbed signal fraction",True,True,TP,0.006363921486752333,9.554924641842684e-19,0.7108936868389557,0.8598208538444184,PG 17:1_20:4,PE 17:0_20:5,44,0.352,0.7378126221126373,0.0,93,0,93,,FROZEN_CHANNEL_DETECTION_THRESHOLD_NOT_AVAILABLE,,0.0,0.0,,,0.0,candidate spectral contributions; arithmetic channel mean; all aliases,sum of unchanged b values on specified channels; no normalization,LIBRARY_SHARING_SUPPORT_NOT_VERIFIED_IDENTITY_DIAGNOSTIC
V58_MILD_CAL_R2_K125,334,PG 18:0_17:1,0.0003959881134257442,0.0003980346215614121,2.0465081356678882e-06,0.005168104953442106,0.016761171314569143,0.15552694416896468,PG 17:0_18:1,0.010538014209103911,0.0677568395967945,"[""PG 17:0_18:1"", ""PG 18:0_18:3"", ""PG 17:1_20:2"", ""PE 17:1_22:1"", ""PG 17:1_20:3""]","[0.010538014209103911, 0.009529677025510622, 0.0086032470265103, 0.00721349814086851, 0.006891189509088722]",PG 17:0_18:1,"[""PG 17:0_18:1""]",True,1.5404566511278972e-11,-6.608713198735749e-16,0.007032848631864288,0.4225638990284509,1.0370472690107582,0.0199508050354218,0.0011746354721703847,True,True,frozen synthetic foreground mean NNLS; production labels only for comparison,"raw postfit residual direction, constrained by NNLS KKT; not absorbed signal fraction",True,True,TP,0.013664833555627776,6.011864918267058e-06,0.7298783637230273,0.7702689207808884,PE 20:0_17:1,PE 20:0_17:1,11,0.07971014492753623,0.6721567608524026,0.0,89,0,89,,FROZEN_CHANNEL_DETECTION_THRESHOLD_NOT_AVAILABLE,,0.061280374741738496,0.6561490341085628,,,0.0,candidate spectral contributions; arithmetic channel mean; all aliases,sum of unchanged b values on specified channels; no normalization,LIBRARY_SHARING_SUPPORT_NOT_VERIFIED_IDENTITY_DIAGNOSTIC
V58_MILD_CAL_R2_K125,335,PG 17:1_18:1,0.0003959881134257442,0.0003959881134257442,0.0,0.0,0.0,0.0,,0.0,0.0,[],[],,[],False,1.5404566511278972e-11,,,0.0,0.0,0.019899450078475652,8.89919582615121e-17,True,False,frozen synthetic foreground mean NNLS; production labels only for comparison,"raw postfit residual direction, constrained by NNLS KKT; not absorbed signal fraction",False,False,UNREPORTED_NONTRUTH,2.851706608883058e-05,,0.6317309664145685,0.9434506686869334,PG 17:0_18:2,PG 17:0_18:2,63,0.5163934426229508,0.811311474295218,0.0,92,0,92,,FROZEN_CHANNEL_DETECTION_THRESHOLD_NOT_AVAILABLE,,0.0,0.0,,,0.0,candidate spectral contributions; arithmetic channel mean; all aliases,sum of unchanged b values on specified channels; no normalization,LIBRARY_SHARING_SUPPORT_NOT_VERIFIED_IDENTITY_DIAGNOSTIC
V58_MILD_CAL_R2_K125,336,PG 17:1_18:2,0.0003959881134257442,0.00093414355476201,0.0005381554413362657,1.359019176918202,0.030683543596900748,0.1976077752906643,PS 16:1_18:1,0.011776217484675156,0.059593897392416585,"[""PS 16:1_18:1"", ""PA 18:1_22:3"", ""PS 18:0_18:2"", ""PG 17:1_20:2"", ""PG 18:2_18:2""]","[0.011776217484675156, 0.011633186914372401, 0.010221806593520308, 0.008512231638629542, 0.008143807666181398]",PS 16:1_18:1,"[""PS 16:1_18:1""]",True,1.5404566511278972e-11,-1.362427086799958e-15,-9.801199643844868e-16,0.3132271678515447,0.5750977463547948,0.0305637621172854,0.023185229914101033,True,True,frozen synthetic foreground mean NNLS; production labels only for comparison,"raw postfit residual direction, constrained by NNLS KKT; not absorbed signal fraction",True,True,TP,0.029083110620180874,0.0015808966316609998,0.5482473093294393,0.0977600312680173,PE O-20:1_18:2,PE O-20:1_18:2,13,0.12380952380952381,0.9789861670453557,0.0003067128605169458,83,2,85,,FROZEN_CHANNEL_DETECTION_THRESHOLD_NOT_AVAILABLE,1.0,0.08045720457472422,0.9999999958566442,0.9999999930469472,0.999999991111663,0.0003437804186241737,candidate spectral contributions; arithmetic channel mean; all aliases,sum of unchanged b values on specified channels; no normalization,LIBRARY_SHARING_SUPPORT_NOT_VERIFIED_IDENTITY_DIAGNOSTIC
V58_MILD_CAL_R2_K125,337,PG 20:0_17:1,0.0003959881134257442,0.0004035244964969033,7.536383071159094e-06,0.01903184160486291,0.029039977333728664,0.22120351699311405,PE O-16:0_22:2,0.0182930463679485,0.08269780976599596,"[""PE O-16:0_22:2"", ""PG 17:1_20:2"", ""PG 17:0_20:1"", ""PE 18:2_22:2"", ""PE 17:1_22:1""]","[0.0182930463679485, 0.015429021217686021, 0.015270757750540166, 0.012738346951415446, 0.012543813748903825]",PE O-16:0_22:2,"[""PE O-16:0_22:2""]",True,1.5404566511278972e-11,-6.620612916446729e-15,-2.0742226752767428e-14,0.49457854743783675,1.0876537134195168,0.0200879191679204,0.0024403895023900842,True,True,frozen synthetic foreground mean NNLS; production labels only for comparison,"raw postfit residual direction, constrained by NNLS KKT; not absorbed signal fraction",True,True,TP,0.021637249751876763,2.2139035856480317e-05,0.8238355447330411,0.828926628285833,PE 20:0_17:1,PE 20:0_17:1,27,0.2288135593220339,0.4796765365595528,0.0,85,0,85,,FROZEN_CHANNEL_DETECTION_THRESHOLD_NOT_AVAILABLE,,0.1815305220450176,0.9996531132718603,,,0.0,candidate spectral contributions; arithmetic channel mean; all aliases,sum of unchanged b values on specified channels; no normalization,LIBRARY_SHARING_SUPPORT_NOT_VERIFIED_IDENTITY_DIAGNOSTIC
V58_MILD_CAL_R2_K125,338,PG 17:1_20:1,0.0003959881134257442,0.0003959911127689436,2.999343199370022e-09,7.574326324717151e-06,0.002238903550886727,0.00856463742843032,PG 17:0_20:2,0.002313755353306097,0.27015216608649795,"[""PG 17:0_20:2"", ""PG 17:1_20:2"", ""PG 20:1_18:3"", ""PE O-20:2_20:3"", ""PA 18:1_22:2""]","[0.002313755353306097, 0.0016190571051393644, 0.00030557062492117494, 0.0002982600287978112, 0.0002904038761812385]",PG 17:0_20:2,"[""PG 17:0_20:2""]",True,1.5404566511278972e-11,1.0115261802310124e-15,1.2015635506662179e-12,0.7218854237474432,1.0971742819428756,0.019899525440797417,5.476625967988918e-05,True,True,frozen synthetic foreground mean NNLS; production labels only for comparison,"raw postfit residual direction, constrained by NNLS KKT; not absorbed signal fraction",False,False,UNREPORTED_NONTRUTH,0.0002887937195808268,,0.9589290658014563,0.9875408820795119,PG 17:0_20:2,PG 17:0_20:2,62,0.5081967213114754,0.6778387712028591,0.0,87,0,87,,FROZEN_CHANNEL_DETECTION_THRESHOLD_NOT_AVAILABLE,,0.002234283537965293,0.02287958791398593,,,0.0,candidate spectral contributions; arithmetic channel mean; all aliases,sum of unchanged b values on specified channels; no normalization,LIBRARY_SHARING_SUPPORT_NOT_VERIFIED_IDENTITY_DIAGNOSTIC
V58_MILD_CAL_R2_K125,339,PG 17:1_20:2,0.0003959881134257442,0.000396011406763301,2.3293337556755736e-08,5.8823325014528206e-05,0.006303587367744149,0.02712231411422238,PG 17:0_20:3,0.006713995789808625,0.2475450937293142,"[""PG 17:0_20:3"", ""PG 17:1_20:1"", ""PG 18:2_20:2"", ""PE 20:2_20:2"", ""PE 18:1_22:5""]","[0.006713995789808625, 0.004792075898693864, 0.0009755716246029091, 0.0009170967931353188, 0.0007768183912173172]",PG 17:0_20:3,"[""PG 17:0_20:3""]",True,1.5404566511278972e-11,4.536938767922538e-15,7.966606954189241e-13,0.7085741656933948,1.1322354707580842,0.019900035345780193,0.0001445912016812214,True,True,frozen synthetic foreground mean NNLS; production labels only for comparison,"raw postfit residual direction, constrained by NNLS KKT; not absorbed signal fraction",True,True,TP,0.01750495973829302,6.842699349548194e-08,0.9156445847794333,0.9788510700280812,PG 17:0_20:3,PG 17:0_20:3,60,0.48,0.8135314141914458,0.0,88,0,88,,FROZEN_CHANNEL_DETECTION_THRESHOLD_NOT_AVAILABLE,,0.008897837602800723,0.0671264942551635,,,0.0,candidate spectral contributions; arithmetic channel mean; all aliases,sum of unchanged b values on specified channels; no normalization,LIBRARY_SHARING_SUPPORT_NOT_VERIFIED_IDENTITY_DIAGNOSTIC
V58_MILD_CAL_R2_K125,340,PG 17:1_20:3,0.0003959881134257442,0.0003959881134257442,0.0,0.0,0.0,0.0,,0.0,0.0,[],[],,[],False,1.5404566511278972e-11,,,0.0,0.0,0.019899450078475652,8.89919582615121e-17,True,False,frozen synthetic foreground mean NNLS; production labels only for comparison,"raw postfit residual direction, constrained by NNLS KKT; not absorbed signal fraction",True,True,TP,0.009224184867706852,0.0,0.7722623353641875,0.9330170035008105,PG 17:0_20:4,PG 17:0_20:4,60,0.46511627906976744,0.8411914916957767,0.0,87,0,87,,FROZEN_CHANNEL_DETECTION_THRESHOLD_NOT_AVAILABLE,,0.0,0.0,,,0.0,candidate spectral contributions; arithmetic channel mean; all aliases,sum of unchanged b values on specified channels; no normalization,LIBRARY_SHARING_SUPPORT_NOT_VERIFIED_IDENTITY_DIAGNOSTIC
V58_MILD_CAL_R2_K125,341,PG 17:1_20:4,0.0003959881134257442,0.00039708216055130564,1.094047125561415e-06,0.002762828190305623,0.010856119189488379,0.1201528760160438,PG 17:1_20:2,0.015926572510211665,0.13255257001049617,"[""PG 17:1_20:2"", ""PG 17:0_20:5"", ""PG 18:2_20:3"", ""PG 18:0_18:3"", ""PG 17:1_20:1""]","[0.015926572510211665, 0.011065467826505916, 0.009497163290918355, 0.008144934168760075, 0.007149418232269472]",PG 17:1_20:2,"[""PG 17:1_20:2""]",True,1.5404566511278972e-11,8.16425997145365e-16,5.0700158850094155e-14,0.4810410789207842,1.6580529024974475,0.01992692049844395,0.0006209467135883655,True,True,frozen synthetic foreground mean NNLS; production labels only for comparison,"raw postfit residual direction, constrained by NNLS KKT; not absorbed signal fraction",False,True,FP,0.006928463066116452,3.2138956197937196e-06,0.7051431660870244,0.8598208538444184,PG 17:0_20:5,PE 17:1_20:4,29,0.20863309352517986,0.9379836256135999,0.0,94,0,94,,FROZEN_CHANNEL_DETECTION_THRESHOLD_NOT_AVAILABLE,,0.057706831944718553,0.9999999934302327,,,0.0,candidate spectral contributions; arithmetic channel mean; all aliases,sum of unchanged b values on specified channels; no normalization,LIBRARY_SHARING_SUPPORT_NOT_VERIFIED_IDENTITY_DIAGNOSTIC
V58_MILD_CAL_R2_K125,342,PG 17:0_17:0,0.0003959881134257442,0.0004058058853849915,9.817771959247249e-06,0.024793097574367425,0.030509110357465043,0.1675087555241356,PC 17:0_17:0,0.01752411489997301,0.10461611302069175,"[""PC 17:0_17:0"", ""PG 17:0_20:5"", ""PG 18:2_20:3"", ""PG 18:0_18:3"", ""PG 14:0_20:0""]","[0.01752411489997301, 0.011192628773934815, 0.01119169378385243, 0.009292927538709236, 0.007843592963148939]",PC 17:0_17:0,"[""PC 17:0_17:0""]",True,1.5404566511278972e-11,-2.308093519822923e-15,2.3056150591971425e-14,0.6113978886163188,0.9958773968496671,0.020144624230424138,0.002597789380640672,True,True,frozen synthetic foreground mean NNLS; production labels only for comparison,"raw postfit residual direction, constrained by NNLS KKT; not absorbed signal fraction",True,True,TP,0.01794666098362677,2.884089136449412e-05,0.8460604600250419,0.8080143208829804,PE 17:0_20:0,PE 17:0_20:0,9,0.08571428571428572,0.22041183578146378,0.0,51,0,51,,FROZEN_CHANNEL_DETECTION_THRESHOLD_NOT_AVAILABLE,,0.14236086795931122,0.4999367304479467,,,0.0,candidate spectral contributions; arithmetic channel mean; all aliases,sum of unchanged b values on specified channels; no normalization,LIBRARY_SHARING_SUPPORT_NOT_VERIFIED_IDENTITY_DIAGNOSTIC
V58_MILD_CAL_R2_K125,343,PC 14:0_18:0,0.0003959881134257442,0.0003960670444898287,7.893106408448161e-08,0.00019932685151155663,0.00039226418634927214,0.009198875401111781,PE O-16:0_22:4,0.001634481150468812,0.1776827143558858,"[""PE O-16:0_22:4"", ""PE O-18:0_22:2"", ""PG 18:2_20:2"", ""PC 16:0_16:0"", ""PE 18:0_20:4""]","[0.001634481150468812, 0.000764993755842984, 0.0007289948041286493, 0.0005310399047077295, 0.00038986826853952203]",PE O-16:0_22:4,"[""PE O-16:0_22:4""]",True,1.5404566511278972e-11,5.8695634746826184e-15,2.419280765369446e-13,0.12192466545150896,0.922844249216264,0.019901433227027372,0.00014977303545125808,True,True,frozen synthetic foreground mean NNLS; production labels only for comparison,"raw postfit residual direction, constrained by NNLS KKT; not absorbed signal fraction",False,False,UNREPORTED_NONTRUTH,0.00086997638132068,,0.35029453580209385,0.6182806984948013,PC 16:0_16:0,PC 14:0_18:1,84,0.6363636363636364,0.44340658787235293,0.0,105,2,107,,FROZEN_CHANNEL_DETECTION_THRESHOLD_NOT_AVAILABLE,0.0,0.09200015798681575,0.9999989971278919,0.9998856911005515,0.0,5.268961447429807e-08,candidate spectral contributions; arithmetic channel mean; all aliases,sum of unchanged b values on specified channels; no normalization,LIBRARY_SHARING_SUPPORT_NOT_VERIFIED_IDENTITY_DIAGNOSTIC
V58_MILD_CAL_R2_K125,344,PC 14:0_18:1,0.0003959881134257442,0.00039605777362736064,6.966020161641414e-08,0.0001759148799640976,0.002771622991516381,0.030818159265633076,PG 18:1_20:4,0.002701311891475963,0.08765325236023043,"[""PG 18:1_20:4"", ""PC 18:0_14:1"", ""PC 14:0_20:1"", ""PE O-20:2_20:3"", ""PG 17:0_20:3""]","[0.002701311891475963, 0.0022974941992008405, 0.0022403225762386257, 0.0014163712311942717, 0.001248666646425825]",PG 18:1_20:4,"[""PG 18:1_20:4""]",True,1.5404566511278972e-11,3.514761909057599e-16,4.2847593200180553e-13,0.3481266370429368,1.0877392763243985,0.019901200306196635,0.0002296538030699278,True,True,frozen synthetic foreground mean NNLS; production labels only for comparison,"raw postfit residual direction, constrained by NNLS KKT; not absorbed signal fraction",False,False,UNREPORTED_NONTRUTH,0.000252659596153236,,0.5253398985028321,0.7604352694927635,PC 16:0_16:1,PE 20:0_18:1,22,0.14012738853503184,0.5486930288842227,0.0,109,0,109,,FROZEN_CHANNEL_DETECTION_THRESHOLD_NOT_AVAILABLE,,0.06740922279183506,0.9979188447328425,,,0.0,candidate spectral contributions; arithmetic channel mean; all aliases,sum of unchanged b values on specified channels; no normalization,LIBRARY_SHARING_SUPPORT_NOT_VERIFIED_IDENTITY_DIAGNOSTIC
V58_MILD_CAL_R2_K125,345,PC 16:0_16:0,0.0003959881134257442,0.0003959881134257442,0.0,0.0,0.0,0.0,,0.0,0.0,[],[],,[],False,1.5404566511278972e-11,,,0.0,0.0,0.019899450078475652,8.89919582615121e-17,True,False,frozen synthetic foreground mean NNLS; production labels only for comparison,"raw postfit residual direction, constrained by NNLS KKT; not absorbed signal fraction",False,False,UNREPORTED_NONTRUTH,0.00030511360100095503,,0.7161784402487588,0.6182806984948013,PC 14:0_18:0,PA 16:0_24:4,17,0.15178571428571427,0.2191805458909451,0.0,54,0,54,,FROZEN_CHANNEL_DETECTION_THRESHOLD_NOT_AVAILABLE,,0.0,0.0,,,0.0,candidate spectral contributions; arithmetic channel mean; all aliases,sum of unchanged b values on specified channels; no normalization,LIBRARY_SHARING_SUPPORT_NOT_VERIFIED_IDENTITY_DIAGNOSTIC
V58_MILD_CAL_R2_K125,346,PC 16:0_16:1,0.0003959881134257442,0.0003959881134257442,0.0,0.0,0.0,0.0,,0.0,0.0,[],[],,[],False,1.5404566511278972e-11,,,0.0,0.0,0.019899450078475652,8.89919582615121e-17,True,False,frozen synthetic foreground mean NNLS; production labels only for comparison,"raw postfit residual direction, constrained by NNLS KKT; not absorbed signal fraction",False,False,UNREPORTED_NONTRUTH,5.121101030477002e-05,,0.5002719117768499,0.7604352694927635,PC 14:0_18:1,PC 18:0_14:1,10,0.06060606060606061,0.31440489215607453,0.0,87,0,87,,FROZEN_CHANNEL_DETECTION_THRESHOLD_NOT_AVAILABLE,,0.0,0.0,,,0.0,candidate spectral contributions; arithmetic channel mean; all aliases,sum of unchanged b values on specified channels; no normalization,LIBRARY_SHARING_SUPPORT_NOT_VERIFIED_IDENTITY_DIAGNOSTIC
V58_MILD_CAL_R2_K125,347,PC 14:0_17:1,0.0003959881134257442,0.00039600512544621483,1.7012020470607257e-08,4.296093708589669e-05,0.00034786091095521525,0.005682478456755663,PG 14:0_22:3,0.00043080068378942293,0.07581211033038757,"[""PG 14:0_22:3"", ""PG 14:0_24:4"", ""PE 16:0_22:4"", ""PE O-16:0_22:2"", ""PG 18:0_18:3""]","[0.00043080068378942293, 0.0004140496191465358, 0.00036557487019265103, 0.00030604666331024086, 0.0002879003373881181]",PG 14:0_22:3,"[""PG 14:0_22:3""]",True,1.5404566511278972e-11,2.6283721811266306e-16,3.3360463385478555e-13,0.22070690652109726,0.9689666546758083,0.01989987752339734,0.00013043013635782036,True,True,frozen synthetic foreground mean NNLS; production labels only for comparison,"raw postfit residual direction, constrained by NNLS KKT; not absorbed signal fraction",False,True,FP,0.0013748888471401643,2.021495888198131e-08,0.6078651617571209,0.6349158431160836,PE 20:0_17:1,PE 20:0_17:1,12,0.08888888888888889,0.41561312980291065,0.0,87,0,87,,FROZEN_CHANNEL_DETECTION_THRESHOLD_NOT_AVAILABLE,,0.0033453350438966485,0.040442700419638294,,,0.0,candidate spectral contributions; arithmetic channel mean; all aliases,sum of unchanged b values on specified channels; no normalization,LIBRARY_SHARING_SUPPORT_NOT_VERIFIED_IDENTITY_DIAGNOSTIC
V58_MILD_CAL_R2_K125,348,PC O-16:0_16:1,0.0003959881134257442,0.0003959881134257442,0.0,0.0,0.0,0.0,,0.0,0.0,[],[],,[],False,1.5404566511278972e-11,,,0.0,0.0,0.019899450078475652,8.89919582615121e-17,True,False,frozen synthetic foreground mean NNLS; production labels only for comparison,"raw postfit residual direction, constrained by NNLS KKT; not absorbed signal fraction",False,False,UNREPORTED_NONTRUTH,4.366846636502193e-05,,0.5127098776246571,0.4814063248349985,PG 20:0_16:1,PE 22:0_16:1,8,0.10256410256410256,0.12750658684428617,0.0,32,3,35,,FROZEN_CHANNEL_DETECTION_THRESHOLD_NOT_AVAILABLE,0.0,0.0,0.0,0.0,0.0,0.0,candidate spectral contributions; arithmetic channel mean; all aliases,sum of unchanged b values on specified channels; no normalization,LIBRARY_SHARING_SUPPORT_NOT_VERIFIED_IDENTITY_DIAGNOSTIC
V58_MILD_CAL_R2_K125,349,PC O-16:1_16:1,0.0003959881134257442,0.0003959881134257442,0.0,0.0,0.0,0.0,,0.0,0.0,[],[],,[],False,1.5404566511278972e-11,,,0.0,0.0,0.019899450078475652,8.89919582615121e-17,True,False,frozen synthetic foreground mean NNLS; production labels only for comparison,"raw postfit residual direction, constrained by NNLS KKT; not absorbed signal fraction",False,False,UNREPORTED_NONTRUTH,3.291615457295859e-05,,0.6025974378504961,0.5833839248374464,PG 20:0_16:1,PE 22:0_16:1,8,0.10256410256410256,0.17862572649092784,0.0,35,0,35,,FROZEN_CHANNEL_DETECTION_THRESHOLD_NOT_AVAILABLE,,0.0,0.0,,,0.0,candidate spectral contributions; arithmetic channel mean; all aliases,sum of unchanged b values on specified channels; no normalization,LIBRARY_SHARING_SUPPORT_NOT_VERIFIED_IDENTITY_DIAGNOSTIC
V58_MILD_CAL_R2_K125,350,PC O-16:1_18:0,0.0003959881134257442,0.00043315243159835077,3.7164318172606546e-05,0.09385210519891907,0.011373816892032585,0.11925017155810314,PE 16:0_22:3,0.0077028767695492845,0.06459426153304577,"[""PE 16:0_22:3"", ""PE O-16:1_22:3"", ""PE O-16:0_22:4"", ""PG 18:0_18:2"", ""PG 18:0_18:3""]","[0.0077028767695492845, 0.006305162150862416, 0.006271755379690903, 0.0059953040318773895, 0.005731615674915536]",PE 16:0_22:3,"[""PE 16:0_22:3""]",True,1.5404566511278972e-11,3.675820006146572e-15,0.00029242307606691746,0.3012992911390195,0.9318436239623931,0.020812314421955833,0.006075452729777357,True,True,frozen synthetic foreground mean NNLS; production labels only for comparison,"raw postfit residual direction, constrained by NNLS KKT; not absorbed signal fraction",True,True,TP,0.010411993964570074,0.00010917467501799248,0.7773785213594855,0.18518672193552,PG 18:0_18:0,PG 18:0_18:0,13,0.16049382716049382,0.3360288663888622,0.00014449891853929,33,2,35,,FROZEN_CHANNEL_DETECTION_THRESHOLD_NOT_AVAILABLE,1.0,0.2899012973437555,0.9999999998113569,0.9999999653866847,0.9999999764671191,0.000131770587346948,candidate spectral contributions; arithmetic channel mean; all aliases,sum of unchanged b values on specified channels; no normalization,LIBRARY_SHARING_SUPPORT_NOT_VERIFIED_IDENTITY_DIAGNOSTIC
V58_MILD_CAL_R2_K125,351,PC O-16:1_18:1,0.0003959881134257442,0.0003959881134257442,0.0,0.0,0.0,0.0,,0.0,0.0,[],[],,[],False,1.5404566511278972e-11,,,0.0,0.0,0.019899450078475652,8.89919582615121e-17,True,False,frozen synthetic foreground mean NNLS; production labels only for comparison,"raw postfit residual direction, constrained by NNLS KKT; not absorbed signal fraction",False,False,UNREPORTED_NONTRUTH,0.0,,0.5463444205878328,0.20164632997892254,PC O-16:1_18:2,PE 20:0_18:1,16,0.1797752808988764,0.4032924607406159,0.0,35,0,35,,FROZEN_CHANNEL_DETECTION_THRESHOLD_NOT_AVAILABLE,,0.0,0.0,,,0.0,candidate spectral contributions; arithmetic channel mean; all aliases,sum of unchanged b values on specified channels; no normalization,LIBRARY_SHARING_SUPPORT_NOT_VERIFIED_IDENTITY_DIAGNOSTIC
V58_MILD_CAL_R2_K125,352,PC O-16:1_18:2,0.0003959881134257442,0.0003959881134257442,0.0,0.0,0.0,0.0,,0.0,0.0,[],[],,[],False,1.5404566511278972e-11,,,0.0,0.0,0.019899450078475652,8.89919582615121e-17,True,False,frozen synthetic foreground mean NNLS; production labels only for comparison,"raw postfit residual direction, constrained by NNLS KKT; not absorbed signal fraction",False,False,UNREPORTED_NONTRUTH,0.0,,0.3829831521482647,0.20164632997892254,PC O-16:1_18:1,PE O-20:1_18:2,12,0.21052631578947367,0.5593496976322975,0.0,36,0,36,,FROZEN_CHANNEL_DETECTION_THRESHOLD_NOT_AVAILABLE,,0.0,0.0,,,0.0,candidate spectral contributions; arithmetic channel mean; all aliases,sum of unchanged b values on specified channels; no normalization,LIBRARY_SHARING_SUPPORT_NOT_VERIFIED_IDENTITY_DIAGNOSTIC
V58_MILD_CAL_R2_K125,353,PC O-16:1_17:0,0.0003959881134257442,0.00039598874463744497,6.312117007464119e-10,1.594016784220368e-06,4.56901479630622e-05,0.0004138137259576952,PG 14:0_22:3,3.880897260710378e-05,0.09378367627488414,"[""PG 14:0_22:3"", ""PE O-16:1_22:4"", ""PE 18:2_20:4"", ""PG 17:0_20:3"", ""PE 20:2_20:2""]","[3.880897260710378e-05, 2.5947352683373948e-05, 2.1679870133278073e-05, 1.8329971278829155e-05, 1.751014150263696e-05]",PG 14:0_22:3,"[""PG 14:0_22:3""]",True,1.5404566511278972e-11,8.355416818059424e-16,2.185667478889899e-12,0.2851696741646077,0.7257296260500735,0.019899465938498076,2.5123926855076372e-05,True,True,frozen synthetic foreground mean NNLS; production labels only for comparison,"raw postfit residual direction, constrained by NNLS KKT; not absorbed signal fraction",False,False,UNREPORTED_NONTRUTH,5.926522296972397e-05,,0.6978043265842433,0.7821692832317753,PC O-16:0_17:1,PG 17:0_17:0,9,0.1125,0.2435163298794137,0.0,38,0,38,,FROZEN_CHANNEL_DETECTION_THRESHOLD_NOT_AVAILABLE,,0.05781592241288922,0.9342991016856378,,,0.0,candidate spectral contributions; arithmetic channel mean; all aliases,sum of unchanged b values on specified channels; no normalization,LIBRARY_SHARING_SUPPORT_NOT_VERIFIED_IDENTITY_DIAGNOSTIC
V58_MILD_CAL_R2_K125,354,PC O-16:0_17:1,0.0003959881134257442,0.0003959881134257442,0.0,0.0,0.0,0.0,,0.0,0.0,[],[],,[],False,1.5404566511278972e-11,,,0.0,0.0,0.019899450078475652,8.89919582615121e-17,True,False,frozen synthetic foreground mean NNLS; production labels only for comparison,"raw postfit residual direction, constrained by NNLS KKT; not absorbed signal fraction",False,False,UNREPORTED_NONTRUTH,0.0,,0.557243956872315,0.7821692832317753,PC O-16:1_17:0,PC O-16:1_17:1,22,0.44,0.3024775694132353,0.0,34,0,34,,FROZEN_CHANNEL_DETECTION_THRESHOLD_NOT_AVAILABLE,,0.0,0.0,,,0.0,candidate spectral contributions; arithmetic channel mean; all aliases,sum of unchanged b values on specified channels; no normalization,LIBRARY_SHARING_SUPPORT_NOT_VERIFIED_IDENTITY_DIAGNOSTIC
V58_MILD_CAL_R2_K125,355,PC O-16:0_17:0,0.0003959881134257442,0.0003959881134257442,0.0,0.0,0.0,0.0,,0.0,0.0,[],[],,[],False,1.5404566511278972e-11,,,0.0,0.0,0.019899450078475652,8.89919582615121e-17,True,False,frozen synthetic foreground mean NNLS; production labels only for comparison,"raw postfit residual direction, constrained by NNLS KKT; not absorbed signal fraction",False,False,UNREPORTED_NONTRUTH,0.0,,0.6374616786512295,0.368880780124627,PG 17:0_17:0,PG 17:0_17:0,9,0.11688311688311688,0.15130232127688517,0.0,35,0,35,,FROZEN_CHANNEL_DETECTION_THRESHOLD_NOT_AVAILABLE,,0.0,0.0,,,0.0,candidate spectral contributions; arithmetic channel mean; all aliases,sum of unchanged b values on specified channels; no normalization,LIBRARY_SHARING_SUPPORT_NOT_VERIFIED_IDENTITY_DIAGNOSTIC
V58_MILD_CAL_R2_K125,356,PC O-16:1_17:1,0.0003959881134257442,0.0004399727338983274,4.39846204725832e-05,0.1110756077524423,0.012339502531166138,0.08061569664070806,PE O-16:0_22:2,0.005899408425498813,0.0731794014225096,"[""PE O-16:0_22:2"", ""PE 17:1_22:1"", ""PG 14:0_22:3"", ""PG 17:1_20:2"", ""PC 17:0_17:1""]","[0.005899408425498813, 0.0056642449849973915, 0.004938087186888117, 0.004219739644651594, 0.0038124683336672864]",PE O-16:0_22:2,"[""PE O-16:0_22:2""]",True,1.5404566511278972e-11,-1.2251685535076493e-15,8.58024785415875e-15,0.39720225485795485,0.737072400402391,0.02097552702313644,0.006606864347086392,True,True,frozen synthetic foreground mean NNLS; production labels only for comparison,"raw postfit residual direction, constrained by NNLS KKT; not absorbed signal fraction",True,True,TP,0.011513879058424681,0.00012921013708852423,0.7624217934839026,0.6141450126296628,PE 20:0_17:1,PE 20:0_17:1,18,0.225,0.3853707533131146,0.0,38,0,38,,FROZEN_CHANNEL_DETECTION_THRESHOLD_NOT_AVAILABLE,,0.13983537825188624,0.9999612428192485,,,0.0,candidate spectral contributions; arithmetic channel mean; all aliases,sum of unchanged b values on specified channels; no normalization,LIBRARY_SHARING_SUPPORT_NOT_VERIFIED_IDENTITY_DIAGNOSTIC
V58_MILD_CAL_R2_K125,357,PC 14:0_18:2,0.0003959881134257442,0.00039796561303182703,1.9774996060828074e-06,0.00499383575931451,0.009298585507555773,0.09309552838290035,PC 16:1_16:1,0.008853293258277533,0.09509901723495233,"[""PC 16:1_16:1"", ""PG 17:0_20:3"", ""PE 18:2_22:2"", ""PG 17:1_20:1"", ""PE 16:1_22:4""]","[0.008853293258277533, 0.006710330606424193, 0.005957434266675096, 0.004003998968045359, 0.003975136946646546]",PC 16:1_16:1,"[""PC 16:1_16:1""]",True,1.5404566511278972e-11,-1.8957519657313039e-16,0.09324474609417448,0.417100210108215,1.2112670032181747,0.019949075493160745,0.000755988656137499,True,True,frozen synthetic foreground mean NNLS; production labels only for comparison,"raw postfit residual direction, constrained by NNLS KKT; not absorbed signal fraction",True,True,TP,0.007955127630643204,5.809144024642371e-06,0.5375980922793574,0.8464077834667707,PC 16:1_16:1,PE O-20:1_18:2,12,0.11009174311926606,0.7273592388470973,0.0,88,0,88,,FROZEN_CHANNEL_DETECTION_THRESHOLD_NOT_AVAILABLE,,0.09356942307091316,0.9999988461237875,,,0.0,candidate spectral contributions; arithmetic channel mean; all aliases,sum of unchanged b values on specified channels; no normalization,LIBRARY_SHARING_SUPPORT_NOT_VERIFIED_IDENTITY_DIAGNOSTIC
V58_MILD_CAL_R2_K125,358,PC 14:0_20:0,0.0003959881134257442,0.00040056968353027186,4.581570104527635e-06,0.011569968738005575,0.013108895686919234,0.11841382028307568,PC 17:0_17:0,0.013504776515802407,0.11404730025097022,"[""PC 17:0_17:0"", ""PG 14:0_22:3"", ""PG 17:0_20:3"", ""PE 20:0_18:3"", ""PE 20:2_20:2""]","[0.013504776515802407, 0.009620059830970033, 0.005633869739286496, 0.005391516136988813, 0.005186223839836904]",PC 17:0_17:0,"[""PC 17:0_17:0""]",True,1.5404566511278972e-11,-5.563262431293938e-15,-2.97665007565972e-15,0.44978350915241944,1.0933419601459082,0.020014237020937672,0.0016824069294630387,True,True,frozen synthetic foreground mean NNLS; production labels only for comparison,"raw postfit residual direction, constrained by NNLS KKT; not absorbed signal fraction",True,True,TP,0.011321612958183461,1.3458915751147139e-05,0.6497545421173111,0.8763281731311356,PC 16:0_18:0,PC 16:0_18:0,6,0.0375,0.2688265740875587,0.0,77,0,77,,FROZEN_CHANNEL_DETECTION_THRESHOLD_NOT_AVAILABLE,,0.22121771513169064,0.7923841018773086,,,0.0,candidate spectral contributions; arithmetic channel mean; all aliases,sum of unchanged b values on specified channels; no normalization,LIBRARY_SHARING_SUPPORT_NOT_VERIFIED_IDENTITY_DIAGNOSTIC
V58_MILD_CAL_R2_K125,359,PC 14:0_20:1,0.0003959881134257442,0.00039599688374004004,8.770314295820664e-09,2.2147923072234724e-05,0.0009882803275087862,0.012435247357434549,PC 20:0_14:1,0.0009857938419584999,0.07927416428028333,"[""PC 20:0_14:1"", ""PC 14:0_18:1"", ""PG 18:2_20:3"", ""PG 18:0_18:3"", ""PE O-18:1_22:2""]","[0.0009857938419584999, 0.0009088190177767934, 0.0008542684174422319, 0.0008346231391109932, 0.0007649627256205091]",PC 20:0_14:1,"[""PC 20:0_14:1""]",True,1.5404566511278972e-11,1.0801338710614198e-15,5.851517014750511e-13,0.3294442494844079,1.159870794920022,0.019899670443000818,9.364995619774706e-05,True,True,frozen synthetic foreground mean NNLS; production labels only for comparison,"raw postfit residual direction, constrained by NNLS KKT; not absorbed signal fraction",True,True,TP,0.0021079066230876046,2.5763857919538315e-08,0.6068571098088321,0.84282723146414,PC 16:0_18:1,PE O-18:0_20:1,12,0.13043478260869565,0.41045044594854496,0.0,77,0,77,,FROZEN_CHANNEL_DETECTION_THRESHOLD_NOT_AVAILABLE,,0.034082652274625515,0.9978580934320658,,,0.0,candidate spectral contributions; arithmetic channel mean; all aliases,sum of unchanged b values on specified channels; no normalization,LIBRARY_SHARING_SUPPORT_NOT_VERIFIED_IDENTITY_DIAGNOSTIC
V58_MILD_CAL_R2_K125,360,PC 14:0_20:2,0.0003959881134257442,0.0003959936250798185,5.5116540742766555e-09,1.3918736127395061e-05,0.00044175625520375805,0.0035339197321129323,PG 17:0_20:2,0.0004012912996494318,0.11355416363572735,"[""PG 17:0_20:2"", ""PC 14:1_20:1"", ""PG 17:1_20:2"", ""PE 17:0_22:2"", ""PC 14:0_20:1""]","[0.0004012912996494318, 0.0003743795886434596, 0.00027587961772713044, 0.00018465022111233478, 0.00017431984798577213]",PG 17:0_20:2,"[""PG 17:0_20:2""]",True,1.5404566511278972e-11,-1.946183562690189e-15,1.8786623992098146e-13,0.47883082335151433,1.0879063207153021,0.019899588565591465,3.7078457118046574e-05,True,True,frozen synthetic foreground mean NNLS; production labels only for comparison,"raw postfit residual direction, constrained by NNLS KKT; not absorbed signal fraction",False,False,UNREPORTED_NONTRUTH,5.174971326306896e-07,,0.6039971767841416,0.9076892361094671,PC 16:1_18:1,PC 14:1_20:1,51,0.4811320754716981,0.5360821699974777,0.0,80,0,80,,FROZEN_CHANNEL_DETECTION_THRESHOLD_NOT_AVAILABLE,,0.00909865861067383,0.33784616388120403,,,0.0,candidate spectral contributions; arithmetic channel mean; all aliases,sum of unchanged b values on specified channels; no normalization,LIBRARY_SHARING_SUPPORT_NOT_VERIFIED_IDENTITY_DIAGNOSTIC
V58_MILD_CAL_R2_K125,361,PC 14:0_20:3,0.0003959881134257442,0.0004090214177684888,1.303330434274455e-05,0.03291337256837935,0.027353790372958858,0.21636435317416441,PC 16:1_18:2,0.020664004140024426,0.09550558507803383,"[""PC 16:1_18:2"", ""PE 18:0_20:3"", ""PG 14:0_22:3"", ""PG 18:2_20:2"", ""PE 18:2_22:3""]","[0.020664004140024426, 0.014324982438670189, 0.01085274007947037, 0.009901153456893467, 0.00835770016526776]",PC 16:1_18:2,"[""PC 16:1_18:2""]",True,1.5404566511278972e-11,2.0617664606265408e-15,0.029351755687397695,0.5639204290357368,1.268425635632679,0.020224277929471023,0.0029473778960075778,True,True,frozen synthetic foreground mean NNLS; production labels only for comparison,"raw postfit residual direction, constrained by NNLS KKT; not absorbed signal fraction",True,True,TP,0.028521633642511434,3.828690625834187e-05,0.7441651284998451,0.9492396730816959,PC 16:1_18:2,PE 20:3_20:3,10,0.09803921568627451,0.6009655539957517,0.0,83,0,83,,FROZEN_CHANNEL_DETECTION_THRESHOLD_NOT_AVAILABLE,,0.2717240609110589,0.9997203854365324,,,0.0,candidate spectral contributions; arithmetic channel mean; all aliases,sum of unchanged b values on specified channels; no normalization,LIBRARY_SHARING_SUPPORT_NOT_VERIFIED_IDENTITY_DIAGNOSTIC
V58_MILD_CAL_R2_K125,362,PC 14:0_20:4,0.0003959881134257442,0.00039600386954315154,1.5756117407311754e-08,3.978936951216586e-05,0.00021149984293798512,0.0013925657416472524,PE 18:2_20:4,0.0001391957605998105,0.09995632977097431,"[""PE 18:2_20:4"", ""PG 14:0_22:3"", ""PG 17:0_20:3"", ""PE 16:0_22:4"", ""PE 18:1_22:3""]","[0.0001391957605998105, 0.00012862632644403474, 9.019604417538976e-05, 8.776739701387912e-05, 6.831337244594254e-05]",PE 18:2_20:4,"[""PE 18:2_20:4""]",True,1.5404566511278972e-11,-4.960203742130512e-15,7.511043493084809e-14,0.46068591794318986,0.9395903757471957,0.019899845967824768,0.00012552337394854658,True,True,frozen synthetic foreground mean NNLS; production labels only for comparison,"raw postfit residual direction, constrained by NNLS KKT; not absorbed signal fraction",False,False,UNREPORTED_NONTRUTH,0.0,,0.7728249995463069,0.17004250572233026,PE 20:4_20:4,PE 20:4_20:4,21,0.2,0.721535465509016,0.0,81,2,83,,FROZEN_CHANNEL_DETECTION_THRESHOLD_NOT_AVAILABLE,0.0,0.025418027038336358,0.9999999911567958,0.999999985993669,0.0,0.00016524749844173942,candidate spectral contributions; arithmetic channel mean; all aliases,sum of unchanged b values on specified channels; no normalization,LIBRARY_SHARING_SUPPORT_NOT_VERIFIED_IDENTITY_DIAGNOSTIC
V58_MILD_CAL_R2_K125,363,PC 14:1_17:1,0.0003959881134257442,0.0003959881134257442,0.0,0.0,0.0,0.0,,0.0,0.0,[],[],,[],False,1.5404566511278972e-11,,,0.0,0.0,0.019899450078475652,8.89919582615121e-17,True,False,frozen synthetic foreground mean NNLS; production labels only for comparison,"raw postfit residual direction, constrained by NNLS KKT; not absorbed signal fraction",False,False,UNREPORTED_NONTRUTH,9.68647297353562e-06,,0.3495144883817266,0.616427546913064,PC 18:0_14:1,PE 20:0_17:1,14,0.10526315789473684,0.42850907923775167,0.0,87,0,87,,FROZEN_CHANNEL_DETECTION_THRESHOLD_NOT_AVAILABLE,,0.0,0.0,,,0.0,candidate spectral contributions; arithmetic channel mean; all aliases,sum of unchanged b values on specified channels; no normalization,LIBRARY_SHARING_SUPPORT_NOT_VERIFIED_IDENTITY_DIAGNOSTIC
V58_MILD_CAL_R2_K125,364,PC 18:0_14:1,0.0003959881134257442,0.0005169744830876573,0.00012098636966191312,0.3055303057198211,0.026236934302516727,0.20524606260753558,PC 16:0_16:1,0.012474585680318877,0.060778684481327026,"[""PC 16:0_16:1"", ""PC 20:0_14:1"", ""PG 18:0_18:3"", ""PG 18:2_20:2"", ""PC 14:0_18:1""]","[0.012474585680318877, 0.010495513889784317, 0.00986105237673434, 0.009857686389735141, 0.009064824507485358]",PC 16:0_16:1,"[""PC 16:0_16:1""]",True,1.5404566511278972e-11,-0.002799021893668713,-0.00207935475093289,0.412216691520347,0.8658999736817028,0.022737072878619556,0.01073771362815646,True,True,frozen synthetic foreground mean NNLS; production labels only for comparison,"raw postfit residual direction, constrained by NNLS KKT; not absorbed signal fraction",True,True,TP,0.029551399081431305,0.0003554120790834814,0.5002719117768499,0.727710262799821,PC 20:0_14:1,PC 16:0_16:1,10,0.06060606060606061,0.4501013055825234,0.0,88,0,88,,FROZEN_CHANNEL_DETECTION_THRESHOLD_NOT_AVAILABLE,,0.2196580982637876,0.9999586279233753,,,0.0,candidate spectral contributions; arithmetic channel mean; all aliases,sum of unchanged b values on specified channels; no normalization,LIBRARY_SHARING_SUPPORT_NOT_VERIFIED_IDENTITY_DIAGNOSTIC
V58_MILD_CAL_R2_K125,365,PC 20:0_14:1,0.0003959881134257442,0.0003999392428206977,3.9511293949534955e-06,0.009977898959627517,0.007339829813852391,0.08134430456706161,PG 16:0_20:3,0.007151303324550754,0.08791400163200344,"[""PG 16:0_20:3"", ""PC 14:0_20:1"", ""PE 20:0_18:3"", ""PC 18:0_14:1"", ""PG 18:0_18:2""]","[0.007151303324550754, 0.006182975462932012, 0.005623353353731974, 0.004699169565225394, 0.003898298269477525]",PG 16:0_20:3,"[""PG 16:0_20:3""]",True,1.5404566511278972e-11,-3.431993467506996e-15,-1.1396100037734634e-14,0.3171334668557873,0.9493060280565137,0.019998481012834395,0.0019604652967911045,True,True,frozen synthetic foreground mean NNLS; production labels only for comparison,"raw postfit residual direction, constrained by NNLS KKT; not absorbed signal fraction",False,False,UNREPORTED_NONTRUTH,8.752406194408319e-05,,0.47775800276900693,0.727710262799821,PC 18:0_14:1,PC 14:0_20:1,50,0.4854368932038835,0.26686162014643344,0.0,76,0,76,,FROZEN_CHANNEL_DETECTION_THRESHOLD_NOT_AVAILABLE,,0.10051730554001531,0.8784708980890518,,,0.0,candidate spectral contributions; arithmetic channel mean; all aliases,sum of unchanged b values on specified channels; no normalization,LIBRARY_SHARING_SUPPORT_NOT_VERIFIED_IDENTITY_DIAGNOSTIC
V58_MILD_CAL_R2_K125,366,PC 14:1_20:1,0.0003959881134257442,0.0003959881134257442,0.0,0.0,0.0,0.0,,0.0,0.0,[],[],,[],False,1.5404566511278972e-11,,,0.0,0.0,0.019899450078475652,8.89919582615121e-17,True,False,frozen synthetic foreground mean NNLS; production labels only for comparison,"raw postfit residual direction, constrained by NNLS KKT; not absorbed signal fraction",False,False,UNREPORTED_NONTRUTH,0.0,,0.6898906281562028,0.7929643852758543,PC 16:1_18:1,PC 16:1_18:1,5,0.03048780487804878,0.3975289895888541,0.0,77,0,77,,FROZEN_CHANNEL_DETECTION_THRESHOLD_NOT_AVAILABLE,,0.0,0.0,,,0.0,candidate spectral contributions; arithmetic channel mean; all aliases,sum of unchanged b values on specified channels; no normalization,LIBRARY_SHARING_SUPPORT_NOT_VERIFIED_IDENTITY_DIAGNOSTIC
V58_MILD_CAL_R2_K125,367,PC 16:0_18:0,0.0003959881134257442,0.0003959881134257442,0.0,0.0,0.0,0.0,,0.0,0.0,[],[],,[],False,1.5404566511278972e-11,,,0.0,0.0,0.019899450078475652,8.89919582615121e-17,True,False,frozen synthetic foreground mean NNLS; production labels only for comparison,"raw postfit residual direction, constrained by NNLS KKT; not absorbed signal fraction",False,False,UNREPORTED_NONTRUTH,7.54882765857429e-05,,0.6497545421173111,0.8763281731311356,PC 14:0_20:0,PC 14:0_20:0,6,0.0375,0.5664921023294391,0.0,89,0,89,,FROZEN_CHANNEL_DETECTION_THRESHOLD_NOT_AVAILABLE,,0.0,0.0,,,0.0,candidate spectral contributions; arithmetic channel mean; all aliases,sum of unchanged b values on specified channels; no normalization,LIBRARY_SHARING_SUPPORT_NOT_VERIFIED_IDENTITY_DIAGNOSTIC
V58_MILD_CAL_R2_K125,368,PC 16:0_18:1,0.0003959881134257442,0.0003959881134257442,0.0,0.0,0.0,0.0,,0.0,0.0,[],[],,[],False,1.5404566511278972e-11,,,0.0,0.0,0.019899450078475652,8.89919582615121e-17,True,False,frozen synthetic foreground mean NNLS; production labels only for comparison,"raw postfit residual direction, constrained by NNLS KKT; not absorbed signal fraction",False,False,UNREPORTED_NONTRUTH,0.0006945307447972501,,0.5870930854792916,0.84282723146414,PC 14:0_20:1,PE 20:0_18:1,35,0.3333333333333333,0.643238829407495,0.0,70,0,70,,FROZEN_CHANNEL_DETECTION_THRESHOLD_NOT_AVAILABLE,,0.0,0.0,,,0.0,candidate spectral contributions; arithmetic channel mean; all aliases,sum of unchanged b values on specified channels; no normalization,LIBRARY_SHARING_SUPPORT_NOT_VERIFIED_IDENTITY_DIAGNOSTIC
V58_MILD_CAL_R2_K125,369,PC 16:0_18:2,0.0003959881134257442,0.0003959881134257442,0.0,0.0,0.0,0.0,,0.0,0.0,[],[],,[],False,1.5404566511278972e-11,,,0.0,0.0,0.019899450078475652,8.89919582615121e-17,True,False,frozen synthetic foreground mean NNLS; production labels only for comparison,"raw postfit residual direction, constrained by NNLS KKT; not absorbed signal fraction",False,False,UNREPORTED_NONTRUTH,0.0,,0.5958430940071128,0.9070614446012116,PC 16:1_18:1,PC 16:1_18:1,56,0.45528455284552843,0.8116219116232949,0.0,87,0,87,,FROZEN_CHANNEL_DETECTION_THRESHOLD_NOT_AVAILABLE,,0.0,0.0,,,0.0,candidate spectral contributions; arithmetic channel mean; all aliases,sum of unchanged b values on specified channels; no normalization,LIBRARY_SHARING_SUPPORT_NOT_VERIFIED_IDENTITY_DIAGNOSTIC
V58_MILD_CAL_R2_K125,370,PC 16:1_16:1,0.0003959881134257442,0.0003959881134257442,0.0,0.0,0.0,0.0,,0.0,0.0,[],[],,[],False,1.5404566511278972e-11,,,0.0,0.0,0.019899450078475652,8.89919582615121e-17,True,False,frozen synthetic foreground mean NNLS; production labels only for comparison,"raw postfit residual direction, constrained by NNLS KKT; not absorbed signal fraction",False,True,FP,0.00111294479225695,0.0,0.5789503391145575,0.8464077834667707,PC 14:0_18:2,PE 22:0_16:1,8,0.08163265306122448,0.27364805763500205,0.0,55,0,55,,FROZEN_CHANNEL_DETECTION_THRESHOLD_NOT_AVAILABLE,,0.0,0.0,,,0.0,candidate spectral contributions; arithmetic channel mean; all aliases,sum of unchanged b values on specified channels; no normalization,LIBRARY_SHARING_SUPPORT_NOT_VERIFIED_IDENTITY_DIAGNOSTIC
V58_MILD_CAL_R2_K125,371,PC 18:0_16:1,0.0003959881134257442,0.0003959881134257442,0.0,0.0,0.0,0.0,,0.0,0.0,[],[],,[],False,1.5404566511278972e-11,,,0.0,0.0,0.019899450078475652,8.89919582615121e-17,True,False,frozen synthetic foreground mean NNLS; production labels only for comparison,"raw postfit residual direction, constrained by NNLS KKT; not absorbed signal fraction",False,False,UNREPORTED_NONTRUTH,0.0007777200162641383,,0.5551788222897263,0.7929821931506879,PC 16:0_18:1,PE 22:0_16:1,8,0.06015037593984962,0.5743211721752881,0.0,90,0,90,,FROZEN_CHANNEL_DETECTION_THRESHOLD_NOT_AVAILABLE,,0.0,0.0,,,0.0,candidate spectral contributions; arithmetic channel mean; all aliases,sum of unchanged b values on specified channels; no normalization,LIBRARY_SHARING_SUPPORT_NOT_VERIFIED_IDENTITY_DIAGNOSTIC
V58_MILD_CAL_R2_K125,372,PC 16:1_18:1,0.0003959881134257442,0.0003959881134257442,0.0,0.0,0.0,0.0,,0.0,0.0,[],[],,[],False,1.5404566511278972e-11,,,0.0,0.0,0.019899450078475652,8.89919582615121e-17,True,False,frozen synthetic foreground mean NNLS; production labels only for comparison,"raw postfit residual direction, constrained by NNLS KKT; not absorbed signal fraction",False,False,UNREPORTED_NONTRUTH,0.0,,0.6898906281562028,0.9076892361094671,PC 14:0_20:2,PC 14:1_20:1,5,0.03048780487804878,0.6401150038289921,0.0,92,0,92,,FROZEN_CHANNEL_DETECTION_THRESHOLD_NOT_AVAILABLE,,0.0,0.0,,,0.0,candidate spectral contributions; arithmetic channel mean; all aliases,sum of unchanged b values on specified channels; no normalization,LIBRARY_SHARING_SUPPORT_NOT_VERIFIED_IDENTITY_DIAGNOSTIC
V58_MILD_CAL_R2_K125,373,PC 16:1_18:2,0.0003959881134257442,0.0003959881134257442,0.0,0.0,0.0,0.0,,0.0,0.0,[],[],,[],False,1.5404566511278972e-11,,,0.0,0.0,0.019899450078475652,8.89919582615121e-17,True,False,frozen synthetic foreground mean NNLS; production labels only for comparison,"raw postfit residual direction, constrained by NNLS KKT; not absorbed signal fraction",False,True,FP,0.0016994065873412545,0.0,0.4934246799363615,0.9492396730816959,PC 14:0_20:3,PC 14:0_20:3,6,0.03592814371257485,0.8182666306251158,0.0,90,0,90,,FROZEN_CHANNEL_DETECTION_THRESHOLD_NOT_AVAILABLE,,0.0,0.0,,,0.0,candidate spectral contributions; arithmetic channel mean; all aliases,sum of unchanged b values on specified channels; no normalization,LIBRARY_SHARING_SUPPORT_NOT_VERIFIED_IDENTITY_DIAGNOSTIC
V58_MILD_CAL_R2_K125,374,PC 17:0_17:0,0.0003959881134257442,0.00041206054364932365,1.6072430223579423e-05,0.04058816322527107,0.028864237695989673,0.2747517201593439,PE 18:0_22:4,0.018039348069280623,0.06565690674749167,"[""PE 18:0_22:4"", ""PG 16:1_20:2"", ""PE 17:0_22:2"", ""PE O-16:0_22:3"", ""PG 18:2_20:2""]","[0.018039348069280623, 0.01767244758556232, 0.01644827962642932, 0.014365643905643743, 0.013407078127648981]",PE 18:0_22:4,"[""PE 18:0_22:4""]",True,1.5404566511278972e-11,2.567144016803711e-15,0.0010645797280954595,0.39336184778294037,1.0286943339516297,0.02029927446115558,0.0034945933257165347,True,True,frozen synthetic foreground mean NNLS; production labels only for comparison,"raw postfit residual direction, constrained by NNLS KKT; not absorbed signal fraction",True,True,TP,0.029977975216053596,4.7214705736268306e-05,0.778848365646638,0.8056991435503483,PC 16:0_18:0,PG 17:0_17:0,13,0.14772727272727273,0.2015764671134471,0.0,50,0,50,,FROZEN_CHANNEL_DETECTION_THRESHOLD_NOT_AVAILABLE,,0.4713273961712766,0.9999997851605006,,,0.0,candidate spectral contributions; arithmetic channel mean; all aliases,sum of unchanged b values on specified channels; no normalization,LIBRARY_SHARING_SUPPORT_NOT_VERIFIED_IDENTITY_DIAGNOSTIC
V58_MILD_CAL_R2_K125,375,PC 17:0_17:1,0.0003959881134257442,0.0003959881134257442,0.0,0.0,0.0,0.0,,0.0,0.0,[],[],,[],False,1.5404566511278972e-11,,,0.0,0.0,0.019899450078475652,8.89919582615121e-17,True,False,frozen synthetic foreground mean NNLS; production labels only for comparison,"raw postfit residual direction, constrained by NNLS KKT; not absorbed signal fraction",False,True,FP,0.005690335094024118,9.554924641842684e-19,0.5912129998437835,0.762742232563447,PC 16:0_18:1,PE 20:0_17:1,12,0.10714285714285714,0.3444462695179234,0.0,64,0,64,,FROZEN_CHANNEL_DETECTION_THRESHOLD_NOT_AVAILABLE,,0.0,0.0,,,0.0,candidate spectral contributions; arithmetic channel mean; all aliases,sum of unchanged b values on specified channels; no normalization,LIBRARY_SHARING_SUPPORT_NOT_VERIFIED_IDENTITY_DIAGNOSTIC
V58_MILD_CAL_R2_K125,376,PC 17:1_17:1,0.0003959881134257442,0.0003959881134257442,0.0,0.0,0.0,0.0,,0.0,0.0,[],[],,[],False,1.5404566511278972e-11,,,0.0,0.0,0.01989945007847564,7.742804054249516e-17,True,False,frozen synthetic foreground mean NNLS; production labels only for comparison,"raw postfit residual direction, constrained by NNLS KKT; not absorbed signal fraction",False,False,UNREPORTED_NONTRUTH,0.0,,0.620313903282149,0.8526138690289294,PC 16:1_18:1,PE 20:0_17:1,12,0.12903225806451613,0.3212619508271844,0.0,45,0,45,,FROZEN_CHANNEL_DETECTION_THRESHOLD_NOT_AVAILABLE,,0.0,0.0,,,0.0,candidate spectral contributions; arithmetic channel mean; all aliases,sum of unchanged b values on specified channels; no normalization,LIBRARY_SHARING_SUPPORT_NOT_VERIFIED_IDENTITY_DIAGNOSTIC
