dataset_id,base_dataset_id,severity,lipid_name,X_hat,rho_zero,rho_zero_status,raw_solver_reported,candidate_truth,molecular_truth,reportable_truth,cone_isolation,max_fragment_cosine,max_full_cosine,lipid_class,collective_gain,pair_id,unit_id,role,spectral_score_CAL,spectral_score_HOLD,joint_hard_score,joint_easy_score,fragment_cosine,fragment_support_jaccard,full_cosine,parent_cosine,base_template_id,realized_spatial_correlation,abundance_multiplier,K,replicate,split,candidate_indices,X_hat_definition,retained_by_rho_zero_global_FDR5,rho_zero_FDR5_threshold_available,retained_by_global_FDR5,filter_induced_true_loss_FDR5,retained_by_rho_zero_global_FDR1,rho_zero_FDR1_threshold_available,retained_by_global_FDR1,filter_induced_true_loss_FDR1,retained_by_X_hat_global_FDR5,X_hat_FDR5_threshold_available,retained_by_X_hat_global_FDR1,X_hat_FDR1_threshold_available,solver_false_negative,protocol
MODERATE__CAL_R4_K175,CAL_R4_K175,MODERATE,PA 16:0_24:0,0.019765062734887876,2.3546814537953743e-05,COMPUTED,True,True,True,True,0.729606198131629,0.7748217721703936,0.44170172724713597,PA,0.16755576280234685,B2_U7_U22,7,spectral_easy_spatial_high,0.16836124794745483,0.15682101806239737,0.15682101806239737,0.16836124794745483,0.0,0.0,0.0,0.0,121,0.9843237153864585,2.0,175,R4,CAL,[0],sum reported candidates for primary score; all candidates for unreported descriptive abundance,False,True,False,True,False,True,False,True,False,True,False,True,False,LOCAL_CAL_RECALIBRATION
MODERATE__CAL_R4_K175,CAL_R4_K175,MODERATE,PA 16:0_24:1,0.0027691618272430076,0.0,COMPUTED,True,False,False,False,0.5504804076642431,0.883487638633687,0.6654546118919494,PA,0.19595790828137805,,,UNASSIGNED_FALSE_POSITIVE,,,,,,,,,,,,175,R4,CAL,[1],sum reported candidates for primary score; all candidates for unreported descriptive abundance,False,True,False,False,False,True,False,False,False,True,False,True,False,LOCAL_CAL_RECALIBRATION
MODERATE__CAL_R4_K175,CAL_R4_K175,MODERATE,PA 16:0_24:4,0.003766479545248427,1.611494996960185e-06,COMPUTED,True,False,False,False,0.2223063465458067,0.9171280506076233,0.9158818256178151,PA,0.17914163452145218,,,UNASSIGNED_FALSE_POSITIVE,,,,,,,,,,,,175,R4,CAL,[2],sum reported candidates for primary score; all candidates for unreported descriptive abundance,False,True,False,False,False,True,False,False,False,True,False,True,False,LOCAL_CAL_RECALIBRATION
MODERATE__CAL_R4_K175,CAL_R4_K175,MODERATE,PA 16:0_24:5,0.0067850110271322275,1.6119581904759384e-07,COMPUTED,True,True,True,True,0.22923411741411742,0.9171280506076233,0.9158818256178151,PA,0.17221386365314145,B6_U16_U150,150,spectral_hard_spatial_high,0.8016518883415436,0.8704121510673235,0.8016518883415436,0.8704121510673235,0.6012836678060572,0.3106796116504854,0.6004958373364375,0.0,293,0.9951116875207854,2.0,175,R4,CAL,[3],sum reported candidates for primary score; all candidates for unreported descriptive abundance,False,True,False,True,False,True,False,True,False,True,False,True,False,LOCAL_CAL_RECALIBRATION
MODERATE__CAL_R4_K175,CAL_R4_K175,MODERATE,PA 18:0_22:0,0.0016851744476759863,1.6371393569346194e-07,COMPUTED,True,False,False,False,0.3381799302246325,0.7789494468002593,0.6213615663357793,PA,0.44534403487199864,,,UNASSIGNED_FALSE_POSITIVE,,,,,,,,,,,,175,R4,CAL,[5],sum reported candidates for primary score; all candidates for unreported descriptive abundance,False,True,False,False,False,True,False,False,False,True,False,True,False,LOCAL_CAL_RECALIBRATION
MODERATE__CAL_R4_K175,CAL_R4_K175,MODERATE,PA 18:0_22:1,0.008866973808221011,1.0321973828184697e-05,COMPUTED,True,True,True,True,0.3291126428847987,0.854010491337717,0.7758194394971382,PA,0.30184234544507127,B5_U81_U105,105,spectral_hard_spatial_high,0.7206288998357964,0.7457405582922824,0.7206288998357964,0.7457405582922824,0.052767460600135624,0.16153846153846155,0.047451137602932195,0.0,215,0.9976959513553014,0.5,175,R4,CAL,[6],sum reported candidates for primary score; all candidates for unreported descriptive abundance,False,True,False,True,False,True,False,True,False,True,False,True,False,LOCAL_CAL_RECALIBRATION
MODERATE__CAL_R4_K175,CAL_R4_K175,MODERATE,PA 18:0_22:2,0.0,,NOT_COMPUTED,False,False,False,False,0.27393752390511106,0.8394493239810369,0.7712444256096473,PA,0.36260158405766385,,,UNASSIGNED_FALSE_POSITIVE,,,,,,,,,,,,175,R4,CAL,[7],sum reported candidates for primary score; all candidates for unreported descriptive abundance,False,True,False,False,False,True,False,False,False,True,False,True,False,LOCAL_CAL_RECALIBRATION
MODERATE__CAL_R4_K175,CAL_R4_K175,MODERATE,PA 18:0_22:3,0.006380027995387591,0.0,COMPUTED,True,True,True,True,0.26685411549166754,0.7994055605507371,0.7822770241404187,PA,0.35607658490927657,B1_U95_U125,125,spectral_hard_spatial_low,0.7451149425287357,0.8009901477832513,0.7451149425287357,0.8009901477832513,0.05022587307821144,0.0661764705882353,0.05302766559774588,0.11301892928657031,331,-0.24520877146978157,0.6170676298438253,175,R4,CAL,[8],sum reported candidates for primary score; all candidates for unreported descriptive abundance,False,True,False,True,False,True,False,True,False,True,False,True,False,LOCAL_CAL_RECALIBRATION
MODERATE__CAL_R4_K175,CAL_R4_K175,MODERATE,PA 18:0_22:4,0.003043319129818989,0.0,COMPUTED,True,False,False,False,0.18925162859522815,0.8691673191165914,0.8645836840369737,PA,0.31323723028330897,,,UNASSIGNED_FALSE_POSITIVE,,,,,,,,,,,,175,R4,CAL,[9],sum reported candidates for primary score; all candidates for unreported descriptive abundance,False,True,False,False,False,True,False,False,False,True,False,True,False,LOCAL_CAL_RECALIBRATION
MODERATE__CAL_R4_K175,CAL_R4_K175,MODERATE,PA 18:0_22:5,0.009483838604729367,0.0,COMPUTED,True,True,True,True,0.13936661280823676,0.9374908882297373,0.9345818680853585,PA,0.21638151697754526,B4_U64_U141,141,spectral_hard_spatial_high,0.7657668308702792,0.7451904761904762,0.7451904761904762,0.7657668308702792,0.07496740643032661,0.23423423423423423,0.07025785758396863,0.0,85,0.9938454904110599,0.5,175,R4,CAL,[10],sum reported candidates for primary score; all candidates for unreported descriptive abundance,False,True,False,True,False,True,False,True,False,True,False,True,False,LOCAL_CAL_RECALIBRATION
MODERATE__CAL_R4_K175,CAL_R4_K175,MODERATE,PA 18:0_24:0,0.005087709576628343,2.128580883326024e-05,COMPUTED,True,True,True,True,0.5363596171784565,0.7271532361366108,0.6313329291237251,PA,0.239152299302559,B3_U13_U90,13,spectral_hard_spatial_high,0.7239244663382594,0.6166551724137932,0.6166551724137932,0.7239244663382594,0.17572525850461496,0.11711711711711711,0.1511902006158474,0.0,107,0.997779437534984,0.5,175,R4,CAL,[11],sum reported candidates for primary score; all candidates for unreported descriptive abundance,False,True,False,True,False,True,False,True,False,True,False,True,False,LOCAL_CAL_RECALIBRATION
MODERATE__CAL_R4_K175,CAL_R4_K175,MODERATE,PA 18:0_24:1,4.763719806932604e-07,,NOT_COMPUTED,False,False,False,False,0.3334734584306543,0.8793255202210899,0.8305304488322932,PA,0.22349976674487387,,,UNASSIGNED_FALSE_POSITIVE,,,,,,,,,,,,175,R4,CAL,[12],sum reported candidates for primary score; all candidates for unreported descriptive abundance,False,True,False,False,False,True,False,False,False,True,False,True,False,LOCAL_CAL_RECALIBRATION
MODERATE__CAL_R4_K175,CAL_R4_K175,MODERATE,PA 18:0_24:4,4.57576130371398e-08,,NOT_COMPUTED,False,True,True,True,0.19065424453428229,0.8372950741847822,0.832749852444057,PA,0.362995178164235,B2_U23_U146,146,spectral_hard_spatial_low,0.6574581280788178,0.6583152709359607,0.6574581280788178,0.6583152709359607,0.04355266034180107,0.06944444444444445,0.043333667178812665,0.0,336,-0.22314158658320196,0.7303443264893795,175,R4,CAL,[13],sum reported candidates for primary score; all candidates for unreported descriptive abundance,False,True,False,False,False,True,False,False,False,True,False,True,True,LOCAL_CAL_RECALIBRATION
MODERATE__CAL_R4_K175,CAL_R4_K175,MODERATE,PA 18:0_24:5,0.0014163018986804888,0.0,COMPUTED,True,False,False,False,0.1609179673339711,0.923167578011941,0.919680283971754,PA,0.23175005437601462,,,UNASSIGNED_FALSE_POSITIVE,,,,,,,,,,,,175,R4,CAL,[14],sum reported candidates for primary score; all candidates for unreported descriptive abundance,False,True,False,False,False,True,False,False,False,True,False,True,False,LOCAL_CAL_RECALIBRATION
MODERATE__CAL_R4_K175,CAL_R4_K175,MODERATE,PA 18:0_24:6,4.61295897392439e-05,,NOT_COMPUTED,False,False,False,False,0.1641748706562144,0.9374908882297373,0.9345818680853585,PA,0.19157325912956763,,,UNASSIGNED_FALSE_POSITIVE,,,,,,,,,,,,175,R4,CAL,[15],sum reported candidates for primary score; all candidates for unreported descriptive abundance,False,True,False,False,False,True,False,False,False,True,False,True,False,LOCAL_CAL_RECALIBRATION
MODERATE__CAL_R4_K175,CAL_R4_K175,MODERATE,PA 18:1_22:1,0.0005608786170159638,,NOT_COMPUTED,False,False,False,False,0.46175873097333114,0.9022714644699661,0.6587714343940032,PA,0.2905844069806663,,,UNASSIGNED_FALSE_POSITIVE,,,,,,,,,,,,175,R4,CAL,[17],sum reported candidates for primary score; all candidates for unreported descriptive abundance,False,True,False,False,False,True,False,False,False,True,False,True,False,LOCAL_CAL_RECALIBRATION
MODERATE__CAL_R4_K175,CAL_R4_K175,MODERATE,PA 18:1_22:2,0.02683604698120157,0.0,COMPUTED,True,True,True,True,0.40366716929733215,0.9248799886279087,0.7196223801768364,PA,0.2906984620156129,B2_U60_U84,84,spectral_hard_spatial_low,0.8323037766830871,0.8063054187192118,0.8063054187192118,0.8323037766830871,0.8432257966252498,0.7037037037037037,0.39242033148640376,0.11301891386763883,260,-0.22111422789343635,2.0,175,R4,CAL,[18],sum reported candidates for primary score; all candidates for unreported descriptive abundance,False,True,False,True,False,True,False,True,True,True,False,True,False,LOCAL_CAL_RECALIBRATION
MODERATE__CAL_R4_K175,CAL_R4_K175,MODERATE,PA 18:1_22:3,0.002576032058096295,2.2806220367469523e-05,COMPUTED,True,False,False,False,0.26035456632127724,0.8639124793194024,0.8037028144235677,PA,0.33467634555443054,,,UNASSIGNED_FALSE_POSITIVE,,,,,,,,,,,,175,R4,CAL,[19],sum reported candidates for primary score; all candidates for unreported descriptive abundance,False,True,False,False,False,True,False,False,False,True,False,True,False,LOCAL_CAL_RECALIBRATION
MODERATE__CAL_R4_K175,CAL_R4_K175,MODERATE,PA 18:1_22:4,0.008321075679506722,0.0,COMPUTED,True,False,False,False,0.23118051955905902,0.7349039762795926,0.7251473077432745,PA,0.45741325188581883,,,UNASSIGNED_FALSE_POSITIVE,,,,,,,,,,,,175,R4,CAL,[20],sum reported candidates for primary score; all candidates for unreported descriptive abundance,False,True,False,False,False,True,False,False,False,True,False,True,False,LOCAL_CAL_RECALIBRATION
MODERATE__CAL_R4_K175,CAL_R4_K175,MODERATE,PA 18:1_24:1,0.0008838209031106692,,NOT_COMPUTED,False,False,False,False,0.4394175718623714,0.7742897189559598,0.6708976550037268,PA,0.30213238364332506,,,UNASSIGNED_FALSE_POSITIVE,,,,,,,,,,,,175,R4,CAL,[22],sum reported candidates for primary score; all candidates for unreported descriptive abundance,False,True,False,False,False,True,False,False,False,True,False,True,False,LOCAL_CAL_RECALIBRATION
MODERATE__CAL_R4_K175,CAL_R4_K175,MODERATE,PA 18:1_24:4,0.001053059032720468,0.0,COMPUTED,True,False,False,False,0.2590661626283403,0.770029563231097,0.7660750464750595,PA,0.383684973635327,,,UNASSIGNED_FALSE_POSITIVE,,,,,,,,,,,,175,R4,CAL,[23],sum reported candidates for primary score; all candidates for unreported descriptive abundance,False,True,False,False,False,True,False,False,False,True,False,True,False,LOCAL_CAL_RECALIBRATION
MODERATE__CAL_R4_K175,CAL_R4_K175,MODERATE,PA 18:1_24:5,0.001840123760349164,0.0,COMPUTED,True,True,True,True,0.2403872498285696,0.8248123478924629,0.8214327614182942,PA,0.3299181231679643,,135,singleton_control,,,,,,,,,197,,0.5,175,R4,CAL,[24],sum reported candidates for primary score; all candidates for unreported descriptive abundance,False,True,False,True,False,True,False,True,False,True,False,True,False,LOCAL_CAL_RECALIBRATION
MODERATE__CAL_R4_K175,CAL_R4_K175,MODERATE,PA 18:1_24:6,0.0016101794830453628,0.0,COMPUTED,True,False,False,False,0.25854770171004793,0.8317569743542244,0.8214327614182942,PA,0.311757671286486,,,UNASSIGNED_FALSE_POSITIVE,,,,,,,,,,,,175,R4,CAL,[25],sum reported candidates for primary score; all candidates for unreported descriptive abundance,False,True,False,False,False,True,False,False,False,True,False,True,False,LOCAL_CAL_RECALIBRATION
MODERATE__CAL_R4_K175,CAL_R4_K175,MODERATE,PA 18:2_22:2,0.0070963057081677924,1.7444320516585657e-06,COMPUTED,True,True,True,True,0.47866516502254414,0.8685597534716455,0.7219248581633445,PA,0.21330629332370504,B2_U60_U84,60,spectral_hard_spatial_low,0.8323037766830871,0.8063054187192118,0.8063054187192118,0.8323037766830871,0.8432257966252498,0.7037037037037037,0.39242033148640376,0.11301891386763883,163,-0.22111422789343635,0.7802037075442214,175,R4,CAL,[28],sum reported candidates for primary score; all candidates for unreported descriptive abundance,False,True,False,True,False,True,False,True,False,True,False,True,False,LOCAL_CAL_RECALIBRATION
MODERATE__CAL_R4_K175,CAL_R4_K175,MODERATE,PA 18:2_22:3,0.007099619118987492,1.8077125061951917e-18,COMPUTED,True,True,True,True,0.40654814292933356,0.8361365785941115,0.722889225295104,PA,0.2844157982081504,,51,singleton_control,,,,,,,,,154,,1.0760213163243861,175,R4,CAL,[29],sum reported candidates for primary score; all candidates for unreported descriptive abundance,False,True,False,True,False,True,False,True,False,True,False,True,False,LOCAL_CAL_RECALIBRATION
MODERATE__CAL_R4_K175,CAL_R4_K175,MODERATE,PA 18:2_24:4,0.0006430604762685962,,NOT_COMPUTED,False,False,False,False,0.33277246997096527,0.6495701338678831,0.6430180714358019,PA,0.4330785336890039,,,UNASSIGNED_FALSE_POSITIVE,,,,,,,,,,,,175,R4,CAL,[32],sum reported candidates for primary score; all candidates for unreported descriptive abundance,False,True,False,False,False,True,False,False,False,True,False,True,False,LOCAL_CAL_RECALIBRATION
MODERATE__CAL_R4_K175,CAL_R4_K175,MODERATE,PA 18:2_24:5,0.001211255994216212,4.614478984220707e-06,COMPUTED,True,False,False,False,0.30902833514416345,0.8083196183923326,0.8030418220184925,PA,0.2868943377666932,,,UNASSIGNED_FALSE_POSITIVE,,,,,,,,,,,,175,R4,CAL,[33],sum reported candidates for primary score; all candidates for unreported descriptive abundance,False,True,False,False,False,True,False,False,False,True,False,True,False,LOCAL_CAL_RECALIBRATION
MODERATE__CAL_R4_K175,CAL_R4_K175,MODERATE,PA 18:2_24:6,0.014544633642761136,1.1227505412197897e-05,COMPUTED,True,True,True,True,0.29491975880184035,0.8083196183923326,0.8030418220184925,PA,0.3010029141090163,,113,singleton_control,,,,,,,,,133,,2.0,175,R4,CAL,[34],sum reported candidates for primary score; all candidates for unreported descriptive abundance,False,True,False,True,False,True,False,True,False,True,False,True,False,LOCAL_CAL_RECALIBRATION
MODERATE__CAL_R4_K175,CAL_R4_K175,MODERATE,PA 20:0_20:0,0.010852874366359774,0.0,COMPUTED,True,True,True,True,0.30857219638826255,0.9341726466812952,0.8971732152464247,PA,0.13310667094001766,,65,singleton_control,,,,,,,,,256,,0.8939526432607221,175,R4,CAL,[35],sum reported candidates for primary score; all candidates for unreported descriptive abundance,False,True,False,True,False,True,False,True,False,True,False,True,False,LOCAL_CAL_RECALIBRATION
MODERATE__CAL_R4_K175,CAL_R4_K175,MODERATE,PA 20:0_20:1,0.009479127677786256,0.0,COMPUTED,True,True,True,True,0.2700502904887188,0.7565930817931681,0.6960378383676507,PA,0.447954812251149,B3_U62_U111,111,spectral_hard_spatial_low,0.6664384236453202,0.7616584564860427,0.6664384236453202,0.7616584564860427,0.07934268832688471,0.06349206349206349,0.06222121571833724,0.0,338,-0.2183794074258266,2.0,175,R4,CAL,[36],sum reported candidates for primary score; all candidates for unreported descriptive abundance,False,True,False,True,False,True,False,True,False,True,False,True,False,LOCAL_CAL_RECALIBRATION
MODERATE__CAL_R4_K175,CAL_R4_K175,MODERATE,PA 20:0_20:2,0.0,,NOT_COMPUTED,False,False,False,False,0.2807555140432376,0.7492730089935543,0.6350781709113766,PA,0.49169235917013354,,,UNASSIGNED_FALSE_POSITIVE,,,,,,,,,,,,175,R4,CAL,[37],sum reported candidates for primary score; all candidates for unreported descriptive abundance,False,True,False,False,False,True,False,False,False,True,False,True,False,LOCAL_CAL_RECALIBRATION
MODERATE__CAL_R4_K175,CAL_R4_K175,MODERATE,PA 20:0_20:3,0.0006984265442729056,,NOT_COMPUTED,False,False,False,False,0.28594755195446475,0.8048190171061798,0.7203920412647556,PA,0.4076195370011738,,,UNASSIGNED_FALSE_POSITIVE,,,,,,,,,,,,175,R4,CAL,[38],sum reported candidates for primary score; all candidates for unreported descriptive abundance,False,True,False,False,False,True,False,False,False,True,False,True,False,LOCAL_CAL_RECALIBRATION
MODERATE__CAL_R4_K175,CAL_R4_K175,MODERATE,PA 20:0_20:4,0.0008523311217496429,,NOT_COMPUTED,False,False,False,False,0.1645114953783594,0.8957566529041909,0.8619613486853611,PA,0.3424625013635971,,,UNASSIGNED_FALSE_POSITIVE,,,,,,,,,,,,175,R4,CAL,[39],sum reported candidates for primary score; all candidates for unreported descriptive abundance,False,True,False,False,False,True,False,False,False,True,False,True,False,LOCAL_CAL_RECALIBRATION
MODERATE__CAL_R4_K175,CAL_R4_K175,MODERATE,PA 20:0_20:5,0.004605886049935873,0.0,COMPUTED,True,True,True,True,0.18367672004065808,0.9361340206999159,0.9175683792240663,PA,0.2139012841901092,B7_U134_U159,159,spectral_hard_spatial_low,0.667512315270936,0.6009211822660099,0.6009211822660099,0.667512315270936,0.0009925553667304824,0.1171875,0.0009787894940145214,0.0,256,-0.30119027655190733,0.5,175,R4,CAL,[40],sum reported candidates for primary score; all candidates for unreported descriptive abundance,False,True,False,True,False,True,False,True,False,True,False,True,False,LOCAL_CAL_RECALIBRATION
MODERATE__CAL_R4_K175,CAL_R4_K175,MODERATE,PA 20:0_22:1,0.0011299710985744381,5.226492845681057e-07,COMPUTED,True,False,False,False,0.3017443733307278,0.7600275012777736,0.7258338470317759,PA,0.3861256918000734,,,UNASSIGNED_FALSE_POSITIVE,,,,,,,,,,,,175,R4,CAL,[41],sum reported candidates for primary score; all candidates for unreported descriptive abundance,False,True,False,False,False,True,False,False,False,True,False,True,False,LOCAL_CAL_RECALIBRATION
MODERATE__CAL_R4_K175,CAL_R4_K175,MODERATE,PA 20:0_22:2,0.004706485664914961,3.615425012390384e-19,COMPUTED,True,True,True,True,0.3285634366810597,0.6941352616525697,0.6532726123926598,PA,0.4285593366507624,B6_U26_U82,82,spectral_easy_spatial_high,0.19121839080459768,0.41874220032840725,0.19121839080459768,0.41874220032840725,0.0,0.0,0.0,0.0,227,0.9969101677993406,0.7802037075442214,175,R4,CAL,[42],sum reported candidates for primary score; all candidates for unreported descriptive abundance,False,True,False,True,False,True,False,True,False,True,False,True,False,LOCAL_CAL_RECALIBRATION
MODERATE__CAL_R4_K175,CAL_R4_K175,MODERATE,PA 20:0_22:3,0.003117751078883304,9.09919473770791e-07,COMPUTED,True,True,True,True,0.3047114646464892,0.6917588469202741,0.6545603952551788,PA,0.45129825021396425,B7_U69_U83,69,spectral_hard_spatial_high,0.7420279146141214,0.7909720853858784,0.7420279146141214,0.7909720853858784,0.07932992725041206,0.12295081967213115,0.07443819613192362,0.0,101,0.994249279478004,0.5,175,R4,CAL,[43],sum reported candidates for primary score; all candidates for unreported descriptive abundance,False,True,False,True,False,True,False,True,False,True,False,True,False,LOCAL_CAL_RECALIBRATION
MODERATE__CAL_R4_K175,CAL_R4_K175,MODERATE,PA 20:0_22:4,0.0008604797280817991,,NOT_COMPUTED,False,False,False,False,0.241048023112079,0.8303328039494347,0.811768772008992,PA,0.3429309669132585,,,UNASSIGNED_FALSE_POSITIVE,,,,,,,,,,,,175,R4,CAL,[44],sum reported candidates for primary score; all candidates for unreported descriptive abundance,False,True,False,False,False,True,False,False,False,True,False,True,False,LOCAL_CAL_RECALIBRATION
MODERATE__CAL_R4_K175,CAL_R4_K175,MODERATE,PA 20:0_22:5,0.007425408239316728,0.0,COMPUTED,True,True,True,True,0.18797776572568772,0.9337578006589683,0.9226232034454928,PA,0.19772474199752751,B7_U47_U115,115,spectral_hard_spatial_high,0.7173612479474549,0.7259195402298851,0.7173612479474549,0.7259195402298851,0.09627294846157408,0.10606060606060606,0.03831324704124254,0.0,349,0.9957913195295264,0.6170676298438253,175,R4,CAL,[45],sum reported candidates for primary score; all candidates for unreported descriptive abundance,False,True,False,True,False,True,False,True,False,True,False,True,False,LOCAL_CAL_RECALIBRATION
MODERATE__CAL_R4_K175,CAL_R4_K175,MODERATE,PA 20:0_22:6,0.005033734119573137,2.1524243960430022e-05,COMPUTED,True,False,False,False,0.18342642508946627,0.9361340206999159,0.9226232034454928,PA,0.20227608263374897,,,UNASSIGNED_FALSE_POSITIVE,,,,,,,,,,,,175,R4,CAL,[46],sum reported candidates for primary score; all candidates for unreported descriptive abundance,False,True,False,False,False,True,False,False,False,True,False,True,False,LOCAL_CAL_RECALIBRATION
MODERATE__CAL_R4_K175,CAL_R4_K175,MODERATE,PA 20:1_20:1,7.006613369851572e-05,,NOT_COMPUTED,False,False,False,False,0.4231895167566119,0.9753576763078726,0.6587714343940032,PA,0.3291536211973855,,,UNASSIGNED_FALSE_POSITIVE,,,,,,,,,,,,175,R4,CAL,[47],sum reported candidates for primary score; all candidates for unreported descriptive abundance,False,True,False,False,False,True,False,False,False,True,False,True,False,LOCAL_CAL_RECALIBRATION
MODERATE__CAL_R4_K175,CAL_R4_K175,MODERATE,PA 20:1_20:2,0.005425515734937821,1.8503087132580745e-05,COMPUTED,True,True,True,True,0.4799544894237642,0.9253440230489325,0.6127851649721114,PA,0.31029505444836114,B1_U9_U37,37,spectral_easy_spatial_high,0.15578981937602626,0.15053530377668312,0.15053530377668312,0.15578981937602626,0.0,0.0,0.0,0.0,390,0.9962368569842857,0.5340342571614348,175,R4,CAL,[48],sum reported candidates for primary score; all candidates for unreported descriptive abundance,False,True,False,True,False,True,False,True,False,True,False,True,False,LOCAL_CAL_RECALIBRATION
MODERATE__CAL_R4_K175,CAL_R4_K175,MODERATE,PA 20:1_20:3,0.014320300972534524,0.0,COMPUTED,True,True,True,True,0.2950230689775499,0.8311619582958673,0.670144021014576,PA,0.44720802111394947,B1_U95_U125,95,spectral_hard_spatial_low,0.7451149425287357,0.8009901477832513,0.7451149425287357,0.8009901477832513,0.05022587307821144,0.0661764705882353,0.05302766559774588,0.11301892928657031,284,-0.24520877146978157,2.0,175,R4,CAL,[49],sum reported candidates for primary score; all candidates for unreported descriptive abundance,False,True,False,True,False,True,False,True,False,True,False,True,False,LOCAL_CAL_RECALIBRATION
MODERATE__CAL_R4_K175,CAL_R4_K175,MODERATE,PA 20:1_20:4,0.02125808449290032,0.0,COMPUTED,True,True,True,True,0.3008190275753367,0.858855563387748,0.7773054894334199,PA,0.3283043117601799,,92,singleton_control,,,,,,,,,210,,2.0,175,R4,CAL,[50],sum reported candidates for primary score; all candidates for unreported descriptive abundance,False,True,False,True,False,True,False,True,True,True,False,True,False,LOCAL_CAL_RECALIBRATION
MODERATE__CAL_R4_K175,CAL_R4_K175,MODERATE,PA 20:1_22:1,0.0014619510539491869,3.615425012390384e-19,COMPUTED,True,False,False,False,0.48292710886676304,0.8982874947005188,0.7105340184716673,PA,0.22073574264275386,,,UNASSIGNED_FALSE_POSITIVE,,,,,,,,,,,,175,R4,CAL,[52],sum reported candidates for primary score; all candidates for unreported descriptive abundance,False,True,False,False,False,True,False,False,False,True,False,True,False,LOCAL_CAL_RECALIBRATION
MODERATE__CAL_R4_K175,CAL_R4_K175,MODERATE,PA 20:1_22:2,0.016217470762835594,3.370637439184209e-05,COMPUTED,True,True,True,True,0.34352237197995034,0.9019786006016902,0.8163714083818836,PA,0.2340048772270285,,94,singleton_control,,,,,,,,,277,,1.8682084992203376,175,R4,CAL,[53],sum reported candidates for primary score; all candidates for unreported descriptive abundance,False,True,False,True,False,True,False,True,False,True,False,True,False,LOCAL_CAL_RECALIBRATION
MODERATE__CAL_R4_K175,CAL_R4_K175,MODERATE,PA 20:1_22:3,0.0,,NOT_COMPUTED,False,False,False,False,0.33476954438953394,0.8781031661032047,0.8136488404920164,PA,0.24658711409645712,,,UNASSIGNED_FALSE_POSITIVE,,,,,,,,,,,,175,R4,CAL,[54],sum reported candidates for primary score; all candidates for unreported descriptive abundance,False,True,False,False,False,True,False,False,False,True,False,True,False,LOCAL_CAL_RECALIBRATION
MODERATE__CAL_R4_K175,CAL_R4_K175,MODERATE,PA 20:1_22:4,0.011793728330663814,6.180030910165139e-05,COMPUTED,True,True,True,True,0.34668458838690386,0.780619943822926,0.7254488250437023,PA,0.3415915206294644,B5_U53_U107,53,spectral_hard_spatial_low,0.6654942528735632,0.6520853858784894,0.6520853858784894,0.6654942528735632,0.021714641680353045,0.06428571428571428,0.020550207359117337,0.0,378,-0.157549255041648,1.4538436095675817,175,R4,CAL,[55],sum reported candidates for primary score; all candidates for unreported descriptive abundance,True,True,True,False,False,True,False,True,False,True,False,True,False,LOCAL_CAL_RECALIBRATION
MODERATE__CAL_R4_K175,CAL_R4_K175,MODERATE,PA 20:1_22:5,0.0021595973337179613,0.0,COMPUTED,True,False,False,False,0.22030580527220145,0.8930555529932804,0.8753112931195504,PA,0.2632540567277174,,,UNASSIGNED_FALSE_POSITIVE,,,,,,,,,,,,175,R4,CAL,[56],sum reported candidates for primary score; all candidates for unreported descriptive abundance,False,True,False,False,False,True,False,False,False,True,False,True,False,LOCAL_CAL_RECALIBRATION
MODERATE__CAL_R4_K175,CAL_R4_K175,MODERATE,PA 20:1_22:6,0.0054855232625455365,0.0,COMPUTED,True,False,False,False,0.23670331410171605,0.9753576763078726,0.8753112931195504,PA,0.2468565478982028,,,UNASSIGNED_FALSE_POSITIVE,,,,,,,,,,,,175,R4,CAL,[57],sum reported candidates for primary score; all candidates for unreported descriptive abundance,False,True,False,False,False,True,False,False,False,True,False,True,False,LOCAL_CAL_RECALIBRATION
MODERATE__CAL_R4_K175,CAL_R4_K175,MODERATE,PA 20:2_20:2,0.007609151079510896,0.0,COMPUTED,True,True,True,True,0.4107496994340883,0.9505388151236878,0.7219248581633445,PA,0.2812217589121609,B1_U59_U80,80,spectral_hard_spatial_low,0.679983579638752,0.7071789819376026,0.679983579638752,0.7071789819376026,0.12131038262682024,0.13592233009708737,0.062262277778382835,0.0,218,-0.26985311287151126,0.5,175,R4,CAL,[58],sum reported candidates for primary score; all candidates for unreported descriptive abundance,False,True,False,True,False,True,False,True,False,True,False,True,False,LOCAL_CAL_RECALIBRATION
MODERATE__CAL_R4_K175,CAL_R4_K175,MODERATE,PA 20:2_20:3,0.008444429339357991,4.827647267920701e-05,COMPUTED,True,True,True,True,0.5731558925579161,0.7541480424155057,0.5477421399094071,PA,0.2634913139559546,,34,singleton_control,,,,,,,,,119,,1.0760213163243861,175,R4,CAL,[59],sum reported candidates for primary score; all candidates for unreported descriptive abundance,True,True,True,False,False,True,False,True,False,True,False,True,False,LOCAL_CAL_RECALIBRATION
MODERATE__CAL_R4_K175,CAL_R4_K175,MODERATE,PA 20:2_22:4,0.01243045799111998,6.167902866241915e-06,COMPUTED,True,True,True,True,0.37047771471182533,0.7482238559770684,0.6566445052131067,PA,0.3837225198236953,B3_U27_U48,48,spectral_easy_spatial_high,0.1769326765188834,0.1802495894909688,0.1769326765188834,0.1802495894909688,0.0,0.0,0.0,0.0,229,0.9947522325178354,1.4538436095675817,175,R4,CAL,[61],sum reported candidates for primary score; all candidates for unreported descriptive abundance,False,True,False,True,False,True,False,True,False,True,False,True,False,LOCAL_CAL_RECALIBRATION
MODERATE__CAL_R4_K175,CAL_R4_K175,MODERATE,PA 20:2_22:6,0.013602398819313896,1.3789536753037981e-06,COMPUTED,True,True,True,True,0.2611282723143124,0.9505388151236878,0.8852934172669955,PA,0.20390459248529008,B5_U29_U147,147,spectral_hard_spatial_high,0.7965911330049261,0.8044614121510674,0.7965911330049261,0.8044614121510674,0.42862613360124546,0.3867924528301887,0.27409032640326025,0.0,237,0.9960343206301072,1.0760213163243861,175,R4,CAL,[62],sum reported candidates for primary score; all candidates for unreported descriptive abundance,False,True,False,True,False,True,False,True,False,True,False,True,False,LOCAL_CAL_RECALIBRATION
MODERATE__CAL_R4_K175,CAL_R4_K175,MODERATE,PA 20:3_22:3,0.019113618734174515,2.6130811361905877e-06,COMPUTED,True,True,True,True,0.506993961836033,0.7157981623972003,0.620434407568295,PA,0.2772643794682714,,30,singleton_control,,,,,,,,,323,,2.0,175,R4,CAL,[65],sum reported candidates for primary score; all candidates for unreported descriptive abundance,False,True,False,True,False,True,False,True,False,True,False,True,False,LOCAL_CAL_RECALIBRATION
MODERATE__CAL_R4_K175,CAL_R4_K175,MODERATE,PA 20:3_22:4,0.005646243149078427,5.025133779912121e-07,COMPUTED,True,False,False,False,0.402579539322542,0.7488776965339671,0.7085761609870266,PA,0.3030548023026991,,,UNASSIGNED_FALSE_POSITIVE,,,,,,,,,,,,175,R4,CAL,[66],sum reported candidates for primary score; all candidates for unreported descriptive abundance,False,True,False,False,False,True,False,False,False,True,False,True,False,LOCAL_CAL_RECALIBRATION
MODERATE__CAL_R4_K175,CAL_R4_K175,MODERATE,PA 20:3_22:6,0.001066302081385293,0.0,COMPUTED,True,True,True,True,0.2764948485403268,0.8594976666654472,0.8481349059300173,PA,0.2532854656872602,B5_U81_U105,81,spectral_hard_spatial_high,0.7206288998357964,0.7457405582922824,0.7206288998357964,0.7457405582922824,0.052767460600135624,0.16153846153846155,0.047451137602932195,0.0,215,0.9976959513553014,0.5,175,R4,CAL,[67],sum reported candidates for primary score; all candidates for unreported descriptive abundance,False,True,False,True,False,True,False,True,False,True,False,True,False,LOCAL_CAL_RECALIBRATION
MODERATE__CAL_R4_K175,CAL_R4_K175,MODERATE,PA 20:4_22:4,0.00019905448437161426,,NOT_COMPUTED,False,False,False,False,0.48634054946811606,0.6664725514235691,0.6353761278352141,PA,0.28586225820427874,,,UNASSIGNED_FALSE_POSITIVE,,,,,,,,,,,,175,R4,CAL,[72],sum reported candidates for primary score; all candidates for unreported descriptive abundance,False,True,False,False,False,True,False,False,False,True,False,True,False,LOCAL_CAL_RECALIBRATION
MODERATE__CAL_R4_K175,CAL_R4_K175,MODERATE,PA 20:4_22:5,0.006461120027893079,9.566042763383525e-06,COMPUTED,True,True,True,True,0.3445703765702606,0.8204180243532724,0.7982095721390224,PA,0.25780946949502626,B6_U66_U154,66,spectral_hard_spatial_low,0.6740246305418719,0.8117881773399014,0.6740246305418719,0.8117881773399014,0.00962556558195164,0.12878787878787878,0.00945634146761632,0.0,302,-0.36486380501428717,0.5,175,R4,CAL,[73],sum reported candidates for primary score; all candidates for unreported descriptive abundance,False,True,False,True,False,True,False,True,False,True,False,True,False,LOCAL_CAL_RECALIBRATION
MODERATE__CAL_R4_K175,CAL_R4_K175,MODERATE,PA 20:4_22:6,0.003442639597981285,0.0,COMPUTED,True,False,False,False,0.27117341147389906,0.8204180243532724,0.7982095721390224,PA,0.33120643459138777,,,UNASSIGNED_FALSE_POSITIVE,,,,,,,,,,,,175,R4,CAL,[74],sum reported candidates for primary score; all candidates for unreported descriptive abundance,False,True,False,False,False,True,False,False,False,True,False,True,False,LOCAL_CAL_RECALIBRATION
MODERATE__CAL_R4_K175,CAL_R4_K175,MODERATE,PA 22:0_18:1,0.004290101086626469,7.805419630463531e-06,COMPUTED,True,True,True,True,0.3671639070922606,0.7050099452951126,0.6113032030767289,PA,0.42423257628894034,B4_U64_U141,64,spectral_hard_spatial_high,0.7657668308702792,0.7451904761904762,0.7451904761904762,0.7657668308702792,0.07496740643032661,0.23423423423423423,0.07025785758396863,0.0,85,0.9938454904110599,0.689110922829001,175,R4,CAL,[16],sum reported candidates for primary score; all candidates for unreported descriptive abundance,False,True,False,True,False,True,False,True,False,True,False,True,False,LOCAL_CAL_RECALIBRATION
MODERATE__CAL_R4_K175,CAL_R4_K175,MODERATE,PA 22:0_18:2,0.0016760151186085916,0.0,COMPUTED,True,False,False,False,0.34226134747101367,0.761776416520081,0.6134161506702321,PA,0.4474985059635067,,,UNASSIGNED_FALSE_POSITIVE,,,,,,,,,,,,175,R4,CAL,[26],sum reported candidates for primary score; all candidates for unreported descriptive abundance,False,True,False,False,False,True,False,False,False,True,False,True,False,LOCAL_CAL_RECALIBRATION
MODERATE__CAL_R4_K175,CAL_R4_K175,MODERATE,PA 22:0_20:1,4.76775753253791e-05,,NOT_COMPUTED,False,False,False,False,0.4020166500263304,0.8495611434984474,0.7558192210470013,PA,0.2527636987135384,,,UNASSIGNED_FALSE_POSITIVE,,,,,,,,,,,,175,R4,CAL,[51],sum reported candidates for primary score; all candidates for unreported descriptive abundance,False,True,False,False,False,True,False,False,False,True,False,True,False,LOCAL_CAL_RECALIBRATION
MODERATE__CAL_R4_K175,CAL_R4_K175,MODERATE,PA 22:0_20:3,0.0002307493445897883,,NOT_COMPUTED,False,False,False,False,0.4070101497165706,0.700138513759436,0.6042594435163927,PA,0.38977747877753405,,,UNASSIGNED_FALSE_POSITIVE,,,,,,,,,,,,175,R4,CAL,[63],sum reported candidates for primary score; all candidates for unreported descriptive abundance,False,True,False,False,False,True,False,False,False,True,False,True,False,LOCAL_CAL_RECALIBRATION
MODERATE__CAL_R4_K175,CAL_R4_K175,MODERATE,PA 22:0_20:4,0.0013516491304910378,1.0846275037171151e-18,COMPUTED,True,False,False,False,0.4550397992700734,0.7513055221510871,0.6086104523982676,PA,0.3384293666283728,,,UNASSIGNED_FALSE_POSITIVE,,,,,,,,,,,,175,R4,CAL,[68],sum reported candidates for primary score; all candidates for unreported descriptive abundance,False,True,False,False,False,True,False,False,False,True,False,True,False,LOCAL_CAL_RECALIBRATION
MODERATE__CAL_R4_K175,CAL_R4_K175,MODERATE,PA 22:1_18:2,1.2633077358164714e-06,,NOT_COMPUTED,False,False,False,False,0.3672416022212644,0.8804726866933393,0.607232220086111,PA,0.42728280324989093,,,UNASSIGNED_FALSE_POSITIVE,,,,,,,,,,,,175,R4,CAL,[27],sum reported candidates for primary score; all candidates for unreported descriptive abundance,False,True,False,False,False,True,False,False,False,True,False,True,False,LOCAL_CAL_RECALIBRATION
MODERATE__CAL_R4_K175,CAL_R4_K175,MODERATE,PA 22:1_20:2,0.005107897916133719,0.0,COMPUTED,True,False,False,False,0.43337633237958284,0.8789327040599717,0.709852279634953,PA,0.27097424872123554,,,UNASSIGNED_FALSE_POSITIVE,,,,,,,,,,,,175,R4,CAL,[60],sum reported candidates for primary score; all candidates for unreported descriptive abundance,False,True,False,False,False,True,False,False,False,True,False,True,False,LOCAL_CAL_RECALIBRATION
MODERATE__CAL_R4_K175,CAL_R4_K175,MODERATE,PA 22:1_20:3,1.0320756361763525e-08,,NOT_COMPUTED,False,False,False,False,0.47201880717776407,0.8266719825061805,0.6924512402766023,PA,0.24944586960093668,,,UNASSIGNED_FALSE_POSITIVE,,,,,,,,,,,,175,R4,CAL,[64],sum reported candidates for primary score; all candidates for unreported descriptive abundance,False,True,False,False,False,True,False,False,False,True,False,True,False,LOCAL_CAL_RECALIBRATION
MODERATE__CAL_R4_K175,CAL_R4_K175,MODERATE,PA 22:1_20:4,0.005058638591741143,0.0,COMPUTED,True,True,True,True,0.4982506449670433,0.7912873858859593,0.6692801545595407,PA,0.24475949945411957,B1_U59_U80,59,spectral_hard_spatial_low,0.679983579638752,0.7071789819376026,0.679983579638752,0.7071789819376026,0.12131038262682024,0.13592233009708737,0.062262277778382835,0.0,109,-0.26985311287151126,0.7303443264893795,175,R4,CAL,[69],sum reported candidates for primary score; all candidates for unreported descriptive abundance,False,True,False,True,False,True,False,True,False,True,False,True,False,LOCAL_CAL_RECALIBRATION
MODERATE__CAL_R4_K175,CAL_R4_K175,MODERATE,PA 22:1_20:5,0.0015465577344194138,0.0,COMPUTED,True,False,False,False,0.35373566324826666,0.8941830868357824,0.811451302003605,PA,0.2306843778836697,,,UNASSIGNED_FALSE_POSITIVE,,,,,,,,,,,,175,R4,CAL,[75],sum reported candidates for primary score; all candidates for unreported descriptive abundance,False,True,False,False,False,True,False,False,False,True,False,True,False,LOCAL_CAL_RECALIBRATION
MODERATE__CAL_R4_K175,CAL_R4_K175,MODERATE,PA 22:2_20:4,0.010226089762517864,2.378970582003139e-05,COMPUTED,True,True,True,True,0.47434523544092577,0.782540752402415,0.5657478608154209,PA,0.35023305555561457,B3_U62_U111,62,spectral_hard_spatial_low,0.6664384236453202,0.7616584564860427,0.6664384236453202,0.7616584564860427,0.07934268832688471,0.06349206349206349,0.06222121571833724,0.0,288,-0.2183794074258266,1.0000000000000002,175,R4,CAL,[70],sum reported candidates for primary score; all candidates for unreported descriptive abundance,False,True,False,True,False,True,False,True,False,True,False,True,False,LOCAL_CAL_RECALIBRATION
MODERATE__CAL_R4_K175,CAL_R4_K175,MODERATE,PA 22:3_20:4,0.017368358449444656,3.7972073966739026e-05,COMPUTED,True,True,True,True,0.5133313032763523,0.857899231006412,0.7294435960195339,PA,0.17070966057456427,,28,singleton_control,,,,,,,,,295,,2.0,175,R4,CAL,[71],sum reported candidates for primary score; all candidates for unreported descriptive abundance,False,True,False,True,False,True,False,True,False,True,False,True,False,LOCAL_CAL_RECALIBRATION
MODERATE__CAL_R4_K175,CAL_R4_K175,MODERATE,PA 22:3_22:6,0.011916276334047586,9.17853744075619e-06,COMPUTED,True,False,False,False,0.27640168722125424,0.8781031661032047,0.8510618155395758,PA,0.24866381929243875,,,UNASSIGNED_FALSE_POSITIVE,,,,,,,,,,,,175,R4,CAL,[76],sum reported candidates for primary score; all candidates for unreported descriptive abundance,False,True,False,False,False,True,False,False,False,True,False,True,False,LOCAL_CAL_RECALIBRATION
MODERATE__CAL_R4_K175,CAL_R4_K175,MODERATE,PA 22:4_22:5,0.001725204225884763,0.0,COMPUTED,True,True,True,True,0.3689568116282089,0.8791048786261756,0.824277161053695,PA,0.19722969630469922,B2_U43_U133,43,spectral_hard_spatial_high,0.896121510673235,0.8493119868637111,0.8493119868637111,0.896121510673235,0.8791048786261756,0.7721518987341772,0.824277161053695,0.12927863446635213,267,0.9944379756017591,0.689110922829001,175,R4,CAL,[77],sum reported candidates for primary score; all candidates for unreported descriptive abundance,False,True,False,True,False,True,False,True,False,True,False,True,False,LOCAL_CAL_RECALIBRATION
MODERATE__CAL_R4_K175,CAL_R4_K175,MODERATE,PA 22:4_22:6,0.006249039427521899,0.0,COMPUTED,True,True,True,True,0.21443724145284473,0.8791048786261756,0.824277161053695,PA,0.35174926648006344,B2_U43_U133,133,spectral_hard_spatial_high,0.896121510673235,0.8493119868637111,0.8493119868637111,0.896121510673235,0.8791048786261756,0.7721518987341772,0.824277161053695,0.12927863446635213,267,0.9944379756017591,0.5,175,R4,CAL,[78],sum reported candidates for primary score; all candidates for unreported descriptive abundance,False,True,False,True,False,True,False,True,False,True,False,True,False,LOCAL_CAL_RECALIBRATION
MODERATE__CAL_R4_K175,CAL_R4_K175,MODERATE,PA 22:5_22:5,0.009271586136215168,1.517640549907008e-05,COMPUTED,True,False,False,False,0.37471749963267753,0.9264320052062154,0.8877391609823168,PA,0.08562930665407442,,,UNASSIGNED_FALSE_POSITIVE,,,,,,,,,,,,175,R4,CAL,[79],sum reported candidates for primary score; all candidates for unreported descriptive abundance,False,True,False,False,False,True,False,False,False,True,False,True,False,LOCAL_CAL_RECALIBRATION
MODERATE__CAL_R4_K175,CAL_R4_K175,MODERATE,PA 22:5_22:6,0.00501965939576389,0.0,COMPUTED,True,True,True,True,0.2059912863450382,0.9264320052062154,0.8877391609823168,PA,0.2543555199417138,B7_U69_U83,83,spectral_hard_spatial_high,0.7420279146141214,0.7909720853858784,0.7420279146141214,0.7909720853858784,0.07932992725041206,0.12295081967213115,0.07443819613192362,0.0,101,0.994249279478004,2.0,175,R4,CAL,[80],sum reported candidates for primary score; all candidates for unreported descriptive abundance,False,True,False,True,False,True,False,True,False,True,False,True,False,LOCAL_CAL_RECALIBRATION
MODERATE__CAL_R4_K175,CAL_R4_K175,MODERATE,PA 22:6_22:6,0.0009239177786459448,,NOT_COMPUTED,False,False,False,False,0.5618631902016936,0.691000163096786,0.6634502848656465,PA,0.18635717808006635,,,UNASSIGNED_FALSE_POSITIVE,,,,,,,,,,,,175,R4,CAL,[81],sum reported candidates for primary score; all candidates for unreported descriptive abundance,False,True,False,False,False,True,False,False,False,True,False,True,False,LOCAL_CAL_RECALIBRATION
MODERATE__CAL_R4_K175,CAL_R4_K175,MODERATE,PA 24:0_16:1,0.004891977311915421,7.240178483506748e-07,COMPUTED,True,True,True,True,0.47172636833494863,0.7350890401757907,0.6635490105932277,PA,0.2764064477750978,B6_U39_U54,54,spectral_easy_spatial_low,0.1792183908045977,0.5071083743842364,0.1792183908045977,0.5071083743842364,0.0,0.0,0.0,0.0,210,-0.20823415907740178,0.5,175,R4,CAL,[4],sum reported candidates for primary score; all candidates for unreported descriptive abundance,False,True,False,True,False,True,False,True,False,True,False,True,False,LOCAL_CAL_RECALIBRATION
MODERATE__CAL_R4_K175,CAL_R4_K175,MODERATE,PA 24:0_18:1,0.0049990041994147855,1.5667640965650503e-07,COMPUTED,True,True,True,True,0.43680623844895256,0.7371891580184492,0.6602623564184665,PA,0.3142287944867514,,32,singleton_control,,,,,,,,,136,,0.5,175,R4,CAL,[21],sum reported candidates for primary score; all candidates for unreported descriptive abundance,False,True,False,True,False,True,False,True,False,True,False,True,False,LOCAL_CAL_RECALIBRATION
MODERATE__CAL_R4_K175,CAL_R4_K175,MODERATE,PA 24:0_18:2,0.0069873523512971,1.9098005208429207e-06,COMPUTED,True,True,True,True,0.4349361980895777,0.674205896426856,0.5485397946470075,PA,0.4011882505953169,,57,singleton_control,,,,,,,,,94,,0.5,175,R4,CAL,[30],sum reported candidates for primary score; all candidates for unreported descriptive abundance,False,True,False,True,False,True,False,True,False,True,False,True,False,LOCAL_CAL_RECALIBRATION
MODERATE__CAL_R4_K175,CAL_R4_K175,MODERATE,PA 24:1_18:2,1.1777761705441329e-07,,NOT_COMPUTED,False,False,False,False,0.416531063009088,0.7481851339902038,0.6386711778861706,PA,0.35294871355264307,,,UNASSIGNED_FALSE_POSITIVE,,,,,,,,,,,,175,R4,CAL,[31],sum reported candidates for primary score; all candidates for unreported descriptive abundance,False,True,False,False,False,True,False,False,False,True,False,True,False,LOCAL_CAL_RECALIBRATION
MODERATE__CAL_R4_K175,CAL_R4_K175,MODERATE,PC 14:0_17:1,0.0008411571625864394,,NOT_COMPUTED,False,False,False,False,"{""347"": 0.09548835338967109, ""359"": 0.04847231659048648, ""366"": 0.2483052155298588}","{""347"": 0.9862392575672295, ""359"": 0.9862392575672295, ""366"": 0.9652339242076485}","{""347"": 0.9862355283081914, ""359"": 0.9862355283081914, ""366"": 0.965232569833651}","{""347"": ""PC"", ""359"": ""PC"", ""366"": ""PC""}","{""347"": 0.06985819995409422, ""359"": 0.11687423675327882, ""366"": 0.013087374518761463}",,,UNASSIGNED_FALSE_POSITIVE,,,,,,,,,,,,175,R4,CAL,"[347, 359, 366]",sum reported candidates for primary score; all candidates for unreported descriptive abundance,False,True,False,False,False,True,False,False,False,True,False,True,False,LOCAL_CAL_RECALIBRATION
MODERATE__CAL_R4_K175,CAL_R4_K175,MODERATE,PC 14:0_18:0,0.002035694040656198,0.0,COMPUTED,True,False,False,False,"{""343"": 0.4124557378851926, ""355"": 0.40651003337338365, ""367"": 0.06684283090386553}","{""343"": 0.7261090115981036, ""355"": 0.9037536858220203, ""367"": 0.9037536858220203}","{""343"": 0.7261069425354261, ""355"": 0.9037530307776178, ""367"": 0.9037530307776178}","{""343"": ""PC"", ""355"": ""PC"", ""367"": ""PC""}","{""343"": 0.2751260448882135, ""355"": 0.02154423813931855, ""367"": 0.3612114406088367}",,,UNASSIGNED_FALSE_POSITIVE,,,,,,,,,,,,175,R4,CAL,"[343, 355, 367]",sum reported candidates for primary score; all candidates for unreported descriptive abundance,False,True,False,False,False,True,False,False,False,True,False,True,False,LOCAL_CAL_RECALIBRATION
MODERATE__CAL_R4_K175,CAL_R4_K175,MODERATE,PC 14:0_18:1,0.0011302245078606587,0.0,COMPUTED,True,False,False,False,"{""344"": 0.2403996776773795, ""356"": 0.18245888828111903, ""368"": 0.10173303336151761}","{""344"": 0.8770364515462538, ""356"": 0.9511016162675965, ""368"": 0.9511016162675965}","{""344"": 0.8770285044290003, ""356"": 0.9510996937581305, ""368"": 0.9510996937581305}","{""344"": ""PC"", ""356"": ""PC"", ""368"": ""PC""}","{""344"": 0.24003866635755597, ""356"": 0.12642518792416282, ""368"": 0.20715104284376423}",,,UNASSIGNED_FALSE_POSITIVE,,,,,,,,,,,,175,R4,CAL,"[344, 356, 368]",sum reported candidates for primary score; all candidates for unreported descriptive abundance,False,True,False,False,False,True,False,False,False,True,False,True,False,LOCAL_CAL_RECALIBRATION
MODERATE__CAL_R4_K175,CAL_R4_K175,MODERATE,PC 14:0_18:2,0.005466041459202296,6.313732276738981e-06,COMPUTED,True,True,True,True,0.5260423696444757,0.5944314846262744,0.5375980922793575,PC,0.31715884666014715,,10,singleton_control,,,,,,,,,320,,0.6170676298438253,175,R4,CAL,[369],sum reported candidates for primary score; all candidates for unreported descriptive abundance,False,True,False,True,False,True,False,True,False,True,False,True,False,LOCAL_CAL_RECALIBRATION
MODERATE__CAL_R4_K175,CAL_R4_K175,MODERATE,PC 14:0_20:0,0.006910159950865674,9.499163974827814e-06,COMPUTED,True,True,True,True,0.5174354081656964,0.6471130837014081,0.649754555119047,PC,0.24270866903417843,B3_U12_U42,12,spectral_easy_spatial_high,0.1672183908045977,0.3398193760262726,0.1672183908045977,0.3398193760262726,0.0,0.0,0.0,0.0,253,0.9954954657510189,0.7802037075442214,175,R4,CAL,[370],sum reported candidates for primary score; all candidates for unreported descriptive abundance,False,True,False,True,False,True,False,True,False,True,False,True,False,LOCAL_CAL_RECALIBRATION
MODERATE__CAL_R4_K175,CAL_R4_K175,MODERATE,PC 14:0_20:1,0.001293110760634298,0.0,COMPUTED,True,True,True,True,0.40061504805859177,0.6352892103486674,0.6068571090230462,PC,0.3941959038212817,,21,singleton_control,,,,,,,,,182,,0.5340342571614348,175,R4,CAL,[371],sum reported candidates for primary score; all candidates for unreported descriptive abundance,False,True,False,True,False,True,False,True,False,True,False,True,False,LOCAL_CAL_RECALIBRATION
MODERATE__CAL_R4_K175,CAL_R4_K175,MODERATE,PC 14:0_20:2,0.0031074547069464245,0.0,COMPUTED,True,False,False,False,0.3254331442131747,0.6041425983942957,0.6039971767841417,PC,0.4715533114037237,,,UNASSIGNED_FALSE_POSITIVE,,,,,,,,,,,,175,R4,CAL,[372],sum reported candidates for primary score; all candidates for unreported descriptive abundance,False,True,False,False,False,True,False,False,False,True,False,True,False,LOCAL_CAL_RECALIBRATION
MODERATE__CAL_R4_K175,CAL_R4_K175,MODERATE,PC 14:0_20:3,0.014705636373704867,1.3965760967139351e-05,COMPUTED,True,True,True,True,0.39431987909766586,0.7479417800620244,0.7441651284998448,PC,0.27367582562266346,B5_U49_U110,49,spectral_easy_spatial_low,0.21407553366174054,0.19910673234811166,0.19910673234811166,0.21407553366174054,0.0,0.0,0.0,0.0,212,-0.2083811448871678,2.0,175,R4,CAL,[373],sum reported candidates for primary score; all candidates for unreported descriptive abundance,False,True,False,True,False,True,False,True,False,True,False,True,False,LOCAL_CAL_RECALIBRATION
MODERATE__CAL_R4_K175,CAL_R4_K175,MODERATE,PC 14:0_20:4,5.732298054882163e-07,,NOT_COMPUTED,False,False,False,False,0.6036768381098416,0.7745273553735048,0.7728249883047782,PC,0.030942368542241527,,,UNASSIGNED_FALSE_POSITIVE,,,,,,,,,,,,175,R4,CAL,[374],sum reported candidates for primary score; all candidates for unreported descriptive abundance,False,True,False,False,False,True,False,False,False,True,False,True,False,LOCAL_CAL_RECALIBRATION
MODERATE__CAL_R4_K175,CAL_R4_K175,MODERATE,PC 14:1_17:1,0.006842834669467375,7.431411770794084e-05,COMPUTED,True,True,True,True,0.8078312049387865,0.36304209523983627,0.3495144909050598,PC,0.129099753375313,B7_U2_U103,2,spectral_easy_spatial_high,0.2920147783251231,0.2561346469622332,0.2561346469622332,0.2920147783251231,2.6941481371247336e-11,0.016129032258064516,2.443077965862909e-11,0.0,308,0.9951902683929378,0.689110922829001,175,R4,CAL,[375],sum reported candidates for primary score; all candidates for unreported descriptive abundance,True,True,True,False,False,True,False,True,False,True,False,True,False,LOCAL_CAL_RECALIBRATION
MODERATE__CAL_R4_K175,CAL_R4_K175,MODERATE,PC 14:1_20:1,0.00047294303792992827,,NOT_COMPUTED,False,False,False,False,0.4158486366407816,0.6900215947371616,0.6898906281562027,PC,0.30806497780657766,,,UNASSIGNED_FALSE_POSITIVE,,,,,,,,,,,,175,R4,CAL,[378],sum reported candidates for primary score; all candidates for unreported descriptive abundance,False,True,False,False,False,True,False,False,False,True,False,True,False,LOCAL_CAL_RECALIBRATION
MODERATE__CAL_R4_K175,CAL_R4_K175,MODERATE,PC 16:0_16:0,5.709546245225849e-07,,NOT_COMPUTED,False,False,False,False,"{""345"": 0.00439247404365462, ""357"": 0.01580146506998347, ""379"": 0.074235030035795}","{""345"": 0.9997981100893683, ""357"": 0.9997981100893683, ""379"": 0.9952284460415796}","{""345"": 0.9997979854471082, ""357"": 0.9997979854471082, ""379"": 0.9952283038691733}","{""345"": ""PC"", ""357"": ""PC"", ""379"": ""PC""}","{""345"": 0.01570698604620962, ""357"": 0.004297995019880766, ""379"": 0.023338650727454557}",,,UNASSIGNED_FALSE_POSITIVE,,,,,,,,,,,,175,R4,CAL,"[345, 357, 379]",sum reported candidates for primary score; all candidates for unreported descriptive abundance,False,True,False,False,False,True,False,False,False,True,False,True,False,LOCAL_CAL_RECALIBRATION
MODERATE__CAL_R4_K175,CAL_R4_K175,MODERATE,PC 16:0_16:1,7.374473655832097e-05,,NOT_COMPUTED,False,False,False,False,"{""346"": 0.2950266638772892, ""358"": 0.14078117259663253, ""380"": 0.12024383132576463}","{""346"": 0.8916824709922263, ""358"": 0.9182882348380778, ""380"": 0.9182882348380778}","{""346"": 0.8916818640206591, ""358"": 0.9182880038412459, ""380"": 0.9182880038412459}","{""346"": ""PC"", ""358"": ""PC"", ""380"": ""PC""}","{""346"": 0.157635962563908, ""358"": 0.2551318759396086, ""380"": 0.27566921721047655}",,,UNASSIGNED_FALSE_POSITIVE,,,,,,,,,,,,175,R4,CAL,"[346, 358, 380]",sum reported candidates for primary score; all candidates for unreported descriptive abundance,False,True,False,False,False,True,False,False,False,True,False,True,False,LOCAL_CAL_RECALIBRATION
MODERATE__CAL_R4_K175,CAL_R4_K175,MODERATE,PC 16:0_18:0,0.001918789322746296,0.0,COMPUTED,True,False,False,False,0.49212912704514206,0.6471130837014081,0.649754555119047,PC,0.2680149501547328,,,UNASSIGNED_FALSE_POSITIVE,,,,,,,,,,,,175,R4,CAL,[381],sum reported candidates for primary score; all candidates for unreported descriptive abundance,False,True,False,False,False,True,False,False,False,True,False,True,False,LOCAL_CAL_RECALIBRATION
MODERATE__CAL_R4_K175,CAL_R4_K175,MODERATE,PC 16:0_18:1,0.0002864721663201012,,NOT_COMPUTED,False,False,False,False,0.3986166534022413,0.6482926248318512,0.5870930826144038,PC,0.4109027795617344,,,UNASSIGNED_FALSE_POSITIVE,,,,,,,,,,,,175,R4,CAL,[382],sum reported candidates for primary score; all candidates for unreported descriptive abundance,False,True,False,False,False,True,False,False,False,True,False,True,False,LOCAL_CAL_RECALIBRATION
MODERATE__CAL_R4_K175,CAL_R4_K175,MODERATE,PC 16:0_18:2,2.528210647581702e-07,,NOT_COMPUTED,False,False,False,False,0.3131917397743864,0.5996238721920917,0.5958430948573314,PC,0.4899091295507795,,,UNASSIGNED_FALSE_POSITIVE,,,,,,,,,,,,175,R4,CAL,[383],sum reported candidates for primary score; all candidates for unreported descriptive abundance,False,True,False,False,False,True,False,False,False,True,False,True,False,LOCAL_CAL_RECALIBRATION
MODERATE__CAL_R4_K175,CAL_R4_K175,MODERATE,PC 16:1_16:1,0.00943281056632952,4.184400329152338e-09,COMPUTED,True,True,True,True,0.5387988106372762,0.6371790012593744,0.5915900402481294,PC,0.26744012682432805,B6_U26_U82,26,spectral_easy_spatial_high,0.19121839080459768,0.41874220032840725,0.19121839080459768,0.41874220032840725,0.0,0.0,0.0,0.0,227,0.9969101677993406,0.8939526432607221,175,R4,CAL,[384],sum reported candidates for primary score; all candidates for unreported descriptive abundance,False,True,False,True,False,True,False,True,False,True,False,True,False,LOCAL_CAL_RECALIBRATION
MODERATE__CAL_R4_K175,CAL_R4_K175,MODERATE,PC 16:1_18:1,0.0004402548814952315,,NOT_COMPUTED,False,False,False,False,0.3710824945274597,0.6900215947371616,0.6898906281562027,PC,0.3528311199198995,,,UNASSIGNED_FALSE_POSITIVE,,,,,,,,,,,,175,R4,CAL,[386],sum reported candidates for primary score; all candidates for unreported descriptive abundance,False,True,False,False,False,True,False,False,False,True,False,True,False,LOCAL_CAL_RECALIBRATION
MODERATE__CAL_R4_K175,CAL_R4_K175,MODERATE,PC 16:1_18:2,0.005327734739933192,0.0,COMPUTED,True,False,False,False,0.6451321224456396,0.494520891089959,0.49342467993636147,PC,0.2246564065829395,,,UNASSIGNED_FALSE_POSITIVE,,,,,,,,,,,,175,R4,CAL,[387],sum reported candidates for primary score; all candidates for unreported descriptive abundance,False,True,False,False,False,True,False,False,False,True,False,True,False,LOCAL_CAL_RECALIBRATION
MODERATE__CAL_R4_K175,CAL_R4_K175,MODERATE,PC 17:0_17:0,0.015968219282431067,9.397955990280892e-06,COMPUTED,True,True,True,True,0.3349749352720744,0.807407271036795,0.7788483732494292,PC,0.2922373186633201,B1_U35_U46,35,spectral_easy_spatial_low,0.18836124794745485,0.20310673234811166,0.18836124794745485,0.20310673234811166,0.0,0.0,0.0,0.0,211,-0.2093612714570234,2.0,175,R4,CAL,[388],sum reported candidates for primary score; all candidates for unreported descriptive abundance,False,True,False,True,False,True,False,True,False,True,False,True,False,LOCAL_CAL_RECALIBRATION
MODERATE__CAL_R4_K175,CAL_R4_K175,MODERATE,PC 17:0_17:1,0.002172548916660492,0.0,COMPUTED,True,False,False,False,0.3922836268459849,0.6138364929282721,0.5912130014929557,PC,0.4142318329349733,,,UNASSIGNED_FALSE_POSITIVE,,,,,,,,,,,,175,R4,CAL,[389],sum reported candidates for primary score; all candidates for unreported descriptive abundance,False,True,False,False,False,True,False,False,False,True,False,True,False,LOCAL_CAL_RECALIBRATION
MODERATE__CAL_R4_K175,CAL_R4_K175,MODERATE,PC 17:1_17:1,0.015092732536638663,2.489393705605721e-06,COMPUTED,True,True,True,True,0.32843304652277755,0.6440510617032883,0.6203139041110748,PC,0.4559206111894029,,33,singleton_control,,,,,,,,,234,,2.0,175,R4,CAL,[390],sum reported candidates for primary score; all candidates for unreported descriptive abundance,False,True,False,True,False,True,False,True,False,True,False,True,False,LOCAL_CAL_RECALIBRATION
MODERATE__CAL_R4_K175,CAL_R4_K175,MODERATE,PC 18:0_14:1,0.02174322217390205,5.6561588725845265e-05,COMPUTED,True,True,True,True,0.5302390072873353,0.615682288510722,0.6154179406395242,PC,0.2579619558806927,B4_U19_U138,19,spectral_easy_spatial_high,0.21293267651888342,0.18482101806239737,0.18482101806239737,0.21293267651888342,0.0,0.0,0.0,0.0,47,0.996471268558308,2.0,175,R4,CAL,[376],sum reported candidates for primary score; all candidates for unreported descriptive abundance,True,True,True,False,False,True,False,True,True,True,False,True,False,LOCAL_CAL_RECALIBRATION
MODERATE__CAL_R4_K175,CAL_R4_K175,MODERATE,PC 18:0_16:1,0.0007620726879746008,,NOT_COMPUTED,False,False,False,False,0.39177303368002603,0.6110147415354648,0.5672990540674725,PC,0.4317388261338755,,,UNASSIGNED_FALSE_POSITIVE,,,,,,,,,,,,175,R4,CAL,[385],sum reported candidates for primary score; all candidates for unreported descriptive abundance,False,True,False,False,False,True,False,False,False,True,False,True,False,LOCAL_CAL_RECALIBRATION
MODERATE__CAL_R4_K175,CAL_R4_K175,MODERATE,PC 20:0_14:1,0.0015236433201180127,1.8657261977288007e-06,COMPUTED,True,False,False,False,0.593367589246976,0.47707361889437966,0.4777580009686473,PC,0.2851238976272237,,,UNASSIGNED_FALSE_POSITIVE,,,,,,,,,,,,175,R4,CAL,[377],sum reported candidates for primary score; all candidates for unreported descriptive abundance,False,True,False,False,False,True,False,False,False,True,False,True,False,LOCAL_CAL_RECALIBRATION
MODERATE__CAL_R4_K175,CAL_R4_K175,MODERATE,PC O-16:0_16:1,0.00011910903311111684,,NOT_COMPUTED,False,False,False,False,"{""348"": 0.5447177151365321, ""360"": 0.19936849220098288}","{""348"": 0.8386212253764069, ""360"": 0.8386212253764069}","{""348"": 0.8386193091272589, ""360"": 0.8386193091272589}","{""348"": ""PC"", ""360"": ""PC""}","{""348"": 2.434061607825555e-07, ""360"": 0.34534946634171004}",,,UNASSIGNED_FALSE_POSITIVE,,,,,,,,,,,,175,R4,CAL,"[348, 360]",sum reported candidates for primary score; all candidates for unreported descriptive abundance,False,True,False,False,False,True,False,False,False,True,False,True,False,LOCAL_CAL_RECALIBRATION
MODERATE__CAL_R4_K175,CAL_R4_K175,MODERATE,PC O-16:0_17:0,0.0,,NOT_COMPUTED,False,False,False,False,0.7536429126805174,0.6594747873316874,0.6374616783002626,PC,0.016839149861247793,,,UNASSIGNED_FALSE_POSITIVE,,,,,,,,,,,,175,R4,CAL,[362],sum reported candidates for primary score; all candidates for unreported descriptive abundance,False,True,False,False,False,True,False,False,False,True,False,True,False,LOCAL_CAL_RECALIBRATION
MODERATE__CAL_R4_K175,CAL_R4_K175,MODERATE,PC O-16:0_17:1,0.0,,NOT_COMPUTED,False,False,False,False,"{""354"": 0.21989783570473154, ""364"": 0.10549498522907921}","{""354"": 0.9509393044395594, ""364"": 0.9509393044395594}","{""354"": 0.9509369379955512, ""364"": 0.9509369379955512}","{""354"": ""PC"", ""364"": ""PC""}","{""354"": 0.08948694083678671, ""364"": 0.20388979131243903}",,,UNASSIGNED_FALSE_POSITIVE,,,,,,,,,,,,175,R4,CAL,"[354, 364]",sum reported candidates for primary score; all candidates for unreported descriptive abundance,False,True,False,False,False,True,False,False,False,True,False,True,False,LOCAL_CAL_RECALIBRATION
MODERATE__CAL_R4_K175,CAL_R4_K175,MODERATE,PC O-16:1_16:1,0.0001326306985108424,,NOT_COMPUTED,False,False,False,False,"{""349"": 0.511873624201587, ""361"": 0.1949832272390983}","{""349"": 0.8591092264429544, ""361"": 0.8591092264429544}","{""349"": 0.8590359045674744, ""361"": 0.8590359045674744}","{""349"": ""PC"", ""361"": ""PC""}","{""349"": 4.1715150479237906e-05, ""361"": 0.3169321121129679}",,,UNASSIGNED_FALSE_POSITIVE,,,,,,,,,,,,175,R4,CAL,"[349, 361]",sum reported candidates for primary score; all candidates for unreported descriptive abundance,False,True,False,False,False,True,False,False,False,True,False,True,False,LOCAL_CAL_RECALIBRATION
MODERATE__CAL_R4_K175,CAL_R4_K175,MODERATE,PC O-16:1_17:0,4.323930707572562e-07,,NOT_COMPUTED,False,False,False,False,"{""353"": 0.10392782718246293, ""363"": 0.19601713649372615}","{""353"": 0.9363920658827259, ""363"": 0.9363920658827259}","{""353"": 0.9360220526851195, ""363"": 0.9360220526851195}","{""353"": ""PC"", ""363"": ""PC""}","{""353"": 0.24801352714682776, ""363"": 0.15592421783556454}",,,UNASSIGNED_FALSE_POSITIVE,,,,,,,,,,,,175,R4,CAL,"[353, 363]",sum reported candidates for primary score; all candidates for unreported descriptive abundance,False,True,False,False,False,True,False,False,False,True,False,True,False,LOCAL_CAL_RECALIBRATION
MODERATE__CAL_R4_K175,CAL_R4_K175,MODERATE,PC O-16:1_17:1,0.008214417232198021,7.190155191823268e-05,COMPUTED,True,True,True,True,0.5790731778499716,0.7915991695954587,0.762421793483903,PC,0.06800719491742169,,8,singleton_control,,,,,,,,,336,,0.7802037075442214,175,R4,CAL,[365],sum reported candidates for primary score; all candidates for unreported descriptive abundance,True,True,True,False,False,True,False,True,False,True,False,True,False,LOCAL_CAL_RECALIBRATION
MODERATE__CAL_R4_K175,CAL_R4_K175,MODERATE,PC O-16:1_18:0,0.007205611476241833,4.4984910747794754e-05,COMPUTED,True,True,True,True,0.578408761742055,0.8511856151913196,0.7773785184240168,PC,0.050624336825008,B1_U35_U46,46,spectral_easy_spatial_low,0.18836124794745485,0.20310673234811166,0.18836124794745485,0.20310673234811166,0.0,0.0,0.0,0.0,141,-0.2093612714570234,0.8939526432607221,175,R4,CAL,[350],sum reported candidates for primary score; all candidates for unreported descriptive abundance,True,True,True,False,False,True,False,True,False,True,False,True,False,LOCAL_CAL_RECALIBRATION
MODERATE__CAL_R4_K175,CAL_R4_K175,MODERATE,PC O-16:1_18:1,0.0,,NOT_COMPUTED,False,False,False,False,0.8076497414228311,0.6052609717953458,0.5463444239546815,PC,0.02991086558637346,,,UNASSIGNED_FALSE_POSITIVE,,,,,,,,,,,,175,R4,CAL,[351],sum reported candidates for primary score; all candidates for unreported descriptive abundance,False,True,False,False,False,True,False,False,False,True,False,True,False,LOCAL_CAL_RECALIBRATION
MODERATE__CAL_R4_K175,CAL_R4_K175,MODERATE,PC O-16:1_18:2,0.011000145936179552,0.00032895156241719584,COMPUTED,True,True,True,True,0.905898646108516,0.4240431892510307,0.3829831503726599,PC,0.017856682174158922,B6_U1_U164,1,spectral_easy_spatial_high,0.21636124794745484,0.21167816091954023,0.21167816091954023,0.21636124794745484,0.0,0.0,0.0,0.0,222,0.9965204568777142,1.0000000000000002,175,R4,CAL,[352],sum reported candidates for primary score; all candidates for unreported descriptive abundance,True,True,True,False,True,True,True,False,False,True,False,True,False,LOCAL_CAL_RECALIBRATION
MODERATE__CAL_R4_K175,CAL_R4_K175,MODERATE,PE 16:0_22:1,0.0008453760666687184,,NOT_COMPUTED,False,False,False,False,0.20454583643989277,0.8508967724619106,0.8469294720807093,PE,0.32715941021570594,,,UNASSIGNED_FALSE_POSITIVE,,,,,,,,,,,,175,R4,CAL,[116],sum reported candidates for primary score; all candidates for unreported descriptive abundance,False,True,False,False,False,True,False,False,False,True,False,True,False,LOCAL_CAL_RECALIBRATION
MODERATE__CAL_R4_K175,CAL_R4_K175,MODERATE,PE 16:0_22:2,0.0008629064337536878,,NOT_COMPUTED,False,False,False,False,0.1886425381510025,0.8572487991575071,0.8549196417105,PE,0.3301179135196991,,,UNASSIGNED_FALSE_POSITIVE,,,,,,,,,,,,175,R4,CAL,[117],sum reported candidates for primary score; all candidates for unreported descriptive abundance,False,True,False,False,False,True,False,False,False,True,False,True,False,LOCAL_CAL_RECALIBRATION
MODERATE__CAL_R4_K175,CAL_R4_K175,MODERATE,PE 16:0_22:3,0.0032133370220232245,0.0,COMPUTED,True,False,False,False,0.17057139729731954,0.8795843067259717,0.8777723219286147,PE,0.3085066243818726,,,UNASSIGNED_FALSE_POSITIVE,,,,,,,,,,,,175,R4,CAL,[118],sum reported candidates for primary score; all candidates for unreported descriptive abundance,False,True,False,False,False,True,False,False,False,True,False,True,False,LOCAL_CAL_RECALIBRATION
MODERATE__CAL_R4_K175,CAL_R4_K175,MODERATE,PE 16:0_22:4,0.001533754501009468,6.690576099347703e-07,COMPUTED,True,False,False,False,0.15895469448868532,0.9923755383909935,0.9175531099957062,PE,0.2386585476665622,,,UNASSIGNED_FALSE_POSITIVE,,,,,,,,,,,,175,R4,CAL,[119],sum reported candidates for primary score; all candidates for unreported descriptive abundance,False,True,False,False,False,True,False,False,False,True,False,True,False,LOCAL_CAL_RECALIBRATION
MODERATE__CAL_R4_K175,CAL_R4_K175,MODERATE,PE 16:0_22:5,0.006138379668458963,3.615425012390384e-19,COMPUTED,True,False,False,False,0.20118322550403206,0.989185985750406,0.9054249265947024,PE,0.22332319647445553,,,UNASSIGNED_FALSE_POSITIVE,,,,,,,,,,,,175,R4,CAL,[120],sum reported candidates for primary score; all candidates for unreported descriptive abundance,False,True,False,False,False,True,False,False,False,True,False,True,False,LOCAL_CAL_RECALIBRATION
MODERATE__CAL_R4_K175,CAL_R4_K175,MODERATE,PE 16:0_22:6,0.002746173279143854,0.0,COMPUTED,True,True,True,True,0.314182126552006,0.9755490303044848,0.7991402195004995,PE,0.28696253954484413,B4_U73_U152,152,spectral_easy_spatial_high,0.24607553366174056,0.23967816091954022,0.23967816091954022,0.24607553366174056,0.0,0.0,0.0,0.0,101,0.9935419835759092,0.7802037075442214,175,R4,CAL,[121],sum reported candidates for primary score; all candidates for unreported descriptive abundance,False,True,False,True,False,True,False,True,False,True,False,True,False,LOCAL_CAL_RECALIBRATION
MODERATE__CAL_R4_K175,CAL_R4_K175,MODERATE,PE 16:0_24:4,0.017676361789900147,1.5809599051319539e-06,COMPUTED,True,True,True,True,0.20377617848089738,0.9122851422164004,0.9087919461652159,PE,0.21347338543168412,,108,singleton_control,,,,,,,,,213,,1.4538436095675817,175,R4,CAL,[122],sum reported candidates for primary score; all candidates for unreported descriptive abundance,False,True,False,True,False,True,False,True,False,True,False,True,False,LOCAL_CAL_RECALIBRATION
MODERATE__CAL_R4_K175,CAL_R4_K175,MODERATE,PE 16:0_24:5,0.0015492167645313245,0.0,COMPUTED,True,False,False,False,0.21271686018449112,0.9348240213453116,0.9300862052110084,PE,0.1546244672974381,,,UNASSIGNED_FALSE_POSITIVE,,,,,,,,,,,,175,R4,CAL,[123],sum reported candidates for primary score; all candidates for unreported descriptive abundance,False,True,False,False,False,True,False,False,False,True,False,True,False,LOCAL_CAL_RECALIBRATION
MODERATE__CAL_R4_K175,CAL_R4_K175,MODERATE,PE 16:0_24:6,0.0,,NOT_COMPUTED,False,False,False,False,0.354462542162506,0.9120817497666402,0.8867746988906713,PE,0.1077393979106176,,,UNASSIGNED_FALSE_POSITIVE,,,,,,,,,,,,175,R4,CAL,[124],sum reported candidates for primary score; all candidates for unreported descriptive abundance,False,True,False,False,False,True,False,False,False,True,False,True,False,LOCAL_CAL_RECALIBRATION
MODERATE__CAL_R4_K175,CAL_R4_K175,MODERATE,PE 16:1_22:1,0.0008910561568359365,,NOT_COMPUTED,False,False,False,False,0.29634414058106057,0.6962164662208943,0.6758005235637231,PE,0.4407404219699385,,,UNASSIGNED_FALSE_POSITIVE,,,,,,,,,,,,175,R4,CAL,[126],sum reported candidates for primary score; all candidates for unreported descriptive abundance,False,True,False,False,False,True,False,False,False,True,False,True,False,LOCAL_CAL_RECALIBRATION
MODERATE__CAL_R4_K175,CAL_R4_K175,MODERATE,PE 16:1_22:2,0.0005527438789278275,,NOT_COMPUTED,False,True,True,True,0.1902046504564912,0.8370713096641478,0.8327039416825855,PE,0.3635138208863791,,120,singleton_control,,,,,,,,,298,,2.0,175,R4,CAL,[127],sum reported candidates for primary score; all candidates for unreported descriptive abundance,False,True,False,False,False,True,False,False,False,True,False,True,True,LOCAL_CAL_RECALIBRATION
MODERATE__CAL_R4_K175,CAL_R4_K175,MODERATE,PE 16:1_22:3,0.0,,NOT_COMPUTED,False,False,False,False,0.12325824954460242,0.9816952449555878,0.9452978564848522,PE,0.20295021528294271,,,UNASSIGNED_FALSE_POSITIVE,,,,,,,,,,,,175,R4,CAL,[128],sum reported candidates for primary score; all candidates for unreported descriptive abundance,False,True,False,False,False,True,False,False,False,True,False,True,False,LOCAL_CAL_RECALIBRATION
MODERATE__CAL_R4_K175,CAL_R4_K175,MODERATE,PE 16:1_22:4,0.005611604452659219,0.0,COMPUTED,True,False,False,False,0.11707440620301834,0.9872300880237134,0.9606032362588356,PE,0.16084900498979865,,,UNASSIGNED_FALSE_POSITIVE,,,,,,,,,,,,175,R4,CAL,[129],sum reported candidates for primary score; all candidates for unreported descriptive abundance,False,True,False,False,False,True,False,False,False,True,False,True,False,LOCAL_CAL_RECALIBRATION
MODERATE__CAL_R4_K175,CAL_R4_K175,MODERATE,PE 16:1_22:5,0.0035945696289629778,0.0,COMPUTED,True,False,False,False,0.16815322958457346,0.9821921171688058,0.9172143942259908,PE,0.23024074002923567,,,UNASSIGNED_FALSE_POSITIVE,,,,,,,,,,,,175,R4,CAL,[130],sum reported candidates for primary score; all candidates for unreported descriptive abundance,False,True,False,False,False,True,False,False,False,True,False,True,False,LOCAL_CAL_RECALIBRATION
MODERATE__CAL_R4_K175,CAL_R4_K175,MODERATE,PE 16:1_22:6,0.0005153721885493863,,NOT_COMPUTED,False,False,False,False,0.2519478993591113,0.9780045750710121,0.9234151866260575,PE,0.13185464506752925,,,UNASSIGNED_FALSE_POSITIVE,,,,,,,,,,,,175,R4,CAL,[131],sum reported candidates for primary score; all candidates for unreported descriptive abundance,False,True,False,False,False,True,False,False,False,True,False,True,False,LOCAL_CAL_RECALIBRATION
MODERATE__CAL_R4_K175,CAL_R4_K175,MODERATE,PE 17:0_20:0,0.005497344385336546,2.2971242085802884e-07,COMPUTED,True,False,False,False,0.2698075638945543,0.9206618024583055,0.8460604591945621,PE,0.26327938903853587,,,UNASSIGNED_FALSE_POSITIVE,,,,,,,,,,,,175,R4,CAL,[186],sum reported candidates for primary score; all candidates for unreported descriptive abundance,False,True,False,False,False,True,False,False,False,True,False,True,False,LOCAL_CAL_RECALIBRATION
MODERATE__CAL_R4_K175,CAL_R4_K175,MODERATE,PE 17:0_20:1,0.004893829070916729,0.0,COMPUTED,True,True,True,True,0.21935078912512027,0.9551170493571611,0.9037729092166604,PE,0.20866151042485073,,142,singleton_control,,,,,,,,,152,,0.7303443264893795,175,R4,CAL,[187],sum reported candidates for primary score; all candidates for unreported descriptive abundance,False,True,False,True,False,True,False,True,False,True,False,True,False,LOCAL_CAL_RECALIBRATION
MODERATE__CAL_R4_K175,CAL_R4_K175,MODERATE,PE 17:0_20:2,0.0009853250218489196,,NOT_COMPUTED,False,True,True,True,0.1630015495704311,0.9691815015571644,0.9500581444976401,PE,0.1490713939439036,B2_U88_U158,158,spectral_easy_spatial_high,0.28778981937602627,0.265392446633826,0.265392446633826,0.28778981937602627,0.0,0.0,0.0,0.0,221,0.9940584561789377,0.5,175,R4,CAL,[188],sum reported candidates for primary score; all candidates for unreported descriptive abundance,False,True,False,False,False,True,False,False,False,True,False,True,True,LOCAL_CAL_RECALIBRATION
MODERATE__CAL_R4_K175,CAL_R4_K175,MODERATE,PE 17:0_20:3,0.004267181208031584,2.4333003476607345e-07,COMPUTED,True,True,True,True,0.15187039632663366,0.9898819477902964,0.9455757956032335,PE,0.17353153170900668,B2_U58_U139,139,spectral_easy_spatial_low,0.2837898193760263,0.2425353037766831,0.2425353037766831,0.2837898193760263,0.0,0.0,0.0,0.0,180,-0.3175879792606112,0.8939526432607221,175,R4,CAL,[189],sum reported candidates for primary score; all candidates for unreported descriptive abundance,False,True,False,True,False,True,False,True,False,True,False,True,False,LOCAL_CAL_RECALIBRATION
MODERATE__CAL_R4_K175,CAL_R4_K175,MODERATE,PE 17:0_20:4,0.012920013041916294,8.553427497183898e-08,COMPUTED,True,True,True,True,0.1628046691202565,0.9887826418894832,0.9240092007107269,PE,0.21956556638706384,B3_U149_U167,167,spectral_hard_spatial_high,0.931169129720854,0.8823284072249589,0.8823284072249589,0.931169129720854,0.9152079059871879,0.35714285714285715,0.8796100794621347,0.0024602488365893832,221,0.9942559856386265,0.5,175,R4,CAL,[190],sum reported candidates for primary score; all candidates for unreported descriptive abundance,False,True,False,True,False,True,False,True,False,True,False,True,False,LOCAL_CAL_RECALIBRATION
MODERATE__CAL_R4_K175,CAL_R4_K175,MODERATE,PE 17:0_20:5,0.010395289715571292,4.478313635394287e-06,COMPUTED,True,True,True,True,0.34361334142228894,0.9811934844127886,0.7108936864274412,PE,0.35968614428604206,,127,singleton_control,,,,,,,,,222,,2.0,175,R4,CAL,[191],sum reported candidates for primary score; all candidates for unreported descriptive abundance,False,True,False,True,False,True,False,True,False,True,False,True,False,LOCAL_CAL_RECALIBRATION
MODERATE__CAL_R4_K175,CAL_R4_K175,MODERATE,PE 17:0_22:1,0.0060910741471728895,0.0,COMPUTED,True,False,False,False,0.1543111669513844,0.9331724257584938,0.9295121962579814,PE,0.2144802063312126,,,UNASSIGNED_FALSE_POSITIVE,,,,,,,,,,,,175,R4,CAL,[192],sum reported candidates for primary score; all candidates for unreported descriptive abundance,False,True,False,False,False,True,False,False,False,True,False,True,False,LOCAL_CAL_RECALIBRATION
MODERATE__CAL_R4_K175,CAL_R4_K175,MODERATE,PE 17:0_22:2,0.01297555135865929,1.932594415481361e-06,COMPUTED,True,False,False,False,0.13503108538528152,0.9386569008618137,0.9358581192272978,PE,0.21734595795940753,,,UNASSIGNED_FALSE_POSITIVE,,,,,,,,,,,,175,R4,CAL,[193],sum reported candidates for primary score; all candidates for unreported descriptive abundance,False,True,False,False,False,True,False,False,False,True,False,True,False,LOCAL_CAL_RECALIBRATION
MODERATE__CAL_R4_K175,CAL_R4_K175,MODERATE,PE 17:0_22:3,0.005835229748235591,1.0398037908863778e-09,COMPUTED,True,False,False,False,0.12944258217526786,0.9493851963105262,0.9459213048199246,PE,0.1949536032026912,,,UNASSIGNED_FALSE_POSITIVE,,,,,,,,,,,,175,R4,CAL,[194],sum reported candidates for primary score; all candidates for unreported descriptive abundance,False,True,False,False,False,True,False,False,False,True,False,True,False,LOCAL_CAL_RECALIBRATION
MODERATE__CAL_R4_K175,CAL_R4_K175,MODERATE,PE 17:0_22:4,7.040466229049116e-07,,NOT_COMPUTED,False,False,False,False,0.16492324087593133,0.9518068384474951,0.9426607466712886,PE,0.1688292372948361,,,UNASSIGNED_FALSE_POSITIVE,,,,,,,,,,,,175,R4,CAL,[195],sum reported candidates for primary score; all candidates for unreported descriptive abundance,False,True,False,False,False,True,False,False,False,True,False,True,False,LOCAL_CAL_RECALIBRATION
MODERATE__CAL_R4_K175,CAL_R4_K175,MODERATE,PE 17:0_22:5,0.0002316421842159097,,NOT_COMPUTED,False,False,False,False,0.20553202250395822,0.9211023236447361,0.903597002570837,PE,0.22285151703158326,,,UNASSIGNED_FALSE_POSITIVE,,,,,,,,,,,,175,R4,CAL,[196],sum reported candidates for primary score; all candidates for unreported descriptive abundance,False,True,False,False,False,True,False,False,False,True,False,True,False,LOCAL_CAL_RECALIBRATION
MODERATE__CAL_R4_K175,CAL_R4_K175,MODERATE,PE 17:0_22:6,0.007363912922992306,1.0846275037171151e-18,COMPUTED,True,False,False,False,0.31244709118745745,0.8271838267520604,0.7871361511830383,PE,0.30433218821543645,,,UNASSIGNED_FALSE_POSITIVE,,,,,,,,,,,,175,R4,CAL,[197],sum reported candidates for primary score; all candidates for unreported descriptive abundance,False,True,False,False,False,True,False,False,False,True,False,True,False,LOCAL_CAL_RECALIBRATION
MODERATE__CAL_R4_K175,CAL_R4_K175,MODERATE,PE 17:1_20:1,0.001744408741520633,5.470631552117027e-08,COMPUTED,True,False,False,False,0.2809048613188857,0.9726361074886047,0.7937994919963063,PE,0.3272746898881621,,,UNASSIGNED_FALSE_POSITIVE,,,,,,,,,,,,175,R4,CAL,[199],sum reported candidates for primary score; all candidates for unreported descriptive abundance,False,True,False,False,False,True,False,False,False,True,False,True,False,LOCAL_CAL_RECALIBRATION
MODERATE__CAL_R4_K175,CAL_R4_K175,MODERATE,PE 17:1_20:2,0.01211374788593869,2.240655506398395e-07,COMPUTED,True,True,True,True,0.18976008058885643,0.9965803996234099,0.9135491254421633,PE,0.2169683243742819,,145,singleton_control,,,,,,,,,329,,2.0,175,R4,CAL,[200],sum reported candidates for primary score; all candidates for unreported descriptive abundance,False,True,False,True,False,True,False,True,False,True,False,True,False,LOCAL_CAL_RECALIBRATION
MODERATE__CAL_R4_K175,CAL_R4_K175,MODERATE,PE 17:1_20:3,8.482887331724607e-05,,NOT_COMPUTED,False,False,False,False,0.17058675100295786,0.9942019114139844,0.91474606264425,PE,0.23344250644858108,,,UNASSIGNED_FALSE_POSITIVE,,,,,,,,,,,,175,R4,CAL,[201],sum reported candidates for primary score; all candidates for unreported descriptive abundance,False,True,False,False,False,True,False,False,False,True,False,True,False,LOCAL_CAL_RECALIBRATION
MODERATE__CAL_R4_K175,CAL_R4_K175,MODERATE,PE 17:1_20:4,0.014879941966602162,2.519010650731557e-07,COMPUTED,True,True,True,True,0.17664660802052665,0.9853779862370524,0.9110162578782207,PE,0.23572382967059016,B1_U55_U166,166,spectral_hard_spatial_high,0.6350459770114942,0.4994794745484401,0.4994794745484401,0.6350459770114942,8.269231022895112e-05,0.14705882352941177,7.388365332041578e-06,0.0,244,0.9945075400330006,0.5,175,R4,CAL,[202],sum reported candidates for primary score; all candidates for unreported descriptive abundance,False,True,False,True,False,True,False,True,False,True,False,True,False,LOCAL_CAL_RECALIBRATION
MODERATE__CAL_R4_K175,CAL_R4_K175,MODERATE,PE 17:1_22:1,0.01337781238740282,1.1843167963822342e-06,COMPUTED,True,True,True,True,0.25190782559573593,0.7015424004109266,0.6921065620053083,PE,0.46988751023651537,B4_U73_U152,73,spectral_easy_spatial_high,0.24607553366174056,0.23967816091954022,0.23967816091954022,0.24607553366174056,0.0,0.0,0.0,0.0,101,0.9935419835759092,2.0,175,R4,CAL,[203],sum reported candidates for primary score; all candidates for unreported descriptive abundance,False,True,False,True,False,True,False,True,False,True,False,True,False,LOCAL_CAL_RECALIBRATION
MODERATE__CAL_R4_K175,CAL_R4_K175,MODERATE,PE 17:1_22:3,0.012905792552743937,2.1972035096104703e-07,COMPUTED,True,True,True,True,0.10570325194754038,0.9599558000648393,0.9599528994369606,PE,0.17445818519642592,B6_U131_U143,143,spectral_hard_spatial_high,0.7625665024630542,0.8978866995073893,0.7625665024630542,0.8978866995073893,0.029825952369767195,0.09411764705882353,0.02982334257553857,0.0,197,0.9971813270021193,2.0,175,R4,CAL,[204],sum reported candidates for primary score; all candidates for unreported descriptive abundance,False,True,False,True,False,True,False,True,False,True,False,True,False,LOCAL_CAL_RECALIBRATION
MODERATE__CAL_R4_K175,CAL_R4_K175,MODERATE,PE 17:1_22:4,0.005617056726493724,0.0,COMPUTED,True,True,True,True,0.11399010042613276,0.9648613999266584,0.9648442794130716,PE,0.14883211416744102,B7_U134_U159,134,spectral_hard_spatial_low,0.667512315270936,0.6009211822660099,0.6009211822660099,0.667512315270936,0.0009925553667304824,0.1171875,0.0009787894940145214,0.0,285,-0.30119027655190733,0.8939526432607221,175,R4,CAL,[205],sum reported candidates for primary score; all candidates for unreported descriptive abundance,False,True,False,True,False,True,False,True,False,True,False,True,False,LOCAL_CAL_RECALIBRATION
MODERATE__CAL_R4_K175,CAL_R4_K175,MODERATE,PE 17:1_22:5,0.004954598991364147,0.0,COMPUTED,True,False,False,False,0.1734421065443991,0.9209267513286628,0.914161168407914,PE,0.23190880091119995,,,UNASSIGNED_FALSE_POSITIVE,,,,,,,,,,,,175,R4,CAL,[206],sum reported candidates for primary score; all candidates for unreported descriptive abundance,False,True,False,False,False,True,False,False,False,True,False,True,False,LOCAL_CAL_RECALIBRATION
MODERATE__CAL_R4_K175,CAL_R4_K175,MODERATE,PE 17:1_22:6,0.0016797821805491337,0.0,COMPUTED,True,False,False,False,0.2805102678681988,0.8065738667783828,0.7806595188417996,PE,0.34444630313629093,,,UNASSIGNED_FALSE_POSITIVE,,,,,,,,,,,,175,R4,CAL,[207],sum reported candidates for primary score; all candidates for unreported descriptive abundance,False,True,False,False,False,True,False,False,False,True,False,True,False,LOCAL_CAL_RECALIBRATION
MODERATE__CAL_R4_K175,CAL_R4_K175,MODERATE,PE 18:0_20:0,0.013128605123343181,8.883843820015375e-05,COMPUTED,True,True,True,True,0.40021591861516753,0.8568501347183278,0.7562161979702491,PE,0.2541059149861736,B2_U7_U22,22,spectral_easy_spatial_high,0.16836124794745483,0.15682101806239737,0.15682101806239737,0.16836124794745483,0.0,0.0,0.0,0.0,121,0.9843237153864585,2.0,175,R4,CAL,[132],sum reported candidates for primary score; all candidates for unreported descriptive abundance,True,True,True,False,False,True,False,True,False,True,False,True,False,LOCAL_CAL_RECALIBRATION
MODERATE__CAL_R4_K175,CAL_R4_K175,MODERATE,PE 18:0_20:1,0.002849299223158598,9.633870077611479e-08,COMPUTED,True,False,False,False,0.25393425517668783,0.9625905679777863,0.9005810898095516,PE,0.1807537946676117,,,UNASSIGNED_FALSE_POSITIVE,,,,,,,,,,,,175,R4,CAL,[133],sum reported candidates for primary score; all candidates for unreported descriptive abundance,False,True,False,False,False,True,False,False,False,True,False,True,False,LOCAL_CAL_RECALIBRATION
MODERATE__CAL_R4_K175,CAL_R4_K175,MODERATE,PE 18:0_20:2,0.006318738374293609,8.165905721793512e-08,COMPUTED,True,True,True,True,0.20640637141641593,0.9682389481430238,0.9448656056104635,PE,0.12105200354805495,,121,singleton_control,,,,,,,,,234,,2.0,175,R4,CAL,[134],sum reported candidates for primary score; all candidates for unreported descriptive abundance,False,True,False,True,False,True,False,True,False,True,False,True,False,LOCAL_CAL_RECALIBRATION
MODERATE__CAL_R4_K175,CAL_R4_K175,MODERATE,PE 18:0_20:3,0.005215579427537832,0.0,COMPUTED,True,False,False,False,0.19168425851262216,0.9604368385083139,0.9433762539768673,PE,0.1400403915099126,,,UNASSIGNED_FALSE_POSITIVE,,,,,,,,,,,,175,R4,CAL,[135],sum reported candidates for primary score; all candidates for unreported descriptive abundance,False,True,False,False,False,True,False,False,False,True,False,True,False,LOCAL_CAL_RECALIBRATION
MODERATE__CAL_R4_K175,CAL_R4_K175,MODERATE,PE 18:0_20:4,0.011959139218977361,1.687314214291712e-06,COMPUTED,True,True,True,True,0.22953824843435902,0.9681638035480906,0.9143115872726723,PE,0.17547325927736837,,85,singleton_control,,,,,,,,,323,,2.0,175,R4,CAL,[136],sum reported candidates for primary score; all candidates for unreported descriptive abundance,False,True,False,True,False,True,False,True,False,True,False,True,False,LOCAL_CAL_RECALIBRATION
MODERATE__CAL_R4_K175,CAL_R4_K175,MODERATE,PE 18:0_20:5,0.005864718764560913,6.481984834812455e-07,COMPUTED,True,False,False,False,0.4239120961696826,0.9850297730134422,0.6681402735052041,PE,0.320123235599173,,,UNASSIGNED_FALSE_POSITIVE,,,,,,,,,,,,175,R4,CAL,[137],sum reported candidates for primary score; all candidates for unreported descriptive abundance,False,True,False,False,False,True,False,False,False,True,False,True,False,LOCAL_CAL_RECALIBRATION
MODERATE__CAL_R4_K175,CAL_R4_K175,MODERATE,PE 18:0_22:3,0.014284648642683414,1.0335620802545302e-08,COMPUTED,True,True,True,True,0.13894652703571336,0.9701015028997059,0.9625813127302882,PE,0.13204649203015678,,169,singleton_control,,,,,,,,,308,,1.2101381550740857,175,R4,CAL,[138],sum reported candidates for primary score; all candidates for unreported descriptive abundance,False,True,False,True,False,True,False,True,False,True,False,True,False,LOCAL_CAL_RECALIBRATION
MODERATE__CAL_R4_K175,CAL_R4_K175,MODERATE,PE 18:0_22:4,0.010986433886524385,6.799926909547934e-08,COMPUTED,True,True,True,True,0.18017532391550736,0.9584828806991764,0.9476228644253383,PE,0.1392161393679012,B4_U126_U171,126,spectral_hard_spatial_low,0.7525139573070609,0.8976781609195403,0.7525139573070609,0.8976781609195403,0.02992790631716465,0.10227272727272728,0.029587357908151594,0.0,93,-0.20213508455946322,0.6170676298438253,175,R4,CAL,[139],sum reported candidates for primary score; all candidates for unreported descriptive abundance,False,True,False,True,False,True,False,True,False,True,False,True,False,LOCAL_CAL_RECALIBRATION
MODERATE__CAL_R4_K175,CAL_R4_K175,MODERATE,PE 18:0_22:5,0.005849084683686801,4.885838182689516e-08,COMPUTED,True,True,True,True,0.21456025597759804,0.9193711031721301,0.901852911837853,PE,0.21748294256808653,B3_U13_U90,90,spectral_hard_spatial_high,0.7239244663382594,0.6166551724137932,0.6166551724137932,0.7239244663382594,0.17572525850461496,0.11711711711711711,0.1511902006158474,0.0,107,0.997779437534984,2.0,175,R4,CAL,[140],sum reported candidates for primary score; all candidates for unreported descriptive abundance,False,True,False,True,False,True,False,True,False,True,False,True,False,LOCAL_CAL_RECALIBRATION
MODERATE__CAL_R4_K175,CAL_R4_K175,MODERATE,PE 18:0_22:6,0.011462522033016247,1.1701924407147643e-07,COMPUTED,True,True,True,True,0.3578455473352584,0.8518939235283789,0.8004891666672417,PE,0.2415016759405193,,50,singleton_control,,,,,,,,,216,,2.0,175,R4,CAL,[141],sum reported candidates for primary score; all candidates for unreported descriptive abundance,False,True,False,True,False,True,False,True,False,True,False,True,False,LOCAL_CAL_RECALIBRATION
MODERATE__CAL_R4_K175,CAL_R4_K175,MODERATE,PE 18:1_20:1,0.002750995657872583,2.951201055788473e-07,COMPUTED,True,True,True,True,0.3563849153816259,0.8094724455380994,0.7393804801889361,PE,0.31690291720973934,B6_U67_U77,67,spectral_easy_spatial_low,0.21236124794745484,0.20196387520525452,0.20196387520525452,0.21236124794745484,0.0,0.0,0.0,0.0,302,-0.2918860461740382,0.5340342571614348,175,R4,CAL,[143],sum reported candidates for primary score; all candidates for unreported descriptive abundance,False,True,False,True,False,True,False,True,False,True,False,True,False,LOCAL_CAL_RECALIBRATION
MODERATE__CAL_R4_K175,CAL_R4_K175,MODERATE,PE 18:1_20:2,0.0023600851970164744,1.8077125061951917e-18,COMPUTED,True,False,False,False,0.23433578314102768,0.9251187567839819,0.8989316145711029,PE,0.20375319449318544,,,UNASSIGNED_FALSE_POSITIVE,,,,,,,,,,,,175,R4,CAL,[144],sum reported candidates for primary score; all candidates for unreported descriptive abundance,False,True,False,False,False,True,False,False,False,True,False,True,False,LOCAL_CAL_RECALIBRATION
MODERATE__CAL_R4_K175,CAL_R4_K175,MODERATE,PE 18:1_20:3,0.004269539741093077,1.4461700049561535e-18,COMPUTED,True,True,True,True,0.17948687007626737,0.9658056478918986,0.9200954043558142,PE,0.2122074583015007,B4_U104_U161,104,spectral_hard_spatial_high,0.7374532019704434,0.7812118226600986,0.7374532019704434,0.7812118226600986,0.02432721425754833,0.11363636363636363,0.023836859555820926,0.0,320,0.9973119147061288,1.0000000000000002,175,R4,CAL,[145],sum reported candidates for primary score; all candidates for unreported descriptive abundance,False,True,False,True,False,True,False,True,False,True,False,True,False,LOCAL_CAL_RECALIBRATION
MODERATE__CAL_R4_K175,CAL_R4_K175,MODERATE,PE 18:1_20:4,0.006870502367280077,4.2810933670774517e-07,COMPUTED,True,True,True,True,0.23301651126656459,0.9304715731040568,0.9055947706552474,PE,0.1911274635366499,B7_U17_U99,99,spectral_easy_spatial_low,0.2009326765188834,0.19224958949096882,0.19224958949096882,0.2009326765188834,0.0,0.0,0.0,0.0,81,-0.17818490870184517,2.0,175,R4,CAL,[146],sum reported candidates for primary score; all candidates for unreported descriptive abundance,False,True,False,True,False,True,False,True,False,True,False,True,False,LOCAL_CAL_RECALIBRATION
MODERATE__CAL_R4_K175,CAL_R4_K175,MODERATE,PE 18:1_20:5,0.0019584995413056924,1.545793265789888e-06,COMPUTED,True,False,False,False,0.3998586987063159,0.9724669479844656,0.7719148349631345,PE,0.2358672544872255,,,UNASSIGNED_FALSE_POSITIVE,,,,,,,,,,,,175,R4,CAL,[147],sum reported candidates for primary score; all candidates for unreported descriptive abundance,False,True,False,False,False,True,False,False,False,True,False,True,False,LOCAL_CAL_RECALIBRATION
MODERATE__CAL_R4_K175,CAL_R4_K175,MODERATE,PE 18:1_22:2,0.012838487745785257,4.0862556436906795e-07,COMPUTED,True,False,False,False,0.12985107942569446,0.9248799886279087,0.9149312581224509,PE,0.2737586242615052,,,UNASSIGNED_FALSE_POSITIVE,,,,,,,,,,,,175,R4,CAL,[148],sum reported candidates for primary score; all candidates for unreported descriptive abundance,False,True,False,False,False,True,False,False,False,True,False,True,False,LOCAL_CAL_RECALIBRATION
MODERATE__CAL_R4_K175,CAL_R4_K175,MODERATE,PE 18:1_22:3,0.005885239479715788,0.0,COMPUTED,True,False,False,False,0.10400557506001402,0.9605256779361461,0.9604944850033889,PE,0.1742934444820513,,,UNASSIGNED_FALSE_POSITIVE,,,,,,,,,,,,175,R4,CAL,[149],sum reported candidates for primary score; all candidates for unreported descriptive abundance,False,True,False,False,False,True,False,False,False,True,False,True,False,LOCAL_CAL_RECALIBRATION
MODERATE__CAL_R4_K175,CAL_R4_K175,MODERATE,PE 18:1_22:4,0.003573370082110113,0.0,COMPUTED,True,False,False,False,0.11052846478170081,0.969840644646915,0.9692319381472975,PE,0.13562077871750905,,,UNASSIGNED_FALSE_POSITIVE,,,,,,,,,,,,175,R4,CAL,[150],sum reported candidates for primary score; all candidates for unreported descriptive abundance,False,True,False,False,False,True,False,False,False,True,False,True,False,LOCAL_CAL_RECALIBRATION
MODERATE__CAL_R4_K175,CAL_R4_K175,MODERATE,PE 18:1_22:5,0.0,,NOT_COMPUTED,False,False,False,False,0.19163429981325247,0.9256344671279978,0.9143053215661409,PE,0.2133913524062529,,,UNASSIGNED_FALSE_POSITIVE,,,,,,,,,,,,175,R4,CAL,[151],sum reported candidates for primary score; all candidates for unreported descriptive abundance,False,True,False,False,False,True,False,False,False,True,False,True,False,LOCAL_CAL_RECALIBRATION
MODERATE__CAL_R4_K175,CAL_R4_K175,MODERATE,PE 18:1_22:6,0.0023776061513312158,0.0,COMPUTED,True,False,False,False,0.3159564682544253,0.8033916799379116,0.7760340770949737,PE,0.3147345109004634,,,UNASSIGNED_FALSE_POSITIVE,,,,,,,,,,,,175,R4,CAL,[152],sum reported candidates for primary score; all candidates for unreported descriptive abundance,False,True,False,False,False,True,False,False,False,True,False,True,False,LOCAL_CAL_RECALIBRATION
MODERATE__CAL_R4_K175,CAL_R4_K175,MODERATE,PE 18:2_20:2,0.005447465591044871,0.0,COMPUTED,True,False,False,False,0.18632332063996887,0.930785287256962,0.7430427070574672,PE,0.4829206823131476,,,UNASSIGNED_FALSE_POSITIVE,,,,,,,,,,,,175,R4,CAL,[155],sum reported candidates for primary score; all candidates for unreported descriptive abundance,False,True,False,False,False,True,False,False,False,True,False,True,False,LOCAL_CAL_RECALIBRATION
MODERATE__CAL_R4_K175,CAL_R4_K175,MODERATE,PE 18:2_20:3,0.000830312092942338,,NOT_COMPUTED,False,True,True,True,0.14518288049439587,0.9537646675247846,0.7427822111270515,PE,0.5243502305861603,,174,singleton_control,,,,,,,,,267,,0.5340342571614348,175,R4,CAL,[156],sum reported candidates for primary score; all candidates for unreported descriptive abundance,False,True,False,False,False,True,False,False,False,True,False,True,True,LOCAL_CAL_RECALIBRATION
MODERATE__CAL_R4_K175,CAL_R4_K175,MODERATE,PE 18:2_20:4,0.013909088326730948,3.615425012390384e-19,COMPUTED,True,True,True,True,0.14619914077909651,0.9616518591994055,0.9130395109281053,PE,0.2616719803905277,B6_U98_U173,173,spectral_hard_spatial_low,0.8597422003284073,0.8148932676518884,0.8148932676518884,0.8597422003284073,0.9616518591994055,0.24060150375939848,0.8407820069293783,0.0,331,-0.12436498033171635,0.689110922829001,175,R4,CAL,[157],sum reported candidates for primary score; all candidates for unreported descriptive abundance,False,True,False,True,False,True,False,True,False,True,False,True,False,LOCAL_CAL_RECALIBRATION
MODERATE__CAL_R4_K175,CAL_R4_K175,MODERATE,PE 18:2_20:5,0.0,,NOT_COMPUTED,False,False,False,False,0.3650213504933583,0.9631467226016989,0.8063714203716793,PE,0.2263880951597868,,,UNASSIGNED_FALSE_POSITIVE,,,,,,,,,,,,175,R4,CAL,[158],sum reported candidates for primary score; all candidates for unreported descriptive abundance,False,True,False,False,False,True,False,False,False,True,False,True,False,LOCAL_CAL_RECALIBRATION
MODERATE__CAL_R4_K175,CAL_R4_K175,MODERATE,PE 18:2_22:2,0.004242819221283698,0.0,COMPUTED,True,False,False,False,0.1271355008514916,0.9008257061441529,0.9005744438179483,PE,0.3075663178035413,,,UNASSIGNED_FALSE_POSITIVE,,,,,,,,,,,,175,R4,CAL,[160],sum reported candidates for primary score; all candidates for unreported descriptive abundance,False,True,False,False,False,True,False,False,False,True,False,True,False,LOCAL_CAL_RECALIBRATION
MODERATE__CAL_R4_K175,CAL_R4_K175,MODERATE,PE 18:2_22:3,0.01577014296528764,1.257018726068147e-06,COMPUTED,True,True,True,True,0.12289383117903037,0.8792970872952994,0.8792923996515524,PE,0.35338851776434027,,112,singleton_control,,,,,,,,,321,,2.0,175,R4,CAL,[161],sum reported candidates for primary score; all candidates for unreported descriptive abundance,False,True,False,True,False,True,False,True,False,True,False,True,False,LOCAL_CAL_RECALIBRATION
MODERATE__CAL_R4_K175,CAL_R4_K175,MODERATE,PE 18:2_22:4,0.013115927141218647,0.0,COMPUTED,True,True,True,True,0.09902267490516374,0.9706937176364202,0.9706434853670334,PE,0.14150013963544839,,153,singleton_control,,,,,,,,,244,,0.7802037075442214,175,R4,CAL,[162],sum reported candidates for primary score; all candidates for unreported descriptive abundance,False,True,False,True,False,True,False,True,False,True,False,True,False,LOCAL_CAL_RECALIBRATION
MODERATE__CAL_R4_K175,CAL_R4_K175,MODERATE,PE 18:2_22:5,0.00819443652214239,0.0,COMPUTED,True,True,True,True,0.16453696138061585,0.9332832381772025,0.9254990815922642,PE,0.21421289006737537,B5_U53_U107,107,spectral_hard_spatial_low,0.6654942528735632,0.6520853858784894,0.6520853858784894,0.6654942528735632,0.021714641680353045,0.06428571428571428,0.020550207359117337,0.0,375,-0.157549255041648,0.5,175,R4,CAL,[163],sum reported candidates for primary score; all candidates for unreported descriptive abundance,False,True,False,True,False,True,False,True,False,True,False,True,False,LOCAL_CAL_RECALIBRATION
MODERATE__CAL_R4_K175,CAL_R4_K175,MODERATE,PE 18:2_22:6,0.0069919064945408674,1.518158032822735e-05,COMPUTED,True,True,True,True,0.2708371237553922,0.7986746851823461,0.7790152182518231,PE,0.3561678919598447,,56,singleton_control,,,,,,,,,319,,1.2101381550740857,175,R4,CAL,[164],sum reported candidates for primary score; all candidates for unreported descriptive abundance,False,True,False,True,False,True,False,True,False,True,False,True,False,LOCAL_CAL_RECALIBRATION
MODERATE__CAL_R4_K175,CAL_R4_K175,MODERATE,PE 18:3_20:4,0.005859873388098667,0.0,COMPUTED,True,False,False,False,0.15717262060050777,0.9796724074104938,0.8883052400815383,PE,0.3020809046376558,,,UNASSIGNED_FALSE_POSITIVE,,,,,,,,,,,,175,R4,CAL,[167],sum reported candidates for primary score; all candidates for unreported descriptive abundance,False,True,False,False,False,True,False,False,False,True,False,True,False,LOCAL_CAL_RECALIBRATION
MODERATE__CAL_R4_K175,CAL_R4_K175,MODERATE,PE 18:3_22:4,0.015193642705887083,2.5305241546876513e-06,COMPUTED,True,True,True,True,0.15449729928871136,0.8993915019835691,0.8993382947548886,PE,0.2827562102310741,B6_U66_U154,154,spectral_hard_spatial_low,0.6740246305418719,0.8117881773399014,0.6740246305418719,0.8117881773399014,0.00962556558195164,0.12878787878787878,0.00945634146761632,0.0,382,-0.36486380501428717,1.8682084992203376,175,R4,CAL,[168],sum reported candidates for primary score; all candidates for unreported descriptive abundance,False,True,False,True,False,True,False,True,False,True,False,True,False,LOCAL_CAL_RECALIBRATION
MODERATE__CAL_R4_K175,CAL_R4_K175,MODERATE,PE 18:3_22:5,0.007068514008870119,4.06865512269984e-07,COMPUTED,True,False,False,False,0.18752526203346254,0.8954083946283774,0.8890345436297913,PE,0.2703148631554168,,,UNASSIGNED_FALSE_POSITIVE,,,,,,,,,,,,175,R4,CAL,[169],sum reported candidates for primary score; all candidates for unreported descriptive abundance,False,True,False,False,False,True,False,False,False,True,False,True,False,LOCAL_CAL_RECALIBRATION
MODERATE__CAL_R4_K175,CAL_R4_K175,MODERATE,PE 20:0_17:1,0.016629002681114526,5.870608206790396e-06,COMPUTED,True,True,True,True,0.3521808615762064,0.9829394646770109,0.8238355564584399,PE,0.21464801552411628,,128,singleton_control,,,,,,,,,154,,2.0,175,R4,CAL,[198],sum reported candidates for primary score; all candidates for unreported descriptive abundance,False,True,False,True,False,True,False,True,False,True,False,True,False,LOCAL_CAL_RECALIBRATION
MODERATE__CAL_R4_K175,CAL_R4_K175,MODERATE,PE 20:0_18:1,0.0030508555309445213,3.615425012390384e-19,COMPUTED,True,True,True,True,0.4201460661155732,0.9552207873236039,0.7397008730161401,PE,0.25278975434516,,97,singleton_control,,,,,,,,,239,,0.6170676298438253,175,R4,CAL,[142],sum reported candidates for primary score; all candidates for unreported descriptive abundance,False,True,False,True,False,True,False,True,False,True,False,True,False,LOCAL_CAL_RECALIBRATION
MODERATE__CAL_R4_K175,CAL_R4_K175,MODERATE,PE 20:0_18:2,0.00820726667855567,9.453759205159168e-09,COMPUTED,True,False,False,False,0.3689127363796803,0.9407978177228559,0.8058240226878673,PE,0.22324234842424456,,,UNASSIGNED_FALSE_POSITIVE,,,,,,,,,,,,175,R4,CAL,[153],sum reported candidates for primary score; all candidates for unreported descriptive abundance,False,True,False,False,False,True,False,False,False,True,False,True,False,LOCAL_CAL_RECALIBRATION
MODERATE__CAL_R4_K175,CAL_R4_K175,MODERATE,PE 20:0_18:3,0.00663115284860415,2.2227348085822623e-06,COMPUTED,True,True,True,True,0.43633437740238207,0.8248460600779068,0.7213783232948695,PE,0.2562068233072095,B7_U68_U165,68,spectral_easy_spatial_low,0.2517898193760263,0.2448210180623974,0.2448210180623974,0.2517898193760263,0.0,0.0,0.0,0.0,180,-0.18081525775494364,0.7802037075442214,175,R4,CAL,[165],sum reported candidates for primary score; all candidates for unreported descriptive abundance,False,True,False,True,False,True,False,True,False,True,False,True,False,LOCAL_CAL_RECALIBRATION
MODERATE__CAL_R4_K175,CAL_R4_K175,MODERATE,PE 20:0_20:3,0.007179099108069432,3.615425012390384e-19,COMPUTED,True,False,False,False,0.23032749244938702,0.9788474233762352,0.94467750434353,PE,0.09767313679891157,,,UNASSIGNED_FALSE_POSITIVE,,,,,,,,,,,,175,R4,CAL,[170],sum reported candidates for primary score; all candidates for unreported descriptive abundance,False,True,False,False,False,True,False,False,False,True,False,True,False,LOCAL_CAL_RECALIBRATION
MODERATE__CAL_R4_K175,CAL_R4_K175,MODERATE,PE 20:0_20:4,0.01468780301801352,4.530282154817905e-06,COMPUTED,True,True,True,True,0.29604340865370693,0.9599646577371467,0.9207863176222774,PE,0.09402396665420898,B5_U87_U129,129,spectral_hard_spatial_low,0.8012939244663384,0.8002692939244664,0.8002692939244664,0.8012939244663384,0.8987186161090558,0.23846153846153847,0.43680095925433426,0.0,159,-0.12300654584056774,2.0,175,R4,CAL,[171],sum reported candidates for primary score; all candidates for unreported descriptive abundance,False,True,False,True,False,True,False,True,False,True,False,True,False,LOCAL_CAL_RECALIBRATION
MODERATE__CAL_R4_K175,CAL_R4_K175,MODERATE,PE 20:0_20:5,0.0011074731558463455,0.0,COMPUTED,True,False,False,False,0.42609430792144315,0.8451414828957593,0.6792961262597426,PE,0.30776996621138847,,,UNASSIGNED_FALSE_POSITIVE,,,,,,,,,,,,175,R4,CAL,[172],sum reported candidates for primary score; all candidates for unreported descriptive abundance,False,True,False,False,False,True,False,False,False,True,False,True,False,LOCAL_CAL_RECALIBRATION
MODERATE__CAL_R4_K175,CAL_R4_K175,MODERATE,PE 20:1_18:2,0.0019814861992396367,0.0,COMPUTED,True,False,False,False,0.3477875659110764,0.8910754995054128,0.7708509875865739,PE,0.2892279401300275,,,UNASSIGNED_FALSE_POSITIVE,,,,,,,,,,,,175,R4,CAL,[154],sum reported candidates for primary score; all candidates for unreported descriptive abundance,False,True,False,False,False,True,False,False,False,True,False,True,False,LOCAL_CAL_RECALIBRATION
MODERATE__CAL_R4_K175,CAL_R4_K175,MODERATE,PE 20:1_18:3,0.009275340624128915,1.4461700049561535e-18,COMPUTED,True,True,True,True,0.4489705865818388,0.9659907277452849,0.7775930923942953,PE,0.17979724231900202,B6_U39_U54,39,spectral_easy_spatial_low,0.1792183908045977,0.5071083743842364,0.1792183908045977,0.5071083743842364,0.0,0.0,0.0,0.0,81,-0.20823415907740178,0.7303443264893795,175,R4,CAL,[166],sum reported candidates for primary score; all candidates for unreported descriptive abundance,False,True,False,True,False,True,False,True,False,True,False,True,False,LOCAL_CAL_RECALIBRATION
MODERATE__CAL_R4_K175,CAL_R4_K175,MODERATE,PE 20:1_20:2,0.012846392422736178,8.655634674371946e-08,COMPUTED,True,True,True,True,0.20294033552387394,0.9253440230489325,0.8845567029435504,PE,0.2634923383719795,,151,singleton_control,,,,,,,,,182,,1.4538436095675817,175,R4,CAL,[173],sum reported candidates for primary score; all candidates for unreported descriptive abundance,False,True,False,True,False,True,False,True,False,True,False,True,False,LOCAL_CAL_RECALIBRATION
MODERATE__CAL_R4_K175,CAL_R4_K175,MODERATE,PE 20:1_20:3,0.0030893190316468797,0.0,COMPUTED,True,False,False,False,0.15409170574418976,0.9673598800301968,0.9574552798625677,PE,0.13448997604329319,,,UNASSIGNED_FALSE_POSITIVE,,,,,,,,,,,,175,R4,CAL,[174],sum reported candidates for primary score; all candidates for unreported descriptive abundance,False,True,False,False,False,True,False,False,False,True,False,True,False,LOCAL_CAL_RECALIBRATION
MODERATE__CAL_R4_K175,CAL_R4_K175,MODERATE,PE 20:1_20:4,0.0028248420956184916,4.786101191516129e-07,COMPUTED,True,False,False,False,0.22946614386916517,0.9422890778439277,0.9190388079823439,PE,0.1647009138898418,,,UNASSIGNED_FALSE_POSITIVE,,,,,,,,,,,,175,R4,CAL,[175],sum reported candidates for primary score; all candidates for unreported descriptive abundance,False,True,False,False,False,True,False,False,False,True,False,True,False,LOCAL_CAL_RECALIBRATION
MODERATE__CAL_R4_K175,CAL_R4_K175,MODERATE,PE 20:1_20:5,0.003941983841259836,5.841775317985863e-07,COMPUTED,True,False,False,False,0.3973599004661181,0.7993795604865694,0.6792961262597426,PE,0.33650437366671354,,,UNASSIGNED_FALSE_POSITIVE,,,,,,,,,,,,175,R4,CAL,[176],sum reported candidates for primary score; all candidates for unreported descriptive abundance,False,True,False,False,False,True,False,False,False,True,False,True,False,LOCAL_CAL_RECALIBRATION
MODERATE__CAL_R4_K175,CAL_R4_K175,MODERATE,PE 20:2_20:2,0.008600910922167342,0.0,COMPUTED,True,True,True,True,0.13796437864051098,0.9885666181646524,0.9803192870333286,PE,0.05945420070415522,,175,singleton_control,,,,,,,,,139,,0.5,175,R4,CAL,[177],sum reported candidates for primary score; all candidates for unreported descriptive abundance,False,True,False,True,False,True,False,True,False,True,False,True,False,LOCAL_CAL_RECALIBRATION
MODERATE__CAL_R4_K175,CAL_R4_K175,MODERATE,PE 20:2_20:3,0.0022846734412257028,0.0,COMPUTED,True,False,False,False,0.10342592469336877,0.8809502880689941,0.8757642268764254,PE,0.37931315485534245,,,UNASSIGNED_FALSE_POSITIVE,,,,,,,,,,,,175,R4,CAL,[178],sum reported candidates for primary score; all candidates for unreported descriptive abundance,False,True,False,False,False,True,False,False,False,True,False,True,False,LOCAL_CAL_RECALIBRATION
MODERATE__CAL_R4_K175,CAL_R4_K175,MODERATE,PE 20:2_20:4,0.007134523506886205,3.2337214618738194e-06,COMPUTED,True,True,True,True,0.18995619886808268,0.9559925050099088,0.9369316641113805,PE,0.15955640002569,B3_U102_U170,102,spectral_hard_spatial_low,0.7658210180623974,0.7055155993431855,0.7055155993431855,0.7658210180623974,0.03085693327679168,0.171875,0.006477920006387038,0.0,371,-0.15555662706452533,0.5,175,R4,CAL,[179],sum reported candidates for primary score; all candidates for unreported descriptive abundance,False,True,False,True,False,True,False,True,False,True,False,True,False,LOCAL_CAL_RECALIBRATION
MODERATE__CAL_R4_K175,CAL_R4_K175,MODERATE,PE 20:2_20:5,0.016781630761116,3.206245963025305e-05,COMPUTED,True,True,True,True,0.3893851070272266,0.798793448092428,0.6606806154113212,PE,0.36128201255356196,B3_U44_U157,44,spectral_easy_spatial_low,0.25750410509031196,0.2556781609195402,0.2556781609195402,0.25750410509031196,0.0,0.0,0.0,0.0,139,-0.27706956193834253,2.0,175,R4,CAL,[180],sum reported candidates for primary score; all candidates for unreported descriptive abundance,False,True,False,True,False,True,False,True,False,True,False,True,False,LOCAL_CAL_RECALIBRATION
MODERATE__CAL_R4_K175,CAL_R4_K175,MODERATE,PE 20:3_20:3,9.381152977723003e-05,,NOT_COMPUTED,False,False,False,False,0.11972298568219342,0.9884825101246301,0.9837096338633671,PE,0.06004173901205881,,,UNASSIGNED_FALSE_POSITIVE,,,,,,,,,,,,175,R4,CAL,[181],sum reported candidates for primary score; all candidates for unreported descriptive abundance,False,True,False,False,False,True,False,False,False,True,False,True,False,LOCAL_CAL_RECALIBRATION
MODERATE__CAL_R4_K175,CAL_R4_K175,MODERATE,PE 20:3_20:4,0.027333460383373243,6.689672430653093e-06,COMPUTED,True,True,True,True,0.12448475029069515,0.9204161266642652,0.9128348333325689,PE,0.2838442433586674,B7_U68_U165,165,spectral_easy_spatial_low,0.2517898193760263,0.2448210180623974,0.2448210180623974,0.2517898193760263,0.0,0.0,0.0,0.0,171,-0.18081525775494364,2.0,175,R4,CAL,[182],sum reported candidates for primary score; all candidates for unreported descriptive abundance,False,True,False,True,False,True,False,True,True,True,False,True,False,LOCAL_CAL_RECALIBRATION
MODERATE__CAL_R4_K175,CAL_R4_K175,MODERATE,PE 20:3_20:5,0.006213284430926299,3.615425012390384e-19,COMPUTED,True,True,True,True,0.33900755670745725,0.7617570615123257,0.6460284911629157,PE,0.42430573978734804,B2_U70_U101,70,spectral_easy_spatial_low,0.20378981937602628,0.20139244663382594,0.20139244663382594,0.20378981937602628,0.0,0.0,0.0,0.0,107,-0.23080940700779842,1.0000000000000002,175,R4,CAL,[183],sum reported candidates for primary score; all candidates for unreported descriptive abundance,False,True,False,True,False,True,False,True,False,True,False,True,False,LOCAL_CAL_RECALIBRATION
MODERATE__CAL_R4_K175,CAL_R4_K175,MODERATE,PE 20:4_20:4,0.008430183415407244,0.0,COMPUTED,True,True,True,True,0.12143494692201809,0.9845400250879618,0.9715405518090002,PE,0.11543834450329934,B7_U78_U122,122,spectral_hard_spatial_low,0.8752824302134646,0.9022348111658457,0.8752824302134646,0.9022348111658457,0.9772760589772699,0.3225806451612903,0.9190309912079919,0.0,277,-0.24302609300375277,0.5,175,R4,CAL,[184],sum reported candidates for primary score; all candidates for unreported descriptive abundance,False,True,False,True,False,True,False,True,False,True,False,True,False,LOCAL_CAL_RECALIBRATION
MODERATE__CAL_R4_K175,CAL_R4_K175,MODERATE,PE 20:4_20:5,0.001898625915144718,0.0,COMPUTED,True,False,False,False,0.26664550336010406,0.7114621309435802,0.6714372883852311,PE,0.4744158758561441,,,UNASSIGNED_FALSE_POSITIVE,,,,,,,,,,,,175,R4,CAL,[185],sum reported candidates for primary score; all candidates for unreported descriptive abundance,False,True,False,False,False,True,False,False,False,True,False,True,False,LOCAL_CAL_RECALIBRATION
MODERATE__CAL_R4_K175,CAL_R4_K175,MODERATE,PE 22:0_16:1,0.0013487391497723443,5.371136243407006e-08,COMPUTED,True,False,False,False,0.4791490094759039,0.8206488603123235,0.734706930781155,PE,0.1992356350010589,,,UNASSIGNED_FALSE_POSITIVE,,,,,,,,,,,,175,R4,CAL,[125],sum reported candidates for primary score; all candidates for unreported descriptive abundance,False,True,False,False,False,True,False,False,False,True,False,True,False,LOCAL_CAL_RECALIBRATION
MODERATE__CAL_R4_K175,CAL_R4_K175,MODERATE,PE 22:1_18:2,0.020527404750827767,1.7891745468596434e-05,COMPUTED,True,True,True,True,0.5331745268800695,0.8840894589858442,0.6735070252941758,PE,0.20600629462397246,,45,singleton_control,,,,,,,,,239,,2.0,175,R4,CAL,[159],sum reported candidates for primary score; all candidates for unreported descriptive abundance,False,True,False,True,False,True,False,True,False,True,False,True,False,LOCAL_CAL_RECALIBRATION
MODERATE__CAL_R4_K175,CAL_R4_K175,MODERATE,PE O-16:0_22:1,0.0041846907043007016,0.0,COMPUTED,True,False,False,False,0.25810380084870377,0.9626827699537985,0.9563306222117823,PE,0.034183285797328655,,,UNASSIGNED_FALSE_POSITIVE,,,,,,,,,,,,175,R4,CAL,[208],sum reported candidates for primary score; all candidates for unreported descriptive abundance,False,True,False,False,False,True,False,False,False,True,False,True,False,LOCAL_CAL_RECALIBRATION
MODERATE__CAL_R4_K175,CAL_R4_K175,MODERATE,PE O-16:0_22:2,0.008961631952109621,1.8077125061951917e-18,COMPUTED,True,True,True,True,0.22163710097107966,0.9697963545701745,0.9660075973064259,PE,0.03687657747991838,B4_U19_U138,138,spectral_easy_spatial_high,0.21293267651888342,0.18482101806239737,0.18482101806239737,0.21293267651888342,0.0,0.0,0.0,0.0,47,0.996471268558308,0.5,175,R4,CAL,[209],sum reported candidates for primary score; all candidates for unreported descriptive abundance,False,True,False,True,False,True,False,True,False,True,False,True,False,LOCAL_CAL_RECALIBRATION
MODERATE__CAL_R4_K175,CAL_R4_K175,MODERATE,PE O-16:0_22:3,0.007022870054156786,3.106907126807677e-07,COMPUTED,True,True,True,True,0.19242974363625995,0.9756545054698517,0.9718809394238797,PE,0.04304305645869205,B1_U3_U136,136,spectral_easy_spatial_high,0.20836124794745484,0.2082495894909688,0.2082495894909688,0.20836124794745484,0.0,0.0,0.0,0.0,266,0.9975895331554594,2.0,175,R4,CAL,[210],sum reported candidates for primary score; all candidates for unreported descriptive abundance,False,True,False,True,False,True,False,True,False,True,False,True,False,LOCAL_CAL_RECALIBRATION
MODERATE__CAL_R4_K175,CAL_R4_K175,MODERATE,PE O-16:0_22:4,0.001741184803009536,3.468381886583882e-07,COMPUTED,True,False,False,False,0.21233553953653375,0.9788297262879938,0.96428133306626,PE,0.0525446422437508,,,UNASSIGNED_FALSE_POSITIVE,,,,,,,,,,,,175,R4,CAL,[211],sum reported candidates for primary score; all candidates for unreported descriptive abundance,False,True,False,False,False,True,False,False,False,True,False,True,False,LOCAL_CAL_RECALIBRATION
MODERATE__CAL_R4_K175,CAL_R4_K175,MODERATE,PE O-16:0_22:5,0.0017222347450468781,6.155941976948754e-09,COMPUTED,True,False,False,False,0.2748935194643735,0.9595548171321114,0.9099757812121108,PE,0.1397678816901211,,,UNASSIGNED_FALSE_POSITIVE,,,,,,,,,,,,175,R4,CAL,[212],sum reported candidates for primary score; all candidates for unreported descriptive abundance,False,True,False,False,False,True,False,False,False,True,False,True,False,LOCAL_CAL_RECALIBRATION
MODERATE__CAL_R4_K175,CAL_R4_K175,MODERATE,PE O-16:0_22:6,0.0010500699837048795,0.0,COMPUTED,True,False,False,False,0.48470573742722234,0.900438885889574,0.7632124702069613,PE,0.1614418659271415,,,UNASSIGNED_FALSE_POSITIVE,,,,,,,,,,,,175,R4,CAL,[213],sum reported candidates for primary score; all candidates for unreported descriptive abundance,False,True,False,False,False,True,False,False,False,True,False,True,False,LOCAL_CAL_RECALIBRATION
MODERATE__CAL_R4_K175,CAL_R4_K175,MODERATE,PE O-16:1_22:0,0.005138215397535998,2.767506675530421e-06,COMPUTED,True,True,True,True,0.5895517686839958,0.9743633702676963,0.6718844687566582,PE,0.15110419776978434,B3_U27_U48,27,spectral_easy_spatial_high,0.1769326765188834,0.1802495894909688,0.1769326765188834,0.1802495894909688,0.0,0.0,0.0,0.0,229,0.9947522325178354,0.5340342571614348,175,R4,CAL,[214],sum reported candidates for primary score; all candidates for unreported descriptive abundance,False,True,False,True,False,True,False,True,False,True,False,True,False,LOCAL_CAL_RECALIBRATION
MODERATE__CAL_R4_K175,CAL_R4_K175,MODERATE,PE O-16:1_22:1,0.001211882882252322,1.4461700049561535e-18,COMPUTED,True,False,False,False,0.3096547237703799,0.9753848425333608,0.924433450475611,PE,0.07168868530044187,,,UNASSIGNED_FALSE_POSITIVE,,,,,,,,,,,,175,R4,CAL,[215],sum reported candidates for primary score; all candidates for unreported descriptive abundance,False,True,False,False,False,True,False,False,False,True,False,True,False,LOCAL_CAL_RECALIBRATION
MODERATE__CAL_R4_K175,CAL_R4_K175,MODERATE,PE O-16:1_22:2,0.018478464016672684,0.0,COMPUTED,True,True,True,True,0.19181527150552552,0.9804782409271666,0.972095163534486,PE,0.04277158454753846,,156,singleton_control,,,,,,,,,361,,1.4538436095675817,175,R4,CAL,[216],sum reported candidates for primary score; all candidates for unreported descriptive abundance,False,True,False,True,False,True,False,True,False,True,False,True,False,LOCAL_CAL_RECALIBRATION
MODERATE__CAL_R4_K175,CAL_R4_K175,MODERATE,PE O-16:1_22:3,0.007995968549360178,0.0,COMPUTED,True,False,False,False,0.15301712497872955,0.978974472761994,0.9789476971502981,PE,0.05109413449543146,,,UNASSIGNED_FALSE_POSITIVE,,,,,,,,,,,,175,R4,CAL,[217],sum reported candidates for primary score; all candidates for unreported descriptive abundance,False,True,False,False,False,True,False,False,False,True,False,True,False,LOCAL_CAL_RECALIBRATION
MODERATE__CAL_R4_K175,CAL_R4_K175,MODERATE,PE O-16:1_22:4,0.016376184598614466,1.8646126176846589e-06,COMPUTED,True,True,True,True,0.12973055438059183,0.9809547878114457,0.9808689663219521,PE,0.06493857749836135,B5_U140_U172,172,spectral_easy_spatial_high,0.45007881773399017,0.2859638752052545,0.2859638752052545,0.45007881773399017,2.858119256201316e-08,0.03333333333333333,1.8356064506542944e-08,0.0,266,0.9975560073754809,0.5,175,R4,CAL,[218],sum reported candidates for primary score; all candidates for unreported descriptive abundance,False,True,False,True,False,True,False,True,False,True,False,True,False,LOCAL_CAL_RECALIBRATION
MODERATE__CAL_R4_K175,CAL_R4_K175,MODERATE,PE O-16:1_22:5,0.015413625740236117,1.8080616406413046e-06,COMPUTED,True,True,True,True,0.21260509314897325,0.9595548171321114,0.944720452955995,PE,0.11527181327570851,B2_U88_U158,88,spectral_easy_spatial_high,0.28778981937602627,0.265392446633826,0.265392446633826,0.28778981937602627,0.0,0.0,0.0,0.0,221,0.9940584561789377,2.0,175,R4,CAL,[219],sum reported candidates for primary score; all candidates for unreported descriptive abundance,False,True,False,True,False,True,False,True,False,True,False,True,False,LOCAL_CAL_RECALIBRATION
MODERATE__CAL_R4_K175,CAL_R4_K175,MODERATE,PE O-16:1_24:0,0.0018596134861763867,1.0846275037171151e-18,COMPUTED,True,False,False,False,0.6719956962672089,0.7350890401757907,0.6635490105932277,PE,0.07613711984283755,,,UNASSIGNED_FALSE_POSITIVE,,,,,,,,,,,,175,R4,CAL,[220],sum reported candidates for primary score; all candidates for unreported descriptive abundance,False,True,False,False,False,True,False,False,False,True,False,True,False,LOCAL_CAL_RECALIBRATION
MODERATE__CAL_R4_K175,CAL_R4_K175,MODERATE,PE O-16:1_24:1,0.004172216449112615,2.403245644784683e-06,COMPUTED,True,True,True,True,0.7013195190822913,0.7742897189559598,0.6708976550037268,PE,0.04023043642340518,B1_U9_U37,9,spectral_easy_spatial_high,0.15578981937602626,0.15053530377668312,0.15053530377668312,0.15578981937602626,0.0,0.0,0.0,0.0,390,0.9962368569842857,0.5,175,R4,CAL,[221],sum reported candidates for primary score; all candidates for unreported descriptive abundance,False,True,False,True,False,True,False,True,False,True,False,True,False,LOCAL_CAL_RECALIBRATION
MODERATE__CAL_R4_K175,CAL_R4_K175,MODERATE,PE O-16:1_24:4,0.0136072605509745,1.8498609866738033e-06,COMPUTED,True,True,True,True,0.3570621957782415,0.9336814199983869,0.9087919461652159,PE,0.06018736813434,B6_U67_U77,77,spectral_easy_spatial_low,0.21236124794745484,0.20196387520525452,0.20196387520525452,0.21236124794745484,0.0,0.0,0.0,0.0,102,-0.2918860461740382,2.0,175,R4,CAL,[222],sum reported candidates for primary score; all candidates for unreported descriptive abundance,False,True,False,True,False,True,False,True,False,True,False,True,False,LOCAL_CAL_RECALIBRATION
MODERATE__CAL_R4_K175,CAL_R4_K175,MODERATE,PE O-16:1_24:5,4.7600465685142336e-05,,NOT_COMPUTED,False,False,False,False,0.34567378912555613,0.9348240213453116,0.9300862052110084,PE,0.021667538356373084,,,UNASSIGNED_FALSE_POSITIVE,,,,,,,,,,,,175,R4,CAL,[223],sum reported candidates for primary score; all candidates for unreported descriptive abundance,False,True,False,False,False,True,False,False,False,True,False,True,False,LOCAL_CAL_RECALIBRATION
MODERATE__CAL_R4_K175,CAL_R4_K175,MODERATE,PE O-16:1_24:6,1.0478167952599775e-05,,NOT_COMPUTED,False,False,False,False,0.41848831684391674,0.9120817497666402,0.8867746988906713,PE,0.043713623229206855,,,UNASSIGNED_FALSE_POSITIVE,,,,,,,,,,,,175,R4,CAL,[224],sum reported candidates for primary score; all candidates for unreported descriptive abundance,False,True,False,False,False,True,False,False,False,True,False,True,False,LOCAL_CAL_RECALIBRATION
MODERATE__CAL_R4_K175,CAL_R4_K175,MODERATE,PE O-18:0_20:1,0.0024870141154502024,1.0846275037171151e-18,COMPUTED,True,False,False,False,0.318148671588633,0.9846847840318518,0.9037729092166604,PE,0.10986362796133797,,,UNASSIGNED_FALSE_POSITIVE,,,,,,,,,,,,175,R4,CAL,[225],sum reported candidates for primary score; all candidates for unreported descriptive abundance,False,True,False,False,False,True,False,False,False,True,False,True,False,LOCAL_CAL_RECALIBRATION
MODERATE__CAL_R4_K175,CAL_R4_K175,MODERATE,PE O-18:0_20:2,0.0044349884022788985,0.0,COMPUTED,True,False,False,False,0.24588669439016053,0.9868742659860326,0.9501374572146646,PE,0.06594469017151477,,,UNASSIGNED_FALSE_POSITIVE,,,,,,,,,,,,175,R4,CAL,[226],sum reported candidates for primary score; all candidates for unreported descriptive abundance,False,True,False,False,False,True,False,False,False,True,False,True,False,LOCAL_CAL_RECALIBRATION
MODERATE__CAL_R4_K175,CAL_R4_K175,MODERATE,PE O-18:0_20:3,0.003456584420188909,3.913660600454829e-07,COMPUTED,True,True,True,True,0.26090867432576414,0.9859286893262592,0.9522858960339339,PE,0.04429875057547855,,155,singleton_control,,,,,,,,,258,,0.7303443264893795,175,R4,CAL,[227],sum reported candidates for primary score; all candidates for unreported descriptive abundance,False,True,False,True,False,True,False,True,False,True,False,True,False,LOCAL_CAL_RECALIBRATION
MODERATE__CAL_R4_K175,CAL_R4_K175,MODERATE,PE O-18:0_20:4,0.01398034599678883,1.3210448628183721e-06,COMPUTED,True,True,True,True,0.4891883874519232,0.9831942612973099,0.859074789633042,PE,0.022661693936118332,B7_U20_U40,40,spectral_easy_spatial_high,0.15807553366174054,0.15053530377668312,0.15053530377668312,0.15807553366174054,0.0,0.0,0.0,0.0,86,0.9950124526457922,1.8682084992203376,175,R4,CAL,[228],sum reported candidates for primary score; all candidates for unreported descriptive abundance,False,True,False,True,False,True,False,True,False,True,False,True,False,LOCAL_CAL_RECALIBRATION
MODERATE__CAL_R4_K175,CAL_R4_K175,MODERATE,PE O-18:0_20:5,0.0012814211526542077,1.0846275037171151e-18,COMPUTED,True,False,False,False,0.6919909071159304,0.9215313010613547,0.5604614119842438,PE,0.1361896321849082,,,UNASSIGNED_FALSE_POSITIVE,,,,,,,,,,,,175,R4,CAL,[229],sum reported candidates for primary score; all candidates for unreported descriptive abundance,False,True,False,False,False,True,False,False,False,True,False,True,False,LOCAL_CAL_RECALIBRATION
MODERATE__CAL_R4_K175,CAL_R4_K175,MODERATE,PE O-18:0_22:1,0.012944259535562257,1.625615509146152e-05,COMPUTED,True,True,True,True,0.20944781852532984,0.9825549173152562,0.9730776501152054,PE,0.021029700652289512,B5_U15_U96,96,spectral_easy_spatial_low,0.22036124794745482,0.2168210180623974,0.2168210180623974,0.22036124794745482,0.0,0.0,0.0,0.0,319,-0.1787859723521625,1.8682084992203376,175,R4,CAL,[230],sum reported candidates for primary score; all candidates for unreported descriptive abundance,False,True,False,True,False,True,False,True,False,True,False,True,False,LOCAL_CAL_RECALIBRATION
MODERATE__CAL_R4_K175,CAL_R4_K175,MODERATE,PE O-18:0_22:2,0.013773033005920646,0.0,COMPUTED,True,True,True,True,0.19149650312872654,0.9844718359888617,0.9674555954753647,PE,0.06154434492432473,B5_U6_U163,163,spectral_easy_spatial_high,0.21064696223316914,0.21167816091954023,0.21064696223316914,0.21167816091954023,0.0,0.0,0.0,0.0,352,0.9959112874209458,2.0,175,R4,CAL,[231],sum reported candidates for primary score; all candidates for unreported descriptive abundance,False,True,False,True,False,True,False,True,False,True,False,True,False,LOCAL_CAL_RECALIBRATION
MODERATE__CAL_R4_K175,CAL_R4_K175,MODERATE,PE O-18:0_22:3,0.0008910948255377795,,NOT_COMPUTED,False,False,False,False,0.17092763078541914,0.9848176901850096,0.9529791162203358,PE,0.13210834735563867,,,UNASSIGNED_FALSE_POSITIVE,,,,,,,,,,,,175,R4,CAL,[232],sum reported candidates for primary score; all candidates for unreported descriptive abundance,False,True,False,False,False,True,False,False,False,True,False,True,False,LOCAL_CAL_RECALIBRATION
MODERATE__CAL_R4_K175,CAL_R4_K175,MODERATE,PE O-18:0_22:4,0.0012091185745255382,0.0,COMPUTED,True,False,False,False,0.29140314574818993,0.9785214888337301,0.9315389784831688,PE,0.07223834193787476,,,UNASSIGNED_FALSE_POSITIVE,,,,,,,,,,,,175,R4,CAL,[233],sum reported candidates for primary score; all candidates for unreported descriptive abundance,False,True,False,False,False,True,False,False,False,True,False,True,False,LOCAL_CAL_RECALIBRATION
MODERATE__CAL_R4_K175,CAL_R4_K175,MODERATE,PE O-18:0_22:5,0.0012482508822611344,3.4604870207862494e-07,COMPUTED,True,False,False,False,0.43559350264218133,0.9521162343234528,0.8503791620761236,PE,0.09057688868244451,,,UNASSIGNED_FALSE_POSITIVE,,,,,,,,,,,,175,R4,CAL,[234],sum reported candidates for primary score; all candidates for unreported descriptive abundance,False,True,False,False,False,True,False,False,False,True,False,True,False,LOCAL_CAL_RECALIBRATION
MODERATE__CAL_R4_K175,CAL_R4_K175,MODERATE,PE O-18:0_22:6,0.0026585445552344002,0.0,COMPUTED,True,False,False,False,0.5753436233533816,0.900438885889574,0.6568414230886067,PE,0.17868511941106635,,,UNASSIGNED_FALSE_POSITIVE,,,,,,,,,,,,175,R4,CAL,[235],sum reported candidates for primary score; all candidates for unreported descriptive abundance,False,True,False,False,False,True,False,False,False,True,False,True,False,LOCAL_CAL_RECALIBRATION
MODERATE__CAL_R4_K175,CAL_R4_K175,MODERATE,PE O-18:1_20:1,0.005108962471333495,1.26174254435714e-06,COMPUTED,True,True,True,True,0.39089349908072424,0.9853143544809311,0.8646103224644689,PE,0.11154952285100395,B4_U116_U137,116,spectral_hard_spatial_low,0.6693924466338259,0.6958177339901479,0.6693924466338259,0.6958177339901479,0.02320366760317818,0.06956521739130435,0.005662981390286769,0.0,102,-0.15509276044143408,0.5,175,R4,CAL,[236],sum reported candidates for primary score; all candidates for unreported descriptive abundance,False,True,False,True,False,True,False,True,False,True,False,True,False,LOCAL_CAL_RECALIBRATION
MODERATE__CAL_R4_K175,CAL_R4_K175,MODERATE,PE O-18:1_20:2,0.0033492798818925457,1.0307203653526628e-07,COMPUTED,True,False,False,False,0.23640856435982596,0.9860488591567219,0.9580837481030324,PE,0.05007971048025392,,,UNASSIGNED_FALSE_POSITIVE,,,,,,,,,,,,175,R4,CAL,[237],sum reported candidates for primary score; all candidates for unreported descriptive abundance,False,True,False,False,False,True,False,False,False,True,False,True,False,LOCAL_CAL_RECALIBRATION
MODERATE__CAL_R4_K175,CAL_R4_K175,MODERATE,PE O-18:1_20:3,0.007681584677986691,0.0,COMPUTED,True,False,False,False,0.17248031845796863,0.9828895828332406,0.9764529162651794,PE,0.04325030597265456,,,UNASSIGNED_FALSE_POSITIVE,,,,,,,,,,,,175,R4,CAL,[238],sum reported candidates for primary score; all candidates for unreported descriptive abundance,False,True,False,False,False,True,False,False,False,True,False,True,False,LOCAL_CAL_RECALIBRATION
MODERATE__CAL_R4_K175,CAL_R4_K175,MODERATE,PE O-18:1_20:4,0.007339395656518496,1.1249017023897876e-07,COMPUTED,True,True,True,True,0.24144300871075103,0.9790660598691365,0.9453508535750196,PE,0.08461183889158391,B3_U149_U167,149,spectral_hard_spatial_high,0.931169129720854,0.8823284072249589,0.8823284072249589,0.931169129720854,0.9152079059871879,0.35714285714285715,0.8796100794621347,0.0024602488365893832,221,0.9942559856386265,1.0760213163243861,175,R4,CAL,[239],sum reported candidates for primary score; all candidates for unreported descriptive abundance,False,True,False,True,False,True,False,True,False,True,False,True,False,LOCAL_CAL_RECALIBRATION
MODERATE__CAL_R4_K175,CAL_R4_K175,MODERATE,PE O-18:1_20:5,0.001364692710923564,8.22063781852034e-09,COMPUTED,True,False,False,False,0.5577857427715306,0.9215313010613547,0.6612863240163824,PE,0.19234784377749203,,,UNASSIGNED_FALSE_POSITIVE,,,,,,,,,,,,175,R4,CAL,[240],sum reported candidates for primary score; all candidates for unreported descriptive abundance,False,True,False,False,False,True,False,False,False,True,False,True,False,LOCAL_CAL_RECALIBRATION
MODERATE__CAL_R4_K175,CAL_R4_K175,MODERATE,PE O-18:1_22:1,0.006792273715911534,0.0,COMPUTED,True,True,True,True,0.16641771598064747,0.9825549173152562,0.9730776501152054,PE,0.06405980319697188,B1_U124_U148,124,spectral_hard_spatial_high,0.8463940886699508,0.9021313628899836,0.8463940886699508,0.9021313628899836,0.031464558172073644,0.3409090909090909,0.03144905276992591,0.00324548036067953,163,0.9968045129749319,0.5,175,R4,CAL,[241],sum reported candidates for primary score; all candidates for unreported descriptive abundance,False,True,False,True,False,True,False,True,False,True,False,True,False,LOCAL_CAL_RECALIBRATION
MODERATE__CAL_R4_K175,CAL_R4_K175,MODERATE,PE O-18:1_22:2,0.014801956676885756,3.2399011485265644e-06,COMPUTED,True,True,True,True,0.1397728776659262,0.9852875191058946,0.9852489905480893,PE,0.0313540536569106,B3_U44_U157,157,spectral_easy_spatial_low,0.25750410509031196,0.2556781609195402,0.2556781609195402,0.25750410509031196,0.0,0.0,0.0,0.0,94,-0.27706956193834253,1.2101381550740857,175,R4,CAL,[242],sum reported candidates for primary score; all candidates for unreported descriptive abundance,False,True,False,True,False,True,False,True,False,True,False,True,False,LOCAL_CAL_RECALIBRATION
MODERATE__CAL_R4_K175,CAL_R4_K175,MODERATE,PE O-18:1_22:3,0.00805016726035792,1.0846275037171151e-18,COMPUTED,True,True,True,True,0.13284776908049512,0.9842916841755988,0.984242653129889,PE,0.043975305657608654,B4_U126_U171,171,spectral_hard_spatial_low,0.7525139573070609,0.8976781609195403,0.7525139573070609,0.8976781609195403,0.02992790631716465,0.10227272727272728,0.029587357908151594,0.0,338,-0.20213508455946322,0.7303443264893795,175,R4,CAL,[243],sum reported candidates for primary score; all candidates for unreported descriptive abundance,False,True,False,True,False,True,False,True,False,True,False,True,False,LOCAL_CAL_RECALIBRATION
MODERATE__CAL_R4_K175,CAL_R4_K175,MODERATE,PE O-18:1_22:4,0.010500776492714631,0.0,COMPUTED,True,True,True,True,0.1591848957034343,0.9787777211837311,0.9761218381725482,PE,0.05803885309638207,,118,singleton_control,,,,,,,,,86,,2.0,175,R4,CAL,[244],sum reported candidates for primary score; all candidates for unreported descriptive abundance,False,True,False,True,False,True,False,True,False,True,False,True,False,LOCAL_CAL_RECALIBRATION
MODERATE__CAL_R4_K175,CAL_R4_K175,MODERATE,PE O-18:1_22:5,0.005228789224804075,2.3413922423754374e-06,COMPUTED,True,True,True,True,0.29720123032042856,0.9512253791165726,0.9093100642922111,PE,0.11891799175047629,,93,singleton_control,,,,,,,,,330,,0.8939526432607221,175,R4,CAL,[245],sum reported candidates for primary score; all candidates for unreported descriptive abundance,False,True,False,True,False,True,False,True,False,True,False,True,False,LOCAL_CAL_RECALIBRATION
MODERATE__CAL_R4_K175,CAL_R4_K175,MODERATE,PE O-18:1_22:6,0.0036110483667960835,0.0,COMPUTED,True,True,True,True,0.5117301540657673,0.8911899884564419,0.7441668185523289,PE,0.1562636678859819,,76,singleton_control,,,,,,,,,371,,0.5,175,R4,CAL,[246],sum reported candidates for primary score; all candidates for unreported descriptive abundance,False,True,False,True,False,True,False,True,False,True,False,True,False,LOCAL_CAL_RECALIBRATION
MODERATE__CAL_R4_K175,CAL_R4_K175,MODERATE,PE O-18:2_20:2,0.010559236423634627,0.0,COMPUTED,True,True,True,True,0.17873488478864286,0.9878558096053639,0.9751699462496085,PE,0.04272295754604538,B4_U104_U161,161,spectral_hard_spatial_high,0.7374532019704434,0.7812118226600986,0.7374532019704434,0.7812118226600986,0.02432721425754833,0.11363636363636363,0.023836859555820926,0.0,320,0.9973119147061288,1.4538436095675817,175,R4,CAL,[249],sum reported candidates for primary score; all candidates for unreported descriptive abundance,False,True,False,True,False,True,False,True,False,True,False,True,False,LOCAL_CAL_RECALIBRATION
MODERATE__CAL_R4_K175,CAL_R4_K175,MODERATE,PE O-18:2_20:3,0.0026883875901949784,1.8265856441646058e-06,COMPUTED,True,False,False,False,0.15389249231375365,0.982213995160686,0.9807094412163158,PE,0.04157871249447814,,,UNASSIGNED_FALSE_POSITIVE,,,,,,,,,,,,175,R4,CAL,[250],sum reported candidates for primary score; all candidates for unreported descriptive abundance,False,True,False,False,False,True,False,False,False,True,False,True,False,LOCAL_CAL_RECALIBRATION
MODERATE__CAL_R4_K175,CAL_R4_K175,MODERATE,PE O-18:2_20:4,0.01400769490982852,5.770874249783635e-07,COMPUTED,True,True,True,True,0.20161747503517874,0.9802229335768837,0.9715405518090002,PE,0.035255816390138695,,117,singleton_control,,,,,,,,,223,,2.0,175,R4,CAL,[251],sum reported candidates for primary score; all candidates for unreported descriptive abundance,False,True,False,True,False,True,False,True,False,True,False,True,False,LOCAL_CAL_RECALIBRATION
MODERATE__CAL_R4_K175,CAL_R4_K175,MODERATE,PE O-18:2_22:0,0.004320046750649898,0.0,COMPUTED,True,True,True,True,0.6092428422951907,0.9909569381714911,0.6718844687566582,PE,0.13141312415858952,B3_U24_U71,71,spectral_easy_spatial_low,0.21500985221674876,0.1539638752052545,0.1539638752052545,0.21500985221674876,0.0,0.0,1.1952550981648553e-18,2.7908281293347514e-17,378,-0.1253704407844631,0.8939526432607221,175,R4,CAL,[252],sum reported candidates for primary score; all candidates for unreported descriptive abundance,False,True,False,True,False,True,False,True,False,True,False,True,False,LOCAL_CAL_RECALIBRATION
MODERATE__CAL_R4_K175,CAL_R4_K175,MODERATE,PE O-18:2_22:2,0.000559487328392929,,NOT_COMPUTED,False,True,True,True,0.12665676335127843,0.9852875191058946,0.9852489905480893,PE,0.044470167971558366,B1_U124_U148,148,spectral_hard_spatial_high,0.8463940886699508,0.9021313628899836,0.8463940886699508,0.9021313628899836,0.031464558172073644,0.3409090909090909,0.03144905276992591,0.00324548036067953,163,0.9968045129749319,1.0000000000000002,175,R4,CAL,[254],sum reported candidates for primary score; all candidates for unreported descriptive abundance,False,True,False,False,False,True,False,False,False,True,False,True,True,LOCAL_CAL_RECALIBRATION
MODERATE__CAL_R4_K175,CAL_R4_K175,MODERATE,PE O-18:2_22:3,0.0001286429727120754,,NOT_COMPUTED,False,False,False,False,0.11689533016188987,0.986523537683374,0.9865062605034273,PE,0.04682821117393669,,,UNASSIGNED_FALSE_POSITIVE,,,,,,,,,,,,175,R4,CAL,[255],sum reported candidates for primary score; all candidates for unreported descriptive abundance,False,True,False,False,False,True,False,False,False,True,False,True,False,LOCAL_CAL_RECALIBRATION
MODERATE__CAL_R4_K175,CAL_R4_K175,MODERATE,PE O-18:2_22:4,0.0024525248124759084,0.0,COMPUTED,True,False,False,False,0.14828595476682938,0.9790243416279218,0.9787667375621356,PE,0.05669129626843439,,,UNASSIGNED_FALSE_POSITIVE,,,,,,,,,,,,175,R4,CAL,[256],sum reported candidates for primary score; all candidates for unreported descriptive abundance,False,True,False,False,False,True,False,False,False,True,False,True,False,LOCAL_CAL_RECALIBRATION
MODERATE__CAL_R4_K175,CAL_R4_K175,MODERATE,PE O-18:2_22:5,0.003830773714602728,1.0407331131476455e-05,COMPUTED,True,False,False,False,0.26103860623460656,0.9522818262826038,0.935978921601904,PE,0.09101743804944895,,,UNASSIGNED_FALSE_POSITIVE,,,,,,,,,,,,175,R4,CAL,[257],sum reported candidates for primary score; all candidates for unreported descriptive abundance,False,True,False,False,False,True,False,False,False,True,False,True,False,LOCAL_CAL_RECALIBRATION
MODERATE__CAL_R4_K175,CAL_R4_K175,MODERATE,PE O-18:2_22:6,0.015201494481373123,7.513128557484807e-06,COMPUTED,True,True,True,True,0.4310647780235847,0.8859525621257368,0.8285086731249719,PE,0.12891145232614937,,38,singleton_control,,,,,,,,,212,,2.0,175,R4,CAL,[258],sum reported candidates for primary score; all candidates for unreported descriptive abundance,False,True,False,True,False,True,False,True,False,True,False,True,False,LOCAL_CAL_RECALIBRATION
MODERATE__CAL_R4_K175,CAL_R4_K175,MODERATE,PE O-18:3_20:3,0.0002832498730410275,,NOT_COMPUTED,False,False,False,False,0.14272429629361114,0.9852235586914223,0.9837096338633671,PE,0.03704042840064109,,,UNASSIGNED_FALSE_POSITIVE,,,,,,,,,,,,175,R4,CAL,[259],sum reported candidates for primary score; all candidates for unreported descriptive abundance,False,True,False,False,False,True,False,False,False,True,False,True,False,LOCAL_CAL_RECALIBRATION
MODERATE__CAL_R4_K175,CAL_R4_K175,MODERATE,PE O-18:3_22:0,0.005009997074721922,5.293603235131234e-07,COMPUTED,True,True,True,True,0.6471690508908507,0.9909569381714911,0.4799427523048661,PE,0.2301307579031726,B4_U31_U61,31,spectral_easy_spatial_low,0.1672183908045977,0.15510673234811168,0.15510673234811168,0.1672183908045977,0.0,0.0,0.0,0.0,90,-0.49403018618460437,0.5,175,R4,CAL,[260],sum reported candidates for primary score; all candidates for unreported descriptive abundance,False,True,False,True,False,True,False,True,False,True,False,True,False,LOCAL_CAL_RECALIBRATION
MODERATE__CAL_R4_K175,CAL_R4_K175,MODERATE,PE O-18:3_22:3,0.0,,NOT_COMPUTED,False,False,False,False,0.12439321564387905,0.986523537683374,0.9865062605034273,PE,0.03933032569194751,,,UNASSIGNED_FALSE_POSITIVE,,,,,,,,,,,,175,R4,CAL,[261],sum reported candidates for primary score; all candidates for unreported descriptive abundance,False,True,False,False,False,True,False,False,False,True,False,True,False,LOCAL_CAL_RECALIBRATION
MODERATE__CAL_R4_K175,CAL_R4_K175,MODERATE,PE O-18:3_22:4,0.0011958913942755423,0.0,COMPUTED,True,True,True,True,0.1395747875215276,0.9809547878114457,0.9808689663219521,PE,0.05509434435742558,B6_U131_U143,131,spectral_hard_spatial_high,0.7625665024630542,0.8978866995073893,0.7625665024630542,0.8978866995073893,0.029825952369767195,0.09411764705882353,0.02982334257553857,0.0,197,0.9971813270021193,2.0,175,R4,CAL,[262],sum reported candidates for primary score; all candidates for unreported descriptive abundance,False,True,False,True,False,True,False,True,False,True,False,True,False,LOCAL_CAL_RECALIBRATION
MODERATE__CAL_R4_K175,CAL_R4_K175,MODERATE,PE O-18:3_22:5,0.0022115038307041774,6.928541898246975e-06,COMPUTED,True,False,False,False,0.24245622912169137,0.9538166594574129,0.944720452955995,PE,0.08542067730299038,,,UNASSIGNED_FALSE_POSITIVE,,,,,,,,,,,,175,R4,CAL,[263],sum reported candidates for primary score; all candidates for unreported descriptive abundance,False,True,False,False,False,True,False,False,False,True,False,True,False,LOCAL_CAL_RECALIBRATION
MODERATE__CAL_R4_K175,CAL_R4_K175,MODERATE,PE O-18:3_22:6,0.0051133208017205695,0.0,COMPUTED,True,True,True,True,0.4000023234384312,0.8826794057114574,0.8285086731249719,PE,0.15997390691130292,,41,singleton_control,,,,,,,,,220,,0.5,175,R4,CAL,[264],sum reported candidates for primary score; all candidates for unreported descriptive abundance,False,True,False,True,False,True,False,True,False,True,False,True,False,LOCAL_CAL_RECALIBRATION
MODERATE__CAL_R4_K175,CAL_R4_K175,MODERATE,PE O-20:0_18:2,0.01826849689477518,8.224367610514382e-07,COMPUTED,True,True,True,True,0.42571487661894175,0.9910296758828884,0.8236347989916191,PE,0.14140567307929947,B2_U70_U101,101,spectral_easy_spatial_low,0.20378981937602628,0.20139244663382594,0.20139244663382594,0.20378981937602628,0.0,0.0,0.0,0.0,47,-0.23080940700779842,2.0,175,R4,CAL,[247],sum reported candidates for primary score; all candidates for unreported descriptive abundance,False,True,False,True,False,True,False,True,False,True,False,True,False,LOCAL_CAL_RECALIBRATION
MODERATE__CAL_R4_K175,CAL_R4_K175,MODERATE,PE O-20:0_20:2,0.009395876971134545,2.9653690188233826e-06,COMPUTED,True,False,False,False,0.3574277360579778,0.9885666181646524,0.8711158084674012,PE,0.13364990366733687,,,UNASSIGNED_FALSE_POSITIVE,,,,,,,,,,,,175,R4,CAL,[265],sum reported candidates for primary score; all candidates for unreported descriptive abundance,False,True,False,False,False,True,False,False,False,True,False,True,False,LOCAL_CAL_RECALIBRATION
MODERATE__CAL_R4_K175,CAL_R4_K175,MODERATE,PE O-20:0_20:3,0.019205320121279974,2.0391230461228334e-06,COMPUTED,True,True,True,True,0.2665585874291982,0.9884825101246301,0.8455359439593595,PE,0.2673599152214919,,109,singleton_control,,,,,,,,,248,,2.0,175,R4,CAL,[266],sum reported candidates for primary score; all candidates for unreported descriptive abundance,False,True,False,True,False,True,False,True,False,True,False,True,False,LOCAL_CAL_RECALIBRATION
MODERATE__CAL_R4_K175,CAL_R4_K175,MODERATE,PE O-20:0_20:4,0.0001455689218290569,,NOT_COMPUTED,False,False,False,False,0.526269032993801,0.9845400250879618,0.8255746285021728,PE,0.03802391643362135,,,UNASSIGNED_FALSE_POSITIVE,,,,,,,,,,,,175,R4,CAL,[267],sum reported candidates for primary score; all candidates for unreported descriptive abundance,False,True,False,False,False,True,False,False,False,True,False,True,False,LOCAL_CAL_RECALIBRATION
MODERATE__CAL_R4_K175,CAL_R4_K175,MODERATE,PE O-20:1_18:2,0.0030200375932059476,1.4401918273896657e-10,COMPUTED,True,False,False,False,0.4351737905876049,0.9895861653945057,0.8236347989916191,PE,0.1319467591106363,,,UNASSIGNED_FALSE_POSITIVE,,,,,,,,,,,,175,R4,CAL,[248],sum reported candidates for primary score; all candidates for unreported descriptive abundance,False,True,False,False,False,True,False,False,False,True,False,True,False,LOCAL_CAL_RECALIBRATION
MODERATE__CAL_R4_K175,CAL_R4_K175,MODERATE,PE O-20:1_20:1,0.00014744469640154965,,NOT_COMPUTED,False,False,False,False,0.300364327002164,0.9853143544809311,0.8874848501864849,PE,0.16047256463030118,,,UNASSIGNED_FALSE_POSITIVE,,,,,,,,,,,,175,R4,CAL,[268],sum reported candidates for primary score; all candidates for unreported descriptive abundance,False,True,False,False,False,True,False,False,False,True,False,True,False,LOCAL_CAL_RECALIBRATION
MODERATE__CAL_R4_K175,CAL_R4_K175,MODERATE,PE O-20:1_20:2,0.0,,NOT_COMPUTED,False,False,False,False,0.1653451175229508,0.9857697500316058,0.9729298295312875,PE,0.0657556111825639,,,UNASSIGNED_FALSE_POSITIVE,,,,,,,,,,,,175,R4,CAL,[269],sum reported candidates for primary score; all candidates for unreported descriptive abundance,False,True,False,False,False,True,False,False,False,True,False,True,False,LOCAL_CAL_RECALIBRATION
MODERATE__CAL_R4_K175,CAL_R4_K175,MODERATE,PE O-20:1_20:3,6.411741816411625e-08,,NOT_COMPUTED,False,False,False,False,0.20156572631951045,0.9834038435158862,0.9702868492778397,PE,0.040391770192754556,,,UNASSIGNED_FALSE_POSITIVE,,,,,,,,,,,,175,R4,CAL,[270],sum reported candidates for primary score; all candidates for unreported descriptive abundance,False,True,False,False,False,True,False,False,False,True,False,True,False,LOCAL_CAL_RECALIBRATION
MODERATE__CAL_R4_K175,CAL_R4_K175,MODERATE,PE O-20:1_20:4,0.0027491612833183774,3.615425012390384e-19,COMPUTED,True,True,True,True,0.3379492442482309,0.9772760589772699,0.9190309912079919,PE,0.056236038581120695,B7_U78_U122,78,spectral_hard_spatial_low,0.8752824302134646,0.9022348111658457,0.8752824302134646,0.9022348111658457,0.9772760589772699,0.3225806451612903,0.9190309912079919,0.0,381,-0.24302609300375277,0.5,175,R4,CAL,[271],sum reported candidates for primary score; all candidates for unreported descriptive abundance,False,True,False,True,False,True,False,True,False,True,False,True,False,LOCAL_CAL_RECALIBRATION
MODERATE__CAL_R4_K175,CAL_R4_K175,MODERATE,PE O-20:2_20:2,0.0,,NOT_COMPUTED,False,True,True,True,0.16900636562700858,0.9845263698240004,0.9803192870333286,PE,0.02841221371765762,B6_U1_U164,164,spectral_easy_spatial_high,0.21636124794745484,0.21167816091954023,0.21167816091954023,0.21636124794745484,0.0,0.0,0.0,0.0,222,0.9965204568777142,0.5,175,R4,CAL,[272],sum reported candidates for primary score; all candidates for unreported descriptive abundance,False,True,False,False,False,True,False,False,False,True,False,True,True,LOCAL_CAL_RECALIBRATION
MODERATE__CAL_R4_K175,CAL_R4_K175,MODERATE,PE O-20:2_20:3,0.004926401115166733,3.2379414713800514e-09,COMPUTED,True,False,False,False,0.1699072530804405,0.9836260273963529,0.9795654235086326,PE,0.031218531110331932,,,UNASSIGNED_FALSE_POSITIVE,,,,,,,,,,,,175,R4,CAL,[273],sum reported candidates for primary score; all candidates for unreported descriptive abundance,False,True,False,False,False,True,False,False,False,True,False,True,False,LOCAL_CAL_RECALIBRATION
MODERATE__CAL_R4_K175,CAL_R4_K175,MODERATE,PE O-20:2_20:4,0.0069844157999399735,4.702043526413698e-07,COMPUTED,True,True,True,True,0.24665164194411826,0.9798178695906962,0.9504794809695133,PE,0.0641356748111262,,100,singleton_control,,,,,,,,,227,,0.689110922829001,175,R4,CAL,[274],sum reported candidates for primary score; all candidates for unreported descriptive abundance,False,True,False,True,False,True,False,True,False,True,False,True,False,LOCAL_CAL_RECALIBRATION
MODERATE__CAL_R4_K175,CAL_R4_K175,MODERATE,PE O-20:3_20:3,1.9763377275025756e-07,,NOT_COMPUTED,False,False,False,False,0.1678765453740962,0.9829060245747678,0.9805525162756342,PE,0.02838033431556483,,,UNASSIGNED_FALSE_POSITIVE,,,,,,,,,,,,175,R4,CAL,[275],sum reported candidates for primary score; all candidates for unreported descriptive abundance,False,True,False,False,False,True,False,False,False,True,False,True,False,LOCAL_CAL_RECALIBRATION
MODERATE__CAL_R4_K175,CAL_R4_K175,MODERATE,PE O-20:3_20:4,0.0,,NOT_COMPUTED,False,False,False,False,0.2145730867610224,0.9824124426110163,0.9692667770392721,PE,0.03143893515640733,,,UNASSIGNED_FALSE_POSITIVE,,,,,,,,,,,,175,R4,CAL,[276],sum reported candidates for primary score; all candidates for unreported descriptive abundance,False,True,False,False,False,True,False,False,False,True,False,True,False,LOCAL_CAL_RECALIBRATION
MODERATE__CAL_R4_K175,CAL_R4_K175,MODERATE,PE O-22:1_18:2,1.19250350448414e-07,,NOT_COMPUTED,False,False,False,False,0.3303710154344505,0.9888056550432852,0.7444616792874118,PE,0.337294176164278,,,UNASSIGNED_FALSE_POSITIVE,,,,,,,,,,,,175,R4,CAL,[253],sum reported candidates for primary score; all candidates for unreported descriptive abundance,False,True,False,False,False,True,False,False,False,True,False,True,False,LOCAL_CAL_RECALIBRATION
MODERATE__CAL_R4_K175,CAL_R4_K175,MODERATE,PG 14:0_20:0,0.0029505121177679223,0.0,COMPUTED,True,False,False,False,0.7233219574944608,0.7740328453451822,0.5980499698063078,PG,0.0781368584247818,,,UNASSIGNED_FALSE_POSITIVE,,,,,,,,,,,,175,R4,CAL,[277],sum reported candidates for primary score; all candidates for unreported descriptive abundance,False,True,False,False,False,True,False,False,False,True,False,True,False,LOCAL_CAL_RECALIBRATION
MODERATE__CAL_R4_K175,CAL_R4_K175,MODERATE,PG 14:0_22:0,0.00014642372137432992,,NOT_COMPUTED,False,False,False,False,0.39347230654553556,0.7936099239641267,0.9098349737758338,PG,0.021497958044986498,,,UNASSIGNED_FALSE_POSITIVE,,,,,,,,,,,,175,R4,CAL,[302],sum reported candidates for primary score; all candidates for unreported descriptive abundance,False,True,False,False,False,True,False,False,False,True,False,True,False,LOCAL_CAL_RECALIBRATION
MODERATE__CAL_R4_K175,CAL_R4_K175,MODERATE,PG 14:0_22:1,0.008939926782963022,1.4461700049561535e-18,COMPUTED,True,True,True,True,0.2477557680566548,0.871228342388368,0.9631691173504493,PG,0.02114059001157273,B2_U58_U139,58,spectral_easy_spatial_low,0.2837898193760263,0.2425353037766831,0.2425353037766831,0.2837898193760263,0.0,0.0,0.0,0.0,145,-0.3175879792606112,0.5,175,R4,CAL,[298],sum reported candidates for primary score; all candidates for unreported descriptive abundance,False,True,False,True,False,True,False,True,False,True,False,True,False,LOCAL_CAL_RECALIBRATION
MODERATE__CAL_R4_K175,CAL_R4_K175,MODERATE,PG 14:0_22:2,0.011346981682659633,1.4461700049561535e-18,COMPUTED,True,True,True,True,0.06638483445544971,0.9265835270984321,0.9917278076514663,PG,0.06197386424010526,,132,singleton_control,,,,,,,,,112,,1.0000000000000002,175,R4,CAL,[293],sum reported candidates for primary score; all candidates for unreported descriptive abundance,False,True,False,True,False,True,False,True,False,True,False,True,False,LOCAL_CAL_RECALIBRATION
MODERATE__CAL_R4_K175,CAL_R4_K175,MODERATE,PG 14:0_22:3,9.122966699819175e-05,,NOT_COMPUTED,False,False,False,False,0.08672432217020402,0.9402021823761977,0.9838117810560387,PG,0.09248053115510325,,,UNASSIGNED_FALSE_POSITIVE,,,,,,,,,,,,175,R4,CAL,[288],sum reported candidates for primary score; all candidates for unreported descriptive abundance,False,True,False,False,False,True,False,False,False,True,False,True,False,LOCAL_CAL_RECALIBRATION
MODERATE__CAL_R4_K175,CAL_R4_K175,MODERATE,PG 14:0_22:4,2.451260858957628e-05,,NOT_COMPUTED,False,False,False,False,0.16089959008702454,0.9416726959262552,0.9505858327305802,PG,0.14956228295362672,,,UNASSIGNED_FALSE_POSITIVE,,,,,,,,,,,,175,R4,CAL,[283],sum reported candidates for primary score; all candidates for unreported descriptive abundance,False,True,False,False,False,True,False,False,False,True,False,True,False,LOCAL_CAL_RECALIBRATION
MODERATE__CAL_R4_K175,CAL_R4_K175,MODERATE,PG 14:0_22:5,0.0014444399177347823,0.0,COMPUTED,True,False,False,False,0.3916326572569566,0.8740294125875786,0.7074638893034806,PG,0.3151168353722158,,,UNASSIGNED_FALSE_POSITIVE,,,,,,,,,,,,175,R4,CAL,[279],sum reported candidates for primary score; all candidates for unreported descriptive abundance,False,True,False,False,False,True,False,False,False,True,False,True,False,LOCAL_CAL_RECALIBRATION
MODERATE__CAL_R4_K175,CAL_R4_K175,MODERATE,PG 14:0_24:4,0.00010604944659684951,,NOT_COMPUTED,False,False,False,False,0.2364766144017557,0.9336814199983869,0.7637798863769096,PG,0.409000174620185,,,UNASSIGNED_FALSE_POSITIVE,,,,,,,,,,,,175,R4,CAL,[318],sum reported candidates for primary score; all candidates for unreported descriptive abundance,False,True,False,False,False,True,False,False,False,True,False,True,False,LOCAL_CAL_RECALIBRATION
MODERATE__CAL_R4_K175,CAL_R4_K175,MODERATE,PG 16:0_18:0,8.178941790737122e-05,,NOT_COMPUTED,False,False,False,False,0.2730282086736678,0.7320003904966144,0.5980499698063078,PG,0.5284306072455749,,,UNASSIGNED_FALSE_POSITIVE,,,,,,,,,,,,175,R4,CAL,[278],sum reported candidates for primary score; all candidates for unreported descriptive abundance,False,True,False,False,False,True,False,False,False,True,False,True,False,LOCAL_CAL_RECALIBRATION
MODERATE__CAL_R4_K175,CAL_R4_K175,MODERATE,PG 16:0_20:0,2.230732995331745e-07,,NOT_COMPUTED,False,False,False,False,0.1602949985961718,0.7895886904138678,0.9098349737758338,PG,0.25467526599435025,,,UNASSIGNED_FALSE_POSITIVE,,,,,,,,,,,,175,R4,CAL,[303],sum reported candidates for primary score; all candidates for unreported descriptive abundance,False,True,False,False,False,True,False,False,False,True,False,True,False,LOCAL_CAL_RECALIBRATION
MODERATE__CAL_R4_K175,CAL_R4_K175,MODERATE,PG 16:0_20:1,0.001703353906963438,0.0,COMPUTED,True,True,True,True,0.10277086760820646,0.9061811884274051,0.9631691173504493,PG,0.16612549046002106,,162,singleton_control,,,,,,,,,220,,0.689110922829001,175,R4,CAL,[299],sum reported candidates for primary score; all candidates for unreported descriptive abundance,False,True,False,True,False,True,False,True,False,True,False,True,False,LOCAL_CAL_RECALIBRATION
MODERATE__CAL_R4_K175,CAL_R4_K175,MODERATE,PG 16:0_20:2,0.0007111004392966354,,NOT_COMPUTED,False,False,False,False,0.06404391649487126,0.9219327136957365,0.9793705984567973,PG,0.1380284242110617,,,UNASSIGNED_FALSE_POSITIVE,,,,,,,,,,,,175,R4,CAL,[294],sum reported candidates for primary score; all candidates for unreported descriptive abundance,False,True,False,False,False,True,False,False,False,True,False,True,False,LOCAL_CAL_RECALIBRATION
MODERATE__CAL_R4_K175,CAL_R4_K175,MODERATE,PG 16:0_20:3,0.017744177547340513,0.0,COMPUTED,True,True,True,True,0.08072333624957098,0.945604719735853,0.9733932857889159,PG,0.14841747456565207,B3_U102_U170,170,spectral_hard_spatial_low,0.7658210180623974,0.7055155993431855,0.7055155993431855,0.7658210180623974,0.03085693327679168,0.171875,0.006477920006387038,0.0,133,-0.15555662706452533,1.8682084992203376,175,R4,CAL,[289],sum reported candidates for primary score; all candidates for unreported descriptive abundance,False,True,False,True,False,True,False,True,False,True,False,True,False,LOCAL_CAL_RECALIBRATION
MODERATE__CAL_R4_K175,CAL_R4_K175,MODERATE,PG 16:0_20:4,0.004418450195754987,1.0846275037171151e-18,COMPUTED,True,False,False,False,0.14379851807726615,0.9374555358323216,0.8955038721004012,PG,0.30125520345889656,,,UNASSIGNED_FALSE_POSITIVE,,,,,,,,,,,,175,R4,CAL,[284],sum reported candidates for primary score; all candidates for unreported descriptive abundance,False,True,False,False,False,True,False,False,False,True,False,True,False,LOCAL_CAL_RECALIBRATION
MODERATE__CAL_R4_K175,CAL_R4_K175,MODERATE,PG 16:0_20:5,0.0005833237187147502,,NOT_COMPUTED,False,False,False,False,0.3586980333079263,0.7784577318028689,0.6100413124133977,PG,0.43367157561769326,,,UNASSIGNED_FALSE_POSITIVE,,,,,,,,,,,,175,R4,CAL,[280],sum reported candidates for primary score; all candidates for unreported descriptive abundance,False,True,False,False,False,True,False,False,False,True,False,True,False,LOCAL_CAL_RECALIBRATION
MODERATE__CAL_R4_K175,CAL_R4_K175,MODERATE,PG 16:0_22:4,0.004703317813556249,0.0,COMPUTED,True,False,False,False,0.20371874124768685,0.9923755383909935,0.7623938636553828,PG,0.44339453837236364,,,UNASSIGNED_FALSE_POSITIVE,,,,,,,,,,,,175,R4,CAL,[319],sum reported candidates for primary score; all candidates for unreported descriptive abundance,False,True,False,False,False,True,False,False,False,True,False,True,False,LOCAL_CAL_RECALIBRATION
MODERATE__CAL_R4_K175,CAL_R4_K175,MODERATE,PG 16:0_22:5,0.001624446553523705,0.0,COMPUTED,True,True,True,True,0.3489957354663407,0.989185985750406,0.7094802301100912,PG,0.35572960328836306,,123,singleton_control,,,,,,,,,349,,0.5,175,R4,CAL,[312],sum reported candidates for primary score; all candidates for unreported descriptive abundance,False,True,False,True,False,True,False,True,False,True,False,True,False,LOCAL_CAL_RECALIBRATION
MODERATE__CAL_R4_K175,CAL_R4_K175,MODERATE,PG 16:0_22:6,0.001203399583959953,6.857303795949998e-06,COMPUTED,True,False,False,False,0.42771565508602566,0.9755490303044848,0.7991402195004995,PG,0.17342901101082447,,,UNASSIGNED_FALSE_POSITIVE,,,,,,,,,,,,175,R4,CAL,[308],sum reported candidates for primary score; all candidates for unreported descriptive abundance,False,True,False,False,False,True,False,False,False,True,False,True,False,LOCAL_CAL_RECALIBRATION
MODERATE__CAL_R4_K175,CAL_R4_K175,MODERATE,PG 16:1_20:1,0.00021831206953840446,,NOT_COMPUTED,False,False,False,False,0.09626468926765062,0.9360510343034749,0.9917278076514663,PG,0.032094009427904344,,,UNASSIGNED_FALSE_POSITIVE,,,,,,,,,,,,175,R4,CAL,[295],sum reported candidates for primary score; all candidates for unreported descriptive abundance,False,True,False,False,False,True,False,False,False,True,False,True,False,LOCAL_CAL_RECALIBRATION
MODERATE__CAL_R4_K175,CAL_R4_K175,MODERATE,PG 16:1_20:2,0.008346159291609838,5.8764138392545945e-08,COMPUTED,True,True,True,True,0.12567904821660042,0.9496476461038932,0.9838117810560387,PG,0.05352580510870686,B1_U55_U166,55,spectral_hard_spatial_high,0.6350459770114942,0.4994794745484401,0.4994794745484401,0.6350459770114942,8.269231022895112e-05,0.14705882352941177,7.388365332041578e-06,0.0,244,0.9945075400330006,0.5,175,R4,CAL,[290],sum reported candidates for primary score; all candidates for unreported descriptive abundance,False,True,False,True,False,True,False,True,False,True,False,True,False,LOCAL_CAL_RECALIBRATION
MODERATE__CAL_R4_K175,CAL_R4_K175,MODERATE,PG 16:1_20:3,0.0018078848024755366,3.615425012390384e-19,COMPUTED,True,False,False,False,0.22255220982248494,0.9604470093424138,0.9505858327305802,PG,0.08790966321816632,,,UNASSIGNED_FALSE_POSITIVE,,,,,,,,,,,,175,R4,CAL,[285],sum reported candidates for primary score; all candidates for unreported descriptive abundance,False,True,False,False,False,True,False,False,False,True,False,True,False,LOCAL_CAL_RECALIBRATION
MODERATE__CAL_R4_K175,CAL_R4_K175,MODERATE,PG 16:1_20:4,0.00467934699186156,7.167715027813236e-08,COMPUTED,True,True,True,True,0.42128232363155954,0.9327341411025302,0.7074638893034806,PG,0.2854671689976129,B5_U87_U129,87,spectral_hard_spatial_low,0.8012939244663384,0.8002692939244664,0.8002692939244664,0.8012939244663384,0.8987186161090558,0.23846153846153847,0.43680095925433426,0.0,93,-0.12300654584056774,0.6170676298438253,175,R4,CAL,[281],sum reported candidates for primary score; all candidates for unreported descriptive abundance,False,True,False,True,False,True,False,True,False,True,False,True,False,LOCAL_CAL_RECALIBRATION
MODERATE__CAL_R4_K175,CAL_R4_K175,MODERATE,PG 16:1_22:3,0.0006149359333617108,,NOT_COMPUTED,False,False,False,False,0.23838939494724698,0.9816952449555878,0.8489350701121507,PG,0.29010776373355207,,,UNASSIGNED_FALSE_POSITIVE,,,,,,,,,,,,175,R4,CAL,[320],sum reported candidates for primary score; all candidates for unreported descriptive abundance,False,True,False,False,False,True,False,False,False,True,False,True,False,LOCAL_CAL_RECALIBRATION
MODERATE__CAL_R4_K175,CAL_R4_K175,MODERATE,PG 16:1_22:4,0.007210408596668208,0.0,COMPUTED,True,True,True,True,0.3345858310837336,0.9872300880237134,0.7237928267837014,PG,0.35543151934773115,B5_U49_U110,110,spectral_easy_spatial_low,0.21407553366174054,0.19910673234811166,0.19910673234811166,0.21407553366174054,0.0,0.0,0.0,0.0,382,-0.2083811448871678,0.5,175,R4,CAL,[313],sum reported candidates for primary score; all candidates for unreported descriptive abundance,False,True,False,True,False,True,False,True,False,True,False,True,False,LOCAL_CAL_RECALIBRATION
MODERATE__CAL_R4_K175,CAL_R4_K175,MODERATE,PG 16:1_22:5,0.0023932850874157354,0.0,COMPUTED,True,False,False,False,0.33527002658239174,0.9821921171688058,0.8657216005624764,PG,0.16525580723594785,,,UNASSIGNED_FALSE_POSITIVE,,,,,,,,,,,,175,R4,CAL,[309],sum reported candidates for primary score; all candidates for unreported descriptive abundance,False,True,False,False,False,True,False,False,False,True,False,True,False,LOCAL_CAL_RECALIBRATION
MODERATE__CAL_R4_K175,CAL_R4_K175,MODERATE,PG 16:1_22:6,0.008023891427807111,4.8060615558910726e-05,COMPUTED,True,True,True,True,0.3058230202104568,0.9780045750710121,0.9234151866260575,PG,0.07797952421618376,,72,singleton_control,,,,,,,,,352,,1.0760213163243861,175,R4,CAL,[305],sum reported candidates for primary score; all candidates for unreported descriptive abundance,True,True,True,False,False,True,False,True,False,True,False,True,False,LOCAL_CAL_RECALIBRATION
MODERATE__CAL_R4_K175,CAL_R4_K175,MODERATE,PG 17:0_17:0,0.009513075510033428,6.054922763809241e-06,COMPUTED,True,True,True,True,0.31615195069938173,0.8879810420856676,0.8460604591945621,PG,0.21693500223370843,,119,singleton_control,,,,,,,,,213,,2.0,175,R4,CAL,[342],sum reported candidates for primary score; all candidates for unreported descriptive abundance,False,True,False,True,False,True,False,True,False,True,False,True,False,LOCAL_CAL_RECALIBRATION
MODERATE__CAL_R4_K175,CAL_R4_K175,MODERATE,PG 17:0_18:0,6.311680561877926e-06,,NOT_COMPUTED,False,False,False,False,0.5692674122568047,0.7118582510946688,0.5724491711078749,PG,0.2506727968425583,,,UNASSIGNED_FALSE_POSITIVE,,,,,,,,,,,,175,R4,CAL,[325],sum reported candidates for primary score; all candidates for unreported descriptive abundance,False,True,False,False,False,True,False,False,False,True,False,True,False,LOCAL_CAL_RECALIBRATION
MODERATE__CAL_R4_K175,CAL_R4_K175,MODERATE,PG 17:0_18:1,0.012703467285951607,1.99879333580417e-06,COMPUTED,True,True,True,True,0.6327722887636469,0.9100871245491317,0.6128588478055358,PG,0.15742011354510166,,11,singleton_control,,,,,,,,,106,,1.2101381550740857,175,R4,CAL,[326],sum reported candidates for primary score; all candidates for unreported descriptive abundance,False,True,False,True,False,True,False,True,False,True,False,True,False,LOCAL_CAL_RECALIBRATION
MODERATE__CAL_R4_K175,CAL_R4_K175,MODERATE,PG 17:0_18:2,0.005274349010887356,3.0375913132947764e-07,COMPUTED,True,False,False,False,0.3764851143957298,0.9263229165510191,0.6317309645620319,PG,0.3987025973319038,,,UNASSIGNED_FALSE_POSITIVE,,,,,,,,,,,,175,R4,CAL,[327],sum reported candidates for primary score; all candidates for unreported descriptive abundance,False,True,False,False,False,True,False,False,False,True,False,True,False,LOCAL_CAL_RECALIBRATION
MODERATE__CAL_R4_K175,CAL_R4_K175,MODERATE,PG 17:0_20:0,3.108303380982847e-09,,NOT_COMPUTED,False,False,False,False,0.8310149974793403,0.9206618024583055,0.4714442278210306,PG,0.050880880759260116,,,UNASSIGNED_FALSE_POSITIVE,,,,,,,,,,,,175,R4,CAL,[328],sum reported candidates for primary score; all candidates for unreported descriptive abundance,False,True,False,False,False,True,False,False,False,True,False,True,False,LOCAL_CAL_RECALIBRATION
MODERATE__CAL_R4_K175,CAL_R4_K175,MODERATE,PG 17:0_20:1,0.0018523837767855141,0.0,COMPUTED,True,False,False,False,0.7656382983426151,0.9467690930810565,0.46725613989146997,PG,0.11848369535153747,,,UNASSIGNED_FALSE_POSITIVE,,,,,,,,,,,,175,R4,CAL,[329],sum reported candidates for primary score; all candidates for unreported descriptive abundance,False,True,False,False,False,True,False,False,False,True,False,True,False,LOCAL_CAL_RECALIBRATION
MODERATE__CAL_R4_K175,CAL_R4_K175,MODERATE,PG 17:0_20:2,0.017896412319516292,1.4165203464774329e-06,COMPUTED,True,True,True,True,0.10023340318631115,0.9691815015571644,0.9589290654283743,PG,0.18341258652033826,B4_U116_U137,137,spectral_hard_spatial_low,0.6693924466338259,0.6958177339901479,0.6693924466338259,0.6958177339901479,0.02320366760317818,0.06956521739130435,0.005662981390286769,0.0,316,-0.15509276044143408,2.0,175,R4,CAL,[330],sum reported candidates for primary score; all candidates for unreported descriptive abundance,False,True,False,True,False,True,False,True,False,True,False,True,False,LOCAL_CAL_RECALIBRATION
MODERATE__CAL_R4_K175,CAL_R4_K175,MODERATE,PG 17:0_20:3,0.0008039639903331794,,NOT_COMPUTED,False,False,False,False,0.15645235358917814,0.9898819477902964,0.9156445871464431,PG,0.24553643982354834,,,UNASSIGNED_FALSE_POSITIVE,,,,,,,,,,,,175,R4,CAL,[331],sum reported candidates for primary score; all candidates for unreported descriptive abundance,False,True,False,False,False,True,False,False,False,True,False,True,False,LOCAL_CAL_RECALIBRATION
MODERATE__CAL_R4_K175,CAL_R4_K175,MODERATE,PG 17:0_20:4,0.005452300055572596,7.6090451606475e-08,COMPUTED,True,False,False,False,0.333380957182523,0.9887826418894832,0.7722623353641875,PG,0.3019228169112968,,,UNASSIGNED_FALSE_POSITIVE,,,,,,,,,,,,175,R4,CAL,[332],sum reported candidates for primary score; all candidates for unreported descriptive abundance,False,True,False,False,False,True,False,False,False,True,False,True,False,LOCAL_CAL_RECALIBRATION
MODERATE__CAL_R4_K175,CAL_R4_K175,MODERATE,PG 17:0_20:5,0.0021277558161021445,0.0,COMPUTED,True,True,True,True,0.4773765897889221,0.9811934844127886,0.7108936864274412,PG,0.2259228959194089,B3_U12_U42,42,spectral_easy_spatial_high,0.1672183908045977,0.3398193760262726,0.1672183908045977,0.3398193760262726,0.0,0.0,0.0,0.0,253,0.9954954657510189,0.7303443264893795,175,R4,CAL,[333],sum reported candidates for primary score; all candidates for unreported descriptive abundance,False,True,False,True,False,True,False,True,False,True,False,True,False,LOCAL_CAL_RECALIBRATION
MODERATE__CAL_R4_K175,CAL_R4_K175,MODERATE,PG 17:1_18:1,0.015813598456940175,2.8211848083990536e-07,COMPUTED,True,True,True,True,0.6168343533979017,0.9481350834683965,0.6317309645620319,PG,0.15835335832973185,B7_U20_U40,20,spectral_easy_spatial_high,0.15807553366174054,0.15053530377668312,0.15053530377668312,0.15807553366174054,0.0,0.0,0.0,0.0,86,0.9950124526457922,2.0,175,R4,CAL,[335],sum reported candidates for primary score; all candidates for unreported descriptive abundance,False,True,False,True,False,True,False,True,False,True,False,True,False,LOCAL_CAL_RECALIBRATION
MODERATE__CAL_R4_K175,CAL_R4_K175,MODERATE,PG 17:1_18:2,0.019087665838910063,0.0008169398627432584,COMPUTED,True,True,True,True,0.7709258001816848,0.9438998760729628,0.5482473093294393,PG,0.06539046045960517,B5_U6_U163,6,spectral_easy_spatial_high,0.21064696223316914,0.21167816091954023,0.21064696223316914,0.21167816091954023,0.0,0.0,0.0,0.0,352,0.9959112874209458,2.0,175,R4,CAL,[336],sum reported candidates for primary score; all candidates for unreported descriptive abundance,True,True,True,False,True,True,True,False,False,True,False,True,False,LOCAL_CAL_RECALIBRATION
MODERATE__CAL_R4_K175,CAL_R4_K175,MODERATE,PG 17:1_20:1,0.0012684575368307404,0.0,COMPUTED,True,False,False,False,0.266391512522408,0.9726361074886047,0.9589290654283743,PG,0.01725447718424139,,,UNASSIGNED_FALSE_POSITIVE,,,,,,,,,,,,175,R4,CAL,[338],sum reported candidates for primary score; all candidates for unreported descriptive abundance,False,True,False,False,False,True,False,False,False,True,False,True,False,LOCAL_CAL_RECALIBRATION
MODERATE__CAL_R4_K175,CAL_R4_K175,MODERATE,PG 17:1_20:2,0.021849183864913628,1.0168317969883814e-07,COMPUTED,True,True,True,True,0.3618393165271139,0.9965803996234099,0.9156445871464431,PG,0.0401494768856126,,63,singleton_control,,,,,,,,,258,,2.0,175,R4,CAL,[339],sum reported candidates for primary score; all candidates for unreported descriptive abundance,False,True,False,True,False,True,False,True,True,True,False,True,False,LOCAL_CAL_RECALIBRATION
MODERATE__CAL_R4_K175,CAL_R4_K175,MODERATE,PG 17:1_20:3,0.0009357989184818961,,NOT_COMPUTED,False,True,True,True,0.47559446497964003,0.9942019114139844,0.7722623353641875,PG,0.15970930911417974,B4_U25_U52,52,spectral_easy_spatial_low,0.33451067323481115,0.16996387520525452,0.16996387520525452,0.33451067323481115,0.0,0.0,0.04481270302025489,0.42752415751716705,284,-0.3521881665850955,0.5,175,R4,CAL,[340],sum reported candidates for primary score; all candidates for unreported descriptive abundance,False,True,False,False,False,True,False,False,False,True,False,True,True,LOCAL_CAL_RECALIBRATION
MODERATE__CAL_R4_K175,CAL_R4_K175,MODERATE,PG 17:1_20:4,0.006155621106890472,7.495943759097518e-07,COMPUTED,True,False,False,False,0.4831275545644737,0.9853779862370524,0.7051431660870239,PG,0.22593740389897193,,,UNASSIGNED_FALSE_POSITIVE,,,,,,,,,,,,175,R4,CAL,[341],sum reported candidates for primary score; all candidates for unreported descriptive abundance,False,True,False,False,False,True,False,False,False,True,False,True,False,LOCAL_CAL_RECALIBRATION
MODERATE__CAL_R4_K175,CAL_R4_K175,MODERATE,PG 18:0_17:1,0.01385444225908205,2.867479877283241e-06,COMPUTED,True,True,True,True,0.4056545540310176,0.8369962841799066,0.7298783637230274,PG,0.2779224892998685,,89,singleton_control,,,,,,,,,121,,1.0760213163243861,175,R4,CAL,[334],sum reported candidates for primary score; all candidates for unreported descriptive abundance,False,True,False,True,False,True,False,True,False,True,False,True,False,LOCAL_CAL_RECALIBRATION
MODERATE__CAL_R4_K175,CAL_R4_K175,MODERATE,PG 18:0_18:0,0.0010606542993811029,2.49418756031546e-07,COMPUTED,True,False,False,False,0.27746580180873914,0.8568501347183278,0.7773785184240168,PG,0.3515672967583239,,,UNASSIGNED_FALSE_POSITIVE,,,,,,,,,,,,175,R4,CAL,[304],sum reported candidates for primary score; all candidates for unreported descriptive abundance,False,True,False,False,False,True,False,False,False,True,False,True,False,LOCAL_CAL_RECALIBRATION
MODERATE__CAL_R4_K175,CAL_R4_K175,MODERATE,PG 18:0_18:1,0.004974662521488081,1.2169996075986015e-06,COMPUTED,True,False,False,False,0.22385302590484416,0.857321011866293,0.6334015594256638,PG,0.5499702514118422,,,UNASSIGNED_FALSE_POSITIVE,,,,,,,,,,,,175,R4,CAL,[301],sum reported candidates for primary score; all candidates for unreported descriptive abundance,False,True,False,False,False,True,False,False,False,True,False,True,False,LOCAL_CAL_RECALIBRATION
MODERATE__CAL_R4_K175,CAL_R4_K175,MODERATE,PG 18:0_18:2,0.014959051176924563,0.0,COMPUTED,True,True,True,True,0.17839411678077585,0.8899710102713989,0.6336685217403919,PG,0.595210565570195,,106,singleton_control,,,,,,,,,390,,2.0,175,R4,CAL,[296],sum reported candidates for primary score; all candidates for unreported descriptive abundance,False,True,False,True,False,True,False,True,False,True,False,True,False,LOCAL_CAL_RECALIBRATION
MODERATE__CAL_R4_K175,CAL_R4_K175,MODERATE,PG 18:0_18:3,0.007944741703328572,1.7348684853762984e-06,COMPUTED,True,True,True,True,0.2545735512048524,0.8165137245448504,0.6169711287365801,PG,0.5324122341213569,,114,singleton_control,,,,,,,,,253,,1.2101381550740857,175,R4,CAL,[291],sum reported candidates for primary score; all candidates for unreported descriptive abundance,False,True,False,True,False,True,False,True,False,True,False,True,False,LOCAL_CAL_RECALIBRATION
MODERATE__CAL_R4_K175,CAL_R4_K175,MODERATE,PG 18:0_20:4,0.01666253456876059,0.0,COMPUTED,True,True,True,True,0.208514138364971,0.9681638035480906,0.7129302431802385,PG,0.4927208210879688,,168,singleton_control,,,,,,,,,248,,2.0,175,R4,CAL,[321],sum reported candidates for primary score; all candidates for unreported descriptive abundance,False,True,False,True,False,True,False,True,False,True,False,True,False,LOCAL_CAL_RECALIBRATION
MODERATE__CAL_R4_K175,CAL_R4_K175,MODERATE,PG 18:0_20:5,0.002838731049348318,4.355642988655616e-07,COMPUTED,True,False,False,False,0.3912132251385195,0.9850297730134422,0.6681402735052041,PG,0.3528221066303361,,,UNASSIGNED_FALSE_POSITIVE,,,,,,,,,,,,175,R4,CAL,[314],sum reported candidates for primary score; all candidates for unreported descriptive abundance,False,True,False,False,False,True,False,False,False,True,False,True,False,LOCAL_CAL_RECALIBRATION
MODERATE__CAL_R4_K175,CAL_R4_K175,MODERATE,PG 18:1_18:1,0.003207548245578239,7.926276410279486e-08,COMPUTED,True,False,False,False,0.20074680321951024,0.9552207873236039,0.6787772262314156,PG,0.5335974465364102,,,UNASSIGNED_FALSE_POSITIVE,,,,,,,,,,,,175,R4,CAL,[297],sum reported candidates for primary score; all candidates for unreported descriptive abundance,False,True,False,False,False,True,False,False,False,True,False,True,False,LOCAL_CAL_RECALIBRATION
MODERATE__CAL_R4_K175,CAL_R4_K175,MODERATE,PG 18:1_18:2,7.982964028145106e-08,,NOT_COMPUTED,False,False,False,False,0.18514361914509317,0.8693484458976806,0.6250586943098834,PG,0.5954341339760317,,,UNASSIGNED_FALSE_POSITIVE,,,,,,,,,,,,175,R4,CAL,[292],sum reported candidates for primary score; all candidates for unreported descriptive abundance,False,True,False,False,False,True,False,False,False,True,False,True,False,LOCAL_CAL_RECALIBRATION
MODERATE__CAL_R4_K175,CAL_R4_K175,MODERATE,PG 18:1_18:3,0.013294934727031724,8.013971091708867e-08,COMPUTED,True,True,True,True,0.2765752615706676,0.817951549214987,0.6479205988486453,PG,0.4851326204862354,,75,singleton_control,,,,,,,,,159,,1.4538436095675817,175,R4,CAL,[286],sum reported candidates for primary score; all candidates for unreported descriptive abundance,False,True,False,True,False,True,False,True,False,True,False,True,False,LOCAL_CAL_RECALIBRATION
MODERATE__CAL_R4_K175,CAL_R4_K175,MODERATE,PG 18:1_20:3,0.010675919259640695,0.0,COMPUTED,True,True,True,True,0.20356606656639115,0.9658056478918986,0.7232937501766658,PG,0.4869744108535607,B5_U140_U172,140,spectral_easy_spatial_high,0.45007881773399017,0.2859638752052545,0.2859638752052545,0.45007881773399017,2.858119256201316e-08,0.03333333333333333,1.8356064506542944e-08,0.0,266,0.9975560073754809,1.0000000000000002,175,R4,CAL,[322],sum reported candidates for primary score; all candidates for unreported descriptive abundance,False,True,False,True,False,True,False,True,False,True,False,True,False,LOCAL_CAL_RECALIBRATION
MODERATE__CAL_R4_K175,CAL_R4_K175,MODERATE,PG 18:1_20:4,0.014494190241601014,2.0018580931259205e-06,COMPUTED,True,True,True,True,0.3168478513612436,0.9304715731040568,0.7322783668462833,PG,0.3641575769937292,,130,singleton_control,,,,,,,,,141,,2.0,175,R4,CAL,[315],sum reported candidates for primary score; all candidates for unreported descriptive abundance,False,True,False,True,False,True,False,True,False,True,False,True,False,LOCAL_CAL_RECALIBRATION
MODERATE__CAL_R4_K175,CAL_R4_K175,MODERATE,PG 18:1_20:5,0.00046547953237924776,,NOT_COMPUTED,False,False,False,False,0.43403628582268905,0.9724669479844656,0.7719148349631345,PG,0.20168966737085237,,,UNASSIGNED_FALSE_POSITIVE,,,,,,,,,,,,175,R4,CAL,[310],sum reported candidates for primary score; all candidates for unreported descriptive abundance,False,True,False,False,False,True,False,False,False,True,False,True,False,LOCAL_CAL_RECALIBRATION
MODERATE__CAL_R4_K175,CAL_R4_K175,MODERATE,PG 18:2_18:2,0.0002749762487854029,,NOT_COMPUTED,False,True,True,True,0.18259721218393685,0.9910296758828884,0.7729457639795125,PG,0.4518748880270398,,160,singleton_control,,,,,,,,,246,,1.0760213163243861,175,R4,CAL,[287],sum reported candidates for primary score; all candidates for unreported descriptive abundance,False,True,False,False,False,True,False,False,False,True,False,True,True,LOCAL_CAL_RECALIBRATION
MODERATE__CAL_R4_K175,CAL_R4_K175,MODERATE,PG 18:2_18:3,0.004448928788842276,4.858183930381389e-07,COMPUTED,True,True,True,True,0.3382696779534152,0.8248460600779068,0.7122906679448936,PG,0.3636149310519521,B7_U2_U103,103,spectral_easy_spatial_high,0.2920147783251231,0.2561346469622332,0.2561346469622332,0.2920147783251231,2.6941481371247336e-11,0.016129032258064516,2.443077965862909e-11,0.0,308,0.9951902683929378,0.5,175,R4,CAL,[282],sum reported candidates for primary score; all candidates for unreported descriptive abundance,False,True,False,True,False,True,False,True,False,True,False,True,False,LOCAL_CAL_RECALIBRATION
MODERATE__CAL_R4_K175,CAL_R4_K175,MODERATE,PG 18:2_20:2,0.0003428296940620223,,NOT_COMPUTED,False,False,False,False,0.26810270421335247,0.9325718345250835,0.8489350701121507,PG,0.2603944544674466,,,UNASSIGNED_FALSE_POSITIVE,,,,,,,,,,,,175,R4,CAL,[323],sum reported candidates for primary score; all candidates for unreported descriptive abundance,False,True,False,False,False,True,False,False,False,True,False,True,False,LOCAL_CAL_RECALIBRATION
MODERATE__CAL_R4_K175,CAL_R4_K175,MODERATE,PG 18:2_20:3,0.017951255262572324,4.2816459529857015e-07,COMPUTED,True,True,True,True,0.30467147072044287,0.9537646675247846,0.7413210216841658,PG,0.36647914040134144,,79,singleton_control,,,,,,,,,313,,1.8682084992203376,175,R4,CAL,[316],sum reported candidates for primary score; all candidates for unreported descriptive abundance,False,True,False,True,False,True,False,True,False,True,False,True,False,LOCAL_CAL_RECALIBRATION
MODERATE__CAL_R4_K175,CAL_R4_K175,MODERATE,PG 18:2_20:4,0.009927852615587117,0.0,COMPUTED,True,True,True,True,0.34092969232903264,0.9616518591994055,0.8407820069293783,PG,0.2004441312197301,B6_U98_U173,98,spectral_hard_spatial_low,0.8597422003284073,0.8148932676518884,0.8148932676518884,0.8597422003284073,0.9616518591994055,0.24060150375939848,0.8407820069293783,0.0,136,-0.12436498033171635,0.5,175,R4,CAL,[311],sum reported candidates for primary score; all candidates for unreported descriptive abundance,False,True,False,True,False,True,False,True,False,True,False,True,False,LOCAL_CAL_RECALIBRATION
MODERATE__CAL_R4_K175,CAL_R4_K175,MODERATE,PG 18:2_20:5,0.004358851933073146,0.0,COMPUTED,True,False,False,False,0.45600375389372205,0.9631467226016989,0.8063714203716793,PG,0.13540569175942307,,,UNASSIGNED_FALSE_POSITIVE,,,,,,,,,,,,175,R4,CAL,[306],sum reported candidates for primary score; all candidates for unreported descriptive abundance,False,True,False,False,False,True,False,False,False,True,False,True,False,LOCAL_CAL_RECALIBRATION
MODERATE__CAL_R4_K175,CAL_R4_K175,MODERATE,PG 18:3_20:4,0.011466008624782656,1.0846275037171151e-18,COMPUTED,True,True,True,True,0.36662092140260855,0.9796724074104938,0.8883052400815383,PG,0.09263260383555505,,86,singleton_control,,,,,,,,,84,,1.2101381550740857,175,R4,CAL,[307],sum reported candidates for primary score; all candidates for unreported descriptive abundance,False,True,False,True,False,True,False,True,False,True,False,True,False,LOCAL_CAL_RECALIBRATION
MODERATE__CAL_R4_K175,CAL_R4_K175,MODERATE,PG 20:0_16:1,0.0026413920178919937,1.603284066788487e-07,COMPUTED,True,False,False,False,0.27509463736924117,0.8206488603123235,0.698936050874339,PG,0.4400895324696777,,,UNASSIGNED_FALSE_POSITIVE,,,,,,,,,,,,175,R4,CAL,[300],sum reported candidates for primary score; all candidates for unreported descriptive abundance,False,True,False,False,False,True,False,False,False,True,False,True,False,LOCAL_CAL_RECALIBRATION
MODERATE__CAL_R4_K175,CAL_R4_K175,MODERATE,PG 20:0_17:1,0.017558196110944724,5.376449666129677e-06,COMPUTED,True,True,True,True,0.2654323776683324,0.9829394646770109,0.8238355564584399,PG,0.3013964994319903,B1_U18_U144,144,spectral_easy_spatial_low,0.20493267651888342,0.2025353037766831,0.2025353037766831,0.20493267651888342,0.0,0.0,0.0,0.0,211,-0.13432630773009427,1.8682084992203376,175,R4,CAL,[337],sum reported candidates for primary score; all candidates for unreported descriptive abundance,False,True,False,True,False,True,False,True,False,True,False,True,False,LOCAL_CAL_RECALIBRATION
MODERATE__CAL_R4_K175,CAL_R4_K175,MODERATE,PG 20:1_18:3,0.0009817127530822776,,NOT_COMPUTED,False,False,False,False,0.23811465068961957,0.9659907277452849,0.7775930923942953,PG,0.39065317821122125,,,UNASSIGNED_FALSE_POSITIVE,,,,,,,,,,,,175,R4,CAL,[324],sum reported candidates for primary score; all candidates for unreported descriptive abundance,False,True,False,False,False,True,False,False,False,True,False,True,False,LOCAL_CAL_RECALIBRATION
MODERATE__CAL_R4_K175,CAL_R4_K175,MODERATE,PG 20:2_18:3,0.01647644998691754,0.0,COMPUTED,True,True,True,True,0.29870029929230885,0.7015593202838116,0.6351189111575694,PG,0.47371407699157647,,91,singleton_control,,,,,,,,,285,,0.5,175,R4,CAL,[317],sum reported candidates for primary score; all candidates for unreported descriptive abundance,False,True,False,True,False,True,False,True,False,True,False,True,False,LOCAL_CAL_RECALIBRATION
MODERATE__CAL_R4_K175,CAL_R4_K175,MODERATE,PS 14:0_20:0,0.0002454376368481265,,NOT_COMPUTED,False,False,False,False,0.6390062445975,0.6039215648852556,0.5917821634870438,PS,0.16709168430356958,,,UNASSIGNED_FALSE_POSITIVE,,,,,,,,,,,,175,R4,CAL,[82],sum reported candidates for primary score; all candidates for unreported descriptive abundance,False,True,False,False,False,True,False,False,False,True,False,True,False,LOCAL_CAL_RECALIBRATION
MODERATE__CAL_R4_K175,CAL_R4_K175,MODERATE,PS 14:0_20:1,0.017631415788018644,9.04345721375981e-05,COMPUTED,True,True,True,True,0.6452509214029478,0.5669019742880855,0.5507237251352834,PS,0.1894366719953947,,5,singleton_control,,,,,,,,,228,,2.0,175,R4,CAL,[83],sum reported candidates for primary score; all candidates for unreported descriptive abundance,True,True,True,False,False,True,False,True,False,True,False,True,False,LOCAL_CAL_RECALIBRATION
MODERATE__CAL_R4_K175,CAL_R4_K175,MODERATE,PS 14:0_22:0,0.0006699268065683547,,NOT_COMPUTED,False,False,False,False,0.755911282254363,0.4966771953016806,0.42064733146849337,PS,0.15131295823331015,,,UNASSIGNED_FALSE_POSITIVE,,,,,,,,,,,,175,R4,CAL,[84],sum reported candidates for primary score; all candidates for unreported descriptive abundance,False,True,False,False,False,True,False,False,False,True,False,True,False,LOCAL_CAL_RECALIBRATION
MODERATE__CAL_R4_K175,CAL_R4_K175,MODERATE,PS 14:0_22:1,0.017018741951138453,0.000623062134832431,COMPUTED,True,True,True,True,0.7566456616873307,0.5529261261358074,0.3776688339649247,PS,0.1692950771569941,B7_U17_U99,17,spectral_easy_spatial_low,0.2009326765188834,0.19224958949096882,0.19224958949096882,0.2009326765188834,0.0,0.0,0.0,0.0,313,-0.17818490870184517,2.0,175,R4,CAL,[85],sum reported candidates for primary score; all candidates for unreported descriptive abundance,True,True,True,False,True,True,True,False,False,True,False,True,False,LOCAL_CAL_RECALIBRATION
MODERATE__CAL_R4_K175,CAL_R4_K175,MODERATE,PS 14:0_22:2,0.00035350625278801845,,NOT_COMPUTED,False,False,False,False,0.4826107446087538,0.6351598729298585,0.8421239646187574,PS,0.056673251273551106,,,UNASSIGNED_FALSE_POSITIVE,,,,,,,,,,,,175,R4,CAL,[86],sum reported candidates for primary score; all candidates for unreported descriptive abundance,False,True,False,False,False,True,False,False,False,True,False,True,False,LOCAL_CAL_RECALIBRATION
MODERATE__CAL_R4_K175,CAL_R4_K175,MODERATE,PS 14:0_22:3,0.010394763525118509,4.017640311154783e-06,COMPUTED,True,True,True,True,0.41601375018608094,0.6266366484273417,0.8392569801595195,PS,0.12772122317274553,B7_U47_U115,47,spectral_hard_spatial_high,0.7173612479474549,0.7259195402298851,0.7173612479474549,0.7259195402298851,0.09627294846157408,0.10606060606060606,0.03831324704124254,0.0,349,0.9957913195295264,1.2101381550740857,175,R4,CAL,[87],sum reported candidates for primary score; all candidates for unreported descriptive abundance,False,True,False,True,False,True,False,True,False,True,False,True,False,LOCAL_CAL_RECALIBRATION
MODERATE__CAL_R4_K175,CAL_R4_K175,MODERATE,PS 14:0_22:4,0.0014752923829369474,0.0,COMPUTED,True,False,False,False,0.3282929959935041,0.543623575220217,0.9003462122557829,PS,0.10688133467946276,,,UNASSIGNED_FALSE_POSITIVE,,,,,,,,,,,,175,R4,CAL,[88],sum reported candidates for primary score; all candidates for unreported descriptive abundance,False,True,False,False,False,True,False,False,False,True,False,True,False,LOCAL_CAL_RECALIBRATION
MODERATE__CAL_R4_K175,CAL_R4_K175,MODERATE,PS 16:0_18:0,0.02164549263452137,0.00016488950838626566,COMPUTED,True,True,True,True,0.5338078555993598,0.5969269143482696,0.5956843784845582,PS,0.2694107455482141,B1_U18_U144,18,spectral_easy_spatial_low,0.20493267651888342,0.2025353037766831,0.2025353037766831,0.20493267651888342,0.0,0.0,0.0,0.0,327,-0.13432630773009427,2.0,175,R4,CAL,[89],sum reported candidates for primary score; all candidates for unreported descriptive abundance,True,True,True,False,True,True,True,False,True,True,False,True,False,LOCAL_CAL_RECALIBRATION
MODERATE__CAL_R4_K175,CAL_R4_K175,MODERATE,PS 16:0_18:1,0.010173779606682809,1.0421486162728663e-05,COMPUTED,True,True,True,True,0.47547241841180754,0.6012836678060572,0.6004958373364375,PS,0.3241554633817245,B6_U16_U150,16,spectral_hard_spatial_high,0.8016518883415436,0.8704121510673235,0.8016518883415436,0.8704121510673235,0.6012836678060572,0.3106796116504854,0.6004958373364375,0.0,293,0.9951116875207854,0.5,175,R4,CAL,[90],sum reported candidates for primary score; all candidates for unreported descriptive abundance,False,True,False,True,False,True,False,True,False,True,False,True,False,LOCAL_CAL_RECALIBRATION
MODERATE__CAL_R4_K175,CAL_R4_K175,MODERATE,PS 16:0_18:2,0.008321436420425533,4.218936035935669e-06,COMPUTED,True,True,True,True,0.6781582371045598,0.5040174672653055,0.5002817714157587,PS,0.18770442474725524,B2_U4_U74,4,spectral_hard_spatial_high,0.753344827586207,0.5892348111658455,0.5892348111658455,0.753344827586207,0.3843112909970413,0.29357798165137616,0.1885816482983016,0.0,381,0.9963033145871754,0.5,175,R4,CAL,[91],sum reported candidates for primary score; all candidates for unreported descriptive abundance,False,True,False,True,False,True,False,True,False,True,False,True,False,LOCAL_CAL_RECALIBRATION
MODERATE__CAL_R4_K175,CAL_R4_K175,MODERATE,PS 16:0_20:0,0.003075524416269472,0.0,COMPUTED,True,True,True,True,0.5982023461058829,0.4966771953016806,0.46881418646450934,PS,0.2850944661659719,B2_U23_U146,23,spectral_hard_spatial_low,0.6574581280788178,0.6583152709359607,0.6574581280788178,0.6583152709359607,0.04355266034180107,0.06944444444444445,0.043333667178812665,0.0,145,-0.22314158658320196,0.5340342571614348,175,R4,CAL,[92],sum reported candidates for primary score; all candidates for unreported descriptive abundance,False,True,False,True,False,True,False,True,False,True,False,True,False,LOCAL_CAL_RECALIBRATION
MODERATE__CAL_R4_K175,CAL_R4_K175,MODERATE,PS 16:0_20:1,0.0009760752222596194,,NOT_COMPUTED,False,False,False,False,0.438433265063827,0.6697914449178625,0.6641534926990753,PS,0.30916297498531836,,,UNASSIGNED_FALSE_POSITIVE,,,,,,,,,,,,175,R4,CAL,[93],sum reported candidates for primary score; all candidates for unreported descriptive abundance,False,True,False,False,False,True,False,False,False,True,False,True,False,LOCAL_CAL_RECALIBRATION
MODERATE__CAL_R4_K175,CAL_R4_K175,MODERATE,PS 16:0_20:2,0.021003240565714097,2.9718322021333165e-05,COMPUTED,True,True,True,True,0.4254264414636681,0.6085440292908172,0.6058878288272445,PS,0.3701236442499894,,36,singleton_control,,,,,,,,,224,,2.0,175,R4,CAL,[94],sum reported candidates for primary score; all candidates for unreported descriptive abundance,False,True,False,True,False,True,False,True,True,True,False,True,False,LOCAL_CAL_RECALIBRATION
MODERATE__CAL_R4_K175,CAL_R4_K175,MODERATE,PS 16:0_20:3,0.001517119665462519,3.841492512441112e-06,COMPUTED,True,False,False,False,0.31718607034211305,0.6379581944357362,0.8388893290291434,PS,0.2271159539431486,,,UNASSIGNED_FALSE_POSITIVE,,,,,,,,,,,,175,R4,CAL,[95],sum reported candidates for primary score; all candidates for unreported descriptive abundance,False,True,False,False,False,True,False,False,False,True,False,True,False,LOCAL_CAL_RECALIBRATION
MODERATE__CAL_R4_K175,CAL_R4_K175,MODERATE,PS 16:0_20:4,0.0034259239505322614,3.798832906793097e-06,COMPUTED,True,True,True,True,0.28261631942641324,0.543623575220217,0.9003462122557829,PS,0.1525580112465536,B2_U4_U74,74,spectral_hard_spatial_high,0.753344827586207,0.5892348111658455,0.5892348111658455,0.753344827586207,0.3843112909970413,0.29357798165137616,0.1885816482983016,0.0,381,0.9963033145871754,0.5,175,R4,CAL,[96],sum reported candidates for primary score; all candidates for unreported descriptive abundance,False,True,False,True,False,True,False,True,False,True,False,True,False,LOCAL_CAL_RECALIBRATION
MODERATE__CAL_R4_K175,CAL_R4_K175,MODERATE,PS 16:0_20:5,6.487356954380321e-07,,NOT_COMPUTED,False,False,False,False,0.4925110672748304,0.5885323920958705,0.6553924750820541,PS,0.2627774230424914,,,UNASSIGNED_FALSE_POSITIVE,,,,,,,,,,,,175,R4,CAL,[97],sum reported candidates for primary score; all candidates for unreported descriptive abundance,False,True,False,False,False,True,False,False,False,True,False,True,False,LOCAL_CAL_RECALIBRATION
MODERATE__CAL_R4_K175,CAL_R4_K175,MODERATE,PS 16:1_18:1,0.004302395795296676,2.603012065276834e-06,COMPUTED,True,True,True,True,0.5162932804885375,0.7088748688362516,0.7013033019364238,PS,0.1965697348889397,,14,singleton_control,,,,,,,,,218,,0.5340342571614348,175,R4,CAL,[99],sum reported candidates for primary score; all candidates for unreported descriptive abundance,False,True,False,True,False,True,False,True,False,True,False,True,False,LOCAL_CAL_RECALIBRATION
MODERATE__CAL_R4_K175,CAL_R4_K175,MODERATE,PS 16:1_20:1,0.0004530299392890236,,NOT_COMPUTED,False,False,False,False,0.4129541991564398,0.5415506422933887,0.8421239646187574,PS,0.12632979672586508,,,UNASSIGNED_FALSE_POSITIVE,,,,,,,,,,,,175,R4,CAL,[101],sum reported candidates for primary score; all candidates for unreported descriptive abundance,False,True,False,False,False,True,False,False,False,True,False,True,False,LOCAL_CAL_RECALIBRATION
MODERATE__CAL_R4_K175,CAL_R4_K175,MODERATE,PS 16:1_20:2,0.022667571135320096,4.301857165307953e-05,COMPUTED,True,True,True,True,0.399126245510874,0.563048838323171,0.8392569801595195,PS,0.14460872784795248,B5_U29_U147,29,spectral_hard_spatial_high,0.7965911330049261,0.8044614121510674,0.7965911330049261,0.8044614121510674,0.42862613360124546,0.3867924528301887,0.27409032640326025,0.0,237,0.9960343206301072,2.0,175,R4,CAL,[102],sum reported candidates for primary score; all candidates for unreported descriptive abundance,False,True,False,True,False,True,False,True,True,True,False,True,False,LOCAL_CAL_RECALIBRATION
MODERATE__CAL_R4_K175,CAL_R4_K175,MODERATE,PS 16:1_20:3,0.0004198897101482214,,NOT_COMPUTED,False,False,False,False,0.34984059386853866,0.5074650921831881,0.8789619070758706,PS,0.12705139171053204,,,UNASSIGNED_FALSE_POSITIVE,,,,,,,,,,,,175,R4,CAL,[103],sum reported candidates for primary score; all candidates for unreported descriptive abundance,False,True,False,False,False,True,False,False,False,True,False,True,False,LOCAL_CAL_RECALIBRATION
MODERATE__CAL_R4_K175,CAL_R4_K175,MODERATE,PS 16:1_20:4,2.059965637494819e-06,,NOT_COMPUTED,False,False,False,False,0.6316414058973379,0.55604981646135,0.6553924750820541,PS,0.12364708441998395,,,UNASSIGNED_FALSE_POSITIVE,,,,,,,,,,,,175,R4,CAL,[104],sum reported candidates for primary score; all candidates for unreported descriptive abundance,False,True,False,False,False,True,False,False,False,True,False,True,False,LOCAL_CAL_RECALIBRATION
MODERATE__CAL_R4_K175,CAL_R4_K175,MODERATE,PS 17:0_18:1,1.6056157832863754e-07,,NOT_COMPUTED,False,False,False,False,0.6537549379034493,0.5358578664393875,0.5369671105815844,PS,0.1898482402281083,,,UNASSIGNED_FALSE_POSITIVE,,,,,,,,,,,,175,R4,CAL,[113],sum reported candidates for primary score; all candidates for unreported descriptive abundance,False,True,False,False,False,True,False,False,False,True,False,True,False,LOCAL_CAL_RECALIBRATION
MODERATE__CAL_R4_K175,CAL_R4_K175,MODERATE,PS 17:0_18:2,0.02008328570366329,0.0010682186775397967,COMPUTED,True,True,True,True,0.8592744291053689,0.42774736234787014,0.42497146944658676,PS,0.04593231532178621,B1_U3_U136,3,spectral_easy_spatial_high,0.20836124794745484,0.2082495894909688,0.2082495894909688,0.20836124794745484,0.0,0.0,0.0,0.0,266,0.9975895331554594,2.0,175,R4,CAL,[114],sum reported candidates for primary score; all candidates for unreported descriptive abundance,True,True,True,False,True,True,True,False,False,True,False,True,False,LOCAL_CAL_RECALIBRATION
MODERATE__CAL_R4_K175,CAL_R4_K175,MODERATE,PS 18:0_16:1,0.0008956962684907309,,NOT_COMPUTED,False,False,False,False,0.4974005788167513,0.5669019742880855,0.5507237251352834,PS,0.3372870145815912,,,UNASSIGNED_FALSE_POSITIVE,,,,,,,,,,,,175,R4,CAL,[98],sum reported candidates for primary score; all candidates for unreported descriptive abundance,False,True,False,False,False,True,False,False,False,True,False,True,False,LOCAL_CAL_RECALIBRATION
MODERATE__CAL_R4_K175,CAL_R4_K175,MODERATE,PS 18:0_17:1,4.396856315742384e-07,,NOT_COMPUTED,False,False,False,False,0.5700329198506149,0.552158066910196,0.5504258614480149,PS,0.2648511266188399,,,UNASSIGNED_FALSE_POSITIVE,,,,,,,,,,,,175,R4,CAL,[115],sum reported candidates for primary score; all candidates for unreported descriptive abundance,False,True,False,False,False,True,False,False,False,True,False,True,False,LOCAL_CAL_RECALIBRATION
MODERATE__CAL_R4_K175,CAL_R4_K175,MODERATE,PS 18:0_18:0,0.002521126926584041,2.2574938451531956e-05,COMPUTED,True,False,False,False,0.4331045541325963,0.7822407069839156,0.7805572307978421,PS,0.19197976773862468,,,UNASSIGNED_FALSE_POSITIVE,,,,,,,,,,,,175,R4,CAL,[105],sum reported candidates for primary score; all candidates for unreported descriptive abundance,False,True,False,False,False,True,False,False,False,True,False,True,False,LOCAL_CAL_RECALIBRATION
MODERATE__CAL_R4_K175,CAL_R4_K175,MODERATE,PS 18:0_18:1,0.004367172835048872,1.1217015212542078e-08,COMPUTED,True,True,True,True,0.5024918162288118,0.5824944035603653,0.5811253535349179,PS,0.31132224329517844,B5_U15_U96,15,spectral_easy_spatial_low,0.22036124794745482,0.2168210180623974,0.2168210180623974,0.22036124794745482,0.0,0.0,0.0,0.0,146,-0.1787859723521625,0.689110922829001,175,R4,CAL,[106],sum reported candidates for primary score; all candidates for unreported descriptive abundance,False,True,False,True,False,True,False,True,False,True,False,True,False,LOCAL_CAL_RECALIBRATION
MODERATE__CAL_R4_K175,CAL_R4_K175,MODERATE,PS 18:0_18:2,0.0020211733117147805,9.632664948830878e-06,COMPUTED,True,False,False,False,0.541157843513578,0.6351598729298585,0.6058878288272445,PS,0.2543922422000795,,,UNASSIGNED_FALSE_POSITIVE,,,,,,,,,,,,175,R4,CAL,[107],sum reported candidates for primary score; all candidates for unreported descriptive abundance,False,True,False,False,False,True,False,False,False,True,False,True,False,LOCAL_CAL_RECALIBRATION
MODERATE__CAL_R4_K175,CAL_R4_K175,MODERATE,PS 18:0_18:3,0.0016518485437430248,0.0,COMPUTED,True,False,False,False,0.5738266720137706,0.6379581944357362,0.5450127737114232,PS,0.264601068755451,,,UNASSIGNED_FALSE_POSITIVE,,,,,,,,,,,,175,R4,CAL,[108],sum reported candidates for primary score; all candidates for unreported descriptive abundance,False,True,False,False,False,True,False,False,False,True,False,True,False,LOCAL_CAL_RECALIBRATION
MODERATE__CAL_R4_K175,CAL_R4_K175,MODERATE,PS 18:1_18:1,0.013624077342778802,5.707606190547638e-07,COMPUTED,True,True,True,True,0.40966522110944875,0.7550139637638565,0.7530106946391664,PS,0.24834305677088325,B4_U31_U61,61,spectral_easy_spatial_low,0.1672183908045977,0.15510673234811168,0.15510673234811168,0.1672183908045977,0.0,0.0,0.0,0.0,237,-0.49403018618460437,2.0,175,R4,CAL,[109],sum reported candidates for primary score; all candidates for unreported descriptive abundance,False,True,False,True,False,True,False,True,False,True,False,True,False,LOCAL_CAL_RECALIBRATION
MODERATE__CAL_R4_K175,CAL_R4_K175,MODERATE,PS 18:1_18:2,0.0032896109603928205,0.0,COMPUTED,True,True,True,True,0.5035381539353998,0.5475678123279634,0.5450127737114232,PS,0.33488958683382175,B3_U24_U71,24,spectral_easy_spatial_low,0.21500985221674876,0.1539638752052545,0.1539638752052545,0.21500985221674876,0.0,0.0,1.1952550981648553e-18,2.7908281293347514e-17,90,-0.1253704407844631,0.6170676298438253,175,R4,CAL,[110],sum reported candidates for primary score; all candidates for unreported descriptive abundance,False,True,False,True,False,True,False,True,False,True,False,True,False,LOCAL_CAL_RECALIBRATION
MODERATE__CAL_R4_K175,CAL_R4_K175,MODERATE,PS 18:1_18:3,0.00028120694104328615,,NOT_COMPUTED,False,False,False,False,0.6381277857367744,0.5253007492314473,0.484962105391494,PS,0.23640738012806917,,,UNASSIGNED_FALSE_POSITIVE,,,,,,,,,,,,175,R4,CAL,[111],sum reported candidates for primary score; all candidates for unreported descriptive abundance,False,True,False,False,False,True,False,False,False,True,False,True,False,LOCAL_CAL_RECALIBRATION
MODERATE__CAL_R4_K175,CAL_R4_K175,MODERATE,PS 18:2_18:2,0.006507985319234859,1.3957155458875397e-05,COMPUTED,True,True,True,True,0.48970262007816334,0.7776225381848841,0.7708922887506152,PS,0.14726290422031718,B4_U25_U52,25,spectral_easy_spatial_low,0.33451067323481115,0.16996387520525452,0.16996387520525452,0.33451067323481115,0.0,0.0,0.04481270302025489,0.42752415751716705,216,-0.3521881665850955,0.5,175,R4,CAL,[112],sum reported candidates for primary score; all candidates for unreported descriptive abundance,False,True,False,True,False,True,False,True,False,True,False,True,False,LOCAL_CAL_RECALIBRATION
MODERATE__CAL_R4_K175,CAL_R4_K175,MODERATE,PS 20:0_16:1,0.000356668079268983,,NOT_COMPUTED,False,False,False,False,0.49681824282241865,0.5478869149773706,0.5411661615055257,PS,0.34409744001467496,,,UNASSIGNED_FALSE_POSITIVE,,,,,,,,,,,,175,R4,CAL,[100],sum reported candidates for primary score; all candidates for unreported descriptive abundance,False,True,False,False,False,True,False,False,False,True,False,True,False,LOCAL_CAL_RECALIBRATION
