dataset_id,base_dataset_id,severity,candidate_index,candidate_id,lipid_name,X_hat,rho_zero,rho_zero_status,raw_solver_reported,candidate_truth,molecular_truth,reportable_truth,cone_isolation,max_fragment_cosine,max_full_cosine,lipid_class,collective_gain,pair_id,unit_id,role,spectral_score_CAL,spectral_score_HOLD,joint_hard_score,joint_easy_score,fragment_cosine,fragment_support_jaccard,full_cosine,parent_cosine,base_template_id,realized_spatial_correlation,abundance_multiplier,K,replicate,split
MODERATE__HOLD_R1_K175,HOLD_R1_K175,MODERATE,0,PA-H__0075,PA 16:0_24:0,0.001703053619896044,9.495252327488645e-07,COMPUTED,True,False,False,False,0.729606198131629,0.7748217721703936,0.44170172724713597,PA,0.16755576280234685,,,UNASSIGNED_FALSE_POSITIVE,,,,,,,,,,,,175,R1,HOLD
MODERATE__HOLD_R1_K175,HOLD_R1_K175,MODERATE,1,PA-H__0076,PA 16:0_24:1,0.014392348688550738,1.3579914541972986e-05,COMPUTED,True,True,True,True,0.5504804076642431,0.883487638633687,0.6654546118919494,PA,0.19595790828137805,,28,singleton_control,,,,,,,,,267,,2.0,175,R1,HOLD
MODERATE__HOLD_R1_K175,HOLD_R1_K175,MODERATE,2,PA-H__0079,PA 16:0_24:4,4.997755221814005e-10,,NOT_COMPUTED,False,True,True,True,0.2223063465458067,0.9171280506076233,0.9158818256178151,PA,0.17914163452145218,B7_U47_U115,115,spectral_hard_spatial_high,0.7173612479474549,0.7259195402298851,0.7173612479474549,0.7259195402298851,0.04535930018705837,0.1794871794871795,0.024301483593310788,0.0,139,0.9927947904947065,0.6170676298438253,175,R1,HOLD
MODERATE__HOLD_R1_K175,HOLD_R1_K175,MODERATE,3,PA-H__0080,PA 16:0_24:5,0.0041039532606934595,0.0,COMPUTED,True,False,False,False,0.22923411741411742,0.9171280506076233,0.9158818256178151,PA,0.17221386365314145,,,UNASSIGNED_FALSE_POSITIVE,,,,,,,,,,,,175,R1,HOLD
MODERATE__HOLD_R1_K175,HOLD_R1_K175,MODERATE,4,PA-H__0100,PA 24:0_16:1,0.0,,NOT_COMPUTED,False,False,False,False,0.47172636833494863,0.7350890401757907,0.6635490105932277,PA,0.2764064477750978,,,UNASSIGNED_FALSE_POSITIVE,,,,,,,,,,,,175,R1,HOLD
MODERATE__HOLD_R1_K175,HOLD_R1_K175,MODERATE,5,PA-H__0117,PA 18:0_22:0,0.01134234515492293,8.768692970331374e-07,COMPUTED,True,True,True,True,0.3381799302246325,0.7789494468002593,0.6213615663357793,PA,0.44534403487199864,B3_U27_U48,48,spectral_easy_spatial_high,0.1769326765188834,0.1802495894909688,0.1769326765188834,0.1802495894909688,0.0,0.0,0.0,0.0,94,0.9945180924853226,1.4538436095675817,175,R1,HOLD
MODERATE__HOLD_R1_K175,HOLD_R1_K175,MODERATE,6,PA-H__0118,PA 18:0_22:1,0.008150618045596799,2.054047157249851e-08,COMPUTED,True,False,False,False,0.3291126428847987,0.854010491337717,0.7758194394971382,PA,0.30184234544507127,,,UNASSIGNED_FALSE_POSITIVE,,,,,,,,,,,,175,R1,HOLD
MODERATE__HOLD_R1_K175,HOLD_R1_K175,MODERATE,7,PA-H__0119,PA 18:0_22:2,0.004073474299869013,1.2596479071758064e-06,COMPUTED,True,True,True,True,0.27393752390511106,0.8394493239810369,0.7712444256096473,PA,0.36260158405766385,B1_U95_U125,125,spectral_hard_spatial_low,0.7451149425287357,0.8009901477832513,0.7451149425287357,0.8009901477832513,0.0753246954491252,0.3018867924528302,0.08214312893707955,0.11319967071044161,133,-0.2514853335695852,0.6170676298438253,175,R1,HOLD
MODERATE__HOLD_R1_K175,HOLD_R1_K175,MODERATE,8,PA-H__0120,PA 18:0_22:3,0.0011783966598145467,1.6082440983254795e-05,COMPUTED,True,False,False,False,0.26685411549166754,0.7994055605507371,0.7822770241404187,PA,0.35607658490927657,,,UNASSIGNED_FALSE_POSITIVE,,,,,,,,,,,,175,R1,HOLD
MODERATE__HOLD_R1_K175,HOLD_R1_K175,MODERATE,9,PA-H__0121,PA 18:0_22:4,0.004480899768528481,0.0,COMPUTED,True,True,True,True,0.18925162859522815,0.8691673191165914,0.8645836840369737,PA,0.31323723028330897,B2_U43_U133,133,spectral_hard_spatial_high,0.896121510673235,0.8493119868637111,0.8493119868637111,0.896121510673235,0.7986035117425145,0.41,0.7525372430626872,0.0,321,0.9964097830464953,0.5,175,R1,HOLD
MODERATE__HOLD_R1_K175,HOLD_R1_K175,MODERATE,10,PA-H__0122,PA 18:0_22:5,4.9981508108100904e-05,,NOT_COMPUTED,False,False,False,False,0.13936661280823676,0.9374908882297373,0.9345818680853585,PA,0.21638151697754526,,,UNASSIGNED_FALSE_POSITIVE,,,,,,,,,,,,175,R1,HOLD
MODERATE__HOLD_R1_K175,HOLD_R1_K175,MODERATE,11,PA-H__0124,PA 18:0_24:0,0.0,,NOT_COMPUTED,False,False,False,False,0.5363596171784565,0.7271532361366108,0.6313329291237251,PA,0.239152299302559,,,UNASSIGNED_FALSE_POSITIVE,,,,,,,,,,,,175,R1,HOLD
MODERATE__HOLD_R1_K175,HOLD_R1_K175,MODERATE,12,PA-H__0125,PA 18:0_24:1,0.0057226122229835155,1.4185333090932127e-06,COMPUTED,True,True,True,True,0.3334734584306543,0.8793255202210899,0.8305304488322932,PA,0.22349976674487387,B2_U43_U133,43,spectral_hard_spatial_high,0.896121510673235,0.8493119868637111,0.8493119868637111,0.896121510673235,0.7986035117425145,0.41,0.7525372430626872,0.0,321,0.9964097830464953,0.689110922829001,175,R1,HOLD
MODERATE__HOLD_R1_K175,HOLD_R1_K175,MODERATE,13,PA-H__0128,PA 18:0_24:4,0.003046283983534151,0.0,COMPUTED,True,False,False,False,0.19065424453428229,0.8372950741847822,0.832749852444057,PA,0.362995178164235,,,UNASSIGNED_FALSE_POSITIVE,,,,,,,,,,,,175,R1,HOLD
MODERATE__HOLD_R1_K175,HOLD_R1_K175,MODERATE,14,PA-H__0129,PA 18:0_24:5,0.0015323509236203343,0.0,COMPUTED,True,True,True,True,0.1609179673339711,0.923167578011941,0.919680283971754,PA,0.23175005437601462,B4_U64_U141,141,spectral_hard_spatial_high,0.7657668308702792,0.7451904761904762,0.7451904761904762,0.7657668308702792,0.04936673211304598,0.11450381679389313,0.04704824842945059,0.0,223,0.9958667516089417,0.5,175,R1,HOLD
MODERATE__HOLD_R1_K175,HOLD_R1_K175,MODERATE,15,PA-H__0130,PA 18:0_24:6,0.01831451632769869,7.485422109259787e-09,COMPUTED,True,True,True,True,0.1641748706562144,0.9374908882297373,0.9345818680853585,PA,0.19157325912956763,B6_U16_U150,150,spectral_hard_spatial_high,0.8016518883415436,0.8704121510673235,0.8016518883415436,0.8704121510673235,0.5488475814049499,0.40594059405940597,0.548527025020696,0.42361641273681017,267,0.9952910414028423,2.0,175,R1,HOLD
MODERATE__HOLD_R1_K175,HOLD_R1_K175,MODERATE,16,PA-H__0140,PA 22:0_18:1,0.0011111381892046062,0.0,COMPUTED,True,False,False,False,0.3671639070922606,0.7050099452951126,0.6113032030767289,PA,0.42423257628894034,,,UNASSIGNED_FALSE_POSITIVE,,,,,,,,,,,,175,R1,HOLD
MODERATE__HOLD_R1_K175,HOLD_R1_K175,MODERATE,17,PA-H__0141,PA 18:1_22:1,0.012240743304273863,2.1136498595534692e-18,COMPUTED,True,True,True,True,0.46175873097333114,0.9022714644699661,0.6587714343940032,PA,0.2905844069806663,B1_U59_U80,59,spectral_hard_spatial_low,0.679983579638752,0.7071789819376026,0.679983579638752,0.7071789819376026,0.031175949260026654,0.07692307692307693,0.6587714343940032,0.9999999999999994,302,-0.29199834044192785,0.7303443264893795,175,R1,HOLD
MODERATE__HOLD_R1_K175,HOLD_R1_K175,MODERATE,18,PA-H__0142,PA 18:1_22:2,0.00033523663052286063,,NOT_COMPUTED,False,False,False,False,0.40366716929733215,0.9248799886279087,0.7196223801768364,PA,0.2906984620156129,,,UNASSIGNED_FALSE_POSITIVE,,,,,,,,,,,,175,R1,HOLD
MODERATE__HOLD_R1_K175,HOLD_R1_K175,MODERATE,19,PA-H__0143,PA 18:1_22:3,0.014561059795842027,1.0381526000949747e-06,COMPUTED,True,True,True,True,0.26035456632127724,0.8639124793194024,0.8037028144235677,PA,0.33467634555443054,,92,singleton_control,,,,,,,,,381,,2.0,175,R1,HOLD
MODERATE__HOLD_R1_K175,HOLD_R1_K175,MODERATE,20,PA-H__0144,PA 18:1_22:4,0.0072457667093371305,1.0236543236956322e-06,COMPUTED,True,True,True,True,0.23118051955905902,0.7349039762795926,0.7251473077432745,PA,0.45741325188581883,B3_U62_U111,111,spectral_hard_spatial_low,0.6664384236453202,0.7616584564860427,0.6664384236453202,0.7616584564860427,0.1231108935077214,0.23478260869565218,0.10404094948269774,0.0,234,-0.19504475027495594,2.0,175,R1,HOLD
MODERATE__HOLD_R1_K175,HOLD_R1_K175,MODERATE,21,PA-H__0147,PA 24:0_18:1,9.053876830421043e-05,,NOT_COMPUTED,False,False,False,False,0.43680623844895256,0.7371891580184492,0.6602623564184665,PA,0.3142287944867514,,,UNASSIGNED_FALSE_POSITIVE,,,,,,,,,,,,175,R1,HOLD
MODERATE__HOLD_R1_K175,HOLD_R1_K175,MODERATE,22,PA-H__0148,PA 18:1_24:1,0.00735779901979394,1.0568249297767346e-18,COMPUTED,True,True,True,True,0.4394175718623714,0.7742897189559598,0.6708976550037268,PA,0.30213238364332506,B6_U39_U54,54,spectral_easy_spatial_low,0.1792183908045977,0.5071083743842364,0.1792183908045977,0.5071083743842364,0.00026369558372042073,0.10227272727272728,0.00020200331760154445,0.0,287,-0.12485182569342557,0.5,175,R1,HOLD
MODERATE__HOLD_R1_K175,HOLD_R1_K175,MODERATE,23,PA-H__0151,PA 18:1_24:4,0.006774201595203828,1.461211573310785e-05,COMPUTED,True,True,True,True,0.2590661626283403,0.770029563231097,0.7660750464750595,PA,0.383684973635327,B5_U81_U105,105,spectral_hard_spatial_high,0.7206288998357964,0.7457405582922824,0.7206288998357964,0.7457405582922824,0.08345586956895017,0.05442176870748299,0.08266818987422711,0.12074806658205942,349,0.996704226409377,0.5,175,R1,HOLD
MODERATE__HOLD_R1_K175,HOLD_R1_K175,MODERATE,24,PA-H__0152,PA 18:1_24:5,0.010524261660567653,2.3674314560328405e-06,COMPUTED,True,False,False,False,0.2403872498285696,0.8248123478924629,0.8214327614182942,PA,0.3299181231679643,,,UNASSIGNED_FALSE_POSITIVE,,,,,,,,,,,,175,R1,HOLD
MODERATE__HOLD_R1_K175,HOLD_R1_K175,MODERATE,25,PA-H__0153,PA 18:1_24:6,0.019573994632600993,7.969857531961511e-06,COMPUTED,True,True,True,True,0.25854770171004793,0.8317569743542244,0.8214327614182942,PA,0.311757671286486,,113,singleton_control,,,,,,,,,293,,2.0,175,R1,HOLD
MODERATE__HOLD_R1_K175,HOLD_R1_K175,MODERATE,26,PA-H__0162,PA 22:0_18:2,0.00932225291361359,2.8181998127379586e-18,COMPUTED,True,True,True,True,0.34226134747101367,0.761776416520081,0.6134161506702321,PA,0.4474985059635067,,34,singleton_control,,,,,,,,,109,,1.0760213163243861,175,R1,HOLD
MODERATE__HOLD_R1_K175,HOLD_R1_K175,MODERATE,27,PA-H__0163,PA 22:1_18:2,0.017059218944628727,1.2508906894652678e-05,COMPUTED,True,True,True,True,0.3672416022212644,0.8804726866933393,0.607232220086111,PA,0.42728280324989093,B1_U95_U125,95,spectral_hard_spatial_low,0.7451149425287357,0.8009901477832513,0.7451149425287357,0.8009901477832513,0.0753246954491252,0.3018867924528302,0.08214312893707955,0.11319967071044161,246,-0.2514853335695852,2.0,175,R1,HOLD
MODERATE__HOLD_R1_K175,HOLD_R1_K175,MODERATE,28,PA-H__0164,PA 18:2_22:2,0.004700102009605331,1.761374882961224e-18,COMPUTED,True,False,False,False,0.47866516502254414,0.8685597534716455,0.7219248581633445,PA,0.21330629332370504,,,UNASSIGNED_FALSE_POSITIVE,,,,,,,,,,,,175,R1,HOLD
MODERATE__HOLD_R1_K175,HOLD_R1_K175,MODERATE,29,PA-H__0165,PA 18:2_22:3,0.0,,NOT_COMPUTED,False,False,False,False,0.40654814292933356,0.8361365785941115,0.722889225295104,PA,0.2844157982081504,,,UNASSIGNED_FALSE_POSITIVE,,,,,,,,,,,,175,R1,HOLD
MODERATE__HOLD_R1_K175,HOLD_R1_K175,MODERATE,30,PA-H__0169,PA 24:0_18:2,0.0002835773304633606,,NOT_COMPUTED,False,False,False,False,0.4349361980895777,0.674205896426856,0.5485397946470075,PA,0.4011882505953169,,,UNASSIGNED_FALSE_POSITIVE,,,,,,,,,,,,175,R1,HOLD
MODERATE__HOLD_R1_K175,HOLD_R1_K175,MODERATE,31,PA-H__0170,PA 24:1_18:2,0.01723856831796741,8.596366318762032e-06,COMPUTED,True,True,True,True,0.416531063009088,0.7481851339902038,0.6386711778861706,PA,0.35294871355264307,B3_U62_U111,62,spectral_hard_spatial_low,0.6664384236453202,0.7616584564860427,0.6664384236453202,0.7616584564860427,0.1231108935077214,0.23478260869565218,0.10404094948269774,0.0,121,-0.19504475027495594,1.0000000000000002,175,R1,HOLD
MODERATE__HOLD_R1_K175,HOLD_R1_K175,MODERATE,32,PA-H__0173,PA 18:2_24:4,0.006159324856228843,0.0,COMPUTED,True,True,True,True,0.33277246997096527,0.6495701338678831,0.6430180714358019,PA,0.4330785336890039,B6_U26_U82,82,spectral_easy_spatial_high,0.19121839080459768,0.41874220032840725,0.19121839080459768,0.41874220032840725,1.8412021151145245e-07,0.09285714285714286,1.8199558490736153e-07,0.0,180,0.9964852610604907,0.7802037075442214,175,R1,HOLD
MODERATE__HOLD_R1_K175,HOLD_R1_K175,MODERATE,33,PA-H__0174,PA 18:2_24:5,0.0018535309876235304,0.0,COMPUTED,True,True,True,True,0.30902833514416345,0.8083196183923326,0.8030418220184925,PA,0.2868943377666932,B6_U66_U154,66,spectral_hard_spatial_low,0.6740246305418719,0.8117881773399014,0.6740246305418719,0.8117881773399014,0.2720760767326175,0.12605042016806722,0.2705250079291411,0.0,171,-0.23888516682926203,0.5,175,R1,HOLD
MODERATE__HOLD_R1_K175,HOLD_R1_K175,MODERATE,34,PA-H__0175,PA 18:2_24:6,0.0009348510863521301,,NOT_COMPUTED,False,False,False,False,0.29491975880184035,0.8083196183923326,0.8030418220184925,PA,0.3010029141090163,,,UNASSIGNED_FALSE_POSITIVE,,,,,,,,,,,,175,R1,HOLD
MODERATE__HOLD_R1_K175,HOLD_R1_K175,MODERATE,35,PA-H__0197,PA 20:0_20:0,0.002734769215319532,7.850717541943922e-07,COMPUTED,True,False,False,False,0.30857219638826255,0.9341726466812952,0.8971732152464247,PA,0.13310667094001766,,,UNASSIGNED_FALSE_POSITIVE,,,,,,,,,,,,175,R1,HOLD
MODERATE__HOLD_R1_K175,HOLD_R1_K175,MODERATE,36,PA-H__0198,PA 20:0_20:1,0.0032602631069800427,0.0,COMPUTED,True,False,False,False,0.2700502904887188,0.7565930817931681,0.6960378383676507,PA,0.447954812251149,,,UNASSIGNED_FALSE_POSITIVE,,,,,,,,,,,,175,R1,HOLD
MODERATE__HOLD_R1_K175,HOLD_R1_K175,MODERATE,37,PA-H__0199,PA 20:0_20:2,5.32030285403161e-07,,NOT_COMPUTED,False,True,True,True,0.2807555140432376,0.7492730089935543,0.6350781709113766,PA,0.49169235917013354,B7_U69_U83,69,spectral_hard_spatial_high,0.7420279146141214,0.7909720853858784,0.7420279146141214,0.7909720853858784,0.1001863763237193,0.39622641509433965,0.08416550006692773,0.0,222,0.9963062276148869,0.5,175,R1,HOLD
MODERATE__HOLD_R1_K175,HOLD_R1_K175,MODERATE,38,PA-H__0200,PA 20:0_20:3,0.008601053696375085,0.0,COMPUTED,True,True,True,True,0.28594755195446475,0.8048190171061798,0.7203920412647556,PA,0.4076195370011738,B5_U53_U107,53,spectral_hard_spatial_low,0.6654942528735632,0.6520853858784894,0.6520853858784894,0.6654942528735632,0.001805667840925386,0.13114754098360656,0.0016250389535571094,0.0,287,-0.1259374518719479,1.4538436095675817,175,R1,HOLD
MODERATE__HOLD_R1_K175,HOLD_R1_K175,MODERATE,39,PA-H__0201,PA 20:0_20:4,4.425721161635324e-07,,NOT_COMPUTED,False,True,True,True,0.1645114953783594,0.8957566529041909,0.8619613486853611,PA,0.3424625013635971,B2_U23_U146,146,spectral_hard_spatial_low,0.6574581280788178,0.6583152709359607,0.6574581280788178,0.6583152709359607,0.03686160437306331,0.05925925925925926,0.03539255213324386,0.0,213,-0.36975084900206073,0.7303443264893795,175,R1,HOLD
MODERATE__HOLD_R1_K175,HOLD_R1_K175,MODERATE,40,PA-H__0202,PA 20:0_20:5,0.0010555388041810305,2.5875430935774856e-06,COMPUTED,True,False,False,False,0.18367672004065808,0.9361340206999159,0.9175683792240663,PA,0.2139012841901092,,,UNASSIGNED_FALSE_POSITIVE,,,,,,,,,,,,175,R1,HOLD
MODERATE__HOLD_R1_K175,HOLD_R1_K175,MODERATE,41,PA-H__0204,PA 20:0_22:1,0.006881005817190577,0.0,COMPUTED,True,True,True,True,0.3017443733307278,0.7600275012777736,0.7258338470317759,PA,0.3861256918000734,B4_U64_U141,64,spectral_hard_spatial_high,0.7657668308702792,0.7451904761904762,0.7451904761904762,0.7657668308702792,0.04936673211304598,0.11450381679389313,0.04704824842945059,0.0,223,0.9958667516089417,0.689110922829001,175,R1,HOLD
MODERATE__HOLD_R1_K175,HOLD_R1_K175,MODERATE,42,PA-H__0205,PA 20:0_22:2,0.0,,NOT_COMPUTED,False,False,False,False,0.3285634366810597,0.6941352616525697,0.6532726123926598,PA,0.4285593366507624,,,UNASSIGNED_FALSE_POSITIVE,,,,,,,,,,,,175,R1,HOLD
MODERATE__HOLD_R1_K175,HOLD_R1_K175,MODERATE,43,PA-H__0206,PA 20:0_22:3,0.005616775644225068,0.0,COMPUTED,True,False,False,False,0.3047114646464892,0.6917588469202741,0.6545603952551788,PA,0.45129825021396425,,,UNASSIGNED_FALSE_POSITIVE,,,,,,,,,,,,175,R1,HOLD
MODERATE__HOLD_R1_K175,HOLD_R1_K175,MODERATE,44,PA-H__0207,PA 20:0_22:4,0.00605713243104913,0.0,COMPUTED,True,True,True,True,0.241048023112079,0.8303328039494347,0.811768772008992,PA,0.3429309669132585,,135,singleton_control,,,,,,,,,329,,0.5,175,R1,HOLD
MODERATE__HOLD_R1_K175,HOLD_R1_K175,MODERATE,45,PA-H__0208,PA 20:0_22:5,0.0014097643549709456,0.0,COMPUTED,True,False,False,False,0.18797776572568772,0.9337578006589683,0.9226232034454928,PA,0.19772474199752751,,,UNASSIGNED_FALSE_POSITIVE,,,,,,,,,,,,175,R1,HOLD
MODERATE__HOLD_R1_K175,HOLD_R1_K175,MODERATE,46,PA-H__0209,PA 20:0_22:6,0.0020131164844520858,0.0,COMPUTED,True,True,True,True,0.18342642508946627,0.9361340206999159,0.9226232034454928,PA,0.20227608263374897,B7_U134_U159,159,spectral_hard_spatial_low,0.667512315270936,0.6009211822660099,0.6009211822660099,0.667512315270936,2.1721172227822936e-05,0.08571428571428572,2.1577778902626225e-05,0.0,166,-0.17794431856725149,0.5,175,R1,HOLD
MODERATE__HOLD_R1_K175,HOLD_R1_K175,MODERATE,47,PA-H__0217,PA 20:1_20:1,0.011841835678959967,8.468408305142264e-06,COMPUTED,True,True,True,True,0.4231895167566119,0.9753576763078726,0.6587714343940032,PA,0.3291536211973855,B1_U59_U80,80,spectral_hard_spatial_low,0.679983579638752,0.7071789819376026,0.679983579638752,0.7071789819376026,0.031175949260026654,0.07692307692307693,0.6587714343940032,0.9999999999999994,102,-0.29199834044192785,0.5,175,R1,HOLD
MODERATE__HOLD_R1_K175,HOLD_R1_K175,MODERATE,48,PA-H__0218,PA 20:1_20:2,0.0014707047409586592,0.0,COMPUTED,True,False,False,False,0.4799544894237642,0.9253440230489325,0.6127851649721114,PA,0.31029505444836114,,,UNASSIGNED_FALSE_POSITIVE,,,,,,,,,,,,175,R1,HOLD
MODERATE__HOLD_R1_K175,HOLD_R1_K175,MODERATE,49,PA-H__0219,PA 20:1_20:3,1.2897256368489746e-05,,NOT_COMPUTED,False,False,False,False,0.2950230689775499,0.8311619582958673,0.670144021014576,PA,0.44720802111394947,,,UNASSIGNED_FALSE_POSITIVE,,,,,,,,,,,,175,R1,HOLD
MODERATE__HOLD_R1_K175,HOLD_R1_K175,MODERATE,50,PA-H__0220,PA 20:1_20:4,0.0013550112134379688,0.0,COMPUTED,True,False,False,False,0.3008190275753367,0.858855563387748,0.7773054894334199,PA,0.3283043117601799,,,UNASSIGNED_FALSE_POSITIVE,,,,,,,,,,,,175,R1,HOLD
MODERATE__HOLD_R1_K175,HOLD_R1_K175,MODERATE,51,PA-H__0222,PA 22:0_20:1,0.014245232165621935,7.68246891387038e-06,COMPUTED,True,True,True,True,0.4020166500263304,0.8495611434984474,0.7558192210470013,PA,0.2527636987135384,,51,singleton_control,,,,,,,,,313,,1.0760213163243861,175,R1,HOLD
MODERATE__HOLD_R1_K175,HOLD_R1_K175,MODERATE,52,PA-H__0223,PA 20:1_22:1,0.0077711587999974505,3.5322407664536324e-06,COMPUTED,True,True,True,True,0.48292710886676304,0.8982874947005188,0.7105340184716673,PA,0.22073574264275386,B2_U60_U84,60,spectral_hard_spatial_low,0.8323037766830871,0.8063054187192118,0.8063054187192118,0.8323037766830871,0.42933444305322455,0.6511627906976745,0.3192878691885012,0.1211489568896669,244,-0.21416269310173836,0.7802037075442214,175,R1,HOLD
MODERATE__HOLD_R1_K175,HOLD_R1_K175,MODERATE,53,PA-H__0224,PA 20:1_22:2,7.799369953729688e-06,,NOT_COMPUTED,False,False,False,False,0.34352237197995034,0.9019786006016902,0.8163714083818836,PA,0.2340048772270285,,,UNASSIGNED_FALSE_POSITIVE,,,,,,,,,,,,175,R1,HOLD
MODERATE__HOLD_R1_K175,HOLD_R1_K175,MODERATE,54,PA-H__0225,PA 20:1_22:3,0.006845536968394774,0.0,COMPUTED,True,True,True,True,0.33476954438953394,0.8781031661032047,0.8136488404920164,PA,0.24658711409645712,,94,singleton_control,,,,,,,,,163,,1.8682084992203376,175,R1,HOLD
MODERATE__HOLD_R1_K175,HOLD_R1_K175,MODERATE,55,PA-H__0226,PA 20:1_22:4,0.001352003892244155,0.0,COMPUTED,True,False,False,False,0.34668458838690386,0.780619943822926,0.7254488250437023,PA,0.3415915206294644,,,UNASSIGNED_FALSE_POSITIVE,,,,,,,,,,,,175,R1,HOLD
MODERATE__HOLD_R1_K175,HOLD_R1_K175,MODERATE,56,PA-H__0227,PA 20:1_22:5,0.01240009532675369,9.499545807419502e-06,COMPUTED,True,True,True,True,0.22030580527220145,0.8930555529932804,0.8753112931195504,PA,0.2632540567277174,B7_U69_U83,83,spectral_hard_spatial_high,0.7420279146141214,0.7909720853858784,0.7420279146141214,0.7909720853858784,0.1001863763237193,0.39622641509433965,0.08416550006692773,0.0,222,0.9963062276148869,2.0,175,R1,HOLD
MODERATE__HOLD_R1_K175,HOLD_R1_K175,MODERATE,57,PA-H__0228,PA 20:1_22:6,0.014182638448801934,0.0,COMPUTED,True,True,True,True,0.23670331410171605,0.9753576763078726,0.8753112931195504,PA,0.2468565478982028,B5_U29_U147,147,spectral_hard_spatial_high,0.7965911330049261,0.8044614121510674,0.7965911330049261,0.8044614121510674,0.4853491220420133,0.3944954128440367,0.30769747932817465,0.0,236,0.9964035324236985,1.0760213163243861,175,R1,HOLD
MODERATE__HOLD_R1_K175,HOLD_R1_K175,MODERATE,58,PA-H__0236,PA 20:2_20:2,0.0013657146303698608,3.937480300844027e-06,COMPUTED,True,False,False,False,0.4107496994340883,0.9505388151236878,0.7219248581633445,PA,0.2812217589121609,,,UNASSIGNED_FALSE_POSITIVE,,,,,,,,,,,,175,R1,HOLD
MODERATE__HOLD_R1_K175,HOLD_R1_K175,MODERATE,59,PA-H__0237,PA 20:2_20:3,0.0011775682678265285,0.0,COMPUTED,True,False,False,False,0.5731558925579161,0.7541480424155057,0.5477421399094071,PA,0.2634913139559546,,,UNASSIGNED_FALSE_POSITIVE,,,,,,,,,,,,175,R1,HOLD
MODERATE__HOLD_R1_K175,HOLD_R1_K175,MODERATE,60,PA-H__0241,PA 22:1_20:2,0.006868073117539568,1.761374882961224e-18,COMPUTED,True,True,True,True,0.43337633237958284,0.8789327040599717,0.709852279634953,PA,0.27097424872123554,B2_U60_U84,84,spectral_hard_spatial_low,0.8323037766830871,0.8063054187192118,0.8063054187192118,0.8323037766830871,0.42933444305322455,0.6511627906976745,0.3192878691885012,0.1211489568896669,86,-0.21416269310173836,2.0,175,R1,HOLD
MODERATE__HOLD_R1_K175,HOLD_R1_K175,MODERATE,61,PA-H__0244,PA 20:2_22:4,0.0,,NOT_COMPUTED,False,False,False,False,0.37047771471182533,0.7482238559770684,0.6566445052131067,PA,0.3837225198236953,,,UNASSIGNED_FALSE_POSITIVE,,,,,,,,,,,,175,R1,HOLD
MODERATE__HOLD_R1_K175,HOLD_R1_K175,MODERATE,62,PA-H__0246,PA 20:2_22:6,0.0,,NOT_COMPUTED,False,False,False,False,0.2611282723143124,0.9505388151236878,0.8852934172669955,PA,0.20390459248529008,,,UNASSIGNED_FALSE_POSITIVE,,,,,,,,,,,,175,R1,HOLD
MODERATE__HOLD_R1_K175,HOLD_R1_K175,MODERATE,63,PA-H__0257,PA 22:0_20:3,0.009725781936423905,9.994802777053786e-06,COMPUTED,True,True,True,True,0.4070101497165706,0.700138513759436,0.6042594435163927,PA,0.38977747877753405,,57,singleton_control,,,,,,,,,244,,0.5,175,R1,HOLD
MODERATE__HOLD_R1_K175,HOLD_R1_K175,MODERATE,64,PA-H__0258,PA 22:1_20:3,0.014017246254891412,4.5988465652059576e-05,COMPUTED,True,True,True,True,0.47201880717776407,0.8266719825061805,0.6924512402766023,PA,0.24944586960093668,B1_U9_U37,37,spectral_easy_spatial_high,0.15578981937602626,0.15053530377668312,0.15053530377668312,0.15578981937602626,0.0,0.0,0.0,0.0,316,0.9965864187130227,0.5340342571614348,175,R1,HOLD
MODERATE__HOLD_R1_K175,HOLD_R1_K175,MODERATE,65,PA-H__0260,PA 20:3_22:3,0.0014150502708377834,0.0,COMPUTED,True,False,False,False,0.506993961836033,0.7157981623972003,0.620434407568295,PA,0.2772643794682714,,,UNASSIGNED_FALSE_POSITIVE,,,,,,,,,,,,175,R1,HOLD
MODERATE__HOLD_R1_K175,HOLD_R1_K175,MODERATE,66,PA-H__0261,PA 20:3_22:4,0.0031611641869208167,2.8181998127379586e-18,COMPUTED,True,True,True,True,0.402579539322542,0.7488776965339671,0.7085761609870266,PA,0.3030548023026991,,32,singleton_control,,,,,,,,,339,,0.5,175,R1,HOLD
MODERATE__HOLD_R1_K175,HOLD_R1_K175,MODERATE,67,PA-H__0263,PA 20:3_22:6,1.681823493491642e-07,,NOT_COMPUTED,False,False,False,False,0.2764948485403268,0.8594976666654472,0.8481349059300173,PA,0.2532854656872602,,,UNASSIGNED_FALSE_POSITIVE,,,,,,,,,,,,175,R1,HOLD
MODERATE__HOLD_R1_K175,HOLD_R1_K175,MODERATE,68,PA-H__0273,PA 22:0_20:4,0.015052875261295914,3.082436537437612e-06,COMPUTED,True,True,True,True,0.4550397992700734,0.7513055221510871,0.6086104523982676,PA,0.3384293666283728,,30,singleton_control,,,,,,,,,375,,2.0,175,R1,HOLD
MODERATE__HOLD_R1_K175,HOLD_R1_K175,MODERATE,69,PA-H__0274,PA 22:1_20:4,0.0031295591310271467,0.0,COMPUTED,True,False,False,False,0.4982506449670433,0.7912873858859593,0.6692801545595407,PA,0.24475949945411957,,,UNASSIGNED_FALSE_POSITIVE,,,,,,,,,,,,175,R1,HOLD
MODERATE__HOLD_R1_K175,HOLD_R1_K175,MODERATE,70,PA-H__0275,PA 22:2_20:4,0.00048299740527520346,,NOT_COMPUTED,False,False,False,False,0.47434523544092577,0.782540752402415,0.5657478608154209,PA,0.35023305555561457,,,UNASSIGNED_FALSE_POSITIVE,,,,,,,,,,,,175,R1,HOLD
MODERATE__HOLD_R1_K175,HOLD_R1_K175,MODERATE,71,PA-H__0276,PA 22:3_20:4,0.0009107926805986357,,NOT_COMPUTED,False,False,False,False,0.5133313032763523,0.857899231006412,0.7294435960195339,PA,0.17070966057456427,,,UNASSIGNED_FALSE_POSITIVE,,,,,,,,,,,,175,R1,HOLD
MODERATE__HOLD_R1_K175,HOLD_R1_K175,MODERATE,72,PA-H__0277,PA 20:4_22:4,0.007103623474989288,5.809024764456275e-07,COMPUTED,True,True,True,True,0.48634054946811606,0.6664725514235691,0.6353761278352141,PA,0.28586225820427874,B3_U13_U90,13,spectral_hard_spatial_high,0.7239244663382594,0.6166551724137932,0.6166551724137932,0.7239244663382594,0.011614059834141753,0.07194244604316546,0.011101103738010792,0.0,81,0.9972117040223596,0.5,175,R1,HOLD
MODERATE__HOLD_R1_K175,HOLD_R1_K175,MODERATE,73,PA-H__0278,PA 20:4_22:5,0.0,,NOT_COMPUTED,False,False,False,False,0.3445703765702606,0.8204180243532724,0.7982095721390224,PA,0.25780946949502626,,,UNASSIGNED_FALSE_POSITIVE,,,,,,,,,,,,175,R1,HOLD
MODERATE__HOLD_R1_K175,HOLD_R1_K175,MODERATE,74,PA-H__0279,PA 20:4_22:6,0.00019983500608158309,,NOT_COMPUTED,False,False,False,False,0.27117341147389906,0.8204180243532724,0.7982095721390224,PA,0.33120643459138777,,,UNASSIGNED_FALSE_POSITIVE,,,,,,,,,,,,175,R1,HOLD
MODERATE__HOLD_R1_K175,HOLD_R1_K175,MODERATE,75,PA-H__0289,PA 22:1_20:5,0.00861957886668562,1.3165820275264764e-05,COMPUTED,True,True,True,True,0.35373566324826666,0.8941830868357824,0.811451302003605,PA,0.2306843778836697,B5_U81_U105,81,spectral_hard_spatial_high,0.7206288998357964,0.7457405582922824,0.7206288998357964,0.7457405582922824,0.08345586956895017,0.05442176870748299,0.08266818987422711,0.12074806658205942,349,0.996704226409377,0.5,175,R1,HOLD
MODERATE__HOLD_R1_K175,HOLD_R1_K175,MODERATE,76,PA-H__0344,PA 22:3_22:6,0.0018639443461655966,9.039781208130063e-07,COMPUTED,True,False,False,False,0.27640168722125424,0.8781031661032047,0.8510618155395758,PA,0.24866381929243875,,,UNASSIGNED_FALSE_POSITIVE,,,,,,,,,,,,175,R1,HOLD
MODERATE__HOLD_R1_K175,HOLD_R1_K175,MODERATE,77,PA-H__0353,PA 22:4_22:5,0.0006185154059411204,,NOT_COMPUTED,False,False,False,False,0.3689568116282089,0.8791048786261756,0.824277161053695,PA,0.19722969630469922,,,UNASSIGNED_FALSE_POSITIVE,,,,,,,,,,,,175,R1,HOLD
MODERATE__HOLD_R1_K175,HOLD_R1_K175,MODERATE,78,PA-H__0354,PA 22:4_22:6,0.0022129090992991634,1.4125866389182615e-05,COMPUTED,True,False,False,False,0.21443724145284473,0.8791048786261756,0.824277161053695,PA,0.35174926648006344,,,UNASSIGNED_FALSE_POSITIVE,,,,,,,,,,,,175,R1,HOLD
MODERATE__HOLD_R1_K175,HOLD_R1_K175,MODERATE,79,PA-H__0362,PA 22:5_22:5,0.0064148060028628735,9.069831482934577e-07,COMPUTED,True,True,True,True,0.37471749963267753,0.9264320052062154,0.8877391609823168,PA,0.08562930665407442,,65,singleton_control,,,,,,,,,220,,0.8939526432607221,175,R1,HOLD
MODERATE__HOLD_R1_K175,HOLD_R1_K175,MODERATE,80,PA-H__0363,PA 22:5_22:6,0.0019004897099532782,9.135899286206168e-07,COMPUTED,True,False,False,False,0.2059912863450382,0.9264320052062154,0.8877391609823168,PA,0.2543555199417138,,,UNASSIGNED_FALSE_POSITIVE,,,,,,,,,,,,175,R1,HOLD
MODERATE__HOLD_R1_K175,HOLD_R1_K175,MODERATE,81,PA-H__0371,PA 22:6_22:6,0.016722942910052014,5.873460592077399e-05,COMPUTED,True,True,True,True,0.5618631902016936,0.691000163096786,0.6634502848656465,PA,0.18635717808006635,B2_U7_U22,7,spectral_easy_spatial_high,0.16836124794745483,0.15682101806239737,0.15682101806239737,0.16836124794745483,0.0,0.0,0.0,0.0,175,0.9908210921260467,2.0,175,R1,HOLD
MODERATE__HOLD_R1_K175,HOLD_R1_K175,MODERATE,82,PS-H__0036,PS 14:0_20:0,0.021365275516063337,0.00011451976754541803,COMPUTED,True,True,True,True,0.6390062445975,0.6039215648852556,0.5917821634870438,PS,0.16709168430356958,,5,singleton_control,,,,,,,,,218,,2.0,175,R1,HOLD
MODERATE__HOLD_R1_K175,HOLD_R1_K175,MODERATE,83,PS-H__0037,PS 14:0_20:1,9.373278979881502e-05,,NOT_COMPUTED,False,False,False,False,0.6452509214029478,0.5669019742880855,0.5507237251352834,PS,0.1894366719953947,,,UNASSIGNED_FALSE_POSITIVE,,,,,,,,,,,,175,R1,HOLD
MODERATE__HOLD_R1_K175,HOLD_R1_K175,MODERATE,84,PS-H__0042,PS 14:0_22:0,0.01977145178509862,0.000491496299167206,COMPUTED,True,True,True,True,0.755911282254363,0.4966771953016806,0.42064733146849337,PS,0.15131295823331015,B7_U17_U99,17,spectral_easy_spatial_low,0.2009326765188834,0.19224958949096882,0.19224958949096882,0.2009326765188834,0.0,0.0,0.0,0.0,246,-0.2500859324725907,2.0,175,R1,HOLD
MODERATE__HOLD_R1_K175,HOLD_R1_K175,MODERATE,85,PS-H__0043,PS 14:0_22:1,0.0008486527961000449,,NOT_COMPUTED,False,False,False,False,0.7566456616873307,0.5529261261358074,0.3776688339649247,PS,0.1692950771569941,,,UNASSIGNED_FALSE_POSITIVE,,,,,,,,,,,,175,R1,HOLD
MODERATE__HOLD_R1_K175,HOLD_R1_K175,MODERATE,86,PS-H__0044,PS 14:0_22:2,0.007237020551947669,2.1189619684171036e-06,COMPUTED,True,True,True,True,0.4826107446087538,0.6351598729298585,0.8421239646187574,PS,0.056673251273551106,B4_U25_U52,25,spectral_easy_spatial_low,0.33451067323481115,0.16996387520525452,0.16996387520525452,0.33451067323481115,0.0,0.0,0.0,0.0,197,-0.2774429418448202,0.5,175,R1,HOLD
MODERATE__HOLD_R1_K175,HOLD_R1_K175,MODERATE,87,PS-H__0045,PS 14:0_22:3,0.0015952847151093678,1.0568249297767346e-18,COMPUTED,True,False,False,False,0.41601375018608094,0.6266366484273417,0.8392569801595195,PS,0.12772122317274553,,,UNASSIGNED_FALSE_POSITIVE,,,,,,,,,,,,175,R1,HOLD
MODERATE__HOLD_R1_K175,HOLD_R1_K175,MODERATE,88,PS-H__0046,PS 14:0_22:4,0.016638266527716467,3.192897529938841e-05,COMPUTED,True,True,True,True,0.3282929959935041,0.543623575220217,0.9003462122557829,PS,0.10688133467946276,,36,singleton_control,,,,,,,,,253,,2.0,175,R1,HOLD
MODERATE__HOLD_R1_K175,HOLD_R1_K175,MODERATE,89,PS-H__0058,PS 16:0_18:0,0.0015666204085279275,0.0,COMPUTED,True,False,False,False,0.5338078555993598,0.5969269143482696,0.5956843784845582,PS,0.2694107455482141,,,UNASSIGNED_FALSE_POSITIVE,,,,,,,,,,,,175,R1,HOLD
MODERATE__HOLD_R1_K175,HOLD_R1_K175,MODERATE,90,PS-H__0059,PS 16:0_18:1,0.0020851534168784508,1.1563165884497068e-06,COMPUTED,True,False,False,False,0.47547241841180754,0.6012836678060572,0.6004958373364375,PS,0.3241554633817245,,,UNASSIGNED_FALSE_POSITIVE,,,,,,,,,,,,175,R1,HOLD
MODERATE__HOLD_R1_K175,HOLD_R1_K175,MODERATE,91,PS-H__0060,PS 16:0_18:2,0.0,,NOT_COMPUTED,False,False,False,False,0.6781582371045598,0.5040174672653055,0.5002817714157587,PS,0.18770442474725524,,,UNASSIGNED_FALSE_POSITIVE,,,,,,,,,,,,175,R1,HOLD
MODERATE__HOLD_R1_K175,HOLD_R1_K175,MODERATE,92,PS-H__0062,PS 16:0_20:0,0.012669174774956306,0.00010095089523238074,COMPUTED,True,False,False,False,0.5982023461058829,0.4966771953016806,0.46881418646450934,PS,0.2850944661659719,,,UNASSIGNED_FALSE_POSITIVE,,,,,,,,,,,,175,R1,HOLD
MODERATE__HOLD_R1_K175,HOLD_R1_K175,MODERATE,93,PS-H__0063,PS 16:0_20:1,0.0,,NOT_COMPUTED,False,False,False,False,0.438433265063827,0.6697914449178625,0.6641534926990753,PS,0.30916297498531836,,,UNASSIGNED_FALSE_POSITIVE,,,,,,,,,,,,175,R1,HOLD
MODERATE__HOLD_R1_K175,HOLD_R1_K175,MODERATE,94,PS-H__0064,PS 16:0_20:2,0.0011237265488179644,0.0,COMPUTED,True,False,False,False,0.4254264414636681,0.6085440292908172,0.6058878288272445,PS,0.3701236442499894,,,UNASSIGNED_FALSE_POSITIVE,,,,,,,,,,,,175,R1,HOLD
MODERATE__HOLD_R1_K175,HOLD_R1_K175,MODERATE,95,PS-H__0065,PS 16:0_20:3,0.0013550083494431784,4.556053499354625e-06,COMPUTED,True,True,True,True,0.31718607034211305,0.6379581944357362,0.8388893290291434,PS,0.2271159539431486,B2_U4_U74,74,spectral_hard_spatial_high,0.753344827586207,0.5892348111658455,0.5892348111658455,0.753344827586207,0.01665433679041212,0.07518796992481203,0.011413113317677605,0.0,258,0.9741025901304992,0.5,175,R1,HOLD
MODERATE__HOLD_R1_K175,HOLD_R1_K175,MODERATE,96,PS-H__0066,PS 16:0_20:4,0.0005189853820977189,,NOT_COMPUTED,False,False,False,False,0.28261631942641324,0.543623575220217,0.9003462122557829,PS,0.1525580112465536,,,UNASSIGNED_FALSE_POSITIVE,,,,,,,,,,,,175,R1,HOLD
MODERATE__HOLD_R1_K175,HOLD_R1_K175,MODERATE,97,PS-H__0067,PS 16:0_20:5,0.00316900306579286,0.0,COMPUTED,True,True,True,True,0.4925110672748304,0.5885323920958705,0.6553924750820541,PS,0.2627774230424914,,14,singleton_control,,,,,,,,,210,,0.5340342571614348,175,R1,HOLD
MODERATE__HOLD_R1_K175,HOLD_R1_K175,MODERATE,98,PS-H__0083,PS 18:0_16:1,0.004140490617141372,7.405994405013908e-07,COMPUTED,True,True,True,True,0.4974005788167513,0.5669019742880855,0.5507237251352834,PS,0.3372870145815912,B5_U15_U96,15,spectral_easy_spatial_low,0.22036124794745482,0.2168210180623974,0.2168210180623974,0.22036124794745482,0.0,0.0,0.0,0.0,266,-0.1747359520268898,0.689110922829001,175,R1,HOLD
MODERATE__HOLD_R1_K175,HOLD_R1_K175,MODERATE,99,PS-H__0084,PS 16:1_18:1,1.7213597066293815e-05,,NOT_COMPUTED,False,False,False,False,0.5162932804885375,0.7088748688362516,0.7013033019364238,PS,0.1965697348889397,,,UNASSIGNED_FALSE_POSITIVE,,,,,,,,,,,,175,R1,HOLD
MODERATE__HOLD_R1_K175,HOLD_R1_K175,MODERATE,100,PS-H__0087,PS 20:0_16:1,0.004919905901362668,1.4503721976586297e-05,COMPUTED,True,True,True,True,0.49681824282241865,0.5478869149773706,0.5411661615055257,PS,0.34409744001467496,B3_U24_U71,24,spectral_easy_spatial_low,0.21500985221674876,0.1539638752052545,0.1539638752052545,0.21500985221674876,0.0,0.0,0.0,0.0,121,-0.2863965484478912,0.6170676298438253,175,R1,HOLD
MODERATE__HOLD_R1_K175,HOLD_R1_K175,MODERATE,101,PS-H__0088,PS 16:1_20:1,0.016675959329800306,6.881782043026329e-05,COMPUTED,True,True,True,True,0.4129541991564398,0.5415506422933887,0.8421239646187574,PS,0.12632979672586508,B5_U29_U147,29,spectral_hard_spatial_high,0.7965911330049261,0.8044614121510674,0.7965911330049261,0.8044614121510674,0.4853491220420133,0.3944954128440367,0.30769747932817465,0.0,236,0.9964035324236985,2.0,175,R1,HOLD
MODERATE__HOLD_R1_K175,HOLD_R1_K175,MODERATE,102,PS-H__0089,PS 16:1_20:2,5.914638303176755e-08,,NOT_COMPUTED,False,False,False,False,0.399126245510874,0.563048838323171,0.8392569801595195,PS,0.14460872784795248,,,UNASSIGNED_FALSE_POSITIVE,,,,,,,,,,,,175,R1,HOLD
MODERATE__HOLD_R1_K175,HOLD_R1_K175,MODERATE,103,PS-H__0090,PS 16:1_20:3,0.013644184238955888,4.3609638761596285e-06,COMPUTED,True,True,True,True,0.34984059386853866,0.5074650921831881,0.8789619070758706,PS,0.12705139171053204,B7_U47_U115,47,spectral_hard_spatial_high,0.7173612479474549,0.7259195402298851,0.7173612479474549,0.7259195402298851,0.04535930018705837,0.1794871794871795,0.024301483593310788,0.0,139,0.9927947904947065,1.2101381550740857,175,R1,HOLD
MODERATE__HOLD_R1_K175,HOLD_R1_K175,MODERATE,104,PS-H__0091,PS 16:1_20:4,0.02227047863802886,0.00025752507483429424,COMPUTED,True,True,True,True,0.6316414058973379,0.55604981646135,0.6553924750820541,PS,0.12364708441998395,B1_U3_U136,3,spectral_easy_spatial_high,0.20836124794745484,0.2082495894909688,0.2082495894909688,0.20836124794745484,0.0,0.0,0.0,0.0,239,0.972300100317437,2.0,175,R1,HOLD
MODERATE__HOLD_R1_K175,HOLD_R1_K175,MODERATE,105,PS-H__0107,PS 18:0_18:0,0.011406184584826801,0.0,COMPUTED,True,True,True,True,0.4331045541325963,0.7822407069839156,0.7805572307978421,PS,0.19197976773862468,B4_U31_U61,61,spectral_easy_spatial_low,0.1672183908045977,0.15510673234811168,0.15510673234811168,0.1672183908045977,0.0,0.0,0.0,0.0,141,-0.2083302803849885,2.0,175,R1,HOLD
MODERATE__HOLD_R1_K175,HOLD_R1_K175,MODERATE,106,PS-H__0108,PS 18:0_18:1,0.001696695390937802,0.0,COMPUTED,True,False,False,False,0.5024918162288118,0.5824944035603653,0.5811253535349179,PS,0.31132224329517844,,,UNASSIGNED_FALSE_POSITIVE,,,,,,,,,,,,175,R1,HOLD
MODERATE__HOLD_R1_K175,HOLD_R1_K175,MODERATE,107,PS-H__0109,PS 18:0_18:2,8.077605467878811e-05,,NOT_COMPUTED,False,False,False,False,0.541157843513578,0.6351598729298585,0.6058878288272445,PS,0.2543922422000795,,,UNASSIGNED_FALSE_POSITIVE,,,,,,,,,,,,175,R1,HOLD
MODERATE__HOLD_R1_K175,HOLD_R1_K175,MODERATE,108,PS-H__0110,PS 18:0_18:3,0.020821450761034727,2.3540396431866414e-05,COMPUTED,True,True,True,True,0.5738266720137706,0.6379581944357362,0.5450127737114232,PS,0.264601068755451,B1_U18_U144,18,spectral_easy_spatial_low,0.20493267651888342,0.2025353037766831,0.2025353037766831,0.20493267651888342,0.0,0.0,0.0,0.0,237,-0.1648993041493533,2.0,175,R1,HOLD
MODERATE__HOLD_R1_K175,HOLD_R1_K175,MODERATE,109,PS-H__0131,PS 18:1_18:1,0.00201637311400608,0.0,COMPUTED,True,False,False,False,0.40966522110944875,0.7550139637638565,0.7530106946391664,PS,0.24834305677088325,,,UNASSIGNED_FALSE_POSITIVE,,,,,,,,,,,,175,R1,HOLD
MODERATE__HOLD_R1_K175,HOLD_R1_K175,MODERATE,110,PS-H__0132,PS 18:1_18:2,0.00269017294000314,1.0391090051912163e-05,COMPUTED,True,False,False,False,0.5035381539353998,0.5475678123279634,0.5450127737114232,PS,0.33488958683382175,,,UNASSIGNED_FALSE_POSITIVE,,,,,,,,,,,,175,R1,HOLD
MODERATE__HOLD_R1_K175,HOLD_R1_K175,MODERATE,111,PS-H__0133,PS 18:1_18:3,0.007075584264788143,3.962586787057813e-05,COMPUTED,True,True,True,True,0.6381277857367744,0.5253007492314473,0.484962105391494,PS,0.23640738012806917,B2_U23_U146,23,spectral_hard_spatial_low,0.6574581280788178,0.6583152709359607,0.6574581280788178,0.6583152709359607,0.03686160437306331,0.05925925925925926,0.03539255213324386,0.0,47,-0.36975084900206073,0.5340342571614348,175,R1,HOLD
MODERATE__HOLD_R1_K175,HOLD_R1_K175,MODERATE,112,PS-H__0154,PS 18:2_18:2,0.004229040407889593,3.828973109531792e-08,COMPUTED,True,False,False,False,0.48970262007816334,0.7776225381848841,0.7708922887506152,PS,0.14726290422031718,,,UNASSIGNED_FALSE_POSITIVE,,,,,,,,,,,,175,R1,HOLD
MODERATE__HOLD_R1_K175,HOLD_R1_K175,MODERATE,113,PS-H__0456,PS 17:0_18:1,0.006617930653742556,4.1158114357270494e-05,COMPUTED,True,True,True,True,0.6537549379034493,0.5358578664393875,0.5369671105815844,PS,0.1898482402281083,B2_U4_U74,4,spectral_hard_spatial_high,0.753344827586207,0.5892348111658455,0.5892348111658455,0.753344827586207,0.01665433679041212,0.07518796992481203,0.011413113317677605,0.0,258,0.9741025901304992,0.5,175,R1,HOLD
MODERATE__HOLD_R1_K175,HOLD_R1_K175,MODERATE,114,PS-H__0457,PS 17:0_18:2,6.679976147893494e-08,,NOT_COMPUTED,False,False,False,False,0.8592744291053689,0.42774736234787014,0.42497146944658676,PS,0.04593231532178621,,,UNASSIGNED_FALSE_POSITIVE,,,,,,,,,,,,175,R1,HOLD
MODERATE__HOLD_R1_K175,HOLD_R1_K175,MODERATE,115,PS-H__0477,PS 18:0_17:1,0.0056980680652310494,2.065710171269736e-06,COMPUTED,True,True,True,True,0.5700329198506149,0.552158066910196,0.5504258614480149,PS,0.2648511266188399,B6_U16_U150,16,spectral_hard_spatial_high,0.8016518883415436,0.8704121510673235,0.8016518883415436,0.8704121510673235,0.5488475814049499,0.40594059405940597,0.548527025020696,0.42361641273681017,267,0.9952910414028423,0.5,175,R1,HOLD
MODERATE__HOLD_R1_K175,HOLD_R1_K175,MODERATE,116,PE-H__0069,PE 16:0_22:1,0.0064240082887355495,1.6812868420698432e-06,COMPUTED,True,True,True,True,0.20454583643989277,0.8508967724619106,0.8469294720807093,PE,0.32715941021570594,,151,singleton_control,,,,,,,,,109,,1.4538436095675817,175,R1,HOLD
MODERATE__HOLD_R1_K175,HOLD_R1_K175,MODERATE,117,PE-H__0070,PE 16:0_22:2,0.008255058240204383,0.0,COMPUTED,True,True,True,True,0.1886425381510025,0.8572487991575071,0.8549196417105,PE,0.3301179135196991,,112,singleton_control,,,,,,,,,159,,2.0,175,R1,HOLD
MODERATE__HOLD_R1_K175,HOLD_R1_K175,MODERATE,118,PE-H__0071,PE 16:0_22:3,0.00391163654466453,4.739997059923421e-07,COMPUTED,True,False,False,False,0.17057139729731954,0.8795843067259717,0.8777723219286147,PE,0.3085066243818726,,,UNASSIGNED_FALSE_POSITIVE,,,,,,,,,,,,175,R1,HOLD
MODERATE__HOLD_R1_K175,HOLD_R1_K175,MODERATE,119,PE-H__0072,PE 16:0_22:4,0.0007191722600044663,,NOT_COMPUTED,False,True,True,True,0.15895469448868532,0.9923755383909935,0.9175531099957062,PE,0.2386585476665622,,145,singleton_control,,,,,,,,,152,,2.0,175,R1,HOLD
MODERATE__HOLD_R1_K175,HOLD_R1_K175,MODERATE,120,PE-H__0073,PE 16:0_22:5,0.0035852388621707386,0.0,COMPUTED,True,False,False,False,0.20118322550403206,0.989185985750406,0.9054249265947024,PE,0.22332319647445553,,,UNASSIGNED_FALSE_POSITIVE,,,,,,,,,,,,175,R1,HOLD
MODERATE__HOLD_R1_K175,HOLD_R1_K175,MODERATE,121,PE-H__0074,PE 16:0_22:6,0.0003818235123138848,,NOT_COMPUTED,False,False,False,False,0.314182126552006,0.9755490303044848,0.7991402195004995,PE,0.28696253954484413,,,UNASSIGNED_FALSE_POSITIVE,,,,,,,,,,,,175,R1,HOLD
MODERATE__HOLD_R1_K175,HOLD_R1_K175,MODERATE,122,PE-H__0079,PE 16:0_24:4,0.002234029688391171,7.66690085257526e-08,COMPUTED,True,False,False,False,0.20377617848089738,0.9122851422164004,0.9087919461652159,PE,0.21347338543168412,,,UNASSIGNED_FALSE_POSITIVE,,,,,,,,,,,,175,R1,HOLD
MODERATE__HOLD_R1_K175,HOLD_R1_K175,MODERATE,123,PE-H__0080,PE 16:0_24:5,0.0015345244179682397,5.7319524893060705e-06,COMPUTED,True,True,True,True,0.21271686018449112,0.9348240213453116,0.9300862052110084,PE,0.1546244672974381,B2_U88_U158,158,spectral_easy_spatial_high,0.28778981937602627,0.265392446633826,0.265392446633826,0.28778981937602627,0.0,0.0,0.0,0.0,371,0.9959230995973531,0.5,175,R1,HOLD
MODERATE__HOLD_R1_K175,HOLD_R1_K175,MODERATE,124,PE-H__0081,PE 16:0_24:6,0.017048743459668614,1.0568249297767346e-18,COMPUTED,True,True,True,True,0.354462542162506,0.9120817497666402,0.8867746988906713,PE,0.1077393979106176,,38,singleton_control,,,,,,,,,86,,2.0,175,R1,HOLD
MODERATE__HOLD_R1_K175,HOLD_R1_K175,MODERATE,125,PE-H__0093,PE 22:0_16:1,0.015197301315087626,9.25887110743159e-06,COMPUTED,True,True,True,True,0.4791490094759039,0.8206488603123235,0.734706930781155,PE,0.1992356350010589,B2_U7_U22,22,spectral_easy_spatial_high,0.16836124794745483,0.15682101806239737,0.15682101806239737,0.16836124794745483,0.0,0.0,0.0,0.0,175,0.9908210921260467,2.0,175,R1,HOLD
MODERATE__HOLD_R1_K175,HOLD_R1_K175,MODERATE,126,PE-H__0094,PE 16:1_22:1,0.006123591523287158,1.0568249297767346e-18,COMPUTED,True,True,True,True,0.29634414058106057,0.6962164662208943,0.6758005235637231,PE,0.4407404219699385,B2_U70_U101,70,spectral_easy_spatial_low,0.20378981937602628,0.20139244663382594,0.20139244663382594,0.20378981937602628,0.0,0.0,0.0,0.0,248,-0.3454720889085783,1.0000000000000002,175,R1,HOLD
MODERATE__HOLD_R1_K175,HOLD_R1_K175,MODERATE,127,PE-H__0095,PE 16:1_22:2,0.005591194636313469,1.761374882961224e-18,COMPUTED,True,False,False,False,0.1902046504564912,0.8370713096641478,0.8327039416825855,PE,0.3635138208863791,,,UNASSIGNED_FALSE_POSITIVE,,,,,,,,,,,,175,R1,HOLD
MODERATE__HOLD_R1_K175,HOLD_R1_K175,MODERATE,128,PE-H__0096,PE 16:1_22:3,0.01924409269649215,7.045499531844897e-19,COMPUTED,True,True,True,True,0.12325824954460242,0.9816952449555878,0.9452978564848522,PE,0.20295021528294271,B6_U131_U143,143,spectral_hard_spatial_high,0.7625665024630542,0.8978866995073893,0.7625665024630542,0.8978866995073893,0.9380238526123156,0.14285714285714285,0.937970170357238,0.0,319,0.9897720996411972,2.0,175,R1,HOLD
MODERATE__HOLD_R1_K175,HOLD_R1_K175,MODERATE,129,PE-H__0097,PE 16:1_22:4,0.00584792604248331,3.853548443567002e-06,COMPUTED,True,True,True,True,0.11707440620301834,0.9872300880237134,0.9606032362588356,PE,0.16084900498979865,,175,singleton_control,,,,,,,,,210,,0.5,175,R1,HOLD
MODERATE__HOLD_R1_K175,HOLD_R1_K175,MODERATE,130,PE-H__0098,PE 16:1_22:5,0.015764565605503978,1.9352974459915917e-07,COMPUTED,True,False,False,False,0.16815322958457346,0.9821921171688058,0.9172143942259908,PE,0.23024074002923567,,,UNASSIGNED_FALSE_POSITIVE,,,,,,,,,,,,175,R1,HOLD
MODERATE__HOLD_R1_K175,HOLD_R1_K175,MODERATE,131,PE-H__0099,PE 16:1_22:6,0.015627233507879562,1.1527504997683896e-06,COMPUTED,True,True,True,True,0.2519478993591113,0.9780045750710121,0.9234151866260575,PE,0.13185464506752925,,121,singleton_control,,,,,,,,,228,,2.0,175,R1,HOLD
MODERATE__HOLD_R1_K175,HOLD_R1_K175,MODERATE,132,PE-H__0111,PE 18:0_20:0,0.0012910549064519255,4.6734050681999347e-07,COMPUTED,True,False,False,False,0.40021591861516753,0.8568501347183278,0.7562161979702491,PE,0.2541059149861736,,,UNASSIGNED_FALSE_POSITIVE,,,,,,,,,,,,175,R1,HOLD
MODERATE__HOLD_R1_K175,HOLD_R1_K175,MODERATE,133,PE-H__0112,PE 18:0_20:1,0.02169972869540167,3.630713633555517e-06,COMPUTED,True,True,True,True,0.25393425517668783,0.9625905679777863,0.9005810898095516,PE,0.1807537946676117,B7_U17_U99,99,spectral_easy_spatial_low,0.2009326765188834,0.19224958949096882,0.19224958949096882,0.2009326765188834,0.0,0.0,0.0,0.0,266,-0.2500859324725907,2.0,175,R1,HOLD
MODERATE__HOLD_R1_K175,HOLD_R1_K175,MODERATE,134,PE-H__0113,PE 18:0_20:2,0.008512377151591689,1.5053116391804218e-06,COMPUTED,True,False,False,False,0.20640637141641593,0.9682389481430238,0.9448656056104635,PE,0.12105200354805495,,,UNASSIGNED_FALSE_POSITIVE,,,,,,,,,,,,175,R1,HOLD
MODERATE__HOLD_R1_K175,HOLD_R1_K175,MODERATE,135,PE-H__0114,PE 18:0_20:3,0.0036125402479143774,5.711743797299184e-07,COMPUTED,True,True,True,True,0.19168425851262216,0.9604368385083139,0.9433762539768673,PE,0.1400403915099126,B4_U126_U171,126,spectral_hard_spatial_low,0.7525139573070609,0.8976781609195403,0.7525139573070609,0.8976781609195403,0.9530974698768908,0.2777777777777778,0.9371554697692689,0.0,197,-0.19905542646220367,0.6170676298438253,175,R1,HOLD
MODERATE__HOLD_R1_K175,HOLD_R1_K175,MODERATE,136,PE-H__0115,PE 18:0_20:4,0.001311861876222223,0.0,COMPUTED,True,False,False,False,0.22953824843435902,0.9681638035480906,0.9143115872726723,PE,0.17547325927736837,,,UNASSIGNED_FALSE_POSITIVE,,,,,,,,,,,,175,R1,HOLD
MODERATE__HOLD_R1_K175,HOLD_R1_K175,MODERATE,137,PE-H__0116,PE 18:0_20:5,0.015493871419453381,3.963520799046936e-06,COMPUTED,True,True,True,True,0.4239120961696826,0.9850297730134422,0.6681402735052041,PE,0.320123235599173,,128,singleton_control,,,,,,,,,224,,2.0,175,R1,HOLD
MODERATE__HOLD_R1_K175,HOLD_R1_K175,MODERATE,138,PE-H__0120,PE 18:0_22:3,0.001276161089693868,0.0,COMPUTED,True,False,False,False,0.13894652703571336,0.9701015028997059,0.9625813127302882,PE,0.13204649203015678,,,UNASSIGNED_FALSE_POSITIVE,,,,,,,,,,,,175,R1,HOLD
MODERATE__HOLD_R1_K175,HOLD_R1_K175,MODERATE,139,PE-H__0121,PE 18:0_22:4,0.000365466466288189,,NOT_COMPUTED,False,False,False,False,0.18017532391550736,0.9584828806991764,0.9476228644253383,PE,0.1392161393679012,,,UNASSIGNED_FALSE_POSITIVE,,,,,,,,,,,,175,R1,HOLD
MODERATE__HOLD_R1_K175,HOLD_R1_K175,MODERATE,140,PE-H__0122,PE 18:0_22:5,0.0060699673397313116,2.1136498595534692e-18,COMPUTED,True,False,False,False,0.21456025597759804,0.9193711031721301,0.901852911837853,PE,0.21748294256808653,,,UNASSIGNED_FALSE_POSITIVE,,,,,,,,,,,,175,R1,HOLD
MODERATE__HOLD_R1_K175,HOLD_R1_K175,MODERATE,141,PE-H__0123,PE 18:0_22:6,0.002342112721968547,0.0,COMPUTED,True,False,False,False,0.3578455473352584,0.8518939235283789,0.8004891666672417,PE,0.2415016759405193,,,UNASSIGNED_FALSE_POSITIVE,,,,,,,,,,,,175,R1,HOLD
MODERATE__HOLD_R1_K175,HOLD_R1_K175,MODERATE,142,PE-H__0134,PE 20:0_18:1,0.007976827154186126,1.0568249297767346e-18,COMPUTED,True,False,False,False,0.4201460661155732,0.9552207873236039,0.7397008730161401,PE,0.25278975434516,,,UNASSIGNED_FALSE_POSITIVE,,,,,,,,,,,,175,R1,HOLD
MODERATE__HOLD_R1_K175,HOLD_R1_K175,MODERATE,143,PE-H__0135,PE 18:1_20:1,0.0022292038255794693,0.0,COMPUTED,True,False,False,False,0.3563849153816259,0.8094724455380994,0.7393804801889361,PE,0.31690291720973934,,,UNASSIGNED_FALSE_POSITIVE,,,,,,,,,,,,175,R1,HOLD
MODERATE__HOLD_R1_K175,HOLD_R1_K175,MODERATE,144,PE-H__0136,PE 18:1_20:2,0.0010563662769489737,3.109694363508947e-08,COMPUTED,True,True,True,True,0.23433578314102768,0.9251187567839819,0.8989316145711029,PE,0.20375319449318544,,142,singleton_control,,,,,,,,,284,,0.7303443264893795,175,R1,HOLD
MODERATE__HOLD_R1_K175,HOLD_R1_K175,MODERATE,145,PE-H__0137,PE 18:1_20:3,0.011088783806681907,1.886295351575366e-06,COMPUTED,True,False,False,False,0.17948687007626737,0.9658056478918986,0.9200954043558142,PE,0.2122074583015007,,,UNASSIGNED_FALSE_POSITIVE,,,,,,,,,,,,175,R1,HOLD
MODERATE__HOLD_R1_K175,HOLD_R1_K175,MODERATE,146,PE-H__0138,PE 18:1_20:4,0.0,,NOT_COMPUTED,False,False,False,False,0.23301651126656459,0.9304715731040568,0.9055947706552474,PE,0.1911274635366499,,,UNASSIGNED_FALSE_POSITIVE,,,,,,,,,,,,175,R1,HOLD
MODERATE__HOLD_R1_K175,HOLD_R1_K175,MODERATE,147,PE-H__0139,PE 18:1_20:5,0.004928755120745299,1.4855501662400628e-06,COMPUTED,True,True,True,True,0.3998586987063159,0.9724669479844656,0.7719148349631345,PE,0.2358672544872255,,97,singleton_control,,,,,,,,,271,,0.6170676298438253,175,R1,HOLD
MODERATE__HOLD_R1_K175,HOLD_R1_K175,MODERATE,148,PE-H__0142,PE 18:1_22:2,0.010832221948062316,8.21133946094458e-06,COMPUTED,True,True,True,True,0.12985107942569446,0.9248799886279087,0.9149312581224509,PE,0.2737586242615052,B6_U98_U173,173,spectral_hard_spatial_low,0.8597422003284073,0.8148932676518884,0.8148932676518884,0.8597422003284073,0.30495556103333243,0.09420289855072464,0.25432212290238715,4.209341811130732e-09,94,-0.16317626825645523,0.689110922829001,175,R1,HOLD
MODERATE__HOLD_R1_K175,HOLD_R1_K175,MODERATE,149,PE-H__0143,PE 18:1_22:3,0.005394561926322489,1.4429915979743706e-07,COMPUTED,True,True,True,True,0.10400557506001402,0.9605256779361461,0.9604944850033889,PE,0.1742934444820513,,153,singleton_control,,,,,,,,,302,,0.7802037075442214,175,R1,HOLD
MODERATE__HOLD_R1_K175,HOLD_R1_K175,MODERATE,150,PE-H__0144,PE 18:1_22:4,0.0059403077442569075,0.0,COMPUTED,True,True,True,True,0.11052846478170081,0.969840644646915,0.9692319381472975,PE,0.13562077871750905,B7_U134_U159,134,spectral_hard_spatial_low,0.667512315270936,0.6009211822660099,0.6009211822660099,0.667512315270936,2.1721172227822936e-05,0.08571428571428572,2.1577778902626225e-05,0.0,338,-0.17794431856725149,0.8939526432607221,175,R1,HOLD
MODERATE__HOLD_R1_K175,HOLD_R1_K175,MODERATE,151,PE-H__0145,PE 18:1_22:5,0.01681172716123584,1.4618909961580138e-08,COMPUTED,True,True,True,True,0.19163429981325247,0.9256344671279978,0.9143053215661409,PE,0.2133913524062529,,108,singleton_control,,,,,,,,,331,,1.4538436095675817,175,R1,HOLD
MODERATE__HOLD_R1_K175,HOLD_R1_K175,MODERATE,152,PE-H__0146,PE 18:1_22:6,0.0042121486413535135,0.0,COMPUTED,True,True,True,True,0.3159564682544253,0.8033916799379116,0.7760340770949737,PE,0.3147345109004634,B6_U67_U77,67,spectral_easy_spatial_low,0.21236124794745484,0.20196387520525452,0.20196387520525452,0.21236124794745484,0.0,0.0,0.0,0.0,361,-0.11676484192385192,0.5340342571614348,175,R1,HOLD
MODERATE__HOLD_R1_K175,HOLD_R1_K175,MODERATE,153,PE-H__0156,PE 20:0_18:2,0.000783937243431121,,NOT_COMPUTED,False,False,False,False,0.3689127363796803,0.9407978177228559,0.8058240226878673,PE,0.22324234842424456,,,UNASSIGNED_FALSE_POSITIVE,,,,,,,,,,,,175,R1,HOLD
MODERATE__HOLD_R1_K175,HOLD_R1_K175,MODERATE,154,PE-H__0157,PE 20:1_18:2,0.006028454836865704,0.0,COMPUTED,True,True,True,True,0.3477875659110764,0.8910754995054128,0.7708509875865739,PE,0.2892279401300275,,76,singleton_control,,,,,,,,,107,,0.5,175,R1,HOLD
MODERATE__HOLD_R1_K175,HOLD_R1_K175,MODERATE,155,PE-H__0158,PE 18:2_20:2,0.01068706354390174,9.365714256272979e-07,COMPUTED,True,True,True,True,0.18632332063996887,0.930785287256962,0.7430427070574672,PE,0.4829206823131476,,120,singleton_control,,,,,,,,,227,,2.0,175,R1,HOLD
MODERATE__HOLD_R1_K175,HOLD_R1_K175,MODERATE,156,PE-H__0159,PE 18:2_20:3,0.00929295978648287,5.10725653455014e-07,COMPUTED,True,False,False,False,0.14518288049439587,0.9537646675247846,0.7427822111270515,PE,0.5243502305861603,,,UNASSIGNED_FALSE_POSITIVE,,,,,,,,,,,,175,R1,HOLD
MODERATE__HOLD_R1_K175,HOLD_R1_K175,MODERATE,157,PE-H__0160,PE 18:2_20:4,0.00022815959286679734,,NOT_COMPUTED,False,False,False,False,0.14619914077909651,0.9616518591994055,0.9130395109281053,PE,0.2616719803905277,,,UNASSIGNED_FALSE_POSITIVE,,,,,,,,,,,,175,R1,HOLD
MODERATE__HOLD_R1_K175,HOLD_R1_K175,MODERATE,158,PE-H__0161,PE 18:2_20:5,0.0018717232215138668,1.2950866807042238e-07,COMPUTED,True,False,False,False,0.3650213504933583,0.9631467226016989,0.8063714203716793,PE,0.2263880951597868,,,UNASSIGNED_FALSE_POSITIVE,,,,,,,,,,,,175,R1,HOLD
MODERATE__HOLD_R1_K175,HOLD_R1_K175,MODERATE,159,PE-H__0163,PE 22:1_18:2,0.002498813091773279,0.0,COMPUTED,True,False,False,False,0.5331745268800695,0.8840894589858442,0.6735070252941758,PE,0.20600629462397246,,,UNASSIGNED_FALSE_POSITIVE,,,,,,,,,,,,175,R1,HOLD
MODERATE__HOLD_R1_K175,HOLD_R1_K175,MODERATE,160,PE-H__0164,PE 18:2_22:2,0.010486640754922314,0.0,COMPUTED,True,True,True,True,0.1271355008514916,0.9008257061441529,0.9005744438179483,PE,0.3075663178035413,B6_U66_U154,154,spectral_hard_spatial_low,0.6740246305418719,0.8117881773399014,0.6740246305418719,0.8117881773399014,0.2720760767326175,0.12605042016806722,0.2705250079291411,0.0,308,-0.23888516682926203,1.8682084992203376,175,R1,HOLD
MODERATE__HOLD_R1_K175,HOLD_R1_K175,MODERATE,161,PE-H__0165,PE 18:2_22:3,0.0013681419059264639,0.0,COMPUTED,True,False,False,False,0.12289383117903037,0.8792970872952994,0.8792923996515524,PE,0.35338851776434027,,,UNASSIGNED_FALSE_POSITIVE,,,,,,,,,,,,175,R1,HOLD
MODERATE__HOLD_R1_K175,HOLD_R1_K175,MODERATE,162,PE-H__0166,PE 18:2_22:4,0.0004339278358373975,,NOT_COMPUTED,False,False,False,False,0.09902267490516374,0.9706937176364202,0.9706434853670334,PE,0.14150013963544839,,,UNASSIGNED_FALSE_POSITIVE,,,,,,,,,,,,175,R1,HOLD
MODERATE__HOLD_R1_K175,HOLD_R1_K175,MODERATE,163,PE-H__0167,PE 18:2_22:5,0.0011520856070521644,0.0,COMPUTED,True,False,False,False,0.16453696138061585,0.9332832381772025,0.9254990815922642,PE,0.21421289006737537,,,UNASSIGNED_FALSE_POSITIVE,,,,,,,,,,,,175,R1,HOLD
MODERATE__HOLD_R1_K175,HOLD_R1_K175,MODERATE,164,PE-H__0168,PE 18:2_22:6,3.8497829210103006e-07,,NOT_COMPUTED,False,False,False,False,0.2708371237553922,0.7986746851823461,0.7790152182518231,PE,0.3561678919598447,,,UNASSIGNED_FALSE_POSITIVE,,,,,,,,,,,,175,R1,HOLD
MODERATE__HOLD_R1_K175,HOLD_R1_K175,MODERATE,165,PE-H__0177,PE 20:0_18:3,0.0003881686912027828,,NOT_COMPUTED,False,False,False,False,0.43633437740238207,0.8248460600779068,0.7213783232948695,PE,0.2562068233072095,,,UNASSIGNED_FALSE_POSITIVE,,,,,,,,,,,,175,R1,HOLD
MODERATE__HOLD_R1_K175,HOLD_R1_K175,MODERATE,166,PE-H__0178,PE 20:1_18:3,0.0035887636176768815,0.0,COMPUTED,True,False,False,False,0.4489705865818388,0.9659907277452849,0.7775930923942953,PE,0.17979724231900202,,,UNASSIGNED_FALSE_POSITIVE,,,,,,,,,,,,175,R1,HOLD
MODERATE__HOLD_R1_K175,HOLD_R1_K175,MODERATE,167,PE-H__0181,PE 18:3_20:4,0.002192091310030929,1.2858278286347342e-07,COMPUTED,True,True,True,True,0.15717262060050777,0.9796724074104938,0.8883052400815383,PE,0.3020809046376558,B1_U55_U166,166,spectral_hard_spatial_high,0.6350459770114942,0.4994794745484401,0.4994794745484401,0.6350459770114942,5.4784816002420185e-05,0.057971014492753624,1.3577589930630295e-05,0.0,215,0.9972585976267122,0.5,175,R1,HOLD
MODERATE__HOLD_R1_K175,HOLD_R1_K175,MODERATE,168,PE-H__0187,PE 18:3_22:4,0.001577144301045672,0.0,COMPUTED,True,False,False,False,0.15449729928871136,0.8993915019835691,0.8993382947548886,PE,0.2827562102310741,,,UNASSIGNED_FALSE_POSITIVE,,,,,,,,,,,,175,R1,HOLD
MODERATE__HOLD_R1_K175,HOLD_R1_K175,MODERATE,169,PE-H__0188,PE 18:3_22:5,0.0,,NOT_COMPUTED,False,False,False,False,0.18752526203346254,0.8954083946283774,0.8890345436297913,PE,0.2703148631554168,,,UNASSIGNED_FALSE_POSITIVE,,,,,,,,,,,,175,R1,HOLD
MODERATE__HOLD_R1_K175,HOLD_R1_K175,MODERATE,170,PE-H__0200,PE 20:0_20:3,0.004671543235536704,9.77793663318626e-07,COMPUTED,True,True,True,True,0.23032749244938702,0.9788474233762352,0.94467750434353,PE,0.09767313679891157,B3_U149_U167,149,spectral_hard_spatial_high,0.931169129720854,0.8823284072249589,0.8823284072249589,0.931169129720854,0.9100380607791277,0.3218390804597701,0.8722291254616233,0.0,234,0.9969096604356702,1.0760213163243861,175,R1,HOLD
MODERATE__HOLD_R1_K175,HOLD_R1_K175,MODERATE,171,PE-H__0201,PE 20:0_20:4,0.0027227740420684614,7.322990626638669e-07,COMPUTED,True,False,False,False,0.29604340865370693,0.9599646577371467,0.9207863176222774,PE,0.09402396665420898,,,UNASSIGNED_FALSE_POSITIVE,,,,,,,,,,,,175,R1,HOLD
MODERATE__HOLD_R1_K175,HOLD_R1_K175,MODERATE,172,PE-H__0202,PE 20:0_20:5,0.012304559834202422,1.064581521905676e-06,COMPUTED,True,True,True,True,0.42609430792144315,0.8451414828957593,0.6792961262597426,PE,0.30776996621138847,B7_U68_U165,68,spectral_easy_spatial_low,0.2517898193760263,0.2448210180623974,0.2448210180623974,0.2517898193760263,0.0,0.0,0.0,0.0,90,-0.5136120757530067,0.7802037075442214,175,R1,HOLD
MODERATE__HOLD_R1_K175,HOLD_R1_K175,MODERATE,173,PE-H__0218,PE 20:1_20:2,0.00039121247449375233,,NOT_COMPUTED,False,False,False,False,0.20294033552387394,0.9253440230489325,0.8845567029435504,PE,0.2634923383719795,,,UNASSIGNED_FALSE_POSITIVE,,,,,,,,,,,,175,R1,HOLD
MODERATE__HOLD_R1_K175,HOLD_R1_K175,MODERATE,174,PE-H__0219,PE 20:1_20:3,0.0023617740166351976,0.0,COMPUTED,True,True,True,True,0.15409170574418976,0.9673598800301968,0.9574552798625677,PE,0.13448997604329319,,169,singleton_control,,,,,,,,,375,,1.2101381550740857,175,R1,HOLD
MODERATE__HOLD_R1_K175,HOLD_R1_K175,MODERATE,175,PE-H__0220,PE 20:1_20:4,0.004724618265594562,5.593974094467037e-07,COMPUTED,True,True,True,True,0.22946614386916517,0.9422890778439277,0.9190388079823439,PE,0.1647009138898418,B3_U102_U170,102,spectral_hard_spatial_low,0.7658210180623974,0.7055155993431855,0.7055155993431855,0.7658210180623974,0.007914666227192781,0.13043478260869565,0.0014926923397019498,0.0,390,-0.25005750554930434,0.5,175,R1,HOLD
MODERATE__HOLD_R1_K175,HOLD_R1_K175,MODERATE,176,PE-H__0221,PE 20:1_20:5,0.025956671076313942,5.727270149188885e-05,COMPUTED,True,True,True,True,0.3973599004661181,0.7993795604865694,0.6792961262597426,PE,0.33650437366671354,B3_U44_U157,44,spectral_easy_spatial_low,0.25750410509031196,0.2556781609195402,0.2556781609195402,0.25750410509031196,0.0,0.0,0.0,0.0,284,-0.13767961333297224,2.0,175,R1,HOLD
MODERATE__HOLD_R1_K175,HOLD_R1_K175,MODERATE,177,PE-H__0236,PE 20:2_20:2,0.00544860242687163,0.0,COMPUTED,True,False,False,False,0.13796437864051098,0.9885666181646524,0.9803192870333286,PE,0.05945420070415522,,,UNASSIGNED_FALSE_POSITIVE,,,,,,,,,,,,175,R1,HOLD
MODERATE__HOLD_R1_K175,HOLD_R1_K175,MODERATE,178,PE-H__0237,PE 20:2_20:3,0.004495308877179062,8.354963809358682e-08,COMPUTED,True,True,True,True,0.10342592469336877,0.8809502880689941,0.8757642268764254,PE,0.37931315485534245,,174,singleton_control,,,,,,,,,330,,0.5340342571614348,175,R1,HOLD
MODERATE__HOLD_R1_K175,HOLD_R1_K175,MODERATE,179,PE-H__0238,PE 20:2_20:4,0.0008646883901633682,,NOT_COMPUTED,False,False,False,False,0.18995619886808268,0.9559925050099088,0.9369316641113805,PE,0.15955640002569,,,UNASSIGNED_FALSE_POSITIVE,,,,,,,,,,,,175,R1,HOLD
MODERATE__HOLD_R1_K175,HOLD_R1_K175,MODERATE,180,PE-H__0239,PE 20:2_20:5,0.00048824196422512264,,NOT_COMPUTED,False,False,False,False,0.3893851070272266,0.798793448092428,0.6606806154113212,PE,0.36128201255356196,,,UNASSIGNED_FALSE_POSITIVE,,,,,,,,,,,,175,R1,HOLD
MODERATE__HOLD_R1_K175,HOLD_R1_K175,MODERATE,181,PE-H__0254,PE 20:3_20:3,0.006263859503547199,0.0,COMPUTED,True,True,True,True,0.11972298568219342,0.9884825101246301,0.9837096338633671,PE,0.06004173901205881,B1_U124_U148,148,spectral_hard_spatial_high,0.8463940886699508,0.9021313628899836,0.8463940886699508,0.9021313628899836,0.9828895828332406,0.19230769230769232,0.9764529162651794,0.0,248,0.996899003983082,1.0000000000000002,175,R1,HOLD
MODERATE__HOLD_R1_K175,HOLD_R1_K175,MODERATE,182,PE-H__0255,PE 20:3_20:4,0.0009247528994361058,,NOT_COMPUTED,False,False,False,False,0.12448475029069515,0.9204161266642652,0.9128348333325689,PE,0.2838442433586674,,,UNASSIGNED_FALSE_POSITIVE,,,,,,,,,,,,175,R1,HOLD
MODERATE__HOLD_R1_K175,HOLD_R1_K175,MODERATE,183,PE-H__0256,PE 20:3_20:5,9.715269209266579e-05,,NOT_COMPUTED,False,False,False,False,0.33900755670745725,0.7617570615123257,0.6460284911629157,PE,0.42430573978734804,,,UNASSIGNED_FALSE_POSITIVE,,,,,,,,,,,,175,R1,HOLD
MODERATE__HOLD_R1_K175,HOLD_R1_K175,MODERATE,184,PE-H__0271,PE 20:4_20:4,0.0031755573744966575,0.0,COMPUTED,True,False,False,False,0.12143494692201809,0.9845400250879618,0.9715405518090002,PE,0.11543834450329934,,,UNASSIGNED_FALSE_POSITIVE,,,,,,,,,,,,175,R1,HOLD
MODERATE__HOLD_R1_K175,HOLD_R1_K175,MODERATE,185,PE-H__0272,PE 20:4_20:5,0.019535856143106024,6.59673027623334e-05,COMPUTED,True,True,True,True,0.26664550336010406,0.7114621309435802,0.6714372883852311,PE,0.4744158758561441,B4_U73_U152,73,spectral_easy_spatial_high,0.24607553366174056,0.23967816091954022,0.23967816091954022,0.24607553366174056,0.0,0.0,0.0,0.0,136,0.9831746852271556,2.0,175,R1,HOLD
MODERATE__HOLD_R1_K175,HOLD_R1_K175,MODERATE,186,PE-H__0459,PE 17:0_20:0,0.005739477613478049,4.14584210974892e-06,COMPUTED,True,True,True,True,0.2698075638945543,0.9206618024583055,0.8460604591945621,PE,0.26327938903853587,,41,singleton_control,,,,,,,,,218,,0.5,175,R1,HOLD
MODERATE__HOLD_R1_K175,HOLD_R1_K175,MODERATE,187,PE-H__0460,PE 17:0_20:1,0.004242543770069679,0.0,COMPUTED,True,False,False,False,0.21935078912512027,0.9551170493571611,0.9037729092166604,PE,0.20866151042485073,,,UNASSIGNED_FALSE_POSITIVE,,,,,,,,,,,,175,R1,HOLD
MODERATE__HOLD_R1_K175,HOLD_R1_K175,MODERATE,188,PE-H__0461,PE 17:0_20:2,0.009284141652513934,2.0780660413312297e-06,COMPUTED,True,False,False,False,0.1630015495704311,0.9691815015571644,0.9500581444976401,PE,0.1490713939439036,,,UNASSIGNED_FALSE_POSITIVE,,,,,,,,,,,,175,R1,HOLD
MODERATE__HOLD_R1_K175,HOLD_R1_K175,MODERATE,189,PE-H__0462,PE 17:0_20:3,0.000648621632037466,,NOT_COMPUTED,False,False,False,False,0.15187039632663366,0.9898819477902964,0.9455757956032335,PE,0.17353153170900668,,,UNASSIGNED_FALSE_POSITIVE,,,,,,,,,,,,175,R1,HOLD
MODERATE__HOLD_R1_K175,HOLD_R1_K175,MODERATE,190,PE-H__0463,PE 17:0_20:4,0.0003195622840551207,,NOT_COMPUTED,False,False,False,False,0.1628046691202565,0.9887826418894832,0.9240092007107269,PE,0.21956556638706384,,,UNASSIGNED_FALSE_POSITIVE,,,,,,,,,,,,175,R1,HOLD
MODERATE__HOLD_R1_K175,HOLD_R1_K175,MODERATE,191,PE-H__0464,PE 17:0_20:5,6.70332775888236e-08,,NOT_COMPUTED,False,False,False,False,0.34361334142228894,0.9811934844127886,0.7108936864274412,PE,0.35968614428604206,,,UNASSIGNED_FALSE_POSITIVE,,,,,,,,,,,,175,R1,HOLD
MODERATE__HOLD_R1_K175,HOLD_R1_K175,MODERATE,192,PE-H__0466,PE 17:0_22:1,0.0009195021080404544,,NOT_COMPUTED,False,False,False,False,0.1543111669513844,0.9331724257584938,0.9295121962579814,PE,0.2144802063312126,,,UNASSIGNED_FALSE_POSITIVE,,,,,,,,,,,,175,R1,HOLD
MODERATE__HOLD_R1_K175,HOLD_R1_K175,MODERATE,193,PE-H__0467,PE 17:0_22:2,0.007625201807301735,0.0,COMPUTED,True,True,True,True,0.13503108538528152,0.9386569008618137,0.9358581192272978,PE,0.21734595795940753,B7_U68_U165,165,spectral_easy_spatial_low,0.2517898193760263,0.2448210180623974,0.2448210180623974,0.2517898193760263,0.0,0.0,0.0,0.0,106,-0.5136120757530067,2.0,175,R1,HOLD
MODERATE__HOLD_R1_K175,HOLD_R1_K175,MODERATE,194,PE-H__0468,PE 17:0_22:3,0.000512503269418381,,NOT_COMPUTED,False,False,False,False,0.12944258217526786,0.9493851963105262,0.9459213048199246,PE,0.1949536032026912,,,UNASSIGNED_FALSE_POSITIVE,,,,,,,,,,,,175,R1,HOLD
MODERATE__HOLD_R1_K175,HOLD_R1_K175,MODERATE,195,PE-H__0469,PE 17:0_22:4,0.006165845173340022,9.059528865762108e-07,COMPUTED,True,True,True,True,0.16492324087593133,0.9518068384474951,0.9426607466712886,PE,0.1688292372948361,B4_U104_U161,104,spectral_hard_spatial_high,0.7374532019704434,0.7812118226600986,0.7374532019704434,0.7812118226600986,0.029711301511644837,0.056179775280898875,0.029425481080014693,0.00018183622956154135,159,0.996212914495482,1.0000000000000002,175,R1,HOLD
MODERATE__HOLD_R1_K175,HOLD_R1_K175,MODERATE,196,PE-H__0470,PE 17:0_22:5,0.010714526017248413,2.2468249889496437e-05,COMPUTED,True,True,True,True,0.20553202250395822,0.9211023236447361,0.903597002570837,PE,0.22285151703158326,B3_U13_U90,90,spectral_hard_spatial_high,0.7239244663382594,0.6166551724137932,0.6166551724137932,0.7239244663382594,0.011614059834141753,0.07194244604316546,0.011101103738010792,0.0,81,0.9972117040223596,2.0,175,R1,HOLD
MODERATE__HOLD_R1_K175,HOLD_R1_K175,MODERATE,197,PE-H__0471,PE 17:0_22:6,0.015769079470692535,1.7829900756681315e-05,COMPUTED,True,True,True,True,0.31244709118745745,0.8271838267520604,0.7871361511830383,PE,0.30433218821543645,,50,singleton_control,,,,,,,,,102,,2.0,175,R1,HOLD
MODERATE__HOLD_R1_K175,HOLD_R1_K175,MODERATE,198,PE-H__0481,PE 20:0_17:1,0.0004562282185664878,,NOT_COMPUTED,False,False,False,False,0.3521808615762064,0.9829394646770109,0.8238355564584399,PE,0.21464801552411628,,,UNASSIGNED_FALSE_POSITIVE,,,,,,,,,,,,175,R1,HOLD
MODERATE__HOLD_R1_K175,HOLD_R1_K175,MODERATE,199,PE-H__0482,PE 17:1_20:1,0.005515610167357176,1.0568249297767346e-18,COMPUTED,True,True,True,True,0.2809048613188857,0.9726361074886047,0.7937994919963063,PE,0.3272746898881621,B4_U73_U152,152,spectral_easy_spatial_high,0.24607553366174056,0.23967816091954022,0.23967816091954022,0.24607553366174056,0.0,0.0,0.0,0.0,136,0.9831746852271556,0.7802037075442214,175,R1,HOLD
MODERATE__HOLD_R1_K175,HOLD_R1_K175,MODERATE,200,PE-H__0483,PE 17:1_20:2,0.0017626024012127115,0.0,COMPUTED,True,False,False,False,0.18976008058885643,0.9965803996234099,0.9135491254421633,PE,0.2169683243742819,,,UNASSIGNED_FALSE_POSITIVE,,,,,,,,,,,,175,R1,HOLD
MODERATE__HOLD_R1_K175,HOLD_R1_K175,MODERATE,201,PE-H__0484,PE 17:1_20:3,0.009130509173710014,5.138105352866179e-07,COMPUTED,True,True,True,True,0.17058675100295786,0.9942019114139844,0.91474606264425,PE,0.23344250644858108,B3_U149_U167,167,spectral_hard_spatial_high,0.931169129720854,0.8823284072249589,0.8823284072249589,0.931169129720854,0.9100380607791277,0.3218390804597701,0.8722291254616233,0.0,234,0.9969096604356702,0.5,175,R1,HOLD
MODERATE__HOLD_R1_K175,HOLD_R1_K175,MODERATE,202,PE-H__0485,PE 17:1_20:4,0.0009480518069743164,,NOT_COMPUTED,False,False,False,False,0.17664660802052665,0.9853779862370524,0.9110162578782207,PE,0.23572382967059016,,,UNASSIGNED_FALSE_POSITIVE,,,,,,,,,,,,175,R1,HOLD
MODERATE__HOLD_R1_K175,HOLD_R1_K175,MODERATE,203,PE-H__0488,PE 17:1_22:1,0.0012589876151432179,3.118782012317317e-06,COMPUTED,True,False,False,False,0.25190782559573593,0.7015424004109266,0.6921065620053083,PE,0.46988751023651537,,,UNASSIGNED_FALSE_POSITIVE,,,,,,,,,,,,175,R1,HOLD
MODERATE__HOLD_R1_K175,HOLD_R1_K175,MODERATE,204,PE-H__0490,PE 17:1_22:3,0.0069425791209757875,0.0,COMPUTED,True,False,False,False,0.10570325194754038,0.9599558000648393,0.9599528994369606,PE,0.17445818519642592,,,UNASSIGNED_FALSE_POSITIVE,,,,,,,,,,,,175,R1,HOLD
MODERATE__HOLD_R1_K175,HOLD_R1_K175,MODERATE,205,PE-H__0491,PE 17:1_22:4,0.010642443593390678,0.0,COMPUTED,True,False,False,False,0.11399010042613276,0.9648613999266584,0.9648442794130716,PE,0.14883211416744102,,,UNASSIGNED_FALSE_POSITIVE,,,,,,,,,,,,175,R1,HOLD
MODERATE__HOLD_R1_K175,HOLD_R1_K175,MODERATE,206,PE-H__0492,PE 17:1_22:5,0.0011969997578370245,2.0578402650257814e-06,COMPUTED,True,True,True,True,0.1734421065443991,0.9209267513286628,0.914161168407914,PE,0.23190880091119995,B5_U53_U107,107,spectral_hard_spatial_low,0.6654942528735632,0.6520853858784894,0.6520853858784894,0.6654942528735632,0.001805667840925386,0.13114754098360656,0.0016250389535571094,0.0,237,-0.1259374518719479,0.5,175,R1,HOLD
MODERATE__HOLD_R1_K175,HOLD_R1_K175,MODERATE,207,PE-H__0493,PE 17:1_22:6,0.007185385428588446,1.8600929852900682e-06,COMPUTED,True,True,True,True,0.2805102678681988,0.8065738667783828,0.7806595188417996,PE,0.34444630313629093,,56,singleton_control,,,,,,,,,299,,1.2101381550740857,175,R1,HOLD
MODERATE__HOLD_R1_K175,HOLD_R1_K175,MODERATE,208,PEO-H__0072,PE O-16:0_22:1,0.004346655182485101,1.761374882961224e-18,COMPUTED,True,True,True,True,0.25810380084870377,0.9626827699537985,0.9563306222117823,PE,0.034183285797328655,B7_U78_U122,122,spectral_hard_spatial_low,0.8752824302134646,0.9022348111658457,0.8752824302134646,0.9022348111658457,0.9544568366839815,0.4375,0.9031048003009459,0.102757415803698,90,-0.2519892501498217,0.5,175,R1,HOLD
MODERATE__HOLD_R1_K175,HOLD_R1_K175,MODERATE,209,PEO-H__0073,PE O-16:0_22:2,0.007444259019270468,7.045499531844897e-19,COMPUTED,True,False,False,False,0.22163710097107966,0.9697963545701745,0.9660075973064259,PE,0.03687657747991838,,,UNASSIGNED_FALSE_POSITIVE,,,,,,,,,,,,175,R1,HOLD
MODERATE__HOLD_R1_K175,HOLD_R1_K175,MODERATE,210,PEO-H__0074,PE O-16:0_22:3,0.011197200634742313,6.699830452701219e-07,COMPUTED,True,False,False,False,0.19242974363625995,0.9756545054698517,0.9718809394238797,PE,0.04304305645869205,,,UNASSIGNED_FALSE_POSITIVE,,,,,,,,,,,,175,R1,HOLD
MODERATE__HOLD_R1_K175,HOLD_R1_K175,MODERATE,211,PEO-H__0075,PE O-16:0_22:4,0.003908666094318844,0.0,COMPUTED,True,True,True,True,0.21233553953653375,0.9788297262879938,0.96428133306626,PE,0.0525446422437508,B1_U3_U136,136,spectral_easy_spatial_high,0.20836124794745484,0.2082495894909688,0.2082495894909688,0.20836124794745484,0.0,0.0,0.0,0.0,239,0.972300100317437,2.0,175,R1,HOLD
MODERATE__HOLD_R1_K175,HOLD_R1_K175,MODERATE,212,PEO-H__0076,PE O-16:0_22:5,0.011486472174201331,5.6043781748981e-06,COMPUTED,True,True,True,True,0.2748935194643735,0.9595548171321114,0.9099757812121108,PE,0.1397678816901211,,85,singleton_control,,,,,,,,,93,,2.0,175,R1,HOLD
MODERATE__HOLD_R1_K175,HOLD_R1_K175,MODERATE,213,PEO-H__0077,PE O-16:0_22:6,0.00850643144946696,4.747538881497389e-06,COMPUTED,True,True,True,True,0.48470573742722234,0.900438885889574,0.7632124702069613,PE,0.1614418659271415,B6_U39_U54,39,spectral_easy_spatial_low,0.1792183908045977,0.5071083743842364,0.1792183908045977,0.5071083743842364,0.00026369558372042073,0.10227272727272728,0.00020200331760154445,0.0,212,-0.12485182569342557,0.7303443264893795,175,R1,HOLD
MODERATE__HOLD_R1_K175,HOLD_R1_K175,MODERATE,214,PEO-H__0099,PE O-16:1_22:0,0.0023492446370967893,2.1136498595534692e-18,COMPUTED,True,False,False,False,0.5895517686839958,0.9743633702676963,0.6718844687566582,PE,0.15110419776978434,,,UNASSIGNED_FALSE_POSITIVE,,,,,,,,,,,,175,R1,HOLD
MODERATE__HOLD_R1_K175,HOLD_R1_K175,MODERATE,215,PEO-H__0100,PE O-16:1_22:1,2.082123719224004e-08,,NOT_COMPUTED,False,True,True,True,0.3096547237703799,0.9753848425333608,0.924433450475611,PE,0.07168868530044187,B7_U78_U122,78,spectral_hard_spatial_low,0.8752824302134646,0.9022348111658457,0.8752824302134646,0.9022348111658457,0.9544568366839815,0.4375,0.9031048003009459,0.102757415803698,283,-0.2519892501498217,0.5,175,R1,HOLD
MODERATE__HOLD_R1_K175,HOLD_R1_K175,MODERATE,216,PEO-H__0101,PE O-16:1_22:2,3.847437441163671e-08,,NOT_COMPUTED,False,False,False,False,0.19181527150552552,0.9804782409271666,0.972095163534486,PE,0.04277158454753846,,,UNASSIGNED_FALSE_POSITIVE,,,,,,,,,,,,175,R1,HOLD
MODERATE__HOLD_R1_K175,HOLD_R1_K175,MODERATE,217,PEO-H__0102,PE O-16:1_22:3,0.0,,NOT_COMPUTED,False,True,True,True,0.15301712497872955,0.978974472761994,0.9789476971502981,PE,0.05109413449543146,B6_U131_U143,131,spectral_hard_spatial_high,0.7625665024630542,0.8978866995073893,0.7625665024630542,0.8978866995073893,0.9380238526123156,0.14285714285714285,0.937970170357238,0.0,319,0.9897720996411972,2.0,175,R1,HOLD
MODERATE__HOLD_R1_K175,HOLD_R1_K175,MODERATE,218,PEO-H__0103,PE O-16:1_22:4,0.004845763918782144,5.418366990410439e-08,COMPUTED,True,False,False,False,0.12973055438059183,0.9809547878114457,0.9808689663219521,PE,0.06493857749836135,,,UNASSIGNED_FALSE_POSITIVE,,,,,,,,,,,,175,R1,HOLD
MODERATE__HOLD_R1_K175,HOLD_R1_K175,MODERATE,219,PEO-H__0104,PE O-16:1_22:5,0.0,,NOT_COMPUTED,False,False,False,False,0.21260509314897325,0.9595548171321114,0.944720452955995,PE,0.11527181327570851,,,UNASSIGNED_FALSE_POSITIVE,,,,,,,,,,,,175,R1,HOLD
MODERATE__HOLD_R1_K175,HOLD_R1_K175,MODERATE,220,PEO-H__0106,PE O-16:1_24:0,0.004342494056844803,1.7161603661131862e-09,COMPUTED,True,True,True,True,0.6719956962672089,0.7350890401757907,0.6635490105932277,PE,0.07613711984283755,B1_U9_U37,9,spectral_easy_spatial_high,0.15578981937602626,0.15053530377668312,0.15053530377668312,0.15578981937602626,0.0,0.0,0.0,0.0,316,0.9965864187130227,0.5,175,R1,HOLD
MODERATE__HOLD_R1_K175,HOLD_R1_K175,MODERATE,221,PEO-H__0107,PE O-16:1_24:1,0.00011675438898958283,,NOT_COMPUTED,False,False,False,False,0.7013195190822913,0.7742897189559598,0.6708976550037268,PE,0.04023043642340518,,,UNASSIGNED_FALSE_POSITIVE,,,,,,,,,,,,175,R1,HOLD
MODERATE__HOLD_R1_K175,HOLD_R1_K175,MODERATE,222,PEO-H__0110,PE O-16:1_24:4,2.2651867441855207e-05,,NOT_COMPUTED,False,False,False,False,0.3570621957782415,0.9336814199983869,0.9087919461652159,PE,0.06018736813434,,,UNASSIGNED_FALSE_POSITIVE,,,,,,,,,,,,175,R1,HOLD
MODERATE__HOLD_R1_K175,HOLD_R1_K175,MODERATE,223,PEO-H__0111,PE O-16:1_24:5,0.013477981473693829,2.1136498595534692e-18,COMPUTED,True,True,True,True,0.34567378912555613,0.9348240213453116,0.9300862052110084,PE,0.021667538356373084,B1_U35_U46,46,spectral_easy_spatial_low,0.18836124794745485,0.20310673234811166,0.18836124794745485,0.20310673234811166,0.0,0.0,0.0,0.0,145,-0.1940322936148857,0.8939526432607221,175,R1,HOLD
MODERATE__HOLD_R1_K175,HOLD_R1_K175,MODERATE,224,PEO-H__0112,PE O-16:1_24:6,0.02968051438030537,6.159265923413095e-05,COMPUTED,True,True,True,True,0.41848831684391674,0.9120817497666402,0.8867746988906713,PE,0.043713623229206855,B6_U67_U77,77,spectral_easy_spatial_low,0.21236124794745484,0.20196387520525452,0.20196387520525452,0.21236124794745484,0.0,0.0,0.0,0.0,171,-0.11676484192385192,2.0,175,R1,HOLD
MODERATE__HOLD_R1_K175,HOLD_R1_K175,MODERATE,225,PEO-H__0122,PE O-18:0_20:1,0.004865274311566761,6.584853667911429e-06,COMPUTED,True,True,True,True,0.318148671588633,0.9846847840318518,0.9037729092166604,PE,0.10986362796133797,,93,singleton_control,,,,,,,,,339,,0.8939526432607221,175,R1,HOLD
MODERATE__HOLD_R1_K175,HOLD_R1_K175,MODERATE,226,PEO-H__0123,PE O-18:0_20:2,0.0036851122331324954,1.4556235896171167e-07,COMPUTED,True,True,True,True,0.24588669439016053,0.9868742659860326,0.9501374572146646,PE,0.06594469017151477,,100,singleton_control,,,,,,,,,288,,0.689110922829001,175,R1,HOLD
MODERATE__HOLD_R1_K175,HOLD_R1_K175,MODERATE,227,PEO-H__0124,PE O-18:0_20:3,0.004848002380961967,0.0,COMPUTED,True,False,False,False,0.26090867432576414,0.9859286893262592,0.9522858960339339,PE,0.04429875057547855,,,UNASSIGNED_FALSE_POSITIVE,,,,,,,,,,,,175,R1,HOLD
MODERATE__HOLD_R1_K175,HOLD_R1_K175,MODERATE,228,PEO-H__0125,PE O-18:0_20:4,0.004219912419430081,1.0568249297767346e-18,COMPUTED,True,False,False,False,0.4891883874519232,0.9831942612973099,0.859074789633042,PE,0.022661693936118332,,,UNASSIGNED_FALSE_POSITIVE,,,,,,,,,,,,175,R1,HOLD
MODERATE__HOLD_R1_K175,HOLD_R1_K175,MODERATE,229,PEO-H__0126,PE O-18:0_20:5,0.008658406727378689,1.761374882961224e-18,COMPUTED,True,True,True,True,0.6919909071159304,0.9215313010613547,0.5604614119842438,PE,0.1361896321849082,B4_U31_U61,31,spectral_easy_spatial_low,0.1672183908045977,0.15510673234811168,0.15510673234811168,0.1672183908045977,0.0,0.0,0.0,0.0,211,-0.2083302803849885,0.5,175,R1,HOLD
MODERATE__HOLD_R1_K175,HOLD_R1_K175,MODERATE,230,PEO-H__0128,PE O-18:0_22:1,0.002348641913432207,5.922849388598742e-06,COMPUTED,True,False,False,False,0.20944781852532984,0.9825549173152562,0.9730776501152054,PE,0.021029700652289512,,,UNASSIGNED_FALSE_POSITIVE,,,,,,,,,,,,175,R1,HOLD
MODERATE__HOLD_R1_K175,HOLD_R1_K175,MODERATE,231,PEO-H__0129,PE O-18:0_22:2,0.0,,NOT_COMPUTED,False,False,False,False,0.19149650312872654,0.9844718359888617,0.9674555954753647,PE,0.06154434492432473,,,UNASSIGNED_FALSE_POSITIVE,,,,,,,,,,,,175,R1,HOLD
MODERATE__HOLD_R1_K175,HOLD_R1_K175,MODERATE,232,PEO-H__0130,PE O-18:0_22:3,0.0004085570129387594,,NOT_COMPUTED,False,True,True,True,0.17092763078541914,0.9848176901850096,0.9529791162203358,PE,0.13210834735563867,B2_U58_U139,139,spectral_easy_spatial_low,0.2837898193760263,0.2425353037766831,0.2425353037766831,0.2837898193760263,0.0,0.0,0.0,0.0,271,-0.11740715949168594,0.8939526432607221,175,R1,HOLD
MODERATE__HOLD_R1_K175,HOLD_R1_K175,MODERATE,233,PEO-H__0131,PE O-18:0_22:4,0.015071878234353138,0.0,COMPUTED,True,True,True,True,0.29140314574818993,0.9785214888337301,0.9315389784831688,PE,0.07223834193787476,B4_U19_U138,138,spectral_easy_spatial_high,0.21293267651888342,0.18482101806239737,0.18482101806239737,0.21293267651888342,0.0,0.0,0.0,0.0,378,0.9962357394529731,0.5,175,R1,HOLD
MODERATE__HOLD_R1_K175,HOLD_R1_K175,MODERATE,234,PEO-H__0132,PE O-18:0_22:5,0.027155982400690164,1.598295128951281e-05,COMPUTED,True,True,True,True,0.43559350264218133,0.9521162343234528,0.8503791620761236,PE,0.09057688868244451,B7_U20_U40,40,spectral_easy_spatial_high,0.15807553366174054,0.15053530377668312,0.15053530377668312,0.15807553366174054,0.0,0.0,0.0,0.0,295,0.9857360113034312,1.8682084992203376,175,R1,HOLD
MODERATE__HOLD_R1_K175,HOLD_R1_K175,MODERATE,235,PEO-H__0133,PE O-18:0_22:6,0.02088943017651451,7.319001273793235e-05,COMPUTED,True,True,True,True,0.5753436233533816,0.900438885889574,0.6568414230886067,PE,0.17868511941106635,,45,singleton_control,,,,,,,,,320,,2.0,175,R1,HOLD
MODERATE__HOLD_R1_K175,HOLD_R1_K175,MODERATE,236,PEO-H__0150,PE O-18:1_20:1,0.002486536271024304,4.5220998881666423e-07,COMPUTED,True,False,False,False,0.39089349908072424,0.9853143544809311,0.8646103224644689,PE,0.11154952285100395,,,UNASSIGNED_FALSE_POSITIVE,,,,,,,,,,,,175,R1,HOLD
MODERATE__HOLD_R1_K175,HOLD_R1_K175,MODERATE,237,PEO-H__0151,PE O-18:1_20:2,0.0022506022684713463,1.761374882961224e-18,COMPUTED,True,True,True,True,0.23640856435982596,0.9860488591567219,0.9580837481030324,PE,0.05007971048025392,,155,singleton_control,,,,,,,,,152,,0.7303443264893795,175,R1,HOLD
MODERATE__HOLD_R1_K175,HOLD_R1_K175,MODERATE,238,PEO-H__0152,PE O-18:1_20:3,0.014117288690031485,0.0,COMPUTED,True,True,True,True,0.17248031845796863,0.9828895828332406,0.9764529162651794,PE,0.04325030597265456,B1_U124_U148,124,spectral_hard_spatial_high,0.8463940886699508,0.9021313628899836,0.8463940886699508,0.9021313628899836,0.9828895828332406,0.19230769230769232,0.9764529162651794,0.0,248,0.996899003983082,0.5,175,R1,HOLD
MODERATE__HOLD_R1_K175,HOLD_R1_K175,MODERATE,239,PEO-H__0153,PE O-18:1_20:4,8.688633116778679e-10,,NOT_COMPUTED,False,False,False,False,0.24144300871075103,0.9790660598691365,0.9453508535750196,PE,0.08461183889158391,,,UNASSIGNED_FALSE_POSITIVE,,,,,,,,,,,,175,R1,HOLD
MODERATE__HOLD_R1_K175,HOLD_R1_K175,MODERATE,240,PEO-H__0154,PE O-18:1_20:5,0.003526311333372289,4.1418094481026346e-07,COMPUTED,True,True,True,True,0.5577857427715306,0.9215313010613547,0.6612863240163824,PE,0.19234784377749203,B3_U27_U48,27,spectral_easy_spatial_high,0.1769326765188834,0.1802495894909688,0.1769326765188834,0.1802495894909688,0.0,0.0,0.0,0.0,94,0.9945180924853226,0.5340342571614348,175,R1,HOLD
MODERATE__HOLD_R1_K175,HOLD_R1_K175,MODERATE,241,PEO-H__0156,PE O-18:1_22:1,0.0024182319092174,0.0,COMPUTED,True,False,False,False,0.16641771598064747,0.9825549173152562,0.9730776501152054,PE,0.06405980319697188,,,UNASSIGNED_FALSE_POSITIVE,,,,,,,,,,,,175,R1,HOLD
MODERATE__HOLD_R1_K175,HOLD_R1_K175,MODERATE,242,PEO-H__0157,PE O-18:1_22:2,0.0017058912411302637,0.0,COMPUTED,True,False,False,False,0.1397728776659262,0.9852875191058946,0.9852489905480893,PE,0.0313540536569106,,,UNASSIGNED_FALSE_POSITIVE,,,,,,,,,,,,175,R1,HOLD
MODERATE__HOLD_R1_K175,HOLD_R1_K175,MODERATE,243,PEO-H__0158,PE O-18:1_22:3,0.0013336174424237407,3.6866448678111164e-07,COMPUTED,True,False,False,False,0.13284776908049512,0.9842916841755988,0.984242653129889,PE,0.043975305657608654,,,UNASSIGNED_FALSE_POSITIVE,,,,,,,,,,,,175,R1,HOLD
MODERATE__HOLD_R1_K175,HOLD_R1_K175,MODERATE,244,PEO-H__0159,PE O-18:1_22:4,0.0019869447354203605,0.0,COMPUTED,True,False,False,False,0.1591848957034343,0.9787777211837311,0.9761218381725482,PE,0.05803885309638207,,,UNASSIGNED_FALSE_POSITIVE,,,,,,,,,,,,175,R1,HOLD
MODERATE__HOLD_R1_K175,HOLD_R1_K175,MODERATE,245,PEO-H__0160,PE O-18:1_22:5,0.0011958851059599574,0.0,COMPUTED,True,False,False,False,0.29720123032042856,0.9512253791165726,0.9093100642922111,PE,0.11891799175047629,,,UNASSIGNED_FALSE_POSITIVE,,,,,,,,,,,,175,R1,HOLD
MODERATE__HOLD_R1_K175,HOLD_R1_K175,MODERATE,246,PEO-H__0161,PE O-18:1_22:6,0.00014660651514510225,,NOT_COMPUTED,False,False,False,False,0.5117301540657673,0.8911899884564419,0.7441668185523289,PE,0.1562636678859819,,,UNASSIGNED_FALSE_POSITIVE,,,,,,,,,,,,175,R1,HOLD
MODERATE__HOLD_R1_K175,HOLD_R1_K175,MODERATE,247,PEO-H__0231,PE O-20:0_18:2,0.0025969673054886894,2.8181998127379586e-18,COMPUTED,True,False,False,False,0.42571487661894175,0.9910296758828884,0.8236347989916191,PE,0.14140567307929947,,,UNASSIGNED_FALSE_POSITIVE,,,,,,,,,,,,175,R1,HOLD
MODERATE__HOLD_R1_K175,HOLD_R1_K175,MODERATE,248,PEO-H__0259,PE O-20:1_18:2,0.01654495022754328,8.010295583579327e-06,COMPUTED,True,True,True,True,0.4351737905876049,0.9895861653945057,0.8236347989916191,PE,0.1319467591106363,B2_U70_U101,101,spectral_easy_spatial_low,0.20378981937602628,0.20139244663382594,0.20139244663382594,0.20378981937602628,0.0,0.0,0.0,0.0,213,-0.3454720889085783,2.0,175,R1,HOLD
MODERATE__HOLD_R1_K175,HOLD_R1_K175,MODERATE,249,PEO-H__0179,PE O-18:2_20:2,0.010492936667763896,1.6875435539736356e-06,COMPUTED,True,False,False,False,0.17873488478864286,0.9878558096053639,0.9751699462496085,PE,0.04272295754604538,,,UNASSIGNED_FALSE_POSITIVE,,,,,,,,,,,,175,R1,HOLD
MODERATE__HOLD_R1_K175,HOLD_R1_K175,MODERATE,250,PEO-H__0180,PE O-18:2_20:3,0.003921295187874112,0.0,COMPUTED,True,True,True,True,0.15389249231375365,0.982213995160686,0.9807094412163158,PE,0.04157871249447814,B4_U126_U171,171,spectral_hard_spatial_low,0.7525139573070609,0.8976781609195403,0.7525139573070609,0.8976781609195403,0.9530974698768908,0.2777777777777778,0.9371554697692689,0.0,228,-0.19905542646220367,0.7303443264893795,175,R1,HOLD
MODERATE__HOLD_R1_K175,HOLD_R1_K175,MODERATE,251,PEO-H__0181,PE O-18:2_20:4,0.00035824825319944896,,NOT_COMPUTED,False,False,False,False,0.20161747503517874,0.9802229335768837,0.9715405518090002,PE,0.035255816390138695,,,UNASSIGNED_FALSE_POSITIVE,,,,,,,,,,,,175,R1,HOLD
MODERATE__HOLD_R1_K175,HOLD_R1_K175,MODERATE,252,PEO-H__0183,PE O-18:2_22:0,0.0024545019462195133,1.7448571901468954e-06,COMPUTED,True,False,False,False,0.6092428422951907,0.9909569381714911,0.6718844687566582,PE,0.13141312415858952,,,UNASSIGNED_FALSE_POSITIVE,,,,,,,,,,,,175,R1,HOLD
MODERATE__HOLD_R1_K175,HOLD_R1_K175,MODERATE,253,PEO-H__0427,PE O-22:1_18:2,0.01498887660928915,1.404399780303488e-05,COMPUTED,True,True,True,True,0.3303710154344505,0.9888056550432852,0.7444616792874118,PE,0.337294176164278,,127,singleton_control,,,,,,,,,81,,2.0,175,R1,HOLD
MODERATE__HOLD_R1_K175,HOLD_R1_K175,MODERATE,254,PEO-H__0185,PE O-18:2_22:2,0.0054055653608141765,1.2146080478049666e-07,COMPUTED,True,False,False,False,0.12665676335127843,0.9852875191058946,0.9852489905480893,PE,0.044470167971558366,,,UNASSIGNED_FALSE_POSITIVE,,,,,,,,,,,,175,R1,HOLD
MODERATE__HOLD_R1_K175,HOLD_R1_K175,MODERATE,255,PEO-H__0186,PE O-18:2_22:3,0.019217434124196096,0.0,COMPUTED,True,True,True,True,0.11689533016188987,0.986523537683374,0.9865062605034273,PE,0.04682821117393669,B3_U44_U157,157,spectral_easy_spatial_low,0.25750410509031196,0.2556781609195402,0.2556781609195402,0.25750410509031196,0.0,0.0,0.0,0.0,146,-0.13767961333297224,1.2101381550740857,175,R1,HOLD
MODERATE__HOLD_R1_K175,HOLD_R1_K175,MODERATE,256,PEO-H__0187,PE O-18:2_22:4,0.011547792269046925,2.3443385561892472e-07,COMPUTED,True,True,True,True,0.14828595476682938,0.9790243416279218,0.9787667375621356,PE,0.05669129626843439,B5_U140_U172,172,spectral_easy_spatial_high,0.45007881773399017,0.2859638752052545,0.2859638752052545,0.45007881773399017,0.0,0.0,0.0,0.0,329,0.9957442371552778,0.5,175,R1,HOLD
MODERATE__HOLD_R1_K175,HOLD_R1_K175,MODERATE,257,PEO-H__0188,PE O-18:2_22:5,0.011109430882025895,0.0,COMPUTED,True,True,True,True,0.26103860623460656,0.9522818262826038,0.935978921601904,PE,0.09101743804944895,B5_U87_U129,129,spectral_hard_spatial_low,0.8012939244663384,0.8002692939244664,0.8002692939244664,0.8012939244663384,0.863062987826596,0.1509433962264151,0.4893554182240899,0.0,141,-0.446971011986587,2.0,175,R1,HOLD
MODERATE__HOLD_R1_K175,HOLD_R1_K175,MODERATE,258,PEO-H__0189,PE O-18:2_22:6,0.002262249110352654,1.4017066394654602e-08,COMPUTED,True,False,False,False,0.4310647780235847,0.8859525621257368,0.8285086731249719,PE,0.12891145232614937,,,UNASSIGNED_FALSE_POSITIVE,,,,,,,,,,,,175,R1,HOLD
MODERATE__HOLD_R1_K175,HOLD_R1_K175,MODERATE,259,PEO-H__0208,PE O-18:3_20:3,0.016780320279203276,1.0568249297767346e-18,COMPUTED,True,True,True,True,0.14272429629361114,0.9852235586914223,0.9837096338633671,PE,0.03704042840064109,,117,singleton_control,,,,,,,,,212,,2.0,175,R1,HOLD
MODERATE__HOLD_R1_K175,HOLD_R1_K175,MODERATE,260,PEO-H__0211,PE O-18:3_22:0,0.004170115435504492,5.556927001985496e-07,COMPUTED,True,False,False,False,0.6471690508908507,0.9909569381714911,0.4799427523048661,PE,0.2301307579031726,,,UNASSIGNED_FALSE_POSITIVE,,,,,,,,,,,,175,R1,HOLD
MODERATE__HOLD_R1_K175,HOLD_R1_K175,MODERATE,261,PEO-H__0214,PE O-18:3_22:3,0.019869118700049492,8.352572617682558e-07,COMPUTED,True,True,True,True,0.12439321564387905,0.986523537683374,0.9865062605034273,PE,0.03933032569194751,B4_U104_U161,161,spectral_hard_spatial_high,0.7374532019704434,0.7812118226600986,0.7374532019704434,0.7812118226600986,0.029711301511644837,0.056179775280898875,0.029425481080014693,0.00018183622956154135,159,0.996212914495482,1.4538436095675817,175,R1,HOLD
MODERATE__HOLD_R1_K175,HOLD_R1_K175,MODERATE,262,PEO-H__0215,PE O-18:3_22:4,0.011958878908692521,0.0,COMPUTED,True,False,False,False,0.1395747875215276,0.9809547878114457,0.9808689663219521,PE,0.05509434435742558,,,UNASSIGNED_FALSE_POSITIVE,,,,,,,,,,,,175,R1,HOLD
MODERATE__HOLD_R1_K175,HOLD_R1_K175,MODERATE,263,PEO-H__0216,PE O-18:3_22:5,0.015012711304845702,8.316523709518752e-07,COMPUTED,True,True,True,True,0.24245622912169137,0.9538166594574129,0.944720452955995,PE,0.08542067730299038,B2_U88_U158,88,spectral_easy_spatial_high,0.28778981937602627,0.265392446633826,0.265392446633826,0.28778981937602627,0.0,0.0,0.0,0.0,371,0.9959230995973531,2.0,175,R1,HOLD
MODERATE__HOLD_R1_K175,HOLD_R1_K175,MODERATE,264,PEO-H__0217,PE O-18:3_22:6,0.0026431520172712,4.117870816980704e-11,COMPUTED,True,False,False,False,0.4000023234384312,0.8826794057114574,0.8285086731249719,PE,0.15997390691130292,,,UNASSIGNED_FALSE_POSITIVE,,,,,,,,,,,,175,R1,HOLD
MODERATE__HOLD_R1_K175,HOLD_R1_K175,MODERATE,265,PEO-H__0235,PE O-20:0_20:2,0.005479194583449157,1.0568249297767346e-18,COMPUTED,True,True,True,True,0.3574277360579778,0.9885666181646524,0.8711158084674012,PE,0.13364990366733687,B4_U116_U137,116,spectral_hard_spatial_low,0.6693924466338259,0.6958177339901479,0.6693924466338259,0.6958177339901479,0.024109003856100087,0.05454545454545454,0.008011443065969282,1.1445079590512938e-13,321,-0.24714801648750084,0.5,175,R1,HOLD
MODERATE__HOLD_R1_K175,HOLD_R1_K175,MODERATE,266,PEO-H__0236,PE O-20:0_20:3,0.010559418906919901,7.389938481608136e-07,COMPUTED,True,False,False,False,0.2665585874291982,0.9884825101246301,0.8455359439593595,PE,0.2673599152214919,,,UNASSIGNED_FALSE_POSITIVE,,,,,,,,,,,,175,R1,HOLD
MODERATE__HOLD_R1_K175,HOLD_R1_K175,MODERATE,267,PEO-H__0237,PE O-20:0_20:4,0.004979043277636417,3.822850471995729e-06,COMPUTED,True,True,True,True,0.526269032993801,0.9845400250879618,0.8255746285021728,PE,0.03802391643362135,B3_U24_U71,71,spectral_easy_spatial_low,0.21500985221674876,0.1539638752052545,0.1539638752052545,0.21500985221674876,0.0,0.0,0.0,0.0,175,-0.2863965484478912,0.8939526432607221,175,R1,HOLD
MODERATE__HOLD_R1_K175,HOLD_R1_K175,MODERATE,268,PEO-H__0262,PE O-20:1_20:1,0.01651547069990962,1.7431743591017986e-07,COMPUTED,True,True,True,True,0.300364327002164,0.9853143544809311,0.8874848501864849,PE,0.16047256463030118,,109,singleton_control,,,,,,,,,361,,2.0,175,R1,HOLD
MODERATE__HOLD_R1_K175,HOLD_R1_K175,MODERATE,269,PEO-H__0263,PE O-20:1_20:2,0.010551613642986178,0.0,COMPUTED,True,True,True,True,0.1653451175229508,0.9857697500316058,0.9729298295312875,PE,0.0657556111825639,,118,singleton_control,,,,,,,,,85,,2.0,175,R1,HOLD
MODERATE__HOLD_R1_K175,HOLD_R1_K175,MODERATE,270,PEO-H__0264,PE O-20:1_20:3,0.01625607375640537,9.644884847758388e-07,COMPUTED,True,True,True,True,0.20156572631951045,0.9834038435158862,0.9702868492778397,PE,0.040391770192754556,B5_U15_U96,96,spectral_easy_spatial_low,0.22036124794745482,0.2168210180623974,0.2168210180623974,0.22036124794745482,0.0,0.0,0.0,0.0,84,-0.1747359520268898,1.8682084992203376,175,R1,HOLD
MODERATE__HOLD_R1_K175,HOLD_R1_K175,MODERATE,271,PEO-H__0265,PE O-20:1_20:4,0.009414797622739265,2.3059390883122804e-08,COMPUTED,True,False,False,False,0.3379492442482309,0.9772760589772699,0.9190309912079919,PE,0.056236038581120695,,,UNASSIGNED_FALSE_POSITIVE,,,,,,,,,,,,175,R1,HOLD
MODERATE__HOLD_R1_K175,HOLD_R1_K175,MODERATE,272,PEO-H__0291,PE O-20:2_20:2,0.005029336366206418,1.1034865425120461e-07,COMPUTED,True,False,False,False,0.16900636562700858,0.9845263698240004,0.9803192870333286,PE,0.02841221371765762,,,UNASSIGNED_FALSE_POSITIVE,,,,,,,,,,,,175,R1,HOLD
MODERATE__HOLD_R1_K175,HOLD_R1_K175,MODERATE,273,PEO-H__0292,PE O-20:2_20:3,9.824463141086115e-05,,NOT_COMPUTED,False,True,True,True,0.1699072530804405,0.9836260273963529,0.9795654235086326,PE,0.031218531110331932,B6_U1_U164,164,spectral_easy_spatial_high,0.21636124794745484,0.21167816091954023,0.21167816091954023,0.21636124794745484,0.0,0.0,0.0,0.0,136,0.9828658561746136,0.5,175,R1,HOLD
MODERATE__HOLD_R1_K175,HOLD_R1_K175,MODERATE,274,PEO-H__0293,PE O-20:2_20:4,0.0,,NOT_COMPUTED,False,False,False,False,0.24665164194411826,0.9798178695906962,0.9504794809695133,PE,0.0641356748111262,,,UNASSIGNED_FALSE_POSITIVE,,,,,,,,,,,,175,R1,HOLD
MODERATE__HOLD_R1_K175,HOLD_R1_K175,MODERATE,275,PEO-H__0320,PE O-20:3_20:3,0.00021522035375183378,,NOT_COMPUTED,False,True,True,True,0.1678765453740962,0.9829060245747678,0.9805525162756342,PE,0.02838033431556483,B5_U6_U163,163,spectral_easy_spatial_high,0.21064696223316914,0.21167816091954023,0.21064696223316914,0.21167816091954023,0.0,0.0,0.0,0.0,247,0.995593477827043,2.0,175,R1,HOLD
MODERATE__HOLD_R1_K175,HOLD_R1_K175,MODERATE,276,PEO-H__0321,PE O-20:3_20:4,0.005582853181062395,0.0,COMPUTED,True,True,True,True,0.2145730867610224,0.9824124426110163,0.9692667770392721,PE,0.03143893515640733,,156,singleton_control,,,,,,,,,101,,1.4538436095675817,175,R1,HOLD
MODERATE__HOLD_R1_K175,HOLD_R1_K175,MODERATE,277,PG-H__0044,PG 14:0_20:0,0.0043138931802081375,0.0,COMPUTED,True,True,True,True,0.7233219574944608,0.7740328453451822,0.5980499698063078,PG,0.0781368584247818,B1_U55_U166,55,spectral_hard_spatial_high,0.6350459770114942,0.4994794745484401,0.4994794745484401,0.6350459770114942,5.4784816002420185e-05,0.057971014492753624,1.3577589930630295e-05,0.0,215,0.9972585976267122,0.5,175,R1,HOLD
MODERATE__HOLD_R1_K175,HOLD_R1_K175,MODERATE,278,PG-H__0045,PG 16:0_18:0,0.008046633491628229,1.0485321318027522e-05,COMPUTED,True,True,True,True,0.2730282086736678,0.7320003904966144,0.5980499698063078,PG,0.5284306072455749,,91,singleton_control,,,,,,,,,330,,0.5,175,R1,HOLD
MODERATE__HOLD_R1_K175,HOLD_R1_K175,MODERATE,279,PG-H__0051,PG 14:0_22:5,0.0030764389915222128,5.4760983988848855e-06,COMPUTED,True,True,True,True,0.3916326572569566,0.8740294125875786,0.7074638893034806,PG,0.3151168353722158,B5_U87_U129,87,spectral_hard_spatial_low,0.8012939244663384,0.8002692939244664,0.8002692939244664,0.8012939244663384,0.863062987826596,0.1509433962264151,0.4893554182240899,0.0,145,-0.446971011986587,0.6170676298438253,175,R1,HOLD
MODERATE__HOLD_R1_K175,HOLD_R1_K175,MODERATE,280,PG-H__0052,PG 16:0_20:5,0.01945365303725717,4.2583325302635e-06,COMPUTED,True,True,True,True,0.3586980333079263,0.7784577318028689,0.6100413124133977,PG,0.43367157561769326,,106,singleton_control,,,,,,,,,133,,2.0,175,R1,HOLD
MODERATE__HOLD_R1_K175,HOLD_R1_K175,MODERATE,281,PG-H__0053,PG 16:1_20:4,0.0033521909034009206,0.0,COMPUTED,True,False,False,False,0.42128232363155954,0.9327341411025302,0.7074638893034806,PG,0.2854671689976129,,,UNASSIGNED_FALSE_POSITIVE,,,,,,,,,,,,175,R1,HOLD
MODERATE__HOLD_R1_K175,HOLD_R1_K175,MODERATE,282,PG-H__0054,PG 18:2_18:3,0.0002886003125196572,,NOT_COMPUTED,False,False,False,False,0.3382696779534152,0.8248460600779068,0.7122906679448936,PG,0.3636149310519521,,,UNASSIGNED_FALSE_POSITIVE,,,,,,,,,,,,175,R1,HOLD
MODERATE__HOLD_R1_K175,HOLD_R1_K175,MODERATE,283,PG-H__0056,PG 14:0_22:4,0.0,,NOT_COMPUTED,False,False,False,False,0.16089959008702454,0.9416726959262552,0.9505858327305802,PG,0.14956228295362672,,,UNASSIGNED_FALSE_POSITIVE,,,,,,,,,,,,175,R1,HOLD
MODERATE__HOLD_R1_K175,HOLD_R1_K175,MODERATE,284,PG-H__0057,PG 16:0_20:4,0.0,,NOT_COMPUTED,False,False,False,False,0.14379851807726615,0.9374555358323216,0.8955038721004012,PG,0.30125520345889656,,,UNASSIGNED_FALSE_POSITIVE,,,,,,,,,,,,175,R1,HOLD
MODERATE__HOLD_R1_K175,HOLD_R1_K175,MODERATE,285,PG-H__0058,PG 16:1_20:3,0.0,,NOT_COMPUTED,False,False,False,False,0.22255220982248494,0.9604470093424138,0.9505858327305802,PG,0.08790966321816632,,,UNASSIGNED_FALSE_POSITIVE,,,,,,,,,,,,175,R1,HOLD
MODERATE__HOLD_R1_K175,HOLD_R1_K175,MODERATE,286,PG-H__0059,PG 18:1_18:3,1.5635293573469695e-05,,NOT_COMPUTED,False,False,False,False,0.2765752615706676,0.817951549214987,0.6479205988486453,PG,0.4851326204862354,,,UNASSIGNED_FALSE_POSITIVE,,,,,,,,,,,,175,R1,HOLD
MODERATE__HOLD_R1_K175,HOLD_R1_K175,MODERATE,287,PG-H__0060,PG 18:2_18:2,0.0,,NOT_COMPUTED,False,False,False,False,0.18259721218393685,0.9910296758828884,0.7729457639795125,PG,0.4518748880270398,,,UNASSIGNED_FALSE_POSITIVE,,,,,,,,,,,,175,R1,HOLD
MODERATE__HOLD_R1_K175,HOLD_R1_K175,MODERATE,288,PG-H__0062,PG 14:0_22:3,0.004354626680379202,7.045499531844897e-19,COMPUTED,True,True,True,True,0.08672432217020402,0.9402021823761977,0.9838117810560387,PG,0.09248053115510325,,132,singleton_control,,,,,,,,,338,,1.0000000000000002,175,R1,HOLD
MODERATE__HOLD_R1_K175,HOLD_R1_K175,MODERATE,289,PG-H__0063,PG 16:0_20:3,0.006088468410072581,1.403307176454747e-07,COMPUTED,True,False,False,False,0.08072333624957098,0.945604719735853,0.9733932857889159,PG,0.14841747456565207,,,UNASSIGNED_FALSE_POSITIVE,,,,,,,,,,,,175,R1,HOLD
MODERATE__HOLD_R1_K175,HOLD_R1_K175,MODERATE,290,PG-H__0064,PG 16:1_20:2,0.00012736528130985678,,NOT_COMPUTED,False,False,False,False,0.12567904821660042,0.9496476461038932,0.9838117810560387,PG,0.05352580510870686,,,UNASSIGNED_FALSE_POSITIVE,,,,,,,,,,,,175,R1,HOLD
MODERATE__HOLD_R1_K175,HOLD_R1_K175,MODERATE,291,PG-H__0065,PG 18:0_18:3,0.0005472882909497704,,NOT_COMPUTED,False,False,False,False,0.2545735512048524,0.8165137245448504,0.6169711287365801,PG,0.5324122341213569,,,UNASSIGNED_FALSE_POSITIVE,,,,,,,,,,,,175,R1,HOLD
MODERATE__HOLD_R1_K175,HOLD_R1_K175,MODERATE,292,PG-H__0066,PG 18:1_18:2,0.011650046858588265,2.1613258398614276e-06,COMPUTED,True,True,True,True,0.18514361914509317,0.8693484458976806,0.6250586943098834,PG,0.5954341339760317,,75,singleton_control,,,,,,,,,299,,1.4538436095675817,175,R1,HOLD
MODERATE__HOLD_R1_K175,HOLD_R1_K175,MODERATE,293,PG-H__0068,PG 14:0_22:2,0.012551717032585489,0.0,COMPUTED,True,False,False,False,0.06638483445544971,0.9265835270984321,0.9917278076514663,PG,0.06197386424010526,,,UNASSIGNED_FALSE_POSITIVE,,,,,,,,,,,,175,R1,HOLD
MODERATE__HOLD_R1_K175,HOLD_R1_K175,MODERATE,294,PG-H__0069,PG 16:0_20:2,0.015163254206145648,0.0,COMPUTED,True,True,True,True,0.06404391649487126,0.9219327136957365,0.9793705984567973,PG,0.1380284242110617,B3_U102_U170,170,spectral_hard_spatial_low,0.7658210180623974,0.7055155993431855,0.7055155993431855,0.7658210180623974,0.007914666227192781,0.13043478260869565,0.0014926923397019498,0.0,260,-0.25005750554930434,1.8682084992203376,175,R1,HOLD
MODERATE__HOLD_R1_K175,HOLD_R1_K175,MODERATE,295,PG-H__0070,PG 16:1_20:1,0.0010978568644669936,3.019940719729649e-06,COMPUTED,True,True,True,True,0.09626468926765062,0.9360510343034749,0.9917278076514663,PG,0.032094009427904344,,162,singleton_control,,,,,,,,,106,,0.689110922829001,175,R1,HOLD
MODERATE__HOLD_R1_K175,HOLD_R1_K175,MODERATE,296,PG-H__0071,PG 18:0_18:2,0.015808601145959576,0.0,COMPUTED,True,False,False,False,0.17839411678077585,0.8899710102713989,0.6336685217403919,PG,0.595210565570195,,,UNASSIGNED_FALSE_POSITIVE,,,,,,,,,,,,175,R1,HOLD
MODERATE__HOLD_R1_K175,HOLD_R1_K175,MODERATE,297,PG-H__0072,PG 18:1_18:1,0.0053752420782142854,0.0,COMPUTED,True,True,True,True,0.20074680321951024,0.9552207873236039,0.6787772262314156,PG,0.5335974465364102,,168,singleton_control,,,,,,,,,258,,2.0,175,R1,HOLD
MODERATE__HOLD_R1_K175,HOLD_R1_K175,MODERATE,298,PG-H__0074,PG 14:0_22:1,0.0008815137551657283,,NOT_COMPUTED,False,False,False,False,0.2477557680566548,0.871228342388368,0.9631691173504493,PG,0.02114059001157273,,,UNASSIGNED_FALSE_POSITIVE,,,,,,,,,,,,175,R1,HOLD
MODERATE__HOLD_R1_K175,HOLD_R1_K175,MODERATE,299,PG-H__0075,PG 16:0_20:1,0.0035033344620971564,2.1313594307100324e-07,COMPUTED,True,False,False,False,0.10277086760820646,0.9061811884274051,0.9631691173504493,PG,0.16612549046002106,,,UNASSIGNED_FALSE_POSITIVE,,,,,,,,,,,,175,R1,HOLD
MODERATE__HOLD_R1_K175,HOLD_R1_K175,MODERATE,300,PG-H__0076,PG 20:0_16:1,0.004096067668534144,7.518735755670765e-07,COMPUTED,True,True,True,True,0.27509463736924117,0.8206488603123235,0.698936050874339,PG,0.4400895324696777,B7_U2_U103,103,spectral_easy_spatial_high,0.2920147783251231,0.2561346469622332,0.2561346469622332,0.2920147783251231,6.252788469979046e-16,0.0,5.733092530960153e-16,0.0,283,0.9939889750074107,0.5,175,R1,HOLD
MODERATE__HOLD_R1_K175,HOLD_R1_K175,MODERATE,301,PG-H__0077,PG 18:0_18:1,0.009773391972490759,1.0568249297767346e-18,COMPUTED,True,True,True,True,0.22385302590484416,0.857321011866293,0.6334015594256638,PG,0.5499702514118422,,114,singleton_control,,,,,,,,,327,,1.2101381550740857,175,R1,HOLD
MODERATE__HOLD_R1_K175,HOLD_R1_K175,MODERATE,302,PG-H__0079,PG 14:0_22:0,0.0013537922155043255,0.0,COMPUTED,True,True,True,True,0.39347230654553556,0.7936099239641267,0.9098349737758338,PG,0.021497958044986498,B2_U58_U139,58,spectral_easy_spatial_low,0.2837898193760263,0.2425353037766831,0.2425353037766831,0.2837898193760263,0.0,0.0,0.0,0.0,101,-0.11740715949168594,0.5,175,R1,HOLD
MODERATE__HOLD_R1_K175,HOLD_R1_K175,MODERATE,303,PG-H__0080,PG 16:0_20:0,0.006342142544238568,2.1136498595534692e-18,COMPUTED,True,False,False,False,0.1602949985961718,0.7895886904138678,0.9098349737758338,PG,0.25467526599435025,,,UNASSIGNED_FALSE_POSITIVE,,,,,,,,,,,,175,R1,HOLD
MODERATE__HOLD_R1_K175,HOLD_R1_K175,MODERATE,304,PG-H__0081,PG 18:0_18:0,0.017577614480383575,4.3305053164593434e-05,COMPUTED,True,True,True,True,0.27746580180873914,0.8568501347183278,0.7773785184240168,PG,0.3515672967583239,,130,singleton_control,,,,,,,,,285,,2.0,175,R1,HOLD
MODERATE__HOLD_R1_K175,HOLD_R1_K175,MODERATE,305,PG-H__0083,PG 16:1_22:6,0.0028556163251641734,3.830133472599695e-06,COMPUTED,True,False,False,False,0.3058230202104568,0.9780045750710121,0.9234151866260575,PG,0.07797952421618376,,,UNASSIGNED_FALSE_POSITIVE,,,,,,,,,,,,175,R1,HOLD
MODERATE__HOLD_R1_K175,HOLD_R1_K175,MODERATE,306,PG-H__0084,PG 18:2_20:5,0.012383439119858633,9.686774265409345e-07,COMPUTED,True,True,True,True,0.45600375389372205,0.9631467226016989,0.8063714203716793,PG,0.13540569175942307,,72,singleton_control,,,,,,,,,84,,1.0760213163243861,175,R1,HOLD
MODERATE__HOLD_R1_K175,HOLD_R1_K175,MODERATE,307,PG-H__0085,PG 18:3_20:4,0.0007124724991897258,,NOT_COMPUTED,False,False,False,False,0.36662092140260855,0.9796724074104938,0.8883052400815383,PG,0.09263260383555505,,,UNASSIGNED_FALSE_POSITIVE,,,,,,,,,,,,175,R1,HOLD
MODERATE__HOLD_R1_K175,HOLD_R1_K175,MODERATE,308,PG-H__0087,PG 16:0_22:6,0.01069695909050703,8.790408195642003e-06,COMPUTED,True,True,True,True,0.42771565508602566,0.9755490303044848,0.7991402195004995,PG,0.17342901101082447,B4_U25_U52,52,spectral_easy_spatial_low,0.33451067323481115,0.16996387520525452,0.16996387520525452,0.33451067323481115,0.0,0.0,0.0,0.0,154,-0.2774429418448202,0.5,175,R1,HOLD
MODERATE__HOLD_R1_K175,HOLD_R1_K175,MODERATE,309,PG-H__0088,PG 16:1_22:5,0.00934794227732117,0.0,COMPUTED,True,True,True,True,0.33527002658239174,0.9821921171688058,0.8657216005624764,PG,0.16525580723594785,,86,singleton_control,,,,,,,,,256,,1.2101381550740857,175,R1,HOLD
MODERATE__HOLD_R1_K175,HOLD_R1_K175,MODERATE,310,PG-H__0089,PG 18:1_20:5,0.00010371196755914093,,NOT_COMPUTED,False,True,True,True,0.43403628582268905,0.9724669479844656,0.7719148349631345,PG,0.20168966737085237,B6_U98_U173,98,spectral_hard_spatial_low,0.8597422003284073,0.8148932676518884,0.8148932676518884,0.8597422003284073,0.30495556103333243,0.09420289855072464,0.25432212290238715,4.209341811130732e-09,220,-0.16317626825645523,0.5,175,R1,HOLD
MODERATE__HOLD_R1_K175,HOLD_R1_K175,MODERATE,311,PG-H__0090,PG 18:2_20:4,0.0049850280962571445,0.0,COMPUTED,True,False,False,False,0.34092969232903264,0.9616518591994055,0.8407820069293783,PG,0.2004441312197301,,,UNASSIGNED_FALSE_POSITIVE,,,,,,,,,,,,175,R1,HOLD
MODERATE__HOLD_R1_K175,HOLD_R1_K175,MODERATE,312,PG-H__0093,PG 16:0_22:5,0.003213514260818652,3.8571160386028926e-08,COMPUTED,True,False,False,False,0.3489957354663407,0.989185985750406,0.7094802301100912,PG,0.35572960328836306,,,UNASSIGNED_FALSE_POSITIVE,,,,,,,,,,,,175,R1,HOLD
MODERATE__HOLD_R1_K175,HOLD_R1_K175,MODERATE,313,PG-H__0094,PG 16:1_22:4,4.004276526190118e-08,,NOT_COMPUTED,False,False,False,False,0.3345858310837336,0.9872300880237134,0.7237928267837014,PG,0.35543151934773115,,,UNASSIGNED_FALSE_POSITIVE,,,,,,,,,,,,175,R1,HOLD
MODERATE__HOLD_R1_K175,HOLD_R1_K175,MODERATE,314,PG-H__0095,PG 18:0_20:5,0.0016099874454557986,0.0,COMPUTED,True,True,True,True,0.3912132251385195,0.9850297730134422,0.6681402735052041,PG,0.3528221066303361,,123,singleton_control,,,,,,,,,211,,0.5,175,R1,HOLD
MODERATE__HOLD_R1_K175,HOLD_R1_K175,MODERATE,315,PG-H__0096,PG 18:1_20:4,5.270276060344941e-09,,NOT_COMPUTED,False,False,False,False,0.3168478513612436,0.9304715731040568,0.7322783668462833,PG,0.3641575769937292,,,UNASSIGNED_FALSE_POSITIVE,,,,,,,,,,,,175,R1,HOLD
MODERATE__HOLD_R1_K175,HOLD_R1_K175,MODERATE,316,PG-H__0097,PG 18:2_20:3,0.0012013177889692206,0.0,COMPUTED,True,False,False,False,0.30467147072044287,0.9537646675247846,0.7413210216841658,PG,0.36647914040134144,,,UNASSIGNED_FALSE_POSITIVE,,,,,,,,,,,,175,R1,HOLD
MODERATE__HOLD_R1_K175,HOLD_R1_K175,MODERATE,317,PG-H__0098,PG 20:2_18:3,0.0005664086361142288,,NOT_COMPUTED,False,False,False,False,0.29870029929230885,0.7015593202838116,0.6351189111575694,PG,0.47371407699157647,,,UNASSIGNED_FALSE_POSITIVE,,,,,,,,,,,,175,R1,HOLD
MODERATE__HOLD_R1_K175,HOLD_R1_K175,MODERATE,318,PG-H__0099,PG 14:0_24:4,0.010362731459586553,1.5158159359765945e-08,COMPUTED,True,True,True,True,0.2364766144017557,0.9336814199983869,0.7637798863769096,PG,0.409000174620185,B5_U140_U172,140,spectral_easy_spatial_high,0.45007881773399017,0.2859638752052545,0.2859638752052545,0.45007881773399017,0.0,0.0,0.0,0.0,329,0.9957442371552778,1.0000000000000002,175,R1,HOLD
MODERATE__HOLD_R1_K175,HOLD_R1_K175,MODERATE,319,PG-H__0100,PG 16:0_22:4,0.010986754648400519,5.491347669914332e-07,COMPUTED,True,True,True,True,0.20371874124768685,0.9923755383909935,0.7623938636553828,PG,0.44339453837236364,,160,singleton_control,,,,,,,,,378,,1.0760213163243861,175,R1,HOLD
MODERATE__HOLD_R1_K175,HOLD_R1_K175,MODERATE,320,PG-H__0101,PG 16:1_22:3,0.013317679876590596,1.6099687587729362e-07,COMPUTED,True,True,True,True,0.23838939494724698,0.9816952449555878,0.8489350701121507,PG,0.29010776373355207,B1_U18_U144,144,spectral_easy_spatial_low,0.20493267651888342,0.2025353037766831,0.2025353037766831,0.20493267651888342,0.0,0.0,0.0,0.0,320,-0.1648993041493533,1.8682084992203376,175,R1,HOLD
MODERATE__HOLD_R1_K175,HOLD_R1_K175,MODERATE,321,PG-H__0102,PG 18:0_20:4,0.0015311046977792013,2.7720898183882196e-06,COMPUTED,True,False,False,False,0.208514138364971,0.9681638035480906,0.7129302431802385,PG,0.4927208210879688,,,UNASSIGNED_FALSE_POSITIVE,,,,,,,,,,,,175,R1,HOLD
MODERATE__HOLD_R1_K175,HOLD_R1_K175,MODERATE,322,PG-H__0103,PG 18:1_20:3,0.009613004921209279,7.09440406062571e-07,COMPUTED,True,False,False,False,0.20356606656639115,0.9658056478918986,0.7232937501766658,PG,0.4869744108535607,,,UNASSIGNED_FALSE_POSITIVE,,,,,,,,,,,,175,R1,HOLD
MODERATE__HOLD_R1_K175,HOLD_R1_K175,MODERATE,323,PG-H__0104,PG 18:2_20:2,0.02623878679574365,4.3018447438025515e-07,COMPUTED,True,True,True,True,0.26810270421335247,0.9325718345250835,0.8489350701121507,PG,0.2603944544674466,,119,singleton_control,,,,,,,,,47,,2.0,175,R1,HOLD
MODERATE__HOLD_R1_K175,HOLD_R1_K175,MODERATE,324,PG-H__0105,PG 20:1_18:3,0.0074408514814408916,6.498674375357501e-07,COMPUTED,True,True,True,True,0.23811465068961957,0.9659907277452849,0.7775930923942953,PG,0.39065317821122125,,89,singleton_control,,,,,,,,,223,,1.0760213163243861,175,R1,HOLD
MODERATE__HOLD_R1_K175,HOLD_R1_K175,MODERATE,325,PG-H__0455,PG 17:0_18:0,0.011776067210077982,0.00017333037799540098,COMPUTED,True,True,True,True,0.5692674122568047,0.7118582510946688,0.5724491711078749,PG,0.2506727968425583,,11,singleton_control,,,,,,,,,227,,1.2101381550740857,175,R1,HOLD
MODERATE__HOLD_R1_K175,HOLD_R1_K175,MODERATE,326,PG-H__0456,PG 17:0_18:1,0.0,,NOT_COMPUTED,False,False,False,False,0.6327722887636469,0.9100871245491317,0.6128588478055358,PG,0.15742011354510166,,,UNASSIGNED_FALSE_POSITIVE,,,,,,,,,,,,175,R1,HOLD
MODERATE__HOLD_R1_K175,HOLD_R1_K175,MODERATE,327,PG-H__0457,PG 17:0_18:2,0.012053629928566066,9.594649518761727e-07,COMPUTED,True,True,True,True,0.3764851143957298,0.9263229165510191,0.6317309645620319,PG,0.3987025973319038,,79,singleton_control,,,,,,,,,298,,1.8682084992203376,175,R1,HOLD
MODERATE__HOLD_R1_K175,HOLD_R1_K175,MODERATE,328,PG-H__0459,PG 17:0_20:0,0.021231528202488123,0.0011734406491822075,COMPUTED,True,True,True,True,0.8310149974793403,0.9206618024583055,0.4714442278210306,PG,0.050880880759260116,B5_U6_U163,6,spectral_easy_spatial_high,0.21064696223316914,0.21167816091954023,0.21064696223316914,0.21167816091954023,0.0,0.0,0.0,0.0,247,0.995593477827043,2.0,175,R1,HOLD
MODERATE__HOLD_R1_K175,HOLD_R1_K175,MODERATE,329,PG-H__0460,PG 17:0_20:1,0.023511020633063043,0.00023441078757328762,COMPUTED,True,True,True,True,0.7656382983426151,0.9467690930810565,0.46725613989146997,PG,0.11848369535153747,B7_U20_U40,20,spectral_easy_spatial_high,0.15807553366174054,0.15053530377668312,0.15053530377668312,0.15807553366174054,0.0,0.0,0.0,0.0,295,0.9857360113034312,2.0,175,R1,HOLD
MODERATE__HOLD_R1_K175,HOLD_R1_K175,MODERATE,330,PG-H__0461,PG 17:0_20:2,0.0037342806635792,0.0,COMPUTED,True,False,False,False,0.10023340318631115,0.9691815015571644,0.9589290654283743,PG,0.18341258652033826,,,UNASSIGNED_FALSE_POSITIVE,,,,,,,,,,,,175,R1,HOLD
MODERATE__HOLD_R1_K175,HOLD_R1_K175,MODERATE,331,PG-H__0462,PG 17:0_20:3,0.010975332221950193,7.955862646592463e-09,COMPUTED,True,True,True,True,0.15645235358917814,0.9898819477902964,0.9156445871464431,PG,0.24553643982354834,B4_U116_U137,137,spectral_hard_spatial_low,0.6693924466338259,0.6958177339901479,0.6693924466338259,0.6958177339901479,0.024109003856100087,0.05454545454545454,0.008011443065969282,1.1445079590512938e-13,93,-0.24714801648750084,2.0,175,R1,HOLD
MODERATE__HOLD_R1_K175,HOLD_R1_K175,MODERATE,332,PG-H__0463,PG 17:0_20:4,0.002935597685849022,5.962608070024433e-08,COMPUTED,True,True,True,True,0.333380957182523,0.9887826418894832,0.7722623353641875,PG,0.3019228169112968,B5_U49_U110,110,spectral_easy_spatial_low,0.21407553366174054,0.19910673234811166,0.19910673234811166,0.21407553366174054,0.0,0.0,0.0,0.0,182,-0.2824004715126184,0.5,175,R1,HOLD
MODERATE__HOLD_R1_K175,HOLD_R1_K175,MODERATE,333,PG-H__0464,PG 17:0_20:5,0.00984100898826559,1.2042137683070067e-06,COMPUTED,True,False,False,False,0.4773765897889221,0.9811934844127886,0.7108936864274412,PG,0.2259228959194089,,,UNASSIGNED_FALSE_POSITIVE,,,,,,,,,,,,175,R1,HOLD
MODERATE__HOLD_R1_K175,HOLD_R1_K175,MODERATE,334,PG-H__0477,PG 18:0_17:1,0.0,,NOT_COMPUTED,False,False,False,False,0.4056545540310176,0.8369962841799066,0.7298783637230274,PG,0.2779224892998685,,,UNASSIGNED_FALSE_POSITIVE,,,,,,,,,,,,175,R1,HOLD
MODERATE__HOLD_R1_K175,HOLD_R1_K175,MODERATE,335,PG-H__0478,PG 17:1_18:1,0.006093276900697553,1.6910267917549168e-08,COMPUTED,True,False,False,False,0.6168343533979017,0.9481350834683965,0.6317309645620319,PG,0.15835335832973185,,,UNASSIGNED_FALSE_POSITIVE,,,,,,,,,,,,175,R1,HOLD
MODERATE__HOLD_R1_K175,HOLD_R1_K175,MODERATE,336,PG-H__0479,PG 17:1_18:2,1.1079796209791472e-07,,NOT_COMPUTED,False,False,False,False,0.7709258001816848,0.9438998760729628,0.5482473093294393,PG,0.06539046045960517,,,UNASSIGNED_FALSE_POSITIVE,,,,,,,,,,,,175,R1,HOLD
MODERATE__HOLD_R1_K175,HOLD_R1_K175,MODERATE,337,PG-H__0481,PG 20:0_17:1,0.0018031317045410732,0.0,COMPUTED,True,False,False,False,0.2654323776683324,0.9829394646770109,0.8238355564584399,PG,0.3013964994319903,,,UNASSIGNED_FALSE_POSITIVE,,,,,,,,,,,,175,R1,HOLD
MODERATE__HOLD_R1_K175,HOLD_R1_K175,MODERATE,338,PG-H__0482,PG 17:1_20:1,0.019431485239357005,1.7150257090033503e-06,COMPUTED,True,True,True,True,0.266391512522408,0.9726361074886047,0.9589290654283743,PG,0.01725447718424139,,63,singleton_control,,,,,,,,,277,,2.0,175,R1,HOLD
MODERATE__HOLD_R1_K175,HOLD_R1_K175,MODERATE,339,PG-H__0483,PG 17:1_20:2,0.009654804860780804,1.208753330303572e-07,COMPUTED,True,False,False,False,0.3618393165271139,0.9965803996234099,0.9156445871464431,PG,0.0401494768856126,,,UNASSIGNED_FALSE_POSITIVE,,,,,,,,,,,,175,R1,HOLD
MODERATE__HOLD_R1_K175,HOLD_R1_K175,MODERATE,340,PG-H__0484,PG 17:1_20:3,0.005746558962618692,1.1068568048160218e-09,COMPUTED,True,False,False,False,0.47559446497964003,0.9942019114139844,0.7722623353641875,PG,0.15970930911417974,,,UNASSIGNED_FALSE_POSITIVE,,,,,,,,,,,,175,R1,HOLD
MODERATE__HOLD_R1_K175,HOLD_R1_K175,MODERATE,341,PG-H__0485,PG 17:1_20:4,0.0006365933066097241,,NOT_COMPUTED,False,True,True,True,0.4831275545644737,0.9853779862370524,0.7051431660870239,PG,0.22593740389897193,B3_U12_U42,42,spectral_easy_spatial_high,0.1672183908045977,0.3398193760262726,0.1672183908045977,0.3398193760262726,1.4623140112901648e-06,0.025477707006369428,1.0471864266050674e-06,0.0,313,0.9906211951871,0.7303443264893795,175,R1,HOLD
MODERATE__HOLD_R1_K175,HOLD_R1_K175,MODERATE,342,PG-H__0502,PG 17:0_17:0,4.7604104659069985e-05,,NOT_COMPUTED,False,False,False,False,0.31615195069938173,0.8879810420856676,0.8460604591945621,PG,0.21693500223370843,,,UNASSIGNED_FALSE_POSITIVE,,,,,,,,,,,,175,R1,HOLD
MODERATE__HOLD_R1_K175,HOLD_R1_K175,MODERATE,343,PC+HCOO__0032,PC 14:0_18:0,0.002154368995283677,3.0954127845780515e-06,COMPUTED,True,False,False,False,0.4124557378851926,0.7261090115981036,0.7261069425354261,PC,0.2751260448882135,,,UNASSIGNED_FALSE_POSITIVE,,,,,,,,,,,,175,R1,HOLD
MODERATE__HOLD_R1_K175,HOLD_R1_K175,MODERATE,344,PC+HCOO__0033,PC 14:0_18:1,4.4333167584408296e-05,,NOT_COMPUTED,False,False,False,False,0.2403996776773795,0.8770364515462538,0.8770285044290003,PC,0.24003866635755597,,,UNASSIGNED_FALSE_POSITIVE,,,,,,,,,,,,175,R1,HOLD
MODERATE__HOLD_R1_K175,HOLD_R1_K175,MODERATE,345,PC+HCOO__0056,PC 16:0_16:0,0.0,,NOT_COMPUTED,False,False,False,False,0.00439247404365462,0.9997981100893683,0.9997979854471082,PC,0.01570698604620962,,,UNASSIGNED_FALSE_POSITIVE,,,,,,,,,,,,175,R1,HOLD
MODERATE__HOLD_R1_K175,HOLD_R1_K175,MODERATE,346,PC+HCOO__0057,PC 16:0_16:1,0.0,,NOT_COMPUTED,False,False,False,False,0.2950266638772892,0.8916824709922263,0.8916818640206591,PC,0.157635962563908,,,UNASSIGNED_FALSE_POSITIVE,,,,,,,,,,,,175,R1,HOLD
MODERATE__HOLD_R1_K175,HOLD_R1_K175,MODERATE,347,PC+HCOO__0474,PC 14:0_17:1,0.00012496198068990394,,NOT_COMPUTED,False,False,False,False,0.09548835338967109,0.9862392575672295,0.9862355283081914,PC,0.06985819995409422,,,UNASSIGNED_FALSE_POSITIVE,,,,,,,,,,,,175,R1,HOLD
MODERATE__HOLD_R1_K175,HOLD_R1_K175,MODERATE,348,PCO+HCOO__0057,PC O-16:0_16:1,0.0,,NOT_COMPUTED,False,False,False,False,0.5447177151365321,0.8386212253764069,0.8386193091272589,PC,2.434061607825555e-07,,,UNASSIGNED_FALSE_POSITIVE,,,,,,,,,,,,175,R1,HOLD
MODERATE__HOLD_R1_K175,HOLD_R1_K175,MODERATE,349,PCO+HCOO__0082,PC O-16:1_16:1,0.0,,NOT_COMPUTED,False,False,False,False,0.511873624201587,0.8591092264429544,0.8590359045674744,PC,4.1715150479237906e-05,,,UNASSIGNED_FALSE_POSITIVE,,,,,,,,,,,,175,R1,HOLD
MODERATE__HOLD_R1_K175,HOLD_R1_K175,MODERATE,350,PCO+HCOO__0083,PC O-16:1_18:0,0.0,,NOT_COMPUTED,False,False,False,False,0.578408761742055,0.8511856151913196,0.7773785184240168,PC,0.050624336825008,,,UNASSIGNED_FALSE_POSITIVE,,,,,,,,,,,,175,R1,HOLD
MODERATE__HOLD_R1_K175,HOLD_R1_K175,MODERATE,351,PCO+HCOO__0084,PC O-16:1_18:1,0.010223462429110493,0.00026024912447987416,COMPUTED,True,True,True,True,0.8076497414228311,0.6052609717953458,0.5463444239546815,PC,0.02991086558637346,B6_U1_U164,1,spectral_easy_spatial_high,0.21636124794745484,0.21167816091954023,0.21167816091954023,0.21636124794745484,0.0,0.0,0.0,0.0,136,0.9828658561746136,1.0000000000000002,175,R1,HOLD
MODERATE__HOLD_R1_K175,HOLD_R1_K175,MODERATE,352,PCO+HCOO__0085,PC O-16:1_18:2,0.0,,NOT_COMPUTED,False,False,False,False,0.905898646108516,0.4240431892510307,0.3829831503726599,PC,0.017856682174158922,,,UNASSIGNED_FALSE_POSITIVE,,,,,,,,,,,,175,R1,HOLD
MODERATE__HOLD_R1_K175,HOLD_R1_K175,MODERATE,353,PCO+HCOO__0454,PC O-16:1_17:0,0.0,,NOT_COMPUTED,False,False,False,False,0.10392782718246293,0.9363920658827259,0.9360220526851195,PC,0.24801352714682776,,,UNASSIGNED_FALSE_POSITIVE,,,,,,,,,,,,175,R1,HOLD
MODERATE__HOLD_R1_K175,HOLD_R1_K175,MODERATE,354,PCO+HCOO__0475,PC O-16:0_17:1,0.0,,NOT_COMPUTED,False,False,False,False,0.21989783570473154,0.9509393044395594,0.9509369379955512,PC,0.08948694083678671,,,UNASSIGNED_FALSE_POSITIVE,,,,,,,,,,,,175,R1,HOLD
MODERATE__HOLD_R1_K175,HOLD_R1_K175,MODERATE,355,PC+CH3COO__0032,PC 14:0_18:0,0.0,,NOT_COMPUTED,False,False,False,False,0.40651003337338365,0.9037536858220203,0.9037530307776178,PC,0.02154423813931855,,,UNASSIGNED_FALSE_POSITIVE,,,,,,,,,,,,175,R1,HOLD
MODERATE__HOLD_R1_K175,HOLD_R1_K175,MODERATE,356,PC+CH3COO__0033,PC 14:0_18:1,0.0,,NOT_COMPUTED,False,False,False,False,0.18245888828111903,0.9511016162675965,0.9510996937581305,PC,0.12642518792416282,,,UNASSIGNED_FALSE_POSITIVE,,,,,,,,,,,,175,R1,HOLD
MODERATE__HOLD_R1_K175,HOLD_R1_K175,MODERATE,357,PC+CH3COO__0056,PC 16:0_16:0,3.819633708602736e-07,,NOT_COMPUTED,False,False,False,False,0.01580146506998347,0.9997981100893683,0.9997979854471082,PC,0.004297995019880766,,,UNASSIGNED_FALSE_POSITIVE,,,,,,,,,,,,175,R1,HOLD
MODERATE__HOLD_R1_K175,HOLD_R1_K175,MODERATE,358,PC+CH3COO__0057,PC 16:0_16:1,5.07649507485258e-05,,NOT_COMPUTED,False,False,False,False,0.14078117259663253,0.9182882348380778,0.9182880038412459,PC,0.2551318759396086,,,UNASSIGNED_FALSE_POSITIVE,,,,,,,,,,,,175,R1,HOLD
MODERATE__HOLD_R1_K175,HOLD_R1_K175,MODERATE,359,PC+CH3COO__0474,PC 14:0_17:1,7.957878283275106e-05,,NOT_COMPUTED,False,False,False,False,0.04847231659048648,0.9862392575672295,0.9862355283081914,PC,0.11687423675327882,,,UNASSIGNED_FALSE_POSITIVE,,,,,,,,,,,,175,R1,HOLD
MODERATE__HOLD_R1_K175,HOLD_R1_K175,MODERATE,360,PCO+CH3COO__0057,PC O-16:0_16:1,0.0,,NOT_COMPUTED,False,False,False,False,0.19936849220098288,0.8386212253764069,0.8386193091272589,PC,0.34534946634171004,,,UNASSIGNED_FALSE_POSITIVE,,,,,,,,,,,,175,R1,HOLD
MODERATE__HOLD_R1_K175,HOLD_R1_K175,MODERATE,361,PCO+CH3COO__0082,PC O-16:1_16:1,3.515322278442798e-07,,NOT_COMPUTED,False,False,False,False,0.1949832272390983,0.8591092264429544,0.8590359045674744,PC,0.3169321121129679,,,UNASSIGNED_FALSE_POSITIVE,,,,,,,,,,,,175,R1,HOLD
MODERATE__HOLD_R1_K175,HOLD_R1_K175,MODERATE,362,PCO+CH3COO__0453,PC O-16:0_17:0,0.008734770481749981,0.0001251993649951855,COMPUTED,True,True,True,True,0.7536429126805174,0.6594747873316874,0.6374616783002626,PC,0.016839149861247793,B7_U2_U103,2,spectral_easy_spatial_high,0.2920147783251231,0.2561346469622332,0.2561346469622332,0.2920147783251231,6.252788469979046e-16,0.0,5.733092530960153e-16,0.0,283,0.9939889750074107,0.689110922829001,175,R1,HOLD
MODERATE__HOLD_R1_K175,HOLD_R1_K175,MODERATE,363,PCO+CH3COO__0454,PC O-16:1_17:0,2.6389228834437713e-07,,NOT_COMPUTED,False,False,False,False,0.19601713649372615,0.9363920658827259,0.9360220526851195,PC,0.15592421783556454,,,UNASSIGNED_FALSE_POSITIVE,,,,,,,,,,,,175,R1,HOLD
MODERATE__HOLD_R1_K175,HOLD_R1_K175,MODERATE,364,PCO+CH3COO__0475,PC O-16:0_17:1,5.300028694666216e-06,,NOT_COMPUTED,False,False,False,False,0.10549498522907921,0.9509393044395594,0.9509369379955512,PC,0.20388979131243903,,,UNASSIGNED_FALSE_POSITIVE,,,,,,,,,,,,175,R1,HOLD
MODERATE__HOLD_R1_K175,HOLD_R1_K175,MODERATE,365,PCO+CH3COO__0476,PC O-16:1_17:1,1.1121360152461457e-05,,NOT_COMPUTED,False,False,False,False,0.5790731778499716,0.7915991695954587,0.762421793483903,PC,0.06800719491742169,,,UNASSIGNED_FALSE_POSITIVE,,,,,,,,,,,,175,R1,HOLD
MODERATE__HOLD_R1_K175,HOLD_R1_K175,MODERATE,366,PC+Cl__0165,PC 14:0_17:1,1.5949261325404783e-05,,NOT_COMPUTED,False,False,False,False,0.2483052155298588,0.9652339242076485,0.965232569833651,PC,0.013087374518761463,,,UNASSIGNED_FALSE_POSITIVE,,,,,,,,,,,,175,R1,HOLD
MODERATE__HOLD_R1_K175,HOLD_R1_K175,MODERATE,367,PC+Cl__0167,PC 14:0_18:0,0.0,,NOT_COMPUTED,False,False,False,False,0.06684283090386553,0.9037536858220203,0.9037530307776178,PC,0.3612114406088367,,,UNASSIGNED_FALSE_POSITIVE,,,,,,,,,,,,175,R1,HOLD
MODERATE__HOLD_R1_K175,HOLD_R1_K175,MODERATE,368,PC+Cl__0168,PC 14:0_18:1,1.7183853746111472e-09,,NOT_COMPUTED,False,False,False,False,0.10173303336151761,0.9511016162675965,0.9510996937581305,PC,0.20715104284376423,,,UNASSIGNED_FALSE_POSITIVE,,,,,,,,,,,,175,R1,HOLD
MODERATE__HOLD_R1_K175,HOLD_R1_K175,MODERATE,369,PC+Cl__0169,PC 14:0_18:2,0.0,,NOT_COMPUTED,False,False,False,False,0.5260423696444757,0.5944314846262744,0.5375980922793575,PC,0.31715884666014715,,,UNASSIGNED_FALSE_POSITIVE,,,,,,,,,,,,175,R1,HOLD
MODERATE__HOLD_R1_K175,HOLD_R1_K175,MODERATE,370,PC+Cl__0176,PC 14:0_20:0,0.0010417607079748479,0.0,COMPUTED,True,False,False,False,0.5174354081656964,0.6471130837014081,0.649754555119047,PC,0.24270866903417843,,,UNASSIGNED_FALSE_POSITIVE,,,,,,,,,,,,175,R1,HOLD
MODERATE__HOLD_R1_K175,HOLD_R1_K175,MODERATE,371,PC+Cl__0177,PC 14:0_20:1,0.0008438545719239577,,NOT_COMPUTED,False,False,False,False,0.40061504805859177,0.6352892103486674,0.6068571090230462,PC,0.3941959038212817,,,UNASSIGNED_FALSE_POSITIVE,,,,,,,,,,,,175,R1,HOLD
MODERATE__HOLD_R1_K175,HOLD_R1_K175,MODERATE,372,PC+Cl__0178,PC 14:0_20:2,0.012677105526624238,1.1368238598921208e-06,COMPUTED,True,True,True,True,0.3254331442131747,0.6041425983942957,0.6039971767841417,PC,0.4715533114037237,B6_U26_U82,26,spectral_easy_spatial_high,0.19121839080459768,0.41874220032840725,0.19121839080459768,0.41874220032840725,1.8412021151145245e-07,0.09285714285714286,1.8199558490736153e-07,0.0,180,0.9964852610604907,0.8939526432607221,175,R1,HOLD
MODERATE__HOLD_R1_K175,HOLD_R1_K175,MODERATE,373,PC+Cl__0179,PC 14:0_20:3,0.0012402689983490474,0.0,COMPUTED,True,False,False,False,0.39431987909766586,0.7479417800620244,0.7441651284998448,PC,0.27367582562266346,,,UNASSIGNED_FALSE_POSITIVE,,,,,,,,,,,,175,R1,HOLD
MODERATE__HOLD_R1_K175,HOLD_R1_K175,MODERATE,374,PC+Cl__0180,PC 14:0_20:4,0.006278782791845169,6.045953102614611e-05,COMPUTED,True,True,True,True,0.6036768381098416,0.7745273553735048,0.7728249883047782,PC,0.030942368542241527,,8,singleton_control,,,,,,,,,371,,0.7802037075442214,175,R1,HOLD
MODERATE__HOLD_R1_K175,HOLD_R1_K175,MODERATE,375,PC+Cl__0219,PC 14:1_17:1,0.0003846771761353077,,NOT_COMPUTED,False,False,False,False,0.8078312049387865,0.36304209523983627,0.3495144909050598,PC,0.129099753375313,,,UNASSIGNED_FALSE_POSITIVE,,,,,,,,,,,,175,R1,HOLD
MODERATE__HOLD_R1_K175,HOLD_R1_K175,MODERATE,376,PC+Cl__0793,PC 18:0_14:1,3.0302454313454084e-05,,NOT_COMPUTED,False,False,False,False,0.5302390072873353,0.615682288510722,0.6154179406395242,PC,0.2579619558806927,,,UNASSIGNED_FALSE_POSITIVE,,,,,,,,,,,,175,R1,HOLD
MODERATE__HOLD_R1_K175,HOLD_R1_K175,MODERATE,377,PC+Cl__1186,PC 20:0_14:1,0.006057024890853595,2.5141502008170257e-07,COMPUTED,True,True,True,True,0.593367589246976,0.47707361889437966,0.4777580009686473,PC,0.2851238976272237,,10,singleton_control,,,,,,,,,285,,0.6170676298438253,175,R1,HOLD
MODERATE__HOLD_R1_K175,HOLD_R1_K175,MODERATE,378,PC+Cl__0231,PC 14:1_20:1,0.017823532675776566,4.534063372213124e-05,COMPUTED,True,True,True,True,0.4158486366407816,0.6900215947371616,0.6898906281562027,PC,0.30806497780657766,B5_U49_U110,49,spectral_easy_spatial_low,0.21407553366174054,0.19910673234811166,0.19910673234811166,0.21407553366174054,0.0,0.0,0.0,0.0,146,-0.2824004715126184,2.0,175,R1,HOLD
MODERATE__HOLD_R1_K175,HOLD_R1_K175,MODERATE,379,PC+Cl__0382,PC 16:0_16:0,0.0,,NOT_COMPUTED,False,False,False,False,0.074235030035795,0.9952284460415796,0.9952283038691733,PC,0.023338650727454557,,,UNASSIGNED_FALSE_POSITIVE,,,,,,,,,,,,175,R1,HOLD
MODERATE__HOLD_R1_K175,HOLD_R1_K175,MODERATE,380,PC+Cl__0383,PC 16:0_16:1,0.0,,NOT_COMPUTED,False,False,False,False,0.12024383132576463,0.9182882348380778,0.9182880038412459,PC,0.27566921721047655,,,UNASSIGNED_FALSE_POSITIVE,,,,,,,,,,,,175,R1,HOLD
MODERATE__HOLD_R1_K175,HOLD_R1_K175,MODERATE,381,PC+Cl__0390,PC 16:0_18:0,0.007885276599883318,6.563059130924668e-06,COMPUTED,True,True,True,True,0.49212912704514206,0.6471130837014081,0.649754555119047,PC,0.2680149501547328,B3_U12_U42,12,spectral_easy_spatial_high,0.1672183908045977,0.3398193760262726,0.1672183908045977,0.3398193760262726,1.4623140112901648e-06,0.025477707006369428,1.0471864266050674e-06,0.0,313,0.9906211951871,0.7802037075442214,175,R1,HOLD
MODERATE__HOLD_R1_K175,HOLD_R1_K175,MODERATE,382,PC+Cl__0391,PC 16:0_18:1,0.005184859777621608,1.0568249297767346e-18,COMPUTED,True,True,True,True,0.3986166534022413,0.6482926248318512,0.5870930826144038,PC,0.4109027795617344,,21,singleton_control,,,,,,,,,352,,0.5340342571614348,175,R1,HOLD
MODERATE__HOLD_R1_K175,HOLD_R1_K175,MODERATE,383,PC+Cl__0392,PC 16:0_18:2,0.031629858750844904,3.122473482265423e-05,COMPUTED,True,True,True,True,0.3131917397743864,0.5996238721920917,0.5958430948573314,PC,0.4899091295507795,,33,singleton_control,,,,,,,,,293,,2.0,175,R1,HOLD
MODERATE__HOLD_R1_K175,HOLD_R1_K175,MODERATE,384,PC+Cl__0435,PC 16:1_16:1,0.0,,NOT_COMPUTED,False,False,False,False,0.5387988106372762,0.6371790012593744,0.5915900402481294,PC,0.26744012682432805,,,UNASSIGNED_FALSE_POSITIVE,,,,,,,,,,,,175,R1,HOLD
MODERATE__HOLD_R1_K175,HOLD_R1_K175,MODERATE,385,PC+Cl__0797,PC 18:0_16:1,0.001035511039063393,1.6042465200319577e-06,COMPUTED,True,False,False,False,0.39177303368002603,0.6110147415354648,0.5672990540674725,PC,0.4317388261338755,,,UNASSIGNED_FALSE_POSITIVE,,,,,,,,,,,,175,R1,HOLD
MODERATE__HOLD_R1_K175,HOLD_R1_K175,MODERATE,386,PC+Cl__0443,PC 16:1_18:1,0.017566814735592896,0.0,COMPUTED,True,True,True,True,0.3710824945274597,0.6900215947371616,0.6898906281562027,PC,0.3528311199198995,B1_U35_U46,35,spectral_easy_spatial_low,0.18836124794745485,0.20310673234811166,0.18836124794745485,0.20310673234811166,0.0,0.0,0.0,0.0,107,-0.1940322936148857,2.0,175,R1,HOLD
MODERATE__HOLD_R1_K175,HOLD_R1_K175,MODERATE,387,PC+Cl__0444,PC 16:1_18:2,0.024460568994727084,2.9618999547412087e-05,COMPUTED,True,True,True,True,0.6451321224456396,0.494520891089959,0.49342467993636147,PC,0.2246564065829395,B4_U19_U138,19,spectral_easy_spatial_high,0.21293267651888342,0.18482101806239737,0.18482101806239737,0.21293267651888342,0.0,0.0,0.0,0.0,378,0.9962357394529731,2.0,175,R1,HOLD
MODERATE__HOLD_R1_K175,HOLD_R1_K175,MODERATE,388,PC+Cl__0657,PC 17:0_17:0,7.328620343438164e-06,,NOT_COMPUTED,False,False,False,False,0.3349749352720744,0.807407271036795,0.7788483732494292,PC,0.2922373186633201,,,UNASSIGNED_FALSE_POSITIVE,,,,,,,,,,,,175,R1,HOLD
MODERATE__HOLD_R1_K175,HOLD_R1_K175,MODERATE,389,PC+Cl__0658,PC 17:0_17:1,9.492541799397982e-05,,NOT_COMPUTED,False,False,False,False,0.3922836268459849,0.6138364929282721,0.5912130014929557,PC,0.4142318329349733,,,UNASSIGNED_FALSE_POSITIVE,,,,,,,,,,,,175,R1,HOLD
MODERATE__HOLD_R1_K175,HOLD_R1_K175,MODERATE,390,PC+Cl__0706,PC 17:1_17:1,0.00023250841134291587,,NOT_COMPUTED,False,False,False,False,0.32843304652277755,0.6440510617032883,0.6203139041110748,PC,0.4559206111894029,,,UNASSIGNED_FALSE_POSITIVE,,,,,,,,,,,,175,R1,HOLD
