dataset_id,domain,K,split,replicate,lipid_name,lipid_class,X_hat,rho_zero,rho_zero_status,raw_solver_reported,molecular_truth,reportable_truth,candidate_indices
D1__CAL_R1_K125,D1,125,CAL,R1,PA 20:0_24:0,PA,0.0008049078556763054,,NOT_COMPUTED,False,False,False,[0]
D1__CAL_R1_K125,D1,125,CAL,R1,PA 20:0_24:1,PA,0.004092158242455268,3.154501589007982e-06,COMPUTED,True,True,True,[1]
D1__CAL_R1_K125,D1,125,CAL,R1,PA 20:0_24:2,PA,8.155211209702305e-05,,NOT_COMPUTED,False,False,False,[2]
D1__CAL_R1_K125,D1,125,CAL,R1,PA 20:0_24:3,PA,0.01418727789775589,9.270804625954248e-06,COMPUTED,True,True,True,[3]
D1__CAL_R1_K125,D1,125,CAL,R1,PA 20:0_24:4,PA,0.0018419465796210832,3.2319211269544295e-24,COMPUTED,True,False,False,[4]
D1__CAL_R1_K125,D1,125,CAL,R1,PA 20:0_24:5,PA,0.0024526569174202423,5.791196144535872e-07,COMPUTED,True,True,True,[5]
D1__CAL_R1_K125,D1,125,CAL,R1,PA 20:0_24:6,PA,0.002810051122802699,2.5001923170345896e-22,COMPUTED,True,False,False,[6]
D1__CAL_R1_K125,D1,125,CAL,R1,PA 20:1_24:1,PA,3.789697293950285e-08,,NOT_COMPUTED,False,False,False,[8]
D1__CAL_R1_K125,D1,125,CAL,R1,PA 20:1_24:2,PA,0.0026696932608946565,5.70171316605768e-23,COMPUTED,True,False,False,[9]
D1__CAL_R1_K125,D1,125,CAL,R1,PA 20:1_24:3,PA,5.565030879660242e-05,,NOT_COMPUTED,False,False,False,[10]
D1__CAL_R1_K125,D1,125,CAL,R1,PA 20:1_24:4,PA,0.0021533783627503324,0.0,COMPUTED,True,False,False,[11]
D1__CAL_R1_K125,D1,125,CAL,R1,PA 20:1_24:5,PA,1.6871034082239653e-05,,NOT_COMPUTED,False,False,False,[12]
D1__CAL_R1_K125,D1,125,CAL,R1,PA 20:1_24:6,PA,0.001208834471532874,0.0,COMPUTED,True,False,False,[13]
D1__CAL_R1_K125,D1,125,CAL,R1,PA 20:2_24:2,PA,0.0007229448833407052,,NOT_COMPUTED,False,False,False,[16]
D1__CAL_R1_K125,D1,125,CAL,R1,PA 20:2_24:3,PA,0.0,,NOT_COMPUTED,False,False,False,[17]
D1__CAL_R1_K125,D1,125,CAL,R1,PA 20:2_24:4,PA,8.918572902848928e-05,,NOT_COMPUTED,False,False,False,[18]
D1__CAL_R1_K125,D1,125,CAL,R1,PA 20:2_24:5,PA,2.223561498958493e-08,,NOT_COMPUTED,False,False,False,[19]
D1__CAL_R1_K125,D1,125,CAL,R1,PA 20:3_24:3,PA,1.4002371618573945e-08,,NOT_COMPUTED,False,False,False,[23]
D1__CAL_R1_K125,D1,125,CAL,R1,PA 20:3_24:4,PA,7.890362229448734e-05,,NOT_COMPUTED,False,False,False,[24]
D1__CAL_R1_K125,D1,125,CAL,R1,PA 22:0_22:0,PA,0.0015304271944197492,0.0,COMPUTED,True,False,False,[32]
D1__CAL_R1_K125,D1,125,CAL,R1,PA 22:0_22:1,PA,0.0001444130388229205,,NOT_COMPUTED,False,False,False,[33]
D1__CAL_R1_K125,D1,125,CAL,R1,PA 22:0_22:2,PA,0.0008953884510415454,,NOT_COMPUTED,False,False,False,[34]
D1__CAL_R1_K125,D1,125,CAL,R1,PA 22:0_22:3,PA,0.007923493741460643,7.30198358143877e-23,COMPUTED,True,False,False,[35]
D1__CAL_R1_K125,D1,125,CAL,R1,PA 22:0_22:4,PA,0.0036491173367409774,0.0,COMPUTED,True,False,False,[36]
D1__CAL_R1_K125,D1,125,CAL,R1,PA 22:0_22:5,PA,0.015771274403899794,4.492333131216285e-06,COMPUTED,True,True,True,[37]
D1__CAL_R1_K125,D1,125,CAL,R1,PA 22:0_22:6,PA,0.015267329679643856,1.6324896681420357e-05,COMPUTED,True,True,True,[38]
D1__CAL_R1_K125,D1,125,CAL,R1,PA 22:0_24:0,PA,0.0018696503075065886,0.0,COMPUTED,True,False,False,[39]
D1__CAL_R1_K125,D1,125,CAL,R1,PA 22:0_24:1,PA,0.0010252439607724214,0.0,COMPUTED,True,False,False,[40]
D1__CAL_R1_K125,D1,125,CAL,R1,PA 22:0_24:2,PA,0.02005972989850208,3.552133016397207e-05,COMPUTED,True,True,True,[41]
D1__CAL_R1_K125,D1,125,CAL,R1,PA 22:0_24:3,PA,0.0008985415595588326,,NOT_COMPUTED,False,False,False,[42]
D1__CAL_R1_K125,D1,125,CAL,R1,PA 22:0_24:4,PA,0.0007487169038682648,,NOT_COMPUTED,False,False,False,[43]
D1__CAL_R1_K125,D1,125,CAL,R1,PA 22:0_24:5,PA,5.972543403115333e-05,,NOT_COMPUTED,False,False,False,[44]
D1__CAL_R1_K125,D1,125,CAL,R1,PA 22:0_24:6,PA,0.0011094542934035857,0.0,COMPUTED,True,False,False,[45]
D1__CAL_R1_K125,D1,125,CAL,R1,PA 22:1_22:1,PA,1.185172590119953e-07,,NOT_COMPUTED,False,False,False,[46]
D1__CAL_R1_K125,D1,125,CAL,R1,PA 22:1_22:2,PA,0.0034996486372521436,5.815781110243891e-24,COMPUTED,True,False,False,[47]
D1__CAL_R1_K125,D1,125,CAL,R1,PA 22:1_22:3,PA,7.34469682978411e-08,,NOT_COMPUTED,False,False,False,[48]
D1__CAL_R1_K125,D1,125,CAL,R1,PA 22:1_22:4,PA,1.8923376288705218e-06,,NOT_COMPUTED,False,False,False,[49]
D1__CAL_R1_K125,D1,125,CAL,R1,PA 22:1_22:5,PA,5.320293658584767e-07,,NOT_COMPUTED,False,False,False,[50]
D1__CAL_R1_K125,D1,125,CAL,R1,PA 22:1_22:6,PA,2.0060368936539238e-07,,NOT_COMPUTED,False,False,False,[51]
D1__CAL_R1_K125,D1,125,CAL,R1,PA 22:1_24:1,PA,0.0002629097353540486,,NOT_COMPUTED,False,False,False,[53]
D1__CAL_R1_K125,D1,125,CAL,R1,PA 22:1_24:2,PA,7.150998943509548e-07,,NOT_COMPUTED,False,False,False,[54]
D1__CAL_R1_K125,D1,125,CAL,R1,PA 22:1_24:3,PA,0.0,,NOT_COMPUTED,False,False,False,[55]
D1__CAL_R1_K125,D1,125,CAL,R1,PA 22:1_24:4,PA,1.539558045438589e-07,,NOT_COMPUTED,False,False,False,[56]
D1__CAL_R1_K125,D1,125,CAL,R1,PA 22:1_24:5,PA,5.8456681791782126e-08,,NOT_COMPUTED,False,False,False,[57]
D1__CAL_R1_K125,D1,125,CAL,R1,PA 22:1_24:6,PA,0.0,,NOT_COMPUTED,False,False,False,[58]
D1__CAL_R1_K125,D1,125,CAL,R1,PA 22:2_22:2,PA,0.003787490052793061,3.4985043902293923e-06,COMPUTED,True,True,True,[59]
D1__CAL_R1_K125,D1,125,CAL,R1,PA 22:2_22:3,PA,0.0,,NOT_COMPUTED,False,False,False,[60]
D1__CAL_R1_K125,D1,125,CAL,R1,PA 22:2_22:4,PA,0.00397903216183355,9.838774934774762e-27,COMPUTED,True,False,False,[61]
D1__CAL_R1_K125,D1,125,CAL,R1,PA 22:2_22:5,PA,4.4082752741212747e-07,,NOT_COMPUTED,False,False,False,[62]
D1__CAL_R1_K125,D1,125,CAL,R1,PA 22:2_24:2,PA,2.857342091098907e-07,,NOT_COMPUTED,False,False,False,[65]
D1__CAL_R1_K125,D1,125,CAL,R1,PA 22:2_24:3,PA,0.0,,NOT_COMPUTED,False,False,False,[66]
D1__CAL_R1_K125,D1,125,CAL,R1,PA 22:2_24:4,PA,0.0,,NOT_COMPUTED,False,False,False,[67]
D1__CAL_R1_K125,D1,125,CAL,R1,PA 22:2_24:5,PA,2.3569289704622092e-08,,NOT_COMPUTED,False,False,False,[68]
D1__CAL_R1_K125,D1,125,CAL,R1,PA 22:2_24:6,PA,5.884215639359709e-08,,NOT_COMPUTED,False,False,False,[69]
D1__CAL_R1_K125,D1,125,CAL,R1,PA 22:3_22:3,PA,9.100908723287774e-05,,NOT_COMPUTED,False,False,False,[70]
D1__CAL_R1_K125,D1,125,CAL,R1,PA 22:3_22:4,PA,0.00015958322055814746,,NOT_COMPUTED,False,False,False,[71]
D1__CAL_R1_K125,D1,125,CAL,R1,PA 22:3_24:3,PA,9.014974609349042e-08,,NOT_COMPUTED,False,False,False,[75]
D1__CAL_R1_K125,D1,125,CAL,R1,PA 22:3_24:4,PA,1.5108693679974691e-05,,NOT_COMPUTED,False,False,False,[76]
D1__CAL_R1_K125,D1,125,CAL,R1,PA 22:3_24:5,PA,0.0,,NOT_COMPUTED,False,False,False,[77]
D1__CAL_R1_K125,D1,125,CAL,R1,PA 22:3_24:6,PA,2.601162978942127e-08,,NOT_COMPUTED,False,False,False,[78]
D1__CAL_R1_K125,D1,125,CAL,R1,PA 22:4_24:4,PA,0.001650518541802753,0.0,COMPUTED,True,False,False,[83]
D1__CAL_R1_K125,D1,125,CAL,R1,PA 22:4_24:5,PA,0.0002619800264304657,,NOT_COMPUTED,False,False,False,[84]
D1__CAL_R1_K125,D1,125,CAL,R1,PA 22:4_24:6,PA,0.02108510811585451,8.54610005975611e-05,COMPUTED,True,True,True,[85]
D1__CAL_R1_K125,D1,125,CAL,R1,PA 22:5_24:5,PA,0.0010870646745076045,4.246502334640185e-22,COMPUTED,True,False,False,[91]
D1__CAL_R1_K125,D1,125,CAL,R1,PA 22:5_24:6,PA,0.0012414112836486543,0.0,COMPUTED,True,False,False,[92]
D1__CAL_R1_K125,D1,125,CAL,R1,PA 22:6_24:6,PA,0.0014077597992372928,2.770533453771275e-23,COMPUTED,True,False,False,[99]
D1__CAL_R1_K125,D1,125,CAL,R1,PA 24:0_20:1,PA,0.002271055442344196,5.82423826369867e-23,COMPUTED,True,False,False,[7]
D1__CAL_R1_K125,D1,125,CAL,R1,PA 24:0_20:2,PA,1.5657976193978885e-07,,NOT_COMPUTED,False,False,False,[14]
D1__CAL_R1_K125,D1,125,CAL,R1,PA 24:0_20:3,PA,0.02190049175442875,4.107026292135534e-05,COMPUTED,True,True,True,[20]
D1__CAL_R1_K125,D1,125,CAL,R1,PA 24:0_20:4,PA,0.0010503731852609152,0.0,COMPUTED,True,False,False,[25]
D1__CAL_R1_K125,D1,125,CAL,R1,PA 24:0_20:5,PA,0.0015977211960487789,0.0,COMPUTED,True,False,False,[29]
D1__CAL_R1_K125,D1,125,CAL,R1,PA 24:0_22:1,PA,0.0,,NOT_COMPUTED,False,False,False,[52]
D1__CAL_R1_K125,D1,125,CAL,R1,PA 24:0_22:2,PA,0.020807926977687925,5.569731657393685e-05,COMPUTED,True,True,True,[63]
D1__CAL_R1_K125,D1,125,CAL,R1,PA 24:0_22:3,PA,1.045611444191476e-07,,NOT_COMPUTED,False,False,False,[72]
D1__CAL_R1_K125,D1,125,CAL,R1,PA 24:0_22:4,PA,0.0006168764197930954,,NOT_COMPUTED,False,False,False,[79]
D1__CAL_R1_K125,D1,125,CAL,R1,PA 24:0_22:5,PA,0.0003387026079729683,,NOT_COMPUTED,False,False,False,[86]
D1__CAL_R1_K125,D1,125,CAL,R1,PA 24:0_22:6,PA,0.00021926089717847993,,NOT_COMPUTED,False,False,False,[93]
D1__CAL_R1_K125,D1,125,CAL,R1,PA 24:1_20:2,PA,0.0006137186281779504,,NOT_COMPUTED,False,False,False,[15]
D1__CAL_R1_K125,D1,125,CAL,R1,PA 24:1_20:3,PA,0.00042549018106469584,,NOT_COMPUTED,False,False,False,[21]
D1__CAL_R1_K125,D1,125,CAL,R1,PA 24:1_20:4,PA,4.2531778062674074e-07,,NOT_COMPUTED,False,False,False,[26]
D1__CAL_R1_K125,D1,125,CAL,R1,PA 24:1_20:5,PA,0.0011176329269018369,0.0,COMPUTED,True,False,False,[30]
D1__CAL_R1_K125,D1,125,CAL,R1,PA 24:1_22:2,PA,0.0,,NOT_COMPUTED,False,False,False,[64]
D1__CAL_R1_K125,D1,125,CAL,R1,PA 24:1_22:3,PA,0.0,,NOT_COMPUTED,False,False,False,[73]
D1__CAL_R1_K125,D1,125,CAL,R1,PA 24:1_22:4,PA,0.0004927963075025752,,NOT_COMPUTED,False,False,False,[80]
D1__CAL_R1_K125,D1,125,CAL,R1,PA 24:1_22:5,PA,8.686977085544189e-07,,NOT_COMPUTED,False,False,False,[87]
D1__CAL_R1_K125,D1,125,CAL,R1,PA 24:1_22:6,PA,5.620888364017612e-09,,NOT_COMPUTED,False,False,False,[94]
D1__CAL_R1_K125,D1,125,CAL,R1,PA 24:2_20:3,PA,0.000286655039620536,,NOT_COMPUTED,False,False,False,[22]
D1__CAL_R1_K125,D1,125,CAL,R1,PA 24:2_20:4,PA,0.0008548417166365048,,NOT_COMPUTED,False,False,False,[27]
D1__CAL_R1_K125,D1,125,CAL,R1,PA 24:2_20:5,PA,0.00010022464671018595,,NOT_COMPUTED,False,False,False,[31]
D1__CAL_R1_K125,D1,125,CAL,R1,PA 24:2_22:3,PA,0.0,,NOT_COMPUTED,False,False,False,[74]
D1__CAL_R1_K125,D1,125,CAL,R1,PA 24:2_22:4,PA,8.660917020065121e-07,,NOT_COMPUTED,False,False,False,[81]
D1__CAL_R1_K125,D1,125,CAL,R1,PA 24:2_22:5,PA,4.2150185647579186e-05,,NOT_COMPUTED,False,False,False,[88]
D1__CAL_R1_K125,D1,125,CAL,R1,PA 24:2_22:6,PA,0.0006933743695600756,,NOT_COMPUTED,False,False,False,[95]
D1__CAL_R1_K125,D1,125,CAL,R1,PA 24:3_20:4,PA,0.0,,NOT_COMPUTED,False,False,False,[28]
D1__CAL_R1_K125,D1,125,CAL,R1,PA 24:3_22:4,PA,0.00016266802739426067,,NOT_COMPUTED,False,False,False,[82]
D1__CAL_R1_K125,D1,125,CAL,R1,PA 24:3_22:5,PA,2.447826277210348e-07,,NOT_COMPUTED,False,False,False,[89]
D1__CAL_R1_K125,D1,125,CAL,R1,PA 24:3_22:6,PA,1.4130307183651947e-07,,NOT_COMPUTED,False,False,False,[96]
D1__CAL_R1_K125,D1,125,CAL,R1,PA 24:4_22:5,PA,1.5534620572467483e-07,,NOT_COMPUTED,False,False,False,[90]
D1__CAL_R1_K125,D1,125,CAL,R1,PA 24:4_22:6,PA,0.03120648182716896,0.0001033801872089028,COMPUTED,True,True,True,[97]
D1__CAL_R1_K125,D1,125,CAL,R1,PA 24:5_22:6,PA,0.0,,NOT_COMPUTED,False,False,False,[98]
D1__CAL_R1_K125,D1,125,CAL,R1,PA 24:5_24:6,PA,0.0,,NOT_COMPUTED,False,False,False,[100]
D1__CAL_R1_K125,D1,125,CAL,R1,PA 24:6_24:6,PA,0.0017573084256427057,8.28441067525926e-28,COMPUTED,True,False,False,[101]
D1__CAL_R1_K125,D1,125,CAL,R1,PC 12:0_22:0,PC,0.0,,NOT_COMPUTED,False,False,False,"[815, 1031]"
D1__CAL_R1_K125,D1,125,CAL,R1,PC 12:0_22:1,PC,4.656370295214143e-08,,NOT_COMPUTED,False,False,False,"[816, 1032]"
D1__CAL_R1_K125,D1,125,CAL,R1,PC 12:0_22:2,PC,2.197347216498004e-08,,NOT_COMPUTED,False,False,False,"[817, 1033]"
D1__CAL_R1_K125,D1,125,CAL,R1,PC 12:0_22:3,PC,0.0,,NOT_COMPUTED,False,False,False,"[818, 1034]"
D1__CAL_R1_K125,D1,125,CAL,R1,PC 12:0_22:4,PC,0.0026338102002971954,5.398684105030124e-27,COMPUTED,True,False,False,[1035]
D1__CAL_R1_K125,D1,125,CAL,R1,PC 12:0_22:5,PC,0.00018530796670916035,,NOT_COMPUTED,False,False,False,[1036]
D1__CAL_R1_K125,D1,125,CAL,R1,PC 12:0_22:6,PC,1.5418224730378052e-07,,NOT_COMPUTED,False,False,False,[1037]
D1__CAL_R1_K125,D1,125,CAL,R1,PC 12:0_24:0,PC,1.580059741964974e-06,,NOT_COMPUTED,False,False,False,"[819, 1038]"
D1__CAL_R1_K125,D1,125,CAL,R1,PC 12:0_24:1,PC,1.5122640957704072e-06,,NOT_COMPUTED,False,False,False,"[820, 1039]"
D1__CAL_R1_K125,D1,125,CAL,R1,PC 12:0_24:2,PC,0.0,,NOT_COMPUTED,False,False,False,"[821, 1040]"
D1__CAL_R1_K125,D1,125,CAL,R1,PC 12:0_24:3,PC,8.811565736249623e-07,,NOT_COMPUTED,False,False,False,"[822, 1041]"
D1__CAL_R1_K125,D1,125,CAL,R1,PC 12:0_24:4,PC,6.07448921290078e-08,,NOT_COMPUTED,False,False,False,"[823, 1042]"
D1__CAL_R1_K125,D1,125,CAL,R1,PC 12:0_24:5,PC,0.0,,NOT_COMPUTED,False,False,False,"[824, 1043]"
D1__CAL_R1_K125,D1,125,CAL,R1,PC 12:0_24:6,PC,0.0,,NOT_COMPUTED,False,False,False,"[825, 1044]"
D1__CAL_R1_K125,D1,125,CAL,R1,PC 13:0_20:0,PC,0.0,,NOT_COMPUTED,False,False,False,[1088]
D1__CAL_R1_K125,D1,125,CAL,R1,PC 13:0_20:1,PC,0.0,,NOT_COMPUTED,False,False,False,[1089]
D1__CAL_R1_K125,D1,125,CAL,R1,PC 13:0_20:2,PC,6.235422555587682e-06,,NOT_COMPUTED,False,False,False,[1090]
D1__CAL_R1_K125,D1,125,CAL,R1,PC 13:0_20:3,PC,9.832956169012061e-08,,NOT_COMPUTED,False,False,False,[1091]
D1__CAL_R1_K125,D1,125,CAL,R1,PC 13:0_22:0,PC,6.611943059823183e-05,,NOT_COMPUTED,False,False,False,"[870, 1092]"
D1__CAL_R1_K125,D1,125,CAL,R1,PC 13:0_22:1,PC,2.9220651912710474e-08,,NOT_COMPUTED,False,False,False,"[871, 1093]"
D1__CAL_R1_K125,D1,125,CAL,R1,PC 13:0_22:2,PC,0.0,,NOT_COMPUTED,False,False,False,"[872, 1094]"
D1__CAL_R1_K125,D1,125,CAL,R1,PC 13:0_22:3,PC,0.0,,NOT_COMPUTED,False,False,False,"[873, 1095]"
D1__CAL_R1_K125,D1,125,CAL,R1,PC 13:0_22:4,PC,1.5333294728803195e-07,,NOT_COMPUTED,False,False,False,"[874, 1096]"
D1__CAL_R1_K125,D1,125,CAL,R1,PC 13:0_22:5,PC,0.0025453330579800052,6.384452104560976e-22,COMPUTED,True,False,False,"[875, 1097]"
D1__CAL_R1_K125,D1,125,CAL,R1,PC 13:0_22:6,PC,0.00043222349915888396,,NOT_COMPUTED,False,False,False,"[876, 1098]"
D1__CAL_R1_K125,D1,125,CAL,R1,PC 13:0_24:4,PC,0.02190210452259482,2.067306999427941e-05,COMPUTED,True,True,True,[877]
D1__CAL_R1_K125,D1,125,CAL,R1,PC 14:0_20:0,PC,0.001960132466164378,1.8098672282904973e-25,COMPUTED,True,False,False,"[826, 1045]"
D1__CAL_R1_K125,D1,125,CAL,R1,PC 14:0_20:1,PC,8.664659037030417e-06,,NOT_COMPUTED,False,False,False,"[827, 1046]"
D1__CAL_R1_K125,D1,125,CAL,R1,PC 14:0_20:2,PC,1.139748795106903e-05,,NOT_COMPUTED,False,False,False,"[828, 1047]"
D1__CAL_R1_K125,D1,125,CAL,R1,PC 14:0_20:3,PC,0.0015461927974124176,2.1005075238172806e-24,COMPUTED,True,False,False,"[829, 1048]"
D1__CAL_R1_K125,D1,125,CAL,R1,PC 14:0_20:4,PC,0.015215080407033184,5.162004595419181e-05,COMPUTED,True,True,True,[1049]
D1__CAL_R1_K125,D1,125,CAL,R1,PC 14:0_20:5,PC,0.00081004869318227,,NOT_COMPUTED,False,False,False,[1050]
D1__CAL_R1_K125,D1,125,CAL,R1,PC 14:0_22:0,PC,2.9290879543794197e-05,,NOT_COMPUTED,False,False,False,"[830, 1051]"
D1__CAL_R1_K125,D1,125,CAL,R1,PC 14:0_22:1,PC,6.636548783753509e-08,,NOT_COMPUTED,False,False,False,"[831, 1052]"
D1__CAL_R1_K125,D1,125,CAL,R1,PC 14:0_22:2,PC,0.0,,NOT_COMPUTED,False,False,False,"[832, 1053]"
D1__CAL_R1_K125,D1,125,CAL,R1,PC 14:0_22:3,PC,1.801508360618747e-08,,NOT_COMPUTED,False,False,False,"[833, 1054]"
D1__CAL_R1_K125,D1,125,CAL,R1,PC 14:0_22:4,PC,8.701726176547734e-07,,NOT_COMPUTED,False,False,False,"[834, 1055]"
D1__CAL_R1_K125,D1,125,CAL,R1,PC 14:0_22:5,PC,3.2728767349853e-07,,NOT_COMPUTED,False,False,False,"[835, 1056]"
D1__CAL_R1_K125,D1,125,CAL,R1,PC 14:0_22:6,PC,1.1907893702808395e-07,,NOT_COMPUTED,False,False,False,"[836, 1057]"
D1__CAL_R1_K125,D1,125,CAL,R1,PC 15:0_18:0,PC,8.486482652669544e-05,,NOT_COMPUTED,False,False,False,[1099]
D1__CAL_R1_K125,D1,125,CAL,R1,PC 15:0_18:1,PC,2.687567541698429e-05,,NOT_COMPUTED,False,False,False,[1100]
D1__CAL_R1_K125,D1,125,CAL,R1,PC 15:0_18:2,PC,0.00011312906748485988,,NOT_COMPUTED,False,False,False,[1101]
D1__CAL_R1_K125,D1,125,CAL,R1,PC 15:0_18:3,PC,0.0,,NOT_COMPUTED,False,False,False,[1102]
D1__CAL_R1_K125,D1,125,CAL,R1,PC 15:0_20:0,PC,0.00015502014353752466,,NOT_COMPUTED,False,False,False,"[878, 1103]"
D1__CAL_R1_K125,D1,125,CAL,R1,PC 15:0_20:1,PC,0.0,,NOT_COMPUTED,False,False,False,"[879, 1104]"
D1__CAL_R1_K125,D1,125,CAL,R1,PC 15:0_20:2,PC,0.0,,NOT_COMPUTED,False,False,False,"[880, 1105]"
D1__CAL_R1_K125,D1,125,CAL,R1,PC 15:0_20:3,PC,9.77056201847534e-08,,NOT_COMPUTED,False,False,False,"[881, 1106]"
D1__CAL_R1_K125,D1,125,CAL,R1,PC 15:0_20:4,PC,1.7878148861810664e-07,,NOT_COMPUTED,False,False,False,"[882, 1107]"
D1__CAL_R1_K125,D1,125,CAL,R1,PC 15:0_20:5,PC,1.169045963234044e-07,,NOT_COMPUTED,False,False,False,"[883, 1108]"
D1__CAL_R1_K125,D1,125,CAL,R1,PC 15:0_22:0,PC,5.513223239203096e-06,,NOT_COMPUTED,False,False,False,[884]
D1__CAL_R1_K125,D1,125,CAL,R1,PC 15:0_22:1,PC,1.445916043676221e-08,,NOT_COMPUTED,False,False,False,[885]
D1__CAL_R1_K125,D1,125,CAL,R1,PC 15:0_22:2,PC,0.0,,NOT_COMPUTED,False,False,False,[886]
D1__CAL_R1_K125,D1,125,CAL,R1,PC 15:0_22:3,PC,0.025652674983480263,2.498284469961141e-06,COMPUTED,True,True,True,[887]
D1__CAL_R1_K125,D1,125,CAL,R1,PC 15:0_22:4,PC,0.0018884395289917079,0.0,COMPUTED,True,False,False,[888]
D1__CAL_R1_K125,D1,125,CAL,R1,PC 15:0_22:5,PC,0.003926945921892596,0.0,COMPUTED,True,False,False,[889]
D1__CAL_R1_K125,D1,125,CAL,R1,PC 15:0_22:6,PC,0.0006091840571662624,,NOT_COMPUTED,False,False,False,[890]
D1__CAL_R1_K125,D1,125,CAL,R1,PC 16:0_17:0,PC,0.0,,NOT_COMPUTED,False,False,False,[1109]
D1__CAL_R1_K125,D1,125,CAL,R1,PC 16:0_17:1,PC,5.885302715142016e-05,,NOT_COMPUTED,False,False,False,[1115]
D1__CAL_R1_K125,D1,125,CAL,R1,PC 16:0_18:0,PC,0.00022052095021206686,,NOT_COMPUTED,False,False,False,"[837, 1058]"
D1__CAL_R1_K125,D1,125,CAL,R1,PC 16:0_18:1,PC,0.0,,NOT_COMPUTED,False,False,False,"[838, 1059]"
D1__CAL_R1_K125,D1,125,CAL,R1,PC 16:0_18:2,PC,0.0,,NOT_COMPUTED,False,False,False,"[839, 1060]"
D1__CAL_R1_K125,D1,125,CAL,R1,PC 16:0_18:3,PC,2.8344593996591026e-07,,NOT_COMPUTED,False,False,False,"[840, 1061]"
D1__CAL_R1_K125,D1,125,CAL,R1,PC 16:0_20:0,PC,3.6571812799351316e-09,,NOT_COMPUTED,False,False,False,"[841, 1062]"
D1__CAL_R1_K125,D1,125,CAL,R1,PC 16:0_20:1,PC,0.0,,NOT_COMPUTED,False,False,False,"[842, 1063]"
D1__CAL_R1_K125,D1,125,CAL,R1,PC 16:0_20:2,PC,5.278460883819136e-07,,NOT_COMPUTED,False,False,False,"[843, 1064]"
D1__CAL_R1_K125,D1,125,CAL,R1,PC 16:0_20:3,PC,6.252864158478335e-08,,NOT_COMPUTED,False,False,False,"[844, 1065]"
D1__CAL_R1_K125,D1,125,CAL,R1,PC 16:0_20:4,PC,2.1143150926693047e-07,,NOT_COMPUTED,False,False,False,"[845, 1066]"
D1__CAL_R1_K125,D1,125,CAL,R1,PC 16:0_20:5,PC,0.0,,NOT_COMPUTED,False,False,False,"[846, 1067]"
D1__CAL_R1_K125,D1,125,CAL,R1,PC 16:1_17:1,PC,5.4398546501096055e-05,,NOT_COMPUTED,False,False,False,[1116]
D1__CAL_R1_K125,D1,125,CAL,R1,PC 16:1_18:1,PC,1.9688590622063337e-05,,NOT_COMPUTED,False,False,False,"[848, 1069]"
D1__CAL_R1_K125,D1,125,CAL,R1,PC 16:1_18:2,PC,4.233214380909235e-07,,NOT_COMPUTED,False,False,False,"[849, 1070]"
D1__CAL_R1_K125,D1,125,CAL,R1,PC 16:1_18:3,PC,0.0010511737732339323,3.767370815954702e-24,COMPUTED,True,False,False,[1071]
D1__CAL_R1_K125,D1,125,CAL,R1,PC 16:1_20:1,PC,0.0,,NOT_COMPUTED,False,False,False,"[851, 1073]"
D1__CAL_R1_K125,D1,125,CAL,R1,PC 16:1_20:2,PC,0.00010143364246395182,,NOT_COMPUTED,False,False,False,"[852, 1074]"
D1__CAL_R1_K125,D1,125,CAL,R1,PC 16:1_20:3,PC,5.4884421370809196e-08,,NOT_COMPUTED,False,False,False,"[853, 1075]"
D1__CAL_R1_K125,D1,125,CAL,R1,PC 16:1_20:4,PC,4.228037220291295e-07,,NOT_COMPUTED,False,False,False,"[854, 1076]"
D1__CAL_R1_K125,D1,125,CAL,R1,PC 16:1_20:5,PC,0.0,,NOT_COMPUTED,False,False,False,"[855, 1077]"
D1__CAL_R1_K125,D1,125,CAL,R1,PC 16:1_22:6,PC,3.895920302556336e-08,,NOT_COMPUTED,False,False,False,[856]
D1__CAL_R1_K125,D1,125,CAL,R1,PC 17:0_16:1,PC,1.8651263451438577e-05,,NOT_COMPUTED,False,False,False,[1110]
D1__CAL_R1_K125,D1,125,CAL,R1,PC 17:0_17:0,PC,0.0,,NOT_COMPUTED,False,False,False,"[911, 1121]"
D1__CAL_R1_K125,D1,125,CAL,R1,PC 17:0_17:1,PC,6.595848930258449e-05,,NOT_COMPUTED,False,False,False,"[912, 1122]"
D1__CAL_R1_K125,D1,125,CAL,R1,PC 17:0_18:0,PC,0.00026682049836375496,,NOT_COMPUTED,False,False,False,"[891, 1111]"
D1__CAL_R1_K125,D1,125,CAL,R1,PC 17:0_18:1,PC,0.0,,NOT_COMPUTED,False,False,False,"[892, 1112]"
D1__CAL_R1_K125,D1,125,CAL,R1,PC 17:0_18:2,PC,0.0,,NOT_COMPUTED,False,False,False,"[893, 1113]"
D1__CAL_R1_K125,D1,125,CAL,R1,PC 17:0_18:3,PC,1.1528397778152626e-07,,NOT_COMPUTED,False,False,False,"[894, 1114]"
D1__CAL_R1_K125,D1,125,CAL,R1,PC 17:0_20:0,PC,0.0,,NOT_COMPUTED,False,False,False,[895]
D1__CAL_R1_K125,D1,125,CAL,R1,PC 17:0_20:1,PC,0.0,,NOT_COMPUTED,False,False,False,[896]
D1__CAL_R1_K125,D1,125,CAL,R1,PC 17:0_20:2,PC,0.005437505074335998,1.858610692084424e-07,COMPUTED,True,True,True,[897]
D1__CAL_R1_K125,D1,125,CAL,R1,PC 17:0_20:3,PC,0.018904896321138905,1.5149513619011724e-08,COMPUTED,True,True,True,[898]
D1__CAL_R1_K125,D1,125,CAL,R1,PC 17:0_20:4,PC,0.014456846251100785,1.3469674076140465e-07,COMPUTED,True,True,True,[899]
D1__CAL_R1_K125,D1,125,CAL,R1,PC 17:0_20:5,PC,0.0004513980971798129,,NOT_COMPUTED,False,False,False,[900]
D1__CAL_R1_K125,D1,125,CAL,R1,PC 17:1_17:1,PC,0.0001040025458302773,,NOT_COMPUTED,False,False,False,"[913, 1123]"
D1__CAL_R1_K125,D1,125,CAL,R1,PC 17:1_18:1,PC,6.615500767998518e-05,,NOT_COMPUTED,False,False,False,"[902, 1118]"
D1__CAL_R1_K125,D1,125,CAL,R1,PC 17:1_18:2,PC,7.123873254921761e-05,,NOT_COMPUTED,False,False,False,"[903, 1119]"
D1__CAL_R1_K125,D1,125,CAL,R1,PC 17:1_18:3,PC,4.681853579259951e-05,,NOT_COMPUTED,False,False,False,"[904, 1120]"
D1__CAL_R1_K125,D1,125,CAL,R1,PC 17:1_20:1,PC,0.0034973269403596875,2.080686367113064e-27,COMPUTED,True,False,False,[906]
D1__CAL_R1_K125,D1,125,CAL,R1,PC 17:1_20:2,PC,0.0014772910055106823,1.0085733109218206e-26,COMPUTED,True,False,False,[907]
D1__CAL_R1_K125,D1,125,CAL,R1,PC 17:1_20:3,PC,0.015115305482878812,3.232246008417474e-23,COMPUTED,True,False,False,[908]
D1__CAL_R1_K125,D1,125,CAL,R1,PC 17:1_20:4,PC,0.027146158695891192,5.903899254926762e-06,COMPUTED,True,True,True,[909]
D1__CAL_R1_K125,D1,125,CAL,R1,PC 17:1_20:5,PC,0.007303981526537123,3.045943008552501e-06,COMPUTED,True,True,True,[910]
D1__CAL_R1_K125,D1,125,CAL,R1,PC 18:0_16:1,PC,0.0001823977955453199,,NOT_COMPUTED,False,False,False,"[847, 1068]"
D1__CAL_R1_K125,D1,125,CAL,R1,PC 18:0_17:1,PC,0.00011268165364508326,,NOT_COMPUTED,False,False,False,"[901, 1117]"
D1__CAL_R1_K125,D1,125,CAL,R1,PC 18:0_18:0,PC,2.323868860564724e-06,,NOT_COMPUTED,False,False,False,"[857, 1078]"
D1__CAL_R1_K125,D1,125,CAL,R1,PC 18:0_18:1,PC,0.0,,NOT_COMPUTED,False,False,False,"[858, 1079]"
D1__CAL_R1_K125,D1,125,CAL,R1,PC 18:0_18:2,PC,2.0486190674744303e-06,,NOT_COMPUTED,False,False,False,"[859, 1080]"
D1__CAL_R1_K125,D1,125,CAL,R1,PC 18:0_18:3,PC,8.303680743209225e-07,,NOT_COMPUTED,False,False,False,"[860, 1081]"
D1__CAL_R1_K125,D1,125,CAL,R1,PC 18:1_18:1,PC,6.094738767577784e-08,,NOT_COMPUTED,False,False,False,"[861, 1082]"
D1__CAL_R1_K125,D1,125,CAL,R1,PC 18:1_18:2,PC,1.0196428315431377e-08,,NOT_COMPUTED,False,False,False,"[862, 1083]"
D1__CAL_R1_K125,D1,125,CAL,R1,PC 18:1_18:3,PC,6.043794016529795e-08,,NOT_COMPUTED,False,False,False,"[863, 1084]"
D1__CAL_R1_K125,D1,125,CAL,R1,PC 18:2_18:2,PC,1.4429253132372204e-05,,NOT_COMPUTED,False,False,False,"[864, 1085]"
D1__CAL_R1_K125,D1,125,CAL,R1,PC 18:2_18:3,PC,3.266032733772977e-05,,NOT_COMPUTED,False,False,False,"[865, 1086]"
D1__CAL_R1_K125,D1,125,CAL,R1,PC 18:2_20:5,PC,0.0,,NOT_COMPUTED,False,False,False,[866]
D1__CAL_R1_K125,D1,125,CAL,R1,PC 18:3_18:3,PC,3.987595038944997e-06,,NOT_COMPUTED,False,False,False,"[867, 1087]"
D1__CAL_R1_K125,D1,125,CAL,R1,PC 18:3_20:4,PC,1.1700797630107605e-07,,NOT_COMPUTED,False,False,False,[868]
D1__CAL_R1_K125,D1,125,CAL,R1,PC 18:3_20:5,PC,0.0,,NOT_COMPUTED,False,False,False,[869]
D1__CAL_R1_K125,D1,125,CAL,R1,PC 20:0_16:1,PC,6.814151554063309e-05,,NOT_COMPUTED,False,False,False,"[850, 1072]"
D1__CAL_R1_K125,D1,125,CAL,R1,PC 20:0_17:1,PC,0.0,,NOT_COMPUTED,False,False,False,[905]
D1__CAL_R1_K125,D1,125,CAL,R1,PC O-12:0_22:0,PC,0.000197266231454207,,NOT_COMPUTED,False,False,False,[1124]
D1__CAL_R1_K125,D1,125,CAL,R1,PC O-12:0_22:1,PC,0.0,,NOT_COMPUTED,False,False,False,[1125]
D1__CAL_R1_K125,D1,125,CAL,R1,PC O-12:0_22:2,PC,1.7867450351071357e-07,,NOT_COMPUTED,False,False,False,[1126]
D1__CAL_R1_K125,D1,125,CAL,R1,PC O-12:0_22:3,PC,0.0010603942522875354,9.801448671327159e-25,COMPUTED,True,False,False,[1127]
D1__CAL_R1_K125,D1,125,CAL,R1,PC O-12:0_24:0,PC,0.0,,NOT_COMPUTED,False,False,False,"[914, 1128]"
D1__CAL_R1_K125,D1,125,CAL,R1,PC O-12:0_24:1,PC,0.0,,NOT_COMPUTED,False,False,False,"[915, 1129]"
D1__CAL_R1_K125,D1,125,CAL,R1,PC O-12:0_24:2,PC,3.8474721371489597e-07,,NOT_COMPUTED,False,False,False,"[916, 1130]"
D1__CAL_R1_K125,D1,125,CAL,R1,PC O-12:0_24:3,PC,1.5123147876524098e-06,,NOT_COMPUTED,False,False,False,"[917, 1131]"
D1__CAL_R1_K125,D1,125,CAL,R1,PC O-12:0_24:4,PC,6.42176597906821e-08,,NOT_COMPUTED,False,False,False,"[918, 1132]"
D1__CAL_R1_K125,D1,125,CAL,R1,PC O-12:0_24:5,PC,0.0,,NOT_COMPUTED,False,False,False,"[919, 1133]"
D1__CAL_R1_K125,D1,125,CAL,R1,PC O-12:0_24:6,PC,1.4661374078651769e-07,,NOT_COMPUTED,False,False,False,"[920, 1134]"
D1__CAL_R1_K125,D1,125,CAL,R1,PC O-13:0_22:0,PC,3.1457330074539774e-08,,NOT_COMPUTED,False,False,False,"[995, 1179]"
D1__CAL_R1_K125,D1,125,CAL,R1,PC O-13:0_22:1,PC,0.0,,NOT_COMPUTED,False,False,False,"[996, 1180]"
D1__CAL_R1_K125,D1,125,CAL,R1,PC O-13:0_22:2,PC,2.7379478579799303e-08,,NOT_COMPUTED,False,False,False,"[997, 1181]"
D1__CAL_R1_K125,D1,125,CAL,R1,PC O-13:0_22:3,PC,0.0,,NOT_COMPUTED,False,False,False,"[998, 1182]"
D1__CAL_R1_K125,D1,125,CAL,R1,PC O-13:0_22:4,PC,1.1169011822531243e-07,,NOT_COMPUTED,False,False,False,[1183]
D1__CAL_R1_K125,D1,125,CAL,R1,PC O-13:0_22:5,PC,1.3421066970130567e-11,,NOT_COMPUTED,False,False,False,[1184]
D1__CAL_R1_K125,D1,125,CAL,R1,PC O-13:0_22:6,PC,2.5303200619537403e-07,,NOT_COMPUTED,False,False,False,[1185]
D1__CAL_R1_K125,D1,125,CAL,R1,PC O-13:0_24:4,PC,6.851475528259672e-06,,NOT_COMPUTED,False,False,False,"[999, 1186]"
D1__CAL_R1_K125,D1,125,CAL,R1,PC O-14:0_20:0,PC,0.005712997280298877,0.0,COMPUTED,True,False,False,[1135]
D1__CAL_R1_K125,D1,125,CAL,R1,PC O-14:0_20:1,PC,0.0,,NOT_COMPUTED,False,False,False,[1136]
D1__CAL_R1_K125,D1,125,CAL,R1,PC O-14:0_20:2,PC,0.0016981914315800583,5.728517313781215e-27,COMPUTED,True,False,False,[1137]
D1__CAL_R1_K125,D1,125,CAL,R1,PC O-14:0_20:3,PC,0.0031475045019026334,2.3361411166556585e-07,COMPUTED,True,True,True,[1138]
D1__CAL_R1_K125,D1,125,CAL,R1,PC O-14:0_22:0,PC,0.0,,NOT_COMPUTED,False,False,False,"[921, 1139]"
D1__CAL_R1_K125,D1,125,CAL,R1,PC O-14:0_22:1,PC,0.0,,NOT_COMPUTED,False,False,False,"[922, 1140]"
D1__CAL_R1_K125,D1,125,CAL,R1,PC O-14:0_22:2,PC,5.864901311933949e-07,,NOT_COMPUTED,False,False,False,"[923, 1141]"
D1__CAL_R1_K125,D1,125,CAL,R1,PC O-14:0_22:3,PC,7.219182632832001e-08,,NOT_COMPUTED,False,False,False,"[924, 1142]"
D1__CAL_R1_K125,D1,125,CAL,R1,PC O-14:0_22:4,PC,3.0037268558407716e-07,,NOT_COMPUTED,False,False,False,"[925, 1143]"
D1__CAL_R1_K125,D1,125,CAL,R1,PC O-14:0_22:5,PC,3.4396005380700417e-06,,NOT_COMPUTED,False,False,False,"[926, 1144]"
D1__CAL_R1_K125,D1,125,CAL,R1,PC O-14:0_22:6,PC,5.558606681399306e-08,,NOT_COMPUTED,False,False,False,"[927, 1145]"
D1__CAL_R1_K125,D1,125,CAL,R1,PC O-14:0_24:0,PC,0.0,,NOT_COMPUTED,False,False,False,[928]
D1__CAL_R1_K125,D1,125,CAL,R1,PC O-14:0_24:1,PC,0.0,,NOT_COMPUTED,False,False,False,[929]
D1__CAL_R1_K125,D1,125,CAL,R1,PC O-14:0_24:2,PC,0.0,,NOT_COMPUTED,False,False,False,[930]
D1__CAL_R1_K125,D1,125,CAL,R1,PC O-14:0_24:3,PC,0.0036233810389460987,1.148163515634797e-22,COMPUTED,True,False,False,[931]
D1__CAL_R1_K125,D1,125,CAL,R1,PC O-14:0_24:4,PC,0.0,,NOT_COMPUTED,False,False,False,[932]
D1__CAL_R1_K125,D1,125,CAL,R1,PC O-14:0_24:5,PC,0.0008139952883221932,,NOT_COMPUTED,False,False,False,[933]
D1__CAL_R1_K125,D1,125,CAL,R1,PC O-14:0_24:6,PC,0.012994249836609085,1.7548790886499054e-06,COMPUTED,True,True,True,[934]
D1__CAL_R1_K125,D1,125,CAL,R1,PC O-15:0_20:0,PC,0.0,,NOT_COMPUTED,False,False,False,"[1000, 1187]"
D1__CAL_R1_K125,D1,125,CAL,R1,PC O-15:0_20:1,PC,0.0,,NOT_COMPUTED,False,False,False,"[1001, 1188]"
D1__CAL_R1_K125,D1,125,CAL,R1,PC O-15:0_20:2,PC,2.988482321087216e-09,,NOT_COMPUTED,False,False,False,"[1002, 1189]"
D1__CAL_R1_K125,D1,125,CAL,R1,PC O-15:0_20:3,PC,1.599071014158782e-07,,NOT_COMPUTED,False,False,False,"[1003, 1190]"
D1__CAL_R1_K125,D1,125,CAL,R1,PC O-15:0_20:4,PC,1.1796149419886558e-06,,NOT_COMPUTED,False,False,False,[1191]
D1__CAL_R1_K125,D1,125,CAL,R1,PC O-15:0_20:5,PC,0.0,,NOT_COMPUTED,False,False,False,[1192]
D1__CAL_R1_K125,D1,125,CAL,R1,PC O-15:0_22:0,PC,0.0,,NOT_COMPUTED,False,False,False,"[1004, 1193]"
D1__CAL_R1_K125,D1,125,CAL,R1,PC O-15:0_22:1,PC,1.8812595085843257e-08,,NOT_COMPUTED,False,False,False,"[1005, 1194]"
D1__CAL_R1_K125,D1,125,CAL,R1,PC O-15:0_22:2,PC,2.526127994877342e-09,,NOT_COMPUTED,False,False,False,"[1006, 1195]"
D1__CAL_R1_K125,D1,125,CAL,R1,PC O-15:0_22:3,PC,3.753009183902044e-07,,NOT_COMPUTED,False,False,False,"[1007, 1196]"
D1__CAL_R1_K125,D1,125,CAL,R1,PC O-15:0_22:4,PC,5.171239728754276e-07,,NOT_COMPUTED,False,False,False,"[1008, 1197]"
D1__CAL_R1_K125,D1,125,CAL,R1,PC O-15:0_22:5,PC,3.0814083664036095e-07,,NOT_COMPUTED,False,False,False,"[1009, 1198]"
D1__CAL_R1_K125,D1,125,CAL,R1,PC O-15:0_22:6,PC,8.416806818181015e-08,,NOT_COMPUTED,False,False,False,"[1010, 1199]"
D1__CAL_R1_K125,D1,125,CAL,R1,PC O-16:0_18:0,PC,0.0040233399612455865,2.994935871512862e-07,COMPUTED,True,True,True,[1146]
D1__CAL_R1_K125,D1,125,CAL,R1,PC O-16:0_18:1,PC,5.556909738983207e-08,,NOT_COMPUTED,False,False,False,[1147]
D1__CAL_R1_K125,D1,125,CAL,R1,PC O-16:0_18:2,PC,0.004219673776324838,0.0,COMPUTED,True,False,False,[1148]
D1__CAL_R1_K125,D1,125,CAL,R1,PC O-16:0_18:3,PC,0.002304800738700406,7.600927051686675e-24,COMPUTED,True,False,False,[1149]
D1__CAL_R1_K125,D1,125,CAL,R1,PC O-16:0_20:0,PC,0.0,,NOT_COMPUTED,False,False,False,"[935, 1150]"
D1__CAL_R1_K125,D1,125,CAL,R1,PC O-16:0_20:1,PC,0.0,,NOT_COMPUTED,False,False,False,"[936, 1151]"
D1__CAL_R1_K125,D1,125,CAL,R1,PC O-16:0_20:2,PC,0.0,,NOT_COMPUTED,False,False,False,"[937, 1152]"
D1__CAL_R1_K125,D1,125,CAL,R1,PC O-16:0_20:3,PC,1.5631790281183275e-07,,NOT_COMPUTED,False,False,False,"[938, 1153]"
D1__CAL_R1_K125,D1,125,CAL,R1,PC O-16:0_20:4,PC,5.073651449178881e-07,,NOT_COMPUTED,False,False,False,"[939, 1154]"
D1__CAL_R1_K125,D1,125,CAL,R1,PC O-16:0_20:5,PC,0.0,,NOT_COMPUTED,False,False,False,"[940, 1155]"
D1__CAL_R1_K125,D1,125,CAL,R1,PC O-16:0_22:0,PC,0.0,,NOT_COMPUTED,False,False,False,[941]
D1__CAL_R1_K125,D1,125,CAL,R1,PC O-16:0_22:1,PC,0.0,,NOT_COMPUTED,False,False,False,[942]
D1__CAL_R1_K125,D1,125,CAL,R1,PC O-16:0_22:2,PC,3.642829902183141e-07,,NOT_COMPUTED,False,False,False,[943]
D1__CAL_R1_K125,D1,125,CAL,R1,PC O-16:0_22:3,PC,0.014633019220603173,8.798155071313462e-08,COMPUTED,True,True,True,[944]
D1__CAL_R1_K125,D1,125,CAL,R1,PC O-16:0_22:4,PC,5.6700454816074466e-08,,NOT_COMPUTED,False,False,False,[945]
D1__CAL_R1_K125,D1,125,CAL,R1,PC O-16:0_22:5,PC,0.022778737932651685,1.189966788439331e-06,COMPUTED,True,True,True,[946]
D1__CAL_R1_K125,D1,125,CAL,R1,PC O-16:0_22:6,PC,0.005189091708526272,2.4253633847187485e-22,COMPUTED,True,False,False,[947]
D1__CAL_R1_K125,D1,125,CAL,R1,PC O-16:1_18:0,PC,3.529690716596416e-08,,NOT_COMPUTED,False,False,False,[1156]
D1__CAL_R1_K125,D1,125,CAL,R1,PC O-16:1_18:1,PC,0.001132822637250473,8.938344639597372e-27,COMPUTED,True,False,False,[1157]
D1__CAL_R1_K125,D1,125,CAL,R1,PC O-16:1_18:2,PC,0.0013316490767713099,3.0640159419089472e-28,COMPUTED,True,False,False,[1158]
D1__CAL_R1_K125,D1,125,CAL,R1,PC O-16:1_20:0,PC,0.0,,NOT_COMPUTED,False,False,False,"[948, 1159]"
D1__CAL_R1_K125,D1,125,CAL,R1,PC O-16:1_20:1,PC,0.0,,NOT_COMPUTED,False,False,False,"[949, 1160]"
D1__CAL_R1_K125,D1,125,CAL,R1,PC O-16:1_20:2,PC,1.722403739691976e-05,,NOT_COMPUTED,False,False,False,"[950, 1161]"
D1__CAL_R1_K125,D1,125,CAL,R1,PC O-16:1_20:3,PC,0.00012394585278656544,,NOT_COMPUTED,False,False,False,"[951, 1162]"
D1__CAL_R1_K125,D1,125,CAL,R1,PC O-16:1_20:4,PC,0.00024113262463507554,,NOT_COMPUTED,False,False,False,"[952, 1163]"
D1__CAL_R1_K125,D1,125,CAL,R1,PC O-16:1_20:5,PC,0.00024057973142482255,,NOT_COMPUTED,False,False,False,"[953, 1164]"
D1__CAL_R1_K125,D1,125,CAL,R1,PC O-16:1_22:0,PC,0.0,,NOT_COMPUTED,False,False,False,[954]
D1__CAL_R1_K125,D1,125,CAL,R1,PC O-16:1_22:1,PC,0.0,,NOT_COMPUTED,False,False,False,[955]
D1__CAL_R1_K125,D1,125,CAL,R1,PC O-16:1_22:2,PC,0.012069269313641412,4.406987363639266e-28,COMPUTED,True,False,False,[956]
D1__CAL_R1_K125,D1,125,CAL,R1,PC O-16:1_22:3,PC,0.0,,NOT_COMPUTED,False,False,False,[957]
D1__CAL_R1_K125,D1,125,CAL,R1,PC O-16:1_22:4,PC,0.005868571036468887,5.333426359125253e-23,COMPUTED,True,False,False,[958]
D1__CAL_R1_K125,D1,125,CAL,R1,PC O-16:1_22:5,PC,0.02532743732728668,6.5602015453600105e-06,COMPUTED,True,True,True,[959]
D1__CAL_R1_K125,D1,125,CAL,R1,PC O-16:1_22:6,PC,8.587698512333974e-08,,NOT_COMPUTED,False,False,False,"[960, 1165]"
D1__CAL_R1_K125,D1,125,CAL,R1,PC O-17:0_17:0,PC,0.0003946196269835662,,NOT_COMPUTED,False,False,False,[1220]
D1__CAL_R1_K125,D1,125,CAL,R1,PC O-17:0_17:1,PC,4.277060695707532e-06,,NOT_COMPUTED,False,False,False,[1221]
D1__CAL_R1_K125,D1,125,CAL,R1,PC O-17:0_18:0,PC,0.00018560623399998605,,NOT_COMPUTED,False,False,False,"[1011, 1200]"
D1__CAL_R1_K125,D1,125,CAL,R1,PC O-17:0_18:1,PC,0.0,,NOT_COMPUTED,False,False,False,"[1012, 1201]"
D1__CAL_R1_K125,D1,125,CAL,R1,PC O-17:0_18:2,PC,0.0,,NOT_COMPUTED,False,False,False,"[1013, 1202]"
D1__CAL_R1_K125,D1,125,CAL,R1,PC O-17:0_18:3,PC,0.0,,NOT_COMPUTED,False,False,False,"[1014, 1203]"
D1__CAL_R1_K125,D1,125,CAL,R1,PC O-17:0_20:0,PC,0.0,,NOT_COMPUTED,False,False,False,"[1015, 1204]"
D1__CAL_R1_K125,D1,125,CAL,R1,PC O-17:0_20:1,PC,0.0,,NOT_COMPUTED,False,False,False,"[1016, 1205]"
D1__CAL_R1_K125,D1,125,CAL,R1,PC O-17:0_20:2,PC,6.025311719689288e-09,,NOT_COMPUTED,False,False,False,"[1017, 1206]"
D1__CAL_R1_K125,D1,125,CAL,R1,PC O-17:0_20:3,PC,4.936304414320106e-08,,NOT_COMPUTED,False,False,False,"[1018, 1207]"
D1__CAL_R1_K125,D1,125,CAL,R1,PC O-17:0_20:4,PC,1.6940216683620508e-07,,NOT_COMPUTED,False,False,False,"[1019, 1208]"
D1__CAL_R1_K125,D1,125,CAL,R1,PC O-17:0_20:5,PC,2.8476336196410967e-08,,NOT_COMPUTED,False,False,False,"[1020, 1209]"
D1__CAL_R1_K125,D1,125,CAL,R1,PC O-17:1_17:1,PC,0.021236686897931928,3.8642392076202566e-05,COMPUTED,True,True,True,[1222]
D1__CAL_R1_K125,D1,125,CAL,R1,PC O-17:1_18:0,PC,0.0002205585792625862,,NOT_COMPUTED,False,False,False,"[1021, 1210]"
D1__CAL_R1_K125,D1,125,CAL,R1,PC O-17:1_18:1,PC,0.0,,NOT_COMPUTED,False,False,False,"[1022, 1211]"
D1__CAL_R1_K125,D1,125,CAL,R1,PC O-17:1_18:2,PC,0.0,,NOT_COMPUTED,False,False,False,"[1023, 1212]"
D1__CAL_R1_K125,D1,125,CAL,R1,PC O-17:1_18:3,PC,9.788423835139308e-09,,NOT_COMPUTED,False,False,False,[1213]
D1__CAL_R1_K125,D1,125,CAL,R1,PC O-17:1_20:0,PC,0.0,,NOT_COMPUTED,False,False,False,"[1024, 1214]"
D1__CAL_R1_K125,D1,125,CAL,R1,PC O-17:1_20:1,PC,0.0,,NOT_COMPUTED,False,False,False,"[1025, 1215]"
D1__CAL_R1_K125,D1,125,CAL,R1,PC O-17:1_20:2,PC,0.0,,NOT_COMPUTED,False,False,False,"[1026, 1216]"
D1__CAL_R1_K125,D1,125,CAL,R1,PC O-17:1_20:3,PC,8.844530397845337e-09,,NOT_COMPUTED,False,False,False,"[1027, 1217]"
D1__CAL_R1_K125,D1,125,CAL,R1,PC O-17:1_20:4,PC,1.1860797807914529e-06,,NOT_COMPUTED,False,False,False,"[1028, 1218]"
D1__CAL_R1_K125,D1,125,CAL,R1,PC O-17:1_20:5,PC,6.033916620096415e-06,,NOT_COMPUTED,False,False,False,"[1029, 1219]"
D1__CAL_R1_K125,D1,125,CAL,R1,PC O-17:1_22:6,PC,0.0,,NOT_COMPUTED,False,False,False,[1030]
D1__CAL_R1_K125,D1,125,CAL,R1,PC O-18:0_18:0,PC,0.0,,NOT_COMPUTED,False,False,False,"[961, 1166]"
D1__CAL_R1_K125,D1,125,CAL,R1,PC O-18:0_18:1,PC,0.0,,NOT_COMPUTED,False,False,False,"[962, 1167]"
D1__CAL_R1_K125,D1,125,CAL,R1,PC O-18:0_18:2,PC,1.547326321258227e-07,,NOT_COMPUTED,False,False,False,"[963, 1168]"
D1__CAL_R1_K125,D1,125,CAL,R1,PC O-18:0_18:3,PC,6.850182989147737e-07,,NOT_COMPUTED,False,False,False,"[964, 1169]"
D1__CAL_R1_K125,D1,125,CAL,R1,PC O-18:0_20:0,PC,0.0,,NOT_COMPUTED,False,False,False,[965]
D1__CAL_R1_K125,D1,125,CAL,R1,PC O-18:0_20:1,PC,0.0,,NOT_COMPUTED,False,False,False,[966]
D1__CAL_R1_K125,D1,125,CAL,R1,PC O-18:0_20:2,PC,0.01470639514350606,2.2777075255318248e-06,COMPUTED,True,True,True,[967]
D1__CAL_R1_K125,D1,125,CAL,R1,PC O-18:0_20:3,PC,0.0021434537472175075,1.5491218354251357e-24,COMPUTED,True,False,False,[968]
D1__CAL_R1_K125,D1,125,CAL,R1,PC O-18:0_20:4,PC,1.0820001819153782e-08,,NOT_COMPUTED,False,False,False,[969]
D1__CAL_R1_K125,D1,125,CAL,R1,PC O-18:0_20:5,PC,0.00360897911295745,0.0,COMPUTED,True,False,False,[970]
D1__CAL_R1_K125,D1,125,CAL,R1,PC O-18:1_18:1,PC,0.0,,NOT_COMPUTED,False,False,False,"[971, 1170]"
D1__CAL_R1_K125,D1,125,CAL,R1,PC O-18:1_18:2,PC,1.7857023913458214e-07,,NOT_COMPUTED,False,False,False,"[972, 1171]"
D1__CAL_R1_K125,D1,125,CAL,R1,PC O-18:1_18:3,PC,1.6412936840253873e-07,,NOT_COMPUTED,False,False,False,"[973, 1172]"
D1__CAL_R1_K125,D1,125,CAL,R1,PC O-18:1_20:0,PC,0.0,,NOT_COMPUTED,False,False,False,[974]
D1__CAL_R1_K125,D1,125,CAL,R1,PC O-18:1_20:1,PC,0.020152851336332423,0.0,COMPUTED,True,False,False,[975]
D1__CAL_R1_K125,D1,125,CAL,R1,PC O-18:1_20:2,PC,0.001400452334100025,7.88918950778226e-24,COMPUTED,True,False,False,[976]
D1__CAL_R1_K125,D1,125,CAL,R1,PC O-18:1_20:3,PC,4.9469131528729027e-08,,NOT_COMPUTED,False,False,False,[977]
D1__CAL_R1_K125,D1,125,CAL,R1,PC O-18:1_20:4,PC,0.001729957542849218,0.0,COMPUTED,True,False,False,[978]
D1__CAL_R1_K125,D1,125,CAL,R1,PC O-18:1_20:5,PC,0.0003805757652717181,,NOT_COMPUTED,False,False,False,[979]
D1__CAL_R1_K125,D1,125,CAL,R1,PC O-18:2_18:2,PC,1.5320502192225048e-06,,NOT_COMPUTED,False,False,False,"[980, 1173]"
D1__CAL_R1_K125,D1,125,CAL,R1,PC O-18:2_18:3,PC,6.372730544369314e-07,,NOT_COMPUTED,False,False,False,"[981, 1174]"
D1__CAL_R1_K125,D1,125,CAL,R1,PC O-18:2_20:0,PC,2.418841273152385e-08,,NOT_COMPUTED,False,False,False,[982]
D1__CAL_R1_K125,D1,125,CAL,R1,PC O-18:2_20:1,PC,0.0033196332830659325,1.6222841235964597e-23,COMPUTED,True,False,False,[983]
D1__CAL_R1_K125,D1,125,CAL,R1,PC O-18:2_20:2,PC,8.266229480992204e-08,,NOT_COMPUTED,False,False,False,[984]
D1__CAL_R1_K125,D1,125,CAL,R1,PC O-18:2_20:3,PC,0.000451561575247614,,NOT_COMPUTED,False,False,False,[985]
D1__CAL_R1_K125,D1,125,CAL,R1,PC O-18:2_20:4,PC,0.0006367038440669696,,NOT_COMPUTED,False,False,False,[986]
D1__CAL_R1_K125,D1,125,CAL,R1,PC O-18:2_20:5,PC,0.0,,NOT_COMPUTED,False,False,False,"[987, 1175]"
D1__CAL_R1_K125,D1,125,CAL,R1,PC O-18:3_18:3,PC,0.00011243803009135815,,NOT_COMPUTED,False,False,False,"[988, 1176]"
D1__CAL_R1_K125,D1,125,CAL,R1,PC O-18:3_20:0,PC,0.00010142291010597874,,NOT_COMPUTED,False,False,False,[989]
D1__CAL_R1_K125,D1,125,CAL,R1,PC O-18:3_20:1,PC,0.0,,NOT_COMPUTED,False,False,False,[990]
D1__CAL_R1_K125,D1,125,CAL,R1,PC O-18:3_20:2,PC,1.232878194965098e-05,,NOT_COMPUTED,False,False,False,[991]
D1__CAL_R1_K125,D1,125,CAL,R1,PC O-18:3_20:3,PC,0.006106294208081081,1.451042149277917e-28,COMPUTED,True,False,False,[992]
D1__CAL_R1_K125,D1,125,CAL,R1,PC O-18:3_20:4,PC,1.207403690772257e-06,,NOT_COMPUTED,False,False,False,"[993, 1177]"
D1__CAL_R1_K125,D1,125,CAL,R1,PC O-18:3_20:5,PC,5.87332403147269e-06,,NOT_COMPUTED,False,False,False,"[994, 1178]"
D1__CAL_R1_K125,D1,125,CAL,R1,PE 16:0_24:0,PE,0.0010250144540541067,3.707941847426256e-26,COMPUTED,True,False,False,[233]
D1__CAL_R1_K125,D1,125,CAL,R1,PE 16:0_24:1,PE,0.00017966274915515385,,NOT_COMPUTED,False,False,False,[234]
D1__CAL_R1_K125,D1,125,CAL,R1,PE 17:0_24:4,PE,0.0013592910684716408,1.3218410642955185e-22,COMPUTED,True,False,False,[357]
D1__CAL_R1_K125,D1,125,CAL,R1,PE 17:1_24:4,PE,0.0012279398624284483,1.8613261410387033e-22,COMPUTED,True,False,False,[358]
D1__CAL_R1_K125,D1,125,CAL,R1,PE 18:0_22:0,PE,2.1518376781132268e-05,,NOT_COMPUTED,False,False,False,[236]
D1__CAL_R1_K125,D1,125,CAL,R1,PE 18:0_22:1,PE,0.0006659063753278848,,NOT_COMPUTED,False,False,False,[237]
D1__CAL_R1_K125,D1,125,CAL,R1,PE 18:0_24:0,PE,2.2888405611301628e-05,,NOT_COMPUTED,False,False,False,[238]
D1__CAL_R1_K125,D1,125,CAL,R1,PE 18:0_24:1,PE,1.3461942908746875e-06,,NOT_COMPUTED,False,False,False,[239]
D1__CAL_R1_K125,D1,125,CAL,R1,PE 18:0_24:2,PE,0.013152660527499605,3.414361311756133e-09,COMPUTED,True,True,True,[240]
D1__CAL_R1_K125,D1,125,CAL,R1,PE 18:0_24:3,PE,0.003978412773670996,5.708276288103874e-23,COMPUTED,True,False,False,[241]
D1__CAL_R1_K125,D1,125,CAL,R1,PE 18:0_24:4,PE,0.0014973383413300024,3.3641737349686946e-28,COMPUTED,True,False,False,[242]
D1__CAL_R1_K125,D1,125,CAL,R1,PE 18:0_24:5,PE,0.00026137797301368896,,NOT_COMPUTED,False,False,False,[243]
D1__CAL_R1_K125,D1,125,CAL,R1,PE 18:0_24:6,PE,0.0005437963180250532,,NOT_COMPUTED,False,False,False,[244]
D1__CAL_R1_K125,D1,125,CAL,R1,PE 18:1_24:1,PE,0.0004445212656476857,,NOT_COMPUTED,False,False,False,[247]
D1__CAL_R1_K125,D1,125,CAL,R1,PE 18:1_24:2,PE,0.01730150974357634,2.626989639220128e-06,COMPUTED,True,True,True,[248]
D1__CAL_R1_K125,D1,125,CAL,R1,PE 18:1_24:3,PE,0.012965883667923218,2.7706372571213654e-23,COMPUTED,True,False,False,[249]
D1__CAL_R1_K125,D1,125,CAL,R1,PE 18:1_24:4,PE,0.0016420089395373998,3.1557513537935897e-09,COMPUTED,True,True,True,[250]
D1__CAL_R1_K125,D1,125,CAL,R1,PE 18:1_24:5,PE,0.00037006340942256775,,NOT_COMPUTED,False,False,False,[251]
D1__CAL_R1_K125,D1,125,CAL,R1,PE 18:1_24:6,PE,0.0009862683953814127,,NOT_COMPUTED,False,False,False,[252]
D1__CAL_R1_K125,D1,125,CAL,R1,PE 18:2_24:2,PE,0.004803820663361334,5.3388646603638805e-24,COMPUTED,True,False,False,[255]
D1__CAL_R1_K125,D1,125,CAL,R1,PE 18:2_24:3,PE,0.01221193395612495,5.232751424345962e-09,COMPUTED,True,True,True,[256]
D1__CAL_R1_K125,D1,125,CAL,R1,PE 18:2_24:4,PE,0.0,,NOT_COMPUTED,False,False,False,[257]
D1__CAL_R1_K125,D1,125,CAL,R1,PE 18:2_24:5,PE,1.7525154155229954e-07,,NOT_COMPUTED,False,False,False,[258]
D1__CAL_R1_K125,D1,125,CAL,R1,PE 18:2_24:6,PE,1.056838425507564e-07,,NOT_COMPUTED,False,False,False,[259]
D1__CAL_R1_K125,D1,125,CAL,R1,PE 18:3_24:3,PE,0.009955228164018233,6.841739819237493e-07,COMPUTED,True,True,True,[263]
D1__CAL_R1_K125,D1,125,CAL,R1,PE 18:3_24:4,PE,0.012184330662472643,2.6460687677319324e-23,COMPUTED,True,False,False,[264]
D1__CAL_R1_K125,D1,125,CAL,R1,PE 18:3_24:5,PE,0.0013901011359800843,0.0,COMPUTED,True,False,False,[265]
D1__CAL_R1_K125,D1,125,CAL,R1,PE 18:3_24:6,PE,4.830022345852538e-05,,NOT_COMPUTED,False,False,False,[266]
D1__CAL_R1_K125,D1,125,CAL,R1,PE 20:0_20:0,PE,0.0,,NOT_COMPUTED,False,False,False,[267]
D1__CAL_R1_K125,D1,125,CAL,R1,PE 20:0_20:1,PE,0.0,,NOT_COMPUTED,False,False,False,[268]
D1__CAL_R1_K125,D1,125,CAL,R1,PE 20:0_22:0,PE,2.6795642340190563e-06,,NOT_COMPUTED,False,False,False,[269]
D1__CAL_R1_K125,D1,125,CAL,R1,PE 20:0_22:1,PE,0.0007517466231632237,,NOT_COMPUTED,False,False,False,[270]
D1__CAL_R1_K125,D1,125,CAL,R1,PE 20:0_22:2,PE,0.003330137577029412,4.293840991432462e-09,COMPUTED,True,True,True,[271]
D1__CAL_R1_K125,D1,125,CAL,R1,PE 20:0_22:3,PE,0.0008692895797922335,,NOT_COMPUTED,False,False,False,[272]
D1__CAL_R1_K125,D1,125,CAL,R1,PE 20:0_22:4,PE,0.0030295341484367073,3.337346287771767e-23,COMPUTED,True,False,False,[273]
D1__CAL_R1_K125,D1,125,CAL,R1,PE 20:0_22:5,PE,0.0020384064038754244,0.0,COMPUTED,True,False,False,[274]
D1__CAL_R1_K125,D1,125,CAL,R1,PE 20:0_22:6,PE,1.3171306291068546e-08,,NOT_COMPUTED,False,False,False,[275]
D1__CAL_R1_K125,D1,125,CAL,R1,PE 20:0_24:5,PE,0.0,,NOT_COMPUTED,False,False,False,[276]
D1__CAL_R1_K125,D1,125,CAL,R1,PE 20:0_24:6,PE,0.0,,NOT_COMPUTED,False,False,False,[277]
D1__CAL_R1_K125,D1,125,CAL,R1,PE 20:1_22:1,PE,0.0026068643799802204,2.805894827731991e-23,COMPUTED,True,False,False,[279]
D1__CAL_R1_K125,D1,125,CAL,R1,PE 20:1_22:2,PE,0.003691519491978196,1.6678594318531444e-27,COMPUTED,True,False,False,[280]
D1__CAL_R1_K125,D1,125,CAL,R1,PE 20:1_22:3,PE,0.003210346755986232,8.691096969169914e-09,COMPUTED,True,True,True,[281]
D1__CAL_R1_K125,D1,125,CAL,R1,PE 20:1_22:4,PE,0.0007599336232536972,,NOT_COMPUTED,False,False,False,[282]
D1__CAL_R1_K125,D1,125,CAL,R1,PE 20:1_22:5,PE,0.0018059017562890025,4.168186257922942e-28,COMPUTED,True,False,False,[283]
D1__CAL_R1_K125,D1,125,CAL,R1,PE 20:1_22:6,PE,0.0,,NOT_COMPUTED,False,False,False,[284]
D1__CAL_R1_K125,D1,125,CAL,R1,PE 20:1_24:4,PE,0.0,,NOT_COMPUTED,False,False,False,[285]
D1__CAL_R1_K125,D1,125,CAL,R1,PE 20:1_24:5,PE,0.0,,NOT_COMPUTED,False,False,False,[286]
D1__CAL_R1_K125,D1,125,CAL,R1,PE 20:1_24:6,PE,2.6020847748224767e-08,,NOT_COMPUTED,False,False,False,[287]
D1__CAL_R1_K125,D1,125,CAL,R1,PE 20:2_22:2,PE,0.0,,NOT_COMPUTED,False,False,False,[290]
D1__CAL_R1_K125,D1,125,CAL,R1,PE 20:2_22:3,PE,0.00015630397154871816,,NOT_COMPUTED,False,False,False,[291]
D1__CAL_R1_K125,D1,125,CAL,R1,PE 20:2_22:4,PE,1.217832023984383e-07,,NOT_COMPUTED,False,False,False,[292]
D1__CAL_R1_K125,D1,125,CAL,R1,PE 20:2_22:5,PE,0.0004697279689275708,,NOT_COMPUTED,False,False,False,[293]
D1__CAL_R1_K125,D1,125,CAL,R1,PE 20:2_22:6,PE,1.8007986733518542e-07,,NOT_COMPUTED,False,False,False,[294]
D1__CAL_R1_K125,D1,125,CAL,R1,PE 20:2_24:3,PE,0.0,,NOT_COMPUTED,False,False,False,[295]
D1__CAL_R1_K125,D1,125,CAL,R1,PE 20:2_24:4,PE,7.356609608122983e-08,,NOT_COMPUTED,False,False,False,[296]
D1__CAL_R1_K125,D1,125,CAL,R1,PE 20:2_24:5,PE,7.37022284652545e-05,,NOT_COMPUTED,False,False,False,[297]
D1__CAL_R1_K125,D1,125,CAL,R1,PE 20:2_24:6,PE,0.004074944725452569,1.1112379414670396e-22,COMPUTED,True,False,False,[298]
D1__CAL_R1_K125,D1,125,CAL,R1,PE 20:3_22:3,PE,0.01745341285567979,1.128200555907335e-22,COMPUTED,True,False,False,[302]
D1__CAL_R1_K125,D1,125,CAL,R1,PE 20:3_22:4,PE,0.002581950942358025,4.4604971503077686e-07,COMPUTED,True,True,True,[303]
D1__CAL_R1_K125,D1,125,CAL,R1,PE 20:3_22:5,PE,0.0028001128261164916,9.100864949805202e-25,COMPUTED,True,False,False,[304]
D1__CAL_R1_K125,D1,125,CAL,R1,PE 20:3_22:6,PE,0.0003277553591748122,,NOT_COMPUTED,False,False,False,[305]
D1__CAL_R1_K125,D1,125,CAL,R1,PE 20:3_24:3,PE,0.0039816200911131526,8.63215464192177e-25,COMPUTED,True,False,False,[307]
D1__CAL_R1_K125,D1,125,CAL,R1,PE 20:3_24:4,PE,0.00011501221945620057,,NOT_COMPUTED,False,True,True,[308]
D1__CAL_R1_K125,D1,125,CAL,R1,PE 20:3_24:5,PE,0.003610586674833934,1.9431704276095085e-28,COMPUTED,True,False,False,[309]
D1__CAL_R1_K125,D1,125,CAL,R1,PE 20:3_24:6,PE,0.0036000151893323343,6.353384149392011e-07,COMPUTED,True,True,True,[310]
D1__CAL_R1_K125,D1,125,CAL,R1,PE 20:4_22:4,PE,0.0007007948790298548,,NOT_COMPUTED,False,False,False,[315]
D1__CAL_R1_K125,D1,125,CAL,R1,PE 20:4_22:5,PE,0.010938708876676875,9.268668379646459e-24,COMPUTED,True,False,False,[316]
D1__CAL_R1_K125,D1,125,CAL,R1,PE 20:4_22:6,PE,0.01879654252052308,7.536434268408851e-05,COMPUTED,True,True,True,[317]
D1__CAL_R1_K125,D1,125,CAL,R1,PE 20:4_24:4,PE,0.0007111819575972744,,NOT_COMPUTED,False,False,False,[321]
D1__CAL_R1_K125,D1,125,CAL,R1,PE 20:4_24:5,PE,0.0005459621789239352,,NOT_COMPUTED,False,False,False,[322]
D1__CAL_R1_K125,D1,125,CAL,R1,PE 20:4_24:6,PE,0.016902469830618334,8.02179567338652e-06,COMPUTED,True,True,True,[323]
D1__CAL_R1_K125,D1,125,CAL,R1,PE 20:5_22:5,PE,0.028968662410444976,2.0491204313293307e-06,COMPUTED,True,True,True,[329]
D1__CAL_R1_K125,D1,125,CAL,R1,PE 20:5_22:6,PE,0.0003001599479159771,,NOT_COMPUTED,False,False,False,[330]
D1__CAL_R1_K125,D1,125,CAL,R1,PE 20:5_24:5,PE,0.0003238326739419114,,NOT_COMPUTED,False,False,False,[336]
D1__CAL_R1_K125,D1,125,CAL,R1,PE 20:5_24:6,PE,9.220700992454589e-05,,NOT_COMPUTED,False,False,False,[337]
D1__CAL_R1_K125,D1,125,CAL,R1,PE 22:0_18:1,PE,0.0,,NOT_COMPUTED,False,False,False,[245]
D1__CAL_R1_K125,D1,125,CAL,R1,PE 22:0_20:1,PE,0.007852863134486803,4.006326668709259e-08,COMPUTED,True,True,True,[278]
D1__CAL_R1_K125,D1,125,CAL,R1,PE 22:0_20:2,PE,1.0494469859281441e-05,,NOT_COMPUTED,False,False,False,[288]
D1__CAL_R1_K125,D1,125,CAL,R1,PE 22:0_20:3,PE,0.004828904234818926,0.0,COMPUTED,True,False,False,[299]
D1__CAL_R1_K125,D1,125,CAL,R1,PE 22:0_20:4,PE,0.020580025324412814,2.892342315377854e-06,COMPUTED,True,True,True,[311]
D1__CAL_R1_K125,D1,125,CAL,R1,PE 22:0_20:5,PE,0.0022870654700795114,3.751687298528703e-31,COMPUTED,True,False,False,[324]
D1__CAL_R1_K125,D1,125,CAL,R1,PE 22:0_22:5,PE,2.9816242501528e-05,,NOT_COMPUTED,False,False,False,[338]
D1__CAL_R1_K125,D1,125,CAL,R1,PE 22:0_22:6,PE,2.0788073857996042e-08,,NOT_COMPUTED,False,False,False,[339]
D1__CAL_R1_K125,D1,125,CAL,R1,PE 22:1_20:2,PE,1.6921444399658738e-05,,NOT_COMPUTED,False,True,True,[289]
D1__CAL_R1_K125,D1,125,CAL,R1,PE 22:1_20:3,PE,0.005445776789297908,4.2554506171653583e-08,COMPUTED,True,True,True,[300]
D1__CAL_R1_K125,D1,125,CAL,R1,PE 22:1_20:4,PE,0.0010847805414340248,3.662465022777444e-23,COMPUTED,True,False,False,[312]
D1__CAL_R1_K125,D1,125,CAL,R1,PE 22:1_20:5,PE,0.0027874398476568935,0.0,COMPUTED,True,False,False,[325]
D1__CAL_R1_K125,D1,125,CAL,R1,PE 22:1_22:4,PE,1.0033254180866382e-07,,NOT_COMPUTED,False,False,False,[340]
D1__CAL_R1_K125,D1,125,CAL,R1,PE 22:1_22:5,PE,5.396011003152607e-07,,NOT_COMPUTED,False,False,False,[341]
D1__CAL_R1_K125,D1,125,CAL,R1,PE 22:1_22:6,PE,0.0009927553435747393,,NOT_COMPUTED,False,False,False,[342]
D1__CAL_R1_K125,D1,125,CAL,R1,PE 22:2_20:3,PE,0.004178936521964198,0.0,COMPUTED,True,False,False,[301]
D1__CAL_R1_K125,D1,125,CAL,R1,PE 22:2_20:4,PE,0.0016807708975288482,5.593859508472426e-08,COMPUTED,True,True,True,[313]
D1__CAL_R1_K125,D1,125,CAL,R1,PE 22:2_20:5,PE,0.00029579614368610525,,NOT_COMPUTED,False,False,False,[326]
D1__CAL_R1_K125,D1,125,CAL,R1,PE 22:2_22:3,PE,0.0,,NOT_COMPUTED,False,False,False,[343]
D1__CAL_R1_K125,D1,125,CAL,R1,PE 22:2_22:4,PE,0.0,,NOT_COMPUTED,False,False,False,[344]
D1__CAL_R1_K125,D1,125,CAL,R1,PE 22:2_22:5,PE,0.0008943381556540416,,NOT_COMPUTED,False,False,False,[345]
D1__CAL_R1_K125,D1,125,CAL,R1,PE 22:2_22:6,PE,0.0013541111516871484,4.401385220801245e-23,COMPUTED,True,False,False,[346]
D1__CAL_R1_K125,D1,125,CAL,R1,PE 22:3_20:4,PE,0.0013972961853508349,0.0,COMPUTED,True,False,False,[314]
D1__CAL_R1_K125,D1,125,CAL,R1,PE 22:3_20:5,PE,5.089928451368616e-07,,NOT_COMPUTED,False,False,False,[327]
D1__CAL_R1_K125,D1,125,CAL,R1,PE 22:3_22:3,PE,0.0007806552117362219,,NOT_COMPUTED,False,False,False,[347]
D1__CAL_R1_K125,D1,125,CAL,R1,PE 22:3_22:4,PE,0.0005372899647625351,,NOT_COMPUTED,False,False,False,[348]
D1__CAL_R1_K125,D1,125,CAL,R1,PE 22:3_22:5,PE,0.015277279310425967,1.5238674924453623e-06,COMPUTED,True,True,True,[349]
D1__CAL_R1_K125,D1,125,CAL,R1,PE 22:3_22:6,PE,0.0011979064788674798,0.0,COMPUTED,True,False,False,[350]
D1__CAL_R1_K125,D1,125,CAL,R1,PE 22:4_20:5,PE,4.7780777506253024e-05,,NOT_COMPUTED,False,False,False,[328]
D1__CAL_R1_K125,D1,125,CAL,R1,PE 22:4_22:4,PE,0.0030300479664050707,4.740583672725455e-25,COMPUTED,True,False,False,[351]
D1__CAL_R1_K125,D1,125,CAL,R1,PE 22:4_22:5,PE,0.0027061792480054885,4.131806464672809e-28,COMPUTED,True,False,False,[352]
D1__CAL_R1_K125,D1,125,CAL,R1,PE 22:4_22:6,PE,0.0010746202747574766,4.551536893162822e-27,COMPUTED,True,False,False,[353]
D1__CAL_R1_K125,D1,125,CAL,R1,PE 22:5_22:5,PE,0.013475253522377937,1.032137827871981e-05,COMPUTED,True,True,True,[354]
D1__CAL_R1_K125,D1,125,CAL,R1,PE 22:5_22:6,PE,0.0010087998766702458,5.998192297630738e-24,COMPUTED,True,False,False,[355]
D1__CAL_R1_K125,D1,125,CAL,R1,PE 22:6_22:6,PE,0.0035025284076257144,3.46988413504228e-29,COMPUTED,True,False,False,[356]
D1__CAL_R1_K125,D1,125,CAL,R1,PE 24:0_16:1,PE,1.259237760595129e-05,,NOT_COMPUTED,False,False,False,[235]
D1__CAL_R1_K125,D1,125,CAL,R1,PE 24:0_18:1,PE,0.000808591741735069,,NOT_COMPUTED,False,False,False,[246]
D1__CAL_R1_K125,D1,125,CAL,R1,PE 24:0_18:2,PE,0.0013036966273419544,1.984024126463914e-24,COMPUTED,True,False,False,[253]
D1__CAL_R1_K125,D1,125,CAL,R1,PE 24:0_18:3,PE,4.2913453288705886e-07,,NOT_COMPUTED,False,False,False,[260]
D1__CAL_R1_K125,D1,125,CAL,R1,PE 24:0_20:5,PE,5.7722450055635027e-08,,NOT_COMPUTED,False,False,False,[331]
D1__CAL_R1_K125,D1,125,CAL,R1,PE 24:1_18:2,PE,0.0,,NOT_COMPUTED,False,False,False,[254]
D1__CAL_R1_K125,D1,125,CAL,R1,PE 24:1_18:3,PE,0.007791926471390831,0.0,COMPUTED,True,False,False,[261]
D1__CAL_R1_K125,D1,125,CAL,R1,PE 24:1_20:4,PE,1.5389767480189544e-06,,NOT_COMPUTED,False,False,False,[318]
D1__CAL_R1_K125,D1,125,CAL,R1,PE 24:1_20:5,PE,5.713972142660732e-07,,NOT_COMPUTED,False,False,False,[332]
D1__CAL_R1_K125,D1,125,CAL,R1,PE 24:2_18:3,PE,0.002949780562536123,2.0732337646240897e-07,COMPUTED,True,True,True,[262]
D1__CAL_R1_K125,D1,125,CAL,R1,PE 24:2_20:3,PE,1.3445327002770217e-06,,NOT_COMPUTED,False,False,False,[306]
D1__CAL_R1_K125,D1,125,CAL,R1,PE 24:2_20:4,PE,1.7770888465297005e-07,,NOT_COMPUTED,False,False,False,[319]
D1__CAL_R1_K125,D1,125,CAL,R1,PE 24:2_20:5,PE,0.002296410930359809,0.0,COMPUTED,True,False,False,[333]
D1__CAL_R1_K125,D1,125,CAL,R1,PE 24:3_20:4,PE,0.0006076967426949992,,NOT_COMPUTED,False,False,False,[320]
D1__CAL_R1_K125,D1,125,CAL,R1,PE 24:3_20:5,PE,0.008727224888178354,5.971741698273934e-24,COMPUTED,True,False,False,[334]
D1__CAL_R1_K125,D1,125,CAL,R1,PE 24:4_20:5,PE,0.002193056659796371,6.159583734507548e-28,COMPUTED,True,False,False,[335]
D1__CAL_R1_K125,D1,125,CAL,R1,PE O-18:0_24:0,PE,0.0029480918985892897,0.0,COMPUTED,True,False,False,[359]
D1__CAL_R1_K125,D1,125,CAL,R1,PE O-18:0_24:1,PE,0.0019946341649712943,2.6629292281968425e-30,COMPUTED,True,False,False,[360]
D1__CAL_R1_K125,D1,125,CAL,R1,PE O-18:0_24:2,PE,0.02475740832793253,1.043404886804072e-06,COMPUTED,True,True,True,[361]
D1__CAL_R1_K125,D1,125,CAL,R1,PE O-18:0_24:3,PE,0.0022687756163180532,3.706153422061534e-30,COMPUTED,True,False,False,[362]
D1__CAL_R1_K125,D1,125,CAL,R1,PE O-18:0_24:4,PE,0.0037425506452524668,2.3811235299772162e-23,COMPUTED,True,False,False,[363]
D1__CAL_R1_K125,D1,125,CAL,R1,PE O-18:0_24:5,PE,0.00035216895378731755,,NOT_COMPUTED,False,False,False,[364]
D1__CAL_R1_K125,D1,125,CAL,R1,PE O-18:0_24:6,PE,0.007299515963914936,1.0422135124725706e-07,COMPUTED,True,True,True,[365]
D1__CAL_R1_K125,D1,125,CAL,R1,PE O-18:1_24:0,PE,9.077507622241191e-05,,NOT_COMPUTED,False,False,False,[366]
D1__CAL_R1_K125,D1,125,CAL,R1,PE O-18:1_24:1,PE,0.001683653214371851,1.9272830377004866e-24,COMPUTED,True,False,False,[367]
D1__CAL_R1_K125,D1,125,CAL,R1,PE O-18:1_24:2,PE,0.015607984372354488,0.0,COMPUTED,True,False,False,[368]
D1__CAL_R1_K125,D1,125,CAL,R1,PE O-18:1_24:3,PE,0.010262206668670358,9.407227479845378e-08,COMPUTED,True,True,True,[369]
D1__CAL_R1_K125,D1,125,CAL,R1,PE O-18:1_24:4,PE,0.0024356140524427897,0.0,COMPUTED,True,False,False,[370]
D1__CAL_R1_K125,D1,125,CAL,R1,PE O-18:1_24:5,PE,0.0012385052376573133,1.7265550484939405e-28,COMPUTED,True,False,False,[371]
D1__CAL_R1_K125,D1,125,CAL,R1,PE O-18:1_24:6,PE,0.0018620430244639706,7.452721327428994e-29,COMPUTED,True,False,False,[372]
D1__CAL_R1_K125,D1,125,CAL,R1,PE O-18:2_24:0,PE,1.1094041296182771e-09,,NOT_COMPUTED,False,False,False,[373]
D1__CAL_R1_K125,D1,125,CAL,R1,PE O-18:2_24:1,PE,0.005919617362817174,7.21126012006217e-24,COMPUTED,True,False,False,[374]
D1__CAL_R1_K125,D1,125,CAL,R1,PE O-18:2_24:2,PE,0.0006283968131948721,,NOT_COMPUTED,False,False,False,[375]
D1__CAL_R1_K125,D1,125,CAL,R1,PE O-18:2_24:3,PE,0.014343731983334424,8.64249279085904e-08,COMPUTED,True,True,True,[376]
D1__CAL_R1_K125,D1,125,CAL,R1,PE O-18:2_24:4,PE,0.0022043565686260484,3.9269678271325076e-26,COMPUTED,True,False,False,[377]
D1__CAL_R1_K125,D1,125,CAL,R1,PE O-18:2_24:5,PE,0.001090044594048663,0.0,COMPUTED,True,False,False,[378]
D1__CAL_R1_K125,D1,125,CAL,R1,PE O-18:2_24:6,PE,0.00457896751657798,0.0,COMPUTED,True,False,False,[379]
D1__CAL_R1_K125,D1,125,CAL,R1,PE O-18:3_24:0,PE,5.665555794349372e-07,,NOT_COMPUTED,False,False,False,[380]
D1__CAL_R1_K125,D1,125,CAL,R1,PE O-18:3_24:1,PE,0.00040644450896421366,,NOT_COMPUTED,False,False,False,[381]
D1__CAL_R1_K125,D1,125,CAL,R1,PE O-18:3_24:2,PE,0.00012184661627764922,,NOT_COMPUTED,False,False,False,[382]
D1__CAL_R1_K125,D1,125,CAL,R1,PE O-18:3_24:3,PE,0.000143540498294043,,NOT_COMPUTED,False,False,False,[383]
D1__CAL_R1_K125,D1,125,CAL,R1,PE O-18:3_24:4,PE,0.0019457245357040749,0.0,COMPUTED,True,False,False,[384]
D1__CAL_R1_K125,D1,125,CAL,R1,PE O-18:3_24:5,PE,1.4065317829006362e-07,,NOT_COMPUTED,False,False,False,[385]
D1__CAL_R1_K125,D1,125,CAL,R1,PE O-20:0_22:0,PE,6.231547692634424e-06,,NOT_COMPUTED,False,False,False,[386]
D1__CAL_R1_K125,D1,125,CAL,R1,PE O-20:0_22:1,PE,0.00014954119444461159,,NOT_COMPUTED,False,False,False,[387]
D1__CAL_R1_K125,D1,125,CAL,R1,PE O-20:0_22:2,PE,0.00033412693930448046,,NOT_COMPUTED,False,True,True,[388]
D1__CAL_R1_K125,D1,125,CAL,R1,PE O-20:0_22:3,PE,7.686183818263368e-08,,NOT_COMPUTED,False,False,False,[389]
D1__CAL_R1_K125,D1,125,CAL,R1,PE O-20:0_22:4,PE,0.0019867298993274806,3.307608900998318e-25,COMPUTED,True,False,False,[390]
D1__CAL_R1_K125,D1,125,CAL,R1,PE O-20:0_22:5,PE,0.00024542783572531625,,NOT_COMPUTED,False,False,False,[391]
D1__CAL_R1_K125,D1,125,CAL,R1,PE O-20:0_22:6,PE,0.001892742763772578,8.784563053261272e-27,COMPUTED,True,False,False,[392]
D1__CAL_R1_K125,D1,125,CAL,R1,PE O-20:0_24:0,PE,0.0,,NOT_COMPUTED,False,False,False,[393]
D1__CAL_R1_K125,D1,125,CAL,R1,PE O-20:0_24:1,PE,0.007975786139678013,2.951173076099631e-07,COMPUTED,True,True,True,[394]
D1__CAL_R1_K125,D1,125,CAL,R1,PE O-20:0_24:2,PE,6.608446698797888e-07,,NOT_COMPUTED,False,False,False,[395]
D1__CAL_R1_K125,D1,125,CAL,R1,PE O-20:0_24:3,PE,0.0,,NOT_COMPUTED,False,False,False,[396]
D1__CAL_R1_K125,D1,125,CAL,R1,PE O-20:0_24:4,PE,0.002664192193232597,0.0,COMPUTED,True,False,False,[397]
D1__CAL_R1_K125,D1,125,CAL,R1,PE O-20:0_24:5,PE,0.00011115129912900925,,NOT_COMPUTED,False,False,False,[398]
D1__CAL_R1_K125,D1,125,CAL,R1,PE O-20:0_24:6,PE,0.000473542470819614,,NOT_COMPUTED,False,False,False,[399]
D1__CAL_R1_K125,D1,125,CAL,R1,PE O-20:1_22:0,PE,0.000662133675617687,,NOT_COMPUTED,False,False,False,[400]
D1__CAL_R1_K125,D1,125,CAL,R1,PE O-20:1_22:1,PE,0.003457479429240214,0.0,COMPUTED,True,False,False,[401]
D1__CAL_R1_K125,D1,125,CAL,R1,PE O-20:1_22:2,PE,0.0,,NOT_COMPUTED,False,False,False,[402]
D1__CAL_R1_K125,D1,125,CAL,R1,PE O-20:1_22:3,PE,0.005749770654111343,7.0413794937308e-09,COMPUTED,True,True,True,[403]
D1__CAL_R1_K125,D1,125,CAL,R1,PE O-20:1_22:4,PE,1.2052585517561495e-07,,NOT_COMPUTED,False,False,False,[404]
D1__CAL_R1_K125,D1,125,CAL,R1,PE O-20:1_22:5,PE,0.001602338591868239,4.982374208373424e-28,COMPUTED,True,False,False,[405]
D1__CAL_R1_K125,D1,125,CAL,R1,PE O-20:1_22:6,PE,0.0008292097790718271,,NOT_COMPUTED,False,False,False,[406]
D1__CAL_R1_K125,D1,125,CAL,R1,PE O-20:1_24:0,PE,0.00045394585598426,,NOT_COMPUTED,False,False,False,[407]
D1__CAL_R1_K125,D1,125,CAL,R1,PE O-20:1_24:1,PE,0.00037004583991782734,,NOT_COMPUTED,False,False,False,[408]
D1__CAL_R1_K125,D1,125,CAL,R1,PE O-20:1_24:2,PE,0.0,,NOT_COMPUTED,False,False,False,[409]
D1__CAL_R1_K125,D1,125,CAL,R1,PE O-20:1_24:3,PE,0.006602290295632318,3.67631346076131e-23,COMPUTED,True,False,False,[410]
D1__CAL_R1_K125,D1,125,CAL,R1,PE O-20:1_24:4,PE,0.000605418246278906,,NOT_COMPUTED,False,False,False,[411]
D1__CAL_R1_K125,D1,125,CAL,R1,PE O-20:1_24:5,PE,0.0016430654383384506,0.0,COMPUTED,True,False,False,[412]
D1__CAL_R1_K125,D1,125,CAL,R1,PE O-20:1_24:6,PE,8.135901652537618e-09,,NOT_COMPUTED,False,False,False,[413]
D1__CAL_R1_K125,D1,125,CAL,R1,PE O-20:2_22:0,PE,0.0,,NOT_COMPUTED,False,False,False,[414]
D1__CAL_R1_K125,D1,125,CAL,R1,PE O-20:2_22:1,PE,0.0036252523390221873,2.9023884209218485e-28,COMPUTED,True,False,False,[415]
D1__CAL_R1_K125,D1,125,CAL,R1,PE O-20:2_22:2,PE,0.0,,NOT_COMPUTED,False,False,False,[416]
D1__CAL_R1_K125,D1,125,CAL,R1,PE O-20:2_22:3,PE,0.0006625802360380199,,NOT_COMPUTED,False,False,False,[417]
D1__CAL_R1_K125,D1,125,CAL,R1,PE O-20:2_22:4,PE,0.0008022703339917634,,NOT_COMPUTED,False,False,False,[418]
D1__CAL_R1_K125,D1,125,CAL,R1,PE O-20:2_22:5,PE,0.0009557508293361364,,NOT_COMPUTED,False,False,False,[419]
D1__CAL_R1_K125,D1,125,CAL,R1,PE O-20:2_22:6,PE,8.875500815363114e-05,,NOT_COMPUTED,False,False,False,[420]
D1__CAL_R1_K125,D1,125,CAL,R1,PE O-20:2_24:0,PE,6.597734926216533e-05,,NOT_COMPUTED,False,False,False,[421]
D1__CAL_R1_K125,D1,125,CAL,R1,PE O-20:2_24:1,PE,0.0,,NOT_COMPUTED,False,True,True,[422]
D1__CAL_R1_K125,D1,125,CAL,R1,PE O-20:2_24:2,PE,0.0009131914695482702,,NOT_COMPUTED,False,False,False,[423]
D1__CAL_R1_K125,D1,125,CAL,R1,PE O-20:2_24:3,PE,3.978725322049123e-07,,NOT_COMPUTED,False,False,False,[424]
D1__CAL_R1_K125,D1,125,CAL,R1,PE O-20:2_24:4,PE,0.0023752599665630204,0.0,COMPUTED,True,False,False,[425]
D1__CAL_R1_K125,D1,125,CAL,R1,PE O-20:2_24:5,PE,2.3203928980915012e-05,,NOT_COMPUTED,False,False,False,[426]
D1__CAL_R1_K125,D1,125,CAL,R1,PE O-20:2_24:6,PE,8.073655740750228e-06,,NOT_COMPUTED,False,False,False,[427]
D1__CAL_R1_K125,D1,125,CAL,R1,PE O-20:3_22:0,PE,0.0,,NOT_COMPUTED,False,False,False,[428]
D1__CAL_R1_K125,D1,125,CAL,R1,PE O-20:3_22:1,PE,0.006426584206609904,1.2808058984917156e-08,COMPUTED,True,True,True,[429]
D1__CAL_R1_K125,D1,125,CAL,R1,PE O-20:3_22:2,PE,0.0035129444078995245,0.0,COMPUTED,True,False,False,[430]
D1__CAL_R1_K125,D1,125,CAL,R1,PE O-20:3_22:3,PE,0.0023341601356014884,5.671881096462522e-23,COMPUTED,True,False,False,[431]
D1__CAL_R1_K125,D1,125,CAL,R1,PE O-20:3_22:4,PE,0.0027282349321734725,9.412621019522348e-29,COMPUTED,True,False,False,[432]
D1__CAL_R1_K125,D1,125,CAL,R1,PE O-20:3_22:5,PE,8.715986294670531e-05,,NOT_COMPUTED,False,False,False,[433]
D1__CAL_R1_K125,D1,125,CAL,R1,PE O-20:3_24:0,PE,0.0,,NOT_COMPUTED,False,False,False,[434]
D1__CAL_R1_K125,D1,125,CAL,R1,PE O-20:3_24:1,PE,0.00040922203947967365,,NOT_COMPUTED,False,False,False,[435]
D1__CAL_R1_K125,D1,125,CAL,R1,PE O-20:3_24:2,PE,0.014532664828185382,4.32934982620037e-23,COMPUTED,True,False,False,[436]
D1__CAL_R1_K125,D1,125,CAL,R1,PE O-20:3_24:3,PE,0.0063860816894966334,5.111376090179221e-25,COMPUTED,True,False,False,[437]
D1__CAL_R1_K125,D1,125,CAL,R1,PE O-20:3_24:4,PE,6.190841600713654e-05,,NOT_COMPUTED,False,False,False,[438]
D1__CAL_R1_K125,D1,125,CAL,R1,PE O-20:3_24:5,PE,2.459223706785929e-13,,NOT_COMPUTED,False,False,False,[439]
D1__CAL_R1_K125,D1,125,CAL,R1,PE O-20:3_24:6,PE,0.0011553437389099316,4.937865900107204e-28,COMPUTED,True,False,False,[440]
D1__CAL_R1_K125,D1,125,CAL,R1,PE O-20:4_22:0,PE,0.0018375067327545303,2.9265653042356503e-28,COMPUTED,True,False,False,[441]
D1__CAL_R1_K125,D1,125,CAL,R1,PE O-20:4_22:1,PE,0.0014215367183475268,6.396534008544147e-23,COMPUTED,True,False,False,[442]
D1__CAL_R1_K125,D1,125,CAL,R1,PE O-20:4_22:2,PE,0.002256302150755612,2.4108122467897034e-23,COMPUTED,True,False,False,[443]
D1__CAL_R1_K125,D1,125,CAL,R1,PE O-20:4_22:3,PE,0.00017323858304993297,,NOT_COMPUTED,False,False,False,[444]
D1__CAL_R1_K125,D1,125,CAL,R1,PE O-20:4_22:4,PE,0.001956649643974831,3.930565848858935e-23,COMPUTED,True,False,False,[445]
D1__CAL_R1_K125,D1,125,CAL,R1,PE O-20:4_24:0,PE,0.00010260330497433763,,NOT_COMPUTED,False,False,False,[446]
D1__CAL_R1_K125,D1,125,CAL,R1,PE O-20:4_24:1,PE,0.0011465797225129106,0.0,COMPUTED,True,False,False,[447]
D1__CAL_R1_K125,D1,125,CAL,R1,PE O-20:4_24:2,PE,0.00019931642741819394,,NOT_COMPUTED,False,False,False,[448]
D1__CAL_R1_K125,D1,125,CAL,R1,PE O-20:4_24:3,PE,0.011018690481172025,2.6109694011419e-10,COMPUTED,True,True,True,[449]
D1__CAL_R1_K125,D1,125,CAL,R1,PE O-20:4_24:4,PE,2.8605506726309632e-08,,NOT_COMPUTED,False,False,False,[450]
D1__CAL_R1_K125,D1,125,CAL,R1,PE O-20:4_24:5,PE,0.0011287505502553979,1.3715465671356362e-08,COMPUTED,True,True,True,[451]
D1__CAL_R1_K125,D1,125,CAL,R1,PE O-20:4_24:6,PE,0.004391328519777032,4.1907893079926185e-28,COMPUTED,True,False,False,[452]
D1__CAL_R1_K125,D1,125,CAL,R1,PE O-20:5_22:0,PE,0.0,,NOT_COMPUTED,False,False,False,[453]
D1__CAL_R1_K125,D1,125,CAL,R1,PE O-20:5_22:1,PE,0.004532745448687917,0.0,COMPUTED,True,False,False,[454]
D1__CAL_R1_K125,D1,125,CAL,R1,PE O-20:5_22:2,PE,0.0015330689013446927,0.0,COMPUTED,True,False,False,[455]
D1__CAL_R1_K125,D1,125,CAL,R1,PE O-20:5_22:3,PE,0.00016286945387905015,,NOT_COMPUTED,False,False,False,[456]
D1__CAL_R1_K125,D1,125,CAL,R1,PE O-20:5_24:0,PE,3.360214481276502e-05,,NOT_COMPUTED,False,False,False,[457]
D1__CAL_R1_K125,D1,125,CAL,R1,PE O-20:5_24:1,PE,0.0010169527912019722,4.543841583561435e-28,COMPUTED,True,False,False,[458]
D1__CAL_R1_K125,D1,125,CAL,R1,PE O-20:5_24:2,PE,0.0008077503279339046,,NOT_COMPUTED,False,False,False,[459]
D1__CAL_R1_K125,D1,125,CAL,R1,PE O-20:5_24:3,PE,0.0004946966506347188,,NOT_COMPUTED,False,False,False,[460]
D1__CAL_R1_K125,D1,125,CAL,R1,PE O-20:5_24:4,PE,1.2751787323006815e-06,,NOT_COMPUTED,False,False,False,[461]
D1__CAL_R1_K125,D1,125,CAL,R1,PE O-20:5_24:5,PE,0.0008716544813256726,,NOT_COMPUTED,False,False,False,[462]
D1__CAL_R1_K125,D1,125,CAL,R1,PE O-20:5_24:6,PE,9.761058371403673e-07,,NOT_COMPUTED,False,False,False,[463]
D1__CAL_R1_K125,D1,125,CAL,R1,PE O-22:0_20:0,PE,0.0,,NOT_COMPUTED,False,False,False,[464]
D1__CAL_R1_K125,D1,125,CAL,R1,PE O-22:0_20:1,PE,0.0,,NOT_COMPUTED,False,False,False,[465]
D1__CAL_R1_K125,D1,125,CAL,R1,PE O-22:0_20:2,PE,0.0005610704868026029,,NOT_COMPUTED,False,False,False,[466]
D1__CAL_R1_K125,D1,125,CAL,R1,PE O-22:0_20:3,PE,5.525868593500428e-08,,NOT_COMPUTED,False,False,False,[467]
D1__CAL_R1_K125,D1,125,CAL,R1,PE O-22:0_20:4,PE,0.00017277343513662796,,NOT_COMPUTED,False,False,False,[468]
D1__CAL_R1_K125,D1,125,CAL,R1,PE O-22:0_20:5,PE,0.0005538835224085986,,NOT_COMPUTED,False,False,False,[469]
D1__CAL_R1_K125,D1,125,CAL,R1,PE O-22:0_22:0,PE,9.503563033139182e-07,,NOT_COMPUTED,False,False,False,[470]
D1__CAL_R1_K125,D1,125,CAL,R1,PE O-22:0_22:1,PE,0.00019509753468862463,,NOT_COMPUTED,False,False,False,[471]
D1__CAL_R1_K125,D1,125,CAL,R1,PE O-22:0_22:2,PE,0.0,,NOT_COMPUTED,False,False,False,[472]
D1__CAL_R1_K125,D1,125,CAL,R1,PE O-22:0_22:3,PE,1.3159419791998192e-07,,NOT_COMPUTED,False,False,False,[473]
D1__CAL_R1_K125,D1,125,CAL,R1,PE O-22:0_22:4,PE,0.0021008311003335974,0.0,COMPUTED,True,False,False,[474]
D1__CAL_R1_K125,D1,125,CAL,R1,PE O-22:0_22:5,PE,0.0003117402185078161,,NOT_COMPUTED,False,False,False,[475]
D1__CAL_R1_K125,D1,125,CAL,R1,PE O-22:0_22:6,PE,1.9935872684511457e-06,,NOT_COMPUTED,False,False,False,[476]
D1__CAL_R1_K125,D1,125,CAL,R1,PE O-22:1_20:0,PE,0.0,,NOT_COMPUTED,False,False,False,[477]
D1__CAL_R1_K125,D1,125,CAL,R1,PE O-22:1_20:1,PE,0.0,,NOT_COMPUTED,False,False,False,[478]
D1__CAL_R1_K125,D1,125,CAL,R1,PE O-22:1_20:2,PE,0.0,,NOT_COMPUTED,False,False,False,[479]
D1__CAL_R1_K125,D1,125,CAL,R1,PE O-22:1_20:3,PE,0.0,,NOT_COMPUTED,False,False,False,[480]
D1__CAL_R1_K125,D1,125,CAL,R1,PE O-22:1_20:4,PE,5.06703318768785e-07,,NOT_COMPUTED,False,False,False,[481]
D1__CAL_R1_K125,D1,125,CAL,R1,PE O-22:1_20:5,PE,0.0002813223183459015,,NOT_COMPUTED,False,False,False,[482]
D1__CAL_R1_K125,D1,125,CAL,R1,PE O-22:1_22:0,PE,0.0,,NOT_COMPUTED,False,False,False,[483]
D1__CAL_R1_K125,D1,125,CAL,R1,PE O-22:1_22:1,PE,1.1423156606893787e-07,,NOT_COMPUTED,False,False,False,[484]
D1__CAL_R1_K125,D1,125,CAL,R1,PE O-22:1_22:2,PE,0.0,,NOT_COMPUTED,False,False,False,[485]
D1__CAL_R1_K125,D1,125,CAL,R1,PE O-22:1_22:3,PE,0.0008498812846107381,,NOT_COMPUTED,False,False,False,[486]
D1__CAL_R1_K125,D1,125,CAL,R1,PE O-22:1_22:4,PE,2.0548330480323984e-07,,NOT_COMPUTED,False,False,False,[487]
D1__CAL_R1_K125,D1,125,CAL,R1,PE O-22:1_22:5,PE,0.000497898743801484,,NOT_COMPUTED,False,False,False,[488]
D1__CAL_R1_K125,D1,125,CAL,R1,PE O-22:1_22:6,PE,2.9691736436467595e-05,,NOT_COMPUTED,False,False,False,[489]
D1__CAL_R1_K125,D1,125,CAL,R1,PE O-22:2_20:0,PE,1.4465651967399663e-07,,NOT_COMPUTED,False,False,False,[490]
D1__CAL_R1_K125,D1,125,CAL,R1,PE O-22:2_20:1,PE,0.0013244467433882073,0.0,COMPUTED,True,False,False,[491]
D1__CAL_R1_K125,D1,125,CAL,R1,PE O-22:2_20:2,PE,0.0006419491616470594,,NOT_COMPUTED,False,False,False,[492]
D1__CAL_R1_K125,D1,125,CAL,R1,PE O-22:2_20:3,PE,0.0004137066298848905,,NOT_COMPUTED,False,False,False,[493]
D1__CAL_R1_K125,D1,125,CAL,R1,PE O-22:2_20:4,PE,0.001935235957811583,1.1400905465777055e-28,COMPUTED,True,False,False,[494]
D1__CAL_R1_K125,D1,125,CAL,R1,PE O-22:2_20:5,PE,0.0,,NOT_COMPUTED,False,False,False,[495]
D1__CAL_R1_K125,D1,125,CAL,R1,PE O-22:2_22:0,PE,4.848880630590327e-06,,NOT_COMPUTED,False,False,False,[496]
D1__CAL_R1_K125,D1,125,CAL,R1,PE O-22:2_22:1,PE,0.0002882688940059733,,NOT_COMPUTED,False,False,False,[497]
D1__CAL_R1_K125,D1,125,CAL,R1,PE O-22:2_22:2,PE,0.0026097644591808384,1.6927262537177894e-22,COMPUTED,True,False,False,[498]
D1__CAL_R1_K125,D1,125,CAL,R1,PE O-22:2_22:3,PE,3.358071578293204e-07,,NOT_COMPUTED,False,False,False,[499]
D1__CAL_R1_K125,D1,125,CAL,R1,PE O-22:2_22:4,PE,0.005946522166811728,0.0,COMPUTED,True,False,False,[500]
D1__CAL_R1_K125,D1,125,CAL,R1,PE O-22:2_22:5,PE,0.0011549641975148479,0.0,COMPUTED,True,False,False,[501]
D1__CAL_R1_K125,D1,125,CAL,R1,PE O-22:2_22:6,PE,0.0037547875601905553,2.3010373179327294e-09,COMPUTED,True,True,True,[502]
D1__CAL_R1_K125,D1,125,CAL,R1,PE O-22:3_20:0,PE,0.0,,NOT_COMPUTED,False,False,False,[503]
D1__CAL_R1_K125,D1,125,CAL,R1,PE O-22:3_20:1,PE,0.002731149823515932,3.91384942415105e-23,COMPUTED,True,False,False,[504]
D1__CAL_R1_K125,D1,125,CAL,R1,PE O-22:3_20:2,PE,2.0904817528842805e-05,,NOT_COMPUTED,False,False,False,[505]
D1__CAL_R1_K125,D1,125,CAL,R1,PE O-22:3_20:3,PE,0.022379048884182587,2.0043059291392654e-22,COMPUTED,True,False,False,[506]
D1__CAL_R1_K125,D1,125,CAL,R1,PE O-22:3_20:4,PE,0.002113114766069297,2.1166603455148755e-09,COMPUTED,True,True,True,[507]
D1__CAL_R1_K125,D1,125,CAL,R1,PE O-22:3_20:5,PE,0.00019385153258594657,,NOT_COMPUTED,False,False,False,[508]
D1__CAL_R1_K125,D1,125,CAL,R1,PE O-22:3_22:0,PE,0.00043905042090428974,,NOT_COMPUTED,False,False,False,[509]
D1__CAL_R1_K125,D1,125,CAL,R1,PE O-22:3_22:1,PE,0.002044797135511854,1.1622205174113597e-29,COMPUTED,True,False,False,[510]
D1__CAL_R1_K125,D1,125,CAL,R1,PE O-22:3_22:2,PE,0.004354251135802927,6.354116403204474e-10,COMPUTED,True,True,True,[511]
D1__CAL_R1_K125,D1,125,CAL,R1,PE O-22:3_22:3,PE,0.0062698015465368385,7.247563167103975e-27,COMPUTED,True,False,False,[512]
D1__CAL_R1_K125,D1,125,CAL,R1,PE O-22:3_22:4,PE,0.0011516960604932628,1.4404807460689499e-09,COMPUTED,True,True,True,[513]
D1__CAL_R1_K125,D1,125,CAL,R1,PE O-22:3_22:5,PE,0.00028202073911705214,,NOT_COMPUTED,False,False,False,[514]
D1__CAL_R1_K125,D1,125,CAL,R1,PE O-22:3_22:6,PE,0.0018404700220524795,4.4519416195404524e-24,COMPUTED,True,False,False,[515]
D1__CAL_R1_K125,D1,125,CAL,R1,PE O-22:4_20:0,PE,0.00444711591075461,0.0,COMPUTED,True,False,False,[516]
D1__CAL_R1_K125,D1,125,CAL,R1,PE O-22:4_20:1,PE,0.007596626736504143,1.9533892019785846e-08,COMPUTED,True,True,True,[517]
D1__CAL_R1_K125,D1,125,CAL,R1,PE O-22:4_20:2,PE,0.0006598370358951372,,NOT_COMPUTED,False,False,False,[518]
D1__CAL_R1_K125,D1,125,CAL,R1,PE O-22:4_20:3,PE,0.0007707822546768798,,NOT_COMPUTED,False,False,False,[519]
D1__CAL_R1_K125,D1,125,CAL,R1,PE O-22:4_20:4,PE,0.00044837349175543077,,NOT_COMPUTED,False,False,False,[520]
D1__CAL_R1_K125,D1,125,CAL,R1,PE O-22:4_22:0,PE,5.790829084198918e-06,,NOT_COMPUTED,False,False,False,[521]
D1__CAL_R1_K125,D1,125,CAL,R1,PE O-22:4_22:1,PE,0.005682899066397336,1.7837814229514213e-24,COMPUTED,True,False,False,[522]
D1__CAL_R1_K125,D1,125,CAL,R1,PE O-22:4_22:2,PE,0.0035072987524305123,0.0,COMPUTED,True,False,False,[523]
D1__CAL_R1_K125,D1,125,CAL,R1,PE O-22:4_22:3,PE,0.00030898304406599297,,NOT_COMPUTED,False,False,False,[524]
D1__CAL_R1_K125,D1,125,CAL,R1,PE O-22:4_22:4,PE,5.792621178534278e-08,,NOT_COMPUTED,False,False,False,[525]
D1__CAL_R1_K125,D1,125,CAL,R1,PE O-22:4_22:5,PE,0.0018208050880160463,1.3758771914020948e-26,COMPUTED,True,False,False,[526]
D1__CAL_R1_K125,D1,125,CAL,R1,PE O-22:4_22:6,PE,0.004648803274048256,1.3589131383143264e-22,COMPUTED,True,False,False,[527]
D1__CAL_R1_K125,D1,125,CAL,R1,PE O-22:5_20:0,PE,0.0,,NOT_COMPUTED,False,False,False,[528]
D1__CAL_R1_K125,D1,125,CAL,R1,PE O-22:5_20:1,PE,0.005188106780928663,1.0319091522802527e-28,COMPUTED,True,False,False,[529]
D1__CAL_R1_K125,D1,125,CAL,R1,PE O-22:5_20:2,PE,0.0002442834666737821,,NOT_COMPUTED,False,False,False,[530]
D1__CAL_R1_K125,D1,125,CAL,R1,PE O-22:5_20:3,PE,0.0038869489144267642,0.0,COMPUTED,True,False,False,[531]
D1__CAL_R1_K125,D1,125,CAL,R1,PE O-22:5_22:0,PE,1.368696560052799e-05,,NOT_COMPUTED,False,False,False,[532]
D1__CAL_R1_K125,D1,125,CAL,R1,PE O-22:5_22:1,PE,0.001012424235810332,1.3994398983662557e-09,COMPUTED,True,True,True,[533]
D1__CAL_R1_K125,D1,125,CAL,R1,PE O-22:5_22:2,PE,0.006289082057305065,0.0,COMPUTED,True,False,False,[534]
D1__CAL_R1_K125,D1,125,CAL,R1,PE O-22:5_22:3,PE,0.00802357506232934,0.0,COMPUTED,True,False,False,[535]
D1__CAL_R1_K125,D1,125,CAL,R1,PE O-22:5_22:4,PE,0.0020621081897855857,3.6858442715803123e-23,COMPUTED,True,False,False,[536]
D1__CAL_R1_K125,D1,125,CAL,R1,PE O-22:5_22:5,PE,0.014177492914351619,2.6378690646234267e-07,COMPUTED,True,True,True,[537]
D1__CAL_R1_K125,D1,125,CAL,R1,PE O-22:5_22:6,PE,0.0022487134550761706,4.370841575654095e-28,COMPUTED,True,False,False,[538]
D1__CAL_R1_K125,D1,125,CAL,R1,PE O-22:6_20:0,PE,0.0018203264686350946,2.175964187334262e-27,COMPUTED,True,False,False,[539]
D1__CAL_R1_K125,D1,125,CAL,R1,PE O-22:6_20:1,PE,8.926255627621144e-05,,NOT_COMPUTED,False,False,False,[540]
D1__CAL_R1_K125,D1,125,CAL,R1,PE O-22:6_20:2,PE,0.00013335682430935217,,NOT_COMPUTED,False,False,False,[541]
D1__CAL_R1_K125,D1,125,CAL,R1,PE O-22:6_22:0,PE,0.0053713312447052864,0.0,COMPUTED,True,False,False,[542]
D1__CAL_R1_K125,D1,125,CAL,R1,PE O-22:6_22:1,PE,0.004935904795241873,0.0,COMPUTED,True,False,False,[543]
D1__CAL_R1_K125,D1,125,CAL,R1,PE O-22:6_22:2,PE,0.002727216527750339,1.9111277572124822e-28,COMPUTED,True,False,False,[544]
D1__CAL_R1_K125,D1,125,CAL,R1,PE O-22:6_22:3,PE,0.001509996197337749,0.0,COMPUTED,True,False,False,[545]
D1__CAL_R1_K125,D1,125,CAL,R1,PE O-22:6_22:4,PE,0.0011743233839406548,0.0,COMPUTED,True,False,False,[546]
D1__CAL_R1_K125,D1,125,CAL,R1,PE O-22:6_22:5,PE,0.000338506463381484,,NOT_COMPUTED,False,False,False,[547]
D1__CAL_R1_K125,D1,125,CAL,R1,PE O-22:6_22:6,PE,4.8502894487804255e-06,,NOT_COMPUTED,False,False,False,[548]
D1__CAL_R1_K125,D1,125,CAL,R1,PE O-22:6_24:6,PE,1.4568307905280847e-06,,NOT_COMPUTED,False,False,False,[549]
D1__CAL_R1_K125,D1,125,CAL,R1,PE O-24:0_18:0,PE,0.0,,NOT_COMPUTED,False,False,False,[550]
D1__CAL_R1_K125,D1,125,CAL,R1,PE O-24:0_18:1,PE,0.0,,NOT_COMPUTED,False,False,False,[551]
D1__CAL_R1_K125,D1,125,CAL,R1,PE O-24:0_18:2,PE,0.0007485059176024105,,NOT_COMPUTED,False,False,False,[552]
D1__CAL_R1_K125,D1,125,CAL,R1,PE O-24:0_18:3,PE,7.617493334166386e-07,,NOT_COMPUTED,False,False,False,[553]
D1__CAL_R1_K125,D1,125,CAL,R1,PE O-24:0_20:0,PE,4.820472685213952e-07,,NOT_COMPUTED,False,False,False,[554]
D1__CAL_R1_K125,D1,125,CAL,R1,PE O-24:0_20:1,PE,1.9493339854935505e-06,,NOT_COMPUTED,False,False,False,[555]
D1__CAL_R1_K125,D1,125,CAL,R1,PE O-24:0_20:2,PE,0.0,,NOT_COMPUTED,False,False,False,[556]
D1__CAL_R1_K125,D1,125,CAL,R1,PE O-24:0_20:3,PE,3.791122071354661e-08,,NOT_COMPUTED,False,False,False,[557]
D1__CAL_R1_K125,D1,125,CAL,R1,PE O-24:0_20:4,PE,0.0032405198956505406,0.0,COMPUTED,True,False,False,[558]
D1__CAL_R1_K125,D1,125,CAL,R1,PE O-24:0_20:5,PE,0.0,,NOT_COMPUTED,False,False,False,[559]
D1__CAL_R1_K125,D1,125,CAL,R1,PE O-24:1_18:0,PE,0.0,,NOT_COMPUTED,False,False,False,[560]
D1__CAL_R1_K125,D1,125,CAL,R1,PE O-24:1_18:1,PE,0.004974756231311734,4.42045351053332e-23,COMPUTED,True,False,False,[561]
D1__CAL_R1_K125,D1,125,CAL,R1,PE O-24:1_18:2,PE,0.0,,NOT_COMPUTED,False,False,False,[562]
D1__CAL_R1_K125,D1,125,CAL,R1,PE O-24:1_18:3,PE,0.005448929581125236,9.504576277880774e-23,COMPUTED,True,False,False,[563]
D1__CAL_R1_K125,D1,125,CAL,R1,PE O-24:1_20:0,PE,0.0021279284373484984,0.0,COMPUTED,True,False,False,[564]
D1__CAL_R1_K125,D1,125,CAL,R1,PE O-24:1_20:1,PE,0.002079031421985779,1.467753673290413e-29,COMPUTED,True,False,False,[565]
D1__CAL_R1_K125,D1,125,CAL,R1,PE O-24:1_20:2,PE,1.773569234693608e-07,,NOT_COMPUTED,False,False,False,[566]
D1__CAL_R1_K125,D1,125,CAL,R1,PE O-24:1_20:3,PE,0.013178597070098691,1.2236343382837435e-07,COMPUTED,True,True,True,[567]
D1__CAL_R1_K125,D1,125,CAL,R1,PE O-24:1_20:4,PE,0.004963103577278624,1.3687353383545958e-22,COMPUTED,True,False,False,[568]
D1__CAL_R1_K125,D1,125,CAL,R1,PE O-24:1_20:5,PE,0.02869253804608297,9.789165694419879e-07,COMPUTED,True,True,True,[569]
D1__CAL_R1_K125,D1,125,CAL,R1,PE O-24:2_18:0,PE,0.002901141237911617,2.615382874053528e-23,COMPUTED,True,False,False,[570]
D1__CAL_R1_K125,D1,125,CAL,R1,PE O-24:2_18:1,PE,4.649223035815138e-05,,NOT_COMPUTED,False,False,False,[571]
D1__CAL_R1_K125,D1,125,CAL,R1,PE O-24:2_18:2,PE,0.0038328106126089764,2.5194763977165095e-28,COMPUTED,True,False,False,[572]
D1__CAL_R1_K125,D1,125,CAL,R1,PE O-24:2_18:3,PE,0.0016334846192204429,0.0,COMPUTED,True,False,False,[573]
D1__CAL_R1_K125,D1,125,CAL,R1,PE O-24:2_20:0,PE,0.0011833883094967525,0.0,COMPUTED,True,False,False,[574]
D1__CAL_R1_K125,D1,125,CAL,R1,PE O-24:2_20:1,PE,0.007574782670392239,0.0,COMPUTED,True,False,False,[575]
D1__CAL_R1_K125,D1,125,CAL,R1,PE O-24:2_20:2,PE,0.0009009826143469298,,NOT_COMPUTED,False,False,False,[576]
D1__CAL_R1_K125,D1,125,CAL,R1,PE O-24:2_20:3,PE,0.0030489685601786678,1.5023057357834293e-09,COMPUTED,True,True,True,[577]
D1__CAL_R1_K125,D1,125,CAL,R1,PE O-24:2_20:4,PE,0.021048770540670864,2.9508941492434405e-07,COMPUTED,True,True,True,[578]
D1__CAL_R1_K125,D1,125,CAL,R1,PE O-24:2_20:5,PE,0.02753929584296047,4.09607209527103e-07,COMPUTED,True,True,True,[579]
D1__CAL_R1_K125,D1,125,CAL,R1,PE O-24:3_18:0,PE,0.0,,NOT_COMPUTED,False,False,False,[580]
D1__CAL_R1_K125,D1,125,CAL,R1,PE O-24:3_18:1,PE,0.0,,NOT_COMPUTED,False,False,False,[581]
D1__CAL_R1_K125,D1,125,CAL,R1,PE O-24:3_18:2,PE,0.000981220260887718,,NOT_COMPUTED,False,False,False,[582]
D1__CAL_R1_K125,D1,125,CAL,R1,PE O-24:3_18:3,PE,0.0036139749044953808,3.5317253542277614e-09,COMPUTED,True,True,True,[583]
D1__CAL_R1_K125,D1,125,CAL,R1,PE O-24:3_20:0,PE,0.0,,NOT_COMPUTED,False,False,False,[584]
D1__CAL_R1_K125,D1,125,CAL,R1,PE O-24:3_20:1,PE,0.0,,NOT_COMPUTED,False,False,False,[585]
D1__CAL_R1_K125,D1,125,CAL,R1,PE O-24:3_20:2,PE,0.0,,NOT_COMPUTED,False,False,False,[586]
D1__CAL_R1_K125,D1,125,CAL,R1,PE O-24:3_20:3,PE,0.002254390364839481,1.6031662687192381e-27,COMPUTED,True,False,False,[587]
D1__CAL_R1_K125,D1,125,CAL,R1,PE O-24:3_20:4,PE,0.009409500093345614,1.0060591970326846e-22,COMPUTED,True,False,False,[588]
D1__CAL_R1_K125,D1,125,CAL,R1,PE O-24:3_20:5,PE,0.0,,NOT_COMPUTED,False,False,False,[589]
D1__CAL_R1_K125,D1,125,CAL,R1,PE O-24:4_18:0,PE,0.013335515561808772,1.1936318956532083e-07,COMPUTED,True,True,True,[590]
D1__CAL_R1_K125,D1,125,CAL,R1,PE O-24:4_18:1,PE,0.00012246728299597113,,NOT_COMPUTED,False,False,False,[591]
D1__CAL_R1_K125,D1,125,CAL,R1,PE O-24:4_18:2,PE,4.014638337017525e-06,,NOT_COMPUTED,False,False,False,[592]
D1__CAL_R1_K125,D1,125,CAL,R1,PE O-24:4_18:3,PE,0.0011768883386299403,5.781346424537225e-23,COMPUTED,True,False,False,[593]
D1__CAL_R1_K125,D1,125,CAL,R1,PE O-24:4_20:0,PE,0.0016802743349417651,0.0,COMPUTED,True,False,False,[594]
D1__CAL_R1_K125,D1,125,CAL,R1,PE O-24:4_20:1,PE,0.0029223869544287373,0.0,COMPUTED,True,False,False,[595]
D1__CAL_R1_K125,D1,125,CAL,R1,PE O-24:4_20:2,PE,0.0007881913979633954,,NOT_COMPUTED,False,False,False,[596]
D1__CAL_R1_K125,D1,125,CAL,R1,PE O-24:4_20:3,PE,0.004612474052008249,0.0,COMPUTED,True,False,False,[597]
D1__CAL_R1_K125,D1,125,CAL,R1,PE O-24:4_20:4,PE,0.003067973913388249,4.1674056771835044e-30,COMPUTED,True,False,False,[598]
D1__CAL_R1_K125,D1,125,CAL,R1,PE O-24:4_20:5,PE,1.4065630044634048e-07,,NOT_COMPUTED,False,False,False,[599]
D1__CAL_R1_K125,D1,125,CAL,R1,PE O-24:5_18:0,PE,0.001952597348091321,8.837599096537314e-24,COMPUTED,True,False,False,[600]
D1__CAL_R1_K125,D1,125,CAL,R1,PE O-24:5_18:1,PE,0.013490449373004844,2.604038257823353e-07,COMPUTED,True,True,True,[601]
D1__CAL_R1_K125,D1,125,CAL,R1,PE O-24:5_18:2,PE,0.008403683835078682,8.004567250805566e-09,COMPUTED,True,True,True,[602]
D1__CAL_R1_K125,D1,125,CAL,R1,PE O-24:5_18:3,PE,0.005720624545620308,1.7077445737753094e-23,COMPUTED,True,False,False,[603]
D1__CAL_R1_K125,D1,125,CAL,R1,PE O-24:5_20:0,PE,1.740747622251622e-08,,NOT_COMPUTED,False,False,False,[604]
D1__CAL_R1_K125,D1,125,CAL,R1,PE O-24:5_20:1,PE,0.014072690650582262,1.793205184892842e-08,COMPUTED,True,True,True,[605]
D1__CAL_R1_K125,D1,125,CAL,R1,PE O-24:5_20:2,PE,0.0018188455697095338,1.7956088532772588e-26,COMPUTED,True,False,False,[606]
D1__CAL_R1_K125,D1,125,CAL,R1,PE O-24:5_20:3,PE,0.005340390382247822,0.0,COMPUTED,True,False,False,[607]
D1__CAL_R1_K125,D1,125,CAL,R1,PE O-24:5_20:4,PE,0.015085818118742947,0.0,COMPUTED,True,False,False,[608]
D1__CAL_R1_K125,D1,125,CAL,R1,PE O-24:5_20:5,PE,0.026366632039717643,1.4762136699912292e-06,COMPUTED,True,True,True,[609]
D1__CAL_R1_K125,D1,125,CAL,R1,PE O-24:6_18:0,PE,0.0006830803934166128,,NOT_COMPUTED,False,False,False,[610]
D1__CAL_R1_K125,D1,125,CAL,R1,PE O-24:6_18:1,PE,0.001574133142210083,0.0,COMPUTED,True,False,False,[611]
D1__CAL_R1_K125,D1,125,CAL,R1,PE O-24:6_18:2,PE,0.011780883391739447,1.5491190491147077e-07,COMPUTED,True,True,True,[612]
D1__CAL_R1_K125,D1,125,CAL,R1,PE O-24:6_20:0,PE,0.0013136836763905813,0.0,COMPUTED,True,False,False,[613]
D1__CAL_R1_K125,D1,125,CAL,R1,PE O-24:6_20:1,PE,0.002700156572136301,0.0,COMPUTED,True,False,False,[614]
D1__CAL_R1_K125,D1,125,CAL,R1,PE O-24:6_20:2,PE,2.0972446118568905e-06,,NOT_COMPUTED,False,False,False,[615]
D1__CAL_R1_K125,D1,125,CAL,R1,PE O-24:6_20:3,PE,0.0019094836771098155,4.894892432500581e-23,COMPUTED,True,False,False,[616]
D1__CAL_R1_K125,D1,125,CAL,R1,PE O-24:6_20:4,PE,0.0035064235741510486,7.913534294688943e-29,COMPUTED,True,False,False,[617]
D1__CAL_R1_K125,D1,125,CAL,R1,PE O-24:6_20:5,PE,0.0005629982997046825,,NOT_COMPUTED,False,False,False,[618]
D1__CAL_R1_K125,D1,125,CAL,R1,PE O-24:6_22:6,PE,0.0007996537641448586,,NOT_COMPUTED,False,False,False,[619]
D1__CAL_R1_K125,D1,125,CAL,R1,PG 14:0_24:0,PG,0.0,,NOT_COMPUTED,False,False,False,[631]
D1__CAL_R1_K125,D1,125,CAL,R1,PG 14:0_24:1,PG,0.0,,NOT_COMPUTED,False,False,False,[626]
D1__CAL_R1_K125,D1,125,CAL,R1,PG 14:0_24:2,PG,0.0001256831944856308,,NOT_COMPUTED,False,False,False,[620]
D1__CAL_R1_K125,D1,125,CAL,R1,PG 15:0_24:4,PG,0.0016416971079142907,1.5779116248585776e-22,COMPUTED,True,False,False,[728]
D1__CAL_R1_K125,D1,125,CAL,R1,PG 16:0_22:0,PG,0.0002618385879165082,,NOT_COMPUTED,False,False,False,[632]
D1__CAL_R1_K125,D1,125,CAL,R1,PG 16:0_22:1,PG,0.0,,NOT_COMPUTED,False,False,False,[627]
D1__CAL_R1_K125,D1,125,CAL,R1,PG 16:0_22:2,PG,0.004518363775348367,1.1926731826536029e-08,COMPUTED,True,True,True,[621]
D1__CAL_R1_K125,D1,125,CAL,R1,PG 16:0_24:0,PG,0.010057681958642551,2.9465026517694346e-06,COMPUTED,True,True,True,[694]
D1__CAL_R1_K125,D1,125,CAL,R1,PG 16:0_24:1,PG,0.0013318811367576896,2.1542706863563376e-23,COMPUTED,True,False,False,[689]
D1__CAL_R1_K125,D1,125,CAL,R1,PG 16:0_24:2,PG,0.0,,NOT_COMPUTED,False,False,False,[682]
D1__CAL_R1_K125,D1,125,CAL,R1,PG 16:0_24:3,PG,0.00459736927548757,0.0,COMPUTED,True,False,False,[674]
D1__CAL_R1_K125,D1,125,CAL,R1,PG 16:0_24:4,PG,0.0008477655143839744,,NOT_COMPUTED,False,False,False,[665]
D1__CAL_R1_K125,D1,125,CAL,R1,PG 16:0_24:5,PG,0.00021140414928451273,,NOT_COMPUTED,False,False,False,[656]
D1__CAL_R1_K125,D1,125,CAL,R1,PG 16:0_24:6,PG,1.1551425893404478e-05,,NOT_COMPUTED,False,False,False,[647]
D1__CAL_R1_K125,D1,125,CAL,R1,PG 16:1_22:1,PG,0.0010329716490734113,0.0,COMPUTED,True,False,False,[622]
D1__CAL_R1_K125,D1,125,CAL,R1,PG 16:1_24:1,PG,8.33744342725442e-08,,NOT_COMPUTED,False,False,False,[683]
D1__CAL_R1_K125,D1,125,CAL,R1,PG 16:1_24:2,PG,0.001464577064119112,0.0,COMPUTED,True,False,False,[675]
D1__CAL_R1_K125,D1,125,CAL,R1,PG 16:1_24:3,PG,0.00016910833007232904,,NOT_COMPUTED,False,False,False,[666]
D1__CAL_R1_K125,D1,125,CAL,R1,PG 16:1_24:4,PG,6.869116911538191e-06,,NOT_COMPUTED,False,False,False,[657]
D1__CAL_R1_K125,D1,125,CAL,R1,PG 16:1_24:5,PG,5.1230288440366605e-05,,NOT_COMPUTED,False,False,False,[648]
D1__CAL_R1_K125,D1,125,CAL,R1,PG 16:1_24:6,PG,0.0005308167868861444,,NOT_COMPUTED,False,False,False,[641]
D1__CAL_R1_K125,D1,125,CAL,R1,PG 17:0_22:0,PG,0.0,,NOT_COMPUTED,False,False,False,[729]
D1__CAL_R1_K125,D1,125,CAL,R1,PG 17:0_22:1,PG,0.0,,NOT_COMPUTED,False,False,False,[730]
D1__CAL_R1_K125,D1,125,CAL,R1,PG 17:0_22:2,PG,0.005384237621599722,1.1466432059700974e-07,COMPUTED,True,True,True,[731]
D1__CAL_R1_K125,D1,125,CAL,R1,PG 17:0_22:3,PG,2.40838993110833e-07,,NOT_COMPUTED,False,False,False,[732]
D1__CAL_R1_K125,D1,125,CAL,R1,PG 17:0_22:4,PG,0.005153469111810103,2.1983178408439472e-24,COMPUTED,True,False,False,[733]
D1__CAL_R1_K125,D1,125,CAL,R1,PG 17:0_22:5,PG,2.890980951463319e-09,,NOT_COMPUTED,False,False,False,[734]
D1__CAL_R1_K125,D1,125,CAL,R1,PG 17:0_22:6,PG,0.0,,NOT_COMPUTED,False,False,False,[735]
D1__CAL_R1_K125,D1,125,CAL,R1,PG 17:0_24:4,PG,3.3292426096892094e-08,,NOT_COMPUTED,False,False,False,[736]
D1__CAL_R1_K125,D1,125,CAL,R1,PG 17:1_22:1,PG,0.003932163754038254,1.5431350818124025e-26,COMPUTED,True,False,False,[738]
D1__CAL_R1_K125,D1,125,CAL,R1,PG 17:1_22:2,PG,3.3635122460065153e-08,,NOT_COMPUTED,False,False,False,[739]
D1__CAL_R1_K125,D1,125,CAL,R1,PG 17:1_22:3,PG,0.027112514349711573,3.1805605596178854e-05,COMPUTED,True,True,True,[740]
D1__CAL_R1_K125,D1,125,CAL,R1,PG 17:1_22:4,PG,1.971416203982285e-07,,NOT_COMPUTED,False,False,False,[741]
D1__CAL_R1_K125,D1,125,CAL,R1,PG 17:1_22:5,PG,4.34410322999515e-07,,NOT_COMPUTED,False,False,False,[742]
D1__CAL_R1_K125,D1,125,CAL,R1,PG 17:1_22:6,PG,0.00027497341834981456,,NOT_COMPUTED,False,False,False,[743]
D1__CAL_R1_K125,D1,125,CAL,R1,PG 17:1_24:4,PG,2.425484117494663e-05,,NOT_COMPUTED,False,False,False,[744]
D1__CAL_R1_K125,D1,125,CAL,R1,PG 18:0_20:0,PG,1.7443674272503932e-05,,NOT_COMPUTED,False,False,False,[633]
D1__CAL_R1_K125,D1,125,CAL,R1,PG 18:0_20:1,PG,1.0709061038649736e-08,,NOT_COMPUTED,False,False,False,[629]
D1__CAL_R1_K125,D1,125,CAL,R1,PG 18:0_20:2,PG,1.1611552838736794e-05,,NOT_COMPUTED,False,False,False,[623]
D1__CAL_R1_K125,D1,125,CAL,R1,PG 18:0_22:0,PG,0.017550119789918193,1.4249984116901777e-06,COMPUTED,True,True,True,[695]
D1__CAL_R1_K125,D1,125,CAL,R1,PG 18:0_22:1,PG,0.009251077679056597,0.0,COMPUTED,True,False,False,[691]
D1__CAL_R1_K125,D1,125,CAL,R1,PG 18:0_22:2,PG,0.0,,NOT_COMPUTED,False,False,False,[684]
D1__CAL_R1_K125,D1,125,CAL,R1,PG 18:0_22:3,PG,5.271795038819547e-06,,NOT_COMPUTED,False,False,False,[676]
D1__CAL_R1_K125,D1,125,CAL,R1,PG 18:0_22:4,PG,0.005364434034773457,1.2746588922360271e-23,COMPUTED,True,False,False,[667]
D1__CAL_R1_K125,D1,125,CAL,R1,PG 18:0_22:5,PG,0.00016531982349310854,,NOT_COMPUTED,False,False,False,[658]
D1__CAL_R1_K125,D1,125,CAL,R1,PG 18:0_22:6,PG,0.0014456981173353567,0.0,COMPUTED,True,False,False,[649]
D1__CAL_R1_K125,D1,125,CAL,R1,PG 18:0_24:6,PG,7.723232631635806e-06,,NOT_COMPUTED,False,False,False,[718]
D1__CAL_R1_K125,D1,125,CAL,R1,PG 18:1_20:1,PG,0.0025609700598754294,6.972712891642028e-24,COMPUTED,True,False,False,[624]
D1__CAL_R1_K125,D1,125,CAL,R1,PG 18:1_22:1,PG,0.0,,NOT_COMPUTED,False,False,False,[685]
D1__CAL_R1_K125,D1,125,CAL,R1,PG 18:1_22:2,PG,0.007416591660976724,1.4092433821779857e-07,COMPUTED,True,True,True,[677]
D1__CAL_R1_K125,D1,125,CAL,R1,PG 18:1_22:3,PG,0.012164453011464635,0.0,COMPUTED,True,False,False,[668]
D1__CAL_R1_K125,D1,125,CAL,R1,PG 18:1_22:4,PG,0.0006650528662720751,,NOT_COMPUTED,False,False,False,[659]
D1__CAL_R1_K125,D1,125,CAL,R1,PG 18:1_22:5,PG,0.009994179134144653,5.062463067103741e-24,COMPUTED,True,False,False,[650]
D1__CAL_R1_K125,D1,125,CAL,R1,PG 18:1_22:6,PG,0.002528070976384,1.8969055197928204e-24,COMPUTED,True,False,False,[642]
D1__CAL_R1_K125,D1,125,CAL,R1,PG 18:1_24:5,PG,4.540994107465997e-05,,NOT_COMPUTED,False,False,False,[719]
D1__CAL_R1_K125,D1,125,CAL,R1,PG 18:1_24:6,PG,0.00035693824597185834,,NOT_COMPUTED,False,False,False,[710]
D1__CAL_R1_K125,D1,125,CAL,R1,PG 18:2_22:2,PG,0.02177938181520806,8.310410956778746e-07,COMPUTED,True,True,True,[669]
D1__CAL_R1_K125,D1,125,CAL,R1,PG 18:2_22:3,PG,0.00034086851776694637,,NOT_COMPUTED,False,False,False,[660]
D1__CAL_R1_K125,D1,125,CAL,R1,PG 18:2_22:4,PG,0.0031030278352240574,1.6851843233699683e-25,COMPUTED,True,False,False,[651]
D1__CAL_R1_K125,D1,125,CAL,R1,PG 18:2_22:5,PG,0.004427080140961384,0.0,COMPUTED,True,False,False,[643]
D1__CAL_R1_K125,D1,125,CAL,R1,PG 18:2_22:6,PG,3.227281528746462e-08,,NOT_COMPUTED,False,False,False,[637]
D1__CAL_R1_K125,D1,125,CAL,R1,PG 18:2_24:4,PG,3.9854395787619716e-06,,NOT_COMPUTED,False,False,False,[720]
D1__CAL_R1_K125,D1,125,CAL,R1,PG 18:2_24:5,PG,0.0020107325465803555,0.0,COMPUTED,True,False,False,[711]
D1__CAL_R1_K125,D1,125,CAL,R1,PG 18:2_24:6,PG,0.000649757977879119,,NOT_COMPUTED,False,False,False,[704]
D1__CAL_R1_K125,D1,125,CAL,R1,PG 18:3_22:3,PG,0.0087695694952696,1.939157530289484e-06,COMPUTED,True,True,True,[652]
D1__CAL_R1_K125,D1,125,CAL,R1,PG 18:3_22:4,PG,0.022563989629214642,4.80630303332992e-06,COMPUTED,True,True,True,[644]
D1__CAL_R1_K125,D1,125,CAL,R1,PG 18:3_22:5,PG,0.0001571878663522709,,NOT_COMPUTED,False,False,False,[638]
D1__CAL_R1_K125,D1,125,CAL,R1,PG 18:3_22:6,PG,2.1737539671756804e-07,,NOT_COMPUTED,False,False,False,[635]
D1__CAL_R1_K125,D1,125,CAL,R1,PG 18:3_24:3,PG,0.007229944567392725,1.0698095573604579e-29,COMPUTED,True,False,False,[721]
D1__CAL_R1_K125,D1,125,CAL,R1,PG 18:3_24:4,PG,0.0032365778863128122,3.592590868407795e-07,COMPUTED,True,True,True,[712]
D1__CAL_R1_K125,D1,125,CAL,R1,PG 18:3_24:5,PG,0.00038701636518631365,,NOT_COMPUTED,False,False,False,[705]
D1__CAL_R1_K125,D1,125,CAL,R1,PG 18:3_24:6,PG,6.0010452508885936e-05,,NOT_COMPUTED,False,False,False,[700]
D1__CAL_R1_K125,D1,125,CAL,R1,PG 20:0_18:1,PG,6.0287912914166734e-05,,NOT_COMPUTED,False,False,False,[630]
D1__CAL_R1_K125,D1,125,CAL,R1,PG 20:0_18:2,PG,0.002032715129416039,2.514848802691873e-24,COMPUTED,True,False,False,[625]
D1__CAL_R1_K125,D1,125,CAL,R1,PG 20:0_20:0,PG,0.00229227397374504,0.0,COMPUTED,True,False,False,[696]
D1__CAL_R1_K125,D1,125,CAL,R1,PG 20:0_20:1,PG,0.010696024653564357,5.926453741678603e-07,COMPUTED,True,True,True,[693]
D1__CAL_R1_K125,D1,125,CAL,R1,PG 20:0_20:2,PG,0.0,,NOT_COMPUTED,False,False,False,[687]
D1__CAL_R1_K125,D1,125,CAL,R1,PG 20:0_20:3,PG,0.0036580216380817498,7.291364976389245e-24,COMPUTED,True,False,False,[680]
D1__CAL_R1_K125,D1,125,CAL,R1,PG 20:0_20:4,PG,0.011353761814572563,0.0,COMPUTED,True,False,False,[671]
D1__CAL_R1_K125,D1,125,CAL,R1,PG 20:0_20:5,PG,0.005703217059982753,1.4662991716295106e-07,COMPUTED,True,True,True,[662]
D1__CAL_R1_K125,D1,125,CAL,R1,PG 20:0_22:6,PG,0.0008786892490576363,,NOT_COMPUTED,False,True,True,[722]
D1__CAL_R1_K125,D1,125,CAL,R1,PG 20:1_20:1,PG,0.00042777944893717263,,NOT_COMPUTED,False,False,False,[688]
D1__CAL_R1_K125,D1,125,CAL,R1,PG 20:1_20:2,PG,0.0,,NOT_COMPUTED,False,False,False,[681]
D1__CAL_R1_K125,D1,125,CAL,R1,PG 20:1_20:3,PG,0.005526766351240438,5.210030699172801e-07,COMPUTED,True,True,True,[672]
D1__CAL_R1_K125,D1,125,CAL,R1,PG 20:1_20:4,PG,0.003552027908847861,0.0,COMPUTED,True,False,False,[663]
D1__CAL_R1_K125,D1,125,CAL,R1,PG 20:1_20:5,PG,0.01520894170462013,1.6511173127927139e-24,COMPUTED,True,False,False,[653]
D1__CAL_R1_K125,D1,125,CAL,R1,PG 20:1_22:5,PG,0.004898084202651046,0.0,COMPUTED,True,False,False,[723]
D1__CAL_R1_K125,D1,125,CAL,R1,PG 20:1_22:6,PG,0.003864897631715727,0.0,COMPUTED,True,False,False,[713]
D1__CAL_R1_K125,D1,125,CAL,R1,PG 20:2_20:2,PG,1.254685041036857e-07,,NOT_COMPUTED,False,False,False,[673]
D1__CAL_R1_K125,D1,125,CAL,R1,PG 20:2_20:3,PG,4.160196178117251e-05,,NOT_COMPUTED,False,False,False,[664]
D1__CAL_R1_K125,D1,125,CAL,R1,PG 20:2_20:4,PG,0.0007328058529536137,,NOT_COMPUTED,False,False,False,[654]
D1__CAL_R1_K125,D1,125,CAL,R1,PG 20:2_20:5,PG,0.000736967374798897,,NOT_COMPUTED,False,False,False,[645]
D1__CAL_R1_K125,D1,125,CAL,R1,PG 20:2_22:4,PG,1.1311518966346225e-07,,NOT_COMPUTED,False,False,False,[724]
D1__CAL_R1_K125,D1,125,CAL,R1,PG 20:2_22:5,PG,9.575251055340428e-05,,NOT_COMPUTED,False,False,False,[714]
D1__CAL_R1_K125,D1,125,CAL,R1,PG 20:2_22:6,PG,0.0012194373433067605,0.0,COMPUTED,True,False,False,[706]
D1__CAL_R1_K125,D1,125,CAL,R1,PG 20:3_20:3,PG,0.019487350568028857,2.572897350922346e-07,COMPUTED,True,True,True,[655]
D1__CAL_R1_K125,D1,125,CAL,R1,PG 20:3_20:4,PG,0.007578054603836498,7.803542780964659e-27,COMPUTED,True,False,False,[646]
D1__CAL_R1_K125,D1,125,CAL,R1,PG 20:3_20:5,PG,2.164666644361816e-07,,NOT_COMPUTED,False,False,False,[639]
D1__CAL_R1_K125,D1,125,CAL,R1,PG 20:3_22:3,PG,0.009060458698990111,1.6887435050123392e-24,COMPUTED,True,False,False,[725]
D1__CAL_R1_K125,D1,125,CAL,R1,PG 20:3_22:4,PG,0.0192111466562055,6.098289745200802e-07,COMPUTED,True,True,True,[715]
D1__CAL_R1_K125,D1,125,CAL,R1,PG 20:3_22:5,PG,0.0033104054835852528,3.473788093194247e-08,COMPUTED,True,True,True,[707]
D1__CAL_R1_K125,D1,125,CAL,R1,PG 20:3_22:6,PG,0.0,,NOT_COMPUTED,False,False,False,[701]
D1__CAL_R1_K125,D1,125,CAL,R1,PG 20:4_20:4,PG,6.3593948395456985e-06,,NOT_COMPUTED,False,False,False,[640]
D1__CAL_R1_K125,D1,125,CAL,R1,PG 20:4_20:5,PG,3.3319876354914343e-07,,NOT_COMPUTED,False,False,False,[636]
D1__CAL_R1_K125,D1,125,CAL,R1,PG 20:4_22:4,PG,2.786741617820861e-06,,NOT_COMPUTED,False,False,False,[708]
D1__CAL_R1_K125,D1,125,CAL,R1,PG 20:4_22:5,PG,1.9067721916592651e-06,,NOT_COMPUTED,False,False,False,[702]
D1__CAL_R1_K125,D1,125,CAL,R1,PG 20:4_22:6,PG,0.002987884024291544,0.0,COMPUTED,True,False,False,[698]
D1__CAL_R1_K125,D1,125,CAL,R1,PG 20:5_20:5,PG,0.00516758410316879,3.368746072437799e-23,COMPUTED,True,False,False,[634]
D1__CAL_R1_K125,D1,125,CAL,R1,PG 20:5_22:5,PG,0.015854426416494143,1.839506794144151e-05,COMPUTED,True,True,True,[699]
D1__CAL_R1_K125,D1,125,CAL,R1,PG 20:5_22:6,PG,0.006988598212960468,1.999739222191606e-05,COMPUTED,True,True,True,[697]
D1__CAL_R1_K125,D1,125,CAL,R1,PG 22:0_16:1,PG,3.27564277915007e-05,,NOT_COMPUTED,False,False,False,[628]
D1__CAL_R1_K125,D1,125,CAL,R1,PG 22:0_17:1,PG,8.822986531772493e-05,,NOT_COMPUTED,False,False,False,[737]
D1__CAL_R1_K125,D1,125,CAL,R1,PG 22:0_18:1,PG,0.0046507777074816445,5.887447851438182e-25,COMPUTED,True,False,False,[692]
D1__CAL_R1_K125,D1,125,CAL,R1,PG 22:0_18:2,PG,5.711685074460946e-09,,NOT_COMPUTED,False,False,False,[686]
D1__CAL_R1_K125,D1,125,CAL,R1,PG 22:0_18:3,PG,3.3977182166609844e-05,,NOT_COMPUTED,False,False,False,[679]
D1__CAL_R1_K125,D1,125,CAL,R1,PG 22:1_18:2,PG,2.070280038821936e-08,,NOT_COMPUTED,False,False,False,[678]
D1__CAL_R1_K125,D1,125,CAL,R1,PG 22:1_18:3,PG,0.0059409883535956574,3.836115923526837e-24,COMPUTED,True,False,False,[670]
D1__CAL_R1_K125,D1,125,CAL,R1,PG 22:1_20:5,PG,0.004134552534664943,2.6602974167129697e-08,COMPUTED,True,True,True,[727]
D1__CAL_R1_K125,D1,125,CAL,R1,PG 22:2_18:3,PG,0.005210554352442391,0.0,COMPUTED,True,False,False,[661]
D1__CAL_R1_K125,D1,125,CAL,R1,PG 22:2_20:4,PG,0.004552563454043143,8.447488724935707e-24,COMPUTED,True,False,False,[726]
D1__CAL_R1_K125,D1,125,CAL,R1,PG 22:2_20:5,PG,0.006670827216095748,6.186476447445545e-26,COMPUTED,True,False,False,[717]
D1__CAL_R1_K125,D1,125,CAL,R1,PG 22:3_20:4,PG,0.011261481801688199,0.0,COMPUTED,True,False,False,[716]
D1__CAL_R1_K125,D1,125,CAL,R1,PG 22:3_20:5,PG,0.0031953656717536604,0.0,COMPUTED,True,False,False,[709]
D1__CAL_R1_K125,D1,125,CAL,R1,PG 22:4_20:5,PG,0.0,,NOT_COMPUTED,False,False,False,[703]
D1__CAL_R1_K125,D1,125,CAL,R1,PG 24:0_16:1,PG,0.004499895477236044,6.401049199743738e-07,COMPUTED,True,True,True,[690]
D1__CAL_R1_K125,D1,125,CAL,R1,PI 12:0_20:0,PI,0.003271195784728339,1.0644515379638582e-26,COMPUTED,True,False,False,[745]
D1__CAL_R1_K125,D1,125,CAL,R1,PI 12:0_20:1,PI,0.0017531336849408528,1.8612034834932796e-23,COMPUTED,True,False,False,[746]
D1__CAL_R1_K125,D1,125,CAL,R1,PI 12:0_20:2,PI,4.502670685322904e-06,,NOT_COMPUTED,False,False,False,[747]
D1__CAL_R1_K125,D1,125,CAL,R1,PI 12:0_20:3,PI,1.5722746619805748e-07,,NOT_COMPUTED,False,False,False,[748]
D1__CAL_R1_K125,D1,125,CAL,R1,PI 12:0_20:4,PI,0.0,,NOT_COMPUTED,False,False,False,[749]
D1__CAL_R1_K125,D1,125,CAL,R1,PI 12:0_22:0,PI,0.00015232681481014158,,NOT_COMPUTED,False,False,False,[750]
D1__CAL_R1_K125,D1,125,CAL,R1,PI 12:0_22:1,PI,0.009994645550280285,8.726978882738749e-07,COMPUTED,True,True,True,[751]
D1__CAL_R1_K125,D1,125,CAL,R1,PI 12:0_22:2,PI,5.427202674976094e-11,,NOT_COMPUTED,False,False,False,[752]
D1__CAL_R1_K125,D1,125,CAL,R1,PI 12:0_22:3,PI,0.023269568876493587,1.1829128341085062e-05,COMPUTED,True,True,True,[753]
D1__CAL_R1_K125,D1,125,CAL,R1,PI 12:0_22:4,PI,0.003226396926865058,9.047406383666002e-27,COMPUTED,True,False,False,[754]
D1__CAL_R1_K125,D1,125,CAL,R1,PI 12:0_22:5,PI,0.00020559459148455835,,NOT_COMPUTED,False,False,False,[755]
D1__CAL_R1_K125,D1,125,CAL,R1,PI 12:0_22:6,PI,7.837554137689533e-05,,NOT_COMPUTED,False,False,False,[756]
D1__CAL_R1_K125,D1,125,CAL,R1,PI 13:0_20:0,PI,0.0021236028081320765,4.1156842831836905e-22,COMPUTED,True,False,False,[778]
D1__CAL_R1_K125,D1,125,CAL,R1,PI 13:0_20:1,PI,0.0,,NOT_COMPUTED,False,False,False,[779]
D1__CAL_R1_K125,D1,125,CAL,R1,PI 13:0_20:2,PI,0.0,,NOT_COMPUTED,False,False,False,[780]
D1__CAL_R1_K125,D1,125,CAL,R1,PI 13:0_20:3,PI,1.555901949500382e-08,,NOT_COMPUTED,False,False,False,[781]
D1__CAL_R1_K125,D1,125,CAL,R1,PI 13:0_20:4,PI,0.00014053296325986552,,NOT_COMPUTED,False,False,False,[782]
D1__CAL_R1_K125,D1,125,CAL,R1,PI 13:0_20:5,PI,0.006816292607955916,5.117137407891901e-06,COMPUTED,True,True,True,[783]
D1__CAL_R1_K125,D1,125,CAL,R1,PI 13:0_22:1,PI,8.923027307995249e-09,,NOT_COMPUTED,False,False,False,[784]
D1__CAL_R1_K125,D1,125,CAL,R1,PI 13:0_22:2,PI,2.692309416603326e-05,,NOT_COMPUTED,False,False,False,[785]
D1__CAL_R1_K125,D1,125,CAL,R1,PI 13:0_22:3,PI,0.02897234328692031,0.00022943588952206636,COMPUTED,True,True,True,[786]
D1__CAL_R1_K125,D1,125,CAL,R1,PI 13:0_22:4,PI,0.0,,NOT_COMPUTED,False,False,False,[787]
D1__CAL_R1_K125,D1,125,CAL,R1,PI 13:0_22:5,PI,0.00012437307727802363,,NOT_COMPUTED,False,False,False,[788]
D1__CAL_R1_K125,D1,125,CAL,R1,PI 13:0_22:6,PI,0.0007885844215147363,,NOT_COMPUTED,False,False,False,[789]
D1__CAL_R1_K125,D1,125,CAL,R1,PI 14:0_18:0,PI,0.0033519068609620915,3.0474508333856473e-25,COMPUTED,True,False,False,[757]
D1__CAL_R1_K125,D1,125,CAL,R1,PI 14:0_18:1,PI,0.0027946021744756334,1.3939784161331872e-06,COMPUTED,True,True,True,[758]
D1__CAL_R1_K125,D1,125,CAL,R1,PI 14:0_18:2,PI,7.395847169788427e-05,,NOT_COMPUTED,False,False,False,[759]
D1__CAL_R1_K125,D1,125,CAL,R1,PI 14:0_18:3,PI,9.770343555231029e-05,,NOT_COMPUTED,False,False,False,[760]
D1__CAL_R1_K125,D1,125,CAL,R1,PI 14:0_20:0,PI,0.0,,NOT_COMPUTED,False,False,False,[761]
D1__CAL_R1_K125,D1,125,CAL,R1,PI 14:0_20:1,PI,0.016852134744210188,1.0182685928243745e-07,COMPUTED,True,True,True,[762]
D1__CAL_R1_K125,D1,125,CAL,R1,PI 14:0_20:2,PI,0.00012572555198455242,,NOT_COMPUTED,False,False,False,[763]
D1__CAL_R1_K125,D1,125,CAL,R1,PI 14:0_20:3,PI,0.01026962713751317,3.676055645705627e-24,COMPUTED,True,False,False,[764]
D1__CAL_R1_K125,D1,125,CAL,R1,PI 14:0_20:4,PI,0.02411527920656708,1.8584986402453604e-05,COMPUTED,True,True,True,[765]
D1__CAL_R1_K125,D1,125,CAL,R1,PI 14:0_20:5,PI,0.000538093165723324,,NOT_COMPUTED,False,False,False,[766]
D1__CAL_R1_K125,D1,125,CAL,R1,PI 15:0_17:0,PI,0.0009938674494202448,,NOT_COMPUTED,False,False,False,[810]
D1__CAL_R1_K125,D1,125,CAL,R1,PI 15:0_17:1,PI,0.0004165180880931717,,NOT_COMPUTED,False,False,False,[811]
D1__CAL_R1_K125,D1,125,CAL,R1,PI 15:0_18:0,PI,0.005812267571343594,1.0135544119043185e-05,COMPUTED,True,True,True,[790]
D1__CAL_R1_K125,D1,125,CAL,R1,PI 15:0_18:1,PI,0.00035565311906459796,,NOT_COMPUTED,False,False,False,[791]
D1__CAL_R1_K125,D1,125,CAL,R1,PI 15:0_18:2,PI,9.660012173339675e-06,,NOT_COMPUTED,False,False,False,[792]
D1__CAL_R1_K125,D1,125,CAL,R1,PI 15:0_18:3,PI,3.6494535239220684e-08,,NOT_COMPUTED,False,False,False,[793]
D1__CAL_R1_K125,D1,125,CAL,R1,PI 15:0_20:1,PI,7.457731887376555e-07,,NOT_COMPUTED,False,False,False,[794]
D1__CAL_R1_K125,D1,125,CAL,R1,PI 15:0_20:2,PI,3.1781045685250234e-06,,NOT_COMPUTED,False,False,False,[795]
D1__CAL_R1_K125,D1,125,CAL,R1,PI 15:0_20:3,PI,0.0,,NOT_COMPUTED,False,False,False,[796]
D1__CAL_R1_K125,D1,125,CAL,R1,PI 15:0_20:4,PI,2.196073071677006e-07,,NOT_COMPUTED,False,False,False,[797]
D1__CAL_R1_K125,D1,125,CAL,R1,PI 15:0_20:5,PI,4.612043287049373e-06,,NOT_COMPUTED,False,False,False,[798]
D1__CAL_R1_K125,D1,125,CAL,R1,PI 16:0_16:0,PI,0.01580805792222399,3.539872890230475e-05,COMPUTED,True,True,True,[767]
D1__CAL_R1_K125,D1,125,CAL,R1,PI 16:0_16:1,PI,0.007687903240529026,3.504269476920403e-27,COMPUTED,True,False,False,[768]
D1__CAL_R1_K125,D1,125,CAL,R1,PI 16:0_17:0,PI,3.622445225276104e-07,,NOT_COMPUTED,False,False,False,[799]
D1__CAL_R1_K125,D1,125,CAL,R1,PI 16:0_17:1,PI,6.708234787456465e-07,,NOT_COMPUTED,False,False,False,[804]
D1__CAL_R1_K125,D1,125,CAL,R1,PI 16:0_18:0,PI,0.00012277002934808255,,NOT_COMPUTED,False,False,False,[769]
D1__CAL_R1_K125,D1,125,CAL,R1,PI 16:0_18:1,PI,0.012416193832376719,5.4105271122501136e-24,COMPUTED,True,False,False,[770]
D1__CAL_R1_K125,D1,125,CAL,R1,PI 16:0_18:2,PI,0.0003332870483736886,,NOT_COMPUTED,False,False,False,[771]
D1__CAL_R1_K125,D1,125,CAL,R1,PI 16:0_18:3,PI,0.0008309741464854623,,NOT_COMPUTED,False,False,False,[772]
D1__CAL_R1_K125,D1,125,CAL,R1,PI 16:1_16:1,PI,0.0,,NOT_COMPUTED,False,False,False,[773]
D1__CAL_R1_K125,D1,125,CAL,R1,PI 16:1_17:1,PI,0.0,,NOT_COMPUTED,False,False,False,[805]
D1__CAL_R1_K125,D1,125,CAL,R1,PI 16:1_18:1,PI,0.0,,NOT_COMPUTED,False,False,False,[775]
D1__CAL_R1_K125,D1,125,CAL,R1,PI 16:1_18:2,PI,0.00012558816071232945,,NOT_COMPUTED,False,False,False,[776]
D1__CAL_R1_K125,D1,125,CAL,R1,PI 16:1_18:3,PI,0.001108289298828998,0.0,COMPUTED,True,False,False,[777]
D1__CAL_R1_K125,D1,125,CAL,R1,PI 17:0_16:1,PI,0.0,,NOT_COMPUTED,False,False,False,[800]
D1__CAL_R1_K125,D1,125,CAL,R1,PI 17:0_17:0,PI,7.72047432950352e-05,,NOT_COMPUTED,False,False,False,[812]
D1__CAL_R1_K125,D1,125,CAL,R1,PI 17:0_17:1,PI,0.0,,NOT_COMPUTED,False,False,False,[813]
D1__CAL_R1_K125,D1,125,CAL,R1,PI 17:0_18:1,PI,0.0,,NOT_COMPUTED,False,False,False,[801]
D1__CAL_R1_K125,D1,125,CAL,R1,PI 17:0_18:2,PI,0.0,,NOT_COMPUTED,False,False,False,[802]
D1__CAL_R1_K125,D1,125,CAL,R1,PI 17:0_18:3,PI,0.0,,NOT_COMPUTED,False,False,False,[803]
D1__CAL_R1_K125,D1,125,CAL,R1,PI 17:1_17:1,PI,0.0,,NOT_COMPUTED,False,False,False,[814]
D1__CAL_R1_K125,D1,125,CAL,R1,PI 17:1_18:1,PI,4.7518511962568105e-08,,NOT_COMPUTED,False,False,False,[807]
D1__CAL_R1_K125,D1,125,CAL,R1,PI 17:1_18:2,PI,0.0,,NOT_COMPUTED,False,False,False,[808]
D1__CAL_R1_K125,D1,125,CAL,R1,PI 17:1_18:3,PI,0.0,,NOT_COMPUTED,False,False,False,[809]
D1__CAL_R1_K125,D1,125,CAL,R1,PI 18:0_16:1,PI,0.0,,NOT_COMPUTED,False,False,False,[774]
D1__CAL_R1_K125,D1,125,CAL,R1,PI 18:0_17:1,PI,0.00012443782387002087,,NOT_COMPUTED,False,False,False,[806]
D1__CAL_R1_K125,D1,125,CAL,R1,PS 14:0_24:0,PS,5.578087291815473e-08,,NOT_COMPUTED,False,False,False,[102]
D1__CAL_R1_K125,D1,125,CAL,R1,PS 14:0_24:1,PS,0.0,,NOT_COMPUTED,False,False,False,[103]
D1__CAL_R1_K125,D1,125,CAL,R1,PS 14:0_24:2,PS,0.0,,NOT_COMPUTED,False,False,False,[104]
D1__CAL_R1_K125,D1,125,CAL,R1,PS 14:0_24:3,PS,0.0009688548376211329,,NOT_COMPUTED,False,False,False,[105]
D1__CAL_R1_K125,D1,125,CAL,R1,PS 14:0_24:4,PS,0.00030402929839026403,,NOT_COMPUTED,False,False,False,[106]
D1__CAL_R1_K125,D1,125,CAL,R1,PS 14:0_24:5,PS,1.1558606781168722e-05,,NOT_COMPUTED,False,False,False,[107]
D1__CAL_R1_K125,D1,125,CAL,R1,PS 14:0_24:6,PS,0.0007274903844250519,,NOT_COMPUTED,False,False,False,[108]
D1__CAL_R1_K125,D1,125,CAL,R1,PS 15:0_22:0,PS,1.305936451565351e-06,,NOT_COMPUTED,False,False,False,[210]
D1__CAL_R1_K125,D1,125,CAL,R1,PS 15:0_22:1,PS,7.528358502611646e-09,,NOT_COMPUTED,False,False,False,[211]
D1__CAL_R1_K125,D1,125,CAL,R1,PS 15:0_22:2,PS,4.0192669927918634e-07,,NOT_COMPUTED,False,False,False,[212]
D1__CAL_R1_K125,D1,125,CAL,R1,PS 15:0_24:4,PS,0.00016414121017701544,,NOT_COMPUTED,False,False,False,[213]
D1__CAL_R1_K125,D1,125,CAL,R1,PS 16:0_22:0,PS,0.0,,NOT_COMPUTED,False,False,False,[109]
D1__CAL_R1_K125,D1,125,CAL,R1,PS 16:0_22:1,PS,0.0,,NOT_COMPUTED,False,False,False,[110]
D1__CAL_R1_K125,D1,125,CAL,R1,PS 16:0_22:2,PS,1.8128185718698848e-07,,NOT_COMPUTED,False,False,False,[111]
D1__CAL_R1_K125,D1,125,CAL,R1,PS 16:0_22:3,PS,0.00032994281582123056,,NOT_COMPUTED,False,False,False,[112]
D1__CAL_R1_K125,D1,125,CAL,R1,PS 16:0_22:4,PS,0.0002047707076874651,,NOT_COMPUTED,False,False,False,[113]
D1__CAL_R1_K125,D1,125,CAL,R1,PS 16:0_22:5,PS,0.006111607959684774,4.0657195206286335e-06,COMPUTED,True,True,True,[114]
D1__CAL_R1_K125,D1,125,CAL,R1,PS 16:0_22:6,PS,4.688499319795564e-06,,NOT_COMPUTED,False,False,False,[115]
D1__CAL_R1_K125,D1,125,CAL,R1,PS 16:0_24:0,PS,3.7661863298319046e-05,,NOT_COMPUTED,False,False,False,[116]
D1__CAL_R1_K125,D1,125,CAL,R1,PS 16:0_24:1,PS,0.0,,NOT_COMPUTED,False,False,False,[117]
D1__CAL_R1_K125,D1,125,CAL,R1,PS 16:0_24:2,PS,0.0008213601446253604,,NOT_COMPUTED,False,False,False,[118]
D1__CAL_R1_K125,D1,125,CAL,R1,PS 16:0_24:3,PS,0.0005097020922296821,,NOT_COMPUTED,False,False,False,[119]
D1__CAL_R1_K125,D1,125,CAL,R1,PS 16:0_24:4,PS,0.009097617782831172,2.6508247377966755e-06,COMPUTED,True,True,True,[120]
D1__CAL_R1_K125,D1,125,CAL,R1,PS 16:0_24:5,PS,0.007836730371928063,2.4110127694155514e-26,COMPUTED,True,False,False,[121]
D1__CAL_R1_K125,D1,125,CAL,R1,PS 16:0_24:6,PS,6.6326609910957695e-06,,NOT_COMPUTED,False,False,False,[122]
D1__CAL_R1_K125,D1,125,CAL,R1,PS 16:1_22:1,PS,3.387023278432025e-09,,NOT_COMPUTED,False,False,False,[124]
D1__CAL_R1_K125,D1,125,CAL,R1,PS 16:1_22:2,PS,0.007060361450346401,6.308819546325439e-06,COMPUTED,True,True,True,[125]
D1__CAL_R1_K125,D1,125,CAL,R1,PS 16:1_22:3,PS,2.7146675961239485e-08,,NOT_COMPUTED,False,False,False,[126]
D1__CAL_R1_K125,D1,125,CAL,R1,PS 16:1_22:4,PS,0.0023494542237586908,0.0,COMPUTED,True,False,False,[127]
D1__CAL_R1_K125,D1,125,CAL,R1,PS 16:1_22:5,PS,0.007048799518148925,9.1507812950103e-06,COMPUTED,True,True,True,[128]
D1__CAL_R1_K125,D1,125,CAL,R1,PS 16:1_22:6,PS,9.263975076396787e-05,,NOT_COMPUTED,False,False,False,[129]
D1__CAL_R1_K125,D1,125,CAL,R1,PS 16:1_24:1,PS,0.0015414868825011677,1.4374337768527076e-22,COMPUTED,True,False,False,[131]
D1__CAL_R1_K125,D1,125,CAL,R1,PS 16:1_24:2,PS,0.006236577490216185,1.8962683722003884e-26,COMPUTED,True,False,False,[132]
D1__CAL_R1_K125,D1,125,CAL,R1,PS 16:1_24:3,PS,0.0008256237407583079,,NOT_COMPUTED,False,False,False,[133]
D1__CAL_R1_K125,D1,125,CAL,R1,PS 16:1_24:4,PS,0.02842494361244513,0.00011864352532901704,COMPUTED,True,True,True,[134]
D1__CAL_R1_K125,D1,125,CAL,R1,PS 16:1_24:5,PS,0.03001023301296629,0.00013302594521723998,COMPUTED,True,True,True,[135]
D1__CAL_R1_K125,D1,125,CAL,R1,PS 16:1_24:6,PS,2.6694418676932952e-05,,NOT_COMPUTED,False,False,False,[136]
D1__CAL_R1_K125,D1,125,CAL,R1,PS 17:0_20:0,PS,0.0,,NOT_COMPUTED,False,False,False,[214]
D1__CAL_R1_K125,D1,125,CAL,R1,PS 17:0_20:1,PS,7.0496036073711185e-06,,NOT_COMPUTED,False,False,False,[215]
D1__CAL_R1_K125,D1,125,CAL,R1,PS 17:0_20:2,PS,0.0,,NOT_COMPUTED,False,False,False,[216]
D1__CAL_R1_K125,D1,125,CAL,R1,PS 17:0_22:0,PS,5.2977227906869395e-06,,NOT_COMPUTED,False,False,False,[217]
D1__CAL_R1_K125,D1,125,CAL,R1,PS 17:0_22:1,PS,6.518353776568864e-08,,NOT_COMPUTED,False,False,False,[218]
D1__CAL_R1_K125,D1,125,CAL,R1,PS 17:0_22:2,PS,0.0,,NOT_COMPUTED,False,False,False,[219]
D1__CAL_R1_K125,D1,125,CAL,R1,PS 17:0_22:3,PS,0.03141979649583784,0.0004478309449369752,COMPUTED,True,True,True,[220]
D1__CAL_R1_K125,D1,125,CAL,R1,PS 17:0_22:4,PS,2.1629456211980562e-05,,NOT_COMPUTED,False,False,False,[221]
D1__CAL_R1_K125,D1,125,CAL,R1,PS 17:0_22:5,PS,0.008611041617280274,5.8738102351430905e-05,COMPUTED,True,True,True,[222]
D1__CAL_R1_K125,D1,125,CAL,R1,PS 17:0_22:6,PS,7.296469664800366e-05,,NOT_COMPUTED,False,False,False,[223]
D1__CAL_R1_K125,D1,125,CAL,R1,PS 17:1_20:1,PS,0.0,,NOT_COMPUTED,False,False,False,[225]
D1__CAL_R1_K125,D1,125,CAL,R1,PS 17:1_22:1,PS,1.0703950364121721e-08,,NOT_COMPUTED,False,False,False,[227]
D1__CAL_R1_K125,D1,125,CAL,R1,PS 17:1_22:2,PS,4.494883284822738e-05,,NOT_COMPUTED,False,False,False,[228]
D1__CAL_R1_K125,D1,125,CAL,R1,PS 17:1_22:3,PS,0.0,,NOT_COMPUTED,False,False,False,[229]
D1__CAL_R1_K125,D1,125,CAL,R1,PS 17:1_22:4,PS,0.00034075634385969305,,NOT_COMPUTED,False,False,False,[230]
D1__CAL_R1_K125,D1,125,CAL,R1,PS 17:1_22:5,PS,0.0,,NOT_COMPUTED,False,False,False,[231]
D1__CAL_R1_K125,D1,125,CAL,R1,PS 17:1_22:6,PS,2.495563194444978e-07,,NOT_COMPUTED,False,False,False,[232]
D1__CAL_R1_K125,D1,125,CAL,R1,PS 18:0_20:0,PS,6.401135191226577e-08,,NOT_COMPUTED,False,False,False,[137]
D1__CAL_R1_K125,D1,125,CAL,R1,PS 18:0_20:1,PS,4.729378421780254e-09,,NOT_COMPUTED,False,False,False,[138]
D1__CAL_R1_K125,D1,125,CAL,R1,PS 18:0_20:2,PS,6.617405360974895e-06,,NOT_COMPUTED,False,False,False,[139]
D1__CAL_R1_K125,D1,125,CAL,R1,PS 18:0_20:3,PS,1.5346023634635017e-07,,NOT_COMPUTED,False,False,False,[140]
D1__CAL_R1_K125,D1,125,CAL,R1,PS 18:0_20:4,PS,0.0012052579014146681,1.5944218925981702e-23,COMPUTED,True,False,False,[141]
D1__CAL_R1_K125,D1,125,CAL,R1,PS 18:0_20:5,PS,0.009702400156896945,3.54017684343834e-06,COMPUTED,True,True,True,[142]
D1__CAL_R1_K125,D1,125,CAL,R1,PS 18:0_22:0,PS,1.1957978278725862e-07,,NOT_COMPUTED,False,False,False,[143]
D1__CAL_R1_K125,D1,125,CAL,R1,PS 18:0_22:1,PS,6.497843542574421e-08,,NOT_COMPUTED,False,False,False,[144]
D1__CAL_R1_K125,D1,125,CAL,R1,PS 18:0_22:2,PS,4.775324900175902e-08,,NOT_COMPUTED,False,False,False,[145]
D1__CAL_R1_K125,D1,125,CAL,R1,PS 18:0_22:3,PS,1.8712496137114885e-05,,NOT_COMPUTED,False,False,False,[146]
D1__CAL_R1_K125,D1,125,CAL,R1,PS 18:0_22:4,PS,9.887119843852772e-05,,NOT_COMPUTED,False,False,False,[147]
D1__CAL_R1_K125,D1,125,CAL,R1,PS 18:0_22:5,PS,0.007756879499640447,1.0984429447091274e-06,COMPUTED,True,True,True,[148]
D1__CAL_R1_K125,D1,125,CAL,R1,PS 18:0_22:6,PS,0.0010682491163489162,5.0455711428400144e-23,COMPUTED,True,False,False,[149]
D1__CAL_R1_K125,D1,125,CAL,R1,PS 18:1_20:1,PS,9.460604662056703e-08,,NOT_COMPUTED,False,False,False,[151]
D1__CAL_R1_K125,D1,125,CAL,R1,PS 18:1_20:2,PS,0.0,,NOT_COMPUTED,False,False,False,[152]
D1__CAL_R1_K125,D1,125,CAL,R1,PS 18:1_20:3,PS,0.0017866604067172508,0.0,COMPUTED,True,False,False,[153]
D1__CAL_R1_K125,D1,125,CAL,R1,PS 18:1_20:4,PS,0.0007140831826891161,,NOT_COMPUTED,False,False,False,[154]
D1__CAL_R1_K125,D1,125,CAL,R1,PS 18:1_20:5,PS,0.0006014510458891427,,NOT_COMPUTED,False,False,False,[155]
D1__CAL_R1_K125,D1,125,CAL,R1,PS 18:1_22:1,PS,0.0,,NOT_COMPUTED,False,False,False,[157]
D1__CAL_R1_K125,D1,125,CAL,R1,PS 18:1_22:2,PS,0.009747661145249251,3.288137441755765e-06,COMPUTED,True,True,True,[158]
D1__CAL_R1_K125,D1,125,CAL,R1,PS 18:1_22:3,PS,0.0,,NOT_COMPUTED,False,False,False,[159]
D1__CAL_R1_K125,D1,125,CAL,R1,PS 18:1_22:4,PS,0.010112169732051804,8.42788789244256e-06,COMPUTED,True,True,True,[160]
D1__CAL_R1_K125,D1,125,CAL,R1,PS 18:1_22:5,PS,0.004985622860476422,0.0,COMPUTED,True,False,False,[161]
D1__CAL_R1_K125,D1,125,CAL,R1,PS 18:1_22:6,PS,2.2400020298691473e-08,,NOT_COMPUTED,False,False,False,[162]
D1__CAL_R1_K125,D1,125,CAL,R1,PS 18:2_20:2,PS,0.0,,NOT_COMPUTED,False,False,False,[165]
D1__CAL_R1_K125,D1,125,CAL,R1,PS 18:2_20:3,PS,7.769426853723894e-06,,NOT_COMPUTED,False,False,False,[166]
D1__CAL_R1_K125,D1,125,CAL,R1,PS 18:2_20:4,PS,4.836691284945398e-08,,NOT_COMPUTED,False,False,False,[167]
D1__CAL_R1_K125,D1,125,CAL,R1,PS 18:2_20:5,PS,0.0,,NOT_COMPUTED,False,False,False,[168]
D1__CAL_R1_K125,D1,125,CAL,R1,PS 18:2_22:2,PS,0.0035688078982534233,1.8243304320488513e-23,COMPUTED,True,False,False,[171]
D1__CAL_R1_K125,D1,125,CAL,R1,PS 18:2_22:3,PS,4.298751753404984e-06,,NOT_COMPUTED,False,False,False,[172]
D1__CAL_R1_K125,D1,125,CAL,R1,PS 18:2_22:4,PS,0.0016609188908230101,2.978363616605773e-22,COMPUTED,True,False,False,[173]
D1__CAL_R1_K125,D1,125,CAL,R1,PS 18:2_22:5,PS,5.9290104902609866e-08,,NOT_COMPUTED,False,False,False,[174]
D1__CAL_R1_K125,D1,125,CAL,R1,PS 18:2_22:6,PS,0.00041988332513802454,,NOT_COMPUTED,False,False,False,[175]
D1__CAL_R1_K125,D1,125,CAL,R1,PS 18:3_20:3,PS,8.10695723249126e-05,,NOT_COMPUTED,False,False,False,[179]
D1__CAL_R1_K125,D1,125,CAL,R1,PS 18:3_20:4,PS,4.570576238641235e-07,,NOT_COMPUTED,False,False,False,[180]
D1__CAL_R1_K125,D1,125,CAL,R1,PS 18:3_20:5,PS,1.0051064541619963e-07,,NOT_COMPUTED,False,False,False,[181]
D1__CAL_R1_K125,D1,125,CAL,R1,PS 18:3_22:3,PS,3.631191377403871e-07,,NOT_COMPUTED,False,False,False,[185]
D1__CAL_R1_K125,D1,125,CAL,R1,PS 18:3_22:4,PS,0.0006134115470665093,,NOT_COMPUTED,False,False,False,[186]
D1__CAL_R1_K125,D1,125,CAL,R1,PS 18:3_22:5,PS,0.03407232051266478,0.0005737320990317188,COMPUTED,True,True,True,[187]
D1__CAL_R1_K125,D1,125,CAL,R1,PS 18:3_22:6,PS,0.00021583902964860196,,NOT_COMPUTED,False,False,False,[188]
D1__CAL_R1_K125,D1,125,CAL,R1,PS 20:0_17:1,PS,1.0310306217677385e-08,,NOT_COMPUTED,False,False,False,[224]
D1__CAL_R1_K125,D1,125,CAL,R1,PS 20:0_18:1,PS,2.379286563525076e-08,,NOT_COMPUTED,False,False,False,[150]
D1__CAL_R1_K125,D1,125,CAL,R1,PS 20:0_18:2,PS,7.849674539911292e-07,,NOT_COMPUTED,False,False,False,[163]
D1__CAL_R1_K125,D1,125,CAL,R1,PS 20:0_18:3,PS,0.0001579385493655246,,NOT_COMPUTED,False,False,False,[176]
D1__CAL_R1_K125,D1,125,CAL,R1,PS 20:0_20:0,PS,1.8385255996334717e-05,,NOT_COMPUTED,False,False,False,[189]
D1__CAL_R1_K125,D1,125,CAL,R1,PS 20:0_20:1,PS,0.0,,NOT_COMPUTED,False,False,False,[190]
D1__CAL_R1_K125,D1,125,CAL,R1,PS 20:0_20:2,PS,0.0010015677750857114,9.82749461382711e-29,COMPUTED,True,False,False,[191]
D1__CAL_R1_K125,D1,125,CAL,R1,PS 20:0_20:3,PS,0.0034479944312318105,4.878183279206407e-23,COMPUTED,True,False,False,[192]
D1__CAL_R1_K125,D1,125,CAL,R1,PS 20:0_20:4,PS,0.003306185978170991,4.71813523795979e-24,COMPUTED,True,False,False,[193]
D1__CAL_R1_K125,D1,125,CAL,R1,PS 20:0_20:5,PS,0.004178598843619194,5.920592403436118e-23,COMPUTED,True,False,False,[194]
D1__CAL_R1_K125,D1,125,CAL,R1,PS 20:1_18:2,PS,0.0,,NOT_COMPUTED,False,False,False,[164]
D1__CAL_R1_K125,D1,125,CAL,R1,PS 20:1_18:3,PS,0.011073532239018481,6.85206261975087e-06,COMPUTED,True,True,True,[177]
D1__CAL_R1_K125,D1,125,CAL,R1,PS 20:1_20:1,PS,0.000260365619762339,,NOT_COMPUTED,False,False,False,[195]
D1__CAL_R1_K125,D1,125,CAL,R1,PS 20:1_20:2,PS,6.180579079338707e-08,,NOT_COMPUTED,False,False,False,[196]
D1__CAL_R1_K125,D1,125,CAL,R1,PS 20:1_20:3,PS,0.0004543221380535836,,NOT_COMPUTED,False,False,False,[197]
D1__CAL_R1_K125,D1,125,CAL,R1,PS 20:1_20:4,PS,7.351003300646857e-06,,NOT_COMPUTED,False,False,False,[198]
D1__CAL_R1_K125,D1,125,CAL,R1,PS 20:1_20:5,PS,0.016615536482565155,3.907744130311137e-05,COMPUTED,True,True,True,[199]
D1__CAL_R1_K125,D1,125,CAL,R1,PS 20:2_18:3,PS,0.0002446530425656188,,NOT_COMPUTED,False,False,False,[178]
D1__CAL_R1_K125,D1,125,CAL,R1,PS 20:2_20:2,PS,0.0,,NOT_COMPUTED,False,False,False,[200]
D1__CAL_R1_K125,D1,125,CAL,R1,PS 20:2_20:3,PS,5.4406639605907165e-06,,NOT_COMPUTED,False,False,False,[201]
D1__CAL_R1_K125,D1,125,CAL,R1,PS 20:2_20:4,PS,0.00012036746710140174,,NOT_COMPUTED,False,False,False,[202]
D1__CAL_R1_K125,D1,125,CAL,R1,PS 20:2_20:5,PS,8.27233350727595e-08,,NOT_COMPUTED,False,False,False,[203]
D1__CAL_R1_K125,D1,125,CAL,R1,PS 20:3_20:3,PS,0.001565527368687436,0.0,COMPUTED,True,False,False,[204]
D1__CAL_R1_K125,D1,125,CAL,R1,PS 20:3_20:4,PS,2.9261164253584293e-08,,NOT_COMPUTED,False,False,False,[205]
D1__CAL_R1_K125,D1,125,CAL,R1,PS 20:3_20:5,PS,0.0008172807191074083,,NOT_COMPUTED,False,False,False,[206]
D1__CAL_R1_K125,D1,125,CAL,R1,PS 20:4_20:4,PS,2.2208119340098879e-07,,NOT_COMPUTED,False,False,False,[207]
D1__CAL_R1_K125,D1,125,CAL,R1,PS 20:4_20:5,PS,0.0,,NOT_COMPUTED,False,False,False,[208]
D1__CAL_R1_K125,D1,125,CAL,R1,PS 20:5_20:5,PS,0.027428836397442834,0.001452695618492129,COMPUTED,True,True,True,[209]
D1__CAL_R1_K125,D1,125,CAL,R1,PS 22:0_16:1,PS,2.4387068696510373e-05,,NOT_COMPUTED,False,False,False,[123]
D1__CAL_R1_K125,D1,125,CAL,R1,PS 22:0_17:1,PS,2.6141362420871e-06,,NOT_COMPUTED,False,False,False,[226]
D1__CAL_R1_K125,D1,125,CAL,R1,PS 22:0_18:1,PS,6.268256206300702e-10,,NOT_COMPUTED,False,False,False,[156]
D1__CAL_R1_K125,D1,125,CAL,R1,PS 22:0_18:2,PS,0.008569907553432024,1.7659448840892121e-06,COMPUTED,True,True,True,[169]
D1__CAL_R1_K125,D1,125,CAL,R1,PS 22:0_18:3,PS,0.0067221398822285925,6.49307082408619e-23,COMPUTED,True,False,False,[182]
D1__CAL_R1_K125,D1,125,CAL,R1,PS 22:1_18:2,PS,2.8963967319742593e-08,,NOT_COMPUTED,False,False,False,[170]
D1__CAL_R1_K125,D1,125,CAL,R1,PS 22:1_18:3,PS,0.0,,NOT_COMPUTED,False,False,False,[183]
D1__CAL_R1_K125,D1,125,CAL,R1,PS 22:2_18:3,PS,0.002472767266809884,0.0,COMPUTED,True,False,False,[184]
D1__CAL_R1_K125,D1,125,CAL,R1,PS 24:0_16:1,PS,4.985479515155788e-05,,NOT_COMPUTED,False,False,False,[130]
