dataset_id,domain,K,split,replicate,candidate_index,candidate_id,lipid_name,lipid_class,X_hat,rho_zero,rho_zero_status,raw_solver_reported,molecular_truth,candidate_truth,reportable_truth
D0__CAL_R1_K125,D0,125,CAL,R1,0,PA-H__0075,PA 16:0_24:0,PA,0.0027507364766670276,0.0,COMPUTED,True,False,False,False
D0__CAL_R1_K125,D0,125,CAL,R1,1,PA-H__0076,PA 16:0_24:1,PA,0.0014741730568191118,0.0,COMPUTED,True,False,False,False
D0__CAL_R1_K125,D0,125,CAL,R1,2,PA-H__0077,PA 16:0_24:2,PA,2.5116350936071305e-05,,NOT_COMPUTED,False,False,False,False
D0__CAL_R1_K125,D0,125,CAL,R1,3,PA-H__0078,PA 16:0_24:3,PA,0.0,,NOT_COMPUTED,False,False,False,False
D0__CAL_R1_K125,D0,125,CAL,R1,4,PA-H__0079,PA 16:0_24:4,PA,0.0002206252637961905,,NOT_COMPUTED,False,False,False,False
D0__CAL_R1_K125,D0,125,CAL,R1,5,PA-H__0080,PA 16:0_24:5,PA,0.00023905249404848264,,NOT_COMPUTED,False,False,False,False
D0__CAL_R1_K125,D0,125,CAL,R1,6,PA-H__0100,PA 24:0_16:1,PA,9.219380962174922e-05,,NOT_COMPUTED,False,False,False,False
D0__CAL_R1_K125,D0,125,CAL,R1,7,PA-H__0101,PA 16:1_24:1,PA,7.897760258159107e-05,,NOT_COMPUTED,False,False,False,False
D0__CAL_R1_K125,D0,125,CAL,R1,8,PA-H__0102,PA 16:1_24:2,PA,6.206930971902396e-08,,NOT_COMPUTED,False,False,False,False
D0__CAL_R1_K125,D0,125,CAL,R1,9,PA-H__0103,PA 16:1_24:3,PA,0.00012462123339824574,,NOT_COMPUTED,False,False,False,False
D0__CAL_R1_K125,D0,125,CAL,R1,10,PA-H__0104,PA 16:1_24:4,PA,0.00015959538845047882,,NOT_COMPUTED,False,False,False,False
D0__CAL_R1_K125,D0,125,CAL,R1,11,PA-H__0117,PA 18:0_22:0,PA,0.0302569332294361,4.7417322938868155e-06,COMPUTED,True,True,True,True
D0__CAL_R1_K125,D0,125,CAL,R1,12,PA-H__0118,PA 18:0_22:1,PA,0.019470038579732035,1.477387970638597e-06,COMPUTED,True,True,True,True
D0__CAL_R1_K125,D0,125,CAL,R1,13,PA-H__0119,PA 18:0_22:2,PA,0.0022689021512165876,1.6583717692827612e-26,COMPUTED,True,False,False,False
D0__CAL_R1_K125,D0,125,CAL,R1,14,PA-H__0120,PA 18:0_22:3,PA,0.00027417108803217625,,NOT_COMPUTED,False,False,False,False
D0__CAL_R1_K125,D0,125,CAL,R1,15,PA-H__0121,PA 18:0_22:4,PA,0.0017720647821435063,0.0,COMPUTED,True,False,False,False
D0__CAL_R1_K125,D0,125,CAL,R1,16,PA-H__0122,PA 18:0_22:5,PA,0.005618630731058508,9.90958805154621e-22,COMPUTED,True,False,False,False
D0__CAL_R1_K125,D0,125,CAL,R1,17,PA-H__0124,PA 18:0_24:0,PA,9.92472763005745e-07,,NOT_COMPUTED,False,False,False,False
D0__CAL_R1_K125,D0,125,CAL,R1,18,PA-H__0125,PA 18:0_24:1,PA,6.359002112290744e-05,,NOT_COMPUTED,False,False,False,False
D0__CAL_R1_K125,D0,125,CAL,R1,19,PA-H__0126,PA 18:0_24:2,PA,3.5047053484364104e-06,,NOT_COMPUTED,False,False,False,False
D0__CAL_R1_K125,D0,125,CAL,R1,20,PA-H__0127,PA 18:0_24:3,PA,0.004823572673156633,3.59896362353006e-27,COMPUTED,True,False,False,False
D0__CAL_R1_K125,D0,125,CAL,R1,21,PA-H__0128,PA 18:0_24:4,PA,0.008927214519701996,0.0,COMPUTED,True,False,False,False
D0__CAL_R1_K125,D0,125,CAL,R1,22,PA-H__0129,PA 18:0_24:5,PA,0.015515035098073855,1.2084405861207939e-06,COMPUTED,True,True,True,True
D0__CAL_R1_K125,D0,125,CAL,R1,23,PA-H__0130,PA 18:0_24:6,PA,0.0011065740460788555,1.3622087551464435e-23,COMPUTED,True,False,False,False
D0__CAL_R1_K125,D0,125,CAL,R1,24,PA-H__0140,PA 22:0_18:1,PA,0.0016215997802414381,1.6082790882328644e-22,COMPUTED,True,False,False,False
D0__CAL_R1_K125,D0,125,CAL,R1,25,PA-H__0141,PA 18:1_22:1,PA,0.010416038958241827,1.4414983161240266e-22,COMPUTED,True,False,False,False
D0__CAL_R1_K125,D0,125,CAL,R1,26,PA-H__0142,PA 18:1_22:2,PA,0.0,,NOT_COMPUTED,False,False,False,False
D0__CAL_R1_K125,D0,125,CAL,R1,27,PA-H__0143,PA 18:1_22:3,PA,8.257327493638423e-09,,NOT_COMPUTED,False,False,False,False
D0__CAL_R1_K125,D0,125,CAL,R1,28,PA-H__0144,PA 18:1_22:4,PA,0.0012437196415413597,2.4457381857997894e-23,COMPUTED,True,False,False,False
D0__CAL_R1_K125,D0,125,CAL,R1,29,PA-H__0147,PA 24:0_18:1,PA,2.0833010512886933e-05,,NOT_COMPUTED,False,False,False,False
D0__CAL_R1_K125,D0,125,CAL,R1,30,PA-H__0148,PA 18:1_24:1,PA,7.165897477013616e-05,,NOT_COMPUTED,False,False,False,False
D0__CAL_R1_K125,D0,125,CAL,R1,31,PA-H__0149,PA 18:1_24:2,PA,0.0005606147414636682,,NOT_COMPUTED,False,False,False,False
D0__CAL_R1_K125,D0,125,CAL,R1,32,PA-H__0150,PA 18:1_24:3,PA,0.0011090182812548836,3.261264788323556e-23,COMPUTED,True,False,False,False
D0__CAL_R1_K125,D0,125,CAL,R1,33,PA-H__0151,PA 18:1_24:4,PA,0.00046700411847464435,,NOT_COMPUTED,False,False,False,False
D0__CAL_R1_K125,D0,125,CAL,R1,34,PA-H__0152,PA 18:1_24:5,PA,0.013256465520692077,1.680742264963102e-06,COMPUTED,True,True,True,True
D0__CAL_R1_K125,D0,125,CAL,R1,35,PA-H__0153,PA 18:1_24:6,PA,0.0011268728033264571,0.0,COMPUTED,True,False,False,False
D0__CAL_R1_K125,D0,125,CAL,R1,36,PA-H__0162,PA 22:0_18:2,PA,0.0036907467030123224,3.7998553037046975e-07,COMPUTED,True,True,True,True
D0__CAL_R1_K125,D0,125,CAL,R1,37,PA-H__0163,PA 22:1_18:2,PA,0.0,,NOT_COMPUTED,False,False,False,False
D0__CAL_R1_K125,D0,125,CAL,R1,38,PA-H__0164,PA 18:2_22:2,PA,0.0,,NOT_COMPUTED,False,False,False,False
D0__CAL_R1_K125,D0,125,CAL,R1,39,PA-H__0165,PA 18:2_22:3,PA,0.0003625095288647556,,NOT_COMPUTED,False,False,False,False
D0__CAL_R1_K125,D0,125,CAL,R1,40,PA-H__0169,PA 24:0_18:2,PA,0.0,,NOT_COMPUTED,False,False,False,False
D0__CAL_R1_K125,D0,125,CAL,R1,41,PA-H__0170,PA 24:1_18:2,PA,0.006017620769603231,1.2687646764783371e-23,COMPUTED,True,False,False,False
D0__CAL_R1_K125,D0,125,CAL,R1,42,PA-H__0171,PA 18:2_24:2,PA,0.0009333913687291944,,NOT_COMPUTED,False,False,False,False
D0__CAL_R1_K125,D0,125,CAL,R1,43,PA-H__0172,PA 18:2_24:3,PA,0.0007625879070069071,,NOT_COMPUTED,False,False,False,False
D0__CAL_R1_K125,D0,125,CAL,R1,44,PA-H__0173,PA 18:2_24:4,PA,0.00590257510651797,1.2955604502933021e-06,COMPUTED,True,True,True,True
D0__CAL_R1_K125,D0,125,CAL,R1,45,PA-H__0174,PA 18:2_24:5,PA,0.001328725676483463,3.056142741792795e-23,COMPUTED,True,False,False,False
D0__CAL_R1_K125,D0,125,CAL,R1,46,PA-H__0175,PA 18:2_24:6,PA,0.0006232487875110943,,NOT_COMPUTED,False,False,False,False
D0__CAL_R1_K125,D0,125,CAL,R1,47,PA-H__0183,PA 22:0_18:3,PA,0.0,,NOT_COMPUTED,False,False,False,False
D0__CAL_R1_K125,D0,125,CAL,R1,48,PA-H__0184,PA 22:1_18:3,PA,1.457265035225535e-09,,NOT_COMPUTED,False,False,False,False
D0__CAL_R1_K125,D0,125,CAL,R1,49,PA-H__0185,PA 22:2_18:3,PA,8.980214258817847e-06,,NOT_COMPUTED,False,False,False,False
D0__CAL_R1_K125,D0,125,CAL,R1,50,PA-H__0190,PA 24:0_18:3,PA,5.144462279208402e-05,,NOT_COMPUTED,False,False,False,False
D0__CAL_R1_K125,D0,125,CAL,R1,51,PA-H__0191,PA 24:1_18:3,PA,0.004395596543508689,2.325631078389146e-07,COMPUTED,True,True,True,True
D0__CAL_R1_K125,D0,125,CAL,R1,52,PA-H__0192,PA 24:2_18:3,PA,2.952347527469626e-07,,NOT_COMPUTED,False,False,False,False
D0__CAL_R1_K125,D0,125,CAL,R1,53,PA-H__0193,PA 18:3_24:3,PA,0.0,,NOT_COMPUTED,False,False,False,False
D0__CAL_R1_K125,D0,125,CAL,R1,54,PA-H__0194,PA 18:3_24:4,PA,0.002241545486156376,6.066452738819561e-23,COMPUTED,True,False,False,False
D0__CAL_R1_K125,D0,125,CAL,R1,55,PA-H__0195,PA 18:3_24:5,PA,8.328761540078021e-06,,NOT_COMPUTED,False,False,False,False
D0__CAL_R1_K125,D0,125,CAL,R1,56,PA-H__0196,PA 18:3_24:6,PA,0.0033606614784760804,1.4797673994941995e-26,COMPUTED,True,False,False,False
D0__CAL_R1_K125,D0,125,CAL,R1,57,PA-H__0197,PA 20:0_20:0,PA,0.010910942541223597,6.782372493184656e-08,COMPUTED,True,True,True,True
D0__CAL_R1_K125,D0,125,CAL,R1,58,PA-H__0198,PA 20:0_20:1,PA,0.004351126304084713,2.6757806437086343e-22,COMPUTED,True,False,False,False
D0__CAL_R1_K125,D0,125,CAL,R1,59,PA-H__0199,PA 20:0_20:2,PA,0.0047531111870621765,0.0,COMPUTED,True,False,False,False
D0__CAL_R1_K125,D0,125,CAL,R1,60,PA-H__0200,PA 20:0_20:3,PA,2.7781911969304486e-07,,NOT_COMPUTED,False,False,False,False
D0__CAL_R1_K125,D0,125,CAL,R1,61,PA-H__0201,PA 20:0_20:4,PA,6.320835043699956e-05,,NOT_COMPUTED,False,False,False,False
D0__CAL_R1_K125,D0,125,CAL,R1,62,PA-H__0202,PA 20:0_20:5,PA,0.006172947505311743,4.795200814967674e-07,COMPUTED,True,True,True,True
D0__CAL_R1_K125,D0,125,CAL,R1,63,PA-H__0203,PA 20:0_22:0,PA,0.00018593895539850268,,NOT_COMPUTED,False,False,False,False
D0__CAL_R1_K125,D0,125,CAL,R1,64,PA-H__0204,PA 20:0_22:1,PA,6.417496532776512e-05,,NOT_COMPUTED,False,False,False,False
D0__CAL_R1_K125,D0,125,CAL,R1,65,PA-H__0205,PA 20:0_22:2,PA,3.639940066571069e-05,,NOT_COMPUTED,False,False,False,False
D0__CAL_R1_K125,D0,125,CAL,R1,66,PA-H__0206,PA 20:0_22:3,PA,0.01591097533657141,4.8046456863939724e-06,COMPUTED,True,True,True,True
D0__CAL_R1_K125,D0,125,CAL,R1,67,PA-H__0207,PA 20:0_22:4,PA,0.003464876541277545,3.9638343874987126e-07,COMPUTED,True,True,True,True
D0__CAL_R1_K125,D0,125,CAL,R1,68,PA-H__0208,PA 20:0_22:5,PA,0.005077843949308002,3.9186570890355e-24,COMPUTED,True,False,False,False
D0__CAL_R1_K125,D0,125,CAL,R1,69,PA-H__0209,PA 20:0_22:6,PA,0.005610930517597787,3.6128632264219517e-22,COMPUTED,True,False,False,False
D0__CAL_R1_K125,D0,125,CAL,R1,70,PA-H__0217,PA 20:1_20:1,PA,0.013645231676725308,1.3174379947829708e-06,COMPUTED,True,True,True,True
D0__CAL_R1_K125,D0,125,CAL,R1,71,PA-H__0218,PA 20:1_20:2,PA,0.0,,NOT_COMPUTED,False,False,False,False
D0__CAL_R1_K125,D0,125,CAL,R1,72,PA-H__0219,PA 20:1_20:3,PA,0.0,,NOT_COMPUTED,False,False,False,False
D0__CAL_R1_K125,D0,125,CAL,R1,73,PA-H__0220,PA 20:1_20:4,PA,0.0014716534180492264,3.384541383916187e-24,COMPUTED,True,False,False,False
D0__CAL_R1_K125,D0,125,CAL,R1,74,PA-H__0222,PA 22:0_20:1,PA,3.37378056391754e-06,,NOT_COMPUTED,False,False,False,False
D0__CAL_R1_K125,D0,125,CAL,R1,75,PA-H__0223,PA 20:1_22:1,PA,0.0,,NOT_COMPUTED,False,False,False,False
D0__CAL_R1_K125,D0,125,CAL,R1,76,PA-H__0224,PA 20:1_22:2,PA,0.0018832069650138287,1.5652140765486438e-26,COMPUTED,True,False,False,False
D0__CAL_R1_K125,D0,125,CAL,R1,77,PA-H__0225,PA 20:1_22:3,PA,0.001879719564177877,0.0,COMPUTED,True,False,False,False
D0__CAL_R1_K125,D0,125,CAL,R1,78,PA-H__0226,PA 20:1_22:4,PA,1.3606589884110421e-05,,NOT_COMPUTED,False,False,False,False
D0__CAL_R1_K125,D0,125,CAL,R1,79,PA-H__0227,PA 20:1_22:5,PA,0.0018295181601769015,0.0,COMPUTED,True,False,False,False
D0__CAL_R1_K125,D0,125,CAL,R1,80,PA-H__0228,PA 20:1_22:6,PA,0.005039991791635266,3.434936574944214e-07,COMPUTED,True,True,True,True
D0__CAL_R1_K125,D0,125,CAL,R1,81,PA-H__0236,PA 20:2_20:2,PA,0.0,,NOT_COMPUTED,False,False,False,False
D0__CAL_R1_K125,D0,125,CAL,R1,82,PA-H__0237,PA 20:2_20:3,PA,0.00024647895423293963,,NOT_COMPUTED,False,False,False,False
D0__CAL_R1_K125,D0,125,CAL,R1,83,PA-H__0240,PA 22:0_20:2,PA,1.2824934588657804e-05,,NOT_COMPUTED,False,False,False,False
D0__CAL_R1_K125,D0,125,CAL,R1,84,PA-H__0241,PA 22:1_20:2,PA,0.021017046143147637,9.571910905817733e-06,COMPUTED,True,True,True,True
D0__CAL_R1_K125,D0,125,CAL,R1,85,PA-H__0242,PA 20:2_22:2,PA,0.00022193974114725852,,NOT_COMPUTED,False,False,False,False
D0__CAL_R1_K125,D0,125,CAL,R1,86,PA-H__0243,PA 20:2_22:3,PA,0.0012399180660413432,0.0,COMPUTED,True,False,False,False
D0__CAL_R1_K125,D0,125,CAL,R1,87,PA-H__0244,PA 20:2_22:4,PA,3.180829861149465e-05,,NOT_COMPUTED,False,False,False,False
D0__CAL_R1_K125,D0,125,CAL,R1,88,PA-H__0245,PA 20:2_22:5,PA,0.00016058107188026048,,NOT_COMPUTED,False,False,False,False
D0__CAL_R1_K125,D0,125,CAL,R1,89,PA-H__0246,PA 20:2_22:6,PA,0.0008653122412759123,,NOT_COMPUTED,False,False,False,False
D0__CAL_R1_K125,D0,125,CAL,R1,90,PA-H__0257,PA 22:0_20:3,PA,0.019501872021987922,1.9152160433598193e-06,COMPUTED,True,True,True,True
D0__CAL_R1_K125,D0,125,CAL,R1,91,PA-H__0258,PA 22:1_20:3,PA,0.0020224037709401198,1.900030962046587e-22,COMPUTED,True,False,False,False
D0__CAL_R1_K125,D0,125,CAL,R1,92,PA-H__0259,PA 22:2_20:3,PA,0.0,,NOT_COMPUTED,False,False,False,False
D0__CAL_R1_K125,D0,125,CAL,R1,93,PA-H__0260,PA 20:3_22:3,PA,0.000907565722335029,,NOT_COMPUTED,False,False,False,False
D0__CAL_R1_K125,D0,125,CAL,R1,94,PA-H__0261,PA 20:3_22:4,PA,0.0,,NOT_COMPUTED,False,False,False,False
D0__CAL_R1_K125,D0,125,CAL,R1,95,PA-H__0262,PA 20:3_22:5,PA,0.0017944446400856616,2.3605738174510456e-26,COMPUTED,True,False,False,False
D0__CAL_R1_K125,D0,125,CAL,R1,96,PA-H__0263,PA 20:3_22:6,PA,0.014582658603816514,1.7082854056259504e-05,COMPUTED,True,True,True,True
D0__CAL_R1_K125,D0,125,CAL,R1,97,PA-H__0270,PA 20:3_24:6,PA,0.0055763662700160236,0.0,COMPUTED,True,False,False,False
D0__CAL_R1_K125,D0,125,CAL,R1,98,PA-H__0273,PA 22:0_20:4,PA,0.0038692147104012957,0.0,COMPUTED,True,False,False,False
D0__CAL_R1_K125,D0,125,CAL,R1,99,PA-H__0274,PA 22:1_20:4,PA,0.00035450655717975035,,NOT_COMPUTED,False,False,False,False
D0__CAL_R1_K125,D0,125,CAL,R1,100,PA-H__0275,PA 22:2_20:4,PA,1.4269383373116364e-05,,NOT_COMPUTED,False,False,False,False
D0__CAL_R1_K125,D0,125,CAL,R1,101,PA-H__0276,PA 22:3_20:4,PA,3.564432843659098e-05,,NOT_COMPUTED,False,False,False,False
D0__CAL_R1_K125,D0,125,CAL,R1,102,PA-H__0277,PA 20:4_22:4,PA,7.231650974203327e-10,,NOT_COMPUTED,False,False,False,False
D0__CAL_R1_K125,D0,125,CAL,R1,103,PA-H__0278,PA 20:4_22:5,PA,2.6485088323886683e-06,,NOT_COMPUTED,False,False,False,False
D0__CAL_R1_K125,D0,125,CAL,R1,104,PA-H__0279,PA 20:4_22:6,PA,0.00014058461726280933,,NOT_COMPUTED,False,False,False,False
D0__CAL_R1_K125,D0,125,CAL,R1,105,PA-H__0285,PA 20:4_24:5,PA,3.152995403583059e-05,,NOT_COMPUTED,False,False,False,False
D0__CAL_R1_K125,D0,125,CAL,R1,106,PA-H__0286,PA 20:4_24:6,PA,7.400076635771551e-06,,NOT_COMPUTED,False,False,False,False
D0__CAL_R1_K125,D0,125,CAL,R1,107,PA-H__0288,PA 22:0_20:5,PA,0.0011920439563195958,1.748472282678877e-31,COMPUTED,True,False,False,False
D0__CAL_R1_K125,D0,125,CAL,R1,108,PA-H__0289,PA 22:1_20:5,PA,0.002644198560163266,4.2135743212734266e-23,COMPUTED,True,False,False,False
D0__CAL_R1_K125,D0,125,CAL,R1,109,PA-H__0290,PA 22:2_20:5,PA,0.0,,NOT_COMPUTED,False,False,False,False
D0__CAL_R1_K125,D0,125,CAL,R1,110,PA-H__0291,PA 22:3_20:5,PA,1.695659750752951e-05,,NOT_COMPUTED,False,False,False,False
D0__CAL_R1_K125,D0,125,CAL,R1,111,PA-H__0292,PA 22:4_20:5,PA,0.004835495913811571,3.427089955816847e-22,COMPUTED,True,False,False,False
D0__CAL_R1_K125,D0,125,CAL,R1,112,PA-H__0293,PA 20:5_22:5,PA,0.00626097254450297,4.839928656055083e-06,COMPUTED,True,True,True,True
D0__CAL_R1_K125,D0,125,CAL,R1,113,PA-H__0294,PA 20:5_22:6,PA,0.003707202801767605,3.971290444816535e-23,COMPUTED,True,False,False,False
D0__CAL_R1_K125,D0,125,CAL,R1,114,PA-H__0299,PA 24:4_20:5,PA,2.0940606909194822e-05,,NOT_COMPUTED,False,False,False,False
D0__CAL_R1_K125,D0,125,CAL,R1,115,PA-H__0300,PA 20:5_24:5,PA,0.0026207490554530717,1.7152101062163613e-22,COMPUTED,True,False,False,False
D0__CAL_R1_K125,D0,125,CAL,R1,116,PA-H__0301,PA 20:5_24:6,PA,0.005348057536612061,5.305115748128681e-06,COMPUTED,True,True,True,True
D0__CAL_R1_K125,D0,125,CAL,R1,117,PA-H__0344,PA 22:3_22:6,PA,7.663181446484959e-05,,NOT_COMPUTED,False,False,False,False
D0__CAL_R1_K125,D0,125,CAL,R1,118,PA-H__0353,PA 22:4_22:5,PA,1.407160301914603e-08,,NOT_COMPUTED,False,False,False,False
D0__CAL_R1_K125,D0,125,CAL,R1,119,PA-H__0354,PA 22:4_22:6,PA,7.248394455770705e-06,,NOT_COMPUTED,False,False,False,False
D0__CAL_R1_K125,D0,125,CAL,R1,120,PA-H__0362,PA 22:5_22:5,PA,0.001205611113635642,0.0,COMPUTED,True,False,False,False
D0__CAL_R1_K125,D0,125,CAL,R1,121,PA-H__0363,PA 22:5_22:6,PA,0.0014348929785590265,1.914326984796069e-26,COMPUTED,True,False,False,False
D0__CAL_R1_K125,D0,125,CAL,R1,122,PA-H__0371,PA 22:6_22:6,PA,0.011042693439539097,4.309852915983235e-06,COMPUTED,True,True,True,True
D0__CAL_R1_K125,D0,125,CAL,R1,123,PA-H__0472,PA 17:0_24:4,PA,0.0,,NOT_COMPUTED,False,False,False,False
D0__CAL_R1_K125,D0,125,CAL,R1,124,PA-H__0494,PA 17:1_24:4,PA,3.1157274649933025e-05,,NOT_COMPUTED,False,False,False,False
D0__CAL_R1_K125,D0,125,CAL,R1,125,PS-H__0015,PS 12:0_22:0,PS,1.661265807643411e-07,,NOT_COMPUTED,False,False,False,False
D0__CAL_R1_K125,D0,125,CAL,R1,126,PS-H__0016,PS 12:0_22:1,PS,1.8227818805032508e-05,,NOT_COMPUTED,False,False,False,False
D0__CAL_R1_K125,D0,125,CAL,R1,127,PS-H__0017,PS 12:0_22:2,PS,0.0,,NOT_COMPUTED,False,False,False,False
D0__CAL_R1_K125,D0,125,CAL,R1,128,PS-H__0018,PS 12:0_22:3,PS,0.0,,NOT_COMPUTED,False,False,False,False
D0__CAL_R1_K125,D0,125,CAL,R1,129,PS-H__0019,PS 12:0_22:4,PS,0.0,,NOT_COMPUTED,False,False,False,False
D0__CAL_R1_K125,D0,125,CAL,R1,130,PS-H__0020,PS 12:0_22:5,PS,0.0,,NOT_COMPUTED,False,False,False,False
D0__CAL_R1_K125,D0,125,CAL,R1,131,PS-H__0021,PS 12:0_22:6,PS,0.0,,NOT_COMPUTED,False,False,False,False
D0__CAL_R1_K125,D0,125,CAL,R1,132,PS-H__0022,PS 12:0_24:0,PS,4.888430406547819e-05,,NOT_COMPUTED,False,False,False,False
D0__CAL_R1_K125,D0,125,CAL,R1,133,PS-H__0023,PS 12:0_24:1,PS,0.0,,NOT_COMPUTED,False,False,False,False
D0__CAL_R1_K125,D0,125,CAL,R1,134,PS-H__0024,PS 12:0_24:2,PS,0.0,,NOT_COMPUTED,False,False,False,False
D0__CAL_R1_K125,D0,125,CAL,R1,135,PS-H__0025,PS 12:0_24:3,PS,0.00644951378460037,2.871974135829485e-06,COMPUTED,True,True,True,True
D0__CAL_R1_K125,D0,125,CAL,R1,136,PS-H__0026,PS 12:0_24:4,PS,0.023916749743971375,9.028277165531793e-06,COMPUTED,True,True,True,True
D0__CAL_R1_K125,D0,125,CAL,R1,137,PS-H__0027,PS 12:0_24:5,PS,0.0025491200487232682,2.0263802923848095e-22,COMPUTED,True,False,False,False
D0__CAL_R1_K125,D0,125,CAL,R1,138,PS-H__0028,PS 12:0_24:6,PS,0.0009063303380563428,,NOT_COMPUTED,False,False,False,False
D0__CAL_R1_K125,D0,125,CAL,R1,139,PS-H__0036,PS 14:0_20:0,PS,0.00028662124433519783,,NOT_COMPUTED,False,False,False,False
D0__CAL_R1_K125,D0,125,CAL,R1,140,PS-H__0037,PS 14:0_20:1,PS,0.0,,NOT_COMPUTED,False,False,False,False
D0__CAL_R1_K125,D0,125,CAL,R1,141,PS-H__0038,PS 14:0_20:2,PS,0.00021344413673399538,,NOT_COMPUTED,False,False,False,False
D0__CAL_R1_K125,D0,125,CAL,R1,142,PS-H__0039,PS 14:0_20:3,PS,0.0,,NOT_COMPUTED,False,False,False,False
D0__CAL_R1_K125,D0,125,CAL,R1,143,PS-H__0040,PS 14:0_20:4,PS,0.0,,NOT_COMPUTED,False,False,False,False
D0__CAL_R1_K125,D0,125,CAL,R1,144,PS-H__0041,PS 14:0_20:5,PS,0.0,,NOT_COMPUTED,False,False,False,False
D0__CAL_R1_K125,D0,125,CAL,R1,145,PS-H__0042,PS 14:0_22:0,PS,4.6033843806943465e-05,,NOT_COMPUTED,False,False,False,False
D0__CAL_R1_K125,D0,125,CAL,R1,146,PS-H__0043,PS 14:0_22:1,PS,0.0,,NOT_COMPUTED,False,False,False,False
D0__CAL_R1_K125,D0,125,CAL,R1,147,PS-H__0044,PS 14:0_22:2,PS,0.0,,NOT_COMPUTED,False,False,False,False
D0__CAL_R1_K125,D0,125,CAL,R1,148,PS-H__0045,PS 14:0_22:3,PS,0.0006131194729859441,,NOT_COMPUTED,False,False,False,False
D0__CAL_R1_K125,D0,125,CAL,R1,149,PS-H__0046,PS 14:0_22:4,PS,1.5490565124621345e-07,,NOT_COMPUTED,False,False,False,False
D0__CAL_R1_K125,D0,125,CAL,R1,150,PS-H__0047,PS 14:0_22:5,PS,8.998463331615997e-05,,NOT_COMPUTED,False,False,False,False
D0__CAL_R1_K125,D0,125,CAL,R1,151,PS-H__0048,PS 14:0_22:6,PS,4.879195327846506e-06,,NOT_COMPUTED,False,False,False,False
D0__CAL_R1_K125,D0,125,CAL,R1,152,PS-H__0058,PS 16:0_18:0,PS,0.013403536635483618,4.6142708834554725e-05,COMPUTED,True,True,True,True
D0__CAL_R1_K125,D0,125,CAL,R1,153,PS-H__0059,PS 16:0_18:1,PS,0.0,,NOT_COMPUTED,False,False,False,False
D0__CAL_R1_K125,D0,125,CAL,R1,154,PS-H__0060,PS 16:0_18:2,PS,0.0009974441280261902,,NOT_COMPUTED,False,False,False,False
D0__CAL_R1_K125,D0,125,CAL,R1,155,PS-H__0061,PS 16:0_18:3,PS,3.817615984528156e-09,,NOT_COMPUTED,False,False,False,False
D0__CAL_R1_K125,D0,125,CAL,R1,156,PS-H__0062,PS 16:0_20:0,PS,4.6703260983149615e-07,,NOT_COMPUTED,False,False,False,False
D0__CAL_R1_K125,D0,125,CAL,R1,157,PS-H__0063,PS 16:0_20:1,PS,0.0,,NOT_COMPUTED,False,False,False,False
D0__CAL_R1_K125,D0,125,CAL,R1,158,PS-H__0064,PS 16:0_20:2,PS,4.824152152645931e-07,,NOT_COMPUTED,False,False,False,False
D0__CAL_R1_K125,D0,125,CAL,R1,159,PS-H__0065,PS 16:0_20:3,PS,0.0037891758799847874,1.1571022347578598e-22,COMPUTED,True,False,False,False
D0__CAL_R1_K125,D0,125,CAL,R1,160,PS-H__0066,PS 16:0_20:4,PS,0.006833148593585544,1.1015023303041625e-06,COMPUTED,True,True,True,True
D0__CAL_R1_K125,D0,125,CAL,R1,161,PS-H__0067,PS 16:0_20:5,PS,0.014913801924142055,5.908793859325891e-06,COMPUTED,True,True,True,True
D0__CAL_R1_K125,D0,125,CAL,R1,162,PS-H__0083,PS 18:0_16:1,PS,4.240991172222614e-08,,NOT_COMPUTED,False,False,False,False
D0__CAL_R1_K125,D0,125,CAL,R1,163,PS-H__0084,PS 16:1_18:1,PS,0.00041731642169703465,,NOT_COMPUTED,False,False,False,False
D0__CAL_R1_K125,D0,125,CAL,R1,164,PS-H__0085,PS 16:1_18:2,PS,3.654026508880789e-07,,NOT_COMPUTED,False,False,False,False
D0__CAL_R1_K125,D0,125,CAL,R1,165,PS-H__0086,PS 16:1_18:3,PS,0.0,,NOT_COMPUTED,False,False,False,False
D0__CAL_R1_K125,D0,125,CAL,R1,166,PS-H__0087,PS 20:0_16:1,PS,0.0,,NOT_COMPUTED,False,False,False,False
D0__CAL_R1_K125,D0,125,CAL,R1,167,PS-H__0088,PS 16:1_20:1,PS,4.4459210857367864e-05,,NOT_COMPUTED,False,False,False,False
D0__CAL_R1_K125,D0,125,CAL,R1,168,PS-H__0089,PS 16:1_20:2,PS,0.001254936876340342,3.245599904331251e-27,COMPUTED,True,False,False,False
D0__CAL_R1_K125,D0,125,CAL,R1,169,PS-H__0090,PS 16:1_20:3,PS,0.0010136222863160957,2.733507139849814e-26,COMPUTED,True,False,False,False
D0__CAL_R1_K125,D0,125,CAL,R1,170,PS-H__0091,PS 16:1_20:4,PS,0.007271038497988859,2.206213218245607e-06,COMPUTED,True,True,True,True
D0__CAL_R1_K125,D0,125,CAL,R1,171,PS-H__0092,PS 16:1_20:5,PS,8.3494742994955e-06,,NOT_COMPUTED,False,False,False,False
D0__CAL_R1_K125,D0,125,CAL,R1,172,PS-H__0107,PS 18:0_18:0,PS,0.0001653756831461532,,NOT_COMPUTED,False,False,False,False
D0__CAL_R1_K125,D0,125,CAL,R1,173,PS-H__0108,PS 18:0_18:1,PS,2.0135393124051398e-07,,NOT_COMPUTED,False,False,False,False
D0__CAL_R1_K125,D0,125,CAL,R1,174,PS-H__0109,PS 18:0_18:2,PS,9.683669617118125e-08,,NOT_COMPUTED,False,False,False,False
D0__CAL_R1_K125,D0,125,CAL,R1,175,PS-H__0110,PS 18:0_18:3,PS,0.03554034019592237,5.612279812522215e-05,COMPUTED,True,True,True,True
D0__CAL_R1_K125,D0,125,CAL,R1,176,PS-H__0131,PS 18:1_18:1,PS,2.5736934110443095e-05,,NOT_COMPUTED,False,False,False,False
D0__CAL_R1_K125,D0,125,CAL,R1,177,PS-H__0132,PS 18:1_18:2,PS,3.944573295680706e-06,,NOT_COMPUTED,False,False,False,False
D0__CAL_R1_K125,D0,125,CAL,R1,178,PS-H__0133,PS 18:1_18:3,PS,0.0001029269443899644,,NOT_COMPUTED,False,False,False,False
D0__CAL_R1_K125,D0,125,CAL,R1,179,PS-H__0154,PS 18:2_18:2,PS,0.002520720725018191,1.1237771541470573e-22,COMPUTED,True,False,False,False
D0__CAL_R1_K125,D0,125,CAL,R1,180,PS-H__0155,PS 18:2_18:3,PS,0.03126640507069482,0.0005310154775774535,COMPUTED,True,True,True,True
D0__CAL_R1_K125,D0,125,CAL,R1,181,PS-H__0176,PS 18:3_18:3,PS,0.01630047958487265,4.381909019445986e-06,COMPUTED,True,True,True,True
D0__CAL_R1_K125,D0,125,CAL,R1,182,PS-H__0415,PS 13:0_20:0,PS,6.147122247634924e-05,,NOT_COMPUTED,False,False,False,False
D0__CAL_R1_K125,D0,125,CAL,R1,183,PS-H__0421,PS 13:0_22:0,PS,1.1050416995889701e-05,,NOT_COMPUTED,False,False,False,False
D0__CAL_R1_K125,D0,125,CAL,R1,184,PS-H__0422,PS 13:0_22:1,PS,2.860622061906573e-05,,NOT_COMPUTED,False,False,False,False
D0__CAL_R1_K125,D0,125,CAL,R1,185,PS-H__0423,PS 13:0_22:2,PS,0.0,,NOT_COMPUTED,False,False,False,False
D0__CAL_R1_K125,D0,125,CAL,R1,186,PS-H__0424,PS 13:0_22:3,PS,0.0,,NOT_COMPUTED,False,False,False,False
D0__CAL_R1_K125,D0,125,CAL,R1,187,PS-H__0425,PS 13:0_22:4,PS,0.0003580837488140883,,NOT_COMPUTED,False,False,False,False
D0__CAL_R1_K125,D0,125,CAL,R1,188,PS-H__0426,PS 13:0_22:5,PS,0.028251188222675118,0.00024084189336514788,COMPUTED,True,True,True,True
D0__CAL_R1_K125,D0,125,CAL,R1,189,PS-H__0427,PS 13:0_22:6,PS,0.0,,NOT_COMPUTED,False,False,False,False
D0__CAL_R1_K125,D0,125,CAL,R1,190,PS-H__0428,PS 13:0_24:4,PS,5.1009598417845684e-05,,NOT_COMPUTED,False,False,False,False
D0__CAL_R1_K125,D0,125,CAL,R1,191,PS-H__0433,PS 15:0_18:0,PS,0.0,,NOT_COMPUTED,False,False,False,False
D0__CAL_R1_K125,D0,125,CAL,R1,192,PS-H__0437,PS 15:0_20:0,PS,5.288206494092065e-05,,NOT_COMPUTED,False,False,False,False
D0__CAL_R1_K125,D0,125,CAL,R1,193,PS-H__0438,PS 15:0_20:1,PS,0.0003893672172938343,,NOT_COMPUTED,False,False,False,False
D0__CAL_R1_K125,D0,125,CAL,R1,194,PS-H__0439,PS 15:0_20:2,PS,0.0,,NOT_COMPUTED,False,False,False,False
D0__CAL_R1_K125,D0,125,CAL,R1,195,PS-H__0440,PS 15:0_20:3,PS,0.0,,NOT_COMPUTED,False,False,False,False
D0__CAL_R1_K125,D0,125,CAL,R1,196,PS-H__0441,PS 15:0_20:4,PS,0.0007292387852313903,,NOT_COMPUTED,False,False,False,False
D0__CAL_R1_K125,D0,125,CAL,R1,197,PS-H__0442,PS 15:0_20:5,PS,0.0,,NOT_COMPUTED,False,False,False,False
D0__CAL_R1_K125,D0,125,CAL,R1,198,PS-H__0447,PS 15:0_22:4,PS,0.002741148554357519,3.6289651822659085e-30,COMPUTED,True,False,False,False
D0__CAL_R1_K125,D0,125,CAL,R1,199,PS-H__0448,PS 15:0_22:5,PS,0.008070024515531413,1.5384273846757266e-05,COMPUTED,True,True,True,True
D0__CAL_R1_K125,D0,125,CAL,R1,200,PS-H__0449,PS 15:0_22:6,PS,0.0013124376131369846,2.0066037139014721e-26,COMPUTED,True,False,False,False
D0__CAL_R1_K125,D0,125,CAL,R1,201,PS-H__0453,PS 16:0_17:0,PS,1.8654464089923897e-07,,NOT_COMPUTED,False,False,False,False
D0__CAL_R1_K125,D0,125,CAL,R1,202,PS-H__0455,PS 17:0_18:0,PS,0.0,,NOT_COMPUTED,False,False,False,False
D0__CAL_R1_K125,D0,125,CAL,R1,203,PS-H__0456,PS 17:0_18:1,PS,0.009755795282972048,2.8282995246988e-05,COMPUTED,True,True,True,True
D0__CAL_R1_K125,D0,125,CAL,R1,204,PS-H__0457,PS 17:0_18:2,PS,9.537293264498752e-09,,NOT_COMPUTED,False,False,False,False
D0__CAL_R1_K125,D0,125,CAL,R1,205,PS-H__0458,PS 17:0_18:3,PS,2.278507305392682e-07,,NOT_COMPUTED,False,False,False,False
D0__CAL_R1_K125,D0,125,CAL,R1,206,PS-H__0463,PS 17:0_20:4,PS,0.02543638827512826,0.0002857942992673876,COMPUTED,True,True,True,True
D0__CAL_R1_K125,D0,125,CAL,R1,207,PS-H__0464,PS 17:0_20:5,PS,0.0002753678655906052,,NOT_COMPUTED,False,False,False,False
D0__CAL_R1_K125,D0,125,CAL,R1,208,PS-H__0477,PS 18:0_17:1,PS,9.267482449345673e-05,,NOT_COMPUTED,False,False,False,False
D0__CAL_R1_K125,D0,125,CAL,R1,209,PS-H__0478,PS 17:1_18:1,PS,3.0466287505926865e-05,,NOT_COMPUTED,False,False,False,False
D0__CAL_R1_K125,D0,125,CAL,R1,210,PS-H__0479,PS 17:1_18:2,PS,0.0,,NOT_COMPUTED,False,False,False,False
D0__CAL_R1_K125,D0,125,CAL,R1,211,PS-H__0480,PS 17:1_18:3,PS,0.007305346243783044,7.011062509528366e-05,COMPUTED,True,True,True,True
D0__CAL_R1_K125,D0,125,CAL,R1,212,PS-H__0484,PS 17:1_20:3,PS,0.0005623158673040109,,NOT_COMPUTED,False,False,False,False
D0__CAL_R1_K125,D0,125,CAL,R1,213,PS-H__0485,PS 17:1_20:4,PS,0.01435400044729549,1.8968476923017987e-05,COMPUTED,True,True,True,True
D0__CAL_R1_K125,D0,125,CAL,R1,214,PS-H__0486,PS 17:1_20:5,PS,0.027579231130440033,0.00046711870297170253,COMPUTED,True,True,True,True
D0__CAL_R1_K125,D0,125,CAL,R1,215,PS-H__0502,PS 17:0_17:0,PS,0.0027970739713384196,2.132900132679633e-31,COMPUTED,True,False,False,False
D0__CAL_R1_K125,D0,125,CAL,R1,216,PS-H__0503,PS 17:0_17:1,PS,7.019324461805091e-06,,NOT_COMPUTED,False,False,False,False
D0__CAL_R1_K125,D0,125,CAL,R1,217,PS-H__0504,PS 17:1_17:1,PS,0.026587040146345556,0.00021463741783620758,COMPUTED,True,True,True,True
D0__CAL_R1_K125,D0,125,CAL,R1,218,PE-H__0049,PE 14:0_24:0,PE,0.005847714123188273,7.730756666341462e-07,COMPUTED,True,True,True,True
D0__CAL_R1_K125,D0,125,CAL,R1,219,PE-H__0050,PE 14:0_24:1,PE,0.0014701613243117669,0.0,COMPUTED,True,False,False,False
D0__CAL_R1_K125,D0,125,CAL,R1,220,PE-H__0051,PE 14:0_24:2,PE,0.0030608034407698945,4.5710267269398663e-07,COMPUTED,True,True,True,True
D0__CAL_R1_K125,D0,125,CAL,R1,221,PE-H__0052,PE 14:0_24:3,PE,0.003240498193308248,3.5468197433707937e-07,COMPUTED,True,True,True,True
D0__CAL_R1_K125,D0,125,CAL,R1,222,PE-H__0053,PE 14:0_24:4,PE,0.00037298188501717514,,NOT_COMPUTED,False,False,False,False
D0__CAL_R1_K125,D0,125,CAL,R1,223,PE-H__0054,PE 14:0_24:5,PE,0.0050923638145512675,1.6357792709798465e-22,COMPUTED,True,False,False,False
D0__CAL_R1_K125,D0,125,CAL,R1,224,PE-H__0055,PE 14:0_24:6,PE,0.0007612754776546738,,NOT_COMPUTED,False,False,False,False
D0__CAL_R1_K125,D0,125,CAL,R1,225,PE-H__0068,PE 16:0_22:0,PE,1.2940835654890403e-05,,NOT_COMPUTED,False,False,False,False
D0__CAL_R1_K125,D0,125,CAL,R1,226,PE-H__0069,PE 16:0_22:1,PE,0.004608216497802491,9.370812162847575e-24,COMPUTED,True,False,False,False
D0__CAL_R1_K125,D0,125,CAL,R1,227,PE-H__0070,PE 16:0_22:2,PE,0.0024593079510261727,0.0,COMPUTED,True,False,False,False
D0__CAL_R1_K125,D0,125,CAL,R1,228,PE-H__0071,PE 16:0_22:3,PE,0.002590670330460498,0.0,COMPUTED,True,False,False,False
D0__CAL_R1_K125,D0,125,CAL,R1,229,PE-H__0072,PE 16:0_22:4,PE,0.0026717919239289964,0.0,COMPUTED,True,False,False,False
D0__CAL_R1_K125,D0,125,CAL,R1,230,PE-H__0073,PE 16:0_22:5,PE,0.011923366048804378,2.1540075487569255e-06,COMPUTED,True,True,True,True
D0__CAL_R1_K125,D0,125,CAL,R1,231,PE-H__0074,PE 16:0_22:6,PE,0.0005436598467768349,,NOT_COMPUTED,False,False,False,False
D0__CAL_R1_K125,D0,125,CAL,R1,232,PE-H__0078,PE 16:0_24:3,PE,0.002058050587100274,0.0,COMPUTED,True,False,False,False
D0__CAL_R1_K125,D0,125,CAL,R1,233,PE-H__0079,PE 16:0_24:4,PE,0.000400659831247829,,NOT_COMPUTED,False,False,False,False
D0__CAL_R1_K125,D0,125,CAL,R1,234,PE-H__0080,PE 16:0_24:5,PE,0.0006752991471792477,,NOT_COMPUTED,False,False,False,False
D0__CAL_R1_K125,D0,125,CAL,R1,235,PE-H__0081,PE 16:0_24:6,PE,8.531743430912304e-06,,NOT_COMPUTED,False,False,False,False
D0__CAL_R1_K125,D0,125,CAL,R1,236,PE-H__0093,PE 22:0_16:1,PE,0.0038697598104160207,0.0,COMPUTED,True,False,False,False
D0__CAL_R1_K125,D0,125,CAL,R1,237,PE-H__0094,PE 16:1_22:1,PE,0.0043434357591395694,2.0322223135159327e-07,COMPUTED,True,True,True,True
D0__CAL_R1_K125,D0,125,CAL,R1,238,PE-H__0095,PE 16:1_22:2,PE,0.00047109185075575174,,NOT_COMPUTED,False,False,False,False
D0__CAL_R1_K125,D0,125,CAL,R1,239,PE-H__0096,PE 16:1_22:3,PE,0.002064100173071576,0.0,COMPUTED,True,False,False,False
D0__CAL_R1_K125,D0,125,CAL,R1,240,PE-H__0097,PE 16:1_22:4,PE,0.007323453826971469,2.27820264034486e-07,COMPUTED,True,True,True,True
D0__CAL_R1_K125,D0,125,CAL,R1,241,PE-H__0098,PE 16:1_22:5,PE,0.004990310859575756,0.0,COMPUTED,True,False,False,False
D0__CAL_R1_K125,D0,125,CAL,R1,242,PE-H__0099,PE 16:1_22:6,PE,0.003606587852327189,0.0,COMPUTED,True,False,False,False
D0__CAL_R1_K125,D0,125,CAL,R1,243,PE-H__0102,PE 16:1_24:2,PE,0.0026125917981820973,1.18071684288505e-24,COMPUTED,True,False,False,False
D0__CAL_R1_K125,D0,125,CAL,R1,244,PE-H__0103,PE 16:1_24:3,PE,1.250952918588008e-08,,NOT_COMPUTED,False,False,False,False
D0__CAL_R1_K125,D0,125,CAL,R1,245,PE-H__0104,PE 16:1_24:4,PE,0.00010075475806959033,,NOT_COMPUTED,False,False,False,False
D0__CAL_R1_K125,D0,125,CAL,R1,246,PE-H__0105,PE 16:1_24:5,PE,8.21070634926762e-05,,NOT_COMPUTED,False,False,False,False
D0__CAL_R1_K125,D0,125,CAL,R1,247,PE-H__0106,PE 16:1_24:6,PE,0.0011727900340216305,0.0,COMPUTED,True,False,False,False
D0__CAL_R1_K125,D0,125,CAL,R1,248,PE-H__0111,PE 18:0_20:0,PE,0.000656700952764116,,NOT_COMPUTED,False,False,False,False
D0__CAL_R1_K125,D0,125,CAL,R1,249,PE-H__0112,PE 18:0_20:1,PE,0.003135863453562408,2.943078892764739e-26,COMPUTED,True,False,False,False
D0__CAL_R1_K125,D0,125,CAL,R1,250,PE-H__0113,PE 18:0_20:2,PE,0.0007079906482463945,,NOT_COMPUTED,False,False,False,False
D0__CAL_R1_K125,D0,125,CAL,R1,251,PE-H__0114,PE 18:0_20:3,PE,0.0013937926418865685,8.262367237122288e-24,COMPUTED,True,False,False,False
D0__CAL_R1_K125,D0,125,CAL,R1,252,PE-H__0115,PE 18:0_20:4,PE,9.339785649969905e-05,,NOT_COMPUTED,False,False,False,False
D0__CAL_R1_K125,D0,125,CAL,R1,253,PE-H__0116,PE 18:0_20:5,PE,0.0024882192689251632,0.0,COMPUTED,True,False,False,False
D0__CAL_R1_K125,D0,125,CAL,R1,254,PE-H__0120,PE 18:0_22:3,PE,0.0011777104958504414,8.22178050559015e-25,COMPUTED,True,False,False,False
D0__CAL_R1_K125,D0,125,CAL,R1,255,PE-H__0121,PE 18:0_22:4,PE,0.0005216626159219129,,NOT_COMPUTED,False,False,False,False
D0__CAL_R1_K125,D0,125,CAL,R1,256,PE-H__0122,PE 18:0_22:5,PE,0.0016391201711361454,8.959606711893286e-08,COMPUTED,True,True,True,True
D0__CAL_R1_K125,D0,125,CAL,R1,257,PE-H__0123,PE 18:0_22:6,PE,0.0010460191878826715,0.0,COMPUTED,True,False,False,False
D0__CAL_R1_K125,D0,125,CAL,R1,258,PE-H__0134,PE 20:0_18:1,PE,0.0020026562591514093,3.588510336755788e-07,COMPUTED,True,True,True,True
D0__CAL_R1_K125,D0,125,CAL,R1,259,PE-H__0135,PE 18:1_20:1,PE,0.002363654306030192,0.0,COMPUTED,True,False,False,False
D0__CAL_R1_K125,D0,125,CAL,R1,260,PE-H__0136,PE 18:1_20:2,PE,9.9593475623782e-05,,NOT_COMPUTED,False,False,False,False
D0__CAL_R1_K125,D0,125,CAL,R1,261,PE-H__0137,PE 18:1_20:3,PE,0.0008376554557731758,,NOT_COMPUTED,False,False,False,False
D0__CAL_R1_K125,D0,125,CAL,R1,262,PE-H__0138,PE 18:1_20:4,PE,0.008366792551998006,1.9103888418293533e-26,COMPUTED,True,False,False,False
D0__CAL_R1_K125,D0,125,CAL,R1,263,PE-H__0139,PE 18:1_20:5,PE,6.29296790000981e-06,,NOT_COMPUTED,False,False,False,False
D0__CAL_R1_K125,D0,125,CAL,R1,264,PE-H__0142,PE 18:1_22:2,PE,0.0023381965721328275,0.0,COMPUTED,True,False,False,False
D0__CAL_R1_K125,D0,125,CAL,R1,265,PE-H__0143,PE 18:1_22:3,PE,0.002022576538061414,4.3251024933004063e-26,COMPUTED,True,False,False,False
D0__CAL_R1_K125,D0,125,CAL,R1,266,PE-H__0144,PE 18:1_22:4,PE,0.0012739481066591247,4.925744331657102e-25,COMPUTED,True,False,False,False
D0__CAL_R1_K125,D0,125,CAL,R1,267,PE-H__0145,PE 18:1_22:5,PE,0.002329059723783706,3.869507802100283e-24,COMPUTED,True,False,False,False
D0__CAL_R1_K125,D0,125,CAL,R1,268,PE-H__0146,PE 18:1_22:6,PE,0.018888031600618065,3.9270109539378316e-06,COMPUTED,True,True,True,True
D0__CAL_R1_K125,D0,125,CAL,R1,269,PE-H__0156,PE 20:0_18:2,PE,0.0022315060062819605,0.0,COMPUTED,True,False,False,False
D0__CAL_R1_K125,D0,125,CAL,R1,270,PE-H__0157,PE 20:1_18:2,PE,1.018927470275028e-05,,NOT_COMPUTED,False,False,False,False
D0__CAL_R1_K125,D0,125,CAL,R1,271,PE-H__0158,PE 18:2_20:2,PE,4.788675942164385e-05,,NOT_COMPUTED,False,False,False,False
D0__CAL_R1_K125,D0,125,CAL,R1,272,PE-H__0159,PE 18:2_20:3,PE,0.003163049820920284,0.0,COMPUTED,True,False,False,False
D0__CAL_R1_K125,D0,125,CAL,R1,273,PE-H__0160,PE 18:2_20:4,PE,6.968569443943443e-05,,NOT_COMPUTED,False,False,False,False
D0__CAL_R1_K125,D0,125,CAL,R1,274,PE-H__0161,PE 18:2_20:5,PE,3.03246992221937e-06,,NOT_COMPUTED,False,False,False,False
D0__CAL_R1_K125,D0,125,CAL,R1,275,PE-H__0163,PE 22:1_18:2,PE,0.02858664356670163,1.561591751161719e-05,COMPUTED,True,True,True,True
D0__CAL_R1_K125,D0,125,CAL,R1,276,PE-H__0164,PE 18:2_22:2,PE,0.00038531582380497737,,NOT_COMPUTED,False,False,False,False
D0__CAL_R1_K125,D0,125,CAL,R1,277,PE-H__0165,PE 18:2_22:3,PE,0.0074532678224523245,7.444290323734824e-23,COMPUTED,True,False,False,False
D0__CAL_R1_K125,D0,125,CAL,R1,278,PE-H__0166,PE 18:2_22:4,PE,0.00021986498847419362,,NOT_COMPUTED,False,True,True,True
D0__CAL_R1_K125,D0,125,CAL,R1,279,PE-H__0167,PE 18:2_22:5,PE,0.003106473911677504,0.0,COMPUTED,True,False,False,False
D0__CAL_R1_K125,D0,125,CAL,R1,280,PE-H__0168,PE 18:2_22:6,PE,0.000928635380643473,,NOT_COMPUTED,False,False,False,False
D0__CAL_R1_K125,D0,125,CAL,R1,281,PE-H__0177,PE 20:0_18:3,PE,0.0010410626571832505,0.0,COMPUTED,True,False,False,False
D0__CAL_R1_K125,D0,125,CAL,R1,282,PE-H__0178,PE 20:1_18:3,PE,1.3989722850767754e-05,,NOT_COMPUTED,False,False,False,False
D0__CAL_R1_K125,D0,125,CAL,R1,283,PE-H__0179,PE 20:2_18:3,PE,0.003187305884935298,3.1378430516403137e-07,COMPUTED,True,True,True,True
D0__CAL_R1_K125,D0,125,CAL,R1,284,PE-H__0180,PE 18:3_20:3,PE,0.008123448948799622,3.098928489146508e-26,COMPUTED,True,False,False,False
D0__CAL_R1_K125,D0,125,CAL,R1,285,PE-H__0181,PE 18:3_20:4,PE,0.0074365890296618775,0.0,COMPUTED,True,False,False,False
D0__CAL_R1_K125,D0,125,CAL,R1,286,PE-H__0182,PE 18:3_20:5,PE,7.168465674256583e-06,,NOT_COMPUTED,False,False,False,False
D0__CAL_R1_K125,D0,125,CAL,R1,287,PE-H__0183,PE 22:0_18:3,PE,0.00035561535480187656,,NOT_COMPUTED,False,False,False,False
D0__CAL_R1_K125,D0,125,CAL,R1,288,PE-H__0184,PE 22:1_18:3,PE,0.005200495767365893,5.85316606738535e-07,COMPUTED,True,True,True,True
D0__CAL_R1_K125,D0,125,CAL,R1,289,PE-H__0185,PE 22:2_18:3,PE,0.003103308384364764,3.907503399178211e-23,COMPUTED,True,False,False,False
D0__CAL_R1_K125,D0,125,CAL,R1,290,PE-H__0186,PE 18:3_22:3,PE,0.021246249790310114,6.624162884438556e-06,COMPUTED,True,True,True,True
D0__CAL_R1_K125,D0,125,CAL,R1,291,PE-H__0187,PE 18:3_22:4,PE,0.0030979744329612093,0.0,COMPUTED,True,False,False,False
D0__CAL_R1_K125,D0,125,CAL,R1,292,PE-H__0188,PE 18:3_22:5,PE,0.00708507855911278,3.2374972160226914e-24,COMPUTED,True,False,False,False
D0__CAL_R1_K125,D0,125,CAL,R1,293,PE-H__0189,PE 18:3_22:6,PE,0.0059733255060710816,5.475258867117498e-07,COMPUTED,True,True,True,True
D0__CAL_R1_K125,D0,125,CAL,R1,294,PE-H__0200,PE 20:0_20:3,PE,0.010315487881956452,8.806876735046853e-08,COMPUTED,True,True,True,True
D0__CAL_R1_K125,D0,125,CAL,R1,295,PE-H__0201,PE 20:0_20:4,PE,0.002361450287723524,0.0,COMPUTED,True,False,False,False
D0__CAL_R1_K125,D0,125,CAL,R1,296,PE-H__0202,PE 20:0_20:5,PE,0.0002659487510737708,,NOT_COMPUTED,False,False,False,False
D0__CAL_R1_K125,D0,125,CAL,R1,297,PE-H__0218,PE 20:1_20:2,PE,0.004024922574789006,1.165205939056958e-26,COMPUTED,True,False,False,False
D0__CAL_R1_K125,D0,125,CAL,R1,298,PE-H__0219,PE 20:1_20:3,PE,0.00011523398843383569,,NOT_COMPUTED,False,False,False,False
D0__CAL_R1_K125,D0,125,CAL,R1,299,PE-H__0220,PE 20:1_20:4,PE,0.0009039100794303308,,NOT_COMPUTED,False,False,False,False
D0__CAL_R1_K125,D0,125,CAL,R1,300,PE-H__0221,PE 20:1_20:5,PE,8.557341719879931e-07,,NOT_COMPUTED,False,False,False,False
D0__CAL_R1_K125,D0,125,CAL,R1,301,PE-H__0236,PE 20:2_20:2,PE,0.0017061046139287919,0.0,COMPUTED,True,False,False,False
D0__CAL_R1_K125,D0,125,CAL,R1,302,PE-H__0237,PE 20:2_20:3,PE,0.005896017342760689,2.385732515278643e-07,COMPUTED,True,True,True,True
D0__CAL_R1_K125,D0,125,CAL,R1,303,PE-H__0238,PE 20:2_20:4,PE,0.0010304375324003232,0.0,COMPUTED,True,False,False,False
D0__CAL_R1_K125,D0,125,CAL,R1,304,PE-H__0239,PE 20:2_20:5,PE,0.0034013963253739224,1.4136932895057186e-26,COMPUTED,True,False,False,False
D0__CAL_R1_K125,D0,125,CAL,R1,305,PE-H__0254,PE 20:3_20:3,PE,0.00010721850443169211,,NOT_COMPUTED,False,False,False,False
D0__CAL_R1_K125,D0,125,CAL,R1,306,PE-H__0255,PE 20:3_20:4,PE,0.0008670897809378376,,NOT_COMPUTED,False,False,False,False
D0__CAL_R1_K125,D0,125,CAL,R1,307,PE-H__0256,PE 20:3_20:5,PE,0.0027438465534158443,0.0,COMPUTED,True,False,False,False
D0__CAL_R1_K125,D0,125,CAL,R1,308,PE-H__0271,PE 20:4_20:4,PE,0.011653001926506637,4.262769339867913e-06,COMPUTED,True,True,True,True
D0__CAL_R1_K125,D0,125,CAL,R1,309,PE-H__0272,PE 20:4_20:5,PE,0.0013230746594171318,2.363317650997381e-25,COMPUTED,True,False,False,False
D0__CAL_R1_K125,D0,125,CAL,R1,310,PE-H__0287,PE 20:5_20:5,PE,3.755043485353121e-05,,NOT_COMPUTED,False,False,False,False
D0__CAL_R1_K125,D0,125,CAL,R1,311,PE-H__0428,PE 13:0_24:4,PE,0.00019158830610681348,,NOT_COMPUTED,False,False,False,False
D0__CAL_R1_K125,D0,125,CAL,R1,312,PE-H__0443,PE 15:0_22:0,PE,0.0009994643113649968,,NOT_COMPUTED,False,False,False,False
D0__CAL_R1_K125,D0,125,CAL,R1,313,PE-H__0444,PE 15:0_22:1,PE,0.004813138507180524,2.5995709382370808e-23,COMPUTED,True,False,False,False
D0__CAL_R1_K125,D0,125,CAL,R1,314,PE-H__0445,PE 15:0_22:2,PE,0.013492438496698077,1.6600322591554359e-06,COMPUTED,True,True,True,True
D0__CAL_R1_K125,D0,125,CAL,R1,315,PE-H__0446,PE 15:0_22:3,PE,0.0010885113682157714,1.158908994518901e-24,COMPUTED,True,False,False,False
D0__CAL_R1_K125,D0,125,CAL,R1,316,PE-H__0447,PE 15:0_22:4,PE,0.012003900062931266,7.06440132094117e-07,COMPUTED,True,True,True,True
D0__CAL_R1_K125,D0,125,CAL,R1,317,PE-H__0448,PE 15:0_22:5,PE,0.013982360347701204,1.2815875096822179e-22,COMPUTED,True,False,False,False
D0__CAL_R1_K125,D0,125,CAL,R1,318,PE-H__0449,PE 15:0_22:6,PE,0.003454079108928659,0.0,COMPUTED,True,False,False,False
D0__CAL_R1_K125,D0,125,CAL,R1,319,PE-H__0450,PE 15:0_24:4,PE,0.0,,NOT_COMPUTED,False,False,False,False
D0__CAL_R1_K125,D0,125,CAL,R1,320,PE-H__0459,PE 17:0_20:0,PE,8.172823194409775e-05,,NOT_COMPUTED,False,False,False,False
D0__CAL_R1_K125,D0,125,CAL,R1,321,PE-H__0460,PE 17:0_20:1,PE,0.00023930449850706494,,NOT_COMPUTED,False,False,False,False
D0__CAL_R1_K125,D0,125,CAL,R1,322,PE-H__0461,PE 17:0_20:2,PE,0.007481591778253027,0.0,COMPUTED,True,False,False,False
D0__CAL_R1_K125,D0,125,CAL,R1,323,PE-H__0462,PE 17:0_20:3,PE,9.650771172005044e-05,,NOT_COMPUTED,False,False,False,False
D0__CAL_R1_K125,D0,125,CAL,R1,324,PE-H__0463,PE 17:0_20:4,PE,0.010912964951176182,2.1713157718078486e-22,COMPUTED,True,False,False,False
D0__CAL_R1_K125,D0,125,CAL,R1,325,PE-H__0464,PE 17:0_20:5,PE,0.021593828455884336,2.0171080135319317e-05,COMPUTED,True,True,True,True
D0__CAL_R1_K125,D0,125,CAL,R1,326,PE-H__0465,PE 17:0_22:0,PE,4.61760388204605e-05,,NOT_COMPUTED,False,False,False,False
D0__CAL_R1_K125,D0,125,CAL,R1,327,PE-H__0466,PE 17:0_22:1,PE,4.861659769216644e-05,,NOT_COMPUTED,False,False,False,False
D0__CAL_R1_K125,D0,125,CAL,R1,328,PE-H__0467,PE 17:0_22:2,PE,0.0021902564512163033,0.0,COMPUTED,True,False,False,False
D0__CAL_R1_K125,D0,125,CAL,R1,329,PE-H__0468,PE 17:0_22:3,PE,0.0029976330231662254,8.405613239142209e-27,COMPUTED,True,False,False,False
D0__CAL_R1_K125,D0,125,CAL,R1,330,PE-H__0469,PE 17:0_22:4,PE,0.0032328555252437836,8.9668908852056e-24,COMPUTED,True,False,False,False
D0__CAL_R1_K125,D0,125,CAL,R1,331,PE-H__0470,PE 17:0_22:5,PE,0.00026684368947275505,,NOT_COMPUTED,False,False,False,False
D0__CAL_R1_K125,D0,125,CAL,R1,332,PE-H__0471,PE 17:0_22:6,PE,0.00025229300139432807,,NOT_COMPUTED,False,False,False,False
D0__CAL_R1_K125,D0,125,CAL,R1,333,PE-H__0481,PE 20:0_17:1,PE,0.0005035672350304453,,NOT_COMPUTED,False,False,False,False
D0__CAL_R1_K125,D0,125,CAL,R1,334,PE-H__0482,PE 17:1_20:1,PE,0.002740456728356247,2.1733406610735457e-26,COMPUTED,True,False,False,False
D0__CAL_R1_K125,D0,125,CAL,R1,335,PE-H__0483,PE 17:1_20:2,PE,0.00024602396458226215,,NOT_COMPUTED,False,False,False,False
D0__CAL_R1_K125,D0,125,CAL,R1,336,PE-H__0484,PE 17:1_20:3,PE,0.017662044572008487,6.967404128069775e-06,COMPUTED,True,True,True,True
D0__CAL_R1_K125,D0,125,CAL,R1,337,PE-H__0485,PE 17:1_20:4,PE,0.0043354500317124445,9.272291587221802e-23,COMPUTED,True,False,False,False
D0__CAL_R1_K125,D0,125,CAL,R1,338,PE-H__0486,PE 17:1_20:5,PE,6.69319058646973e-06,,NOT_COMPUTED,False,False,False,False
D0__CAL_R1_K125,D0,125,CAL,R1,339,PE-H__0487,PE 22:0_17:1,PE,6.063630679279677e-05,,NOT_COMPUTED,False,False,False,False
D0__CAL_R1_K125,D0,125,CAL,R1,340,PE-H__0488,PE 17:1_22:1,PE,3.571491159181725e-05,,NOT_COMPUTED,False,False,False,False
D0__CAL_R1_K125,D0,125,CAL,R1,341,PE-H__0489,PE 17:1_22:2,PE,0.003634612596888267,0.0,COMPUTED,True,False,False,False
D0__CAL_R1_K125,D0,125,CAL,R1,342,PE-H__0490,PE 17:1_22:3,PE,0.00804265988222405,1.5900192332243566e-07,COMPUTED,True,True,True,True
D0__CAL_R1_K125,D0,125,CAL,R1,343,PE-H__0491,PE 17:1_22:4,PE,0.018245928294640088,1.1450410048084573e-22,COMPUTED,True,False,False,False
D0__CAL_R1_K125,D0,125,CAL,R1,344,PE-H__0492,PE 17:1_22:5,PE,0.012185024167247316,0.0,COMPUTED,True,False,False,False
D0__CAL_R1_K125,D0,125,CAL,R1,345,PE-H__0493,PE 17:1_22:6,PE,0.005974257345745592,2.525574698735374e-06,COMPUTED,True,True,True,True
D0__CAL_R1_K125,D0,125,CAL,R1,346,PEO-H__0050,PE O-14:0_24:0,PE,0.00041407315780263087,,NOT_COMPUTED,False,False,False,False
D0__CAL_R1_K125,D0,125,CAL,R1,347,PEO-H__0051,PE O-14:0_24:1,PE,0.008149443906297293,5.46094732716863e-08,COMPUTED,True,True,True,True
D0__CAL_R1_K125,D0,125,CAL,R1,348,PEO-H__0052,PE O-14:0_24:2,PE,0.00016674649231079893,,NOT_COMPUTED,False,False,False,False
D0__CAL_R1_K125,D0,125,CAL,R1,349,PEO-H__0053,PE O-14:0_24:3,PE,0.0001046476179471349,,NOT_COMPUTED,False,False,False,False
D0__CAL_R1_K125,D0,125,CAL,R1,350,PEO-H__0054,PE O-14:0_24:4,PE,2.467401838850409e-05,,NOT_COMPUTED,False,False,False,False
D0__CAL_R1_K125,D0,125,CAL,R1,351,PEO-H__0055,PE O-14:0_24:5,PE,1.6687429545076395e-06,,NOT_COMPUTED,False,False,False,False
D0__CAL_R1_K125,D0,125,CAL,R1,352,PEO-H__0056,PE O-14:0_24:6,PE,0.0005842488324181756,,NOT_COMPUTED,False,False,False,False
D0__CAL_R1_K125,D0,125,CAL,R1,353,PEO-H__0071,PE O-16:0_22:0,PE,2.8812145392882603e-05,,NOT_COMPUTED,False,False,False,False
D0__CAL_R1_K125,D0,125,CAL,R1,354,PEO-H__0072,PE O-16:0_22:1,PE,0.014601440661913845,3.222751218587586e-08,COMPUTED,True,True,True,True
D0__CAL_R1_K125,D0,125,CAL,R1,355,PEO-H__0073,PE O-16:0_22:2,PE,0.003388699649407238,8.150376246134448e-30,COMPUTED,True,False,False,False
D0__CAL_R1_K125,D0,125,CAL,R1,356,PEO-H__0074,PE O-16:0_22:3,PE,0.0006723316333537815,,NOT_COMPUTED,False,False,False,False
D0__CAL_R1_K125,D0,125,CAL,R1,357,PEO-H__0075,PE O-16:0_22:4,PE,0.0008845061259707696,,NOT_COMPUTED,False,False,False,False
D0__CAL_R1_K125,D0,125,CAL,R1,358,PEO-H__0076,PE O-16:0_22:5,PE,0.015868246413175056,1.8570595369256261e-06,COMPUTED,True,True,True,True
D0__CAL_R1_K125,D0,125,CAL,R1,359,PEO-H__0077,PE O-16:0_22:6,PE,0.0,,NOT_COMPUTED,False,False,False,False
D0__CAL_R1_K125,D0,125,CAL,R1,360,PEO-H__0078,PE O-16:0_24:0,PE,0.02687533957249686,6.604443472747225e-05,COMPUTED,True,True,True,True
D0__CAL_R1_K125,D0,125,CAL,R1,361,PEO-H__0079,PE O-16:0_24:1,PE,0.027944579213944044,7.274287026343985e-06,COMPUTED,True,True,True,True
D0__CAL_R1_K125,D0,125,CAL,R1,362,PEO-H__0080,PE O-16:0_24:2,PE,0.0007476817349507851,,NOT_COMPUTED,False,False,False,False
D0__CAL_R1_K125,D0,125,CAL,R1,363,PEO-H__0081,PE O-16:0_24:3,PE,0.010712912168942813,1.0091204151406944e-22,COMPUTED,True,False,False,False
D0__CAL_R1_K125,D0,125,CAL,R1,364,PEO-H__0082,PE O-16:0_24:4,PE,1.0670100085482197e-05,,NOT_COMPUTED,False,False,False,False
D0__CAL_R1_K125,D0,125,CAL,R1,365,PEO-H__0083,PE O-16:0_24:5,PE,0.0015383020451198218,1.9608123207747025e-26,COMPUTED,True,False,False,False
D0__CAL_R1_K125,D0,125,CAL,R1,366,PEO-H__0084,PE O-16:0_24:6,PE,0.00012388904882386232,,NOT_COMPUTED,False,False,False,False
D0__CAL_R1_K125,D0,125,CAL,R1,367,PEO-H__0099,PE O-16:1_22:0,PE,0.001608290168791479,9.724903657600866e-23,COMPUTED,True,False,False,False
D0__CAL_R1_K125,D0,125,CAL,R1,368,PEO-H__0100,PE O-16:1_22:1,PE,0.0,,NOT_COMPUTED,False,False,False,False
D0__CAL_R1_K125,D0,125,CAL,R1,369,PEO-H__0101,PE O-16:1_22:2,PE,0.014670445680918154,1.8612353264883748e-08,COMPUTED,True,True,True,True
D0__CAL_R1_K125,D0,125,CAL,R1,370,PEO-H__0102,PE O-16:1_22:3,PE,0.004977475081347999,5.8795511474146755e-09,COMPUTED,True,True,True,True
D0__CAL_R1_K125,D0,125,CAL,R1,371,PEO-H__0103,PE O-16:1_22:4,PE,0.01926475250786471,4.813938168266682e-22,COMPUTED,True,False,False,False
D0__CAL_R1_K125,D0,125,CAL,R1,372,PEO-H__0104,PE O-16:1_22:5,PE,0.019436906394679057,5.819321075421742e-07,COMPUTED,True,True,True,True
D0__CAL_R1_K125,D0,125,CAL,R1,373,PEO-H__0106,PE O-16:1_24:0,PE,0.0001599166880412077,,NOT_COMPUTED,False,False,False,False
D0__CAL_R1_K125,D0,125,CAL,R1,374,PEO-H__0107,PE O-16:1_24:1,PE,0.006985208382528736,5.758814456410715e-23,COMPUTED,True,False,False,False
D0__CAL_R1_K125,D0,125,CAL,R1,375,PEO-H__0108,PE O-16:1_24:2,PE,0.001288973769318443,2.159104454744487e-27,COMPUTED,True,False,False,False
D0__CAL_R1_K125,D0,125,CAL,R1,376,PEO-H__0109,PE O-16:1_24:3,PE,0.008862067108701722,9.477564480662457e-08,COMPUTED,True,True,True,True
D0__CAL_R1_K125,D0,125,CAL,R1,377,PEO-H__0110,PE O-16:1_24:4,PE,0.0003532095087808567,,NOT_COMPUTED,False,False,False,False
D0__CAL_R1_K125,D0,125,CAL,R1,378,PEO-H__0111,PE O-16:1_24:5,PE,0.0015565874698238577,0.0,COMPUTED,True,False,False,False
D0__CAL_R1_K125,D0,125,CAL,R1,379,PEO-H__0112,PE O-16:1_24:6,PE,0.00017390140101030172,,NOT_COMPUTED,False,False,False,False
D0__CAL_R1_K125,D0,125,CAL,R1,380,PEO-H__0121,PE O-18:0_20:0,PE,0.0001961977438642011,,NOT_COMPUTED,False,False,False,False
D0__CAL_R1_K125,D0,125,CAL,R1,381,PEO-H__0122,PE O-18:0_20:1,PE,0.0029782572639679068,2.829422697746792e-30,COMPUTED,True,False,False,False
D0__CAL_R1_K125,D0,125,CAL,R1,382,PEO-H__0123,PE O-18:0_20:2,PE,5.46853961872192e-06,,NOT_COMPUTED,False,False,False,False
D0__CAL_R1_K125,D0,125,CAL,R1,383,PEO-H__0124,PE O-18:0_20:3,PE,0.006307843036095205,3.099325153130378e-07,COMPUTED,True,True,True,True
D0__CAL_R1_K125,D0,125,CAL,R1,384,PEO-H__0125,PE O-18:0_20:4,PE,0.0006746678585318091,,NOT_COMPUTED,False,False,False,False
D0__CAL_R1_K125,D0,125,CAL,R1,385,PEO-H__0126,PE O-18:0_20:5,PE,0.0027616555834841503,5.513987874819785e-22,COMPUTED,True,False,False,False
D0__CAL_R1_K125,D0,125,CAL,R1,386,PEO-H__0127,PE O-18:0_22:0,PE,0.0003409378714929651,,NOT_COMPUTED,False,False,False,False
D0__CAL_R1_K125,D0,125,CAL,R1,387,PEO-H__0128,PE O-18:0_22:1,PE,0.0049485961600882495,0.0,COMPUTED,True,False,False,False
D0__CAL_R1_K125,D0,125,CAL,R1,388,PEO-H__0129,PE O-18:0_22:2,PE,0.0030800828280532723,0.0,COMPUTED,True,False,False,False
D0__CAL_R1_K125,D0,125,CAL,R1,389,PEO-H__0130,PE O-18:0_22:3,PE,0.0007327621599337548,,NOT_COMPUTED,False,False,False,False
D0__CAL_R1_K125,D0,125,CAL,R1,390,PEO-H__0131,PE O-18:0_22:4,PE,0.0,,NOT_COMPUTED,False,False,False,False
D0__CAL_R1_K125,D0,125,CAL,R1,391,PEO-H__0132,PE O-18:0_22:5,PE,0.005328411778221407,6.254754920474753e-22,COMPUTED,True,False,False,False
D0__CAL_R1_K125,D0,125,CAL,R1,392,PEO-H__0133,PE O-18:0_22:6,PE,3.216344507394791e-05,,NOT_COMPUTED,False,False,False,False
D0__CAL_R1_K125,D0,125,CAL,R1,393,PEO-H__0149,PE O-18:1_20:0,PE,0.00016383581468701312,,NOT_COMPUTED,False,True,True,True
D0__CAL_R1_K125,D0,125,CAL,R1,394,PEO-H__0150,PE O-18:1_20:1,PE,0.0,,NOT_COMPUTED,False,False,False,False
D0__CAL_R1_K125,D0,125,CAL,R1,395,PEO-H__0151,PE O-18:1_20:2,PE,0.001623975015287808,7.362794133527566e-22,COMPUTED,True,False,False,False
D0__CAL_R1_K125,D0,125,CAL,R1,396,PEO-H__0152,PE O-18:1_20:3,PE,0.011774575196951726,2.788950520725387e-09,COMPUTED,True,True,True,True
D0__CAL_R1_K125,D0,125,CAL,R1,397,PEO-H__0153,PE O-18:1_20:4,PE,0.0006233902816228471,,NOT_COMPUTED,False,False,False,False
D0__CAL_R1_K125,D0,125,CAL,R1,398,PEO-H__0154,PE O-18:1_20:5,PE,0.0012176890154780675,0.0,COMPUTED,True,False,False,False
D0__CAL_R1_K125,D0,125,CAL,R1,399,PEO-H__0155,PE O-18:1_22:0,PE,0.01364995578928468,5.821826165045996e-08,COMPUTED,True,True,True,True
D0__CAL_R1_K125,D0,125,CAL,R1,400,PEO-H__0156,PE O-18:1_22:1,PE,0.007991074819854017,2.262959714602355e-23,COMPUTED,True,False,False,False
D0__CAL_R1_K125,D0,125,CAL,R1,401,PEO-H__0157,PE O-18:1_22:2,PE,0.0025508277201482686,2.158039016330384e-26,COMPUTED,True,False,False,False
D0__CAL_R1_K125,D0,125,CAL,R1,402,PEO-H__0158,PE O-18:1_22:3,PE,0.0005378571078962826,,NOT_COMPUTED,False,False,False,False
D0__CAL_R1_K125,D0,125,CAL,R1,403,PEO-H__0159,PE O-18:1_22:4,PE,0.012949301898480179,2.9338510452781094e-07,COMPUTED,True,True,True,True
D0__CAL_R1_K125,D0,125,CAL,R1,404,PEO-H__0160,PE O-18:1_22:5,PE,0.0,,NOT_COMPUTED,False,False,False,False
D0__CAL_R1_K125,D0,125,CAL,R1,405,PEO-H__0161,PE O-18:1_22:6,PE,0.0008385195089015059,,NOT_COMPUTED,False,False,False,False
D0__CAL_R1_K125,D0,125,CAL,R1,406,PEO-H__0177,PE O-18:2_20:0,PE,0.0,,NOT_COMPUTED,False,False,False,False
D0__CAL_R1_K125,D0,125,CAL,R1,407,PEO-H__0178,PE O-18:2_20:1,PE,0.0035838057508781117,1.0848431179883263e-26,COMPUTED,True,False,False,False
D0__CAL_R1_K125,D0,125,CAL,R1,408,PEO-H__0179,PE O-18:2_20:2,PE,0.0027420808409843013,4.125764850280115e-23,COMPUTED,True,False,False,False
D0__CAL_R1_K125,D0,125,CAL,R1,409,PEO-H__0180,PE O-18:2_20:3,PE,0.024356778912875642,3.1960341777955224e-22,COMPUTED,True,False,False,False
D0__CAL_R1_K125,D0,125,CAL,R1,410,PEO-H__0181,PE O-18:2_20:4,PE,0.0028833349276095525,0.0,COMPUTED,True,False,False,False
D0__CAL_R1_K125,D0,125,CAL,R1,411,PEO-H__0183,PE O-18:2_22:0,PE,0.0008634610488348073,,NOT_COMPUTED,False,False,False,False
D0__CAL_R1_K125,D0,125,CAL,R1,412,PEO-H__0184,PE O-18:2_22:1,PE,0.013475587927291572,6.362915885670319e-07,COMPUTED,True,True,True,True
D0__CAL_R1_K125,D0,125,CAL,R1,413,PEO-H__0185,PE O-18:2_22:2,PE,0.0027649901369097203,3.766763159067104e-08,COMPUTED,True,True,True,True
D0__CAL_R1_K125,D0,125,CAL,R1,414,PEO-H__0186,PE O-18:2_22:3,PE,0.006324901994796429,0.0,COMPUTED,True,False,False,False
D0__CAL_R1_K125,D0,125,CAL,R1,415,PEO-H__0187,PE O-18:2_22:4,PE,0.015995244824606167,3.360595940784573e-08,COMPUTED,True,True,True,True
D0__CAL_R1_K125,D0,125,CAL,R1,416,PEO-H__0188,PE O-18:2_22:5,PE,0.00043371843629898586,,NOT_COMPUTED,False,False,False,False
D0__CAL_R1_K125,D0,125,CAL,R1,417,PEO-H__0189,PE O-18:2_22:6,PE,0.0029297212177509108,5.204512544535607e-27,COMPUTED,True,False,False,False
D0__CAL_R1_K125,D0,125,CAL,R1,418,PEO-H__0205,PE O-18:3_20:0,PE,0.004858511614243049,0.0,COMPUTED,True,False,False,False
D0__CAL_R1_K125,D0,125,CAL,R1,419,PEO-H__0206,PE O-18:3_20:1,PE,0.00028226892250664867,,NOT_COMPUTED,False,False,False,False
D0__CAL_R1_K125,D0,125,CAL,R1,420,PEO-H__0207,PE O-18:3_20:2,PE,0.002980025207466369,0.0,COMPUTED,True,False,False,False
D0__CAL_R1_K125,D0,125,CAL,R1,421,PEO-H__0208,PE O-18:3_20:3,PE,0.01802518437775875,1.696836985701195e-07,COMPUTED,True,True,True,True
D0__CAL_R1_K125,D0,125,CAL,R1,422,PEO-H__0211,PE O-18:3_22:0,PE,0.001265094159713315,0.0,COMPUTED,True,False,False,False
D0__CAL_R1_K125,D0,125,CAL,R1,423,PEO-H__0212,PE O-18:3_22:1,PE,0.0022666715881846954,0.0,COMPUTED,True,False,False,False
D0__CAL_R1_K125,D0,125,CAL,R1,424,PEO-H__0213,PE O-18:3_22:2,PE,0.012236272768743572,0.0,COMPUTED,True,False,False,False
D0__CAL_R1_K125,D0,125,CAL,R1,425,PEO-H__0214,PE O-18:3_22:3,PE,0.0044483661553346605,0.0,COMPUTED,True,False,False,False
D0__CAL_R1_K125,D0,125,CAL,R1,426,PEO-H__0215,PE O-18:3_22:4,PE,0.016879268552422787,7.76280634962676e-24,COMPUTED,True,False,False,False
D0__CAL_R1_K125,D0,125,CAL,R1,427,PEO-H__0216,PE O-18:3_22:5,PE,0.010488168781002841,5.832715569114737e-08,COMPUTED,True,True,True,True
D0__CAL_R1_K125,D0,125,CAL,R1,428,PEO-H__0217,PE O-18:3_22:6,PE,0.022830834515378103,1.802431891728775e-05,COMPUTED,True,True,True,True
D0__CAL_R1_K125,D0,125,CAL,R1,429,PEO-H__0229,PE O-20:0_18:0,PE,1.0679581396276073e-08,,NOT_COMPUTED,False,False,False,False
D0__CAL_R1_K125,D0,125,CAL,R1,430,PEO-H__0230,PE O-20:0_18:1,PE,0.001008496616923217,0.0,COMPUTED,True,False,False,False
D0__CAL_R1_K125,D0,125,CAL,R1,431,PEO-H__0231,PE O-20:0_18:2,PE,9.429338948279309e-08,,NOT_COMPUTED,False,False,False,False
D0__CAL_R1_K125,D0,125,CAL,R1,432,PEO-H__0232,PE O-20:0_18:3,PE,1.6172800668692602e-05,,NOT_COMPUTED,False,False,False,False
D0__CAL_R1_K125,D0,125,CAL,R1,433,PEO-H__0233,PE O-20:0_20:0,PE,0.0004466940300081423,,NOT_COMPUTED,False,False,False,False
D0__CAL_R1_K125,D0,125,CAL,R1,434,PEO-H__0234,PE O-20:0_20:1,PE,2.4429535986311426e-06,,NOT_COMPUTED,False,False,False,False
D0__CAL_R1_K125,D0,125,CAL,R1,435,PEO-H__0235,PE O-20:0_20:2,PE,1.0586422354992917e-05,,NOT_COMPUTED,False,False,False,False
D0__CAL_R1_K125,D0,125,CAL,R1,436,PEO-H__0236,PE O-20:0_20:3,PE,0.0005013092134186337,,NOT_COMPUTED,False,False,False,False
D0__CAL_R1_K125,D0,125,CAL,R1,437,PEO-H__0237,PE O-20:0_20:4,PE,0.0001984823299411401,,NOT_COMPUTED,False,False,False,False
D0__CAL_R1_K125,D0,125,CAL,R1,438,PEO-H__0238,PE O-20:0_20:5,PE,0.00032944355375179015,,NOT_COMPUTED,False,False,False,False
D0__CAL_R1_K125,D0,125,CAL,R1,439,PEO-H__0257,PE O-20:1_18:0,PE,0.0004212678591214217,,NOT_COMPUTED,False,False,False,False
D0__CAL_R1_K125,D0,125,CAL,R1,440,PEO-H__0258,PE O-20:1_18:1,PE,1.7032227937320068e-08,,NOT_COMPUTED,False,False,False,False
D0__CAL_R1_K125,D0,125,CAL,R1,441,PEO-H__0259,PE O-20:1_18:2,PE,7.483188427465716e-05,,NOT_COMPUTED,False,False,False,False
D0__CAL_R1_K125,D0,125,CAL,R1,442,PEO-H__0260,PE O-20:1_18:3,PE,0.0008148652842459766,,NOT_COMPUTED,False,False,False,False
D0__CAL_R1_K125,D0,125,CAL,R1,443,PEO-H__0261,PE O-20:1_20:0,PE,9.691971339117304e-08,,NOT_COMPUTED,False,False,False,False
D0__CAL_R1_K125,D0,125,CAL,R1,444,PEO-H__0262,PE O-20:1_20:1,PE,0.0003228633434704465,,NOT_COMPUTED,False,False,False,False
D0__CAL_R1_K125,D0,125,CAL,R1,445,PEO-H__0263,PE O-20:1_20:2,PE,7.192505194470588e-06,,NOT_COMPUTED,False,False,False,False
D0__CAL_R1_K125,D0,125,CAL,R1,446,PEO-H__0264,PE O-20:1_20:3,PE,0.0,,NOT_COMPUTED,False,False,False,False
D0__CAL_R1_K125,D0,125,CAL,R1,447,PEO-H__0265,PE O-20:1_20:4,PE,0.00017226676113098592,,NOT_COMPUTED,False,False,False,False
D0__CAL_R1_K125,D0,125,CAL,R1,448,PEO-H__0266,PE O-20:1_20:5,PE,0.0,,NOT_COMPUTED,False,False,False,False
D0__CAL_R1_K125,D0,125,CAL,R1,449,PEO-H__0285,PE O-20:2_18:0,PE,0.0,,NOT_COMPUTED,False,False,False,False
D0__CAL_R1_K125,D0,125,CAL,R1,450,PEO-H__0286,PE O-20:2_18:1,PE,0.0019139503211079382,0.0,COMPUTED,True,False,False,False
D0__CAL_R1_K125,D0,125,CAL,R1,451,PEO-H__0287,PE O-20:2_18:2,PE,0.0,,NOT_COMPUTED,False,False,False,False
D0__CAL_R1_K125,D0,125,CAL,R1,452,PEO-H__0288,PE O-20:2_18:3,PE,0.00029312931143381563,,NOT_COMPUTED,False,False,False,False
D0__CAL_R1_K125,D0,125,CAL,R1,453,PEO-H__0289,PE O-20:2_20:0,PE,0.00025728225213942865,,NOT_COMPUTED,False,False,False,False
D0__CAL_R1_K125,D0,125,CAL,R1,454,PEO-H__0290,PE O-20:2_20:1,PE,0.003607250832674019,2.262627671184274e-29,COMPUTED,True,False,False,False
D0__CAL_R1_K125,D0,125,CAL,R1,455,PEO-H__0291,PE O-20:2_20:2,PE,0.002593232028201189,2.3203057267376783e-09,COMPUTED,True,True,True,True
D0__CAL_R1_K125,D0,125,CAL,R1,456,PEO-H__0292,PE O-20:2_20:3,PE,0.002113766311627533,8.931488261676286e-22,COMPUTED,True,False,False,False
D0__CAL_R1_K125,D0,125,CAL,R1,457,PEO-H__0293,PE O-20:2_20:4,PE,1.4219254872141947e-05,,NOT_COMPUTED,False,False,False,False
D0__CAL_R1_K125,D0,125,CAL,R1,458,PEO-H__0294,PE O-20:2_20:5,PE,8.039855146516397e-06,,NOT_COMPUTED,False,False,False,False
D0__CAL_R1_K125,D0,125,CAL,R1,459,PEO-H__0313,PE O-20:3_18:0,PE,3.448291904437489e-05,,NOT_COMPUTED,False,False,False,False
D0__CAL_R1_K125,D0,125,CAL,R1,460,PEO-H__0314,PE O-20:3_18:1,PE,1.3158630678858195e-08,,NOT_COMPUTED,False,False,False,False
D0__CAL_R1_K125,D0,125,CAL,R1,461,PEO-H__0315,PE O-20:3_18:2,PE,0.0,,NOT_COMPUTED,False,False,False,False
D0__CAL_R1_K125,D0,125,CAL,R1,462,PEO-H__0316,PE O-20:3_18:3,PE,7.283103048367781e-07,,NOT_COMPUTED,False,False,False,False
D0__CAL_R1_K125,D0,125,CAL,R1,463,PEO-H__0317,PE O-20:3_20:0,PE,0.0006930475648919573,,NOT_COMPUTED,False,False,False,False
D0__CAL_R1_K125,D0,125,CAL,R1,464,PEO-H__0318,PE O-20:3_20:1,PE,0.00014237912318253436,,NOT_COMPUTED,False,False,False,False
D0__CAL_R1_K125,D0,125,CAL,R1,465,PEO-H__0319,PE O-20:3_20:2,PE,6.28585512980568e-06,,NOT_COMPUTED,False,False,False,False
D0__CAL_R1_K125,D0,125,CAL,R1,466,PEO-H__0320,PE O-20:3_20:3,PE,0.0,,NOT_COMPUTED,False,False,False,False
D0__CAL_R1_K125,D0,125,CAL,R1,467,PEO-H__0321,PE O-20:3_20:4,PE,5.877984041325097e-06,,NOT_COMPUTED,False,False,False,False
D0__CAL_R1_K125,D0,125,CAL,R1,468,PEO-H__0322,PE O-20:3_20:5,PE,1.4150107900973014e-05,,NOT_COMPUTED,False,False,False,False
D0__CAL_R1_K125,D0,125,CAL,R1,469,PEO-H__0341,PE O-20:4_18:0,PE,0.0007808606278381201,,NOT_COMPUTED,False,False,False,False
D0__CAL_R1_K125,D0,125,CAL,R1,470,PEO-H__0342,PE O-20:4_18:1,PE,0.002335185701285248,0.0,COMPUTED,True,False,False,False
D0__CAL_R1_K125,D0,125,CAL,R1,471,PEO-H__0343,PE O-20:4_18:2,PE,0.0008319794415540276,,NOT_COMPUTED,False,False,False,False
D0__CAL_R1_K125,D0,125,CAL,R1,472,PEO-H__0345,PE O-20:4_20:0,PE,0.0012861690879489246,7.470545942975217e-30,COMPUTED,True,False,False,False
D0__CAL_R1_K125,D0,125,CAL,R1,473,PEO-H__0346,PE O-20:4_20:1,PE,0.016630119952260977,1.1955840309640594e-06,COMPUTED,True,True,True,True
D0__CAL_R1_K125,D0,125,CAL,R1,474,PEO-H__0347,PE O-20:4_20:2,PE,0.0010331816801146668,0.0,COMPUTED,True,False,False,False
D0__CAL_R1_K125,D0,125,CAL,R1,475,PEO-H__0348,PE O-20:4_20:3,PE,0.016240165601381792,0.0,COMPUTED,True,False,False,False
D0__CAL_R1_K125,D0,125,CAL,R1,476,PEO-H__0349,PE O-20:4_20:4,PE,0.00025912819279429866,,NOT_COMPUTED,False,False,False,False
D0__CAL_R1_K125,D0,125,CAL,R1,477,PEO-H__0350,PE O-20:4_20:5,PE,0.009466516099371254,2.8426929091833626e-06,COMPUTED,True,True,True,True
D0__CAL_R1_K125,D0,125,CAL,R1,478,PEO-H__0357,PE O-20:4_22:6,PE,0.0009752490146715683,,NOT_COMPUTED,False,False,False,False
D0__CAL_R1_K125,D0,125,CAL,R1,479,PEO-H__0369,PE O-20:5_18:0,PE,0.0032573162131754258,0.0,COMPUTED,True,False,False,False
D0__CAL_R1_K125,D0,125,CAL,R1,480,PEO-H__0370,PE O-20:5_18:1,PE,5.747797281116158e-06,,NOT_COMPUTED,False,False,False,False
D0__CAL_R1_K125,D0,125,CAL,R1,481,PEO-H__0373,PE O-20:5_20:0,PE,0.003847848765641869,1.409882344946915e-26,COMPUTED,True,False,False,False
D0__CAL_R1_K125,D0,125,CAL,R1,482,PEO-H__0374,PE O-20:5_20:1,PE,0.00010327789515182034,,NOT_COMPUTED,False,False,False,False
D0__CAL_R1_K125,D0,125,CAL,R1,483,PEO-H__0375,PE O-20:5_20:2,PE,8.481443844024681e-05,,NOT_COMPUTED,False,False,False,False
D0__CAL_R1_K125,D0,125,CAL,R1,484,PEO-H__0376,PE O-20:5_20:3,PE,5.070442658607188e-06,,NOT_COMPUTED,False,False,False,False
D0__CAL_R1_K125,D0,125,CAL,R1,485,PEO-H__0377,PE O-20:5_20:4,PE,0.00013309296192466163,,NOT_COMPUTED,False,False,False,False
D0__CAL_R1_K125,D0,125,CAL,R1,486,PEO-H__0378,PE O-20:5_20:5,PE,1.5856602366735378e-05,,NOT_COMPUTED,False,False,False,False
D0__CAL_R1_K125,D0,125,CAL,R1,487,PEO-H__0384,PE O-20:5_22:5,PE,0.0,,NOT_COMPUTED,False,False,False,False
D0__CAL_R1_K125,D0,125,CAL,R1,488,PEO-H__0385,PE O-20:5_22:6,PE,1.5100859784904832e-07,,NOT_COMPUTED,False,False,False,False
D0__CAL_R1_K125,D0,125,CAL,R1,489,PEO-H__0395,PE O-22:0_16:0,PE,0.0,,NOT_COMPUTED,False,False,False,False
D0__CAL_R1_K125,D0,125,CAL,R1,490,PEO-H__0396,PE O-22:0_16:1,PE,0.0003800343608599002,,NOT_COMPUTED,False,False,False,False
D0__CAL_R1_K125,D0,125,CAL,R1,491,PEO-H__0397,PE O-22:0_18:0,PE,0.0020807588723216835,8.630418891508256e-25,COMPUTED,True,False,False,False
D0__CAL_R1_K125,D0,125,CAL,R1,492,PEO-H__0398,PE O-22:0_18:1,PE,0.000336814486154996,,NOT_COMPUTED,False,False,False,False
D0__CAL_R1_K125,D0,125,CAL,R1,493,PEO-H__0399,PE O-22:0_18:2,PE,2.2223338417959625e-06,,NOT_COMPUTED,False,False,False,False
D0__CAL_R1_K125,D0,125,CAL,R1,494,PEO-H__0400,PE O-22:0_18:3,PE,0.00020657123641571,,NOT_COMPUTED,False,False,False,False
D0__CAL_R1_K125,D0,125,CAL,R1,495,PEO-H__0423,PE O-22:1_16:0,PE,0.00183280267280794,0.0,COMPUTED,True,False,False,False
D0__CAL_R1_K125,D0,125,CAL,R1,496,PEO-H__0424,PE O-22:1_16:1,PE,6.604196199285539e-06,,NOT_COMPUTED,False,False,False,False
D0__CAL_R1_K125,D0,125,CAL,R1,497,PEO-H__0425,PE O-22:1_18:0,PE,0.0,,NOT_COMPUTED,False,False,False,False
D0__CAL_R1_K125,D0,125,CAL,R1,498,PEO-H__0426,PE O-22:1_18:1,PE,0.028903129202908127,4.2879277046524015e-06,COMPUTED,True,True,True,True
D0__CAL_R1_K125,D0,125,CAL,R1,499,PEO-H__0427,PE O-22:1_18:2,PE,0.02721586505064949,2.0711295931084256e-05,COMPUTED,True,True,True,True
D0__CAL_R1_K125,D0,125,CAL,R1,500,PEO-H__0428,PE O-22:1_18:3,PE,0.0038385570921011837,1.1018403898997072e-06,COMPUTED,True,True,True,True
D0__CAL_R1_K125,D0,125,CAL,R1,501,PEO-H__0451,PE O-22:2_16:0,PE,7.856190999099618e-08,,NOT_COMPUTED,False,False,False,False
D0__CAL_R1_K125,D0,125,CAL,R1,502,PEO-H__0452,PE O-22:2_16:1,PE,8.272804703316897e-05,,NOT_COMPUTED,False,False,False,False
D0__CAL_R1_K125,D0,125,CAL,R1,503,PEO-H__0453,PE O-22:2_18:0,PE,0.0001362046219905194,,NOT_COMPUTED,False,False,False,False
D0__CAL_R1_K125,D0,125,CAL,R1,504,PEO-H__0454,PE O-22:2_18:1,PE,0.000858609190987474,,NOT_COMPUTED,False,False,False,False
D0__CAL_R1_K125,D0,125,CAL,R1,505,PEO-H__0455,PE O-22:2_18:2,PE,9.57754871541539e-06,,NOT_COMPUTED,False,False,False,False
D0__CAL_R1_K125,D0,125,CAL,R1,506,PEO-H__0456,PE O-22:2_18:3,PE,8.112382331357459e-05,,NOT_COMPUTED,False,False,False,False
D0__CAL_R1_K125,D0,125,CAL,R1,507,PEO-H__0479,PE O-22:3_16:0,PE,0.00034488463074618206,,NOT_COMPUTED,False,False,False,False
D0__CAL_R1_K125,D0,125,CAL,R1,508,PEO-H__0480,PE O-22:3_16:1,PE,0.006631708670613123,1.1803291344749777e-06,COMPUTED,True,True,True,True
D0__CAL_R1_K125,D0,125,CAL,R1,509,PEO-H__0481,PE O-22:3_18:0,PE,0.0025489663704092494,0.0,COMPUTED,True,False,False,False
D0__CAL_R1_K125,D0,125,CAL,R1,510,PEO-H__0482,PE O-22:3_18:1,PE,0.0020654071650337245,4.1605884327274796e-30,COMPUTED,True,False,False,False
D0__CAL_R1_K125,D0,125,CAL,R1,511,PEO-H__0483,PE O-22:3_18:2,PE,0.003257149092652074,0.0,COMPUTED,True,False,False,False
D0__CAL_R1_K125,D0,125,CAL,R1,512,PEO-H__0484,PE O-22:3_18:3,PE,0.001824358476440995,1.7984624035277032e-27,COMPUTED,True,False,False,False
D0__CAL_R1_K125,D0,125,CAL,R1,513,PEO-H__0507,PE O-22:4_16:0,PE,1.4433977556723309e-05,,NOT_COMPUTED,False,False,False,False
D0__CAL_R1_K125,D0,125,CAL,R1,514,PEO-H__0508,PE O-22:4_16:1,PE,2.86118159100826e-05,,NOT_COMPUTED,False,False,False,False
D0__CAL_R1_K125,D0,125,CAL,R1,515,PEO-H__0509,PE O-22:4_18:0,PE,0.0004107095221306067,,NOT_COMPUTED,False,False,False,False
D0__CAL_R1_K125,D0,125,CAL,R1,516,PEO-H__0510,PE O-22:4_18:1,PE,0.0006010289023253276,,NOT_COMPUTED,False,False,False,False
D0__CAL_R1_K125,D0,125,CAL,R1,517,PEO-H__0511,PE O-22:4_18:2,PE,2.6604888604421902e-05,,NOT_COMPUTED,False,False,False,False
D0__CAL_R1_K125,D0,125,CAL,R1,518,PEO-H__0512,PE O-22:4_18:3,PE,4.588267809750268e-07,,NOT_COMPUTED,False,False,False,False
D0__CAL_R1_K125,D0,125,CAL,R1,519,PEO-H__0535,PE O-22:5_16:0,PE,2.38722683973894e-06,,NOT_COMPUTED,False,False,False,False
D0__CAL_R1_K125,D0,125,CAL,R1,520,PEO-H__0536,PE O-22:5_16:1,PE,0.0012437922073055775,5.773928965048671e-24,COMPUTED,True,False,False,False
D0__CAL_R1_K125,D0,125,CAL,R1,521,PEO-H__0537,PE O-22:5_18:0,PE,0.006011367290655916,5.412727479979044e-08,COMPUTED,True,True,True,True
D0__CAL_R1_K125,D0,125,CAL,R1,522,PEO-H__0538,PE O-22:5_18:1,PE,0.0005476445084354266,,NOT_COMPUTED,False,False,False,False
D0__CAL_R1_K125,D0,125,CAL,R1,523,PEO-H__0539,PE O-22:5_18:2,PE,0.001297182644424443,9.185448232261483e-29,COMPUTED,True,False,False,False
D0__CAL_R1_K125,D0,125,CAL,R1,524,PEO-H__0540,PE O-22:5_18:3,PE,0.0014599058602760575,2.8791721188766454e-24,COMPUTED,True,False,False,False
D0__CAL_R1_K125,D0,125,CAL,R1,525,PEO-H__0546,PE O-22:5_20:5,PE,0.000411124723552575,,NOT_COMPUTED,False,False,False,False
D0__CAL_R1_K125,D0,125,CAL,R1,526,PEO-H__0563,PE O-22:6_16:0,PE,1.609434728617084e-06,,NOT_COMPUTED,False,False,False,False
D0__CAL_R1_K125,D0,125,CAL,R1,527,PEO-H__0565,PE O-22:6_18:0,PE,0.0,,NOT_COMPUTED,False,False,False,False
D0__CAL_R1_K125,D0,125,CAL,R1,528,PEO-H__0566,PE O-22:6_18:1,PE,0.000736770014789933,,NOT_COMPUTED,False,False,False,False
D0__CAL_R1_K125,D0,125,CAL,R1,529,PEO-H__0567,PE O-22:6_18:2,PE,0.0008185629529866487,,NOT_COMPUTED,False,False,False,False
D0__CAL_R1_K125,D0,125,CAL,R1,530,PEO-H__0568,PE O-22:6_18:3,PE,0.002192221280347738,1.5094854925988493e-24,COMPUTED,True,False,False,False
D0__CAL_R1_K125,D0,125,CAL,R1,531,PEO-H__0573,PE O-22:6_20:4,PE,7.727933267842548e-06,,NOT_COMPUTED,False,False,False,False
D0__CAL_R1_K125,D0,125,CAL,R1,532,PEO-H__0574,PE O-22:6_20:5,PE,4.104837675603898e-06,,NOT_COMPUTED,False,False,False,False
D0__CAL_R1_K125,D0,125,CAL,R1,533,PEO-H__0590,PE O-24:0_14:0,PE,1.9669260432264637e-11,,NOT_COMPUTED,False,False,False,False
D0__CAL_R1_K125,D0,125,CAL,R1,534,PEO-H__0591,PE O-24:0_16:0,PE,0.01078204371397232,5.123905392799757e-06,COMPUTED,True,True,True,True
D0__CAL_R1_K125,D0,125,CAL,R1,535,PEO-H__0592,PE O-24:0_16:1,PE,0.0004903131185962369,,NOT_COMPUTED,False,False,False,False
D0__CAL_R1_K125,D0,125,CAL,R1,536,PEO-H__0618,PE O-24:1_14:0,PE,0.0011198596455838491,0.0,COMPUTED,True,False,False,False
D0__CAL_R1_K125,D0,125,CAL,R1,537,PEO-H__0619,PE O-24:1_16:0,PE,0.0,,NOT_COMPUTED,False,False,False,False
D0__CAL_R1_K125,D0,125,CAL,R1,538,PEO-H__0620,PE O-24:1_16:1,PE,0.0018632628752360742,1.9215058208165506e-26,COMPUTED,True,False,False,False
D0__CAL_R1_K125,D0,125,CAL,R1,539,PEO-H__0646,PE O-24:2_14:0,PE,0.0,,NOT_COMPUTED,False,False,False,False
D0__CAL_R1_K125,D0,125,CAL,R1,540,PEO-H__0647,PE O-24:2_16:0,PE,4.8067645524575714e-05,,NOT_COMPUTED,False,False,False,False
D0__CAL_R1_K125,D0,125,CAL,R1,541,PEO-H__0648,PE O-24:2_16:1,PE,0.0005696171644134079,,NOT_COMPUTED,False,False,False,False
D0__CAL_R1_K125,D0,125,CAL,R1,542,PEO-H__0674,PE O-24:3_14:0,PE,0.0005794070696869094,,NOT_COMPUTED,False,False,False,False
D0__CAL_R1_K125,D0,125,CAL,R1,543,PEO-H__0675,PE O-24:3_16:0,PE,5.152809400178006e-05,,NOT_COMPUTED,False,False,False,False
D0__CAL_R1_K125,D0,125,CAL,R1,544,PEO-H__0676,PE O-24:3_16:1,PE,0.00017000374322514097,,NOT_COMPUTED,False,False,False,False
D0__CAL_R1_K125,D0,125,CAL,R1,545,PEO-H__0702,PE O-24:4_14:0,PE,0.0025099424368881227,9.392014754349379e-24,COMPUTED,True,False,False,False
D0__CAL_R1_K125,D0,125,CAL,R1,546,PEO-H__0703,PE O-24:4_16:0,PE,0.001004869082970668,5.301563547181478e-30,COMPUTED,True,False,False,False
D0__CAL_R1_K125,D0,125,CAL,R1,547,PEO-H__0704,PE O-24:4_16:1,PE,0.023303878176724264,4.926001741596212e-05,COMPUTED,True,True,True,True
D0__CAL_R1_K125,D0,125,CAL,R1,548,PEO-H__0730,PE O-24:5_14:0,PE,0.0003415610542160775,,NOT_COMPUTED,False,False,False,False
D0__CAL_R1_K125,D0,125,CAL,R1,549,PEO-H__0731,PE O-24:5_16:0,PE,0.0002169317530872163,,NOT_COMPUTED,False,False,False,False
D0__CAL_R1_K125,D0,125,CAL,R1,550,PEO-H__0732,PE O-24:5_16:1,PE,1.9468128852464885e-06,,NOT_COMPUTED,False,False,False,False
D0__CAL_R1_K125,D0,125,CAL,R1,551,PEO-H__0758,PE O-24:6_14:0,PE,0.0,,NOT_COMPUTED,False,False,False,False
D0__CAL_R1_K125,D0,125,CAL,R1,552,PEO-H__0759,PE O-24:6_16:0,PE,1.6229413786318962e-06,,NOT_COMPUTED,False,False,False,False
D0__CAL_R1_K125,D0,125,CAL,R1,553,PEO-H__0760,PE O-24:6_16:1,PE,0.00014029031060333757,,NOT_COMPUTED,False,False,False,False
D0__CAL_R1_K125,D0,125,CAL,R1,554,PEO-H__0828,PE O-15:0_24:4,PE,0.0,,NOT_COMPUTED,False,False,False,False
D0__CAL_R1_K125,D0,125,CAL,R1,555,PEO-H__0843,PE O-17:0_22:0,PE,1.4375693841278742e-05,,NOT_COMPUTED,False,False,False,False
D0__CAL_R1_K125,D0,125,CAL,R1,556,PEO-H__0844,PE O-17:0_22:1,PE,0.0,,NOT_COMPUTED,False,False,False,False
D0__CAL_R1_K125,D0,125,CAL,R1,557,PEO-H__0845,PE O-17:0_22:2,PE,0.0,,NOT_COMPUTED,False,False,False,False
D0__CAL_R1_K125,D0,125,CAL,R1,558,PEO-H__0846,PE O-17:0_22:3,PE,7.626935103096689e-05,,NOT_COMPUTED,False,False,False,False
D0__CAL_R1_K125,D0,125,CAL,R1,559,PEO-H__0847,PE O-17:0_22:4,PE,4.052166935601432e-06,,NOT_COMPUTED,False,False,False,False
D0__CAL_R1_K125,D0,125,CAL,R1,560,PEO-H__0848,PE O-17:0_22:5,PE,2.1323283772137683e-07,,NOT_COMPUTED,False,False,False,False
D0__CAL_R1_K125,D0,125,CAL,R1,561,PEO-H__0849,PE O-17:0_22:6,PE,0.0,,NOT_COMPUTED,False,False,False,False
D0__CAL_R1_K125,D0,125,CAL,R1,562,PEO-H__0850,PE O-17:0_24:4,PE,0.0,,NOT_COMPUTED,False,False,False,False
D0__CAL_R1_K125,D0,125,CAL,R1,563,PEO-H__0865,PE O-17:1_22:0,PE,1.3918617100280482e-06,,NOT_COMPUTED,False,False,False,False
D0__CAL_R1_K125,D0,125,CAL,R1,564,PEO-H__0866,PE O-17:1_22:1,PE,3.93337772440763e-08,,NOT_COMPUTED,False,False,False,False
D0__CAL_R1_K125,D0,125,CAL,R1,565,PEO-H__0867,PE O-17:1_22:2,PE,0.0036502717086949765,2.565127396311925e-08,COMPUTED,True,True,True,True
D0__CAL_R1_K125,D0,125,CAL,R1,566,PEO-H__0868,PE O-17:1_22:3,PE,0.0010437402096438273,8.795248872527791e-26,COMPUTED,True,False,False,False
D0__CAL_R1_K125,D0,125,CAL,R1,567,PEO-H__0869,PE O-17:1_22:4,PE,0.00579524781773058,0.0,COMPUTED,True,False,False,False
D0__CAL_R1_K125,D0,125,CAL,R1,568,PEO-H__0870,PE O-17:1_22:5,PE,4.1846113837486507e-07,,NOT_COMPUTED,False,False,False,False
D0__CAL_R1_K125,D0,125,CAL,R1,569,PEO-H__0871,PE O-17:1_22:6,PE,0.0,,NOT_COMPUTED,False,False,False,False
D0__CAL_R1_K125,D0,125,CAL,R1,570,PEO-H__0872,PE O-17:1_24:4,PE,0.0,,NOT_COMPUTED,False,False,False,False
D0__CAL_R1_K125,D0,125,CAL,R1,571,PG-H__0043,PG 12:0_22:0,PG,0.0,,NOT_COMPUTED,False,False,False,False
D0__CAL_R1_K125,D0,125,CAL,R1,572,PG-H__0044,PG 14:0_20:0,PG,0.0,,NOT_COMPUTED,False,False,False,False
D0__CAL_R1_K125,D0,125,CAL,R1,573,PG-H__0045,PG 16:0_18:0,PG,0.0,,NOT_COMPUTED,False,False,False,False
D0__CAL_R1_K125,D0,125,CAL,R1,574,PG-H__0046,PG 12:0_24:6,PG,0.02728139767698538,4.23893007909798e-05,COMPUTED,True,True,True,True
D0__CAL_R1_K125,D0,125,CAL,R1,575,PG-H__0047,PG 14:0_22:6,PG,0.0026523755959774963,0.0,COMPUTED,True,False,False,False
D0__CAL_R1_K125,D0,125,CAL,R1,576,PG-H__0048,PG 16:1_20:5,PG,0.006277092728051037,1.0772358809672828e-26,COMPUTED,True,False,False,False
D0__CAL_R1_K125,D0,125,CAL,R1,577,PG-H__0049,PG 18:3_18:3,PG,0.0027078780338608316,2.167996847145229e-06,COMPUTED,True,True,True,True
D0__CAL_R1_K125,D0,125,CAL,R1,578,PG-H__0050,PG 12:0_24:5,PG,7.336688453285251e-05,,NOT_COMPUTED,False,False,False,False
D0__CAL_R1_K125,D0,125,CAL,R1,579,PG-H__0051,PG 14:0_22:5,PG,0.008018493004649426,6.260003701591903e-07,COMPUTED,True,True,True,True
D0__CAL_R1_K125,D0,125,CAL,R1,580,PG-H__0052,PG 16:0_20:5,PG,0.0027142211134899346,0.0,COMPUTED,True,False,False,False
D0__CAL_R1_K125,D0,125,CAL,R1,581,PG-H__0053,PG 16:1_20:4,PG,0.03039369371835533,1.2670026950294522e-05,COMPUTED,True,True,True,True
D0__CAL_R1_K125,D0,125,CAL,R1,582,PG-H__0054,PG 18:2_18:3,PG,0.014208873508012474,4.978307932188361e-07,COMPUTED,True,True,True,True
D0__CAL_R1_K125,D0,125,CAL,R1,583,PG-H__0055,PG 12:0_24:4,PG,0.00020863133079690476,,NOT_COMPUTED,False,False,False,False
D0__CAL_R1_K125,D0,125,CAL,R1,584,PG-H__0056,PG 14:0_22:4,PG,0.0020713262683763707,0.0,COMPUTED,True,False,False,False
D0__CAL_R1_K125,D0,125,CAL,R1,585,PG-H__0057,PG 16:0_20:4,PG,0.00026899508965964457,,NOT_COMPUTED,False,False,False,False
D0__CAL_R1_K125,D0,125,CAL,R1,586,PG-H__0058,PG 16:1_20:3,PG,0.006929786701661667,4.2138474590163427e-07,COMPUTED,True,True,True,True
D0__CAL_R1_K125,D0,125,CAL,R1,587,PG-H__0059,PG 18:1_18:3,PG,0.009447122979192401,0.0,COMPUTED,True,False,False,False
D0__CAL_R1_K125,D0,125,CAL,R1,588,PG-H__0060,PG 18:2_18:2,PG,0.0025942143911809215,1.9631036623399336e-24,COMPUTED,True,False,False,False
D0__CAL_R1_K125,D0,125,CAL,R1,589,PG-H__0061,PG 12:0_24:3,PG,0.0034643897630949696,8.696799768682516e-24,COMPUTED,True,False,False,False
D0__CAL_R1_K125,D0,125,CAL,R1,590,PG-H__0062,PG 14:0_22:3,PG,0.0008915787985177975,,NOT_COMPUTED,False,False,False,False
D0__CAL_R1_K125,D0,125,CAL,R1,591,PG-H__0063,PG 16:0_20:3,PG,0.00023556499608950402,,NOT_COMPUTED,False,False,False,False
D0__CAL_R1_K125,D0,125,CAL,R1,592,PG-H__0064,PG 16:1_20:2,PG,0.003193196422555292,1.236459153116886e-08,COMPUTED,True,True,True,True
D0__CAL_R1_K125,D0,125,CAL,R1,593,PG-H__0065,PG 18:0_18:3,PG,9.536748222791539e-05,,NOT_COMPUTED,False,False,False,False
D0__CAL_R1_K125,D0,125,CAL,R1,594,PG-H__0066,PG 18:1_18:2,PG,0.00016716198136904317,,NOT_COMPUTED,False,False,False,False
D0__CAL_R1_K125,D0,125,CAL,R1,595,PG-H__0067,PG 12:0_24:2,PG,0.0005859504205779838,,NOT_COMPUTED,False,True,True,True
D0__CAL_R1_K125,D0,125,CAL,R1,596,PG-H__0068,PG 14:0_22:2,PG,0.0022810836002533793,0.0,COMPUTED,True,False,False,False
D0__CAL_R1_K125,D0,125,CAL,R1,597,PG-H__0069,PG 16:0_20:2,PG,0.0005587192031587116,,NOT_COMPUTED,False,False,False,False
D0__CAL_R1_K125,D0,125,CAL,R1,598,PG-H__0070,PG 16:1_20:1,PG,0.0036838398942946014,0.0,COMPUTED,True,False,False,False
D0__CAL_R1_K125,D0,125,CAL,R1,599,PG-H__0071,PG 18:0_18:2,PG,0.0,,NOT_COMPUTED,False,False,False,False
D0__CAL_R1_K125,D0,125,CAL,R1,600,PG-H__0072,PG 18:1_18:1,PG,0.0007801127583961921,,NOT_COMPUTED,False,False,False,False
D0__CAL_R1_K125,D0,125,CAL,R1,601,PG-H__0073,PG 12:0_24:1,PG,0.00533916608931971,7.589858853135682e-23,COMPUTED,True,False,False,False
D0__CAL_R1_K125,D0,125,CAL,R1,602,PG-H__0074,PG 14:0_22:1,PG,0.0003797243808636419,,NOT_COMPUTED,False,False,False,False
D0__CAL_R1_K125,D0,125,CAL,R1,603,PG-H__0075,PG 16:0_20:1,PG,0.020605458106934815,6.58759147862036e-07,COMPUTED,True,True,True,True
D0__CAL_R1_K125,D0,125,CAL,R1,604,PG-H__0076,PG 20:0_16:1,PG,0.008212860231154187,3.4012785314849935e-26,COMPUTED,True,False,False,False
D0__CAL_R1_K125,D0,125,CAL,R1,605,PG-H__0077,PG 18:0_18:1,PG,0.00016784775831216558,,NOT_COMPUTED,False,False,False,False
D0__CAL_R1_K125,D0,125,CAL,R1,606,PG-H__0078,PG 12:0_24:0,PG,0.007385401287560274,6.952852882103782e-08,COMPUTED,True,True,True,True
D0__CAL_R1_K125,D0,125,CAL,R1,607,PG-H__0079,PG 14:0_22:0,PG,0.014426560702843096,3.1224846693730813e-07,COMPUTED,True,True,True,True
D0__CAL_R1_K125,D0,125,CAL,R1,608,PG-H__0080,PG 16:0_20:0,PG,0.0005616842154037852,,NOT_COMPUTED,False,False,False,False
D0__CAL_R1_K125,D0,125,CAL,R1,609,PG-H__0081,PG 18:0_18:0,PG,0.0015305971106215953,0.0,COMPUTED,True,False,False,False
D0__CAL_R1_K125,D0,125,CAL,R1,610,PG-H__0082,PG 18:3_20:5,PG,0.027902597180796764,2.5784543132903435e-05,COMPUTED,True,True,True,True
D0__CAL_R1_K125,D0,125,CAL,R1,611,PG-H__0083,PG 16:1_22:6,PG,0.0005812643516098692,,NOT_COMPUTED,False,False,False,False
D0__CAL_R1_K125,D0,125,CAL,R1,612,PG-H__0084,PG 18:2_20:5,PG,0.0010762487306604411,0.0,COMPUTED,True,False,False,False
D0__CAL_R1_K125,D0,125,CAL,R1,613,PG-H__0085,PG 18:3_20:4,PG,1.604876783278604e-05,,NOT_COMPUTED,False,False,False,False
D0__CAL_R1_K125,D0,125,CAL,R1,614,PG-H__0086,PG 14:0_24:6,PG,4.311616145864848e-07,,NOT_COMPUTED,False,False,False,False
D0__CAL_R1_K125,D0,125,CAL,R1,615,PG-H__0087,PG 16:0_22:6,PG,0.0,,NOT_COMPUTED,False,False,False,False
D0__CAL_R1_K125,D0,125,CAL,R1,616,PG-H__0088,PG 16:1_22:5,PG,0.0,,NOT_COMPUTED,False,False,False,False
D0__CAL_R1_K125,D0,125,CAL,R1,617,PG-H__0089,PG 18:1_20:5,PG,0.0,,NOT_COMPUTED,False,False,False,False
D0__CAL_R1_K125,D0,125,CAL,R1,618,PG-H__0090,PG 18:2_20:4,PG,3.0842744263470726e-06,,NOT_COMPUTED,False,False,False,False
D0__CAL_R1_K125,D0,125,CAL,R1,619,PG-H__0091,PG 18:3_20:3,PG,8.492281244909055e-08,,NOT_COMPUTED,False,False,False,False
D0__CAL_R1_K125,D0,125,CAL,R1,620,PG-H__0092,PG 14:0_24:5,PG,4.099689015566215e-08,,NOT_COMPUTED,False,False,False,False
D0__CAL_R1_K125,D0,125,CAL,R1,621,PG-H__0093,PG 16:0_22:5,PG,1.3232535149006126e-09,,NOT_COMPUTED,False,False,False,False
D0__CAL_R1_K125,D0,125,CAL,R1,622,PG-H__0094,PG 16:1_22:4,PG,6.908395182316168e-09,,NOT_COMPUTED,False,False,False,False
D0__CAL_R1_K125,D0,125,CAL,R1,623,PG-H__0095,PG 18:0_20:5,PG,0.0,,NOT_COMPUTED,False,False,False,False
D0__CAL_R1_K125,D0,125,CAL,R1,624,PG-H__0096,PG 18:1_20:4,PG,0.0,,NOT_COMPUTED,False,False,False,False
D0__CAL_R1_K125,D0,125,CAL,R1,625,PG-H__0097,PG 18:2_20:3,PG,0.0,,NOT_COMPUTED,False,False,False,False
D0__CAL_R1_K125,D0,125,CAL,R1,626,PG-H__0098,PG 20:2_18:3,PG,8.328832280651265e-08,,NOT_COMPUTED,False,False,False,False
D0__CAL_R1_K125,D0,125,CAL,R1,627,PG-H__0099,PG 14:0_24:4,PG,0.0,,NOT_COMPUTED,False,False,False,False
D0__CAL_R1_K125,D0,125,CAL,R1,628,PG-H__0100,PG 16:0_22:4,PG,0.0,,NOT_COMPUTED,False,False,False,False
D0__CAL_R1_K125,D0,125,CAL,R1,629,PG-H__0101,PG 16:1_22:3,PG,0.0,,NOT_COMPUTED,False,False,False,False
D0__CAL_R1_K125,D0,125,CAL,R1,630,PG-H__0102,PG 18:0_20:4,PG,4.236491199403274e-06,,NOT_COMPUTED,False,False,False,False
D0__CAL_R1_K125,D0,125,CAL,R1,631,PG-H__0103,PG 18:1_20:3,PG,0.0,,NOT_COMPUTED,False,False,False,False
D0__CAL_R1_K125,D0,125,CAL,R1,632,PG-H__0104,PG 18:2_20:2,PG,0.0,,NOT_COMPUTED,False,False,False,False
D0__CAL_R1_K125,D0,125,CAL,R1,633,PG-H__0105,PG 20:1_18:3,PG,0.0,,NOT_COMPUTED,False,False,False,False
D0__CAL_R1_K125,D0,125,CAL,R1,634,PG-H__0421,PG 13:0_22:0,PG,0.0,,NOT_COMPUTED,False,False,False,False
D0__CAL_R1_K125,D0,125,CAL,R1,635,PG-H__0422,PG 13:0_22:1,PG,0.0,,NOT_COMPUTED,False,False,False,False
D0__CAL_R1_K125,D0,125,CAL,R1,636,PG-H__0423,PG 13:0_22:2,PG,0.0,,NOT_COMPUTED,False,False,False,False
D0__CAL_R1_K125,D0,125,CAL,R1,637,PG-H__0424,PG 13:0_22:3,PG,0.0,,NOT_COMPUTED,False,False,False,False
D0__CAL_R1_K125,D0,125,CAL,R1,638,PG-H__0425,PG 13:0_22:4,PG,0.0,,NOT_COMPUTED,False,False,False,False
D0__CAL_R1_K125,D0,125,CAL,R1,639,PG-H__0426,PG 13:0_22:5,PG,0.0,,NOT_COMPUTED,False,False,False,False
D0__CAL_R1_K125,D0,125,CAL,R1,640,PG-H__0427,PG 13:0_22:6,PG,0.0,,NOT_COMPUTED,False,False,False,False
D0__CAL_R1_K125,D0,125,CAL,R1,641,PG-H__0428,PG 13:0_24:4,PG,0.0,,NOT_COMPUTED,False,False,False,False
D0__CAL_R1_K125,D0,125,CAL,R1,642,PG-H__0437,PG 15:0_20:0,PG,0.0,,NOT_COMPUTED,False,False,False,False
D0__CAL_R1_K125,D0,125,CAL,R1,643,PG-H__0438,PG 15:0_20:1,PG,0.0,,NOT_COMPUTED,False,False,False,False
D0__CAL_R1_K125,D0,125,CAL,R1,644,PG-H__0439,PG 15:0_20:2,PG,0.0,,NOT_COMPUTED,False,False,False,False
D0__CAL_R1_K125,D0,125,CAL,R1,645,PG-H__0440,PG 15:0_20:3,PG,0.0,,NOT_COMPUTED,False,False,False,False
D0__CAL_R1_K125,D0,125,CAL,R1,646,PG-H__0441,PG 15:0_20:4,PG,0.0,,NOT_COMPUTED,False,False,False,False
D0__CAL_R1_K125,D0,125,CAL,R1,647,PG-H__0442,PG 15:0_20:5,PG,0.0,,NOT_COMPUTED,False,False,False,False
D0__CAL_R1_K125,D0,125,CAL,R1,648,PG-H__0443,PG 15:0_22:0,PG,0.00992897158501879,1.0716797446559248e-06,COMPUTED,True,True,True,True
D0__CAL_R1_K125,D0,125,CAL,R1,649,PG-H__0444,PG 15:0_22:1,PG,0.025195678139059187,1.588927006040145e-06,COMPUTED,True,True,True,True
D0__CAL_R1_K125,D0,125,CAL,R1,650,PG-H__0445,PG 15:0_22:2,PG,0.0,,NOT_COMPUTED,False,False,False,False
D0__CAL_R1_K125,D0,125,CAL,R1,651,PG-H__0446,PG 15:0_22:3,PG,0.0,,NOT_COMPUTED,False,False,False,False
D0__CAL_R1_K125,D0,125,CAL,R1,652,PG-H__0447,PG 15:0_22:4,PG,0.014115854203931568,1.886160841999369e-21,COMPUTED,True,False,False,False
D0__CAL_R1_K125,D0,125,CAL,R1,653,PG-H__0448,PG 15:0_22:5,PG,0.0,,NOT_COMPUTED,False,False,False,False
D0__CAL_R1_K125,D0,125,CAL,R1,654,PG-H__0449,PG 15:0_22:6,PG,0.0,,NOT_COMPUTED,False,False,False,False
D0__CAL_R1_K125,D0,125,CAL,R1,655,PG-H__0455,PG 17:0_18:0,PG,8.866917807770562e-08,,NOT_COMPUTED,False,False,False,False
D0__CAL_R1_K125,D0,125,CAL,R1,656,PG-H__0456,PG 17:0_18:1,PG,0.0,,NOT_COMPUTED,False,False,False,False
D0__CAL_R1_K125,D0,125,CAL,R1,657,PG-H__0457,PG 17:0_18:2,PG,0.0,,NOT_COMPUTED,False,False,False,False
D0__CAL_R1_K125,D0,125,CAL,R1,658,PG-H__0458,PG 17:0_18:3,PG,5.8339280537957964e-08,,NOT_COMPUTED,False,False,False,False
D0__CAL_R1_K125,D0,125,CAL,R1,659,PG-H__0459,PG 17:0_20:0,PG,0.0043860847788571,0.0,COMPUTED,True,False,False,False
D0__CAL_R1_K125,D0,125,CAL,R1,660,PG-H__0460,PG 17:0_20:1,PG,0.008904114083470669,4.2876231374593405e-21,COMPUTED,True,False,False,False
D0__CAL_R1_K125,D0,125,CAL,R1,661,PG-H__0461,PG 17:0_20:2,PG,8.806290938362517e-07,,NOT_COMPUTED,False,False,False,False
D0__CAL_R1_K125,D0,125,CAL,R1,662,PG-H__0462,PG 17:0_20:3,PG,0.0,,NOT_COMPUTED,False,False,False,False
D0__CAL_R1_K125,D0,125,CAL,R1,663,PG-H__0463,PG 17:0_20:4,PG,0.016929515344000362,1.9637926220325577e-06,COMPUTED,True,True,True,True
D0__CAL_R1_K125,D0,125,CAL,R1,664,PG-H__0464,PG 17:0_20:5,PG,6.745637418054945e-06,,NOT_COMPUTED,False,False,False,False
D0__CAL_R1_K125,D0,125,CAL,R1,665,PG-H__0477,PG 18:0_17:1,PG,0.0,,NOT_COMPUTED,False,False,False,False
D0__CAL_R1_K125,D0,125,CAL,R1,666,PG-H__0478,PG 17:1_18:1,PG,0.0,,NOT_COMPUTED,False,False,False,False
D0__CAL_R1_K125,D0,125,CAL,R1,667,PG-H__0479,PG 17:1_18:2,PG,0.0,,NOT_COMPUTED,False,False,False,False
D0__CAL_R1_K125,D0,125,CAL,R1,668,PG-H__0480,PG 17:1_18:3,PG,2.2418703249591744e-05,,NOT_COMPUTED,False,False,False,False
D0__CAL_R1_K125,D0,125,CAL,R1,669,PG-H__0481,PG 20:0_17:1,PG,6.982599576616825e-06,,NOT_COMPUTED,False,False,False,False
D0__CAL_R1_K125,D0,125,CAL,R1,670,PG-H__0482,PG 17:1_20:1,PG,0.0,,NOT_COMPUTED,False,False,False,False
D0__CAL_R1_K125,D0,125,CAL,R1,671,PG-H__0483,PG 17:1_20:2,PG,0.0,,NOT_COMPUTED,False,False,False,False
D0__CAL_R1_K125,D0,125,CAL,R1,672,PG-H__0484,PG 17:1_20:3,PG,0.0012814850864987328,4.896265165527919e-22,COMPUTED,True,False,False,False
D0__CAL_R1_K125,D0,125,CAL,R1,673,PG-H__0485,PG 17:1_20:4,PG,1.3432768431103892e-05,,NOT_COMPUTED,False,False,False,False
D0__CAL_R1_K125,D0,125,CAL,R1,674,PG-H__0486,PG 17:1_20:5,PG,1.1725082134817153e-05,,NOT_COMPUTED,False,False,False,False
D0__CAL_R1_K125,D0,125,CAL,R1,675,PG-H__0502,PG 17:0_17:0,PG,2.967041030392963e-05,,NOT_COMPUTED,False,False,False,False
D0__CAL_R1_K125,D0,125,CAL,R1,676,PI-H__0003,PI 12:0_16:0,PI,8.874084126660231e-06,,NOT_COMPUTED,False,False,False,False
D0__CAL_R1_K125,D0,125,CAL,R1,677,PI-H__0004,PI 12:0_16:1,PI,3.902612901757903e-08,,NOT_COMPUTED,False,False,False,False
D0__CAL_R1_K125,D0,125,CAL,R1,678,PI-H__0005,PI 12:0_18:0,PI,0.011714481624546174,1.0775956463807428e-05,COMPUTED,True,True,True,True
D0__CAL_R1_K125,D0,125,CAL,R1,679,PI-H__0006,PI 12:0_18:1,PI,1.7861080088116992e-06,,NOT_COMPUTED,False,False,False,False
D0__CAL_R1_K125,D0,125,CAL,R1,680,PI-H__0007,PI 12:0_18:2,PI,5.773489920169592e-05,,NOT_COMPUTED,False,False,False,False
D0__CAL_R1_K125,D0,125,CAL,R1,681,PI-H__0008,PI 12:0_18:3,PI,0.007068970141740519,0.00012147989132454785,COMPUTED,True,True,True,True
D0__CAL_R1_K125,D0,125,CAL,R1,682,PI-H__0029,PI 14:0_14:0,PI,0.0,,NOT_COMPUTED,False,False,False,False
D0__CAL_R1_K125,D0,125,CAL,R1,683,PI-H__0030,PI 14:0_16:0,PI,9.522011042885116e-08,,NOT_COMPUTED,False,False,False,False
D0__CAL_R1_K125,D0,125,CAL,R1,684,PI-H__0031,PI 14:0_16:1,PI,0.0,,NOT_COMPUTED,False,False,False,False
D0__CAL_R1_K125,D0,125,CAL,R1,685,PI-H__0409,PI 13:0_16:0,PI,0.00013872114731946394,,NOT_COMPUTED,False,False,False,False
D0__CAL_R1_K125,D0,125,CAL,R1,686,PI-H__0410,PI 13:0_16:1,PI,0.004565669707244953,3.767719522574279e-06,COMPUTED,True,True,True,True
D0__CAL_R1_K125,D0,125,CAL,R1,687,PI-H__0411,PI 13:0_18:0,PI,0.0011232016780098604,0.0,COMPUTED,True,False,False,False
D0__CAL_R1_K125,D0,125,CAL,R1,688,PI-H__0412,PI 13:0_18:1,PI,0.0009821849767772891,,NOT_COMPUTED,False,False,False,False
D0__CAL_R1_K125,D0,125,CAL,R1,689,PI-H__0413,PI 13:0_18:2,PI,0.0005045166492986112,,NOT_COMPUTED,False,False,False,False
D0__CAL_R1_K125,D0,125,CAL,R1,690,PI-H__0414,PI 13:0_18:3,PI,0.03665436912866804,7.129796931630527e-05,COMPUTED,True,True,True,True
D0__CAL_R1_K125,D0,125,CAL,R1,691,PI-H__0430,PI 14:0_15:0,PI,0.00041123937135790226,,NOT_COMPUTED,False,False,False,False
D0__CAL_R1_K125,D0,125,CAL,R1,692,PI-H__0431,PI 15:0_16:0,PI,0.0017547596648830907,0.0,COMPUTED,True,False,False,False
D0__CAL_R1_K125,D0,125,CAL,R1,693,PI-H__0432,PI 15:0_16:1,PI,0.01650050830221216,7.683068660151513e-06,COMPUTED,True,True,True,True
D0__CAL_R1_K125,D0,125,CAL,R1,694,PI-H__0451,PI 12:0_17:0,PI,0.0,,NOT_COMPUTED,False,False,False,False
D0__CAL_R1_K125,D0,125,CAL,R1,695,PI-H__0452,PI 14:0_17:0,PI,0.005997455683769711,2.870582018607028e-06,COMPUTED,True,True,True,True
D0__CAL_R1_K125,D0,125,CAL,R1,696,PI-H__0473,PI 12:0_17:1,PI,0.0011218550714606533,2.098123152589433e-22,COMPUTED,True,False,False,False
D0__CAL_R1_K125,D0,125,CAL,R1,697,PI-H__0474,PI 14:0_17:1,PI,0.009607164329190957,2.3013853914048918e-05,COMPUTED,True,True,True,True
D0__CAL_R1_K125,D0,125,CAL,R1,698,PI-H__0496,PI 13:0_15:0,PI,0.0006423324442956728,,NOT_COMPUTED,False,False,False,False
D0__CAL_R1_K125,D0,125,CAL,R1,699,PI-H__0497,PI 13:0_17:0,PI,0.03006760126156628,0.000144017768960774,COMPUTED,True,True,True,True
D0__CAL_R1_K125,D0,125,CAL,R1,700,PI-H__0498,PI 13:0_17:1,PI,6.818397266597864e-05,,NOT_COMPUTED,False,False,False,False
D0__CAL_R1_K125,D0,125,CAL,R1,701,PI-H__0499,PI 15:0_15:0,PI,0.004565812764703331,1.0745021184488087e-21,COMPUTED,True,False,False,False
D0__CAL_R1_K125,D0,125,CAL,R1,702,PC+HCOO__0005,PC 12:0_18:0,PC,0.00029811197700874766,,NOT_COMPUTED,False,False,False,False
D0__CAL_R1_K125,D0,125,CAL,R1,703,PC+HCOO__0006,PC 12:0_18:1,PC,5.7454186622160416e-05,,NOT_COMPUTED,False,False,False,False
D0__CAL_R1_K125,D0,125,CAL,R1,704,PC+HCOO__0009,PC 12:0_20:0,PC,0.00034994939631804116,,NOT_COMPUTED,False,False,False,False
D0__CAL_R1_K125,D0,125,CAL,R1,705,PC+HCOO__0010,PC 12:0_20:1,PC,0.00011570531272050801,,NOT_COMPUTED,False,False,False,False
D0__CAL_R1_K125,D0,125,CAL,R1,706,PC+HCOO__0011,PC 12:0_20:2,PC,4.307086513300269e-06,,NOT_COMPUTED,False,False,False,False
D0__CAL_R1_K125,D0,125,CAL,R1,707,PC+HCOO__0012,PC 12:0_20:3,PC,0.0,,NOT_COMPUTED,False,False,False,False
D0__CAL_R1_K125,D0,125,CAL,R1,708,PC+HCOO__0013,PC 12:0_20:4,PC,0.00039205735017495676,,NOT_COMPUTED,False,False,False,False
D0__CAL_R1_K125,D0,125,CAL,R1,709,PC+HCOO__0014,PC 12:0_20:5,PC,8.69029397408655e-07,,NOT_COMPUTED,False,False,False,False
D0__CAL_R1_K125,D0,125,CAL,R1,710,PC+HCOO__0020,PC 12:0_22:5,PC,0.006581304578591974,2.5009025308902407e-06,COMPUTED,True,True,True,True
D0__CAL_R1_K125,D0,125,CAL,R1,711,PC+HCOO__0021,PC 12:0_22:6,PC,0.0,,NOT_COMPUTED,False,False,False,False
D0__CAL_R1_K125,D0,125,CAL,R1,712,PC+HCOO__0030,PC 14:0_16:0,PC,0.0,,NOT_COMPUTED,False,False,False,False
D0__CAL_R1_K125,D0,125,CAL,R1,713,PC+HCOO__0031,PC 14:0_16:1,PC,0.0,,NOT_COMPUTED,False,False,False,False
D0__CAL_R1_K125,D0,125,CAL,R1,714,PC+HCOO__0032,PC 14:0_18:0,PC,1.2233984681993919e-05,,NOT_COMPUTED,False,False,False,False
D0__CAL_R1_K125,D0,125,CAL,R1,715,PC+HCOO__0033,PC 14:0_18:1,PC,1.9697813899837005e-07,,NOT_COMPUTED,False,False,False,False
D0__CAL_R1_K125,D0,125,CAL,R1,716,PC+HCOO__0034,PC 14:0_18:2,PC,0.0,,NOT_COMPUTED,False,False,False,False
D0__CAL_R1_K125,D0,125,CAL,R1,717,PC+HCOO__0035,PC 14:0_18:3,PC,4.623734016509386e-08,,NOT_COMPUTED,False,False,False,False
D0__CAL_R1_K125,D0,125,CAL,R1,718,PC+HCOO__0041,PC 14:0_20:5,PC,0.0018786670642162774,3.040263883007579e-21,COMPUTED,True,False,False,False
D0__CAL_R1_K125,D0,125,CAL,R1,719,PC+HCOO__0056,PC 16:0_16:0,PC,1.7293758353032933e-06,,NOT_COMPUTED,False,False,False,False
D0__CAL_R1_K125,D0,125,CAL,R1,720,PC+HCOO__0057,PC 16:0_16:1,PC,0.0,,NOT_COMPUTED,False,False,False,False
D0__CAL_R1_K125,D0,125,CAL,R1,721,PC+HCOO__0082,PC 16:1_16:1,PC,1.5104800586554184e-08,,NOT_COMPUTED,False,False,False,False
D0__CAL_R1_K125,D0,125,CAL,R1,722,PC+HCOO__0411,PC 13:0_18:0,PC,0.0,,NOT_COMPUTED,False,False,False,False
D0__CAL_R1_K125,D0,125,CAL,R1,723,PC+HCOO__0412,PC 13:0_18:1,PC,1.0739108717519843e-07,,NOT_COMPUTED,False,False,False,False
D0__CAL_R1_K125,D0,125,CAL,R1,724,PC+HCOO__0413,PC 13:0_18:2,PC,0.0,,NOT_COMPUTED,False,False,False,False
D0__CAL_R1_K125,D0,125,CAL,R1,725,PC+HCOO__0414,PC 13:0_18:3,PC,1.349859069022535e-07,,NOT_COMPUTED,False,False,False,False
D0__CAL_R1_K125,D0,125,CAL,R1,726,PC+HCOO__0415,PC 13:0_20:0,PC,0.00044487310366640427,,NOT_COMPUTED,False,False,False,False
D0__CAL_R1_K125,D0,125,CAL,R1,727,PC+HCOO__0416,PC 13:0_20:1,PC,0.006155039741092405,2.050551362642455e-06,COMPUTED,True,True,True,True
D0__CAL_R1_K125,D0,125,CAL,R1,728,PC+HCOO__0417,PC 13:0_20:2,PC,0.0007176024052243449,,NOT_COMPUTED,False,False,False,False
D0__CAL_R1_K125,D0,125,CAL,R1,729,PC+HCOO__0418,PC 13:0_20:3,PC,0.0,,NOT_COMPUTED,False,False,False,False
D0__CAL_R1_K125,D0,125,CAL,R1,730,PC+HCOO__0419,PC 13:0_20:4,PC,1.2256936660415858e-05,,NOT_COMPUTED,False,False,False,False
D0__CAL_R1_K125,D0,125,CAL,R1,731,PC+HCOO__0420,PC 13:0_20:5,PC,9.126885089585357e-06,,NOT_COMPUTED,False,False,False,False
D0__CAL_R1_K125,D0,125,CAL,R1,732,PC+HCOO__0431,PC 15:0_16:0,PC,4.655837358999427e-09,,NOT_COMPUTED,False,False,False,False
D0__CAL_R1_K125,D0,125,CAL,R1,733,PC+HCOO__0432,PC 15:0_16:1,PC,0.0,,NOT_COMPUTED,False,False,False,False
D0__CAL_R1_K125,D0,125,CAL,R1,734,PC+HCOO__0433,PC 15:0_18:0,PC,1.207454368411999e-07,,NOT_COMPUTED,False,False,False,False
D0__CAL_R1_K125,D0,125,CAL,R1,735,PC+HCOO__0434,PC 15:0_18:1,PC,0.0,,NOT_COMPUTED,False,False,False,False
D0__CAL_R1_K125,D0,125,CAL,R1,736,PC+HCOO__0435,PC 15:0_18:2,PC,0.00013632676364234278,,NOT_COMPUTED,False,False,False,False
D0__CAL_R1_K125,D0,125,CAL,R1,737,PC+HCOO__0436,PC 15:0_18:3,PC,0.0,,NOT_COMPUTED,False,False,False,False
D0__CAL_R1_K125,D0,125,CAL,R1,738,PC+HCOO__0452,PC 14:0_17:0,PC,0.00033931378645999136,,NOT_COMPUTED,False,False,False,False
D0__CAL_R1_K125,D0,125,CAL,R1,739,PC+HCOO__0453,PC 16:0_17:0,PC,1.9615334141416292e-05,,NOT_COMPUTED,False,False,False,False
D0__CAL_R1_K125,D0,125,CAL,R1,740,PC+HCOO__0454,PC 17:0_16:1,PC,0.0007816581822512814,,NOT_COMPUTED,False,False,False,False
D0__CAL_R1_K125,D0,125,CAL,R1,741,PC+HCOO__0474,PC 14:0_17:1,PC,0.00042040077086461544,,NOT_COMPUTED,False,False,False,False
D0__CAL_R1_K125,D0,125,CAL,R1,742,PC+HCOO__0475,PC 16:0_17:1,PC,0.0003997291206098165,,NOT_COMPUTED,False,False,False,False
D0__CAL_R1_K125,D0,125,CAL,R1,743,PC+HCOO__0476,PC 16:1_17:1,PC,0.01458096759645881,7.944963460147845e-05,COMPUTED,True,True,True,True
D0__CAL_R1_K125,D0,125,CAL,R1,744,PC+HCOO__0497,PC 13:0_17:0,PC,0.000529675764844722,,NOT_COMPUTED,False,False,False,False
D0__CAL_R1_K125,D0,125,CAL,R1,745,PC+HCOO__0498,PC 13:0_17:1,PC,0.0008771953419601888,,NOT_COMPUTED,False,False,False,False
D0__CAL_R1_K125,D0,125,CAL,R1,746,PC+HCOO__0499,PC 15:0_15:0,PC,1.5426049185886993e-07,,NOT_COMPUTED,False,False,False,False
D0__CAL_R1_K125,D0,125,CAL,R1,747,PC+HCOO__0500,PC 15:0_17:0,PC,0.0010247455854816116,0.0,COMPUTED,True,False,False,False
D0__CAL_R1_K125,D0,125,CAL,R1,748,PC+HCOO__0501,PC 15:0_17:1,PC,0.0,,NOT_COMPUTED,False,False,False,False
D0__CAL_R1_K125,D0,125,CAL,R1,749,PCO+HCOO__0009,PC O-12:0_20:0,PC,5.788784681296601e-05,,NOT_COMPUTED,False,False,False,False
D0__CAL_R1_K125,D0,125,CAL,R1,750,PCO+HCOO__0010,PC O-12:0_20:1,PC,1.6296346039989686e-07,,NOT_COMPUTED,False,False,False,False
D0__CAL_R1_K125,D0,125,CAL,R1,751,PCO+HCOO__0011,PC O-12:0_20:2,PC,0.0,,NOT_COMPUTED,False,False,False,False
D0__CAL_R1_K125,D0,125,CAL,R1,752,PCO+HCOO__0012,PC O-12:0_20:3,PC,9.236803956390923e-10,,NOT_COMPUTED,False,False,False,False
D0__CAL_R1_K125,D0,125,CAL,R1,753,PCO+HCOO__0013,PC O-12:0_20:4,PC,1.3701979099253396e-05,,NOT_COMPUTED,False,False,False,False
D0__CAL_R1_K125,D0,125,CAL,R1,754,PCO+HCOO__0014,PC O-12:0_20:5,PC,0.0,,NOT_COMPUTED,False,False,False,False
D0__CAL_R1_K125,D0,125,CAL,R1,755,PCO+HCOO__0015,PC O-12:0_22:0,PC,0.0,,NOT_COMPUTED,False,False,False,False
D0__CAL_R1_K125,D0,125,CAL,R1,756,PCO+HCOO__0016,PC O-12:0_22:1,PC,1.9585508784246177e-06,,NOT_COMPUTED,False,False,False,False
D0__CAL_R1_K125,D0,125,CAL,R1,757,PCO+HCOO__0017,PC O-12:0_22:2,PC,0.0,,NOT_COMPUTED,False,False,False,False
D0__CAL_R1_K125,D0,125,CAL,R1,758,PCO+HCOO__0018,PC O-12:0_22:3,PC,0.0,,NOT_COMPUTED,False,False,False,False
D0__CAL_R1_K125,D0,125,CAL,R1,759,PCO+HCOO__0019,PC O-12:0_22:4,PC,1.5467246408660905e-07,,NOT_COMPUTED,False,False,False,False
D0__CAL_R1_K125,D0,125,CAL,R1,760,PCO+HCOO__0020,PC O-12:0_22:5,PC,0.0,,NOT_COMPUTED,False,False,False,False
D0__CAL_R1_K125,D0,125,CAL,R1,761,PCO+HCOO__0021,PC O-12:0_22:6,PC,0.0,,NOT_COMPUTED,False,False,False,False
D0__CAL_R1_K125,D0,125,CAL,R1,762,PCO+HCOO__0032,PC O-14:0_18:0,PC,0.0001455515320051495,,NOT_COMPUTED,False,False,False,False
D0__CAL_R1_K125,D0,125,CAL,R1,763,PCO+HCOO__0033,PC O-14:0_18:1,PC,3.422223467323001e-07,,NOT_COMPUTED,False,False,False,False
D0__CAL_R1_K125,D0,125,CAL,R1,764,PCO+HCOO__0034,PC O-14:0_18:2,PC,2.8951601086193437e-07,,NOT_COMPUTED,False,False,False,False
D0__CAL_R1_K125,D0,125,CAL,R1,765,PCO+HCOO__0035,PC O-14:0_18:3,PC,6.377005952791996e-08,,NOT_COMPUTED,False,False,False,False
D0__CAL_R1_K125,D0,125,CAL,R1,766,PCO+HCOO__0036,PC O-14:0_20:0,PC,6.27567844312056e-05,,NOT_COMPUTED,False,False,False,False
D0__CAL_R1_K125,D0,125,CAL,R1,767,PCO+HCOO__0037,PC O-14:0_20:1,PC,0.0031005752900714555,1.4954240937064038e-25,COMPUTED,True,False,False,False
D0__CAL_R1_K125,D0,125,CAL,R1,768,PCO+HCOO__0038,PC O-14:0_20:2,PC,5.339796700346512e-07,,NOT_COMPUTED,False,False,False,False
D0__CAL_R1_K125,D0,125,CAL,R1,769,PCO+HCOO__0039,PC O-14:0_20:3,PC,0.0,,NOT_COMPUTED,False,False,False,False
D0__CAL_R1_K125,D0,125,CAL,R1,770,PCO+HCOO__0040,PC O-14:0_20:4,PC,9.358736083747012e-06,,NOT_COMPUTED,False,False,False,False
D0__CAL_R1_K125,D0,125,CAL,R1,771,PCO+HCOO__0041,PC O-14:0_20:5,PC,0.0,,NOT_COMPUTED,False,False,False,False
D0__CAL_R1_K125,D0,125,CAL,R1,772,PCO+HCOO__0056,PC O-16:0_16:0,PC,0.0,,NOT_COMPUTED,False,False,False,False
D0__CAL_R1_K125,D0,125,CAL,R1,773,PCO+HCOO__0057,PC O-16:0_16:1,PC,0.0,,NOT_COMPUTED,False,False,False,False
D0__CAL_R1_K125,D0,125,CAL,R1,774,PCO+HCOO__0058,PC O-16:0_18:0,PC,0.0,,NOT_COMPUTED,False,False,False,False
D0__CAL_R1_K125,D0,125,CAL,R1,775,PCO+HCOO__0059,PC O-16:0_18:1,PC,0.0029893990681989584,0.0,COMPUTED,True,False,False,False
D0__CAL_R1_K125,D0,125,CAL,R1,776,PCO+HCOO__0060,PC O-16:0_18:2,PC,0.001425799932773862,7.750273470262093e-24,COMPUTED,True,False,False,False
D0__CAL_R1_K125,D0,125,CAL,R1,777,PCO+HCOO__0061,PC O-16:0_18:3,PC,0.01966707048541937,1.0474993679961419e-05,COMPUTED,True,True,True,True
D0__CAL_R1_K125,D0,125,CAL,R1,778,PCO+HCOO__0082,PC O-16:1_16:1,PC,7.658194341351632e-11,,NOT_COMPUTED,False,False,False,False
D0__CAL_R1_K125,D0,125,CAL,R1,779,PCO+HCOO__0083,PC O-16:1_18:0,PC,0.006741938722632176,1.6182328475548075e-06,COMPUTED,True,True,True,True
D0__CAL_R1_K125,D0,125,CAL,R1,780,PCO+HCOO__0084,PC O-16:1_18:1,PC,0.0013755850789695689,2.2452913071580184e-26,COMPUTED,True,False,False,False
D0__CAL_R1_K125,D0,125,CAL,R1,781,PCO+HCOO__0085,PC O-16:1_18:2,PC,0.015728665385126656,0.0,COMPUTED,True,False,False,False
D0__CAL_R1_K125,D0,125,CAL,R1,782,PCO+HCOO__0086,PC O-16:1_18:3,PC,0.0,,NOT_COMPUTED,False,False,False,False
D0__CAL_R1_K125,D0,125,CAL,R1,783,PCO+HCOO__0411,PC O-13:0_18:0,PC,0.0,,NOT_COMPUTED,False,False,False,False
D0__CAL_R1_K125,D0,125,CAL,R1,784,PCO+HCOO__0412,PC O-13:0_18:1,PC,2.3317379799991364e-05,,NOT_COMPUTED,False,False,False,False
D0__CAL_R1_K125,D0,125,CAL,R1,785,PCO+HCOO__0415,PC O-13:0_20:0,PC,0.00017053526516090767,,NOT_COMPUTED,False,False,False,False
D0__CAL_R1_K125,D0,125,CAL,R1,786,PCO+HCOO__0416,PC O-13:0_20:1,PC,3.816229133200363e-06,,NOT_COMPUTED,False,False,False,False
D0__CAL_R1_K125,D0,125,CAL,R1,787,PCO+HCOO__0417,PC O-13:0_20:2,PC,4.239956198313621e-06,,NOT_COMPUTED,False,False,False,False
D0__CAL_R1_K125,D0,125,CAL,R1,788,PCO+HCOO__0418,PC O-13:0_20:3,PC,0.0,,NOT_COMPUTED,False,False,False,False
D0__CAL_R1_K125,D0,125,CAL,R1,789,PCO+HCOO__0419,PC O-13:0_20:4,PC,1.3178020277543198e-05,,NOT_COMPUTED,False,False,False,False
D0__CAL_R1_K125,D0,125,CAL,R1,790,PCO+HCOO__0420,PC O-13:0_20:5,PC,1.1057729960551744e-05,,NOT_COMPUTED,False,False,False,False
D0__CAL_R1_K125,D0,125,CAL,R1,791,PCO+HCOO__0426,PC O-13:0_22:5,PC,0.0,,NOT_COMPUTED,False,False,False,False
D0__CAL_R1_K125,D0,125,CAL,R1,792,PCO+HCOO__0427,PC O-13:0_22:6,PC,0.0,,NOT_COMPUTED,False,False,False,False
D0__CAL_R1_K125,D0,125,CAL,R1,793,PCO+HCOO__0431,PC O-15:0_16:0,PC,6.027124506817922e-08,,NOT_COMPUTED,False,False,False,False
D0__CAL_R1_K125,D0,125,CAL,R1,794,PCO+HCOO__0432,PC O-15:0_16:1,PC,1.461348190928752e-08,,NOT_COMPUTED,False,False,False,False
D0__CAL_R1_K125,D0,125,CAL,R1,795,PCO+HCOO__0433,PC O-15:0_18:0,PC,0.0,,NOT_COMPUTED,False,False,False,False
D0__CAL_R1_K125,D0,125,CAL,R1,796,PCO+HCOO__0434,PC O-15:0_18:1,PC,2.1924603419382145e-05,,NOT_COMPUTED,False,False,False,False
D0__CAL_R1_K125,D0,125,CAL,R1,797,PCO+HCOO__0435,PC O-15:0_18:2,PC,0.0,,NOT_COMPUTED,False,False,False,False
D0__CAL_R1_K125,D0,125,CAL,R1,798,PCO+HCOO__0436,PC O-15:0_18:3,PC,1.3737109417230214e-07,,NOT_COMPUTED,False,False,False,False
D0__CAL_R1_K125,D0,125,CAL,R1,799,PCO+HCOO__0442,PC O-15:0_20:5,PC,0.0,,NOT_COMPUTED,False,False,False,False
D0__CAL_R1_K125,D0,125,CAL,R1,800,PCO+HCOO__0452,PC O-14:0_17:0,PC,0.0008737628068293154,,NOT_COMPUTED,False,False,False,False
D0__CAL_R1_K125,D0,125,CAL,R1,801,PCO+HCOO__0453,PC O-16:0_17:0,PC,4.4743304575506524e-07,,NOT_COMPUTED,False,False,False,False
D0__CAL_R1_K125,D0,125,CAL,R1,802,PCO+HCOO__0454,PC O-16:1_17:0,PC,3.7963451770468704e-07,,NOT_COMPUTED,False,False,False,False
D0__CAL_R1_K125,D0,125,CAL,R1,803,PCO+HCOO__0474,PC O-14:0_17:1,PC,2.2376861015653369e-07,,NOT_COMPUTED,False,False,False,False
D0__CAL_R1_K125,D0,125,CAL,R1,804,PCO+HCOO__0475,PC O-16:0_17:1,PC,0.0,,NOT_COMPUTED,False,False,False,False
D0__CAL_R1_K125,D0,125,CAL,R1,805,PCO+HCOO__0476,PC O-16:1_17:1,PC,0.0,,NOT_COMPUTED,False,False,False,False
D0__CAL_R1_K125,D0,125,CAL,R1,806,PCO+HCOO__0500,PC O-15:0_17:0,PC,1.3678481890789681e-05,,NOT_COMPUTED,False,False,False,False
D0__CAL_R1_K125,D0,125,CAL,R1,807,PCO+HCOO__0501,PC O-15:0_17:1,PC,3.235783286207446e-07,,NOT_COMPUTED,False,False,False,False
D0__CAL_R1_K125,D0,125,CAL,R1,808,PCO+HCOO__0502,PC O-17:0_17:0,PC,0.0,,NOT_COMPUTED,False,False,False,False
D0__CAL_R1_K125,D0,125,CAL,R1,809,PCO+HCOO__0503,PC O-17:0_17:1,PC,0.0004823239859101532,,NOT_COMPUTED,False,False,False,False
D0__CAL_R1_K125,D0,125,CAL,R1,810,PCO+HCOO__0504,PC O-17:1_17:1,PC,0.004903182947738165,4.2548395203969944e-07,COMPUTED,True,True,True,True
D0__CAL_R1_K125,D0,125,CAL,R1,811,PC+CH3COO__0005,PC 12:0_18:0,PC,0.0,,NOT_COMPUTED,False,False,False,False
D0__CAL_R1_K125,D0,125,CAL,R1,812,PC+CH3COO__0006,PC 12:0_18:1,PC,0.0,,NOT_COMPUTED,False,False,False,False
D0__CAL_R1_K125,D0,125,CAL,R1,813,PC+CH3COO__0007,PC 12:0_18:2,PC,1.5105180306478592e-07,,NOT_COMPUTED,False,False,False,False
D0__CAL_R1_K125,D0,125,CAL,R1,814,PC+CH3COO__0008,PC 12:0_18:3,PC,0.00017102638276251286,,NOT_COMPUTED,False,False,False,False
D0__CAL_R1_K125,D0,125,CAL,R1,815,PC+CH3COO__0009,PC 12:0_20:0,PC,0.0,,NOT_COMPUTED,False,False,False,False
D0__CAL_R1_K125,D0,125,CAL,R1,816,PC+CH3COO__0010,PC 12:0_20:1,PC,0.0,,NOT_COMPUTED,False,False,False,False
D0__CAL_R1_K125,D0,125,CAL,R1,817,PC+CH3COO__0011,PC 12:0_20:2,PC,0.0,,NOT_COMPUTED,False,False,False,False
D0__CAL_R1_K125,D0,125,CAL,R1,818,PC+CH3COO__0012,PC 12:0_20:3,PC,5.4826290329159124e-05,,NOT_COMPUTED,False,False,False,False
D0__CAL_R1_K125,D0,125,CAL,R1,819,PC+CH3COO__0013,PC 12:0_20:4,PC,5.9462415580858715e-05,,NOT_COMPUTED,False,False,False,False
D0__CAL_R1_K125,D0,125,CAL,R1,820,PC+CH3COO__0014,PC 12:0_20:5,PC,1.1442397009803274e-05,,NOT_COMPUTED,False,False,False,False
D0__CAL_R1_K125,D0,125,CAL,R1,821,PC+CH3COO__0030,PC 14:0_16:0,PC,0.0,,NOT_COMPUTED,False,False,False,False
D0__CAL_R1_K125,D0,125,CAL,R1,822,PC+CH3COO__0031,PC 14:0_16:1,PC,3.2089693306737177e-06,,NOT_COMPUTED,False,False,False,False
D0__CAL_R1_K125,D0,125,CAL,R1,823,PC+CH3COO__0032,PC 14:0_18:0,PC,0.0,,NOT_COMPUTED,False,False,False,False
D0__CAL_R1_K125,D0,125,CAL,R1,824,PC+CH3COO__0033,PC 14:0_18:1,PC,0.0,,NOT_COMPUTED,False,False,False,False
D0__CAL_R1_K125,D0,125,CAL,R1,825,PC+CH3COO__0034,PC 14:0_18:2,PC,0.0,,NOT_COMPUTED,False,False,False,False
D0__CAL_R1_K125,D0,125,CAL,R1,826,PC+CH3COO__0035,PC 14:0_18:3,PC,3.5292218312513923e-06,,NOT_COMPUTED,False,False,False,False
D0__CAL_R1_K125,D0,125,CAL,R1,827,PC+CH3COO__0056,PC 16:0_16:0,PC,8.132603181664967e-07,,NOT_COMPUTED,False,False,False,False
D0__CAL_R1_K125,D0,125,CAL,R1,828,PC+CH3COO__0057,PC 16:0_16:1,PC,1.0415882787059535e-05,,NOT_COMPUTED,False,False,False,False
D0__CAL_R1_K125,D0,125,CAL,R1,829,PC+CH3COO__0082,PC 16:1_16:1,PC,5.044962278335306e-05,,NOT_COMPUTED,False,False,False,False
D0__CAL_R1_K125,D0,125,CAL,R1,830,PC+CH3COO__0409,PC 13:0_16:0,PC,0.0,,NOT_COMPUTED,False,False,False,False
D0__CAL_R1_K125,D0,125,CAL,R1,831,PC+CH3COO__0410,PC 13:0_16:1,PC,0.003037142220003355,2.5989345964524793e-30,COMPUTED,True,False,False,False
D0__CAL_R1_K125,D0,125,CAL,R1,832,PC+CH3COO__0411,PC 13:0_18:0,PC,0.0,,NOT_COMPUTED,False,False,False,False
D0__CAL_R1_K125,D0,125,CAL,R1,833,PC+CH3COO__0412,PC 13:0_18:1,PC,0.0,,NOT_COMPUTED,False,False,False,False
D0__CAL_R1_K125,D0,125,CAL,R1,834,PC+CH3COO__0413,PC 13:0_18:2,PC,0.0,,NOT_COMPUTED,False,False,False,False
D0__CAL_R1_K125,D0,125,CAL,R1,835,PC+CH3COO__0414,PC 13:0_18:3,PC,2.3863129296940062e-05,,NOT_COMPUTED,False,False,False,False
D0__CAL_R1_K125,D0,125,CAL,R1,836,PC+CH3COO__0420,PC 13:0_20:5,PC,1.1396582713000218e-05,,NOT_COMPUTED,False,False,False,False
D0__CAL_R1_K125,D0,125,CAL,R1,837,PC+CH3COO__0430,PC 14:0_15:0,PC,0.00032194345171424716,,NOT_COMPUTED,False,False,False,False
D0__CAL_R1_K125,D0,125,CAL,R1,838,PC+CH3COO__0431,PC 15:0_16:0,PC,0.0,,NOT_COMPUTED,False,False,False,False
D0__CAL_R1_K125,D0,125,CAL,R1,839,PC+CH3COO__0432,PC 15:0_16:1,PC,1.0754611464463705e-08,,NOT_COMPUTED,False,False,False,False
D0__CAL_R1_K125,D0,125,CAL,R1,840,PC+CH3COO__0451,PC 12:0_17:0,PC,8.204798516793982e-05,,NOT_COMPUTED,False,False,False,False
D0__CAL_R1_K125,D0,125,CAL,R1,841,PC+CH3COO__0452,PC 14:0_17:0,PC,0.0,,NOT_COMPUTED,False,False,False,False
D0__CAL_R1_K125,D0,125,CAL,R1,842,PC+CH3COO__0473,PC 12:0_17:1,PC,0.02136851614075066,0.00011459787258169631,COMPUTED,True,True,True,True
D0__CAL_R1_K125,D0,125,CAL,R1,843,PC+CH3COO__0474,PC 14:0_17:1,PC,0.0,,NOT_COMPUTED,False,False,False,False
D0__CAL_R1_K125,D0,125,CAL,R1,844,PC+CH3COO__0497,PC 13:0_17:0,PC,0.0,,NOT_COMPUTED,False,False,False,False
D0__CAL_R1_K125,D0,125,CAL,R1,845,PC+CH3COO__0498,PC 13:0_17:1,PC,0.0,,NOT_COMPUTED,False,False,False,False
D0__CAL_R1_K125,D0,125,CAL,R1,846,PC+CH3COO__0499,PC 15:0_15:0,PC,3.6068442868195512e-06,,NOT_COMPUTED,False,False,False,False
D0__CAL_R1_K125,D0,125,CAL,R1,847,PC+CH3COO__0500,PC 15:0_17:0,PC,0.0,,NOT_COMPUTED,False,False,False,False
D0__CAL_R1_K125,D0,125,CAL,R1,848,PC+CH3COO__0501,PC 15:0_17:1,PC,0.0,,NOT_COMPUTED,False,False,False,False
D0__CAL_R1_K125,D0,125,CAL,R1,849,PCO+CH3COO__0005,PC O-12:0_18:0,PC,0.0,,NOT_COMPUTED,False,False,False,False
D0__CAL_R1_K125,D0,125,CAL,R1,850,PCO+CH3COO__0006,PC O-12:0_18:1,PC,0.011517008506958746,6.202788375540837e-06,COMPUTED,True,True,True,True
D0__CAL_R1_K125,D0,125,CAL,R1,851,PCO+CH3COO__0009,PC O-12:0_20:0,PC,0.0,,NOT_COMPUTED,False,False,False,False
D0__CAL_R1_K125,D0,125,CAL,R1,852,PCO+CH3COO__0010,PC O-12:0_20:1,PC,0.0,,NOT_COMPUTED,False,False,False,False
D0__CAL_R1_K125,D0,125,CAL,R1,853,PCO+CH3COO__0011,PC O-12:0_20:2,PC,0.0,,NOT_COMPUTED,False,False,False,False
D0__CAL_R1_K125,D0,125,CAL,R1,854,PCO+CH3COO__0012,PC O-12:0_20:3,PC,0.0,,NOT_COMPUTED,False,False,False,False
D0__CAL_R1_K125,D0,125,CAL,R1,855,PCO+CH3COO__0013,PC O-12:0_20:4,PC,1.0300974608176621e-05,,NOT_COMPUTED,False,False,False,False
D0__CAL_R1_K125,D0,125,CAL,R1,856,PCO+CH3COO__0014,PC O-12:0_20:5,PC,1.8896257500006106e-05,,NOT_COMPUTED,False,False,False,False
D0__CAL_R1_K125,D0,125,CAL,R1,857,PCO+CH3COO__0020,PC O-12:0_22:5,PC,1.704155023400814e-05,,NOT_COMPUTED,False,False,False,False
D0__CAL_R1_K125,D0,125,CAL,R1,858,PCO+CH3COO__0021,PC O-12:0_22:6,PC,0.0,,NOT_COMPUTED,False,False,False,False
D0__CAL_R1_K125,D0,125,CAL,R1,859,PCO+CH3COO__0030,PC O-14:0_16:0,PC,3.1156963015000477e-06,,NOT_COMPUTED,False,False,False,False
D0__CAL_R1_K125,D0,125,CAL,R1,860,PCO+CH3COO__0031,PC O-14:0_16:1,PC,0.015255544853310685,8.638346107542253e-06,COMPUTED,True,True,True,True
D0__CAL_R1_K125,D0,125,CAL,R1,861,PCO+CH3COO__0032,PC O-14:0_18:0,PC,0.0,,NOT_COMPUTED,False,False,False,False
D0__CAL_R1_K125,D0,125,CAL,R1,862,PCO+CH3COO__0033,PC O-14:0_18:1,PC,0.0,,NOT_COMPUTED,False,False,False,False
D0__CAL_R1_K125,D0,125,CAL,R1,863,PCO+CH3COO__0034,PC O-14:0_18:2,PC,5.624503601150024e-09,,NOT_COMPUTED,False,False,False,False
D0__CAL_R1_K125,D0,125,CAL,R1,864,PCO+CH3COO__0035,PC O-14:0_18:3,PC,1.1720770743656084e-05,,NOT_COMPUTED,False,False,False,False
D0__CAL_R1_K125,D0,125,CAL,R1,865,PCO+CH3COO__0041,PC O-14:0_20:5,PC,1.5288430679000475e-05,,NOT_COMPUTED,False,False,False,False
D0__CAL_R1_K125,D0,125,CAL,R1,866,PCO+CH3COO__0056,PC O-16:0_16:0,PC,1.8015558287185113e-06,,NOT_COMPUTED,False,False,False,False
D0__CAL_R1_K125,D0,125,CAL,R1,867,PCO+CH3COO__0057,PC O-16:0_16:1,PC,5.016946117077586e-08,,NOT_COMPUTED,False,False,False,False
D0__CAL_R1_K125,D0,125,CAL,R1,868,PCO+CH3COO__0082,PC O-16:1_16:1,PC,4.7615487626110576e-05,,NOT_COMPUTED,False,False,False,False
D0__CAL_R1_K125,D0,125,CAL,R1,869,PCO+CH3COO__0411,PC O-13:0_18:0,PC,0.0,,NOT_COMPUTED,False,False,False,False
D0__CAL_R1_K125,D0,125,CAL,R1,870,PCO+CH3COO__0412,PC O-13:0_18:1,PC,0.0,,NOT_COMPUTED,False,False,False,False
D0__CAL_R1_K125,D0,125,CAL,R1,871,PCO+CH3COO__0413,PC O-13:0_18:2,PC,0.0,,NOT_COMPUTED,False,False,False,False
D0__CAL_R1_K125,D0,125,CAL,R1,872,PCO+CH3COO__0414,PC O-13:0_18:3,PC,0.030688770365543128,0.00012804724263120826,COMPUTED,True,True,True,True
D0__CAL_R1_K125,D0,125,CAL,R1,873,PCO+CH3COO__0415,PC O-13:0_20:0,PC,0.0,,NOT_COMPUTED,False,False,False,False
D0__CAL_R1_K125,D0,125,CAL,R1,874,PCO+CH3COO__0416,PC O-13:0_20:1,PC,0.0,,NOT_COMPUTED,False,False,False,False
D0__CAL_R1_K125,D0,125,CAL,R1,875,PCO+CH3COO__0417,PC O-13:0_20:2,PC,1.967967196173374e-06,,NOT_COMPUTED,False,False,False,False
D0__CAL_R1_K125,D0,125,CAL,R1,876,PCO+CH3COO__0418,PC O-13:0_20:3,PC,0.0,,NOT_COMPUTED,False,False,False,False
D0__CAL_R1_K125,D0,125,CAL,R1,877,PCO+CH3COO__0419,PC O-13:0_20:4,PC,0.00011874792088251545,,NOT_COMPUTED,False,False,False,False
D0__CAL_R1_K125,D0,125,CAL,R1,878,PCO+CH3COO__0420,PC O-13:0_20:5,PC,5.943552397755188e-05,,NOT_COMPUTED,False,False,False,False
D0__CAL_R1_K125,D0,125,CAL,R1,879,PCO+CH3COO__0431,PC O-15:0_16:0,PC,0.0,,NOT_COMPUTED,False,False,False,False
D0__CAL_R1_K125,D0,125,CAL,R1,880,PCO+CH3COO__0432,PC O-15:0_16:1,PC,9.945414347559178e-08,,NOT_COMPUTED,False,False,False,False
D0__CAL_R1_K125,D0,125,CAL,R1,881,PCO+CH3COO__0433,PC O-15:0_18:0,PC,0.0,,NOT_COMPUTED,False,False,False,False
D0__CAL_R1_K125,D0,125,CAL,R1,882,PCO+CH3COO__0434,PC O-15:0_18:1,PC,2.247671801560622e-06,,NOT_COMPUTED,False,False,False,False
D0__CAL_R1_K125,D0,125,CAL,R1,883,PCO+CH3COO__0435,PC O-15:0_18:2,PC,0.0,,NOT_COMPUTED,False,False,False,False
D0__CAL_R1_K125,D0,125,CAL,R1,884,PCO+CH3COO__0436,PC O-15:0_18:3,PC,0.0,,NOT_COMPUTED,False,False,False,False
D0__CAL_R1_K125,D0,125,CAL,R1,885,PCO+CH3COO__0452,PC O-14:0_17:0,PC,0.0,,NOT_COMPUTED,False,False,False,False
D0__CAL_R1_K125,D0,125,CAL,R1,886,PCO+CH3COO__0453,PC O-16:0_17:0,PC,3.703388273977075e-08,,NOT_COMPUTED,False,False,False,False
D0__CAL_R1_K125,D0,125,CAL,R1,887,PCO+CH3COO__0454,PC O-16:1_17:0,PC,0.0,,NOT_COMPUTED,False,False,False,False
D0__CAL_R1_K125,D0,125,CAL,R1,888,PCO+CH3COO__0474,PC O-14:0_17:1,PC,4.5649469161021916e-07,,NOT_COMPUTED,False,False,False,False
D0__CAL_R1_K125,D0,125,CAL,R1,889,PCO+CH3COO__0475,PC O-16:0_17:1,PC,2.4222546377220848e-08,,NOT_COMPUTED,False,False,False,False
D0__CAL_R1_K125,D0,125,CAL,R1,890,PCO+CH3COO__0476,PC O-16:1_17:1,PC,1.5622051781526332e-06,,NOT_COMPUTED,False,False,False,False
D0__CAL_R1_K125,D0,125,CAL,R1,891,PCO+CH3COO__0497,PC O-13:0_17:0,PC,0.0,,NOT_COMPUTED,False,False,False,False
D0__CAL_R1_K125,D0,125,CAL,R1,892,PCO+CH3COO__0498,PC O-13:0_17:1,PC,0.023107564908128302,1.9556525321917867e-05,COMPUTED,True,True,True,True
D0__CAL_R1_K125,D0,125,CAL,R1,893,PCO+CH3COO__0499,PC O-15:0_15:0,PC,0.00013832438919548335,,NOT_COMPUTED,False,False,False,False
D0__CAL_R1_K125,D0,125,CAL,R1,894,PCO+CH3COO__0500,PC O-15:0_17:0,PC,0.0,,NOT_COMPUTED,False,False,False,False
D0__CAL_R1_K125,D0,125,CAL,R1,895,PCO+CH3COO__0501,PC O-15:0_17:1,PC,1.378485968227731e-07,,NOT_COMPUTED,False,False,False,False
